:020000040800F2
:100000000000022061CB000879F50008FDF500082A
:1000100011F6000831F6000839F60008000000006B
:1000200000000000000000000000000061CC00089B
:1000300041F6000800000000F1CC000845F6000879
:10004000B5CB0008B5CB0008B5CB0008B5CB000890
:10005000B5CB0008B5CB0008711202089112020856
:10006000B1120208D1120208F112020849F6000882
:10007000B5CB000855F60008B5CB000861F60008BE
:100080006DF6000879F60008B5CB000891F6000877
:100090009DF60008A9F60008B5F60008111302083D
:1000A000B5CB0008B5CB0008B5CB0008B5CB000830
:1000B000B5CB0008B5CB0008B5CB000835DB000890
:1000C00041DB0008B5CB0008B5CB0008B5CB000874
:1000D000B5CB0008B5CB0008C1F60008B5CB0008C9
:1000E00095130208B5CB0008B5CB0008B5CB0008C6
:1000F000A9D80008CDF60008B5CB000885F60008A1
:10010000B5CB0008B5CB00089DD80008E9F600087B
:10011000F5F60008B5CB0008B5CB0008B5CB000854
:10012000B5CB0008B5CB0008B5CB0008B5CB0008AF
:10013000B5CB00080000000000000000B5CB0008AF
:10014000B5CB0008B5CB0008B5CB00084DDB0008E7
:10015000B5CB0008B5CB0008B5CB0008B5CB00087F
:10016000B5CB0008B5CB0008B5CB0008B5CB00086F
:10017000B5CB000851D900080000000000000000C5
:08018000B5CB0008B5CB000867
:1001C0000348044B834202D0034B03B118477047E6
:1001D000A80C0020A80C0020000000000548064BD9
:1001E0001B1AD90F01EBA301491002D0034B03B135
:1001F00018477047A80C0020A80C00200000000041
:1002000010B5064C237843B9FFF7DAFF044B13B15E
:100210000448AFF300800123237010BDA80C002018
:10022000000000009C8F030808B5044B1BB1044973
:100230000448AFF30080BDE80840CFE700000000AD
:10024000AC0C00209C8F030810EE103AC3F3C75289
:100250007F3A162A194615DC002A0CDB0C4810419F
:10026000184205D04FF4800313410B4423EA0003E6
:1002700000EE103A7047013203F00043F8D143F02A
:100280007E53F5E7802AF3D130EE000A704700BFB5
:10029000FFFF7F0010EE102AC2F3C7537F3B162BDF
:1002A00022F0004129DC002B104618DB1A491941C5
:1002B0000A4221D0DFED197A70EE277AF5EEC07A86
:1002C000F1EE10FA18DD002A04DA4FF4000242FAC7
:1002D00003F3184420EA010300EE103A7047DFED03
:1002E0000F7A70EE277AF5EEC07AF1EE10FA03DDA0
:1002F000002A08DB9FED0A0A7047B1F1FF4FFBD3DC
:1003000030EE000A7047DFED077A0029BFEE000AE1
:1003100008BFB0EE670A7047FFFF7F00CAF249715D
:10032000000000000000008010B4044C03460A46A0
:1003300020685DF8044B194601F0F4BF1802002054
:1003400000B5054B83B0014601AA186801F0EAFF29
:1003500003B05DF804FB00BF18020020000000009D
:10036000000000000000000000000000000000008D
:10037000000000000000000000000000000000007D
:1003800030B490F800F020F007016FF0000C10F08E
:10039000070491F820F040F048804FF000046FF01F
:1003A0000700D1E9002391F840F000F1080082FA3B
:1003B0004CF2A4FA8CF283FA4CF3A2FA8CF34BBB06
:1003C000D1E9022382FA4CF200F10800A4FA8CF27F
:1003D00083FA4CF3A2FA8CF3E3B9D1E9042382FA4D
:1003E0004CF200F10800A4FA8CF283FA4CF3A2FA62
:1003F0008CF37BB9D1E9062301F1200182FA4CF29A
:1004000000F10800A4FA8CF283FA4CF3A2FA8CF300
:10041000002BC6D0002A04BF04301A4612BAB2FA22
:1004200082F200EBD20030BC7047D1E9002304F027
:100430000305C4F100004FEAC50514F0040F91F85C
:1004400040F00CFA05F562EA05021CBF63EA0503F9
:1004500062464FF00004AAE7830730B547D0541E28
:10046000002A3ED0CAB2034601E0013C39D303F86A
:10047000012B9D07F9D1032C2CD9CDB205EB052515
:100480000F2C05EB054535D9A4F1100222F00F0C15
:1004900003F1100EE6444FEA121C1A46C2E9005559
:1004A000C2E9025510327245F8D10CF1010214F084
:1004B0000C0F03EB021204F00F0C13D0ACF1040389
:1004C00023F003030433134442F8045B9342FBD14B
:1004D0000CF003042CB1C9B21C4403F8011BA34265
:1004E000FBD130BD64461346002CF4D1F9E7034636
:1004F0001446C0E71A46A446E0E700BF0EB470B544
:100500009DB021AC00254FF4017254F8046BADF896
:1005100014201B9502900690FFF732FF0B4B0A93B5
:100520000B4B03904FF6FF710790ADF8161018684B
:100530000E953246234602A91395019400F092FBD2
:100540001DB0BDE8704003B0704700BF69210008CE
:10055000180200200CB4F0B59DB022AC00254FF479
:1005600001730646084654F8047BADF81430029136
:1005700006911B95FFF704FF0346039307930A4B6D
:100580000A934FF6FF73ADF816303A4630462346CD
:1005900002A90E951395019400F064FB1DB0BDE80F
:1005A000F04002B0704700BF6921000811F0FF0160
:1005B000034600F0030239D08ABB026810B501EB94
:1005C000012E0EEB0E4E8EEA0204A2F1013323EA55
:1005D0000203A4F1013222EA0402134313F0803F24
:1005E0000FD150F8044F84EA0E0CA4F10133ACF1A2
:1005F000013223EA040322EA0C02134313F0803F82
:10060000EFD0037823B936E010F8013F002B32D049
:100610009942F9D110BD8A4228D09A0729D01A7878
:1006200018460133002AF6D110467047CAB902684D
:10063000A2F1013323EA020313F0803F08D150F8FE
:10064000042FA2F1013323EA020313F0803FF6D016
:1006500003785BB110F8013F002BFBD1704799077D
:1006600005D0184613F8012B002AF8D17047184618
:10067000DDE71846A1E7184610BD00BF00000000E6
:1006800002780B78012A28BF9A4240F0D8806DE9A1
:10069000044540EA0104CDE902676FF0000C4FEA1F
:1006A00044721AB380EA010414F0070F6BD100F012
:1006B000070420F0070004F0030521F007014FEACA
:1006C000C505F0E8042314F0040FF1E804670CFA00
:1006D00005F462EA040266EA04060BD063EA040346
:1006E000624667EA0407664604E000BFF0E80423B8
:1006F000F1E8046782FA4CF582EA0604A4FA8CF465
:100700006CBB83FA4CF583EA0705A5FA8CF595B91D
:1007100050E9022351E9026782FA4CF582EA0604A5
:10072000A4FA8CF483FA4CF583EA0705A5FA8CF554
:100730002543DBD09CB92DBAB5FA85F424F0070423
:1007400027FA04F1DDE9026723FA04F303F0FF005E
:1007500001F0FF01FDE80445A0EB0100704724BA59
:10076000B4FA84F424F0070426FA04F1DDE9026700
:1007700022FA04F202F0FF0001F0FF01FDE8044557
:10078000A0EB0100704714F0030F3CD110F00304FC
:1007900028D150F8082B51F8083B82FA4CF582EA30
:1007A0000305A5FA8CF55DB950F8042C51F8043C0A
:1007B00082FA4CF582EA0305A5FA8CF5002DE8D003
:1007C0002DBAB5FA85F424F0070423FA04F122FACD
:1007D00004F202F0FF0001F0FF01FDE80445A0EB88
:1007E000010070474FEAC40420F0030050F8082BC2
:1007F00021F0030151F8083B0CFA04F462EA040208
:1008000063EA0403C9E710F003041DD0A1EB04015F
:1008100020F00300E40750F8042B06D012D28B78A6
:100820005FFAA2F4E41A06D12BB1CB785FFAB2F4E6
:10083000E41A00D133B920465DF8104B7047A2EBA3
:100840000300704701F1040150F8042BCC0721F09C
:10085000030151F8043B48D824D222F07F4482FAA5
:100860004CF594EA1325A5FA8CF50AD165B951F82F
:10087000043B84EA0204B4EB036F0ED150F8042B5E
:10088000EBE74FEA132355E035F07F454DD108786B
:10089000FDE80445C0F1000070474FEA126203F022
:1008A000FF0347E002EA1C4482FA4CF594EA134540
:1008B000A5FA8CF50AD165B951F8043B84EA020423
:1008C000B4EB034F0CD150F8042BEBE74FEA134382
:1008D00030E015EA1C4528D10B884FEA124229E086
:1008E0004FEA124203EA1C4324E002F0FF0482FABA
:1008F0004CF594EA1365A5FA8CF50AD165B951F85F
:10090000043B84EA0204B4EB032F09D150F8042B12
:10091000EBE74FEA13630DE015F0FF0F05D10B680D
:100920004FEA122223F07F4304E04FF00000FDE87D
:100930000445704712BA1BBA82FA4CF482EA0304E7
:10094000A4FA8CF5B5FA85F402FA04F203FA04F37A
:100950004FEA1260FDE80445A0EB1360704700BF4A
:100960002DE9F047074649480E46354616F801EB93
:1009700010F80EC01CF0080CF7D1BEF12D0F5AD0A4
:10098000BEF12B0F03BF96F800E06446AE1C644630
:100990004BB9BEF1300F5CD00A23DFF8F4804FF082
:1009A000050A99460AE0102B4AD04FF0FF38B8FBF1
:1009B000F3F803FB08FA6FEA0A0A9946002528466D
:1009C00005E02CD009FB00C0012516F801EBAEF1C3
:1009D000300CBCF1090F06D9AEF1410CBCF1190F76
:1009E0000BD8AEF1370C634510DDB5F1FF3FECD00D
:1009F0004045E6D94FF0FF35E7E7AEF1610CBCF1B9
:100A0000190F03D8AEF1570C6345EEDC6B1C0BD00D
:100A100004B140420AB165B91160BDE8F087D44520
:100A2000D0DD4FF0FF35D0E722233B602846002A77
:100A3000F3D0711EF0E796F800E00124AE1CA7E7A2
:100A4000BEF1300F11D04FF00F0A6FF07048994689
:100A5000B4E7337803F0DF03582B0BD008234FF0B3
:100A6000070A6FF060489946A8E7307800F0DF0089
:100A70005828E8D14FF0100996F801E04FF00F0A1E
:100A800002366FF070484B4698E700BFA991030803
:100A90009999991964E700BF10B4044C8446134631
:100AA00020685DF8044B0A46614659E718020020A9
:100AB00010B4044C8446134620685DF8044B0A4683
:100AC00061464DE718020020002A3ED030B584462A
:100AD0000446084380070B462ED1032A07D82BE093
:100AE000043A25D01EF0803F22D1032A22D9206863
:100AF000194653F8045BA0F1013EA842A4462EEA31
:100B0000000E04F10404EBD09CF800000C78844241
:100B10001DD1E64668B11EF8010F11F8014FA2EB96
:100B20000E03A04203F1FF3311D11CEB0303F1D1FB
:100B3000002030BDA44619469CF800000C78A04265
:100B400005D1012AF4D0E646E4E710467047001BC1
:100B500030BD00BF88420ED98B1883420BD900EB01
:100B6000020C002A6ED0624613F801CD02F801CDC6
:100B70009942F9D170470F2A0FD8034602F1FF3C82
:100B8000002A5FD00CF1010C013B8C4411F8012BC1
:100B900003F8012F6145F9D1704740EA01039B0733
:100BA00051D1A2F1100370B501F1200C23F00F0513
:100BB00001F1100E00F11004AC441B095EF8105C4A
:100BC00044F8105C5EF80C5C44F80C5C5EF8085C61
:100BD00044F8085C5EF8045C44F8045C0EF1100E06
:100BE000E64504F11004E9D1013312F00C0F01EBDA
:100BF000031102F00F0400EB031328D0043C24F08F
:100C000003064FEA940C1E441C1F8E465EF8045BDC
:100C100044F8045FB442F9D10CF1010402F003027C
:100C200003EB840301EB840102F1FF3C4AB10CF1B8
:100C3000010C013B8C4411F8012B03F8012F614595
:100C4000F9D170BD704702F1FF3C03469AE7224696
:100C5000EAE700BF08B5062003F038F801200BF0E2
:100C60007DFF00BF2DE9F04F8946B1F90C10ADF5BD
:100C70002F7D804688040693D9F8643007D441F468
:100C8000005123F40053A9F80C10C9F86430C3F3E1
:100C900040319B0400F1C080164616F8013B1193C9
:100CA000002B00F0F486DFF854A70A918E460591D8
:100CB0008B46039107911AF8034014F008046FD192
:100CC000252B5DD131782246A1F12503701C532BD1
:100CD00061D8DFE813F0540060006000600060003D
:100CE000530460006000600060006000A500A50083
:100CF000A500A500A500A500A500A500A500A500CC
:100D000060006000600060006000600060006000E3
:100D100060006000C303B0006000B00060006000CD
:100D2000600060003F0460006000B7036000600086
:100D3000600060006000600060006000950360007B
:100D400060004804600060006000600060006000B7
:100D50006000CC03D603B000B000B000D803E003BD
:100D6000600060001A046000260473063B04600003
:100D70006000C003600075066000600095030646D1
:100D8000D9F80430002B3BDDD9F8003016F8012CDF
:100D90001978914221D003980DF52F7DBDE8F08F91
:100DA000D9F804200FE0D9F800301A781AF8022098
:100DB000170703F101030ED5D9F80420013AC9E958
:100DC00000320BF1010B002AEDDC4946404601F0F0
:100DD0001DFE0028E7D002960AE00133C9F8003072
:100DE000D9F804300296013B0BF1010BC9F804302D
:100DF000029E16F8013B1193002B7FF45CAFCAE70B
:100E00004946404601F002FE0028BDD0039B1BB1BD
:100E1000B9F80C305B06BED54FF0FF330393BAE749
:100E200014F08F0FB7D102EB820201EB4202303A8D
:100E30007178064648E702900425D9F80430002B63
:100E400000F3368349464046049201F0DFFD002856
:100E5000DCD114F0400F049A00F02A836B1E032BA0
:100E600000F2A286DFE813F0B1016C01B4000400C7
:100E70004046049203F034F9049A03680C93531E1D
:100E8000B3F5AE7F44F4F06440F28C846FF4AE703E
:100E900013180F9340F25D12002556ABCDE90D55A6
:100EA0002E4604950B95CDF820800993C8461F4621
:100EB000A94625461446D8F800000378A3F12B0C68
:100EC000BCF14E0F50D8DFE81CF03B024F003B0254
:100ED0004F004F0085027B007B007B007B007B0086
:100EE0007B007B007B007B004F004F004F004F00DA
:100EF0004F004F004F0041027900790079001F0236
:100F000014024F004F00C3014F004F004F004F002D
:100F100071024F006E024F004F004F0069024F00F8
:100F20004F004F0053024E024F004F004F004F0042
:100F30004F004F004F0041027900790079001F02F5
:100F400014024F004F00C3014F004F004F004F00ED
:100F500071024F006E024F004F004F0069024F00B8
:100F60004F004F0053024E020C9A92F800C09C456D
:100F700017D1AA0515D5049A0B9225F4207507F808
:100F8000013B013CD8F80430013B002B0BF1010B75
:100F9000C8F8043040F307830130C8F80000002C83
:100FA00089D1049B2C4635464E46C146DDF820804B
:100FB000002B00F0628124F480745EE12A05F0D5F4
:100FC00019EB060CEDD1664625F4C075E146D6E76F
:100FD000531EB3F5AE7F88BF6FF4AE714FF00006BD
:100FE0008CBF5718002756AB88BF40F25D124946A8
:100FF000D946B346059E089744F4586409931D46A4
:101000001746086890F800C0ACF12B034D2B5FD851
:10101000DFE813F012025E0012025E005E00BC0206
:1010200018011801180118011801180118010B0204
:101030000B025E005E005E005E005E005E005E0011
:101040004E004E004E004E004E004E005E005E0010
:101050005E005E005E005E005E005E005E005E00A0
:101060005E005E005E005E005E005E005E00FF01EE
:101070005E005E005E005E005E005E005E005E0080
:101080004E004E004E004E004E004E005E005E00D0
:101090005E005E005E005E005E005E005E005E0060
:1010A0005E005E005E005E005E005E005E00FF01AE
:1010B0000A2E0DDD24F4386405F801CB4B68013BA2
:1010C000002B4B6040F37A8201300860013F98D1D9
:1010D00005965E46CB468946E10507D5099B9D42AC
:1010E00000F2AD84099B9D423FF455AE14F010020E
:1010F00040F07482059B079F09992A704046B847C3
:10110000069BA20603F1040700F16282630700F167
:10111000758414F0010240F05A82A40740F157820E
:10112000B44B079999424046059B099900F01785F1
:1011300002F048FF0B46069A1168C1E9000349E234
:10114000D9F800100B78002A1AF8033008BF4FF0C6
:10115000FF32E00704F0100603F0080300F1768286
:10116000002E00F02983002B7FF442AED9F8043022
:101170000131013B012AC9F80010C9F8043008BF49
:101180000BF1010B3FF434AE0124154613E0D9F8FE
:1011900000301A781AF80220160703F1010312D45E
:1011A000C9F80030D9F804300134013BA542C9F830
:1011B000043000F05684002BE9DC4946404601F03B
:1011C00025FC0028E3D0A34412E6002A08BF4FF014
:1011D000FF3204F01003E0070B9300F12C83D9F8E1
:1011E00000100B980B7816ACE35C002800F092829C
:1011F000002B3FF4D0ADD9F804300131013B012A76
:10120000C9F80010C9F8043018BF164610D117E00D
:10121000D9F800301A78A25C01338AB1C9F80030DD
:10122000D9F804300135013BAE42C9F8043007D08B
:10123000002BEDDC4946404601F0E8FB0028E7D0F2
:10124000AB44D5E56C4B24F4386433F9166033E7CE
:10125000002E40F0C881049A002A40F09C8205F4D8
:10126000E06CBCF5E06F00F015842C460023354699
:101270004E46C146DDF820800493013E012E40F227
:1012800050846B1E062B40F25983E50540F1B9816D
:10129000600500F1548417F8011C652907F1FF353A
:1012A0000BF1FF3602D0452940F07E834A46404686
:1012B00001F06EFB14F0100340F06C832B70B3460A
:1012C0000D9B002B40F0A48309990022404603F0B7
:1012D00009FF069BE10757EC106B03F1040540F191
:1012E00044831B6883ED000B039B06950133039336
:1012F0007EE5290503D519EB060C3FF464AE022EFA
:101300007FF44FAE03263AE629053FF559AE05F4C2
:10131000A06CBCF5806F05D06A057FF542AE049ADB
:10132000002AA2D0A90504D4049A0B99521ACDE937
:101330000D2725F47865002245F4C07504921EE659
:1013400029067FF52EAE25F0800518E62A0503D57F
:1013500019EB060C3FF437AEB9F1010F7FF421AE63
:101360004FF002090BE6072E7FF41BAE082606E6B7
:1013700005F4186CBCF5807F7FF413AE049A012A43
:101380007FF40FAE25F480754FF0300C002207F883
:1013900001CB45F40065013C0492F0E5062E7FF494
:1013A00000AE0726EBE52A05B1D4FAE5B9F1000F46
:1013B00040F02081049A2AB905F4E06CBCF5E06F96
:1013C00000F06D83012E02D0042E7FF4EAAD0136C9
:1013D000F6B2D4E5E9057FF5F3AD049B0133049340
:1013E0000F9B25F08005002B3FF4CBAD0F9B013BFD
:1013F0000F93C7E5950A000884910308A991030893
:10140000029044F400748D4B079310230593032539
:1014100013E504F4C063B3F5007F7FF459AE24F400
:10142000007444F4A064102646E6854B33F9166038
:10143000082E3FF73FAE4BE623067FF549AE24F07A
:10144000800439E6029044F001047C4B07930823A2
:1014500005930325F1E402900225EEE4029044F0A6
:101460000104784B07930A2305930325E5E40290D2
:1014700044F040040025D9F80430002B3FF7EEACCF
:10148000E0E40290EDE723077FF485AC717844F047
:101490000404064618E4D9F804300290002B694B86
:1014A00007934FF0000305934FF003057FF7CAAC95
:1014B000D9F800100B781AF8033018077FF5CEAC76
:1014C00016460A4606E0C9F8002013781AF80330D9
:1014D000190718D5D9F80430013B002B0BF1010B8B
:1014E000C9F8043002F10102EDDC4946404601F042
:1014F0008DFA00287FF48AACD9F8002013781AF806
:1015000003301907E6D43246A8E425077FF443AC3C
:1015100071786C2900F09C8244F001040646FFF7C4
:10152000D3BBE70602903FF563AC069B660753F812
:10153000042B00F16A82E507C2F800B004D4A407C6
:1015400002D54FEAEB715160069351E4029044F4E6
:10155000087458E721077FF41EAC717844F0020448
:101560000646FFF7B1BB014616A8049202F048FDFB
:1015700044F04004049A029001257CE722437FF462
:101580000AAC717810240646FFF79EBB23057FF551
:1015900093AD16B944F400740826620540F1C38186
:1015A00024F4B06488E50898414601F02FFA002839
:1015B0007FF4F7AC002C7FF47EACF2E4404604915B
:1015C00001F024FA049900283FF480AD80E5069BE1
:1015D0001B681860039B069701330393099BED1A60
:1015E0003544AB4404E4032E3FF4F1AE052E3FF442
:1015F000EEAED6E4B9F1020F7FF4E4AE4FF003098A
:10160000BDE414F010037FF4F3AB3B7004F4C0634B
:10161000B3F5806F7FF454AE0B9B049A93423FF472
:1016200053AE9A1A0DF2AB239F4228BF0DF2AA27A0
:101630000549384601F08AF946E600BF950A0008D8
:1016400084910308A91E00080CB30308002E40F083
:10165000A481069F57F804CB002B52D10025069792
:1016600064462F460496154603F040FEB8423FF408
:10167000CDABD9E9003113F8010B0139C9E90031CB
:101680000A9B56AA032BD055099207F1010714AE05
:1016900002D13368042B04D0082200213046FEF723
:1016A000DBFE099A00963B462146404600F098FD35
:1016B000421C0A903FF4AAAB002840F0D58120607C
:1016C00000F08AFD002840F01582BB44013D049BD8
:1016D000002B40F0EA8104341F46D9F80430002B77
:1016E00040F3F981D9F800301B781AF803301B0752
:1016F00001D4002DB8D1049E069FA446002E40F0D0
:10170000AD81039B0697013303930023CCF800308F
:10171000FFF76EBB069F57F8040B002B3FF43BAB63
:10172000D9F80430013BC9F804304B1CC9F800302B
:1017300006460B7806F8013B012A23D08518049051
:1017400011E0D9F800100B78E35C7BB3D9F80430D2
:10175000013BC9F804304B1CC9F800300B7806F87F
:10176000013BAE4222D0D9F80430002BE9DC4946D7
:10177000404601F04BF90028E3D00498B0423FF412
:1017800045AB351A039B0697013303930023AB4403
:101790003370FFF72DBB2C4635464E46C146DDF86B
:1017A000208008E400230F93FFF776BB0498351AD6
:1017B000002DE7D1FFF7EFBA069F57F8046B002B17
:1017C00040F0CB81D9F80430013BC9F804304B1C00
:1017D000C9F8003034460B7804F8013B012A00F0C8
:1017E000C381B51813E0D9F800301A781AF802202E
:1017F000100716D4D9F80420013AC9F804205A1C5D
:10180000C9F800201B7804F8013BAC4209D0D9F894
:101810000430002BE7DC4946404601F0F7F8002889
:10182000E1D0A61BB344039B069701330393002327
:101830002370FFF7DDBA002B40F0DE80069B53F8E3
:10184000047B06930A9CCDF820B000259346CDF882
:10185000108003F04BFDA8423FF4D8AAD9E900322A
:1018600056A813F8011B4155013A032CC9E900326F
:1018700005F101050DF1480803D1D8F80030042B1B
:1018800004D0082200214046FEF7E6FD39460498C0
:10189000CDF800802B4656AA00F0A2FC411C04465D
:1018A0003FF4B4AA002840F0BD803860064614AB6F
:1018B0000822002118460993FEF7CEFDB749099B7F
:1018C00004983246D1F8E06010A9B04701280CBF57
:1018D0009DF84060002616AB9B5D002B00F0E78072
:1018E000089B032C2B44089300F0A3800BF1FF3BD3
:1018F0000B9B03B90437D9F80430002B4FF00005D7
:101900006BDDBBF1000FA4D1DDF820B0DDF8108055
:101910000A940B9B002B7FF46BAA3B60039B013363
:101920000393FFF765BA089B24F4607413B1013B7D
:10193000089301370BF1010BFFF7C0BB022D40F2FA
:101940001E81032D3FF4A1AC043DEEB2F5433D44AE
:1019500017F8011D4A46404601F01AF8AF42F7D188
:101960000BF1FF3BABEB060B8FE4069BA2071B685A
:10197000049347D432463B463046394609F0F8FCDA
:10198000002840F0F4803046394609F04FFD049BB2
:101990001860A9E4B346FFF72BBA002B7FF428AAFE
:1019A000069F0DF1440C59E64A46404600F0F0FF10
:1019B000ABF1020617F8021CBD1E77E4029044E565
:1019C000774B07930A23029005930325FFF735BA57
:1019D000D9F80430002B3FF73CAF0498494601F09A
:1019E00015F800288DD0DDF820B0DDF810800A94BD
:1019F000002D8ED0FFF70ABA11AF23E7069B1B68B4
:101A00001880E7E583ED000B6EE4A2F800B09BE5DB
:101A10000E9F0A230022791C404600F045FA0D9BD8
:101A2000C21AFFE5821CD3D03E68731C7FF43FAF1F
:101A300051E7D8F80030042B7FF458AF58E715F879
:101A4000011C4A464046013D00F0A2FFFFF74ABB99
:101A5000B17844F002040236FFF736B90697FFF773
:101A6000C7B9AB44FFF7C4B90A9B02333FF435AEA4
:101A7000206800F0B1FB00283CD10A9B032BBB443B
:101A80007FF424AE3368042B7FF420AE1FE603936B
:101A9000FFF781B925F4F0650126FFF770BA25F448
:101AA000F0654FF00109FFF76ABA002715E6DDF887
:101AB00020B0DDF810800A94002D3FF42AAF56AB19
:101AC0005C19013D14F8011D4A46404600F060FFD4
:101AD000002DF6D11DE74946404600F097FF00284B
:101AE0003FF400AE3D46049E069FA446002D7FF4C1
:101AF0008DA903E63D46049E069FA446002D3FF4B3
:101B0000FDAD099CCDF810C02C44013D14F8011D19
:101B10004A46404600F03CFF002DF6D1DDF810C0EB
:101B2000ECE5099CA7427FF636A917F8011D4A4645
:101B3000404600F02DFFA742F7D1FFF72CB9099CD2
:101B4000A7427FF628A917F8011D4A46404600F033
:101B50001FFFA742F7D1FFF71EB9344663E605F031
:101B60001FFB0B46FFF7E7BA0BF1010B5BE60D48D5
:101B700002F064F9049B83ED000AFFF7B5BB099BF3
:101B80009F427FF608A917F8011D4A46404600F01B
:101B9000FFFE099B9F42F6D1FFF7FDB84C030020E2
:101BA000950A0008ECB30308012A38BF012204F0AB
:101BB000100714F00104164615D1002F6BD1069CB6
:101BC000134654F8041BCDF800900122404600F063
:101BD00039FF00283FF41AA9039B0694013383447C
:101BE0000393FFF705B9002F46D000230493002587
:101BF0002C460A9DCDF8208003F078FBA0423FF4EC
:101C000005A9D9E9003156AA13F8010B105501397D
:101C1000032D04F10108C9E9003114AC02D1226896
:101C2000042A04D0082200212046FEF715FC56AAFB
:101C3000049908980094434600F0D2FA421C0546E5
:101C40003FF4E4A800283CD1C344013E27B9049BDB
:101C50001F60049B04330493D9F80430002B4FF029
:101C600000043FDD002EC7D1DDF820800A95002F4B
:101C70003FF454AEFFF7BCB8069B53F8042B049214
:101C80000693B4E7C9F80010404649461C44F61ACA
:101C900000F0BCFE78B9D9E900239E4202EB0301B3
:101CA000F0DC9B1B32443444C9F80430C9F80020EE
:101CB000A344FFF79DB8002C3FF4A8A8A344FFF766
:101CC00097B8831C09D00328C34402D12368042B8E
:101CD00000D0013E002FBCD0BEE7D9F80410002987
:101CE000444689DC0898494600F090FE0028B9D0A7
:101CF000DDF820800A95002C7FF488A8002F3FF49F
:101D00000DAEFFF775B800BF13460A460146022024
:101D100000F0D6BA032A30B415D941EA0004A4076A
:101D200084460B4604D0541E0FE0043A032A08D917
:101D30001946604653F8044B5CF8045BA542F4D0A6
:101D4000F1E760461946541E7AB1431E0139021963
:101D500001E09A4209D013F8010F11F801CF604554
:101D6000F7D0A0EB0C0030BC7047002030BC7047AF
:101D7000242B2DE9F84F43D8012B41D08046494808
:101D80001F468E4675461EF801BB10F80B4014F036
:101D90000804F7D1BBF12D0F6FD0BBF12B0F08BF9B
:101DA0009EF800B06FF0004908BF05F1020E73BB4A
:101DB000BBF1300F4BD00A273B460025B9FBF7F6A5
:101DC000284607FB169A05E03AD007FB00C001251C
:101DD0001EF801BBABF1300CBCF1090F06D9ABF119
:101DE000410CBCF1190F19D8ABF1370C63451EDD5E
:101DF000B5F1FF3FECD08642E6D24FF0FF35E7E782
:101E000005F0F4F8162303600020BDE8F88F102BCE
:101E1000D3D1BBF1300F23D01F46CEE7ABF1610C1D
:101E2000BCF1190F03D8ABF1570C6345E0DC6B1C18
:101E30002BD054B9002AE8D085BB1160BDE8F88FDB
:101E4000E245C2DA4FF0FF35C2E74042F2E79EF8C2
:101E5000003003F0DF03582B08D008273B46ACE7DF
:101E60009EF8000000F0DF005828D5D110279EF81A
:101E700001B03B460EF1020E9FE79EF800B04FF016
:101E8000004905F1020E012491E72223C8F8003031
:101E900032B10EF1FF3148461160CFE78146F8E7D5
:101EA0004846B2E7A991030862E700BF10B4044CAA
:101EB0008446134620685DF8044B0A46614657E79E
:101EC0001802002010B4044C8446134620685DF8C4
:101ED000044B0A4661464BE71802002008B410B5CF
:101EE000002A9DB0044636DB4FF40273ADF814307F
:101EF0004FF000031B930291069120AB17D0013ADB
:101F00004FF6FF7104920792ADF816101F9A0193D5
:101F100002A903F065FA421C01DA8B232360029BBD
:101F200000221A701DB0BDE8104001B070474FF696
:101F3000FF7104920792ADF816101F9A019302A93F
:101F400003F04EFA431C01DA8B2323601DB0BDE879
:101F5000104001B070478B2303604FF0FF30F5E76E
:101F60000CB410B5214B00291C689CB038DB4FF035
:101F700000034FF402721B93ADF8142002900690F8
:101F80001FAB18D001394FF6FF7204910791ADF8DD
:101F9000162002A91E9A0193204603F021FA421C42
:101FA00001DA8B232360029B00221A701CB0BDE86B
:101FB000104002B070474FF6FF7204910791ADF8E0
:101FC000162002A91E9A0193204603F009FA431C29
:101FD00001DA8B2323601CB0BDE8104002B07047CB
:101FE0008B2323604FF0FF30F5E700BF180200207D
:101FF000024B0146186805F003B900BF1802002023
:10200000024B0146186806F03DBC00BF18020020D4
:10201000844641EA000313F003036DD1403A41D3F3
:1020200051F8043B40F8043B51F8043B40F8043BB2
:1020300051F8043B40F8043B51F8043B40F8043BA2
:1020400051F8043B40F8043B51F8043B40F8043B92
:1020500051F8043B40F8043B51F8043B40F8043B82
:1020600051F8043B40F8043B51F8043B40F8043B72
:1020700051F8043B40F8043B51F8043B40F8043B62
:1020800051F8043B40F8043B51F8043B40F8043B52
:1020900051F8043B40F8043B51F8043B40F8043B42
:1020A000403ABDD2303211D351F8043B40F8043BE2
:1020B00051F8043B40F8043B51F8043B40F8043B22
:1020C00051F8043B40F8043B103AEDD20C3205D3F2
:1020D00051F8043B40F8043B043AF9D2043208D0EA
:1020E000D2071CBF11F8013B00F8013B01D30B885C
:1020F00003806046704700BF082A13D38B078DD03A
:1021000010F003038AD0C3F10403D21ADB071CBF0B
:1021100011F8013B00F8013B80D331F8023B20F875
:10212000023B7BE7043AD9D3013A11F8013B00F8AE
:10213000013BF9D20B7803704B7843708B78837036
:102140006046704710B50C46B1F90E1005F042F824
:10215000002803DB236D0344236510BDA38923F40A
:102160008053A38110BD00BF002070472DE9F041CE
:102170000C46B1F90C101F46CB05054616460BD48C
:1021800021F48051A1813B46B4F90E103246284615
:10219000BDE8F04100F00EB9B4F90E1002230022A0
:1021A00006F0CCFCB4F90C10EAE700BF10B50C4601
:1021B000B1F90E1006F0C2FCB4F90C30421C0EBF8F
:1021C00023F4805343F480532065A38110BD00BFE6
:1021D000B1F90E1001F0CCBC002104F00DBF00BF1E
:1021E00070B50D4C82B0D4F8E460069C05462AB167
:1021F0000094B047431C08D002B070BD11460123C3
:10220000064A0094B047431CF6D100228A2322607C
:102210002B6002B070BD00BF4C030020ECB303087C
:1022200070B51C460F4B1D680F4B82B0D3F8E460AD
:1022300051B1944663460A46009401462846B04789
:10224000431C08D002B070BD0123084A0094284600
:10225000B047431CF6D100228A2322602B6002B0D3
:1022600070BD00BF180200204C030020ECB303082F
:1022700070B50F4B0F4DAB42A3EB050607D0B61060
:10228000002455F8043B01349847A642F9D836F0AB
:1022900085FE094D094B5E1BAB424FEAA60606D0F0
:1022A000002455F8043B01349847A642F9D870BD84
:1022B000A0DD0408A0DD0408A0DD0408C8DD0408D2
:1022C00070B4164D2C681CB365681F2D23DC38B91B
:1022D000AB1C0135656044F82310002070BC7047CA
:1022E00004EB850C0228CCF88820D4F888614FF0E4
:1022F000010202FA05F246EA0206C4F88861CCF847
:102300000831E5D1D4F88C311343C4F88C31DFE7C0
:10231000034C2C60D8E74FF0FF30DFE7C80F0020F8
:10232000C40C00202DE9F047DFF8749007460E46F4
:10233000904601F061FED9F800504DB133781C464B
:102340006BB1344602E014F8013F3BB13D2BFAD1AA
:10235000384601F053FE0020BDE8F087A41B286832
:102360000028F5D022463146FEF7AEFB28B9286892
:10237000035D3D2B00EB040A04D055F8040F002840
:10238000F0D1E5E7D9F80030EB1A9B103846C8F8D1
:10239000003001F033FE0AF10100BDE8F08700BF14
:1023A000B804002000B583B001AAFFF7BBFF03B05B
:1023B0005DF804FB38B50C46084D844611462046AE
:1023C0001A4600232B60644622F0D0F9431C00D04B
:1023D00038BD2B68002BFBD0236038BDCC0F00200C
:1023E00000207047024A0349034801F055BE00BF70
:1023F000400300207D8A0008200200200C4B416829
:10240000994210B5044601D006F038FBA168094B8B
:10241000994202D0204606F031FBE168064B994212
:1024200004D02046BDE8104006F028BB10BD00BF18
:10243000540E0020BC0E0020240F00200020704706
:102440002DE9F8432A4C2B49DFF8BC90DFF8BC801B
:10245000294FC4F83811002504230822294604F125
:102460005C00264EE360C4E90055C4E90455A5604C
:102470006566A561FDF7F0FF214B636708222946D9
:1024800004F1C400C4E90749C4E90987C4E91A553D
:10249000C4E91E552567C4F8CC50C4F88050E662E4
:1024A000FDF7DAFF174BC4F8DC30294604F1680366
:1024B000082204F59670C4F88430C4E92298C4E96F
:1024C0002476C4E93455C4E93855C4F8D850C4F862
:1024D0003451C4F8E850FDF7BFFF04F1D003C4E95C
:1024E0003C98C4E93E76C4F8EC30BDE8F88300BF00
:1024F000540E0020E5230008AD210008D12100087A
:102500000900010012000200452100086D210008A9
:10251000F8B5254BD3F838310646002B3CD0234F75
:10252000D7E90134013B04D51DE05A1C04F16804CD
:1025300019D0B4F90C50013B002DF6D11C4BE360CF
:10254000C4E90155C4E9045565662560A561082202
:10255000294604F15C00FDF77FFFC4E90C55C4E98E
:1025600011552046F8BD3D680DB12F46D8E74FF410
:10257000D671304604F044FE044680B10423C0E91D
:1025800000530C302946A0604FF4D0722546FDF769
:1025900063FF3C602F46C3E7FFF752FFBFE70C2302
:1025A00038603360DDE700BF540E00204003002098
:1025B0000100FFFF436B03B17047044B044AD3F89B
:1025C00038314263002BF7D13AE700BF540E0020A8
:1025D000FD230008704700BF704700BF024A03494F
:1025E000002001F059BD00BF40030020E123000896
:1025F000024A0349002001F04FBD00BF4003002004
:102600003D2400089368002B00F0F8802DE9F04F7E
:10261000B1F90CC01CF0080F83B0904681460C46FF
:1026200031D00B697BB31CF00207D8F8006038D0BA
:102630000027D4F824B0E169DFF8C4A23D4655452F
:102640002B463A4628BF53464846C5B1D8470028CE
:1026500040F3CA80D8F808301B1A07442D1AC8F86E
:102660000830002B00F0B68055452B46D4F824B036
:10267000E16928BF53463A464846002DE6D1D6E9DF
:1026800000750836DBE72146484606F03DF800288D
:1026900040F0AF80B4F90CC0D8F800601CF002071D
:1026A000C6D11CF0010A63D12368A16857461846B9
:1026B0008B46002F58D01CF4007F00F0B580B94243
:1026C0000A4600F2E1801CF4906F2FD02169626904
:1026D0005D1A02EB420202EBD2726B1C52103B44B9
:1026E000934292BF93469B461A461CF4806F00F0BB
:1026F000EA801146484604F083FD002800F0F98086
:102700002A4621690090FFF783FCA289009B22F4EE
:10271000906242F08002A2815819ABEB0505C4F823
:1027200014B02361A5602060BB463A465146009232
:10273000FEF710FAA1682368009AA1EB0B011A4476
:102740003D46A16022600027D8F808305B1BAA44F0
:10275000C8F80830002B3DD02368A168B4F90CC03C
:1027600018468B46002FA6D1D6E900A708369EE76B
:102770003846BB463D460097002D41D0002846D044
:10278000009A2068A168D4E90473AA4228BF2A46A7
:10279000B84204D901EB030A524500F38580934205
:1027A00075DCE169676A5A464846B847B0F1000AE5
:1027B0001ADD009BB3EB0A0300930FD00120D8F879
:1027C0000830A3EB0A03D344A5EB0A05C8F8083088
:1027D000002BD1D1002003B0BDE8F08F2146484640
:1027E00004F0CAFB0028EAD0B4F90C3043F04003EF
:1027F000A3814FF0FF3003B0BDE8F08F0020704799
:10280000756833460836002DFAD0D3F800B02A4652
:102810000A21584602F094FD002867D00130A0EB51
:102820000B0300931A46ACE722699A4214D36269FB
:10283000BA4211D86FF00043BB4228BF3B46656ADD
:1028400093FBF2F3E16902FB03F348465246A847C3
:10285000051EC9DD7F1B77E7B94228BF39460D4603
:1028600018460A465146FEF775F9A1682368491BC8
:102870002B44A16023600029ECD12146484604F096
:102880007BFB0028E6D0AFE7BB463A464EE7594609
:102890000192FEF75FF9019AA3689B1AA36023686F
:1028A00013442360924684E759465246FEF752F994
:1028B0002368534423602146484604F05DFB00280A
:1028C0003FF477AF90E7484606F05CF903460028EE
:1028D0007FF422AF2169484605F0D4FFB4F90C30EB
:1028E0000C22C9F8002023F080037FE76A1C0092C5
:1028F00047E70C22B4F90C30C9F8002076E700BF96
:1029000000FCFF7F002301461A461846FFF7D8BC9B
:102910000CB410B59CB01EAB029106916FF0004153
:1029200004910791084953F8042B0591002402A94A
:1029300001931B9402F054FD029B1C701CB0BDE877
:10294000104002B0704700BF0802FFFF0EB430B560
:102950009CB06FF000411FAB049107910A4953F8F6
:10296000042B029000240690084D0868019302A9E8
:1029700005951B9402F034FD029B1C701CB0BDE851
:10298000304003B0704700BF180200200802FFFF6C
:1029900038B54B1C1AD09389144623F02003526893
:1029A000A381236BCDB2A3B1636B934209DD23688E
:1029B0005A1E226003F8015C636801336360284695
:1029C00038BD214601F02EF80028F0D04FF0FF3539
:1029D000F5E7236921682BB18B4203D211F8013C42
:1029E000AB420ED02346C4E90E1204F1400003228C
:1029F0002063626303F8425F0122C4E90032284683
:102A000038BD01390132C4E90012D8E710B50C46CF
:102A1000096B69B104F14003994201D005F032FF1E
:102A2000E36B63600020206313B1A36B236010BDD0
:102A3000A2892369002142F020026160A2814FF047
:102A4000FF30F3E72DE9F04F85B0834602FB03F03A
:102A50000E9C019398B38846D4E90015A842064617
:102A600022D9CDE902024FF0000904F1400A4046A4
:102A70002A46FFF7CDFA2168236B4F19C4E9007984
:102A8000194637465846A844761BDBB1534501D05A
:102A900005F0F8FEE16BC4F83090616091B10D462D
:102AA000B542A16B2160E2D332464046FFF7B0FA4F
:102AB000D4E90032921B3344C4E90032019805B0D6
:102AC000BDE8F08FDDE90202A3892844C01B43F072
:102AD0002003B0FBF2F02269A3810023C4E90023A4
:102AE00005B0BDE8F08F00BF2DE9F04F8A46B1F97F
:102AF0000C10DDB08C0407930390DAF8643007D42F
:102B000041F4005123F40053AAF80C10CAF86430C1
:102B10009804C3F3403100F1A483164616F8013B34
:102B20000D93002B00F08986DFF8A08406918E4675
:102B30008B4689460591089118F8034014F0080463
:102B40006ED1252B5DD131782746A1F12503721C6A
:102B5000532B61D8DFE813F0540060006000600080
:102B600060002F0260006000600060006000D00024
:102B7000D000D000D000D000D000D000D000D000D5
:102B8000D0006000600060006000600060006000D5
:102B90006000600060002302600060006000600070
:102BA000600060006000270260006000310160008A
:102BB0006000600060006000600060006000DC0099
:102BC000600060003A01600060006000600060002A
:102BD00060006000A001A501600060006000AC0121
:102BE000B40160006000FA016000050201061C02E9
:102BF0006000600020026000040660006000DC00ED
:102C00001646DAF80430002B5BDDDAF8003019786C
:102C100016F8012C914232D005985DB0BDE8F08FD6
:102C2000DAF80430039F0AF1400500241A460FE049
:102C3000DAF800301A7818F80220120703F10103BD
:102C40003DD5DAF80420013ACAE9003209F1010958
:102C5000002AEDDCDAF830303846194613B3AB42BF
:102C600001D005F00FFEDAF83C30CAF83040CAF85F
:102C70000430BBB1DAF83830CAF80030DAE7013393
:102C8000CAF80030DAF804300496013B09F1010972
:102C9000CAF80430049E16F8013B0D93002B7FF414
:102CA0004BAFB9E7BAF80C3043F02003AAF80C3068
:102CB000DAF81030CAF800300023CAF8043004965D
:102CC000E8E7DAF83010002900F0B9820AF1400391
:102CD000994202D0039805F0D5FDDAF83C30CAF8E5
:102CE00004300022CAF83020002B00F0A882DAF865
:102CF0003830CAF800308AE714F08F0F8CD107EB18
:102D0000870701EB4701A1F13007717816461CE7F0
:102D1000049244F40074AB4B0893102306930323EE
:102D2000DAF80410002900F3D880DAF8301000290E
:102D300000F085820AF14000814204D00398099393
:102D400005F0A0FD099BDAF83C10CAF80410002039
:102D5000CAF83000002900F07282DAF83810CAF898
:102D60000010600640F1B980022B00F0FE81032BB9
:102D700000F02E81012B37D0012F04F0100238BF54
:102D8000012714F001040A9240F02E840A9B002BC4
:102D900040F0CC82079C039854F8041BCDF800A0A7
:102DA0003B460122FFF74EFE002800F05382059BB0
:102DB00007940133814405936CE7049244F00104C5
:102DC000804B0893082306930323A9E711461CA808
:102DD00001F016F944F0400404900123DAF80410DD
:102DE0000029A2DD012BC7D1002F04F0100208BF7B
:102DF0004FF0FF3714F001040A9240F08883DAF8AC
:102E000000600A9A31781CAD695C002A00F0CE821D
:102E100000293FF401AFDAF8041001360139012F1F
:102E2000CAF80060CAF8041000F020830AF14006D6
:102E3000CDF82490B14626461C4612E0DAF8001080
:102E40000878285C0131002800F00D83CAF80010D2
:102E5000DAF8041001340139A742CAF8041000F06E
:102E600002830029EADCDAF8303003981946002B97
:102E700000F024854B4501D005F004FDDAF83C1044
:102E8000CAF83060CAF80410002900F01785DAF893
:102E90003810CAF80010D3E7049244F0400400232D
:102EA0009CE70492484B08930A230693032337E7D1
:102EB00023077FF4B1AE717844F00404164644E66B
:102EC000DAF804300492002B3F4B08934FF00003D4
:102ED00006934FF003037FF728AFDAF8000001787C
:102EE00018F8011009077FF53FAF0AF14006099471
:102EF000002534464E46994608E00130CAF80000E5
:102F0000017818F801100A0740F19581DAF80410E9
:102F10000139002906F10106CAF80410EDDCDAF8DF
:102F2000303003981946002B00F08981A34201D06C
:102F300005F0A8FCDAF83C10CAF83050CAF80410C2
:102F4000002900F07C81DAF83800D7E720077FF409
:102F500063AE71786C2900F0508444F00104164689
:102F6000F3E5E70604923FF595AE079A660752F837
:102F7000043B079200F10084E50700F15A84A4079E
:102F800040F157844FEAE972C3F800905A6081E635
:102F9000049244F40874BEE604920223C0E604924C
:102FA00044F001047EE721077FF436AE717844F0E7
:102FB00002041646C9E527437FF42EAE717810242B
:102FC0001646C2E5950A0008A91E0008A991030843
:102FD0007B1E262B44F4586440F24781A7F1270357
:102FE0000B932727002312AE1A4609930AF14003D8
:102FF00035460A933346069EDAF8001091F800C071
:10300000ACF12B004D283AD8DFE800F07E397E394C
:1030100039896D6D6D6D6D6D6D83833939393939D0
:10302000393927272727272739393939393939397C
:1030300039393939393939393973393939393939C6
:10304000393927272727272739393939393939395C
:10305000393939393939393939730A2E0FDD24F4C0
:10306000386405F801CBDAF8040001380028CAF802
:10307000040060DD0131013FCAF80010BCD10696A2
:103080001E46E10505D5B54200F29783B5423FF4EF
:10309000C3AD14F0100240F0C980069B089F03984E
:1030A0002A703146B847079BA20603F1040700F1D6
:1030B000B780630700F15C8314F0010240F0AF8039
:1030C000A10740F1AC80B74B089903989942069B41
:1030D000314600F08B8400F075FF0B46079A1168AB
:1030E000C1E900039EE0B04824F4386430F916606A
:1030F000B7E704F4C060B0F5007FC0D124F40074D9
:1031000044F4A0641026ACE72006B8D524F080046F
:10311000A7E7A54830F91660082EA0DCAFE7200528
:103120009FD516B944F400740826600540F1AA82C0
:1031300024F4B06495E7DAF83010002900F08283B7
:103140000A98814205D00398069305F09BFB069BE5
:103150000022DAF83C10CAF83020CAF8041000291E
:1031600000F07083DAF8381085E7DAF800000378A9
:10317000002F18F8035008BF4FF0FF37E10704F0A5
:10318000100205F0080573D4002A00F07181002DAB
:103190007FF480ADDAF804300130013B012FCAF82A
:1031A0000000CAF8043008BF09F101093FF472AD0C
:1031B0000AF14006324601242E46154614E0DAF89C
:1031C0000030197818F80110090703F1010300F124
:1031D000E780CAF80030DAF804300134013BA74236
:1031E000CAF8043000F00F83002BE8DCDAF8303046
:1031F00003981946002B00F0A083AB4201D005F0E4
:1032000041FBDAF83C30CAF83060CAF80430002BD1
:1032100000F09383DAF83830CAF80030D1E7079B22
:103220001B681860059B079701330593099BAD1B2D
:103230001D44A9442EE54B46099CB14694E5DAF8B5
:103240001010BAF80C300022CAE9001243F0200333
:10325000AAF80C30059B23B1BAF80C305B067FF559
:10326000DBAC4FF0FF330593D6E400230B93B9E6B4
:10327000002A00F01E82002D7FF40CAD079C0DF19A
:10328000340C00250A945E462C460792654602F0EF
:103290002DF8A042DED0DAE900210DF1480B12F83A
:1032A000010B0BF80400631C0139032ECAE900214D
:1032B000099310AC02D12368042B04D0082200210A
:1032C0002046FDF7C9F85A46099B03980094294601
:1032D000FEF786FF421C0646BCD0002840F09682CE
:1032E0002860FEF779FF002840F05C83099B994431
:1032F000013F079B002B40F0A38204351C46DAF8FF
:103300000420002A40F3ED82DAF80020127818F841
:103310000220100701D4002FB9D10A9C079AAC46AD
:10332000B346002A00F0CB810794B3E4DAE9001336
:10333000BB4280F25483DAF8302018460AF1400686
:10334000CDE9099B13462546A346B14602461144E2
:10335000CAF800105E463C46039819469344BF1ACB
:10336000002B00F032824B4501D005F08BFADAF8E1
:103370003C20CAF83050CAF80420002A00F0258208
:10338000DAF83810CAF8001097424FF00003DEDC7C
:10339000DDE9099B13463444DB1B3944CAE90013B9
:1033A000A14477E4950A0008AC920308079A52F802
:1033B000040B00293FF430ACDAF804100139CAF8E4
:1033C0000410711CCAF800100446317804F8011B7F
:1033D000012F40D0C619CDF81C900AF14007B14624
:1033E00009900A9E0B9211E0DAF800100878285C28
:1033F00048B3DAF804000138CAF80400481CCAF8D7
:103400000000097804F8011B4C451CD0DAF80410C0
:103410000029E9DCDAF8303003981946002B00F077
:103420003682BB4201D005F02DFADAF83C10CAF81A
:103430003060CAF80410002900F02982DAF8381048
:10344000CAF80010D2E70998DDF81C900B9A231AED
:10345000002B3FF4E1AB9944059B079201330593A0
:103460000023237016E4DDF824902346994411E4E8
:10347000079951F8042B002D40F0B382DAF804309C
:10348000013BCAF80430431CCAF8003014460378E4
:1034900004F8013B012F00F0A682D61907910AF12A
:1034A0004007099216E0DAF80010087818F80000D2
:1034B000020701F1010300F1F080DAF80400CAF814
:1034C00000300138CAF80400097804F8011BB4423E
:1034D00000F0E380DAF804100029E4DCDAF8303098
:1034E00003981946002B00F01682BB4201D005F06C
:1034F000C9F9DAF83C10CAF83050CAF804100029AB
:1035000000F00982DAF83810CAF80010CDE7002A76
:1035100040F02081079B53F8042B09920793002465
:103520005D4601F0E3FEA0423FF494AEDAE90032DA
:1035300012A813F8011B0155013A032DCAE9003204
:1035400004F101040DF1380B03D1DBF80030042B3A
:1035500004D0082200215846FCF77EFF099E0398FC
:10356000CDF800B0234612AA3146FEF739FE431CBF
:1035700005463FF46FAE002840F0028130600646F9
:1035800010AB0822002118460B93FCF765FFB549E4
:103590000B9B03983246D1F8E0600CA9B047012894
:1035A0000CBF9DF8306000261CAB9B5D002B00F02B
:1035B0005D81032DA14400F0FA80013F0A9B13B9FD
:1035C000099B04330993DAF80430002B4FF0000410
:1035D00040F3A580002FA4D1AB460A9B002B7FF4BB
:1035E00059AB099A136048E0002A40F0908007998F
:1035F00051F8042B099207911C4612AE0B9301F06F
:1036000075FEA0423FF426AEDAE9002112F8010B64
:1036100030550139BBF1030FCAE9002104F101045F
:1036200010AD02D12B68042B04D0082200212846BB
:10363000FCF712FF09990398009523463246FEF7DE
:10364000CFFDB0F1FF3F83463FF404AE002840F0C9
:103650009F800A9BA144013F23B9099A1360099BEB
:1036600004330993DAF804200B9C002A34DD002F80
:10367000C5D10A9B002B7FF40DAB059B013305934D
:10368000FFF708BB0B9824F4607410B101380B905D
:103690000137099801300990E5E4099A0799A31ABE
:1036A0009944059B07910133059300232370FFF78D
:1036B000F1BA079C54F804CB002D3FF4E2AD059B12
:1036C0000794013305930023CCF80030FFF7E2BAEA
:1036D000DAF80420002A92DCDAF83010002900F031
:1036E0004E810AF14002914202D0039805F0CAF8D7
:1036F000DAF83C20CAF804200023CAF83030002A47
:1037000000F03D81DAF83820CAF80020AFE7002247
:10371000099271E7DAF80430002B3FF702AFDAF8CC
:103720003010002900F019810AF14003994202D0BB
:10373000039805F0A7F8DAF83C30CAF80430002204
:10374000CAF83020002B00F00881DAF83830CAF8C7
:1037500000303FE70DAB0993E1E60492FFF730BB81
:10376000414B08930A23069304920323FFF7D8BA28
:10377000079B1B68188055E5A3F80090FFF78ABAED
:10378000861CC7D0099B1E68701C7FF4F9AE0BE73E
:1037900010F1020F9CD00328A14402D12A68042A08
:1037A00000D0013F0A9B002B3FF459AF5AE7DBF8EA
:1037B0000030042B7FF401AF00E715F8011C0398DB
:1037C0005246013DFFF7E4F860E4BAF80C30DDF84A
:1037D000249043F02003AAF80C30DAF81030CAF82D
:1037E00000305C460023DDF828B0CAF80430002C15
:1037F0003FF430ADA144FFF74DBAB17844F0020474
:103800000236FFF7A2B9B944FFF744BA831C00F0AF
:10381000C7802868FEF7E0FC002840F0C380099BC1
:10382000032E99447FF464AD2268042A7FF460ADCE
:103830005FE5C3F80090FFF72DBA0593FFF7ECB9E9
:1038400000245CE506961E46BAF80C3043F02003CF
:10385000AAF80C30DAF81030CAF800300023CAF8A1
:1038600004300EE44C030020950A0008AB46002CFF
:103870003FF4B3AE12AB039E1D19013C15F8011DB8
:1038800052463046FFF784F8002CF6D1A5E6BAF888
:103890000C300998DDF81C900B9A43F02003AAF82D
:1038A0000C30DAF81030CAF80030A0424FF00003B4
:1038B000CAF804303FF4CEAC231ACCE5BAF80C2099
:1038C000DDF8249042F02002AAF80C20DAF810204B
:1038D000CAF8002023460022CAF804209944FFF7C2
:1038E000D9B9DAF83010002900F085800AF14002D9
:1038F000914202D0039804F0C5FFDAF83C20CAF8E0
:1039000004200021CAF83010002A74D0DAF83820D8
:10391000CAF80020FAE4099A0799A31A9944BAF858
:103920000C3043F02003AAF80C30DAF81030CAF853
:1039300000300023CAF80430B3E6BAF80C3043F084
:103940002003AAF80C30DAF81030CAF8003000234F
:10395000A144CAF80430FFF79DB9BAF80C3043F01F
:103960002003AAF80C30DAF81030CAF8003000232F
:10397000AB46CAF80430002C3FF42FAE6AE4BAF824
:103980000C3043F02003AAF80C30DAF81030CAF8F3
:1039900000300023CAF80430002C3FF46AAE59E42A
:1039A000099CACE4AC46DDE909545B46079AB34692
:1039B0001E46002D3FF4B5AC2E4407943446039EBA
:1039C00009926746013D14F8011D52463046FEF744
:1039D000DFFF002DF6D1079C099ABC46A1E43C46C6
:1039E000DAE414465DE609F101095AE603F0D8FB72
:1039F0000B46FFF773BBBAF80C30079A43F020036D
:103A0000AAF80C30DAF81030CAF80030AC460023BF
:103A10002546B3460A9CCAF80430002D7FF41AAC40
:103A20007FE400BF01F140032DE9F0410C46096B32
:103A3000994214D0666B77003A4605F0A3F8054624
:103A400030B300EB0608014632464046FEF7E0FA86
:103A5000C4E90C57C4F800800020BDE8F0814FF4A1
:103A6000806103F0CDFB98B194F842304FF480624E
:103A7000C4E90C0280F8FF3394F8413080F8FE333B
:103A800094F8402080F8FD2300F2FD332360E3E743
:103A90004FF0FF30E1E700BF70B54C1C2BD00E4655
:103AA0000546144610B1436B002B4CD0B4F90C30D2
:103AB00023F020025807A28106D4D9061BD51B0784
:103AC00034D442F00402A281226B6368F6B2AAB138
:103AD000626B9A4209DD23685A1E226003F8016C6A
:103AE000636801336360304670BD21462846FFF7A6
:103AF00099FF0028EFD04FF0FF36F4E722692168E4
:103B00002AB18A4203D211F8012CB2421ED02246B9
:103B1000C4E90E1304F1400003232063636302F839
:103B2000426F0123C4E90023304670BD2146284678
:103B300003F022FA0028DED1B4F90C20A06022F0B4
:103B40000802A061BDE7FEF735FDAFE7013901339B
:103B5000C4E90013C7E700BF10B4044C03460A468B
:103B600020685DF8044B1946FFF796BF1802002045
:103B700038B5074D0022044608462A6008F0B6FF13
:103B8000431C00D038BD2B68002BFBD0236038BD10
:103B9000CC0F002038B5D0F818410CB1002038BD4A
:103BA0008021054603F02CFB0246C5F8180130B110
:103BB000031F7C3243F8044F9342FBD1EEE74FF0F2
:103BC000FF3038BD30B51F2983B0054609D8D0F87D
:103BD00018310C4653B153F8240043F8242003B0A5
:103BE00030BD162303604FF0FF30F8E780210192CB
:103BF00003F006FB019AC5F8180103460028F2D02D
:103C0000011F00F17C05002041F8040FA942FBD1FF
:103C1000E1E700BF1F2938B505461FD8D0F81821A5
:103C20000C466AB152F8213053B1012B06D0591C11
:103C300010D0002142F8241020469847002038BDBB
:103C4000284602F0C3FD224601462846BDE838401A
:103C500002F0A6BD16230360012038BD16230360C1
:103C60004FF0FF3038BD00BF1F292CD838B5D0F831
:103C700018310C460546A3B153F8242003EB840306
:103C80004AB1511C0BD0012A07D0002520461D60E7
:103C90009047284638BD012038BD032038BD02209A
:103CA00038BD802103F0ACFA0346C5F8180138B1DD
:103CB000021F00217C3042F8041F8242FBD1DBE767
:103CC0004FF0FF3038BD4FF0FF30704738B5144B20
:103CD0001F281D681ED8D5F81821044662B152F875
:103CE00020304BB1012B05D0591C0FD0002142F8D8
:103CF00020109847002038BD284602F067FD224674
:103D000001462846BDE8384002F04ABD16232B6024
:103D1000012038BD16232B604FF0FF3038BD00BFA7
:103D200018020020124B1F2870B51E6809D8D6F85B
:103D3000183104460D464BB153F8240043F8245083
:103D400070BD162333604FF0FF3070BD80213046C8
:103D500003F056FA0346C6F818010028F3D0021FF4
:103D600000217C3042F8041F8242FBD1E4E700BF0F
:103D70001802002038B50C4B1D68D5F818410CB15D
:103D8000002038BD8021284603F03AFAC5F8180112
:103D900038B1031F00F17C0243F8044F9342FBD17A
:103DA000EEE74FF0FF3038BD1802002038B5184B51
:103DB0001F281D6828D80446D5F81801A0B150F86E
:103DC000243000EB84004BB15A1C0BD0012B07D0E0
:103DD0000025056020469847284638BD012038BD9B
:103DE000032038BD022038BD8021284603F008FAA0
:103DF000C5F8180140B1031F00F17C01002243F80F
:103E0000042F8B42FBD1DAE74FF0FF3038BD00BF03
:103E10001802002038B5074D074C2C1BA41005D004
:103E2000013C55F8043D9847002CF9D1BDE83840D5
:103E300035F0BAB8CCDD0408C8DD04089FED010AEE
:103E4000704700BF0000C07F2DE9F04F85B092465B
:103E50005B4A039089461E460D46294615F8014BDC
:103E6000135D13F00803F8D12D2C7DD02B2C41D0FD
:103E700002934FF0FF326FF00043CDE90023002E94
:103E800043D1302C79D00A27B0463E46DDE9000107
:103E90003A46434607F078FC00238E46834619468F
:103EA0001846A44610E08E4508BF83454CD000FB61
:103EB00008F307FB0133A0FB07010B44201843EB79
:103EC000E471012315F801CBACF13004092C05D9BC
:103ED000ACF14104192C1ED8ACF13704A64222DD06
:103EE000B3F1FF3FEED083457EEB0103DBD24FF011
:103EF000FF33E7E72C7802938D1C6FF000434FF0FF
:103F0000FF31CDE90013002EBBD0102E3ED0374636
:103F10004FEAE678BAE7ACF16104192C03D8ACF1AA
:103F20005704A642DCDC5A1C13D0029A12B140425C
:103F300061EB4101BAF1000F03D0002B3DD1CAF86B
:103F4000009005B0BDE8F08FA242B0DA4FF0FF3329
:103F5000B8E7039A22231360BAF1000F28D0DDE9F5
:103F6000000105F1FF39EAE700934FF0004001231B
:103F70002C78CDE901038D1C81E72B7803F0DF035A
:103F8000582B0ED00827B0463E467FE7302C03D092
:103F900037464FF0000879E72B7803F0DF03582B02
:103FA000F6D110276C784FF0000802353E466DE7D9
:103FB000DDE9000105B0BDE8F08FCDE90001CEE7F5
:103FC000A991030840E700BF10B4044C844613468F
:103FD00020685DF8044B0A46614635E71802002068
:103FE00010B4044C8446134620685DF8044B0A461E
:103FF000614629E718020020704700BF704700BFE4
:1040000070B50C785E2C864624D00023481C9C4654
:10401000002263F3070263F30F2263F3174263F393
:104020001F620EF58071734643F8042B8B42FBD15F
:1040300074B18CF001010EF80410451C15F8013C18
:104040002D2B0ED05D2B0AD01BB11C462846F2E763
:10405000013870BD01234C78881C9C46D8E728465F
:1040600070BD90F801C0BCF15D0FEED06445ECDC92
:10407000661C02300EEB060202F8011BA2EB0E03D7
:10408000013B9C45F8DCACEB0403013B6445A8BF55
:1040900000230235F418D1E72DE9F8430746884696
:1040A00016464FF00009D6E90154013D10D4A3890A
:1040B000012B08D9B4F90E3001332146384602D01D
:1040C000C04749EA0009013D6B1C04F16804EED1C8
:1040D0003668002EE7D14846BDE8F883F0307047D7
:1040E000004870473C040020004870473C04002012
:1040F0002DE9F04F2DED028B9DB0884600210792EF
:10410000189100220021CDE90412834641461791FF
:104110000F4611F8012B2D2A5ED801A050F822F08D
:10412000F3420008D9410008D9410008D9410008EC
:10413000D9410008D9410008D9410008D9410008F7
:10414000D94100080F4100080F4100080F41000845
:104150000F4100080F410008D9410008D94100086B
:10416000D9410008D9410008D9410008D9410008C7
:10417000D9410008D9410008D9410008D9410008B7
:10418000D9410008D9410008D9410008D9410008A7
:10419000D9410008D9410008D9410008D941000897
:1041A0000F410008D9410008D9410008D941000851
:1041B000D9410008D9410008D9410008D941000877
:1041C000D9410008D9410008D94100089B4800089E
:1041D000D9410008AF48000800210891302A00F0BA
:1041E0009780002309932F2A144640F202854FF04E
:1041F000000938464E464D4613E00130082D179011
:10420000C8BF09EB89090478C6BF02EB4902A2F1D5
:104210003009A3F130062F2C05F10105224640F3A9
:10422000B88006EB8603392C02EB4303E5DDB04989
:104230000122FCF749FC00287BD1179A1346013272
:1042400017925C78002D40F0A285302C40F09C85C0
:1042500013461846013317931C78302CF9D0C2F15D
:1042600001031844A4F13103082B36D8179F431CCF
:10427000A4F1300E0D9301253C464FF0000A06EBE9
:1042800086060EEB46060020631C17936478A4F1A3
:104290003002092A00F2F182179C01309646002A6A
:1042A000F2D00128D8BF05F1010C40F3FB8600EBEA
:1042B000050C0CF1FF3103E05E00A94200F0F2862C
:1042C000082D06EB860305F10105F5DD102DDCBF99
:1042D00009EB89094FEA4909EFE7652C40F0EA82CA
:1042E00000230122CDE90C239A46099B034340F0A9
:1042F000D282079B9FED7C8B0BB1C3F80080B0EEA0
:10430000480AF0EE680A1DB0BDEC028BBDE8F08FE4
:104310007A7802F0DF02582A00F02E8401371797CE
:104320003A78302AFAD0002A00F08F8201230993CC
:1043300059E70020CDE90C00AA46652C36D0452C63
:1043400034D000230E93002D7CD1099B034340F011
:104350007C820C9B002BCCD1692C00F0778400F37D
:104360007084492C00F072844E2CC2D1614917A888
:1043700004F0ECFD0028BCD0179B1B78282B00F024
:1043800083855D4804F0E4FEB0EE408AF0EE608A7A
:104390005DE257490122FCF797FB0028C9D1179B22
:1043A0000D905A1C17925C78AA4670E7002D9CD09D
:1043B000DDF85C8008F10103179398F801402B2C7D
:1043C00000F066822D2C00F05B824FF0000CA4F10F
:1043D0003001092900F24C82302C179B0AD101339D
:1043E00017931C78302CFAD0A4F13102082AA8D8EF
:1043F000A4F130015A1C17925C782F2C40F30D84E5
:1044000096460E9308E0013217929EF801402F2C39
:10441000A3F1300106DD964601EB8103392C04EB54
:104420004303F0DD0E9BD21A082A40F3F68344F6CC
:104430001F630E93BCF1000F85D00E9B5B420E9361
:10444000002D82D0DDE90D23BAF1000F08BFAA4686
:104450009B1A102D30460C932C46A8BF102406F052
:1044600073FC092D02460B46CDE9042316DD234BD0
:1044700003EBC40353E9122306F0E0FC024648466E
:104480009046894606F060FC02460B464046494687
:1044900006F01EFB0F2DCDE9040131DC0C9B002B37
:1044A00000F039830C9B40F36882162B40F3BC83E9
:1044B0000C9AC5F12503934222DB104CC5F10F0580
:1044C00004EBC501DDE90423D1E9000106F0B6FCE7
:1044D0000C9B5D1B04EBC504D4E9002306F0AEFC85
:1044E00041EC180BB3E100BF000000000000000029
:1044F00014B30308F8AF0308ECB30308509403089F
:104500000C9B2C1B1C44002C40F3DA8114F00F0090
:104510000AD03B4901EBC001DDE90423D1E90001E8
:1045200006F08CFCCDE9040134F00F034BD0B3F559
:104530009A7F00F3A083102BDFF8D8E04FEA231412
:1045400040F3E884DDE904234FF0000C0997F046BE
:10455000E146774614F0010F1046194607D0D8E916
:10456000002306F06BFC4FF0010C02460B46641072
:10457000012C09F1010908F10808EBD1BE46099F99
:10458000BCF1000F01D0CDE90423059BA3F15473C6
:104590000EEBC9010593DDE90423D1E9000106F022
:1045A0004DFC184BCDE904010B400A4616498B42DD
:1045B00000F2618315498B4240F24484144C4FF061
:1045C000FF33CDE904340023099300962B4652466D
:1045D0003946584604F07AFE1290002800F04B83CA
:1045E000DDE90D329B1A0C9A002AA8BF00230D9317
:1045F0004FF0000922EAE2731393CA46E6E000BFD7
:10460000509403080000F07F0000A07C0000907C24
:10461000FFFFEF7F40950308D21A1F2AA4EB020484
:1046200000F33B82012303FA02F500231093099B58
:1046300026444444A0451E444346A8BF2346B342F3
:10464000A8BF3346002B03DDE41AF61AA8EB0308D3
:104650000D9B002B00F3CA81002C00F3E0810C9B22
:10466000002B00F31082002E00F30282B8F1000F3D
:1046700008DD51464246584605F012F882460028A9
:1046800000F0FF8118993A46584605F0A3F8814694
:10469000002800F0F6810023C268C36051460E92E4
:1046A00005F076F80028C0F20284059E00F07C83B5
:1046B0005146484605F03AFA55EC104B00224FF0AF
:1046C00080432046294606F035FE002800F07E8112
:1046D0000E9B002B40F0EE81049B002B40F0788273
:1046E000C6F31303002B40F01982B14B0022204681
:1046F000294606F015FE002840F04D83AD4B002200
:104700002046294606F09AFB0A460146CDE91012DA
:1047100002F100430A900B93DFF8A082A64B06EA51
:1047200008089845DDE90A4500F0CB81099B1BB3D9
:10473000B8F1D46F20D89AA3D3E90023DDE91001A2
:1047400006F0F8FDA0B1DDE9100106F04FFE0128EA
:1047500038BF012006F0F8FA0E9BCDE91001002BBE
:1047600040F08F8201F1004314901593DDE9144568
:1047700005F1D663A3EB0805B0EE480AF0EE680A2F
:1047800005F0E4F8204653EC102B294606F056FBC2
:1047900053EC182B06F09CF9CDE904010C46099B5B
:1047A00023B9864B2340984500F0C181189958469B
:1047B00004F032FD3946584604F02EFD5146584665
:1047C00004F02AFD4946584604F026FD129C58463E
:1047D000616804F0FBFC0746002800F05281226962
:1047E0000232920004F10C010C30FDF711FC9DED3A
:1047F000048B1AAA19A95846B0EE480AF0EE680AC6
:1048000005F034F91890002800F012810121584673
:1048100004F008FE8246002800F03381199B002B2B
:10482000C0F221810D9A139E03EB0208099A1A9C8B
:104830009B1A2344624A013B9342C4F13604FFF6BB
:10484000EBAE002310930125F1E69FED578B079AFD
:104850000AB1179B1360089B002B3FF450AD18EE74
:10486000901A18EE102A01F1004343EC182B46E58C
:104870000023CDF85C800E9365E501230C935CE585
:104880004FF0010C08F10203179398F802409EE5DF
:104890004FF0000CF6E700258AE500220892791C0B
:1048A00017917A78002A3FF424AD0F4696E401224E
:1048B0000892F4E7452C3FF413AD01230C9344E533
:1048C0003FF481AE644214F00F020AD03D4B03EB7B
:1048D000C203DDE90401D3E9002306F0D9FBCDE9E9
:1048E000040124113FF46FAE1F2C40DC14F01003C0
:1048F00018BF6A230993DDE90423DFF8CC804FF069
:10490000000C14F0010F1046194607D0D8E9002317
:1049100006F094FA4FF0010C02460B46641008F1C1
:104920000808EED1BCF1000F01D0CDE90423099BAA
:10493000A3B1DDE90401C1F30A52C2F16B03002BFC
:104940000ADD1F2B40F327830020342B049040F313
:104950008E834FF05C7305936A230993DDE90401AC
:104960000022002306F0D2FC00283FF42EAE2223C2
:104970009FED0D8BCBF8003069E71633FFF6C0AD25
:10498000DDE90D329A1A0F4B03EBC203DDE9040196
:10499000D3E9002306F07CFB41EC180B57E700BF7E
:1049A0000000C0FFFFFFDF4100000000000000002A
:1049B0000000F03F0000E03F0000E07F0000F07FDB
:1049C00002FCFFFF50940308F8920308BE4B2046F8
:1049D0002946002206F032FA0E9BCDE91001002B89
:1049E00063D101F100430A900B9395E651461A46B4
:1049F000584604F0FBFD8246002842D00146189A32
:104A0000584604F03DFD00283BD00E9018995846BA
:104A100004F002FC0E9B1893002C7FF720AE18992F
:104A20002246584604F03CFE189000287FF417AE4A
:104A300005469FED978B2223CBF800302946584638
:104A400004F0EAFB3946584604F0E6FB5146584666
:104A500004F0E2FB1299584604F0DEFB4946584642
:104A600004F0DAFBF3E6139ADDF83480D61ADDE6BB
:104A700039463246584604F013FE074600287FF4B4
:104A8000F5AD189DD5E73946139A584604F0AEFDAA
:104A9000074600287FF4E7ADF3E78C4AD31A0122DA
:104AA00002FA03F310931546C1E59DED107B8DEDE1
:104AB0000A7B31E69FED787B8DED0A7B8DED107BD7
:104AC0002AE6A6F154730593DDE9044545EC104B45
:104AD00004F03CFFDDE90A2351EC100B06F0AEF9BF
:104AE00022462B4605F0F4FF794A7A4B0A409A4257
:104AF000CDE9040179D918EE902A03F154739A4252
:104B000003D118EE103A0133BBD0734C4FF0FF3392
:104B1000CDE904344AE69DED048B98E69FED607B79
:104B20008DED0A7B9FED5C7B8DED107BF4E5DDE97F
:104B300010562846314606F053FE06F051F902465B
:104B40000B462846314605F0C1FF0E9D049EC4F376
:104B50001304354302460B462543CDE90E2325D1E8
:104B600051A3D3E9002306F0DBFB00283FF41EAE7F
:104B70009DED048B189D61E70293089B019318AB90
:104B80000093564A19AB17A9584601F073FE10F06E
:104B90000F0504463FF459AE062D40F0A9800137B9
:104BA00000239FED438B1797089350E642A3D3E968
:104BB000002306F0B5FB0028DAD1DDE90E0140A3A1
:104BC000D3E9002306F0CAFB00283FF4EFADCFE79E
:104BD000049B012BA2D1002EA0D1189C22239FED73
:104BE000348B2546CBF8003028E701F15474059446
:104BF000D5E53B4901223846FBF766FF002800F067
:104C0000BA804FF000094E464846CDF834904D46E4
:104C1000CDF83090CA46FFF792BB44F61F63994225
:104C2000A8BF19460E9105E40C982E4901EBC0016E
:104C3000DDE90423D1E9000106F000F941EC180B8D
:104C400005E66E2C3FF492ABFFF753BB264917A83D
:104C500004F07CF900283FF44CAB179B2349013B3F
:104C600017A8179304F072F910B9179B0133179323
:104C70009FED078BEBE522239FED058BCBF80030F2
:104C8000E5E59DED107B8DED147B6FE5AFF30080C6
:104C9000000000000000F07F000000000000F03F76
:104CA000000000000000F0BF9535A094FFFFCF3F4B
:104CB00000000000000000009535A094FFFFDF3FDA
:104CC00035E5AF350000E03F0000E03FE2FBFFFFCD
:104CD0000000F07FFFFF9F7CFFFFEF7FD092030873
:104CE00014B303085094030818B303081CB3030853
:104CF000189A3AB135211AA804F068FF1899584655
:104D000004F08AFA013D199B042D00F2DE81DFE8F0
:104D100005F0032C291E03001A9A049203F2334271
:104D20001B9B23F4801343EA02530593E20502D54B
:104D300043F000430593B64A1A409DED048B002AC8
:104D40007FF485AD02F052F9222303607FE54FF036
:104D5000FF326FF00043CDE90423E3057FF5DBAEBE
:104D6000059BE5E7AA4B0593F7E7DDE91A121B9BC4
:104D7000CDE90412DAE7179A1346013217925C78EC
:104D800006468146FFF761BA0020FFF76BBAAA46D4
:104D90000D90FFF77CBA9FED9A7B8DED0A7B9FED1E
:104DA0009A7B8DED107BB7E40E9BDDF840C09949EE
:104DB000A846C6F31302002B49D08A4200F0F380C4
:104DC000BCF1000F37D1049B1D4237D0B0EE480A2A
:104DD000F0EE680A04F0BAFD099B51EC100B002BB1
:104DE00000F04D81C6F30A53C3F16B03002B07DDBE
:104DF0001C0504F17F53002203F5401306F01EF852
:104E000002460B4651EC180B05F062FE41EC180B04
:104E1000814B51EC180B002206F010F841EC180BF6
:104E20007B4B18EE902A1340002B7FF4A3AE222375
:104E3000CBF800309EE61CEA060FC7D1099B002B79
:104E4000E6D197E602F154730593FFF7BCBB002A45
:104E500064D1DDE90401002840F09680099B002B15
:104E600040F0F48021F00044240D2405A4F58014C2
:104E70006FEA14536FEA035305934FF0FF33049323
:104E80009DED048B189DD9E5644917A81AAA04F072
:104E900079F805287FF475AA1B9B43F0FF4343F480
:104EA000E00305931A9B04939DED048BCFE4DDE9A9
:104EB00004010E9B0343C1D1C1F31303002BBDD1E9
:104EC00021F00044240D2405B4F1D66F2546B5D950
:104ED000D9F814301BB9D9F81030012BAEDD494692
:104EE0000122584604F0DCFB5146814604F050FC98
:104EF0000028A3DD099B002BB8D0A5F580156FEA2B
:104F000015536FEA035305934FF0FF3304939DED60
:104F1000048B7DE74FF00009FFF737BBBCF1000FB2
:104F20002DD1049B1D4289D0B0EE480AF0EE680AEC
:104F300004F00CFD099B51EC100B002B72D0C6F352
:104F40000A53C3F16B03002B07DD1C0504F17F53EB
:104F5000002203F5401305F071FF02460B4651ECA9
:104F6000180B05F0B3FD02460B4643EC182B00224C
:104F7000002306F0CBF900283FF44AAF2DE61CEAE7
:104F8000060F3FF45BAFCFE7BCF1000FF7D128422B
:104F90003FF454AFC8E74FF0FF3202FA03F3049A2C
:104FA0001A400492D8E4099B0499B3B1184A3240DC
:104FB000B2F1D46F11D8120DC2F16B024FF0FF3075
:104FC00000FA02F291420BD0BCF1000F7FF433AF34
:104FD00011EA080F3FF432AFF8E64FF0FF32F1E785
:104FE0000F4A964255D00A4A324002F58013059383
:104FF000002304939DED048B20E700BFAFF30080F6
:10500000000000000000E0BF000000000000E03FE2
:105010000000F07FFFFF0F0000005039E49203080A
:10502000FFFFEF7F02460B4651EC180B05F04EFDDB
:10503000189C02460B4643EC182B00220023254601
:1050400006F064F900283FF4F9ACC7E5244D35407B
:10505000B5F1D66F3FF651AFB5F15C7F3FF6D8AEF4
:1050600022239FED1B8B189DCBF80030E6E4C2F1A4
:105070004B024FF0FF3393400B4005936CE4024624
:105080000B4651EC180B05F023FD189D41EC180B55
:10509000D4E40131A7D122239FED0F8B189DCBF8CB
:1050A0000030CBE40D9B082D03440D9302DC6546D4
:1050B000FFF7E5B8BCF1100FDCBF09EB890902EB83
:1050C000490965460020FFF7DFB800232EE600BF40
:1050D0000000000000000000000000000000F07F61
:1050E0000000F07F014BFFF703B800BF4C03002026
:1050F00010B4054C8446134620685DF8044B0A46FC
:105100006146FEF7F5BF00BF1802002010B4054C41
:10511000054B84460A4620685DF8044B6146FEF75D
:10512000E7BF00BF180200204C0300202DE9F0412A
:10513000DFF8A480044613462DED028B0A46D8F80A
:1051400000002146FEF7D4FF55EC104B22462B46BB
:105150002046294606F00CF950BB2046294606F0A9
:1051600065F908EE100ADFED197AB0EEC87AB4EEF0
:10517000677AF1EE10FA15DD25F00047144B4FF079
:10518000FF322046394606F0F3F838B9104B4FF09D
:10519000FF322046394606F0CDF818B1D8F8003075
:1051A00022221A60B0EE480ABDEC028BBDE8F08105
:1051B000002D084804DAFEF741FEB1EE408AF1E71F
:1051C000BDEC028BBDE8F041FEF738BEFFFF7F7FEC
:1051D000FFFFEF7FECB30308180200202DE97043B6
:1051E0002C4E2D4B04460A462DED028B214630688D
:1051F000FEF77EFF55EC104B22462B4620462946F3
:1052000006F0B6F8C0BB2046294606F00FF908EEB6
:10521000100ADFED227AB0EEC87AB4EE677AF1EECA
:1052200010FA1ADD25F000491D4B4FF0FF322046E1
:10523000494606F09DF838B9194B204649464FF0CB
:10524000FF3206F077F840B1336822221A60B0EEE0
:10525000480ABDEC028BBDE8708318EE103A13F0DB
:10526000FF4FF4D10F4B2B40002BEDD1B0EE480A8D
:10527000BDEC028BBDE87083002D0B4804DAFEF70D
:10528000DDFDB1EE408AE2E7BDEC028BBDE8704384
:10529000FEF7D4BD180200204C030020FFFF7F7FE3
:1052A000FFFFEF7F0000F07FECB3030842B110B5C1
:1052B0000B4910461446FBF7E3F918B9094810BD2D
:1052C0000848704707492046FBF7DAF90028F5D06F
:1052D00005492046FBF7D4F90028EFD0002010BD87
:1052E00028B3030824B30308ECB30308014B93F875
:1052F000280170474C03002041B110B50C462046F0
:105300000A49FBF7BDF918B9094810BD08487047AC
:1053100007492046FBF7B4F90028F5D00549204697
:10532000FBF7AEF90028EFD0002010BD28B303082A
:1053300024B30308ECB303080000000000000000E1
:1053400001F0FF01102A2BDB10F0070F08D010F836
:10535000013B013A8B422DD010F0070F42B3F6D13A
:10536000F0B441EA012141EA014122F007047FF053
:1053700000070023F0E80256083C85EA010586EAAA
:10538000010685FA47F5A3FA87F586FA47F6A5FAE6
:1053900087F68EB9EED1F0BC01F0FF0102F00702F2
:1053A00032B110F8013B013A83EA010313B1F8D19D
:1053B0000020704701387047002D06BF354603387E
:1053C000073815F0010F07D1013015F4807F02BFB7
:1053D000013015F4C03F0130F0BC0138704700BF08
:1053E0002DE9F04FBFB00C46079192460993089003
:1053F000FEF776FE036810931846FAF7C1FFA389FB
:105400000F901E0603D52369002B00F0A8869FEDA0
:10541000A47B0023CDE92233CDE911338DED0C7B44
:105420002EAA0E93219291460593D3469BF8003005
:10543000002B00F042815C4604E014F8013F002B91
:1054400000F01981252BF8D1B4EB0B0540F0168143
:105450002378002B00F031814FF000038DF8673086
:1054600000276378049704F1010B4FF0FF3A0BF12A
:10547000010B9846A8F12003582B00F22B81DFE89E
:1054800013F05202290129014D02290129012901A4
:1054900029012901290115024702290120022502BB
:1054A0002901420259005900590059005900590078
:1054B000590059005900290129012901290129010F
:1054C000290129012901290129016800A4012901D3
:1054D000A40129012901290129017D0229012901AC
:1054E000950029012901290129012901A600290185
:1054F000290146062901290129012901290129013A
:1055000029012901290129016F026A00A401A401CE
:10551000A4016A026A00290129015D022901B90278
:105520009700A802A302290182022901A8002901EB
:1055300029016606A8F1300300221BF8018B02EB5B
:10554000820203EB4202A8F13003092BF5D9049241
:1055500090E747F01007BD0640F17781099B0733BC
:1055600023F007031A46596852F8083B09920A4685
:105570000029C0F29581BAF1000F9DF8674007DB62
:1055800027F08001029153EA020100F0B283029FEA
:105590000A2B72F1000180F06D8630338DF8B73040
:1055A0000123029706930DF1B70550E047F010076D
:1055B00017F0200200F06081099B073323F00703F6
:1055C00019465A6851F8083B099100210FE047F04D
:1055D000100717F0200200F04581099B073323F0E4
:1055E000070319465A6851F8083B09910121002424
:1055F000BAF1000F8DF8674007DB27F080000290BA
:1056000053EA020000F07683029F0129C0D00229EC
:1056100000F0F1822EAD03F00701DB0843EA42738C
:10562000D208303153EA0206284605F8011DF2D1AE
:10563000FB0740F1EE82302900F0EB823023023884
:1056400005F8013C2EAB1B1A029706930546069BF4
:105650005345B8BF5346039300230B9314B1039BE8
:1056600001330393029B13F0020345D0039B0233E3
:105670000393022340E0B4EB0B051ED0239B2B4485
:105680002393229B0133072BC9E900B522930BDC3E
:1056900009F10809059B2B440593D9E6AFF3008077
:1056A0000000000000000000DDE9071021AA03F05F
:1056B0000FFC30B90DF1B809ECE7239B002B40F04B
:1056C0003C87079B9B895B0601F10C8005983FB0E6
:1056D000BDE8F08FB8F1000FEFD000238DF86730F0
:1056E00001238DF890800393069324AD4FF0000AB8
:1056F0000297CDF82CA05346029A239C12F0840204
:105700000A9205D1DDE90312561A002E00F3048334
:105710009DF867208AB1229A0DF1670101320134A8
:10572000C9F80010072A4FF0010123942292C9F80A
:10573000041000F32A8309F1080983B1229A1AA9F7
:1057400001320234C9F80010072A4FF002012394F5
:105750002292C9F8041000F3268309F108090A9B74
:10576000802B00F0BD81069BAAEB0306002E00F300
:10577000F981029BDE0500F14A81069BC9F80430DD
:105780001C44229BC9F800500133072B2394229319
:1057900000F3588209F10809029B5A0705D5DDE993
:1057A00003239D1A002D00F30A83DDE904230399E6
:1057B0008A42ACBF9B185B180593002C40F02E82E8
:1057C000002322930DF1B80930E6099B073323F03B
:1057D0000703B3EC027B55EC174B099325F000430C
:1057E00015938DED147ADDE91401B74B4FF0FF32BC
:1057F0008DED0C7B05F0BCFD002840F01084DDE948
:105800001401B14B4FF0FF3205F094FD002840F039
:105810000684002200232046294605F081FD002849
:1058200040F025869DF86740A84D27F0800302933D
:10583000A74BB8F1470FD8BF1D464FF0000A03230E
:1058400003930693CDF82CA008E7099AFC0652F8BA
:10585000043B09921FD478061DD543F3C03211468C
:105860001BB285E6099951F8043B099117F0100124
:1058700000F0CD830121BAE6099951F8043B099162
:1058800017F010017FF4A1AE17F040023FF49DAE77
:105890000A469BB299E6DA1711460029BFF66BAEAD
:1058A0005B4262EB42022D240121A1E6099B53F8E1
:1058B000042B0492002A80F2A283049A0993524294
:1058C00004929BF8003047F00407D0E55A4612F8DE
:1058D000018BB8F12A0F00F04E87A8F13003092B95
:1058E00098BF4FF0000A00F2B98612F8018B0AEB5C
:1058F0008A0A03EB4A0AA8F13003092BF5D94AEAD0
:10590000EA7A9346B6E59BF8003047F08007AEE5AB
:105910002B238DF867309BF80030A8E59BF800300A
:1059200047F00107A3E59DF867209BF80030002AA7
:105930007FF49DAD20228DF8672098E59BF800301C
:105940006C2B03BF9BF8013047F020070BF1010BD4
:1059500047F010078BE59BF8003047F0400786E5DD
:10596000099B00228DF8672053F8042B099301232B
:105970008DF890200393069324ADB7E69BF8003092
:1059800047F0080773E5099C54F8045B00268DF87E
:105990006760002D00F01285BAF1000FC0F21A8482
:1059A000524631462846FFF7CBFC002800F04586DA
:1059B000431B069323EAE3730994B2469DF86740BC
:1059C000029703930B9649E69BF8003047F02007B7
:1059D0004DE5099A52F8043B099247F63002ADF8BA
:1059E00068203C4A119247F00207002202214FF042
:1059F0007808FCE5BD0640F18183099B059A1B6888
:105A00001A60D2175A60099B043309930EE5B8F166
:105A1000650F40F32381DDE90C010022002305F02E
:105A200075FC002800F00782229B2B4AC9F8002051
:105A3000013301340122072B23942293C9F8042057
:105A400000F3958409F108091B9B0E9A934203DB2E
:105A5000029BDD077FF5A0AE0F9B109A1C44C9E99D
:105A60000023229B23940133072B229300F3998474
:105A700009F108090E9B5D1E002D7FF78DAE102DDC
:105A8000229B164F40F3D380DDE907A8102605E0DE
:105A900009F10809103D102D40F3C980013310347D
:105AA000072BC9E90076CDE92234F1DD21AA514660
:105AB000404603F00DFA00287FF403AEDDE92234FE
:105AC0000DF1B809E6E700BFFFFFEF7F34B303082D
:105AD00030B3030840B3030880B2030830930308CF
:105AE000DDE903239E1A002E7FF73DAE102E229B88
:105AF000B74F24DD4A462146A946DDE9075404E0B4
:105B0000103E102E02F1080216DD01331031102074
:105B1000072BCDE9223117605060F1DD21AA29461B
:105B2000204603F0D5F900287FF4CBAD103E102EAF
:105B3000DDE922312EAAE8DC4D460C4691460133C0
:105B40003444072BCDE92234C9F80070C9F8046049
:105B500000F31A84069BAAEB0306002E09F108093C
:105B60007FF707AE102E229B994F2CDD4A46214627
:105B7000B1464FF0100A2E46DDE9075406E0A9F1C0
:105B80001009B9F1100F02F1080218DD0133904835
:105B90001031072BC2E9000ACDE92231EFDD21AA3D
:105BA0002946204603F094F900287FF48AADA9F134
:105BB0001009B9F1100FDDE922312EAAE6DC3546D5
:105BC0000C464E46914601333444072BCDE922342E
:105BD000C9F80070C9F8046000F3EA8109F1080906
:105BE000C7E50129029F4FF000033FF4D6AC02291C
:105BF0001A467FF40FAD11982EAD03F00F011B096B
:105C0000415C05F8011D43EA0273120953EA0201DF
:105C1000F3D12EAB5B1B0297069318E5DDE9071065
:105C200021AA03F055F900283FF4CAAD49E5013334
:105C30002C44072BC9F80070C9F80450CDE9223470
:105C40007FF7A8ADDDE9071021AA03F041F900288C
:105C50007FF437AD239C0DF1B8099DE50E9B229E84
:105C6000012B04F1010406F1010609F1080840F3D3
:105C70005B810123072ECDE92264C9F80050C9F8E1
:105C8000043000F3A2810F9B109A01361C44072EAA
:105C9000C8E90023CDE9226400F3A48108F10808D3
:105CA0000E9BDDE90C0103F1FF390022002305F012
:105CB0002DFB002840F05381013601354C44072E5E
:105CC000CDE92264C8F80050C8F8049000F33A8186
:105CD00008F10808129BC8F8043001361C44072E4E
:105CE0001DABCDE92264C8F80030ABDC08F108092F
:105CF00052E50121BAF1000F7FF473AF002940F0A3
:105D00000E8117F00103069300F07E8130238DF899
:105D1000B7300DF1B7059AE4102E229A2D4F26DDEB
:105D200049462046A9461393DDE9075404E0103E96
:105D3000102E01F1080116DD013210301023072A60
:105D4000CDE922200F604B60F1DD21AA29462046D3
:105D500003F0BEF800287FF4B4AC103E102EDDE94D
:105D600022202EA9E8DC139B4D46044689460132C9
:105D70003444072ACDE92224C9F80070C9F8046028
:105D800000F3B28209F10809C2E4DDE9071021AA93
:105D9000139303F09DF800287FF493AC239C139B8E
:105DA0000DF1B809C9E4DDE9071021AA03F090F864
:105DB00000287FF486AC239C0DF1B809CFE4102DA8
:105DC000229B044F24DDDDE907A8102609E000BF6F
:105DD0003093030820930308103D102D09F10809A2
:105DE00016DD01331034072BC9E90076CDE92234E2
:105DF000F2DD21AA5146404603F06AF800287FF4FC
:105E000060AC103D102DDDE922340DF1B809E8DC5D
:105E100001332C44072BC9E90075CDE922347FF703
:105E2000C4ACDDE9071021AA03F052F800287FF482
:105E300048AC239CB9E41B99002940F364820B9F72
:105E40000E9B9F42A8BF1F46002F0BDD229B0133F4
:105E50003C44072BC9E900572394229300F3CF83D6
:105E600009F108090B9E002FA8BFF61B002E00F3B6
:105E700085811B9B0E9A934280F26C810F9A109938
:105E80001444C9E90012229A23940132072A22926B
:105E900000F3F28209F108090E9A0B99D31A561AE7
:105EA0009E42A8BF1E46002E0EDD229AC9F804604D
:105EB00001320D443444072AC9F800502394229239
:105EC00000F3A98309F10809002EACBF9D1B1D46F4
:105ED000002D7FF761AC102D229BBB4F7FF7A7AE43
:105EE000DDE907A8102605E009F10809103D102D8D
:105EF0007FF79DAE01331034072BC9E90076CDE959
:105F00002234F1DD21AA5146404602F0E1FF00288B
:105F10007FF4D7ABDDE922340DF1B809E6E7CDF81F
:105F200018A02EADFFF793BB029BD9073FF5A1AE9A
:105F30000123072ECDE92264C9F80050C9F80430C6
:105F40007FF7C8AEDDE9071021AA02F0C1FF0028E3
:105F50007FF4B7ABDDE922640DF1B808BAE60E9B19
:105F6000012B7FF7B7AE112B974F40F36582DDF819
:105F700020A0102507E008F10808A9F11009B9F1DF
:105F8000100F40F3598201361034072EC8E900750E
:105F9000CDE92264EFDD079921AA504602F098FF6F
:105FA00000287FF48EABDDE922640DF1B808E4E748
:105FB000DDE9071021AA02F08BFF00287FF481ABF6
:105FC000239C0DF1B809FFF7D4BBDDE9071021AA26
:105FD00002F07EFF00287FF474ABDDE922640DF14E
:105FE000B80850E6DDE9071021AA02F071FF002889
:105FF0007FF467ABDDE922640DF1B80850E6099340
:106000009BF80030FFF733BA2EADFFF720BB17F037
:1060100040021CBF0A469BB20121FFF7E8BADDE946
:106020000C0102460B4605F0A3F9002840F05F83FF
:10603000BAF1FF3F28F0200600F0FC82472E04D181
:10604000BAF1000F08BF4FF0010ADDE90C0147F477
:10605000807200290292C0F229829DED0C7B8DEDA9
:10606000167B00230A93B8F1650F00F0F28200F36B
:106070002482B8F1450F00F0EC821FAB01931CABFA
:10608000009302219DED160B08981BAB524601F0C0
:10609000F9FBF907054640F1A88000EB0A04DDE9A9
:1060A00016010022002305F031F9002840F0258276
:1060B0001F9BA34206D230215A1C1F9219701F9BAE
:1060C0009C42F9D81B9A0B925B1B472E0E9300F053
:1060D0009180B8F1660F40F093800B9A07F00103AE
:1060E000002A43EA0A0340F36182002B40F019833F
:1060F0000B9B039306934FF0660814E2FC066FD4E3
:1061000078066DD5099B059A1B681A807BE42F4B96
:10611000119317F0200200F09F80099B073323F0B2
:10612000070319465A6851F8083B0991F90740F1ED
:10613000908053EA020100F08C8030218DF86810C5
:106140008DF8698047F002070221FFF750BA204B13
:106150001193DEE7029AD0077FF59EAE8EE608988F
:10616000402101F04DF8079B18601861002800F0ED
:10617000B682079A40235361FFF749B9102E229B3C
:10618000114F40F3668122464FF01008DDE9074ABF
:1061900005E009F10809103E102E40F35981013342
:1061A0001032072BC9E90078CDE92232F1DD21AAAE
:1061B0002146504602F08CFE00287FF482AADDE9D9
:1061C00022320DF1B809E6E730930308A4970308DB
:1061D00040B303082846FAF7D3F80346FFF7E9BBB4
:1061E000099B059A1B681A600DE41F9B1B1A0E93EE
:1061F0001B9B0B930B9BDA1C80F28381A8F1020896
:106200000B9B8DF87480591E00291B91B6BFC3F1FA
:1062100001012B232D2309298DF8753000F39C8172
:10622000302330318DF8763004238DF877101293B7
:106230000E9A129B012A1344069340F31482069B84
:106240000F9A1344069323EAE373039300230B93FB
:1062500069E10221FFF7CBB9099951F8043B099193
:1062600017F010017FF462AF17F040021CBF9BB221
:106270000A465BE7CDE90287B34E2EAD4FF0050E1F
:10628000991841F10001A6FB010727F0030000EB7C
:106290009700091A581A9846944662F100034FF085
:1062A000CC3202FB00F206FB0322A0FB063003F017
:1062B00001070244A7FB0E074018B8F10A0F4FEA86
:1062C000530300F130007CF1000C43EAC27305F87F
:1062D000010D4FEA5202D3D2DDE902872EAB5B1BE0
:1062E00002970693FFF7B3B9DDE9071021AA1393CC
:1062F00002F0EEFD00287FF4E4A9239C139B0DF12E
:10630000B809FFF705BA229B904AC9F8002001336B
:1063100001340122072B23942293C9F8042000F3AF
:10632000B88009F10809002952D1029B0E9A03F0A6
:10633000010313433FF430AA0F9B10991A19C9E9BE
:106340000013229B23920133072B229300F3378102
:1063500009F108090E99C9F8005001338C18072B70
:10636000CDE92234C9F804107FF714AA6AE4DDE904
:10637000071021AA02F0ACFD00287FF4A2A9239CFB
:106380000DF1B809FFF760BBDDE9071021AA02F0A3
:106390009FFD00287FF495A9239C0DF1B809FFF714
:1063A000E2B9DDE9071021AA02F092FD00287FF48E
:1063B00088A9239C0DF1B809FFF75CBB5346062B57
:1063C00028BF0623624D069309940393FFF78EB905
:1063D0000F9B10981A19C9E90003229B23920133DD
:1063E000072B229300F3EB8009F108090029B1DAA9
:1063F0004E421031574F80F23F81DDE907A810244B
:1064000005E009F10809103E102E40F335810133F3
:106410001032072BC9E90074CDE92232F1DD21AA3F
:106420005146404602F054FD00287FF44AA9DDE9B8
:1064300022320DF1B809E6E701364C44072ECDE9CA
:106440002264C8F80070C8F804907FF741AC79E581
:10645000144601333444072BCDE92234C9F80070C7
:10646000C9F8046000F3B98009F1080901E52D2499
:106470008DF86740FFF7D8B9DDE9071021AA02F0CF
:1064800027FD00287FF41DA91B9B239C0DF1B80953
:1064900002E5DDE9071021AA02F01AFD00287FF4C9
:1064A00010A91B99239C0DF1B8093CE701F10043A9
:1064B00017932D2316900A93D5E5B8F1660F7FF454
:1064C000DCADCDF80CA00321039C08981FAB019311
:1064D0001CAB009322469DED160B1BAB01F0D2F9CD
:1064E000B8F1660F054604447FF4D9AD2B78302B04
:1064F00000F0E7801B9B1C44D1E51B9A0B922346BE
:10650000E2E59A45FFF67AAE0E9B0B9A934200F3B2
:10651000CB80FE070B9B00F1FB8023EAE372039222
:1065200006934FF067080A9B002B62D02D238DF84D
:1065300067304FF0000AFFF792B8DDE9071021AA93
:1065400002F0C6FCFFF7BDB8CDCCCCCC80B20308BE
:1065500054B30308309303080DF183048D4E234692
:106560001846A6FB0123DB0803EB8302A1EB4202E2
:10657000303200F8012C0A46632A194600F1FF3335
:10658000EEDC303103F8011C831EA34280F0FE8054
:106590000DF1750213F8011B02F8011FA342F9D196
:1065A0003EAB181AA0F17103129341E6002B40F0A4
:1065B000D080012303934FF066080693B3E7DDE92B
:1065C000071021AA02F084FC00287FF47AA8DDE9F4
:1065D00022321B990DF1B80908E7DDE9071021AA5D
:1065E00002F076FC00287FF46CA8239C0DF1B8091A
:1065F0003FE4DDF828A09DF86740FFF72FB8DDE9FC
:10660000071021AA02F064FC00287FF45AA8239CFA
:106610000DF1B80926E4DDE9071021AA02F058FCC3
:1066200000287FF44EA81B9B0E9A239CD31A0DF1D1
:10663000B80949E44FF0060A07E50994CDF80CA023
:10664000CDF818A09DF86740029782460B90FFF79F
:1066500005B80AF101030393022135E793464FF091
:10666000000AFEF707BF17F001020B927FF4E7ADB7
:1066700023EAE373039356E701333244072BCDE952
:106680002232C9F80070C9F804607FF761AEDDE915
:10669000071021AA02F01CFC00287FF412A8DDE9F3
:1066A00022320DF1B80955E6DDE90E3213440B9A9A
:1066B0000693002A41DD23EAE37303934FF0670852
:1066C00031E7DDE916010022002304F01FFE002857
:1066D0004BD01B9B0B931C44631B0E93FDE4089A49
:1066E0000C2313604FF0FF330593FEF7EFBF0D9BB4
:1066F000294D002BB8BF2D2427F080030293A8BF9B
:106700009DF86740254BB8BF8DF86740FFF791B8FB
:106710000F9A1344069323EAE37303934FF0670839
:1067200001E70F9B0AEB030808EB0203069323EA39
:10673000E37303934FF06608F5E60B9B069AC3F1EB
:1067400001031A4422EAE273069203934FF06708AA
:10675000E9E60F9B03F1010808EB0A03069323EA1D
:10676000E37303934FF06608DDE6039BC3F1010377
:106770001B931C4493E409999BF8013051F804AB36
:10678000099193464AEAEA7AFEF771BE0223129310
:106790004EE500BFCDCCCCCC3CB3030838B30308E6
:1067A00070B50C46084D03460026204611461C468F
:1067B0002E6006F0BBF9431C00D070BD2B68002B87
:1067C000FBD0236070BD00BFCC0F002006F09EB947
:1067D0002DE9F0410469B4EB611F05DC002303617E
:1067E00000234361BDE8F08100F114054E1111F062
:1067F0001F0C05EB840E05EB860321D055F82610FF
:1068000004339E4521FA0CF1CCF120082DD92F46F6
:106810001A6802FA08F20A4347F8042B53F8041BDB
:106820009E4521FA0CF1F3D8A31B9B00053B9B0866
:10683000013305EB830445F8231079B104340DE0EE
:106840009E4588BF00F11002C8D953F8041B42F8D6
:10685000041F9E45F9D8A41B05EB8404631B9B1001
:10686000AC420361BCD0BDE8F08141610029B5D0E4
:106870002C46E3E72DE9F04F0F6885B0CDE9002005
:10688000BA780393302A894640F0EC81FB1C1A78D1
:10689000302A1C4603F10103F9D0E71B023FDFF861
:1068A000008318F80230002B00F0EE80237818F8EF
:1068B00003304FF0000A5546002B00F06D8126464C
:1068C00016F8013F18F80330002BF9D1B349012223
:1068D0003046FAF7F9F8834600284CD03278002D7C
:1068E00000F0A181AB1B4FEA830B02F0DF02502ABC
:1068F00035464CD0C9F80060BAF1000F74D12A1B9C
:10690000013A072A514604DD5210072A01F101011C
:10691000FADC019802F05AFC8246002800F05F82FF
:1069200000F11406A542029666D90027B9460DE08B
:10693000202F1AD03A4604372B7818F8033003F08A
:106940000F03934049EA0309A54258D015F8013DC9
:106950002E2BEDD1A542EBD3904901222846FAF720
:10696000B3F80028F0D0202FE4D1002246F8049B91
:1069700004279146E0E7002D00F06581327802F0AF
:10698000DF02AB1B502A4FEA830B3546B2D16A783F
:106990002B2A00F046812D2A40F0D3800120AA78CE
:1069A00018F802104A1E182A05F1020600F2D380D8
:1069B000727818F80220103901365AB90CE001EB50
:1069C000810116F8013F02EB4102A2F1100118F813
:1069D00003200AB1192AF2DD00B149428B44C9F8FB
:1069E0000060BAF1000F8AD0002F0CBF06250025E9
:1069F000284605B0BDE8F08F029E4FF0000946F82A
:106A0000049B029BF61AB610CAF81060484602F0C2
:106A1000B7FC009B76011C68361AA64274DCC0F2F3
:106A200004810027009B9A685A45C0F23B81009B75
:106A30005A685A454BDDA2EB0B0B5C4500F38D8089
:106A4000DB68022B00F0DD80032B00F04A81012B74
:106A500040F0DB805C4540F0D880012C08D0611EFE
:106A6000504603F0E1F8002800F0CF80009B5A6800
:106A700003990A60029A0123CAF8103013600E9B32
:106A80006225C3F800A0B3E7444901222046FAF783
:106A90001BF88246002840F08580637818F80320B0
:106AA000651C002A00F08080302B2C4640F02481A9
:106AB00014F8013F302BFBD018F80330B3FA83FAF7
:106AC00001274FEA5A1A002B7FF4F9AE64E0012542
:106AD00087B1009BDA68022A6ED0032A70D0012A9F
:106AE00006D1B90704D5029B1A681743FA076AD47E
:106AF00045F010050E9BC3F800A0039B2846C3F881
:106B000000B005B0BDE8F08F361B3146504603F0AB
:106B10008BF8074678B1711E4A11029B012753F882
:106B2000220001F01F0207FA02F2024203D0B9422A
:106B300000F3C980022731465046FFF749FEB344AF
:106B400070E718F802104A1E182A05F101064FF0E6
:106B500000007FF62DAF2E46CCE60BF1FF36002F5E
:106B600040F0A980002E40F0A8807311029A06F030
:106B70001F0652F823200123B340134259465046C2
:106B800018BF47F00207FFF723FE009BA4EB0B049E
:106B90000225D3F804B09BE7264697E614B3030812
:106BA000409303082378254603F0DF03502B00F0C1
:106BB0009380C9F8005017E70F9BC3F101030F93AF
:106BC0000F9B002B94D0DAF81070029A4FEA8709D5
:106BD000904602EB8706002003E0964242F8040C40
:106BE00043D9944652F8041B4B1CF6D00131022DB8
:106BF000CCF8001079D014F01F0440F0A5802125B6
:106C000078E70F9B002B3FF433AF0198514602F019
:106C100003FB50250E9A00232846136005B0BDE8FB
:106C2000F08F0020BBE6AB465FE6A61B51460198FD
:106C3000324602F035FD00F11403ABEB060B824641
:106C400002930027EEE6727818F80210751C2E46A3
:106C500000293FF44AAE16F8012F18F80230002B35
:106C6000F9D13FE6BC1C002719E6DAF80820974264
:106C700044DA0AEB87017A1C0120022DCAF81020A1
:106C8000DDF80880486130D0002A6ADC0022CAF8AA
:106C900010200022CAF81420009B9A680BF1010B07
:106CA0005A45ACDA0198514602F0B6FA0E9A002322
:106CB000A32513609CE6012757E73146504602F0B2
:106CC000B3FF074651E7B11E504602F0ADFF002862
:106CD0003FF430AF03272EE74FF0000B4FF0010ACF
:106CE00055E60F9B002B90D0C2E6009B1A68013A34
:106CF000A24260D02225FDE60127E0E5DAF8041083
:106D00000198013102F062FA064600286DD0DAF8E7
:106D10001020023292000AF10C010C30FBF778F9D6
:106D20005146019802F078FA3269012006EB82019F
:106D3000022D0244326106F114084861B246D4D0F3
:106D40009742BFF658AF9FE7C144C4F1200459F8F9
:106D5000040C02F015FBA042BFF651AFDAF8102088
:106D600092E708EB82040AF11800DAF81420844252
:106D70004FEA52022BD94546036842EAC37245F8EE
:106D8000042B50F8042B84424FEA5202F4D8A4EBAF
:106D90000A0119398908013148F8212008EB8101DD
:106DA00002B10431A1EB080292104145CAF810204B
:106DB0007FF472AF6DE7621104F01F0458F82210DF
:106DC0000122A2400A4214BF2125222592E6C8F8DA
:106DD00000200AB14146E4E7CAF8102059E7064B03
:106DE00006485246E42102F0CBF9034B03483246F1
:106DF000842102F0C5F900BF5CB3030870B3030837
:106E000010B4034CD4F8E440A4465DF8044B60474A
:106E10004C03002082B049B15AB16BB113780B60BA
:106E20001278101E18BF012002B0704701A9002A75
:106E3000F3D1104602B070476FF00100F4E700BFD5
:106E4000B1F90C202DE9F04116070C4680464ED4CE
:106E5000496842F400630029A38163DDA56A002D1F
:106E600042D0002112F48052D8F80060C8F8001017
:106E7000E16964D101234046A847451C02466ED013
:106E8000B4F90C30A56AE169580705D56368D21AD0
:106E9000236B0BB1E36BD21A00234046A847431C77
:106EA0004FD1D8F80010B4F90C301D2940D8314A20
:106EB000CA40D7073CD52269226023F40062A28130
:106EC000DD044FF00002626001D5002945D0216B3E
:106ED000C8F8006041B104F14003994202D0404635
:106EE00001F0D0FC002323630020BDE8F0810E698F
:106EF000002EF9D00D680E6092070CBF4B6900237D
:106F0000AD1B8B600BE02B463246E169676A404659
:106F1000B847B0F1000CA5EB0C05664406DD002D6A
:106F2000F1DCE1E7E16B002998DCDDE7B4F90C3036
:106F300043F04003A3814FF0FF30BDE8F081226DA4
:106F4000A2E7B4F90C302269226023F40062A28126
:106F5000DB044FF000026260B9D52065B7E7D8F8CE
:106F60000030002B8CD01D2B01D0162BDED1C8F8A1
:106F70000060B9E70100402010B5044682B008B1B6
:106F8000436B53B1B1F90C0008B902B010BD2046F3
:106F900002B0BDE81040FFF753BF0191FBF70AFBB9
:106FA0000199EFE7A0B138B50C4B1D6804460DB14F
:106FB0006B6B4BB1B4F90C0000B938BD21462846C3
:106FC000BDE83840FFF73CBF2846FBF7F3FAF1E78E
:106FD000034A04490448FDF75FB800BF18020020C7
:106FE00040030020796F000820020020014B186840
:106FF000704700BF18020020FF289DBF024B185C9D
:1070000000F0080000207047A99103082DE9F04F17
:1070100085B08B460192604A03901E460D46294674
:1070200015F8014B135D13F00803F8D12D2C7ED019
:107030002B2C03BF2C7802938D1C02936EB9302C3D
:1070400000F086804FF00A09B246DFF850814FF019
:10705000050C4FF099374E4617E0102E6CD04FEAD2
:10706000E67A324653464FF0FF304FF0FF3104F0DE
:107070008BFB32460746884653464FF0FF304FF0B1
:10708000FF3104F081FBB1469446002210461146C0
:1070900010E0414508BFB84239D000FB0AF209FBB5
:1070A0000121A0FB09021144181841EBE3710122F0
:1070B00015F8014BA4F13003092B05D9A4F14103C4
:1070C000192B0CD8A4F137039E4210DD541CEFD0CD
:1070D000874278EB0102DCD24FF0FF32E8E7A4F1FF
:1070E0006103192B03D8A4F157039E42EEDC531C15
:1070F00012D0029B13B1404261EB4101019B1BB1D5
:1071000092B9019BC3F800B005B0BDE8F08F6345AC
:10711000C3DD4FF0FF32CBE7039922230B60019BC5
:1071200010461146002BEFD005F1FF3BE9E70123A4
:107130002C7802938D1C81E7302C19D04FF00F0C66
:107140004FF0FF376FF07048B1464FF0000A9CE7F0
:107150002B7803F0DF03582B0FD04FF00809B2460D
:107160004FF0070C4FF0FF376FF060484E468CE74A
:107170002B7803F0DF03582BE0D14FF010096C7827
:107180004FF00F0C02354FF0FF376FF070484FF0A3
:10719000000A4E4679E700BFA99103089999991909
:1071A00034E700BF10B4044C8446134620685DF8F1
:1071B000044B0A46614629E71802002010B4044C2B
:1071C0008446134620685DF8044B0A4661461DE775
:1071D0001802002038B50C46084D8446114620465A
:1071E0001A4600232B60644605F0B0FC431C00D017
:1071F00038BD2B68002BFBD0236038BDCC0F00209E
:107200002DE9F04F01F10B05162D83B0064623D86A
:10721000102900F2AF8001F057FE1025182302203C
:10722000C04F3B44A3F108025C68944200F0248103
:107230006368E268A16823F00303CA602344304610
:1072400091605A6842F001025A6001F03FFE083432
:10725000204603B0BDE8F08F35F0070500F18A80C5
:10726000A94200F2878001F02FFEB5F5FC7FC0F047
:107270006B816B0A00F08280042B00F22381AB0942
:1072800003F1390003F1380EC300A64F3B44A3F1CC
:10729000080C5C68A44507D10DE0002AE16880F283
:1072A000E5808C4507D00C46636823F003035A1B26
:1072B0000F2AF2DD7046DFF870823C69444500F029
:1072C000C280636823F0030CACEB05030F2B00F3C3
:1072D0003F81002BC7E9048880F22A81BCF5007F3A
:1072E000D7F804E080F0CE804FEADC0101314FEAAC
:1072F0005C1C012303FA0CF357F83120A2604EEA1C
:10730000030E07EBC103083BE360C7F804E047F84E
:107310003140D46083104FF0010C0CFA03FCF445AB
:1073200032D81CEA0E0F08D120F003004FEA4C0CB3
:107330001CEA0E0F00F10400F8D007EBC00AD64695
:107340008146DEF80C300BE0596821F003014A1B3E
:107350000F2A1C46DB6800F3C180002A80F2D5802A
:107360009E45F1D109F1010919F0030F0EF1080E44
:10737000E7D116E10C233360002469E74FF4007372
:1073800040204FF03F0E80E7BC68636823F003099C
:10739000A94503D3A9EB05030F2B57DCDFF88CB10C
:1073A000DBF8002004EB09031032082002EB05088B
:1073B000009301F0D9FBD7F808140131024605D03B
:1073C00008F1FF388044414201EA0808414630464E
:1073D000019201F0A9FDB0F1FF3F019A824600F051
:1073E000D280009B834200F2CC80DBF80410414441
:1073F000CBF80410084602F1FF3C40F0F4801AEA92
:107400000C0F40F0F080D7F808A0C84448F0010005
:10741000CAF80400DBF82C208A42DBF8302038BFA1
:10742000CBF82C108A4238BFCBF83010544620F0ED
:107430000308A845A8EB050301D30F2B06DC304653
:1074400001F044FD98E7D7F804E063E7621943F0E0
:10745000010345F0010565603046BA60536001F0F4
:1074600035FD0834204603B0BDE8F08FA268234400
:10747000D16030468A60E4E6DC68A3427FF4D8AE8F
:10748000023018E7BCF5206F4FEA5C2272D3142A51
:1074900000F2088102F15C03DB005B32F918FB5853
:1074A0000839994203D1E4E09B68994204D05A68B4
:1074B00022F003026245F7D8D968C4E902318C6032
:1074C000DC6027E7142B61D9542B00F2F4802B0BDE
:1074D00003F16F0003F16E0EC300D6E6D4F808C0C6
:1074E0003046661945F001056560CCF80C30C3F8EC
:1074F00008C042F00103C7E90466C6E90288736068
:10750000625001F0E3FC0834A2E6214430464A68A8
:1075100042F001024A6054F8082FD3609A6001F0EB
:10752000D5FC95E6C0040020C8040020940F00207C
:10753000A4443046DCF8043043F00103CCF80430B6
:1075400001F0C4FC083483E6E80805F1080367E6A7
:10755000621943F0010145F0010565603046C7E955
:107560000422C2E90288516044F80C3001F0AEFCFC
:1075700008346DE64FEA9C1202F13903DB00383221
:107580008CE7BC4228D0BC68606850E703F15C001F
:1075900003F15B0EC30078E65AF80839534540F012
:1075A000D78010F0030F00F1FF30F5D17B6823EA9C
:1075B0000C037B604FEA4C0C9C453FF6E5AEBCF1FA
:1075C000000F04D1E0E64FEA4C0C09F104091CEA73
:1075D000030FF8D04846B0E6DBF804004044CBF88F
:1075E000040002F1FF3CD7F8081401316DD0009B74
:1075F000AAEB03031844CBF804001AF00703009326
:1076000041D0C3F108018A44D0440A4408EA0C017D
:10761000521A02EA0C013046019101F085FC421C2D
:107620006FD00199A0EB0A0000EB0108DBF8042001
:10763000C7F808A048F001001144BC42CAF8040091
:10764000CBF804103FF4E6AEB9F10F0F40D96268F1
:10765000A9F10C0020F0070002F001020243626071
:10766000052322180F28C2E9013352D8DAF80400A2
:10767000D0E692104FF0010C0CFA02F24EEA020E24
:10768000C7F804E019E70AEB080101EA0C01521AF5
:1076900002EA0C013046019101F046FC431CC0D1C6
:1076A0000099C3E7542A17D84FEA1C3202F16F033E
:1076B000DB006E32F2E6B3F5AA7F17D8EB0B03F1CD
:1076C000780003F1770EC300DFE5C7F808A494E75C
:1076D0000123CAF80430B2E6B2F5AA7F23D84FEAF4
:1076E000DC3202F17803DB007732D7E640F2545205
:1076F000934223D8AB0C03F17D0003F17C0EC30051
:10770000C3E5009BA3F108029044A8EB0A080021FE
:107710008CE704F10801304601F0B4F8DBF80410FE
:10772000D7F808A0A2E740F254539A420CD84FEA87
:107730009C4202F17D03DB007C32AFE64FF47E73A6
:107740007F204FF07E0EA0E54FF47E737E22A5E6EB
:107750007B682FE7000000002DE9F04F03690C69FA
:10776000A34283B0C0F28A80013C01F1140500F10C
:10777000140855F8243058F8242001339A428E46D4
:1077800081464FEA840105EB840708EB840AB2FBCB
:10779000F3F63AD3CDE900150022AC464046134635
:1077A0005CF8041B05681FFA81FB06FB0B22090C21
:1077B0004FEA124B06FB01BB92B2A9B2891A1944D7
:1077C0001FFA8BF3C3EB214303EB154389B241EA64
:1077D0000341674540F8041B4FEA1B424FEA23432D
:1077E000DED2DDE9001558F8013073B9AAF1040AB8
:1077F000D04504D307E0D04504F1FF3403D25AF852
:107800000439002BF7D0C9F810407146484601F002
:10781000BFFF00282EDB4146002255F8040BD1F8AB
:1078200000C01FFA80FE1FFA8CF3A3EB0E03134473
:10783000020CC2EB234202EB1C429BB243EA02431E
:10784000AF4241F8043B4FEA2242E6D258F82420E6
:1078500008EB84036AB9043B434504D807E0984524
:1078600004F1FF3403D253F80429002AF7D0C9F8F1
:1078700010400136304603B0BDE8F08F002003B061
:10788000BDE8F08F2DE9F04F9DB0CDE90A320291AD
:10789000816B269D04908DED060B57EC106B49B162
:1078A000C26B4A600123934004468B6001F0B4FC34
:1078B0000023A363B7F10009B4BF012300232B60A9
:1078C000774BBCBF29F00049CDF81C9033EA09037F
:1078D00000F0AA809DED067B002251EC170B0023DF
:1078E0008DED007B03F012FD804668B10A9A0123FA
:1078F0001360279B13B1279A6A4B13606A4B059359
:1079000005981DB0BDE8F08F9DED000B04981AAAF4
:107910001BA902F0ABF85FEA1955824640F09A8045
:10792000DDE91A85454405F23243202B40F38C8370
:10793000C3F1400309FA03F905F2124326FA03F3EF
:1079400049EA030003F000FA0123013DA1F1F871B7
:107950001293564B002203F0B9F84BA3D3E900234E
:1079600003F06CFA4AA3D3E9002303F0B1F806460A
:1079700028460F4603F0F8F947A3D3E9002303F0A4
:107980005DFA02460B463046394603F0A1F806463A
:107990000F4603F003FD0022044609900023304601
:1079A000394603F0BDFC002840F02483099CA8EB75
:1079B000050808F1FF33162C089300F28C813C4B2C
:1079C00003EBC403D3E90023DDE9000103F0A8FCC5
:1079D000002873D0631E099300231193089B002B8A
:1079E000C0F27F8100230C93099B002B6CDA099B6A
:1079F0000C9A0D93D21A0C925A4200230993029BBF
:107A00001092092B6AD8052B40F32383043B029381
:107A10000025029B023B032B00F23886DFE813F0BF
:107A200070046D04650449040A9AC9F3130942F20B
:107A30000F7359EA060913601CD1279B002B00F035
:107A400045861C4B05930833279A059813601DB093
:107A5000BDE8F08FDDE90012C2F31303084643F0DE
:107A60007F51CDF84880A5F2FF35DDF8688041F4FC
:107A700040116EE7279B002B40F0F6830E4B0593D9
:107A80003EE700BFAFF3008061436F63A787D23F3B
:107A9000B3C8608B288AC63FFB799F501344D33FFD
:107AA0000000F07F81B2030880B203080000F83FB5
:107AB00050940308A4B30308B0B30308B8F1000F4F
:107AC00040F3A38411900C90DDE90832134408932D
:107AD00000231093029B0D92092B94D900230125BA
:107AE00002930E954FF0FF3B0B93049BCDF84CB0E7
:107AF0000021D963049801F069FB0590002800F08B
:107B0000CE85DDE90432BBF10E0F9A6300F21881D5
:107B1000002D00F015810D99002940F34684B34BE8
:107B200001F00F0203EBC203C805D3E900894FEA55
:107B3000211540F10884AE4BDDE90001D3E90823AB
:107B400003F0A6FACDE9140105F00F0503277DB176
:107B5000A74EE90708D540464946D6E9002303F079
:107B60006DF90137804689466D1006F10806F0D19F
:107B700042464B46DDE9140103F08AFA8046894605
:107B8000119B43B19B4B00224046494603F0C8FB82
:107B9000002840F00B85384603F0E6F842464B4695
:107BA00003F04CF9944B002202F092FFA1F15073C4
:107BB000CDE914011593BBF1000F00F0A8800D9BD7
:107BC000CDE918B34946404603F0E8FB189A874BC5
:107BD00003EBC20313ED027B05468DED167B03F02C
:107BE000C3F80B4602464946404602F06FFF059F28
:107BF0000E9B30357E1CECB2804689463546002B04
:107C000000F06C84DDE916237C49002003F040FA83
:107C1000DDE9142302F05AFF3C7042464B4604460D
:107C20000D4603F09BFB002840F0B884CDF850A02F
:107C3000CDF858B00027AB46A246189D2AE0013780
:107C4000AF4280F2FD846E4B50465946002203F04D
:107C5000F5F86B4B002282468B464046494603F0BE
:107C6000EDF88946804603F099FB044603F07CF862
:107C700002460B464046494602F028FF303406F8DB
:107C8000014B52465B468046894603F049FB00287B
:107C900040F0D38442464B465649002002F016FF7E
:107CA00052465B4603F03CFB0028C8D0199BDDF828
:107CB00050A0059A374603F1010802E0974200F010
:107CC0009B843E4617F8013D392BF7D00133DBB2D8
:107CD0003B7045467DE101231193089B002BBFF6C5
:107CE00081AEC8F101030C93002308937CE638466B
:107CF00003F03AF842464B4603F0A0F83E4B002210
:107D000002F0E6FEA1F15073CDE9140115933D4B4D
:107D100000224046494602F0D9FEDDE914452246DC
:107D20002B4606460F4603F019FB002840F07384EB
:107D300030463946224605F1004303F0F1FA28BBEC
:107D40001B9B002BC0F290800D9A0E2A00F38C80B2
:107D5000264B0D9A03EBC20393ED007B0B9B002B8C
:107D60008DED027B19DABBF1000F16DC0ED1254B2D
:107D70000022DDE9020103F061F802460B46DDE96D
:107D8000000103F0D7FA002800F045840023059E87
:107D900000931F460B9BDD432DE2059B5D1CDDE937
:107DA0000278DDE900013A46434603F071F903F039
:107DB000F5FA064602F0D8FF3A46434603F03EF88D
:107DC00002460B46DDE9000102F080FE059A06F14D
:107DD0003003BBF1010F2F46137000F02183012502
:107DE000CDF800A0A846DDE9029A2BE050940308E4
:107DF000409503080000F03F00001C400000E03FF9
:107E000000002440000014404A46534620462946BC
:107E100003F03EF903F0C2FA064602F0A5FF4A4617
:107E2000534603F00BF808F101080B4602462946B9
:107E3000204602F04BFE06F13003D84507F8013B1F
:107E400000F0EC82844B002202F0F8FF00220023B5
:107E500004460D4603F05AFA0028D5D00D9DDDF8F2
:107E600000A001353E46B4E00E9A002A40F0D880CA
:107E70000023109E0C9D0E931F4665B1089A002AA0
:107E800009DD0C99AA421346A8BF2B46C91AED1A60
:107E9000D31A0C910893109B53B10E9B13B1002E73
:107EA00040F0F7825146109A049801F09FFB8246F9
:107EB0000498012101F0B6FA099B0090002B40F0D4
:107EC000BE81029B012B40F3D4810120089A10440B
:107ED00010F01F0000F09B80C0F12003042B40F342
:107EE000E3810C9BC0F11C00034402440C93054445
:107EF00008920C9B002B05DD514604981A4601F0B0
:107F0000CFFB8246089B002B05DD009904981A469A
:107F100001F0C6FB0090119B002B40F07581BBF176
:107F2000000F40F34C810E9B002B40F0A4800D9D70
:107F30000135DDF81480009CDDF81090012607E083
:107F4000514600230A22484601F070F90136824664
:107F500021465046FFF700FCB34500F1300008F819
:107F6000010BEDDCBBF1000F059BCCBF5E4601268B
:107F7000814603EB060B002451460122049801F0D0
:107F80008FFB0099824601F003FC002840F3EE814C
:107F9000059A02E0934500F003825E460BF1FF3B39
:107FA00016F8013C392BF5D001338BF80030DDF8A1
:107FB00010800099404601F02FF957B12CB1BC4216
:107FC00003D02146404601F027F90498394601F0D4
:107FD00023F90498514601F01FF9002333700A9BDE
:107FE0001D60279B002B3FF48BAC05981E601DB0D5
:107FF000BDE8F08F204602F0B7FE32463B4603F064
:1080000085F900287FF4D2AC631E0993CEE41C23CB
:108010000C9A1A440C92089A1A441D44089268E774
:10802000029A012A40F3AD81109B0BF1FF36B34257
:10803000C0F26981BBF1000FA3EB060680F2EF826C
:108040000C9BA3EB0B056CE1C3F1200306FA03F0D4
:1080500078E40125DDE400BF000024403946002318
:1080600004980A2201F0E2F8139B002B074640F324
:10807000FF820D969B46002D05DD394604982A4661
:1080800001F00EFB0746099B002B40F0E681B84645
:10809000059E731E03EB0B04069B03F00103CDE961
:1080A0000B43049C00995046FFF756FB3946834624
:1080B000504601F06DFB009905464246204601F00E
:1080C00089FBC3680BF130090146ABBB09905046F0
:1080D00001F05EFB09990890204601F09DF8089A8E
:1080E000002A54D1029B1BB90C9B002B00F0AE82DE
:1080F000002D3FDB0B9BB3469E420BF8019B00F02B
:10810000C381514600230A22204601F08FF84745DB
:10811000824639464FF000034FF00A02204630D025
:1081200001F084F84146074600230A22204601F068
:108130007DF85E468046B5E7049801F06DF8002DA5
:1081400006DB069B03F00102029B1D432A4329D153
:1081500051460122049801F0A3FA0099824601F0E9
:1081600017FB002840F3F680B9F1390F00F049827F
:108170000BF131090D9D06F8019B3C460135474640
:1081800015E701F053F85E46074680468AE7002D62
:10819000C0F29382029B1D430C9B1D4300F08D8215
:1081A000002AA7DDB9F1390F00F02B820D9D09F1EE
:1081B00001033C4606F8013B01354746F7E6029BC2
:1081C000022B7FF7B0AEBBF1000F40F02581009984
:1081D00004985B46052201F029F8014600905046BC
:1081E00001F0D6FA002840F31781059E0D9D31233A
:1081F00006F8013B01350099049801F00DF80135AE
:10820000002F7FF4E2AEE4E60099504601F0C0FA98
:108210000028BFF684AE5146002304980D9C0A2224
:1082200001F004F80E9B661E8246002B7FF416AF09
:10823000139B002B40F311820D9D9B4679E601466E
:108240001A46049801F0D2F9029B0090012B6EDDD2
:1082500000230993009A136902EB8303186901F064
:108260008FF8C0F1200031E6984B05930333FFF7F8
:10827000EBBB069B002B7FF428AEDDE90612C2F3B0
:108280001303002B7FF421AE914B134033B10C9BB1
:1082900001330C93089B013308930123099A099336
:1082A000002A3FF412AED5E73FF423AEC0F13C0301
:1082B000AEE601230E930B9B0D9A134403F1010BC1
:1082C0005E46012E1393B8BF0126172E40F3F981A5
:1082D000012204235B0003F11400B042114602F1B5
:1082E0000102F7D9049BD96304E401230E930B9E8A
:1082F000002E36DD1396B346E7E700230E93DAE748
:1083000000230E93F3E7109B099A1096F31A1A4470
:10831000089B09925B4408930C9B1D465B440C939D
:1083200000260498012101F07DF80746A5E5069B8B
:10833000002B8DD1DDE90601C1F313030A46002BA2
:10834000A2D0099086E79DED007B02278DED147B7E
:10835000FFF7FDBB7FF40EAF19F0010F7FF404AF00
:1083600008E701230B939B46FFF7BFBB03D119F02E
:10837000010F7FF40DAE5E461BF8013D302BFAD0A5
:1083800015E6129A002A00F09C8003F23343089A03
:10839000109E1A4408920C9A15461A440C92C0E793
:1083A000059A31230135137001E600F0FA800D9A29
:1083B000484B554205F00F0203EBC203D3E90023FB
:1083C000DDE9000102F03AFD2D11CDE9140100F0C4
:1083D0005881414E0023022780468946EA0709D585
:1083E000D6E900234046494602F028FD0137804681
:1083F000894601236D1006F10806EFD1002B7FF4AA
:10840000BFABDDE91489FFF7BBBBC8F101030890DE
:108410000C931190FFF758BB059EBBE4DDF800A05C
:1084200002460B4602F054FB0D9DCDE900010135DB
:1084300002460B46DDE90201A84602F071FF40B991
:10844000DDE90023DDE9020102F060FF18B1F30766
:1084500001D5059A35E43E46BBE57968049800F0FD
:10846000B5FE0546002800F021813B6902339A00E1
:1084700007F10C010C30F9F7CBFD049829460122D5
:1084800001F00EF9804603E60D9D3C460135474656
:1084900072E5049C39463246204601F0A7F8524660
:1084A00001460746204600F0EBFF51468046204635
:1084B00000F0B2FE109B9B1BC24610933FF4F8AC39
:1084C000F0E41A9BC3F1360361E700BFB0B30308C1
:1084D0000000F07F5094030840950308DDE916235F
:1084E000DDE9140102F0AAFC059B1C70189B012B0E
:1084F000CDE90E0100F0C380189F059B12961F4422
:108500007A4B00224046494602F098FC0D4604464C
:1085100002F044FF814602F027FC09F130090246CF
:108520000B462046294602F0D1FA06F8019BBE42CE
:1085300080468946E4D1129D6D4B0022DDE90E0193
:1085400002F0C6FA02460B464046494602F006FFD4
:1085500000286CD1DDE90E236549002002F0B6FA4F
:1085600002460B464046494602F0DAFE80B91B9BA4
:10857000002BFFF67DAC0D9B0E2B3FF779AC5D4BCE
:108580000D9A03EBC20393ED007B8DED027B06E4B5
:108590003E46013F16F8013C302BF9D0199D0135BC
:1085A00017E5DDE900890227FFF7EABABBF1000F02
:1085B0003FF49DAB139C002C7FF7C2AB0D9B013B9E
:1085C0000022404649461993484B02F037FC80464A
:1085D0008946781C02F0C8FB42464B4602F02EFC4E
:1085E000454B002202F074FAA1F15073CDE9140159
:1085F00018941593FFF7E6BA08F101083123FFF745
:1086000067BB0D9D059AB34639233C460BF8013BE9
:1086100001354746C1E4002300931F46E5E5089B6A
:108620005B4408930C9B1D465B440C9379E6199BB5
:10863000059A03F10108FFF744BBDDF850A0ADE750
:10864000DDF850A0DDF858B0FFF77ABBB9F1390F6B
:10865000D7D0002D3FF78CAD8CE5029B022B03DCBD
:108660000D9DDDF84CB064E4DDF84CB00D96AAE544
:10867000029B022BF8DCDDF84CB00D96FBE437468C
:108680005AE7DDE914890227FFF77ABA049B00252F
:10869000DD632946184600F099FD0590D0B9174BC7
:1086A0001748002240F2AF1100F06AFD134B144846
:1086B0002A4640F2EF2100F063FD002A3FF748AD63
:1086C00058E5049B0021D963FFF714BA0D4B0593BD
:1086D000FFF716B9DDE904329A634FF0FF33012248
:1086E0000B9513930E929B46FFF72ABB0000244084
:1086F0000000E03F5094030800001C405CB30308F6
:10870000B4B30308A4B3030838B52F4B1B68054660
:108710000C4613B15A6B002A4BD0B4F90C30180731
:108720001CD5226922B313F0010107D06169002032
:108730004942A060A1613AB1002038BD980758BFF6
:108740006169A160002AF7D1190658BF1046F4D517
:1087500043F04003A3814FF0FF3038BDD9062CD53C
:108760005A0712D4226943F00803A381002ADAD100
:1087700003F42071B1F5007FD5D02146284601F0E1
:1087800081FAB4F90C302269CDE7216B51B104F1C3
:108790004002914204D0284600F074F8B4F90C303D
:1087A0000022226322690021C4E9002123F024036E
:1087B000D9E71846F9F7FEFEAFE7092243F0400378
:1087C0002A60A381C7E700BF180200202DE9F84303
:1087D00006460820894600F0C7F9DFF8A480054660
:1087E000304600F071FBD8F808305F6827F00307C7
:1087F000A7F11104A4EB09042C44B4FBF5F4013CEB
:1088000005FB04F4A54208DC0021304600F08CFB97
:10881000D8F808303B44984205D0304600F056FB6B
:108820000020BDE8F8836142304600F07DFB013056
:108830000FD0114AD8F808303F1B47F001075F609E
:10884000136830461B1B136000F040FB0120BDE89D
:10885000F8830021304600F067FBD8F80820831A1F
:108860000F2BDADD43F001035360044B02491B6810
:10887000C01A0860D1E700BF980F0020C808002088
:10888000C004002000297CD02DE9F0410C46804630
:1088900000F01AFB54F8043C754FA4F1080523F0CE
:1088A00001016818BE684268864222F0030200F0A7
:1088B0008380DE07426000EB020C33D454F8084C8E
:1088C000DCF804302D1B2144AC6807F1080C64452A
:1088D00003F0010364D0D5F80CE0C4F80CE0CEF846
:1088E0000840002B00F0818041F001036B600160C3
:1088F000B1F5007F22D27868CB0801224909013303
:108900008A40024357F833107A6007EBC302083AF3
:10891000C5E9021247F83350CD604046BDE8F0414A
:1089200000F0D4BADCF80430DB072BD541F00103AA
:10893000B1F5007F44F8043C0160DCD3B1F5206F51
:108940004FEA512353D28B0903F1390003F1380266
:10895000C300F818FB580838984203D161E09B68BF
:10896000984204D05A6822F003028A42F7D8D868A5
:10897000C5E902308560DD604046BDE8F04100F0A9
:10898000A5BA7047114407F1080C836863453FD0CE
:10899000C268DA60936041F001036B606950A7E739
:1089A000002B5FD10A44D0E90213CB60996042F0FA
:1089B00001036B60AA50B0E7DB070A4407D454F800
:1089C000083CED1A1A44D5E90213CB60996042F0D5
:1089D00001036B60274BBD601B6893429DD8264BFB
:1089E00040461968FFF7F2FE97E71144CDE7142BD4
:1089F00008D9542B1DD80B0B03F16F0003F16E0245
:108A0000C300A6E703F15C0003F15B02C300A0E72B
:108A100041F00103C7E90455C5E902CC6B60695018
:108A20007BE779689210012404FA02F20A437A6023
:108A30009EE7B3F5AA7F06D8CB0B03F1780003F1CC
:108A40007702C30085E740F25452934206D88B0C5C
:108A500003F17D0003F17C02C3007AE74FF47E73DB
:108A60007E2276E741F001036B60016055E700BFAD
:108A7000C0040020CC080020940F002070B539B14C
:108A800006460C4608B1436B83B3B4F90C3013B9F6
:108A90000025284670BD21463046FEF7D1F9E36A2D
:108AA000054633B1E169304698470028B8BF4FF01A
:108AB000FF35A3891B061CD4216B41B104F140038F
:108AC000994202D03046FFF7DDFE00232363616C3C
:108AD00021B13046FFF7D6FE00236364F9F77AFD33
:108AE0000023A381F9F778FD284670BDF9F762FDF0
:108AF000CBE721693046FFF7C5FEDDE7024B0146B3
:108B00001868FFF7BBBF00BF1802002010B4034C69
:108B1000D4F8E040A4465DF8044B60474C030020C5
:108B200049B1FF2A02D80A70012070478A230360E6
:108B30004FF0FF3070470846704700BF38B50C460D
:108B4000084D8446114620461A4600232B60644691
:108B500003F0F4FF431C00D038BD2B68002BFBD082
:108B6000236038BDCC0F0020082802D14FF480507C
:108B7000704708B5FEF73AFA162303604FF0FF304E
:108B800008BD00BF2DE9F84F1646002900F0968079
:108B90000C46804606F10B0500F096F954F8041CCB
:108BA000162DA4F1080921F0030758D81025AE426C
:108BB00058D8AF4260DABE4B9A6809EB070C6245A1
:108BC000DCF8040000F0908020F0010363445B684F
:108BD000DB0768D420F003003B189D4247DDCB073C
:108BE00012D454F8083CA9EB030BDBF8043023F053
:108BF0000302104400EB070A554540F3F68007EBEB
:108C0000020A554540F3CC8031464046FEF7F8FA5B
:108C10000646002800F0208154F8043C23F00103AC
:108C20004B44A0F10802934200F0B4803A1F242A7A
:108C300000F2D780132A00F2A28003462246116870
:108C400019605168596092689A6021464046FFF762
:108C500019FE404600F03AF93046BDE8F88F35F08D
:108C60000705A4D50C23C8F80030002618E01F46DD
:108C7000DCE90223D3609A60D9F804307A1B0F2A0A
:108C800003F0010309EB07001DD83B43C9F804308A
:108C9000436843F001034360404600F017F926465D
:108CA0003046BDE8F88FC907AED454F8083CA9EBAC
:108CB000030BDBF8043023F00302A0E7BDE8F84F14
:108CC0001146FEF79DBA09EB05012B4342F0010264
:108CD000C9F804304A60436843F001034360083137
:108CE0004046FFF7CFFDD7E720F00300C21905F19A
:108CF000100C624580F29180CA0785D454F8082C84
:108D0000A9EB020BDBF8042022F00302104400EB75
:108D1000070AD4453FF773AF5E46DBF80C1056F8F0
:108D2000080F3A1F242AC160886000F2AE80132A1F
:108D300040F2A9802168CBF808106168CBF80C10CC
:108D40001B2A00F2A88008340BF110022168116080
:108D500061685160A16891600BEB0501AAEB050207
:108D600042F0010299604A60DBF8043003F001032D
:108D70002B434046CBF8043000F0A8F890E7236876
:108D80000360636843601B2A3CD804F1080200F1C9
:108D9000080354E750F8043C23F003031F446BE737
:108DA0003A1F5E46DBF80C3056F8081F242ACB60C9
:108DB000996022D8132A1ED92368CBF8083063683B
:108DC000CBF80C301B2A3BD808340BF11003226877
:108DD0001A6062685A60A2689A6034465746D9465B
:108DE0004AE72146F7F7B6FE2FE7DCE902133A1F00
:108DF000CB609960D5E73346E9E721463046F7F77F
:108E0000A9FEEAE7A3688360E368C360242A27D049
:108E100004F1100200F1100311E709EB050199605C
:108E2000531B43F001034B6054F8043C03F001036F
:108E30002B43404644F8043C00F048F826462FE710
:108E4000A368CBF81030E368CBF81430242A10D094
:108E500010340BF11803BAE7404600F037F804E786
:108E6000236903616169416104F1180200F118038B
:108E7000E5E62369CBF818306369CBF81C30183469
:108E80000BF12003A3E7324660E721463046F7F7AF
:108E900061FE074B60E7A168CBF81010E168CBF8E2
:108EA0001410242A06D010340BF118024EE700BF2C
:108EB000C00400202269CBF818206269CBF81C207E
:108EC00018340BF1200241E7704700BF704700BF24
:108ED0002DE9F843154692682C68FAB18046894618
:108EE000083401E00834CFB16B68591E002B1746D7
:108EF000696013DD54F8046C002EF3D0334654F847
:108F0000082C4946404600F091FF431C07D0AA6850
:108F1000921B1746AA600834002FE5D100200023D9
:108F2000C5E90133BDE8F88338B5074D0022044692
:108F300008462A600FF0F8FA431C00D038BD2B68B1
:108F4000002BFBD0236038BDCC0F002010B4046888
:108F5000013409E014F8013BA3F1410CBCF1190FF5
:108F600098BF2033934208D111F8012B002AF1D188
:108F7000046001205DF8044B704700205DF8044B4D
:108F8000704700BF09682DE9F04F4B1102EB8303D6
:108F900011F01F0B07460CBF1846181D3C680CBF8C
:108FA0001D1F1D46002340F8043C617885B0013444
:108FB000002900F0A8809E469A461E460B460146B0
:108FC0001046DFF8889101975A46A846AC4683467A
:108FD00010E0202B00F28F80564508DDE04502D9D5
:108FE000BEF1070F5FDDE34554D34FF0080E14F8D0
:108FF000013FB3B119F80370002FEAD00EF1010E52
:10900000BEF1080F06F101063ADCDCF800301B0166
:1090100007F00F071F43CCF8007014F8013F002B36
:10902000E8D15B46084693461A46002E6BD0C445ED
:1090300002D2BEF1070F73DD62454DD2111F6346A8
:1090400053F8044B41F8044FAB42F9D9A5EB0C039C
:1090500023F00303691C04330CF1010C8C4588BF19
:1090600004231344002143F8041BAB42FBD950F8FE
:10907000043C002B4DD1AA4249D055F8043DF8E7F5
:10908000E345B4D200234CF8043C4FF0010EACF1A0
:10909000040CBDE70023ACF104084CF8043CB246D4
:1090A000C4469E46A3E7CEF108008000CDE9022C1D
:1090B000DCF800306746C0F1200E8446786800FA7C
:1090C0000EF21A4320FA0CF33A6047F8043FB84511
:1090D000F4D8DDE9022C86E750F8043CBBF1000F20
:1090E000C7D0CBF1200B4FF0FF3121FA0BF10B4031
:1090F00040F8043CBDE70846194629295B46019F14
:1091000093461A4609D0042005B0BDE8F08F01232C
:109110002B60052005B0BDE8F08F01343C6084E78A
:10912000CEF10803DCF800109B00C3F1200E664668
:109130000C46776807FA0EF1214327FA03F43160F1
:1091400046F8044FB045F4D876E700BF40930308D3
:109150009FED010B704700BF000000000000F87F8A
:10916000936810B514461BB918460023636010BD00
:10917000F9F748FA0023A3600023636010BD00BF25
:1091800000B50B4C25681446EE681A4685B00346B8
:109190000D464CB107490095CDE90114304606490A
:1091A00000F0B2FEF7F756FD04490C46F3E700BFA6
:1091B00018020020E0B30308F0B30308ECB303087F
:1091C00008B513460022FFF7DBFF00BF436C70B504
:1091D00005460C464BB153F8240080B1026843F8B1
:1091E00024200023C0E9033370BD2122042100F0B4
:1091F000E7FD034668640028EDD1002070BD012121
:1092000001FA04F6721D9200284600F0D9FD0028EC
:10921000F3D0C0E90146E4E731B1436C4A6853F842
:109220002200086043F82210704700BF2DE9F0418A
:109230000D6907460E461C4601F1140E0020DEF8AB
:1092400000108BB202FB03434FEA134C090C02FBE4
:1092500001CC01309BB203EB0C4385424EF8043B3A
:109260004FEA1C44EBDC3CB1B368AB4207DD06EBD4
:10927000850301355C6135613046BDE8F081716878
:1092800038460131FFF7A2FF8046A8B132690232A9
:1092900006F10C0192000C30F8F7BAFE7B6C726894
:1092A00053F82210316043F82260464606EB8503EE
:1092B00001355C613561DFE7024B03484246BA2164
:1092C000FFF75EFF5CB3030820B403082DE9F84301
:1092D0001746284A1E4608330C46092E82FB031205
:1092E0004FEAE3730546C3EB62033ADD4FF0010C2E
:1092F00000214FEA4C0C634501F10101F9DC2846DD
:10930000FFF764FF014670B3089B4361092F4FF0DC
:109310000103036112DC0A340927BE420BDDF61B90
:10932000264414F8013B0A22303B2846FFF77EFF13
:10933000B4420146F5D10846BDE8F88304F10908B6
:1093400004EB0709444614F8013B0A22303B284647
:10935000FFF76CFF4C450146F5D1A7F108044444E2
:10936000DBE70021CBE70A46034B0448D321FFF794
:1093700007FF00BF398EE3385CB3030820B403084D
:10938000B0F5803F034636BF030400201020B3F140
:10939000807F3CBF1B020830B3F1805F3CBF1B01E4
:1093A0000430B3F1804F03D3002B06DB013070474C
:1093B0009B0003D45B0003D4202070470230704729
:1093C00003307047036813F00702014607D0DA073D
:1093D0001FD4980721D55B080B600120704798B215
:1093E000A0B11046DAB20AB908301B0A1A0704BF46
:1093F0001B0904309A0704BF9B080230DA0703D424
:109400005B0800F1010006D00B6070471B0C1020B8
:10941000E8E700207047202070479B080B6002207F
:10942000704700BF38B5436C04460D464BB15868D1
:10943000B0B102685A6000220123C0E903234561EC
:1094400038BD2122042100F0BBFC034660640028E3
:10945000EDD1094B0948002240F24511FFF790FE7B
:109460001C220121204600F0ABFC0028F1D0012293
:109470000223C0E90123DEE75CB3030820B403083C
:109480002DE9F04FD1F810801569A84585B00E463A
:10949000924605DB2A46534645468A4690461E4676
:1094A000DAF80830DAF8041005EB0804A342B8BF74
:1094B0000131FFF78BFE8446002800F08B8000F11D
:1094C000140707EB840E774505D23B46002243F88C
:1094D000042B9E45FBD8143606EB88080AF11409C4
:1094E000464509EB850566D2A5EB0A03153B23F03B
:1094F00003030AF1150A043355452CBF9B464FF070
:10950000040BCDF808E00394AE46E24605E0090CF2
:109510002AD1B04507F104074AD956F8041B8DB289
:10952000002DF4D0CC463C46002301965CF8040B99
:10953000216886B28AB2000C05FB0622090C1A4487
:1095400005FB001101EB124192B242EA0142E645ED
:1095500044F8042B4FEA1143E8D8019E47F80B303A
:1095600056F8041C090CD4D03B68002248461D461E
:109570003C469446028801FB02C202EB15429BB2B4
:1095800043EA024344F8043B50F8043B25684FEAA1
:10959000134CABB201FB0C3303EB124370454FEAA3
:1095A000134CE7D3B04547F80B3007F10407B4D8A4
:1095B000DDE902E4D446002C02DC05E0013C03D0E6
:1095C0005EF8043D002BF9D06046CCF8104005B0A1
:1095D000BDE8F08F034B044862464FF4B171FFF7CA
:1095E000CFFD00BF5CB3030820B4030812F00303EF
:1095F0002DE9F041144607462CD10D46A4101CD08D
:109600003E6C86B3E3074FF0000806D4641014D014
:109610003068A8B10646E307F8D5324629463846F1
:10962000FFF72EFF35B17B6C696853F821202A6063
:1096300043F8215064100546EAD12846BDE8F08180
:10964000324631463846FFF71BFF3060C0F80080D5
:109650000646E0E7013B0F4A52F823200023FFF7BC
:10966000E5FD0546CAE701213846FFF7AFFD06468E
:1096700040B1012340F27122C0E904320023386472
:109680000360BFE7044B0548324640F24511FFF73F
:1096900077FD00BF409403085CB3030820B40308BF
:1096A0002DE9F0470C4690462769A368496807EB07
:1096B00062177D1C9D4206464FEA621904DD5B007D
:1096C0009D4201F10101FADC3046FFF77FFD84463F
:1096D000002851D0B9F1000F00F114000EDD09F19E
:1096E00005024FEA820E03460CEB8202002143F88A
:1096F000041B9342FBD1AEF114031844216904F119
:10970000140318F01F0803EB81012DD0C8F12009C4
:1097100086464FF0000A1A6802FA08F242EA0A0284
:109720004EF8042B53F8042B994222FA09FAF2D886
:109730000B1B153B23F00303043304F11502914284
:1097400038BF042340F803A0BAF1000F00D13D4612
:10975000736C6268CCF8105053F822102160604698
:1097600043F82240BDE8F087043853F8042B40F852
:10977000042F9942F9D8EAE7034B044862464FF4B4
:10978000EF71FFF7FDFC00BF5CB3030820B40308D2
:109790000B6984460069C01A16D10CF1140C1431FF
:1097A0000CEB830210B401EB830301E0944508D273
:1097B00052F8044D53F8041D8C42F7D005D24FF0F7
:1097C000FF305DF8044B7047704701205DF8044B93
:1097D000704700BF2DE9F04F15460A692B69D21A70
:1097E000002A83B0884640F0878001F1140605F115
:1097F000140101EB830106EB830301E09E427ED25C
:1098000053F8044D51F8042D9442F7D075D32B46EC
:109810000024454698466968FFF7D8FC8146002831
:1098200000F089802E69C460D8F8100005F1140B8F
:1098300008F1140E09F1140A05F110020EEB800074
:109840000BEB860157464FF0000CCDF804B05EF8E4
:10985000044B52F8045F1FFA84FBABB2A3EB0B037B
:10986000240C6344C4EB154404EB23449BB243EA49
:109870000443704547F8043B4FEA244CE7D8A0EB7B
:10988000080208F115084045A2F1150234BF002076
:10989000012092080028DDF804B002F101044FEA2B
:1098A000840408BF04240BEB0405A942544433D9B3
:1098B0002746284650F8043B1CFA83FE1A0C6344E2
:1098C00002EB2E429BB243EA0243814247F8043B3B
:1098D0004FEA224CEED80139491B21F003010C4418
:1098E00023B954F8043D013E002BFAD04846C9F88C
:1098F000106003B0BDE8F08F89DA01248BE7002106
:10990000FFF764FC814678B101220023C0E90423FB
:10991000484603B0BDE8F08F00284FEA820208BF36
:1099200000220AEB0204DBE7064B07484A4640F2F6
:109930003721FFF725FC034B03484A4640F24521F7
:10994000FFF71EFC5CB3030820B4030882B08DED62
:10995000000B164B019A1340A3F15073002B06DD48
:1099600000221946104641EC100B02B070475B42D2
:10997000B3F1A07F4FEA235209DA4FF400231341D9
:1099800000221946104641EC100B02B07047A2F1BC
:1099900014031E2BDABF4FF00042DA4001220023ED
:1099A0001946104641EC100B02B070470000F07FE2
:1099B000F8B5046900F1140606EB8404271F54F877
:1099C000045C2846FFF7DCFCC0F120030A280B608A
:1099D00033DDBE42A0F10B0119D254F8080C21B3BB
:1099E000C1F120078D4020FA07F215438840A4F109
:1099F000080145F07F538E4243F4401319D254F8C6
:109A00000C1CF9400843024643EC102BF8BD0B2810
:109A10000AD005FA01F141F07F53002043F44013CE
:109A2000024643EC102BF8BD002045F07F5343F471
:109A30004013024643EC102BF8BDC0F10B0C25FA85
:109A40000CF1BE4241F07F5338BF54F8081C00F1BE
:109A5000150034BF21FA0CF1002105FA00F008438B
:109A600043F44013024643EC102BF8BD2DE9F043BC
:109A70000E4683B0012159EC108B1546FFF7A6FB6B
:109A80000446002846D0C9F30A57C9F313030FB19F
:109A900043F480130193B8F1000313D101A8FFF739
:109AA00091FC019B63610122203022610FB3A7F278
:109AB00033470744C0F1350037602860204603B0C3
:109AC000BDE8F08368460093FFF77CFC019BF8B18A
:109AD0000099C0F1200203FA02F2C3400A43019345
:109AE000002B62610CBF01220222A3612261002FC0
:109AF000DDD104EB8203A0F2324030601869FFF739
:109B00003FFCC0EB42102860204603B0BDE8F08364
:109B1000009AE5E7034B0448224640F20F31FFF775
:109B20002FFB00BF5CB3030820B403082DE9F0430A
:109B300083B0884669468146FFF73AFF01A940464F
:109B400055EC104BFFF734FFD8F81030D9F810203F
:109B5000D21ADDE900315B1A03EB4213002B59ECFA
:109B6000108B0DDD05EB03573D4642464B46204624
:109B7000294601F08DFA41EC100B03B0BDE8F083EB
:109B8000C3EB033309EB03518946EEE7172870B5A1
:109B900006460CDD0A490B4D0020002422462B46C8
:109BA00001F04CF9013EF9D141EC100B70BD064BB0
:109BB00003EBC003D3E9040141EC100B70BD00BFFF
:109BC0000000F03F0000244040940308013949118F
:109BD00001F1010C116902F1140303EB81018B42C5
:109BE00000EB8C0C16D210B5A0F1040E53F8044B08
:109BF0004EF8044F9942F9D88B1A153B23F0030312
:109C000004331844844504D9002340F8043B8445B8
:109C1000FBD810BD844505D9002340F8043B84459A
:109C2000FBD87047704700BF03694A11934200F1A7
:109C3000140009DA00EB830302E053F8042DAAB9FB
:109C40008342FAD80020704700EB8203F8DD11F060
:109C50001F01F5D010B450F8224024FA01F28A40D6
:109C6000944209D001205DF8044B704701207047F1
:109C700053F8042D002AF5D18342F9D800205DF86D
:109C8000044B70472DE9F041B1F90C300C469907AF
:109C900096B008D504F143030122C4E904322360DD
:109CA00016B0BDE8F081B4F90E100029064626DB97
:109CB0006A4600F03DF900281FDB019D05F4704560
:109CC000A5F50055B5FA85F54FF480686D094FF498
:109CD000006741463046FDF793FAE8B1B4F90C301D
:109CE000C4F8148043F0800320602061A3813DBB51
:109CF0003B43A38116B0BDE8F081B4F90C3013F0FA
:109D0000800519D04FF040080025414630462F46C7
:109D1000FDF776FA0028E1D1B4F90C309A05BFD4EA
:109D200023F0030304F1430243F002030121C4E9D9
:109D30000421A3812260B3E74FF480682F46C8E76F
:109D4000B4F90E10304600F009F910B9B4F90C302E
:109D5000CEE7A38923F0030343F001031BB2C7E757
:109D600070B50C46B1F90E10002996B015461E4686
:109D700014DB6A4600F0DCF800280FDB019901F4DF
:109D80007041A1F50051B1FA81F14FF480634909A6
:109D90004FF4006031602B6016B070BDA18911F0E6
:109DA000800106D000214023084631602B6016B0A8
:109DB00070BD4FF48063084631602B6016B070BDF3
:109DC00038B5A1FB021454BBFDF71AFA054650B38F
:109DD00050F8042C22F00302043A242A10D8132A43
:109DE00013D91B2AC0E9004416D9242AC0E9024429
:109DF0000ABFC0E9044400F1100200F1180205E0B6
:109E00002146F6F729FB284638BD02460023C2E961
:109E100000339360284638BD00F10802F6E7FDF7ED
:109E2000E5F80C2303600025284638BD2DE9F047EE
:109E30008F681D46AF420B680C46164636D8B1F9FE
:109E40000CC01CF4906F0ED13D46184631462A4690
:109E5000F6F780FEA368DF1B2368A7602B44002071
:109E60002360BDE8F0874A69096902EB42025F1A84
:109E700002EBD2726B1C52103B44934292BF91464C
:109E800099461A461CF4806F804611D01146FDF7A2
:109E9000B7F9824600B321693A46F8F7B9F8A389C1
:109EA00023F4906343F08003A38105E02F46CCE7C1
:109EB000FEF768FE824658B10AEB0703A9EB0707D5
:109EC000A760C4F810A0C4F8149023602F46BCE724
:109ED00021694046FEF7D6FCA3890C2243F04003DB
:109EE000C8F800204FF0FF30A381BAE70CB400B5EA
:109EF00083B004AB53F8042B019300F041F803B096
:109F00005DF804EB02B070470EB410B583B005AB3A
:109F1000064C53F8042B01930146206800F030F8FA
:109F200003B0BDE8104003B0704700BF1802002026
:109F300070B50C46084D03460026204611461C46C7
:109F40002E6002F0DBFD431C00D070BD2B68002B9F
:109F5000FBD0236070BD00BFCC0F002038B5074D8B
:109F60000022044608462A6002F0D8FD431C00D0B7
:109F700038BD2B68002BFBD0236038BDCC0F0020F0
:109F80002DE9F04FADB0CDE907301C460291934664
:109F900018B1436B002B00F003850299B1F90C2036
:109FA0004B6E950405D442F4005223F400538A8189
:109FB0004B66980400F12485029BB3F90C2011072D
:109FC00040F1D3801B69002B00F0CF8002F01A0211
:109FD0000A2A00F0D9800023CDE910330DF1700971
:109FE000CDF83C900993CA4605939BF80030002BAE
:109FF00000F0F4805C4604E014F8013F002B00F010
:10A00000D280252BF8D1B4EB0B0540F0CF8023781C
:10A01000002B00F0E3804FF000038DF837304FF055
:10A02000FF320023CDE90323617804F1010B984648
:10A030000BF1010BA1F12003582B00F2DC80DFE8CB
:10A0400013F0B201DA00DA00AD01DA00DA00DA006A
:10A05000DA00DA00DA007601A701DA008101860170
:10A06000DA00A2015900590059005900590059005D
:10A07000590059005900DA00DA00DA00DA00DA0093
:10A08000DA00DA00DA00DA00DA006800DA00DA0072
:10A09000DA00DA00DA00DA00DA00DA00DA00DA00F0
:10A0A0001902DA00DA00DA00DA00DA00EA01DA008E
:10A0B000DA001D04DA00DA00DA00DA00DA00DA0089
:10A0C000DA00DA00DA00DA00DD016A00DA00DA002C
:10A0D000DA00D8016A00DA00DA00CB01DA00BD014B
:10A0E0001B047F027A02DA005902DA001904DA004E
:10A0F000DA004204A1F1300300221BF8011B02EB3D
:10A10000820203EB4202A1F13003092BF5D904923C
:10A1100090E748F0100818F0200F00F0D780079B58
:10A12000073323F007031A46596852F8083B079291
:10A130000A460029C0F2DE8003999DF837500029B5
:10A14000C0F2E38053EA020128F0800840F0DD808D
:10A15000039B002B40F0598401934C46002D00F0E6
:10A16000BE81019A01320192B9E1029D0898294607
:10A17000FEF7CAFA002840F04384B5F90C2002F03B
:10A180001A020A2A7FF427AF029BB3F90E30002B84
:10A19000FFF621AF0299089823465A462DB0BDE834
:10A1A000F04F00F059BCB4EB0B0517D0119B2B44BA
:10A1B0001193109B0133072BCAE900B5109305DCFE
:10A1C0000AF1080A059B2B44059320E70299089899
:10A1D0000FAAFEF7C5FF28B9CA46F3E7119B002B6B
:10A1E00040F00084029B9B895B0600F1098405987E
:10A1F0002DB0BDE8F08F0029F0D000238DF8373066
:10A2000001238DF84810019312AC002203920692AC
:10A2100018F08407DDE9102105D10498019D451B44
:10A22000002D00F34F829DF8370080B101320DF10F
:10A2300037000131CAF80000072A4FF00100CDE9CC
:10A240001021CAF8040000F377820AF1080A069880
:10A2500078B101320EA80231CAF80000072A4FF087
:10A260000200CDE91021CAF8040000F373820AF15C
:10A27000080A802F00F09B810398C51A002D00F377
:10A28000D58101321944072ACDE91021CAF80040CE
:10A29000CAF8043000F302820AF1080A18F0040F29
:10A2A00005D0049B019A9C1A002C00F36182DDE921
:10A2B000042301988242ACBF9B181B180593002908
:10A2C00040F0F78100231093CA468EE6079A18F0F3
:10A2D000100F52F8043B079207D118F0400F04D03A
:10A2E00043F3C03211461BB223E7DA1711460029A7
:10A2F000BFF622AF03995B4262EB42022D25002993
:10A300008DF8375001DB28F080080A2B72F100012C
:10A3100080F0F3823033DBB28DF86F30039B012B7A
:10A32000B8BF012301930DF16F04012316E7079BCA
:10A3300053F8042B0492002A80F28882049A07932F
:10A34000524204929BF8001048F0040870E6584608
:10A3500010F8011B2A2900F05A83A1F13003092BC0
:10A3600098BF002200F2478310F8011B02EB820223
:10A3700003EB4202A1F13003092BF5D942EAE27363
:10A380000393834656E69BF8001048F080084FE69A
:10A390002B239BF800108DF8373049E69BF800100E
:10A3A00048F0010844E69DF837309BF80010002B78
:10A3B0007FF43EAE20238DF8373039E618F0200FB9
:10A3C00000F04D82079B059A1B681A60D2175A60ED
:10A3D000079B0433079308E69BF800106C2903BF22
:10A3E0009BF8011048F020080BF1010B48F0100811
:10A3F0001EE69BF8001048F0400819E6079B002273
:10A400008DF8372053F8042B079301238DF848204B
:10A41000019312ACF9E648F0100111F0200200F0AF
:10A42000DE81079B073323F0070318465A6850F86C
:10A43000083B079003980025A8428DF83750C0F2DA
:10A44000A782012553EA020021F0800840F09480A1
:10A450000398002840F09E82002D40F0F38111F017
:10A46000010300F0F88130228DF86F2001930DF187
:10A470006F0434E048F0100111F0200200F0BE81BA
:10A48000079B073323F0070318465A6850F8083B28
:10A49000079003980025A8428DF83750D2DA8846F5
:10A4A0004C4603F00701DB0843EA4273D20830311F
:10A4B00053EA0205204604F8011DF2D118F0010FFD
:10A4C0006DD030296BD0039A0238302304F8013C58
:10A4D000A9EB00039A42B8BF1A460446019218F04D
:10A4E000020206923FF494AE019A023201920222D5
:10A4F00006928DE6079D039B55F8044B00218DF8CD
:10A500003710002C00F05E82002BC0F2DF811A466B
:10A510002046FAF715FF002800F06B82031B9DF818
:10A52000372023EAE3710191002A00F052820022D1
:10A530000795039215E69BF8001048F0200877E590
:10A54000079A52F8043B079247F63002ADF83820DC
:10A55000B24A099248F00208002200218DF8371013
:10A56000039900290DDB414653EA02004FF0020532
:10A5700021F080083FF46CAF012D00F05482022DD1
:10A580008ED109984C4603F00F011B09415C04F879
:10A59000011D43EA0273120953EA0201F3D1039A3F
:10A5A000A9EB04039A42B8BF1A46019297E70498B0
:10A5B000019D451B002D7FF75FAE102D984E23DDCA
:10A5C00006945046089C10279A4604E0103D102D32
:10A5D00000F1080015DD01321031072AC0E90067DB
:10A5E000CDE91021F2DD02990FAA2046FEF7B8FD51
:10A5F00000287FF4F7AD103D102DDDE9102148460D
:10A60000E9DC069C5346824601322944072ACDE9FB
:10A610001021CAF80060CAF8045000F3C5810398FD
:10A62000C51A002D0AF1080A7FF72BAE102D7C4EBB
:10A6300026DD03945046089CB24610271E4604E0CF
:10A64000103D102D00F1080016DD0132744B103161
:10A65000072AC0E90037CDE91021F1DD02990FAAE0
:10A660002046FEF77DFD00287FF4BCAD103D102D87
:10A67000DDE910214846E8DC039C33465646824615
:10A6800001322944072ACDE91021CAF80060CAF82E
:10A69000045000F3C9800AF1080AF2E5029908980B
:10A6A0000FAAFEF75DFD00287FF49CAD1199CA4604
:10A6B000F4E5029908980FAAFEF752FD00283FF42E
:10A6C00001AE8FE5102D574E28DDCDE90A745046B6
:10A6D0003746089C029E9A4604E0103D102D00F17A
:10A6E000080016DD013210311023072ACDE91021B0
:10A6F00007604360F1DD0FAA31462046FEF730FDCA
:10A7000000287FF46FAD103D102DDDE91021484683
:10A71000E8DC3E460B9C0A9F5346824601322944A0
:10A72000072ACDE91021CAF80060CAF8045000F3E6
:10A7300021810AF1080A76E5029908980A930FAA7E
:10A74000FEF70EFD00287FF44DADDDE910210A9BD8
:10A75000CA467CE50299089806930FAAFEF700FD09
:10A7600000287FF43FADDDE91021069BCA4680E555
:10A77000102C109B2B4E1FDD089FDDF80880102544
:10A7800004E0103C102C0AF1080A15DD01331031E9
:10A79000072BCAE90065CDE91031F2DD0FAA414669
:10A7A0003846FEF7DDFC00287FF41CAD103C102C71
:10A7B000DDE91031CA46E9DC01332144072BCAE93F
:10A7C0000064CDE910317FF772AD029908980FAAA5
:10A7D000FEF7C6FC00287FF405AD119967E50798E0
:10A7E00050F8043B079011F010007FF423AE11F0F5
:10A7F00040023FF41FAE9BB202461BE6079850F89A
:10A80000043B079011F010007FF443AE11F04002BA
:10A810003FF43FAE9BB202463BE600BF40B30308A5
:10A8200078950308689503080299089803930FAA7E
:10A83000FEF796FC00287FF4D5ACDDE91021039BE0
:10A84000CA461EE5039B01934C4648E69BF8001060
:10A850000793FFF7EDBB039A01924C463FE618F0D1
:10A86000100F38D118F0400F35D0079B059A1B68A0
:10A870001A80ADE54146D0E54146FDE56B4B0993B5
:10A8800018F020022CD0079B073323F0070318464B
:10A890005A6850F8083B079018F0010F3FF45DAE7E
:10A8A00053EA02003FF459AE8DF8391030218DF88B
:10A8B000381000218DF837100399002980F28D801F
:10A8C00048F002085DE65A4B0993D9E72046F5F7B0
:10A8D00057FD034623E6079B059A1B681A6077E538
:10A8E000079850F8043B079018F01000D4D118F0E6
:10A8F00040021CBF9BB20246CEE74E4ECDF804A0EC
:10A900004C464FF0050E991841F10001A6FB0107D6
:10A9100027F0030000EB9700091A581A9A4694464C
:10A9200062F100034FF0CC3202FB00F206FB03227F
:10A93000A0FB063003F001070244A7FB0E074018F6
:10A94000BAF10A0F4FEA530300F130007CF1000C1A
:10A9500043EAC27304F8010D4FEA5202D3D2039ABC
:10A96000DDF804A0A9EB04039A42B8BF1A4601928D
:10A97000FFF7F4BB029908980A930FAAFEF7F0FBC1
:10A9800000287FF42FACDDE910210A9BCA464AE477
:10A990008846BAE4012D7FF4F2AD00253023BBE4F4
:10A9A000F7F708FEFFF7F9BA0299089806930FAA7D
:10A9B000FEF7D6FB00287FF415ACDDE91021069BDD
:10A9C000CA4659E4062B28BF06231B4C0795019362
:10A9D0001BE4CDE9062503921AE428F0800141F03A
:10A9E0000208CEE5029908980FAAFEF7B9FBFFF717
:10A9F000F9BB039B93E5002383460393FFF71ABB40
:10AA00004FF0FF330593FFF7F2BB302384E4079B3D
:10AA10009BF8011053F8042B079342EAE272834635
:10AA20000392FFF705BB00256FE400BFA49703085E
:10AA300040B30308CDCCCCCC54B3030810B4054CC0
:10AA40008446134620685DF8044B0A466146FFF7CA
:10AA500097BA00BF1802002070B50C468989ADF581
:10AA60008D6D21F00201ADF80C101AA9009104912E
:10AA70004FF4806102910591616E1991E189ADF801
:10AA80000E10E1690791616A0991002106916946FA
:10AA90000646FFF775FA051E07DB69463046FCF7E8
:10AAA0006BFA002818BF4FF0FF35BDF80C305B067D
:10AAB00003D5A38943F04003A38128460DF58D6D8E
:10AAC00070BD00BF81F0004102E000BF83F0004391
:10AAD00030B54FEA41044FEA430594EA050F08BF39
:10AAE00090EA020F1FBF54EA000C55EA020C7FEAFD
:10AAF000645C7FEA655C00F0E2804FEA5454D4EB7A
:10AB00005555B8BF6D420CDD2C4480EA020281EA43
:10AB1000030382EA000083EA010180EA020281EA7B
:10AB20000303362D88BF30BD11F0004F4FEA0131CD
:10AB30004FF4801C4CEA113102D0404261EB4101DC
:10AB400013F0004F4FEA03334CEA133302D0524262
:10AB500063EB430394EA050F00F0A780A4F101041E
:10AB6000D5F1200E0DDB02FA0EFC22FA05F2801858
:10AB700041F1000103FA0EF2801843FA05F359413E
:10AB80000EE0A5F120050EF1200E012A03FA0EFCBD
:10AB900028BF4CF0020C43FA05F3C01851EBE371E7
:10ABA00001F0004507D54FF0000EDCF1000C7EEB04
:10ABB00000006EEB0101B1F5801F1BD3B1F5001F42
:10ABC0000CD349085FEA30004FEA3C0C04F1010461
:10ABD0004FEA445212F5800F80F09A80BCF1004F8A
:10ABE00008BF5FEA500C50F1000041EB045141EA0C
:10ABF000050130BD5FEA4C0C404141EB0101013CD5
:10AC000028BFB1F5801FE9D291F0000F04BF0146C3
:10AC10000020B1FA81F308BF2033A3F10B03B3F195
:10AC200020020CDA0C3208DD02F1140CC2F10C0225
:10AC300001FA0CF021FA02F10CE002F11402D8BF83
:10AC4000C2F1200C01FA02F120FA0CFCDCBF41EA4F
:10AC50000C019040E41AA2BF01EB0451294330BD1E
:10AC60006FEA04041F3C1CDA0C340EDC04F11404FB
:10AC7000C4F1200220FA04F001FA02F340EA0300D2
:10AC800021FA04F345EA030130BDC4F10C04C4F118
:10AC9000200220FA02F001FA04F340EA03002946F8
:10ACA00030BD21FA04F0294630BD94F0000F83F442
:10ACB000801306BF81F480110134013D4EE77FEA25
:10ACC000645C18BF7FEA655C29D094EA050F08BF71
:10ACD00090EA020F05D054EA000C04BF1946104652
:10ACE00030BD91EA030F1EBF0021002030BD5FEA96
:10ACF000545C05D14000494128BF41F0004130BDBE
:10AD000014F580043CBF01F5801130BD01F0004511
:10AD100045F0FE4141F470014FF0000030BD7FEA84
:10AD2000645C1ABF194610467FEA655C1CBF0B467F
:10AD3000024650EA013406BF52EA033591EA030F96
:10AD400041F4002130BD00BF90F0000F04BF00218E
:10AD5000704730B54FF4806404F132044FF00005C1
:10AD60004FF0000150E700BF90F0000F04BF00213A
:10AD7000704730B54FF4806404F1320410F00045A0
:10AD800048BF40424FF000013EE700BF42004FEA9B
:10AD9000E2014FEA31014FEA02701FBF12F07F4318
:10ADA00093F07F4F81F06051704732F07F4208BFCF
:10ADB000704793F07F4F04BF41F40021704730B5D6
:10ADC0004FF4607401F0004521F000411CE700BF22
:10ADD00050EA010208BF704730B54FF000050AE0A5
:10ADE00050EA010208BF704730B511F0004502D5A6
:10ADF000404261EB41014FF4806404F132045FEAA8
:10AE0000915C3FF4D8AE4FF003025FEADC0C18BF50
:10AE100003325FEADC0C18BF033202EBDC02C2F142
:10AE2000200300FA03FC20FA02F001FA03FE40EAD4
:10AE30000E0021FA02F11444BDE600BF70B54FF0D8
:10AE4000FF0C4CF4E06C1CEA11541DBF1CEA1355B6
:10AE500094EA0C0F95EA0C0F00F0DEF82C4481EA1E
:10AE6000030621EA4C5123EA4C5350EA013518BF3E
:10AE700052EA033541F4801143F4801338D0A0FB2B
:10AE800002CE4FF00005E1FB02E506F00042E0FBD8
:10AE900003E54FF00006E1FB03569CF0000F18BFDE
:10AEA0004EF0010EA4F1FF04B6F5007F64F5407486
:10AEB00004D25FEA4E0E6D4146EB060642EAC62119
:10AEC00041EA55514FEAC52040EA5E504FEACE2E86
:10AED000B4F1FD0C88BFBCF5E06F1ED8BEF1004F89
:10AEE00008BF5FEA500E50F1000041EB045170BD05
:10AEF00006F0004646EA010140EA020081EA030149
:10AF0000B4EB5C04C2BFD4EB0C0541EA045170BD44
:10AF100041F480114FF0000E013C00F3AB8014F1BE
:10AF2000360FDEBF002001F0004170BDC4F1000407
:10AF3000203C35DA0C341BDC04F11404C4F1200588
:10AF400000FA05F320FA04F001FA05F240EA0200E3
:10AF500001F0004221F0004110EBD37021FA04F619
:10AF600042EB06015EEA430E08BF20EAD37070BDD3
:10AF7000C4F10C04C4F1200500FA04F320FA05F032
:10AF800001FA04F240EA020001F0004110EBD37034
:10AF900041F100015EEA430E08BF20EAD37070BDA4
:10AFA000C4F1200500FA05F24EEA020E20FA04F37D
:10AFB00001FA05F243EA020321FA04F001F000412C
:10AFC00021FA04F220EA020000EBD3705EEA430E9D
:10AFD00008BF20EAD37070BD94F0000F0FD101F0CC
:10AFE0000046400041EB010111F4801F08BF013C05
:10AFF000F7D041EA060195F0000F18BF704703F043
:10B000000046520043EB030313F4801F08BF013DC9
:10B01000F7D043EA0603704794EA0C0F0CEA135585
:10B0200018BF95EA0C0F0CD050EA410618BF52EA3F
:10B030004306D1D181EA030101F000414FF0000045
:10B0400070BD50EA410606BF1046194652EA430653
:10B0500019D094EA0C0F02D150EA013613D195EAC7
:10B060000C0F05D152EA03361CBF104619460AD10F
:10B0700081EA030101F0004141F0FE4141F4700119
:10B080004FF0000070BD41F0FE4141F4780170BD09
:10B0900070B54FF0FF0C4CF4E06C1CEA11541DBF6E
:10B0A0001CEA135594EA0C0F95EA0C0F00F0A7F870
:10B0B000A4EB050481EA030E52EA03354FEA01319D
:10B0C00000F088804FEA03334FF0805545EA1313B0
:10B0D00043EA12634FEA022245EA111545EA106578
:10B0E0004FEA00260EF000419D4208BF964244F10F
:10B0F000FD0404F5407402D25B084FEA3202B61A2E
:10B1000065EB03055B084FEA32024FF480104FF401
:10B11000002CB6EB020E75EB030E22BFB61A754675
:10B1200040EA0C005B084FEA3202B6EB020E75EB08
:10B13000030E22BFB61A754640EA5C005B084FEA70
:10B140003202B6EB020E75EB030E22BFB61A75463D
:10B1500040EA9C005B084FEA3202B6EB020E75EB48
:10B16000030E22BFB61A754640EADC0055EA060E09
:10B1700018D04FEA051545EA16754FEA06164FEA4C
:10B18000C30343EA52734FEAC2025FEA1C1CC0D1F8
:10B1900011F4801F0BD141EA00014FF000004FF085
:10B1A000004CB6E711F4801F04BF01430020B4F146
:10B1B000FD0C88BFBCF5E06F3FF6AFAEB5EB030CFE
:10B1C00004BFB6EB020C5FEA500C50F1000041EBFB
:10B1D000045170BD0EF0004E4EEA113114EB5C04C8
:10B1E000C2BFD4EB0C0541EA045170BD41F480119B
:10B1F0004FF0000E013C90E645EA060E8DE60CEAA3
:10B20000135594EA0C0F08BF95EA0C0F3FF43BAFBF
:10B2100094EA0C0F0AD150EA01347FF434AF95EA76
:10B220000C0F7FF425AF104619462CE795EA0C0F5A
:10B2300006D152EA03353FF4FDAE1046194622E727
:10B2400050EA410618BF52EA43067FF4C5AE50EA01
:10B2500041047FF40DAF52EA43057FF4EBAE12E7F1
:10B260004FF0FF3C06E000BF4FF0010C02E000BFD2
:10B270004FF0010C4DF804CD4FEA410C7FEA6C5CB5
:10B280004FEA430C18BF7FEA6C5C1BD001B050EA58
:10B29000410C0CBF52EA430C91EA030F02BF90EA43
:10B2A000020F0020704710F1000F91EA030F58BF02
:10B2B000994208BF90422CBFD8176FEAE37040F064
:10B2C000010070474FEA410C7FEA6C5C02D150EA02
:10B2D000013C07D14FEA430C7FEA6C5CD6D152EABD
:10B2E000033CD3D05DF8040B704700BF8446104682
:10B2F00062468C461946634600E000BF01B5FFF781
:10B30000B7FF002848BF10F1000F01BD4DF808ED50
:10B31000FFF7F4FF0CBF012000205DF808FB00BF21
:10B320004DF808EDFFF7EAFF34BF012000205DF87B
:10B3300008FB00BF4DF808EDFFF7E0FF94BF0120C8
:10B3400000205DF808FB00BF4DF808EDFFF7CEFFC9
:10B3500094BF012000205DF808FB00BF4DF808ED08
:10B36000FFF7C4FF34BF012000205DF808FB00BFD9
:10B370004FEA410C7FEA6C5C02D150EA013C0AD1F1
:10B380004FEA430C7FEA6C5C02D152EA033C02D1E3
:10B390004FF0000070474FF0010070474FEA410244
:10B3A00012F5001215D211D56FF47873B3EB625217
:10B3B00012D94FEAC12343F0004343EA505311F03E
:10B3C000004F23FA02F018BF404270474FF00000D0
:10B3D000704750EA013005D111F0004008BF6FF00E
:10B3E000004070474FF00000704700BF4A0011D284
:10B3F00012F5001211D20DD56FF47873B3EB6252CF
:10B400000ED44FEAC12343F0004343EA505323FADA
:10B4100002F070474FF00000704750EA013002D14F
:10B420004FF0FF3070474FF0000070474FEA410285
:10B43000B2F1E04324BFB3F5001CDCF1FE5C0DD992
:10B4400001F0004C4FEAC0024CEA5070B2F1004FDC
:10B4500040EB830008BF20F00100704711F0804FDF
:10B4600021D113F13872BCBF01F00040704741F4A4
:10B4700080114FEA5252C2F11802C2F1200C10FAA8
:10B480000CF320FA02F018BF40F001004FEAC1238C
:10B490004FEAD32303FA0CFC40EA0C0023FA02F330
:10B4A0004FEA4303CCE77FEA625307D150EA013306
:10B4B0001EBF4FF0FE4040F44000704701F00040D6
:10B4C00040F0FE4040F40000704700BF80F00040B4
:10B4D00002E000BF81F0004142001FBF5FEA41036C
:10B4E00092EA030F7FEA226C7FEA236C6AD04FEA6C
:10B4F0001262D2EB1363C1BFD218414048404140B1
:10B50000B8BF5B42192B88BF704710F0004F40F462
:10B51000000020F07F4018BF404211F0004F41F47E
:10B52000000121F07F4118BF494292EA030F3FD04A
:10B53000A2F1010241FA03FC10EB0C00C3F120035D
:10B5400001FA03F100F0004302D5494260EB4000EC
:10B55000B0F5000F13D3B0F1807F06D340084FEA57
:10B56000310102F10102FE2A51D2B1F1004F40EB4C
:10B57000C25008BF20F0010040EA030070474900B4
:10B5800040EB0000013A28BFB0F5000FEDD2B0FA51
:10B5900080FCACF1080CB2EB0C0200FA0CF0AABF74
:10B5A00000EBC25052421843BCBFD0401843704712
:10B5B00092F0000F81F4000106BF80F40000013218
:10B5C000013BB5E74FEA41037FEA226C18BF7FEAEF
:10B5D000236C21D092EA030F04D092F0000F08BF31
:10B5E0000846704790EA010F1CBF0020704712F018
:10B5F0007F4F04D1400028BF40F00040704712F157
:10B6000000723CBF00F50000704700F0004343F0BB
:10B61000FE4040F4000070477FEA226216BF0846F1
:10B620007FEA23630146420206BF5FEA412390EAB4
:10B63000010F40F4800070474FF0000304E000BFAA
:10B6400010F0004348BF40425FEA000C08BF70475B
:10B6500043F0964301464FF000001CE050EA01021F
:10B6600008BF70474FF000030AE000BF50EA010234
:10B6700008BF704711F0004302D5404261EB410121
:10B680005FEA010C02BF84460146002043F0B64346
:10B6900008BFA3F18053A3F50003BCFA8CF2083A6B
:10B6A000A3EBC25310DB01FA02FC634400FA02FC74
:10B6B000C2F12002BCF1004F20FA02F243EB02007B
:10B6C00008BF20F00100704702F1200201FA02FCDD
:10B6D000C2F1200250EA4C0021FA02F243EB0200D0
:10B6E00008BF20EADC7070477BB972B90029BEBF81
:10B6F00000204FF0004106E008BF00281CBF6FF09B
:10B7000000414FF0FF3001F0EFB9ADF1080C6DE9E9
:10B7100004CE002909DB002B1ADB00F0B7F8DDF8B6
:10B7200004E0DDE9022304B07047404261EB4101CF
:10B73000002B1BDB00F0AAF8DDF804E0DDE90223B2
:10B7400004B0404261EB4101524263EB4303704756
:10B75000524263EB430300F099F8DDF804E0DDE9C1
:10B76000022304B0404261EB41017047524263EB57
:10B77000430300F08BF8DDF804E0DDE9022304B0B8
:10B78000524263EB4303704753B94AB9002908BFDB
:10B7900000281CBF4FF0FF314FF0FF3001F0A4B97B
:10B7A000ADF1080C6DE904CE00F070F8DDF804E0AE
:10B7B000DDE9022304B0704707EE900AF5EEC07A87
:10B7C000F1EE10FA01D400F023B8F1EE677A08B573
:10B7D00017EE900A00F01CF8404261EB410108BDF1
:10B7E00038B50022002304460D46FFF799FD28B91D
:10B7F00020462946BDE8384000F02AB8204605F129
:10B80000004100F025F8404261EB410138BD00BF26
:10B81000D0B5FFF7BBFA0C4B002206460F46FFF7E8
:10B820000DFBFFF7E3FD0446FFF78EFA074B0022FE
:10B83000FFF704FB02460B4630463946FFF746F950
:10B84000FFF7D4FD2146D0BD0000F03D0000F041DF
:10B85000D0B50C4B002206460F46FFF7EFFAFFF774
:10B86000C5FD0446FFF770FA074B0022FFF7E6FA22
:10B8700002460B4630463946FFF728F9FFF7B6FD7A
:10B880002146D0BD0000F03D0000F0412DE9F04719
:10B89000089D0E4604460F46002B4AD194468C451F
:10B8A000B2FA82F260D942B1C2F12003974020FA85
:10B8B00003F30CFA02FC1F4394404FEA1C4E1FFA9C
:10B8C0008CF6B7FBFEF1230C0EFB117743EA07431E
:10B8D00001FB06F098420AD91CEB030301F1FF3784
:10B8E00080F01581984240F21281023963441B1A9C
:10B8F000A4B2B3FBFEF00EFB103344EA034400FB9A
:10B9000006F6A6420AD91CEB040400F1FF3380F0CE
:10B910000081A64240F2FD806444023840EA0140C2
:10B92000A41B00211DB1D4400023C5E90043BDE89C
:10B93000F0878B4205D90DB1C5E900010021084609
:10B94000F5E7B3FA83F1002946D1B34202D382422C
:10B9500000F2F580841A66EB030201201746002DE1
:10B96000E5D0C5E90047E2E7002A40F09380A1EB6B
:10B970000C034FEA1C471FFA8CFE0121B3FBF7F6BC
:10B9800007FB1630230C43EA00430EFB06F09842F7
:10B9900008D91CEB030306F1FF3802D2984200F2EB
:10B9A000D08046461B1AA4B2B3FBF7F007FB103356
:10B9B00044EA03440EFB00FEA64508D91CEB040430
:10B9C00000F1FF3302D2A64500F2B6801846A4EB80
:10B9D0000E0440EA0640A5E7C1F120078B4022FA99
:10B9E00007FC4CEA030C06FA01FE20FA07F426FADB
:10B9F00007F344EA0E0400FA01F84FEA1C404FEA4C
:10BA00001449B3FBF0FE1FFA8CF600FB1E3349EA23
:10BA100003430EFB06F9994502FA01F20BD91CEB20
:10BA200003030EF1FF3A80F08580994540F2828051
:10BA3000AEF1020E6344A3EB0909A4B2B9FBF0F323
:10BA400000FB139944EA094403FB06F6A64208D911
:10BA50001CEB040403F1FF3068D2A64266D9023B16
:10BA6000644443EA0E40A41BA0FB02E6B4427346C2
:10BA7000B14652D34FD05DB1B8EB030264EB090479
:10BA800004FA07F722FA01F31F43CC40C5E900741A
:10BA900000214CE7C2F1200120FA01F30CFA02FC6C
:10BAA00026FA01F1964033434FEA1C471FFA8CFEF9
:10BAB000B1FBF7F007FB1016190C41EA064100FB39
:10BAC0000EF68E4204FA02F408D91CEB010100F1D3
:10BAD000FF382DD28E422BD902386144891B9BB28C
:10BAE000B1FBF7F607FB161143EA014306FB0EF123
:10BAF000994208D91CEB030306F1FF3814D299428E
:10BB000012D9023E63445B1A46EA004136E73946E1
:10BB1000EDE6184602E7F045ADD2BEEB020366EB58
:10BB20000C060138B146A6E74646ECE7034698E71F
:10BB30004046D3E7D6467EE76444023847E70846E6
:10BB40000DE7023E63442DE703685A004CBF43F003
:10BB5000004323F000431844704700BF2DE9F0472D
:10BB600059B301F1FF380546164647464FF0000A23
:10BB70000AEB070101EBD171491005EBC1094846F9
:10BB8000FFF7E2FF88454FEAC104034610D004F1F5
:10BB90000800B342284407D8FFF7D6FF0138B04267
:10BBA00008D201F1010AE3E78A4506D04F1EDFE71C
:10BBB000B042F9D84846BDE8F0874FF00009484642
:10BBC000BDE8F087012809D0022805D0044B0028E1
:10BBD0000CBF184600207047024870470248704763
:10BBE000A1C20008A9C20008A5C2000830B5224BB6
:10BBF00083B004468D1E43B301A92846AFF30080ED
:10BC0000F0B101992A46FFF7A9FF0146C0B1FFF73D
:10BC10009BFF4B68A064012B2BD0002B01F104008B
:10BC200025DBFFF791FF002323650368E064002B09
:10BC300012DBFFF789FF03460020236103B030BD0C
:10BC400000230920236103B030BD0C4B0C49C91AF5
:10BC5000C91018460191D5E7C3F30360FFF7B2FF9F
:10BC6000031E0CBF09200020236103B030BD012357
:10BC7000DAE700230520E0E700000000E8CE040832
:10BC8000A0DD04080368DA0710B5044606D49B0754
:10BC900000F1500009D500F095FC2368590709D53B
:10BCA0001A070ED5DB0613D510BD00F083FC236800
:10BCB0005907F5D404F1D80000F08CFC23681A076A
:10BCC000F0D404F5AC7000F08DFC2368DB06EBD4F7
:10BCD00004F5EC70BDE8104000F0C8BC03460068F5
:10BCE00000B11844704700BF09207047704700BF7B
:10BCF00070B504460E46316C2046FFF777FF0546C7
:10BD000088B9326C62612369324621460120984726
:10BD10000828F0D0072806D12846316CFFF7E6FF47
:10BD2000301D00F03BFCFFDE2DE9F04701F1040C73
:10BD3000C768D0F8188006469146BCE80F00ADF5FC
:10BD4000767D03AC0FC4BCE80F000FC4BCE80F0045
:10BD50000FC49CE80F0002AD4FF0000E84E80F0006
:10BD6000C5F800E021E02B6C73614FF4F4722946B2
:10BD70007CA8F6F74DF933697CAA314650469847BE
:10BD80008A9BAB644946CDE9005882463346012080
:10BD90003246B847814630BB4FF4F4727CA928463E
:10BDA000F6F736F9BAF1080F1AD1296C3046FFF7C9
:10BDB0001DFF09F1090904465FFA89FA0028D2D06B
:10BDC000AB6BAB643246CDE9005833464AF0100104
:10BDD0000120B84738B920460DF5767DBDE8F087DB
:10BDE000BAF1070F05D0092420460DF5767DBDE890
:10BDF000F0874846296CFFF779FF03A800F0CEFBD7
:10BE0000806C7047F0B5CB6B0B6401F1040C0E46EF
:10BE10000546BCE80F00FBB001AC0FC4BCE80F0046
:10BE20000FC4BCE80F000FC49CE80F004FF0FF37B1
:10BE300084E80F00009706E02B696A462946984778
:10BE40000828044608D110992846FFF7CFFE00289D
:10BE5000F2D009207BB0F0BD6846FFF713FF062C37
:10BE6000F7D131462846FFF743FF00BFC160D96BC9
:10BE7000826119640022194656E700BF70B5C66892
:10BE800043690B64AEB903690A4604460D46014690
:10BE900002209847072805D008280ED129462046B9
:10BEA000FFF726FF3046296CFFF720FF281D00F022
:10BEB00075FB0122FFF738FFFFDEFFDEC2681AB113
:10BEC000CA6B0A6400222FE79CE700BF704700BFDF
:10BED000836801460BB1012018477047052915D822
:10BEE000DFE801F00A031403030501207047009AFC
:10BEF000436C13600020704743B90F2A06D800EB4B
:10BF0000820200205368009A136070470220704735
:10BF100000B585B00A46002303A900911946FFF732
:10BF2000DDFF039805B05DF804FB00BF052915D8B7
:10BF3000DFE801F00A031403030501207047009BAA
:10BF40001B6843640020704743B90F2A06D8009B42
:10BF500000EB82021B68536000207047022070478C
:10BF600010B584B0002303AC039200940A4619462E
:10BF7000FFF7DCFF04B010BD70B5D36B136402F1A2
:10BF8000040C05460C46BCE80F00ADF5107D0DF124
:10BF90005C0EAEE80F00BCE80F00AEE80F00BCE896
:10BFA0000F00AEE80F009CE80F004FF0FF368EE860
:10BFB0000F00169610E0FFF7D3FF214616A8A847FA
:10BFC000034616AA0820694683B9049B98470528AA
:10BFD00006460CD0092809D026996846FFF706FEC8
:10BFE00003460C216A4616A8002BE4D0092616A8A1
:10BFF000FFF748FE30460DF5107D70BD2DE9F04F7E
:10C000001646CA6C89B00D4652F8041B069200F021
:10C01000030C002B79D00C0C8DF81D400904E4B200
:10C02000059102EB840202218DF81C10296DBCF1F0
:10C03000020F08BFAA6B11F0010809D005A930460C
:10C0400000F0AEFB002856D1082009B0BDE8F08F03
:10C050001768002FF2D000F00801CDE90118E3467F
:10C060009A46BAF1020F4CD01788548802F104099D
:10C07000AA6C24F001030F21304603EB0208FFF7FE
:10C0800047FF80453BD827F0010202EB08038342BB
:10C0900094BF00230123640004F0020407F00107A9
:10C0A0002743012F4ED0022F35D027BBBBF1000F05
:10C0B00002D0002B40F0D38009F104021768002F52
:10C0C000CFD105A93046DDF8088000F069FB90B9B2
:10C0D000B8F1000FB8D00F213046FFF719FF0E213D
:10C0E00002463046FFF73CFF6C4A0F213046FFF70F
:10C0F00037FF072000E0092009B0BDE8F08F0023DA
:10C10000C9E7546802F10809B2E7090205918DF800
:10C110001D30032188E7D9F8004024F00048BBF126
:10C12000000F47D12BB1019B002B5CD0B8F1000F61
:10C1300059D0002C01DA09F1040908F1010209EBD8
:10C140008202BBE7BBF1000F1CD1C3B1D9F80430A8
:10C15000D9F80020991C4FEAD272CCD005F15804CE
:10C160000133049400F08E8009F10400FFF7B6FD5E
:10C1700004AB014628462BF0D9FD002859D109F11E
:10C1800008029BE70D213046FFF7C2FE2C6A84426D
:10C19000F5D1AB6A9945F2D14846FFF7D5FC0F219E
:10C1A00002463046FFF7DCFE2A4600213046FFF704
:10C1B000D7FE9EE70D213046FFF7AAFE2F6A874281
:10C1C000B7D1AB6A9945B4D100240423C5E90B4328
:10C1D0004B44C5F828806B63D9F80030A34258DB84
:10C1E00001230293A9E705F15803CDF80CB009F13A
:10C1F0000407B34600241E460BE038460496FFF7BA
:10C200006DFD0022014604AB28462BF08FFD04375C
:10C21000F8B9444504F10104EFD10D215846FFF768
:10C2200077FE049BC5F828900246C5E9082306203E
:10C2300062E704460D213046FFF76AFE049E28623D
:10C24000022C04BFEE6205F12C06C5E9096906203F
:10C2500052E75E46D9F80040DDF80CB069E7484681
:10C26000FFF772FC09F104030446AB6328462BF088
:10C27000B5FD00283FF43FAF22460F213046FFF7BF
:10C280006FFE36E730460D21FFF742FE2646286254
:10C29000DBE708F1010209EB82007EE7A18D0308CC
:10C2A0000023ABE60123A9E60223A7E62DE9F0412E
:10C2B0000646C4B01446052900F2D880DFE811F024
:10C2C00012002D00D6006C0091000600836B002C3C
:10C2D00040F0CC8053F8042B42648363002044B0C8
:10C2E000BDE8F081002B40F0C180856B1FFA84FC13
:10C2F000012006F1040E00FA03F111EA0C0F2A46A0
:10C3000004D052F8041B4EF8231015460133102BAD
:10C31000F1D1A704E2D4B563E0E7012B4FEA14475B
:10C32000A4B200F08380052B40F0A08007EB040846
:10C33000B8F1200F00F29A800F2F40F29980002C64
:10C34000CCD00268500700F11881019302AD284655
:10C3500000F044F94FEA440CA7F11000B16B019BC7
:10C360000CF1FF3C05EBC0000CF1010C043801EBB3
:10C370008C0251F8044B40F8044F9142F9D1012B43
:10C3800000F0DE800F2FB16302D822A800F01AF966
:10C39000284600F01FF9A1E7032B67D1A7B207EBEE
:10C3A0001443102B4FEA144460D80368190700F1B6
:10C3B000BF8022AD284600F037F97A00B06B05EB5C
:10C3C000C404531E42B1011B625844F8042B013BC4
:10C3D0005A1CF9D100EBC700B063284600F002F9FF
:10C3E0007CE7002B42D1102C40D80368DD0600F119
:10C3F000978022AD284600F043F9B76B2946002309
:10C400004FF0010C0CFA03F22242384603F101030B
:10C4100003D050F8042B0A600746042B01F10401F5
:10C42000F0D1B763284600F021F957E73A19102AEE
:10C430001CD8102F1AD00268D00708D5304622F039
:10C44000030240F8502B019300F0B8F8019B0193D0
:10C4500022AD284600F0B2F8B26B019B002C58D1F7
:10C460000432B263284600F0A5F837E7022036E729
:10C47000B8F1100F026865D9D40772D522F0010215
:10C4800042F0020240F8502B019300F09FF832680E
:10C49000019B12F0040F66D122AD2846019300F0F3
:10C4A00095F802A800F09AF8C7F110014900B26BA4
:10C4B000019BA8F1100C4C1E05EBC7000134043899
:10C4C00002EB840152F8044B40F8044F8A42F9D140
:10C4D000BCF1000F5AD0102F384638BF10204FEA59
:10C4E0004C0C103802AD0CF1FF3C05EBC0003BE7F3
:10C4F000304622F0010242F0020240F8502B22ADF9
:10C50000019300F063F8284600F060F8B26B24B3A2
:10C51000019B6400013C05EBC7004FF0000CCDE728
:10C5200023F01003036000F5EC7000F0A9F860E759
:10C5300023F00803036000F5AC7000F075F838E7ED
:10C5400022AD8DE7D107D3D422AD2846019300F068
:10C550003DF8B26B019B002CDBD1284600F032F88D
:10C56000BCE6540798D5304622F0040240F8D82B98
:10C57000019300F033F8019B8EE7304622F004026D
:10C5800040F8D82B019300F029F8DFE6012B3FF4A7
:10C5900067AF0F2FB2633FF6A1AEDEE700F13401C3
:10C5A00091E838009C46A6464CF8045D90E8FF0FE1
:10C5B000E54600BD90EC210B704700BF80EC210BDD
:10C5C000704700BF90EC200B704700BF80EC200B41
:10C5D000704700BFD0EC200B704700BFC0EC200BB1
:10C5E000704700BFF0EC0201F0EC0211F0EC022108
:10C5F000F0EC0231F0EC0241F0EC0251F0EC02619F
:10C60000F0EC0271F0EC0281F0EC0291F0EC02A18E
:10C61000F0EC02B1F0EC02C1F0EC02D1F0EC02E17E
:10C62000F0EC02F1704700BFE0EC0201E0EC021117
:10C63000E0EC0221E0EC0231E0EC0241E0EC0251DE
:10C64000E0EC0261E0EC0271E0EC0281E0EC0291CE
:10C65000E0EC02A1E0EC02B1E0EC02C1E0EC02D1BE
:10C66000E0EC02E1E0EC02F1704700BFB0FC0181B8
:10C67000B0FC0191B0FC01A1B0FC01B1704700BF5A
:10C68000A0FC0181A0FC0191A0FC01A1A0FC01B1D2
:10C69000704700BFEC4600B52DE900502DE9FF1FA3
:10C6A0004FF000032DE90C0001A9FFF7ABFBDDF80B
:10C6B00040E012B0704700BFEC4600B52DE90050D5
:10C6C0002DE9FF1F4FF000032DE90C0001A9FFF732
:10C6D000D5FBDDF840E012B0704700BFEC4600B576
:10C6E0002DE900502DE9FF1F4FF000032DE90C004C
:10C6F00001A9FFF7E3FBDDF840E012B0704700BF8F
:10C70000EC4600B52DE900502DE9FF1F4FF0000366
:10C710002DE90C0001ABFFF7A9FBDDF840E012B0FA
:10C72000704700BFEC4600B52DE900502DE9FF1F12
:10C730004FF000032DE90C0001AAFFF71DFCDDF806
:10C7400040E012B0704700BF027A03467AB9427ADD
:10C75000A2B14168013A10B44272086803220C1D6C
:10C760001A7202025C60000E10BC1A60704700680A
:10C77000013A1A7202021A60000E7047B020704728
:10C7800000B585B003AA0023009219460C22FFF7DA
:10C79000A5FB039805B05DF804FB00BFF0E700BF00
:10C7A0002DE9F043064685B00D464FF000082846B7
:10C7B000FFF7CAFFB028044600F01C8107065BD5CE
:10C7C00000F0F003A02B1AD030D8802B00F082802C
:10C7D000902B27D100F00D030D2B23D002AF0023A7
:10C7E00000F00F02194600973046FFF777FB002351
:10C7F00000970D2219463046FFF798FBD7E7C34351
:10C8000003F007034FF47F621A41010702F47F62CD
:10C8100001D542F48042002319463046FFF746FD19
:10C820000028C4D0092005B0BDE8F083B02B68D043
:10C83000C02B3DD1C62800F0CA80C72800F0DF8099
:10C8400000F0F803C02B00F0EC80C82800F0F7805F
:10C85000C928E7D12846FFF777FF020300F00F0051
:10C8600002F4702201300243012105233046FFF714
:10C870001DFD00289BD0D5E78300DBB21F1D0DF105
:10C88000080900231946CDF800900D223046FFF725
:10C8900025FB029BCDF8009060064CBFDF1BFF1804
:10C8A00000230D22194630460297FFF73FFB7EE733
:10C8B00000F0F803D02BB5D100F0070201320523B8
:10C8C00042F4002201213046FFF7F0FC00283FF43B
:10C8D0006EAFA7E72846FFF737FF24022043B0F5E5
:10C8E000004F9FD004010023A2B219463046FFF743
:10C8F000DDFC002896D114F4004F18BF4FF001085A
:10C9000055E7A0F1B103042B00F2B580DFE803F096
:10C910005529160C030003AA0023009219460D2284
:10C920003046FFF7DBFA42E700231A46052130467E
:10C93000FFF7BCFC00283FF43AAF73E72846FFF747
:10C9400003FF020300F00F00013002F47022012304
:10C95000024319463046FFF7A9FC00283FF427AFF1
:10C9600060E700230DF108090D221946CDF800906B
:10C970003046FFF7B3FA2846FFF7E6FE0206029CB0
:10C980004FF002070BD500F07F00B8400444284662
:10C990000294FFF7D9FE030607F10707F3D4B84066
:10C9A000002304F501740444CDF800900D221946CB
:10C9B00030460294FFF7BAFAF9E62846FFF7C4FEBC
:10C9C000431EDBB20E2B02467FF625AF2AE7284630
:10C9D000FFF7BAFE020300F00F00013002F47022EC
:10C9E0000323024319463046FFF760FC00283FF45A
:10C9F000DEAE17E7B8F1000F2DD0002013E7284670
:10CA0000FFF7A2FE431EDBB20E2B02463FF60AAF33
:10CA1000002304213046FFF749FC00283FF4C7AE4D
:10CA200000E700F00F020132032342F420221946EE
:10CA30003046FFF73BFC00283FF4B9AEF2E628464B
:10CA4000FFF782FE00F0F00200F00F031032013316
:10CA500043EA023208E702AC4346414600940E2204
:10CA60003046FFF73BFA0F220094434641463046DA
:10CA7000FFF75CFAC1E700F0FC03B42B3FF4D2AE41
:10CA800000F007020132012342F400221946304629
:10CA9000FFF70CFC00283FF48AAEC3E610B5C26C69
:10CAA000536884B04FF0030C08321C0208461B0E7A
:10CAB00001A9019402928DF80CC08DF80D30FFF79A
:10CAC0006FFE04B010BD00BF08B5FFF767FE806CB5
:10CAD00008BD00BF08B5FFF761FEC06CC37900EB6D
:10CAE0008300083008BD00BF704700BF024B5822CA
:10CAF0001A604FF0FF307047CC0F0020024B5822D5
:10CB00001A604FF0FF307047CC0F0020024B5822C4
:10CB10001A604FF0FF307047CC0F0020024B5822B4
:10CB20001A600020704700BFCC0F0020024B582233
:10CB30001A604FF0FF307047CC0F0020024B582294
:10CB40001A604FF0FF307047CC0F0020024B582284
:10CB50001A604FF0FF307047CC0F0020FEE700BF97
:10CB6000DFF838D0002103E00D4B5B58435004310F
:10CB70000C480D4B42189A42F6D30C4A02E00023AF
:10CB800042F8043B0A4B9A42F9D302F01FFE13F01D
:10CB9000FDF8F5F76DFB13F055F970470000022022
:10CBA000CCDD040800000020A80C0020A80C002008
:10CBB000F4F90020FEE7000008480068006880F3F0
:10CBC00008884FF0000080F3148862B661B6BFF3A6
:10CBD0004F8FBFF36F8F00DF00BF000008ED00E054
:10CBE000DFF80C00016841F470010160704700003B
:10CBF00088ED00E00E4B1B6882B0002201330192E9
:10CC000008D04FF0500383F31188BFF36F8FBFF349
:10CC10004F8FFEE74FF0500383F31188BFF36F8F00
:10CC2000BFF34F8F019B002BFCD002B0704700BFB9
:10CC3000D008002010B44FF08073074C40F8043C3B
:10CC400021F001016FF0020340E9034140E909329C
:10CC50005DF8044B44387047F5CB00080000000035
:10CC6000074B19680868B0E8F04F80F30988BFF3F4
:10CC70006F8F4FF0000080F311887047AFF3008092
:10CC800008A300204FF0500383F31188BFF36F8F88
:10CC9000BFF34F8F0B4A13680133012B136000D091
:10CCA00070474FF0E023D3F8043DDBB2002BF7D000
:10CCB0004FF0500383F31188BFF36F8FBFF34F8F93
:10CCC000FEE700BFD0080020084A136843B94FF0C0
:10CCD000500383F31188BFF36F8FBFF34F8FFEE7CD
:10CCE000013B13600BB983F311887047D008002013
:10CCF000EFF30980BFF36F8F154B1A681EF0100F0A
:10CD000008BF20ED108A20E9F04F10602DE90900DE
:10CD10004FF0500080F31188BFF34F8FBFF36F8F38
:10CD200009F0E0FA4FF0000080F3118809BC19689F
:10CD30000868B0E8F04F1EF0100F08BFB0EC108A82
:10CD400080F30988BFF36F8F704700BFAFF3008097
:10CD500008A3002008B54FF0500383F31188BFF3F8
:10CD60006F8FBFF34F8F09F03FF928B14FF0E023E9
:10CD70004FF08052C3F8042D002383F3118808BDBF
:10CD80004FF0E02200230649136193610B680549C7
:10CD9000A1FB03139B090720013B536110617047FE
:10CDA000A80B0020D34D62104FF0E0233D4AD3F88A
:10CDB000001D914241D0D3F8002D3B4B9A4233D015
:10CDC00030B53A4B3A4C1A783A4883B0FF21D2B288
:10CDD000019219701B78DBB28DF803309DF8033097
:10CDE0009DF8032003F05003072112062370016011
:10CDF00048BF06220FD59DF803305B00DBB28DF8EB
:10CE000003309DF803301B06114602F1FF32F2D4C5
:10CE100003291BD001604FF0500383F31188BFF347
:10CE20006F8FBFF34F8FFEE74FF0500383F31188EE
:10CE3000BFF36F8FBFF34F8FFEE74FF0500383F3C5
:10CE40001188BFF36F8FBFF34F8FFEE7019B174A27
:10CE50004FF0E0244FF44071DBB201601370D4F85E
:10CE6000203D43F47003C4F8203DD4F8203D43F046
:10CE70007043C4F8203DFFF783FF0F4B00251D6072
:10CE8000FFF7AEFED4F8343F43F04043C4F8343FDC
:10CE9000FFF792FE09F026FAFFF7ACFE284603B032
:10CEA00030BD00BF71C20F4170C20F4100E400E00D
:10CEB000D40F0020D00F0020D0080020EFF305830E
:10CEC0000F2B0ED91149124A5B5C12789A4208D98D
:10CED0004FF0500383F31188BFF36F8FBFF34F8F71
:10CEE000FEE74FF0E0230B4AD3F80C3D126803F441
:10CEF000E063934208D94FF0500383F31188BFF3E6
:10CF00006F8FBFF34F8FFEE7704700BFF0E300E085
:10CF1000D40F0020D00F002001207047B6EE000A89
:10CF2000704700BFB6EE000A704700BF9FED010AD0
:10CF3000704700BF5E74513F9FED010A704700BF0C
:10CF40005E74513F90F82C00A0F10200B0FA80F01E
:10CF50004009704790F82800A0F10200B0FA80F074
:10CF60004009704710B5254BDFED257A84460C4605
:10CF70000FCB84B0B4EEE70A0DF1100EF1EE10FA0B
:10CF80000EE90F0033D5DFED1F7AB4EEE70AF1EEBC
:10CF900010FA2FD5F3EE047AB4EEE70AF1EE10FAA8
:10CFA00054BF0123002399002CB104AA02EB830390
:10CFB00053F8103C2360BCF82430B3F5AA6F03D1BA
:10CFC000BCF826308B420FD0DCF81400ACF82610E9
:10CFD0004FF4AA630022BCF81810ACF824308CF887
:10CFE0002C2008B104F090FA012004B010BD0C21EF
:10CFF0000323D9E708210223D6E700BFB88F03082F
:10D000000000A0420000204290F82C302BB1C369F0
:10D0100023B11B69028C1A4200D07047002380F8AC
:10D020002C3070472DE9F04F074691B041F400468F
:10D030004FF0010A4FF47A7B27F8286FCDE90CAB4B
:10D0400000230B930A9700F10C092A4D0F92044616
:10D0500099E803000DF1200805F10C0E88E80300A3
:10D06000BEE80F00EC46ACE80F009EE80F008CE82D
:10D070000F0095E80E00A06814F01AFD20B90025F5
:10D08000284611B0BDE8F08F50460BF0B7FB0A9769
:10D09000CDF834B02685CDF830A099E8030004F12E
:10D0A0002A030B9305F10C074FF6FF7388E8030082
:10D0B00063850FCF6E460FC697E80F0086E80F0016
:10D0C00095E80E00A06814F0F3FC05460028D6D0C1
:10D0D00050460BF093FB638D4BF6EF629342CED03C
:10D0E0000F9A002ACCD0C3F30A032846138011B04C
:10D0F000BDE8F08F1096030810B582B001AA002198
:10D100000446FFF78FFF88B10DF106024FF400616E
:10D110002046FFF787FF48B1BDF80600BDF8043090
:10D12000000400F40000184302B010BD4FF0FF30BF
:10D1300002B010BD70B5C2F30A028EB011430126D1
:10D140004FF47A72CDE90C6200F10C0301850446BC
:10D15000114D93E8030000230B9304F128030A9375
:10D1600005F10C0E08AB83E80300BEE80F00EC46A7
:10D17000ACE80F009EE80F008CE80F0095E80E0069
:10D18000A06814F095FC044610B130460BF036FB55
:10D1900020460EB070BD00BF1096030890F82C30EA
:10D1A000022B00F0838010B50446406982B018B1AC
:10D1B000218B002204F0A8F928200BF01FFB6069E6
:10D1C000002384F82C3018B1218B012204F09CF943
:10D1D000142009F043FCA28C4FF480512046FFF745
:10D1E000A9FF10B9002002B010BDA28C4FF48051ED
:10D1F0002046FFF79FFF0028F4D0A28C4FF4805107
:10D200002046FFF797FF0028ECD0A28C4FF4805106
:10D210002046FFF78FFF0028E4D0A28C4FF4805106
:10D220002046FFF787FF0028DCD0E28C4FF4C05186
:10D230002046FFF77FFF0028D4D064200BF0DEFAF1
:10D2400001234FF4805184F82C300DF10602204662
:10D25000FFF7E8FE0028C5D0A28CBDF806309A4240
:10D26000C0D10DF106024FF4C0512046FFF7DAFE9F
:10D270000028B7D0E28CBDF806309A42B2D12046E1
:10D28000FFF73AFF0028ADD1EFF3108372B694F8A0
:10D290002C20012A04BF022284F82C2083F310885A
:10D2A00094F82C00831E584258419CE70120704797
:10D2B000704700BF704700BF82B010B48BB001ACA4
:10D2C00084E80700019A0D931168029A1C460B68C6
:10D2D00012686FF0010003400B60CB680340CB6025
:10D2E0004B6943F001034B6108614C6213680340D2
:10D2F0001360D468039B04401B68D460546944F0F5
:10D30000010454610E9C106154621C6804401C604E
:10D31000DC680440DC605C69049144F001045C61F9
:10D320000F9C18615C620C6810681968059244F0E3
:10D33000010440F0010041F00101079408900693B8
:10D340000991EFF3108372B6DDE90410DDE90624DC
:10D350000C60DDE908410460116083F310880BB0B4
:10D360005DF8044B02B070470448054A036D1B6822
:10D37000934200D170475030184700BF30900020D2
:10D38000B5D200080448054A836B1B68934200D15C
:10D3900070473830184700BFD0900020B1D2000845
:10D3A000494A136813F0040331D0F0B5474E33688F
:10D3B0002DED028B03F00603062B85B004D0002070
:10D3C00005B0BDEC028BF0BD414F3B6803F0060396
:10D3D000062BF4D10546D06B0C460BF057FD3D48AB
:10D3E000FFF7B0FDA8B93C48FFF7ACFD002833D1EA
:10D3F00035483649364A6FF0040404606FF026035E
:10D4000001200B60136005B0BDEC028BF0BD184627
:10D410007047F26B314968460DF03CFC2F49FA6BBE
:10D420009DED008A02A80DF035FC9DF80430002B1C
:10D43000D9D09DF80C30002BD5D09DED027A2B7BF6
:10D44000F1EE487A77EEC77A5BB3C5ED007A85EDE9
:10D45000018A85ED027AC6E71C4B2149DA6C6846E1
:10D460000DF018FC1A4B1E49DA6C9DED008A02A8DB
:10D470000DF010FC9DF80430002BB9D09DF80C3055
:10D48000002BB5D09DED027A237BF1EE487A77EE42
:10D49000C77A7BB1C4ED007A84ED018A84ED027A0B
:10D4A000A6E70123C5ED007A85ED018A85ED027AB4
:10D4B0002B7398E70123C4ED007A84ED018A84ED93
:10D4C000027A237394E700BF00200140002101404D
:10D4D000002201407091002040910020D08C00205B
:10D4E000808E002010B5382104462AF09BFA204691
:10D4F00010BD00BF10B5502104462AF093FA204613
:10D5000010BD00BF08B502F091FA01F0DDF9084A3C
:10D51000084B1178FF2918BF1346DA78032A00D088
:10D52000FEE71A79062AFBD15B79382BF8D108BDC2
:10D530000078FF1F0000002070B582B002F06EF985
:10D5400001F074F901F0C8FD01F01AFE00F0DCFFF3
:10D5500001F0E2F800F0E6FD00F01CFE01F096FBA1
:10D5600001F062FE01F082F800F04EFE00F09CFE39
:10D5700000220121062003F095F9062003F0CEF9E0
:10D5800000220121072003F08DF9072003F0C6F9DE
:10D5900000220121082003F085F9082003F0BEF9DC
:10D5A00000220121092003F07DF9092003F0B6F9DA
:10D5B000002201210A2003F075F90A2003F0AEF9D8
:10D5C00000220121172003F06DF9172003F0A6F9BE
:10D5D00000220121282003F065F9282003F09EF99C
:10D5E000002205214D2003F05DF94D2003F096F94E
:10D5F000002211462C20554C03F054F92C2003F046
:10D600008DF994F88931002B35D194F88A31002BAB
:10D610003CD194F89931002B43D194F898313BB127
:10D6200094F88731072B00F08880012384F8CC32EE
:10D63000474B4848D96841F00101D960DC6844F0A3
:10D640000204DC609C6844F080049C6000224FF47B
:10D65000805103F059FF28200BF0D0F801224FF43D
:10D6600080513C4803F050FF44F620600BF0C6F8B0
:10D67000012002B070BD384BD4F88C211B685A6071
:10D6800001F0D6FB94F88A31002BC2D0334BD4F88A
:10D6900090211B685A6001F0EFFB94F89931002B40
:10D6A000BBD02F4D05F1180393E803006E4600230D
:10D6B00086E8030001221946304613F009FC05F103
:10D6C000200393E80300002386E8030001221946A3
:10D6D000304613F0FDFB05F1280393E80300002317
:10D6E00086E8030001221946304613F0F1FB0120C1
:10D6F00009F0B4F9AB69AA8B23B11B691A4214BFB4
:10D7000001230023286AAA8C28B101690A4214BFA8
:10D71000012000204000AA6AA98D32B1126911428D
:10D7200014BF0122002243EA820318430D4B40F04C
:10D730006800187002F0E6F86FE794F88831072B5C
:10D740003FF476AF012384F8CC3271E790E30020F8
:10D75000002004E000040240200B00201C0B0020ED
:10D76000E80F0020C4F900202DE9F0438FB0EFF35B
:10D77000108472B6304F314E3A6830689368DFF8E3
:10D78000D0902F4D23F44013936081682D4A01EA15
:10D79000090181602868816801EA090102F10C0829
:10D7A000816007CA0DF1080E8EE8070098E80700AF
:10D7B00005AB83E807009EE807000DF1200C8CE81C
:10D7C000070093E807000EAB03E907000EAA034623
:10D7D00012E903008DE803009CE80700FFF76CFDE9
:10D7E000396832688868184E2B6840F48010886069
:10D7F0009068304390609D68144835439D606FF099
:10D80000040500680D6015601D606FF002050D6075
:10D8100015601D606FF020050D6015606FF001024E
:10D820001D600261C36843F00103C36084F3108884
:10D830000FB0BDE8F08300BF909B0020489B002004
:10D84000009B0020C88F0308000010102C920020BD
:10D85000FFFFCFCF034B834200D07047024814F044
:10D860006FB900BF48980020A4910020034B834269
:10D8700000D07047024814F063B900BF48980020F8
:10D88000A4910020034B834200D07047024814F05B
:10D8900057B900BF48980020A4910020014811F01A
:10D8A000BBBB00BFDC0F00201F4B20491B6820487A
:10D8B0006FF0010210B51A610A680478C2F3001C07
:10D8C000644522D01B4C80F800C0236803F5245324
:10D8D000043302F0100223604AB1174A40F2D663C3
:10D8E000CB638B634B63D3639363536310BD134864
:10D8F000134B90F8E0221A70A0F5804012F00EFA57
:10D90000104B4D22C3F8002E10BD0F484FF40022DB
:10D9100000230DF0E1F8BDE810400C484FF4002260
:10D9200000230DF0D9B800BF2C9200200004014064
:10D93000D50F0020D80F00200000014090E3002008
:10D94000AC91002000E100E0D08C0020808E00200F
:10D950002DE9F04F8BB002AD06ACDFF8CC8100238F
:10D9600021462846C5E90133C4E90133D8F80060EF
:10D970000293EB600693E360FFF712FD002800F0CE
:10D98000AA80624B5B6C13F4004300F09D80604BF7
:10D990005B6C13F4004300F090800DF1100999E8DE
:10D9A00003008DE8030008AF95E80C005948A6F283
:10D9B00056610DF0E1FA97E803008DE80300564840
:10D9C00094E80C0031460DF0D7FA3146534813F075
:10D9D00039F8534B534A596A490089B213689B0777
:10D9E000FCD54F4BDFF844B15B6A9BF80000DFF8D1
:10D9F00040A15B009BB25A1A18B1CAE9C513CAF814
:10DA00001C23DAF82033934238BF134621462846B8
:10DA1000CAF82033FFF7C4FC002841D099E803007E
:10DA20008DE8030006F50A5195E80C0039482E31BF
:10DA30000DF0C0FB97E803008DE8030006F52455C0
:10DA4000043594E80C00344829460DF0B3FB06F584
:10DA5000E941304836310DF019FC06F5F6412E4803
:10DA60000C310DF013FCD8F800309D4209D0294844
:10DA7000102200230DF030F82748102200230DF06B
:10DA80002BF89AF8E0321BB19BF8003083F00103C9
:10DA900000228AF8E0328BF800200BB0BDE8F08F4E
:10DAA0001C484FF0007200230DF016F81A484FF092
:10DAB000007200230DF010F8B0E79DF82420F2B1B9
:10DAC0000693C4E9013368E79DF8142082B10293FC
:10DAD000C5E901335BE70F484FF0007200230CF0FB
:10DAE000FBFF0D484FF0007200230CF0F5FF48E7F4
:10DAF00001230292C5E901228DF8143047E7012382
:10DB00000692C4E901228DF8243046E70000014066
:10DB100000040140D08C0020808E002090A30020C3
:10DB2000001C004000210140D80F0020AC910020D3
:10DB300090E30020014803F0C5BE00BF68A10020AB
:10DB4000014803F00DBE00BF68A10020014804F0A9
:10DB50001DBB00BF989300202DE9F04FCD48CE4E5D
:10DB6000CE4DCF4CCF4AAE600023C6E90003CE486D
:10DB7000E86002F11801E06000F58060C5E900216D
:10DB8000C4E90021E8614FF48042E0614FF40050A5
:10DB90006B612B8385F82C3022826361238384F8A8
:10DBA0002C3028820423C14AC148A6609BB00F21B3
:10DBB0002B8423840DF06CFE0423BC4ABD48194617
:10DBC0000DF066FEBC4ABD49002029F0A7FEBC4806
:10DBD0000DF086FEBB480DF083FEDFF8E482B44F03
:10DBE000B54AB949DFF84493002029F097FECDE902
:10DBF00001789FEDB60AA94BB54900950622B548B4
:10DC00000CF0AEFD383708F15002CDE900479FED2A
:10DC1000AF0AA34BB0490292B048A34FDFF810837C
:10DC200006220CF09DFD4FF4007306961297ADF896
:10DC30004C30ADF8643012AB93E803001022ADF81D
:10DC40005C2004AD2022ADF854201897CDF8508008
:10DC5000CDF8588085E8030014AB93E8030002ACCC
:10DC600084E8030016AB93E803008DE803001AABC9
:10DC700013E90C009A499B480DF0F0FE4023ADF8E3
:10DC80003C308023ADF834304FF4004306960A97B9
:10DC9000ADF82C300AAA92E803001097ADF8443092
:10DCA000CDF83080CDF8388085E803000CAB93E8E0
:10DCB000030084E803000EAA92E8030010AB8A4D2B
:10DCC0008A4C8B4F0CCB8DE803008A498A480DF0B3
:10DCD000C5FE00238949AB800122C5E90233C5E9AD
:10DCE0000633AB822960AA712961AA754B4609F1F6
:10DCF0008006402218460021F2F7AEFB034640336F
:10DD00000222B34244608460C7608262026382631D
:10DD1000EFD1DFF820B27A4BDFF81CA2DFF81CE26B
:10DD20009FED784ADFED784A9FED785ADFED785A1B
:10DD30009FED786ADFED787ADFF804C25A4640F248
:10DD40000310F3EE046A4FF48067576400244FF029
:10DD50007E56B0EE007A4FF07A5756631664176518
:10DD6000C2F800E01083C2ED076A82ED084AC2EDF6
:10DD7000094A82ED0B5AC2ED0C5A82ED0E6AC2EDD1
:10DD8000127A82F83C40546582ED0A7A82ED137A69
:10DD900043F8B46C43F8B06C43F8AC6C43F8986C3F
:10DDA0005E4E43F8A46C43F8846C43F65011FF2692
:10DDB00003F89C6C03F8906C0A44594E43F8806C4D
:10DDC00001274FF480780226524523F8B84C43F8D7
:10DDD000A0CC43ED257A43ED236A43ED226A03F894
:10DDE000A87C43F8784C03F8744C43ED1C7A43ED5F
:10DDF0001B7A03F8684C43ED197A03F8604C43ED45
:10DE0000177A03F8584C43ED157A03F8504C43ED5C
:10DE1000137A43ED127A43ED117A43ED107A43ED14
:10DE20000F7A43ED0E7A43ED0D7A43ED0C7A43ED14
:10DE30000B7A43ED0A7A43ED097A43ED087A43ED14
:10DE4000077A43ED067A03F8124C43ED047A43ED6A
:10DE5000037A43ED017A23F8148C43F8086C0B44E1
:10DE60007FF471AF2F4B08952F4D0793CDE9029B9F
:10DE7000A3F12C0903230595CDF81890DFF854B0D1
:10DE800085ED017A85ED117A2C602C64DFF854A0C1
:10DE9000009357E048980020A49100207091002042
:10DEA00040910020EC9503080008024040960308CA
:10DEB000D0900020089100201002002085D3000897
:10DEC000309000208090002069D30008FFFFF944C3
:10DED00058930020D08C00202C920020808E0020AF
:10DEE000E0920020908900207089002000007A4490
:10DEF0000118CF3AA4920020308B002060B90308AB
:10DF0000A04F0020ABAA2A3EABAAAA3E9A99993FFD
:10DF10000000807F0AD7233C000000000000204161
:10DF2000000020C1980A0020D0150020F0880020B1
:10DF30000004024050160020F0880020B4B9030805
:10DF4000000101014FF07C53CDF810B0CDF804A0D2
:10DF50003A46AB60EB60AB64EB6421463346424823
:10DF60000BF00EF9414B03930BF5D87304930AF5AC
:10DF7000D073CDE900633E4B08933E4B029309F109
:10DF800084030793403509F15803059506933946F4
:10DF90000823072238480BF0F3F8384B384A9A60C8
:10DFA00008209884A3F8440036481A6104259A6131
:10DFB0001A629A6398629865186720221020324985
:10DFC0009F811C609C809E829D839D864FF40044AF
:10DFD000A3F8542098852D4AA3F84C002C4E2D4DC3
:10DFE0002D489C874027A3F87440A3F864704FF431
:10DFF00000748027A3F87C80A3F85C401A631A643D
:10E000009A641A651A669A669A67A3F86C70C3F8E0
:10E010008020C1E90065A3F8844088601BB0BDE89A
:10E02000F08F01231D4D5C1E04F038042C44AC42DB
:10E030000FD129F075FE0023194D5C1E04F0500429
:10E040002C44AC42F5D054F8503D1B68204698470C
:10E05000F7E754F8383D1B6820469847E7E7012367
:10E06000EAE70023DEE700BF70100020A04F002089
:10E07000808900203089002020130020E80F002034
:10E080000000024000080240DC0F002000040240B3
:10E09000689200200100020003000400D0900020DC
:10E0A0003090002030B5014689B000222D2002F0CA
:10E0B000F9FB2D2002F032FC0025164B02951A6C5C
:10E0C000154C42F480721A641B6C03F4807301A92E
:10E0D00003A80293029B04F079FF04F057FF0F4A54
:10E0E0000F4921604300A2FB03239B0C40F2E7325F
:10E0F000013B2046C4E903256360A56005F096FD59
:10E1000010B1012009B030BD204605F037FB09B041
:10E1100030BD00BF00380240B091002083DE1B43B9
:10E120000020004010B51848184901608CB04FF627
:10E13000FF71C1600321002301240422039103A97C
:10E14000C0E90133CDE90434CDE90632CDE9083424
:10E15000CDE90A32036105F0D9FD50B90022002350
:10E1600009486946CDE9002305F0ACFF30B90CB091
:10E1700010BD0748D82100F00FFCEFE70448DF216D
:10E1800000F00AFC0CB010BDE0920020000400403A
:10E190005096030810B51948194901608CB04FF624
:10E1A000FF71C1600321002301240422039103A90C
:10E1B000C0E90133CDE90434CDE90632CDE90834B4
:10E1C000CDE90A32036105F0A1FD50B90022002318
:10E1D0000A486946CDE9002305F074FF30B90CB058
:10E1E00010BD0848F92100F0D7FBEFE705484FF4D0
:10E1F000807100F0D1FB0CB010BD00BFA4920020D4
:10E20000000800405096030800B524482449002324
:10E2100087B04FF0FF32C0E90013C0E9023203615A
:10E2200005F058FD00BB002200231C486946CDE9DB
:10E23000002305F047FF58BB0A200122CDE9020266
:10E24000002108220F230491144805930DEB0201CD
:10E2500005F0E2FDB0B911480C2202A905F0DCFD81
:10E2600040B907B05DF804FB0E4840F2111100F010
:10E2700093FBD8E70B484FF4937100F08DFB07B088
:10E280005DF804FB074840F2211100F085FBE2E74E
:10E2900004484FF48C7100F07FFBCDE768920020BA
:10E2A000000C0040509603080A480B4908B542F696
:10E2B00003120023C0E90013C0E90232036105F034
:10E2C000B5FC00B908BDBDE80840044840F2731130
:10E2D00000F062BBF0910020001C00405096030843
:10E2E000124A0368934282B012D0114A934201D07D
:10E2F00002B070470F4B002201921A6C42F080026C
:10E300001A641B6C03F080030193019B02B07047F9
:10E31000084B002200925A6C42F001025A645B6C76
:10E3200003F001030093009B02B07047000001401E
:10E33000001C0040003802400368B3F1804F82B0F7
:10E3400012D0114A934201D002B070470F4B002205
:10E3500001925A6C42F002025A645B6C03F00203B1
:10E360000193019B02B0704703F50E330022009227
:10E370001A6C42F001021A641B6C03F00103009353
:10E38000009B02B0704700BF00040140003802400B
:10E39000124A0368934282B012D0114A934201D0CC
:10E3A00002B070470F4B002201921A6C42F0040237
:10E3B0001A641B6C03F004030193019B02B07047C5
:10E3C000084B002200921A6C42F002021A641B6C85
:10E3D00003F002030093009B02B07047000400406A
:10E3E00000080040003802400E4B02689A4200D0FC
:10E3F000704700B583B003F50B3300220192196C0E
:10E4000041F0080119641B6C03F00803019301211A
:10E410003220019B02F046FA322003B05DF804EB93
:10E4200002F07CBA000C0040D0B5324A0368934237
:10E4300086B007D0B3F1804F21D02F4A934232D01B
:10E4400006B0D0BD4FF4604202230026002701240D
:10E4500069462A480494CDE90023CDE9026702F019
:10E460007FFE4FF4E0620223254804946946CDE91B
:10E470000267CDE9002302F073FE06B0D0BD4FF471
:10E4800040600221CDE9000100F180400123002617
:10E49000002700F5FC306946CDE90267049302F0DD
:10E4A0005FFE06B0D0BD0026002703248022022391
:10E4B000694613480494CDE90023CDE9026702F0D0
:10E4C0004FFE0322022369460C480494CDE9002341
:10E4D000CDE9026702F044FE4FF4E07202230948DE
:10E4E00004946946CDE90267CDE9002302F038FEC5
:10E4F00006B0D0BD0000014000040140000402400D
:10E50000000002400008024010B55548554C6022FA
:10E51000002396B040F6AC5182600222C0E900436D
:10E52000C0E90313426105F081FB00285DD14FF47F
:10E5300080534B48029302A905F0A2F9002840F04D
:10E540008580474805F0AAFB00287AD1444805F0A9
:10E5500089FB002870D12022002341486946CDE97B
:10E56000002305F0AFFD002861D10020002100222A
:10E57000CDE90A0170233A480C9206A9CDE906328A
:10E58000CDE9082205F026FD00284BD134480422AD
:10E5900006A905F01FFD00283FD13148082206A931
:10E5A00005F018FD002833D100232D4806930C22D6
:10E5B00006A905F0E3FC30BB9FED277B4FF400601C
:10E5C0004FF48061CDE90E010023142224481493F6
:10E5D0000EA98DED127BCDE9103205F099FD48B9F9
:10E5E0001F48FFF721FF16B010BD1F48532100F050
:10E5F000D3F99CE792211C4800F0CEF91848FFF7A8
:10E6000013FF16B010BD1848862100F0C5F9D3E7F6
:10E610001548802100F0C0F9C6E713487B2100F0BF
:10E62000BBF9BAE71048762100F0B6F9AEE70E481C
:10E630006A2100F0B1F998E70B48632100F0ACF9CA
:10E6400089E709485E2100F0A7F97FE706485921CC
:10E6500000F0A2F975E700BF0000000000200000F4
:10E6600058930020000001405096030810B5284838
:10E6700000238AB04FF0804460214FF48052C0E9FB
:10E680000043C0E90212036105F008FB38BB002219
:10E6900000231F486946CDE9002305F013FD88BB20
:10E6A00002227020002104920822CDE902010023F9
:10E6B000174806930DEB020105F08CFCE8B941F216
:10E6C0000104002312480C2202A9CDE9034305F0FE
:10E6D00081FC48B90E48FFF7A7FE0AB010BD0D48EF
:10E6E000A52100F059F9D2E7BC210A4800F054F9FD
:10E6F0000748FFF799FE0AB010BD0648B52100F0A3
:10E700004BF9DCE70348AC2100F046F9C8E700BF4D
:10E710001C9300205096030810B54148414C6022DC
:10E72000002392B040F6AC5182600222C0E900435F
:10E73000C0E90313426105F0B1FA002841D120225B
:10E74000002337486946CDE9002305F0BBFC0028CB
:10E7500059D1002000210022CDE906017023304864
:10E76000089202A9CDE90232CDE9042205F032FC7B
:10E77000002842D12A48042202A905F02BFC0028D7
:10E7800035D1082226480DEB020105F023FC40BBE1
:10E790009FED217B4FF400604FF48061CDE90A01C9
:10E7A000002314221E4810930AA98DED0E7BCDE99B
:10E7B0000C3205F0ADFC50B91948FFF735FE12B028
:10E7C00010BD194840F2391100F0E6F8B7E74FF4F0
:10E7D000B171154800F0E0F81148FFF725FE12B0BE
:10E7E00010BD11484FF4AB7100F0D6F8D0E70E48D9
:10E7F00040F2511100F0D0F8C3E70B484FF4A67176
:10E8000000F0CAF8B6E708484FF4A07100F0C4F869
:10E810009FE700BFAFF30080000000000020000071
:10E820002C920020000401405096030810B582B0DD
:10E830000024244B0094196B41F400111963186BE8
:10E8400000F40010009000980194186B40F48000D0
:10E8500018631B6B03F480032246042101930B20F1
:10E86000019B02F01FF80B2002F058F822460A2103
:10E870000D2002F017F80D2002F050F822460A2170
:10E880000F2002F00FF80F2002F048F822460A216C
:10E89000102002F007F8102002F040F822460A216A
:10E8A000112001F0FFFF112002F038F82246032169
:10E8B0002F2001F0F7FF2F2002B0BDE8104002F03A
:10E8C0002DB800BF0038024070B594B02A4A2B4BD7
:10E8D00000200190116C41F080511164126C02F023
:10E8E00080520192019A02901A6842F480421A60A2
:10E8F0001B689FED1F7B03F48043029301230224D6
:10E90000029A0D934FF480010425A822072308A83A
:10E910008DED087BCDE90E41CDE91052CDE91243D2
:10E9200004F0A8F800B1FEE74FF4A05205904FF4B0
:10E9300080530F26052103A8CDE90364CDE9062302
:10E9400004F084FA044600B1FEE704F019FB0C4B16
:10E95000A3FB0030800902F001F8284602F018F805
:10E96000224631464FF0FF3001F09CFF14B070BDDD
:10E970000900000000000100003802400070004063
:10E98000D34D6210034B02689A4200D0704701F0E9
:10E9900067B800BF00200040FEE700BF0000000095
:10E9A0000368B3F1A04F00D0704700B59FED147B12
:10E9B00089B04FF4C0500221CDE902010A2302A917
:10E9C000114806938DED047B02F0CAFB0F4B596B87
:10E9D000002241F0800159630192586C40F480405C
:10E9E00058645B6C03F48043062101934320019B30
:10E9F00001F058FF432001F091FF09B05DF804FBDE
:10EA00000000000003000000000002400038024047
:10EA1000F8B5D0F8EC5300F56F7605F2AA27044656
:10EA20003146384608F020FE95F8AA3203F060031C
:10EA3000402B03D195F8AB32502B06D0D4F8EC0321
:10EA40003146BDE8F84008F07FBAD5F8B832B5F8DD
:10EA5000B0229B680121C5E9A5122846394698478E
:10EA6000B5F8B03203B900B1F8BD2846BDE8F840AA
:10EA700008F066BEC1EBC10300EB8303D0F8EC03E2
:10EA8000D3F8042208F090BAC1EBC10300EB830372
:10EA9000D0F8EC035A6C08F0BBBA00BFD0F8EC0316
:10EAA00008F046BB10B5C16804460039D0F8EC0345
:10EAB00018BF012108F024FBD4F8EC03BDE8104096
:10EAC00008F0F6BA10B50446D0F8EC0308F01CFBC9
:10EAD0002268D2F8003E43F00103C2F8003E236AE8
:10EAE00023B1034A136943F00603136110BD00BF4D
:10EAF00000ED00E0D0F8EC0308F010BBD0F8EC0318
:10EB000008F026BBD0F8EC0308F020BBD0F8EC03EB
:10EB100008F020BBD0F8EC0308F01EBB02780AB165
:10EB200000207047194B10B5C3F8EC034FF0A04418
:10EB3000C0F8C43206200221C3E900401846C3E9E8
:10EB40000312C3E90521C3E90722C3E90B225A6274
:10EB500003F098FAA0B980210C4803F087FF402207
:10EB600000210A4803F05CFF40220121074803F01E
:10EB700057FF40220321054803F052FF002010BD3B
:10EB8000034840F25911FFF707FFE4E7989300208C
:10EB90006496030808B5D0F8C40203F0E1FA18B18E
:10EBA00002280CBF0120032008BD00BF944608B511
:10EBB0001A46D0F8C402634603F012FE18B10228C8
:10EBC0000CBF0120032008BD08B5D0F8C40203F033
:10EBD00049FE18B102280CBF0120032008BD00BF68
:10EBE00008B5D0F8C40203F0C7FE18B102280CBF64
:10EBF0000120032008BD00BF08B5D0F8C40203F00F
:10EC0000E9FE18B102280CBF0120032008BD00BF97
:10EC10000A06D0F8C43206D4C1EBC10103EB81036C
:10EC200093F8FA01704701F07F01C1EBC10103EBDA
:10EC3000810393F83A00704708B5D0F8C40203F096
:10EC4000BBFD18B102280CBF0120032008BD00BF86
:10EC500008B5D0F8C40203F067FE18B102280CBF53
:10EC60000120032008BD00BF08B5D0F8C40203F09E
:10EC700029FE18B102280CBF0120032008BD00BFE7
:10EC800008B5D0F8C40203F045FE08BD10B5114820
:10EC9000114C4FF482720023C0E900424FF400612E
:10ECA0000122C0E90231C0E904324FF40074182196
:10ECB0000A22C0E90641C0E90833C0E90A3204F07B
:10ECC000F3F900B910BDBDE8104004485221FFF728
:10ECD00063BE00BF48980020003C004080960308B7
:10ECE0003A4B02689A4200D07047F0B587B003F5FE
:10ECF000FE33002700971A6C42F400421A641B6C22
:10ED000003F40043022100934FF4A0520126CDE901
:10ED10000211009B01920623044601A92C48CDE96B
:10ED200004634FF4006502F01BFA03962848294E4D
:10ED3000019501A902F014FA274B33604023C6E97C
:10ED40000173E3684FF48062C6E9037263BB1D463A
:10ED50001A460023C6E905521E4873624FF400327A
:10ED6000C6E9073201F020FE58BB1C4DE3681C4980
:10ED7000A66400224FF48060C5E90012C5E90222B2
:10ED8000B46328619BB919460022C5E905311348CF
:10ED90006A624FF48033C5E9072301F005FE58B9D4
:10EDA000E564AC6307B0F0BD4FF40052D1E74FF417
:10EDB00000634FF40051E7E70A48A021FFF7ECFD9C
:10EDC000EEE708488921FFF7E7FDCEE7003C004069
:10EDD00000080240E8970020B860024088970020B1
:10EDE00010600240809603080D4B02689A4200D0E2
:10EDF00070470C4A136C10B523F4004304464FF4DB
:10EE0000E0511364084802F0CDFAA06C01F060FEF6
:10EE1000E06C01F05DFEBDE81040332001F08CBDD8
:10EE2000003C0040003802400008024000000000A2
:10EE30009FED0B7B0C480D4908B50C220023C0E95F
:10EE4000023380ED067B01600361426105F0EEFA5A
:10EE500000B908BDBDE8084005485121FFF79CBD39
:10EE60000000000000000000609A0020004C0040FC
:10EE700094960308000000009FED0B7B0C480D49A1
:10EE800008B50C220023C0E9023380ED067B016047
:10EE90000361426105F0CAFA00B908BDBDE8084047
:10EEA00005486421FFF778BD000000000000000065
:10EEB000209A0020004400409496030870B5584AF8
:10EEC0000368934282B0044604D0564A93424BD022
:10EED00002B070BD002302F5F6320093116C524E61
:10EEE00041F400211164126C5049B36002F4002215
:10EEF00000924FF00062C6E9001200984FF4806162
:10EF00004FF480723046C6E90331C6E90533C6E9DD
:10EF10000833F26101F048FD002872D1444D454AA2
:10EF20002A604FF00062002366636A6040214FF45C
:10EF300080622846C5E90213C5E90533C5E90733F0
:10EF4000B4632A616B6201F02FFD002854D1256360
:10EF500000220A213420AC6301F0A4FC342002B06A
:10EF6000BDE8704001F0DABC002302F5FA320193EB
:10EF7000116C314E41F400311164126C2F49B360B1
:10EF800002F4003201924FF00062C6E900120198CB
:10EF90004FF480614FF480723046C6E90331C6E910
:10EFA0000533C6E90833F26101F0FEFC70BB244D65
:10EFB000244A2A604FF00062002366636A604021A1
:10EFC0004FF480622846C5E90213C5E90533C5E957
:10EFD0000733B4632A616B6201F0E6FCD8B925639C
:10EFE00000220A212620AC6301F05CFC262002B03E
:10EFF000BDE8704001F092BC13489421FFF7CCFCAF
:10F00000A5E711488221FFF7C7FC87E70E48B62124
:10F01000FFF7C2FCCBE70C48C821FFF7BDFCDEE7D9
:10F02000004C004000440040C09900204060024075
:10F0300060990020706002400099002088600240C2
:10F04000A0980020A06002409496030808B50968C3
:10F0500028F076FB002008BD08B5044B0022186894
:10F06000022107F0BFFD002008BD00BFBCE6002064
:10F0700008B5044B00221868012107F0B3FD0020F9
:10F0800008BD00BFBCE60020212806D14FF4E130C6
:10F090000022082308608A808B710020704700BF1F
:10F0A0008C46BCF1400F014613460DD8094A812B0E
:10F0B000D2F8BC220CD0832B06D15C32127A2AB94A
:10F0C0000448624608F0CABC03207047012070471C
:10F0D0004432F3E7D89D002030B52548254C4FF445
:10F0E0008031C0E90041244C002301228FB000256B
:10F0F000C0E90A458360036183610362C360C26142
:10F100000363426100F0D0FC08BB06240125002304
:10F11000174802936946CDE9004500F03BFE08BB65
:10F12000012206210023CDE905124FF480154FF48A
:10F1300080340F48099205A9CDE90C45CDE90A3381
:10F140000793089300F0CEFE30B90FB030BD0B48E6
:10F150005E21FFF721FCD8E708487821FFF71CFC67
:10F160000FB030BD05486821FFF716FCD8E700BF97
:10F17000909B0020002001400100000FAC96030886
:10F1800030B52648264C4FF4803100230122C0E9D7
:10F1900000418FB04FF060644FF08055C0E90A45E0
:10F1A0008360036183610362C360C2610363426180
:10F1B00000F07AFC08BB0D240125002317480293B8
:10F1C0006946CDE9004500F0E5FD08BB01220A21B2
:10F1D0000023CDE905124FF480154FF480340F4819
:10F1E000099205A9CDE90C45CDE90A3307930893A7
:10F1F00000F078FE30B90FB030BD0A489221FFF719
:10F20000CBFBD8E70748AC21FFF7C6FB0FB030BDFA
:10F2100004489C21FFF7C0FBD8E700BF489B0020B3
:10F2200000210140AC96030830B52648264C4FF427
:10F23000803100230122C0E900418FB04FF06064AB
:10F240004FF08055C0E90A45836003618361036222
:10F25000C360C2610363426100F026FC08BB0C245A
:10F2600001250023174802936946CDE9004500F0C7
:10F2700091FD08BB01220B210023CDE905124FF4BB
:10F2800080154FF480340F48099205A9CDE90C454B
:10F29000CDE90A330793089300F024FE30B90FB08C
:10F2A00030BD0A48C621FFF777FBD8E70748E021C1
:10F2B000FFF772FB0FB030BD0448D021FFF76CFBA5
:10F2C000D8E700BF009B002000220140AC96030855
:10F2D00070B5454A036893428AB007D0434A9342C7
:10F2E00040D0434A93425DD00AB070BD0026414BE6
:10F2F00001965A6C404D42F480725A645B6C0696DB
:10F3000003F4807301932F22032304A904463B488E
:10F31000CDE90423019B01F023FF70220323384829
:10F32000069604A9CDE9042301F01AFF354A6E625E
:10F330004FF48063C5E900262B614FF400624FF45F
:10F340000053C5E9052328464FF48073C5E90266DA
:10F35000C5E9073601F028FB00283AD1A563AC6364
:10F360000AB070BD0024234B02945A6C234842F427
:10F3700000725A645B6C06949FED197B03F4007372
:10F38000029304A98DED047B029B01F0E9FE70223B
:10F3900003231B48069404A9CDE9042301F0E0FEF1
:10F3A0000AB070BD134B002403945A6C42F480627F
:10F3B0005A645B6C06940F20032103F48063CDE94B
:10F3C000040103930D48039B04A901F0C9FE0AB090
:10F3D00070BD0D484FF48A71FFF7DEFABEE700BF3B
:10F3E0002F00000003000000002001400021014028
:10F3F0000022014000380240A09A0020000802408C
:10F400000000024010640240AC96030810B582B0C0
:10F410000024224B00945A6C42F480425A645A6C85
:10F4200002F480420092009A01941A6C42F08052D9
:10F430001A641B6C03F0805301930320019B01F0BD
:10F440001FFA224621466FF00B0001F02BFA2246EC
:10F4500021466FF00A0001F025FA224621466FF09E
:10F46000090001F01FFA224603216FF0040001F0A9
:10F4700019FA224621466FF0030001F013FA2246E2
:10F480000F216FF0010001F00DFA22460F214FF01D
:10F49000FF3002B0BDE8104001F004BA003802406D
:10F4A000122301480B8070473C0B002004230148C5
:10F4B0000B807047380B002010B5044C04480A46F6
:10F4C000214608F0E9F8204610BD00BFD89B002077
:10F4D000C096030810B5044C04480A46214608F0BB
:10F4E000DBF8204610BD00BFD89B0020B8E9002003
:10F4F00010B5044C04480A46214608F0CDF82046D1
:10F5000010BD00BFD89B0020D096030810B5044C56
:10F5100004480A46214608F0BFF8204610BD00BF47
:10F52000D89B0020EC96030810B5044C04480A460A
:10F53000214608F0B1F8204610BD00BFD89B00203E
:10F54000F89603080020EE2908B5108002D006299D
:10F5500005D008BD1346122204481A8008BD04498C
:10F56000044808F099F8024808BD00BF6C0B002061
:10F57000D89B002008970308704700BF1B4A1C490E
:10F58000536C10B423F4404353644B6C0468194A21
:10F590008FB023F440434B640294D0E901430394B9
:10F5A0000493D0E90434C16805910693D0E90613A9
:10F5B000079408910993936A0A93D2F888200E4B16
:10F5C0000B925B6B0C930A9BC3F340238DF80630C0
:10F5D0000A9B0122C3F300238DF807300D920D9B87
:10F5E000002BFCD10FB05DF8044B704700000140C8
:10F5F0000004014000ED00E000EF00E01EF0040F09
:10F600000CBFEFF30880EFF30980FFF7B7BF00BF2F
:10F610000549064A4B6C23F440434B64536C23F476
:10F6200040435364F6E700BF00000140000401407E
:10F6300008B5FFF7EDFF00BF08B5FFF7E9FF00BF12
:10F64000704700BF07F038BB014801F013BB00BF93
:10F6500088970020014801F00DBB00BFC099002031
:10F66000014801F007BB00BF60990020014801F08C
:10F6700001BB00BF00990020014801F0FBBA00BFA8
:10F68000A0980020014801F0F5BA00BFE8970020DB
:10F69000014800F099BF00BF800B0020014800F036
:10F6A00093BF00BF800B0020014800F08DBF00BF5A
:10F6B000800B0020014800F087BF00BF800B0020B6
:10F6C000014805F03FB800BF209A002008B5044863
:10F6D00004F0A0F9BDE80840024804F09BB900BF5F
:10F6E0002C920020B0910020014803F03BBF00BFE6
:10F6F00048980020014805F025B800BF609A002016
:10F7000010B5094C09490022204607F0DDFB0849E5
:10F71000204607F0F1FB2046064908F097F92046FD
:10F72000BDE8104007F0FEBBD89D0020500B002024
:10F730001C0C0020240B0020224B02689A4200D0AF
:10F74000704730B589B0002503F5EA3301951A6C8E
:10F7500042F000721A641B6C4FF44070022103F0F7
:10F7600000730924CDE902010193002202A9164881
:10F7700006940323CDE90423019B01F0F1FC2A4602
:10F780002146132001F08EF8132001F0C7F82A4615
:10F790002146142001F086F8142001F0BFF82A4613
:10F7A0002146152001F07EF8152001F0B7F82A4611
:10F7B0002146162001F076F8162001F0AFF809B0C6
:10F7C00030BD00BF00640040000402401049114BEE
:10F7D000D1F8882042F4700210B4C1F888201A6869
:10F7E0000D4C002042F001021A6098601A6822F065
:10F7F000847222F480321A605C601A684FF00064F0
:10F8000022F480221A60D8608C605DF8044B704747
:10F8100000ED00E00038024010300024F0B58DB05B
:10F82000344B354E354F002401941A6B42F00402DC
:10F830001A63196B01F00401019101990294196B8B
:10F8400041F080011963196B01F080010291029966
:10F850000394196B012211431963196B1140039131
:10F8600003990494196B41F002011963196B01F0BB
:10F870000201049104990594196B41F00801196380
:10F880001B6B03F00803059330464FF4C041059B02
:10F8900001F03AFE224638464FF4805101F034FE22
:10F8A00001254FF4C04306A93046CDE90635CDE920
:10F8B000084401F055FC48F21022304606A9002306
:10F8C000CDE90623089401F04BFC4FF480533846F1
:10F8D00006A90693CDE90754099401F041FC0422DE
:10F8E00000230748089506A9CDE9062301F038FC56
:10F8F0000DB0F0BD00380240000802400004024094
:10F90000000C024038B50D4B0D4C0E4D002241004D
:10F91000C3E9005418464FF48044C3E90221C3E907
:10F920000442C3E906221A6201F0F2FD00B938BDB3
:10F93000BDE8384004484F21FFF72EB868A10020E9
:10F94000A08601000054004024970308304B026851
:10F950009A4200D0704770B582B000232D4A0193BF
:10F96000116C2D4E41F400111164126C2B49B360DF
:10F9700002F4001201924FF00072C6E90012044630
:10F980004FF4806101984FF480723046C6E903312C
:10F99000C6E90533C6E90833F26101F005F860BB3A
:10F9A0001F4D204A2A604FF000720023A6636A6050
:10F9B00040214FF480622846C5E90213C5E90533AA
:10F9C000C5E90733B4632A616B6200F0EDFFC8B983
:10F9D0006563002209211F20AC6300F063FF1F2034
:10F9E00000F09CFF00220921202000F05BFF202076
:10F9F00002B0BDE8704000F091BF0B486E21FEF7E9
:10FA0000CBFFCDE708488021FEF7C6FFE0E700BF47
:10FA1000005400400038024008A10020106002405D
:10FA2000A8A00020A06002402497030808B50B4B53
:10FA30001A6842F400721A601A6842F480621A600E
:10FA40001A6842F480721A60032000F019FF062041
:10FA5000FEF728FBFFF7DAFC002008BD003C02405F
:10FA6000034A044B11681B780B441360704700BFB6
:10FA7000BCA10020AC0B0020014B1868704700BFF0
:10FA8000BCA1002038B50446FFF7F6FF631C05460D
:10FA900002D0044B1B781C44FFF7EEFF401BA04232
:10FAA000FAD338BDAC0B0020002800F09C80036C1A
:10FAB00010B504463BB1236CDB060CD5002384F85B
:10FAC0003C30012010BD436480F83C30FFF700FC5F
:10FAD000236CDB06F2D4236C464A23F4885323F0CC
:10FAE000020343F0020323645168236821F4403188
:10FAF000516051686068014351605A682069A1688B
:10FB000022F480725A605A6842EA00225A605A68A7
:10FB1000E06822F040725A605A680A435A609A6854
:10FB2000A16A22F400629A609A6802439A60324A9B
:10FB300091429A684FD022F07062E06A9A609A68A7
:10FB4000114399609A6822F040529A609A68024381
:10FB50009A609A68A069216A22F002029A609A6803
:10FB600042EA40029A605A6800293ED042F400629C
:10FB7000616A5A605A6822F460425A605A680139D0
:10FB800042EA41325A60DA6AE169206B22F470027B
:10FB9000DA62DA6A013942EA0152DA629A68616924
:10FBA00022F400729A609A6842EA40229A609A6847
:10FBB00022F480629A609A68002042EA81229A6068
:10FBC0006064236C23F0030343F0010323640023E8
:10FBD00084F83C3010BD22F070629A609A6822F07E
:10FBE00040529A60B5E70120704722F400625A60E3
:10FBF000C9E700BF002301400100000F70B50546B2
:10FC000090F83C0082B00023012801936BD02E684D
:10FC10001346012285F83C20B268D40714D4B26898
:10FC200042F00102B260314A1068314AA2FB002062
:10FC3000800C00EB40000190019A2AB1019C013C2C
:10FC4000019401980028F9D1B268D0073BD5286CFF
:10FC500020F4E06020F0010040F4807028647268B5
:10FC6000520505D52A6C22F4405242F480522A648F
:10FC70002A6CA86B12F480521CBF6A6C22F0060238
:10FC80006A64002285F83C200A461A49C1631A4971
:10FC900001641A49C1646FF022013160716841F05A
:10FCA00080617160B16841F48071B16006F14C010E
:10FCB00000F046FF124B5B68DB0607D12B689A68A1
:10FCC00012F0405F0AD0002002B070BD0D4A2B68D0
:10FCD0009342F8D19A6812F0405FF4D19A6842F0EA
:10FCE00080429A60EFE7022002B070BDA80B0020AE
:10FCF00083DE1B430DFD00086DFD00087DFD00083F
:10FD00000023014000200140704700BF836B1A6C44
:10FD100012F0500F25D11A6C196842F4007210B518
:10FD20001A648A6812F0405F17D19A69AAB9CA6A40
:10FD300012F4700F02D08A6850050ED44A6822F07F
:10FD400020024A601A6C22F480721A641A6CD2047F
:10FD500003D41A6C42F001021A641846FFF7D4FF6C
:10FD600010BD9B6BDB6C1847704700BF08B5806BFC
:10FD7000FFF7FAFF08BD00BF704700BF806B08B5F2
:10FD800040230364436C43F004034364FFF7F4FF30
:10FD900008BD00BF70B590F83C3082B00246012B20
:10FDA0004FF00000019000F09380012382F83C3076
:10FDB0000D6813688C68092DA8B228D81E6905EB58
:10FDC000450E4FF0070C0CFA0EFC26EA0C061E61DD
:10FDD0001E6904FA0EF434431C614C68062C04EBD3
:10FDE00084012AD85C6B05394FF01F0C88400CFA4F
:10FDF00001F124EA01015963596B084358633649FC
:10FE00008B422BD0002082F83C0002B070BD00EB8A
:10FE1000400CDE68ACF11E0C4FF0070E04FA0CF437
:10FE20000EFA0CFC26EA0C06DE60DE683443DC6069
:10FE30004C68062C04EB8401D4D90C2C34D81C6BF0
:10FE400023391F26884006FA01F124EA01011963CB
:10FE5000196B0843204918638B42D3D1122D30D03F
:10FE6000A5F11003012BCDD81C494B68102D43F48C
:10FE700000034B60C6D11A4B01F146711B6801F5B6
:10FE80002E3101F28331A1FB03139B0C03EB83039F
:10FE90005B000193019B002BB4D0019B013B0193BC
:10FEA000019B002BF9D1ADE7DC6A41391F26884060
:10FEB00006FA01F124EA0101D962D96A0843D8623D
:10FEC0009DE7D1F8043343F48003C1F8043399E784
:10FED000022002B070BD00BF00200140002301409D
:10FEE000A80B002090F83C30012B00F0BF800123CC
:10FEF00070B580F83C300C6803688A68092C844629
:10FF0000A0B25FD81D6904EB440E072606FA0EF670
:10FF100025EA06051D611D6902FA0EF22A431A61DF
:10FF20009A6B0E694D6822F440129A639A6B06F13F
:10FF3000FF3E42EA0E529A63EA1C921BD2B29E6BBB
:10FF400002EB82024FF01F0E90400EFA02F226EAF8
:10FF500002029A639A6B10439863CA6944488242CA
:10FF600064D0986820F470209860986802439A6082
:10FF70009A68086A22F440129A609A6802439A606A
:10FF80008A69002A4DD05A6842F480625A604A69F0
:10FF900042B35A6842F480525A60022DCA6828D08F
:10FFA000032D54D0012D4AD159696FF30B015961CA
:10FFB00059690A435A612F4A934224D000208CF891
:10FFC0003C0070BD00EB4005DE681E3D4FF0070EA3
:10FFD000AA400EFA05F526EA0505DD60DD682A432C
:10FFE000DA609DE75A6822F480525A60022DCA688E
:10FFF000D6D199696FF30B01996199690A439A61A6
:020000040801F1
:100000001C4A9342DAD1122C29D0103C012CD5D8AD
:10001000194A5368002043F4000353608CF83C00F5
:1000200070BD5A6822F480625A60B0E79A6822F480
:1000300070229A609A6822F440129A60A0E7196AC6
:100040006FF30B011962196A0A431A62B3E7D9699F
:100050006FF30B01D961D9690A43DA61ABE7D2F8D2
:10006000043343F48003C2F80433A7E70220704747
:1000700001000F00002001400023014000287BD038
:1000800038B590F820300446002B72D022681368EF
:1000900023F002031360FFF7EFFC054604E0FFF7CF
:1000A000EBFC401B0A285BD823685A689107F6D4FA
:1000B0001A6842F001021A60FFF7DEFC054604E010
:1000C000FFF7DAFC401B0A284AD823685A68D2078F
:1000D000F6D5227E012A1A680CBF42F0800222F077
:1000E00080021A60627E012A1A680CBF42F0400248
:1000F00022F040021A60A27E012A1A680CBF42F068
:10010000200222F020021A60E27E012A1A680CBF47
:1001100022F0100242F010021A60227F012A1A68AF
:100120000CBF42F0080222F008021A60627F012A26
:100130001A680CBF42F0040222F004021A60D4E9EB
:100140000220216902430A43606961680243013960
:100150000A4300200121DA61606284F8201038BD72
:10016000636A052243F40033636284F8202001208F
:1001700038BDFFF7E1FA89E70120704790F82020A9
:10018000012A0AD090F82020022A034605D0426AAC
:1001900042F4802201205A627047404BD3F800227B
:1001A0000120024330B4C3F80022D3F8002222F425
:1001B0007C52C3F80022D3F800224C6A42EA04229F
:1001C000C3F800224A69D3F81C42904024EA000494
:1001D000C3F81C42CD69C443002D45D1D3F80C525D
:1001E0002540C3F80C52D200CD688B8802F18042C2
:1001F00002F5C84243EA0543C2F840328D680B88D5
:1002000043EA0543C2F844328B69244A33BBD2F82F
:1002100004322340C2F804320B69C3B91F4BD3F830
:1002200014221440C3F814420B6A012B05D11B4A57
:10023000D2F81C320343C2F81C32184AD2F80032FA
:1002400023F00103002030BCC2F800327047134A8B
:10025000D2F814320343C2F81432E5E7D2F804327C
:100260000343C2F80432D7E7012DCDD1D3F80C52A5
:100270000543C3F80C52D2000D688B8802F180420E
:1002800002F5C84243EA0543C2F840328D688B89C3
:1002900043EA0543C2F84432B6E700BF00640040B9
:1002A00038B590F82030012B044605D0436A43F45A
:1002B00000234362012038BD0268022380F8203009
:1002C000136823F001031360FFF7D6FB054604E033
:1002D000FFF7D2FB431B0A2B07D823685B6813F098
:1002E0000103F5D16362184638BD636A052243F401
:1002F0000033636284F82020DCE700BF38B590F853
:100300002030022B044605D0436A43F48013436235
:10031000012038BD0268136843F001031360FFF742
:10032000ABFB054604E0FFF7A7FB431B0A2B0CD8E9
:1003300023685A68D207F6D51A68012122F0020212
:100340001A6084F82010002038BD636A052243F447
:100350000033636284F82020DAE700BF30B490F8FD
:100360002040012C0AD090F82040022C06D0436A8D
:1003700043F480234362012030BC70470468A568C1
:100380006D0105D4A5682D0102D4A568ED0039D50D
:10039000A0680125C0F3016085401D608B6843B3F0
:1003A000CD682B434D6843EAC50300F118052D01C4
:1003B000635104EB00130D69C3F88451097D0129D1
:1003C0004FEA001005D1D3F8841141F48071C3F8CD
:1003D000841104445168C4F88C111268C4F888214F
:1003E000D3F8802142F00102002030BCC3F8802104
:1003F0007047CB680D6843EA455500F118031B01AF
:10040000E550D6E7436A43F400134362B3E700BF05
:1004100090F82030012B05D090F82030022B01D02D
:1004200000207047036898689A689B681201C0F3BF
:10043000806048BF0130DB00F3D50130704700BF5A
:1004400070B590F82040012C09D090F82040022C83
:1004500005D0436A43F480234362012070BD0468E1
:10046000002959D1E568AE075BD004EB011C4FEAC7
:10047000011EDCF8B05105F004059560002D5DD13A
:10048000DCF8B0516D0D1560DCF8B051C5F34005D6
:10049000D560DCF8B451DCF8B46105F00F051561E6
:1004A0007444DCF8B451C6F3072696612D0CD4F8D9
:1004B000B86155611E7002687244D2F8B821120A00
:1004C0005A7002687244D2F8B821120C9A7002680D
:1004D0007244D2F8B821120EDA7002687244D2F86F
:1004E000BC211A7102687244D2F8BC21120A5A71F6
:1004F00002687244D2F8BC21120C9A7102687244EC
:10050000D2F8BC21120EDA7181B90268D36843F0C7
:100510002003D360002070BD0129A6D12569AD0755
:10052000A3D1436A43F40013436296E70129F1D152
:100530000268136943F020031361EBE7DCF8B05164
:10054000ED085560A0E700BF90F82030012B05D0E2
:1005500090F82030022B01D000207047036819B9B1
:10056000D86800F003007047186900F00300704776
:1005700090F82020012A034609D090F82020022A72
:1005800005D0426A42F4802201205A6270471A68FC
:1005900053690B4300205361704700BF90F820203F
:1005A000012A034609D090F82020022A05D0426A89
:1005B00042F4802201205A6270471A68536923EA84
:1005C00001030020536170472DE9F84F03685C690F
:1005D000D3F804809F68D3F80CB0D3F81090D3F808
:1005E00018A014F0010605461FD0F90700F19B8002
:1005F0000026F9050BD52B684FF480729A60BA0576
:1006000000F1DE807B0540F1D18046F40056F9030D
:100610000BD52B684FF480329A60BA0300F1D48076
:100620007B0340F1C88046F40046210702D51BF049
:10063000100F72D1620702D51BF0080F7ED1A307FD
:1006400004D52B68DB689F0740F09880600602D5D0
:1006500019F0100F5BD1A10602D519F0080F74D163
:10066000E20603D52B681B699B077CD1A70302D543
:1006700018F0100F7BD1E00302D518F0080F6BD1F2
:10068000210440D518F0040F2B683AD0E20544BF8E
:100690000AF001021643A70574D4610504F4006250
:1006A0002BD51AF0040F28D046F00406002A77D084
:1006B0001AF0700A74D0BAF1400F00F0A88000F26E
:1006C0008780BAF1200F00F0BD80BAF1300F00F042
:1006D000B080BAF1100F40F095809A69042122F0A1
:1006E00070029A6146F0080659606B6A33432846E7
:1006F0006B6212F045FABDE8F88F12B11AF0700A79
:10070000D9D104225A60002EEFD1BDE8F88F2B68B2
:10071000102246F480661A619DE72B68102246F489
:100720000076DA6086E701229A60BA0735D47B0743
:1007300039D43E075BD54FF480565AE72B68082220
:10074000DA60284612F008FA79E72B6808221A6165
:10075000284612F00FFA83E72B6808225A602846D1
:1007600012F00CFA8CE7284612F002FA7EE72B68AA
:1007700010225A60284612F0FFF97CE7284612F052
:10078000DFF963E71AF0020F87D0600546F0020632
:1007900004F4006285D41AB18AE712F0A7F927E7BA
:1007A00004225A60A1E74FF4006622E7380525D5F8
:1007B00046F480462BE738031CD546F4803634E7F0
:1007C000284612F09FF922E7284612F0A7F92CE7F5
:1007D000BAF1500F24D0BAF1600F13D19A690421F5
:1007E00022F070029A6146F4807659607DE712F03B
:1007F000A1F9FDE6284612F0A1F916E7284612F005
:100800009BF904E79A6922F070029A6179E79A6984
:10081000042122F070029A6146F04006596064E7B4
:100820009A69042122F070029A6146F080065960AC
:100830005BE79A69042122F070029A6146F0200673
:10084000596052E79A69042122F070029A6146F0D9
:100850001006596049E700BF406A704790F82020B1
:10086000012A034609D090F82020022A05D0426AC6
:1008700042F4802201205A6270470020586270477B
:100880000749CA6803024FF6FF0003F4E063024021
:10089000134343F0BF6343F40033CB60704700BFA2
:1008A00000ED00E01B4BDB68C3F3022300B5C3F18E
:1008B000070EBEF1040F03F1040C28BF4FF0040E25
:1008C000BCF1060F1CD9A3F1030C4FF0FF3303FA60
:1008D0000CF322EA03024FF0FF3303FA0EF321EA8E
:1008E000030303FA0CF313431B010028DBB20ADBFA
:1008F00000F1604000F5614080F800335DF804FBD2
:1009000000229446E7E7044A00F00F000244137601
:100910005DF804FB00ED00E0FCEC00E0002807DBE4
:100920004109044A00F01F000123834042F82130AE
:10093000704700BF00E100E000280CDB43090649D6
:1009400000F01F0020330122824041F82320BFF332
:100950004F8FBFF36F8F704700E100E00138B0F1B7
:10096000807F01D30120704710B44FF0E023074C83
:1009700058614FF0F00C84F823C000220721104684
:100980009A615DF8044B1961704700BF00ED00E00B
:100990004FF0E022042813690CBF43F0040323F056
:1009A00004031361704700BF38B50446FFF764F8CD
:1009B000002C6BD023680222002184F8341084F8C4
:1009C00035201A6822F0010205461A6005E0FFF79B
:1009D00053F8431B052B37D823681A68D107F6D480
:1009E000D4E90120E16802430A43D4E90451A06933
:1009F0002A430A43E1691D6802430A4331492940F9
:100A0000256A2A430A43616A042924D01A605A6974
:100A100022F007021143D8B22B4A59611038A2FBC9
:100A20000052120929496FF30903895CE1655F28C7
:100A300088BF04333F228A40A36500209A600123C7
:100A4000606584F8353038BD03232022626584F860
:100A50003530184638BDD4E90B512943114319608C
:100A60005969A26A21F00701114341F00401002DE8
:100A7000D1D068B9012A21D032F00202CBD1EA01EB
:100A8000C9D540220123626584F83530012038BD84
:100A9000B0F5005F04D0022AF3D9032AEFD0BAE7F9
:100AA000032AB8D801A050F822F000BF830A010839
:100AB0007F0A0108830A0108BD0A0108B5F1C07F59
:100AC000A9D1DEE73F8010F0ABAAAAAA6CB4030854
:100AD00000282FD090F83530022B0246D8B228D00B
:100AE00013681549D8B2103830B4A1FB0041090988
:100AF0001C68124D24F001046D5C1C60002119601B
:100B000059609960D9601961212159615F286FF39B
:100B1000090388BF04333F200021A840D5659365B1
:100B20009860516582F8341082F83510084630BC60
:100B30007047704701207047ABAAAAAA6CB403089B
:100B400070B490F83440856D012C0AD090F835408F
:100B50004FF0010C644580F834C005D0002380F8C4
:100B60003430022070BC7047022680F8356004687B
:100B700000264665266826F4802626606360836822
:100B8000402B0EBFA260A160E260C26D08BFE160B1
:100B90003F239340AB602368026C43F0160323604D
:100BA000636943F0800363611AB1236843F008036B
:100BB0002360236843F001030020236070BC70476A
:100BC00070B50446866DFEF757FF94F83530022B5A
:100BD00006D00023802284F834306265012070BD85
:100BE00023681A6822F016021A605A6922F08002FD
:100BF0005A61226C054632B31A6822F008021A6064
:100C00001A6822F001021A6005E0FEF735FF431B67
:100C1000052B0FD823681B6813F00103F5D1E16D94
:100C20003F228A400121B26084F8343084F83510C4
:100C3000184670BD032020220023626584F83430FA
:100C400084F8350070BDA26C002AD5D1D8E700BF6A
:100C500090F83530022B03D0802343650120704784
:100C60000268052380F83530136823F00103002063
:100C700013607047F0B583B0674A876D166800232C
:100C80000193C36D3D6808229A402A42044603D06E
:100C900001680868400778D401229A402A4203D0AC
:100CA0002168496908066AD404229A402A4203D07E
:100CB0002168096889075CD410229A402A4203D02F
:100CC00021680868000741D420229A402A4214D0A3
:100CD00021680868C00610D5BA6094F83520052A46
:100CE00063D00B6813F4802F0B687ED0190340F19A
:100CF0008980E36B0BB120469847636D23B3636D26
:100D0000DA071AD522684549052384F83530136877
:100D1000A1FB061623F00103B60A136002E0136874
:100D2000DB0704D5019B0133B3420193F7D90022BD
:100D3000012384F8342084F83530E36C23B1204655
:100D400003B0BDE8F040184703B0F0BDBA600A68D0
:100D500012F4802F0A6822D1D20503D40A6822F047
:100D600008020A60226C002AAED020469047E36D4C
:100D7000AAE7BA60626D42F0040262659CE7BA605D
:100D8000626D42F0020262658EE7086820F004009E
:100D90000860BA60626D42F0010262657CE711038F
:100DA000E0D5A26C002AE0D18EE70A6822F0160294
:100DB0000A604A6922F080024A61226C3AB30A68EA
:100DC00022F008020A603F2202FA03F3216DBB60A1
:100DD0000022012384F8342084F835300029B3D070
:100DE000204603B0BDE8F040084713F4807380D17B
:100DF0000A6822F010020A60012284F8343084F874
:100E0000352076E7636C002B7FF475AF75E7A26C35
:100E1000002AD4D1D7E700BFA80B0020B5814E1B14
:100E20001B4BDA68D10605D51A49CA69102002435E
:100E3000CA61D860164BDA68920606D51549CA69A8
:100E4000202042F00802CA61D860114BDA685006CF
:100E500006D51049CA69402042F00402CA61D86030
:100E60000B4BDA68110606D50A49CA69802042F0A0
:100E70000202CA61D860064BDA68920706D50549B6
:100E8000CA69022042F02002CA61D860704700BFE0
:100E9000003C0240C0A10020064B1A69002A01DB79
:100EA000002070470449054A59605A601869C00F0C
:100EB000704700BF003C024023016745AB89EFCD7E
:100EC000034A136943F0004300201361704700BFD9
:100ED000003C0240014BD869704700BFC0A1002010
:100EE000144B70B500220446DA61FEF7C5FD124EC0
:100EF0000546F368D90305D5631C0FD10E4AD368A4
:100F0000D803FCD40C4BDA68D20744BF0122DA6064
:100F1000094BD86810F0F20008D170BD24B1FEF77B
:100F2000ABFD401BA042E4D9032070BDFFF778FF62
:100F3000012070BDC0A10020003C02402DE9F0411D
:100F40002F4D95F818C0BCF1010F30D080461C46DB
:100F50004CF2503001230E4617462B76FFF7C0FFA8
:100F600018B100232B76BDE8F081264BB8F1000FB5
:100F700020D0B8F1010F33D01A6922F440721A61FF
:100F8000B8F1020F1A6922D042F440721A611A694C
:100F900042F001021A61376074604CF25030FFF782
:100FA0009FFF184A136923F001031361D9E7022058
:100FB000BDE8F081196921F440711961196919615D
:100FC0001969FAB241F0010119613270E5E742F4A2
:100FD00000721A611A6942F001021A613760DCE797
:100FE000196921F440711961196941F4807119611D
:100FF0001969BAB241F0010119613280CDE700BF31
:10100000C0A10020003C02400D4B1A6922F440723E
:101010001A611A69022994BF09024FF440710A4308
:101020001A611A6922F0F8021A611A6942EAC000CC
:1010300040F0020018611A6942F480321A61704768
:10104000003C0240144B1A6891050FD51A6822F42F
:1010500000721A601A6842F400621A601A6822F478
:1010600000621A601A6842F400721A600A4B1A6829
:1010700052050FD51A6822F480621A601A6842F489
:1010800080521A601A6822F480521A601A6842F478
:1010900080621A60704700BF003C02402DE9F843AF
:1010A0002D4F3B7E012B38D0012304464CF25030AB
:1010B00088463B76FFF714FF064648BB4FF0FF33E8
:1010C000C8F800302368012B2BD0D4E902532B44FD
:1010D000AB421BD9DFF8849005E0D4E90223013547
:1010E0001344AB4212D9217C2846FFF78DFF4CF206
:1010F0005030FFF7F5FED9F8103023F0FA03C9F8A5
:1011000010300028E9D0C8F800500646FFF79AFFD3
:1011100000233B763046BDE8F88302263046BDE822
:10112000F8830E4D23692A6922F440722A612A69E4
:1011300042F004022A612A691B029BB2134343F462
:1011400080332B614CF25030FFF7CAFE2B6923F03D
:10115000040306462B61D9E7C0A10020003C0240F1
:101160002DE9F04F00230C68DFF820B285B08A46E5
:1011700003E00133102B00F0A280012202FA03F1F8
:1011800031EA040201EA0407F3D1DAF80420DAF8BC
:1011900008505E0005FA06FC22F010080325B54051
:1011A00002F0030EB8F1020F6FEA05050EFA06FE13
:1011B00000F08880D0F8009008F1FF3809EA0509AE
:1011C00049EA0E0EB8F1010FC0F800E040F29A8033
:1011D000C168294041EA0C01C160D100C9D5684D00
:1011E00000210391696C41F480416964696C01F4E8
:1011F00080410391039923F0030101F1804101F53E
:101200009C3103F003068D68B6004FF00F0C0CFA0A
:1012100006FC25EA0C0E5B4DA84228D005F580653A
:10122000A84200F08580584DA84200F08780DFF882
:1012300060C1604500F08980DFF858C1604500F06A
:101240008A80DFF854C1604500F08C80DFF84CC123
:10125000604500F08E80DFF848C160450CBF4FF05C
:10126000070C4FF0080C0CFA06F64EEA060EC1F811
:1012700008E0DBF80010FD43D60354BF2940394392
:10128000CBF80010DBF80410960354BF2940394313
:10129000CBF80410DBF80810D60254BF29403943BC
:1012A000CBF80810DBF80C10920203F1010354BFD5
:1012B00029403943102BCBF80C107FF45EAF05B0FA
:1012C000BDE8F08F4FEAD30900EB890903F0070866
:1012D000D9F820700097DAF810704FEA880807FAFA
:1012E00008F701970F2707FA08F8009F27EA080870
:1012F000019F47EA0807C9F8207007682F4047EAAE
:101300000E070760876807EA050EDAF80C70B74029
:1013100047EA0E078760466812099A4026EA0101EB
:101320000A434260C2682A4042EA0C02C26020E7D7
:10133000012505FA06F64EEA060E98E74FF0020C74
:101340000CFA06F64EEA060E91E7032505FA06F6B4
:101350004EEA060E8BE74FF0040C0CFA06F64EEA46
:10136000060E84E74FF0050C0CFA06F64EEA060E60
:101370007DE74FF0060C0CFA06F64EEA060E76E70D
:10138000003802400000024000080240003C0140DA
:10139000000C0240001002400014024000180240FD
:1013A000001C02402DE9F04F0023DFF84CA14D4E08
:1013B00083B001254FF003094FF00F0802E001331D
:1013C000102B6DD005FA03F232EA0104F7D104685C
:1013D0005F0009FA07F74FEAD30C24EA070400EB91
:1013E0008C0C046003F00704DCF820E0A40008FA89
:1013F00004F42EEA0404CCF82040846824EA0704AC
:101400008460446824EA02044460C46824EA07044F
:1014100023F0030707F1804707F59C37C46003F00A
:101420000304D7F808C0A400D24308FA04FE5045CC
:1014300001920EEA0C0C36D02B4A904237D02B4A40
:10144000904237D02A4A904239D02A4A904239D025
:10145000DFF8A8B058453AD0DFF8A4B058453BD0E3
:10146000DFF8A0B058450CBF4FF0070B4FF0080B4A
:101470000BFA04F4A445A2D1BC68019A24EA0E0434
:10148000BC60346814403460746814407460B4689C
:101490001440B460F46801332240102BF26091D103
:1014A00003B0BDE8F08F0024A44588D1E4E705FA35
:1014B00004F4F9E74FF0020B0BFA04F4F4E709FA2D
:1014C00004F4F1E74FF0040B0BFA04F4ECE74FF0EF
:1014D000050B0BFA04F4E7E74FF0060B0BFA04F4E4
:1014E000E2E700BF003C0140000402400008024067
:1014F000000C0240001002400000024000140240B4
:1015000000180240001C024002B9090481617047C2
:1015100000286AD038B590F83D30044603F0FF0249
:10152000002B4DD02268324D242384F83D301368BF
:1015300023F00103136001F029FD2E4B2268A3FB69
:10154000001361689B0CA942536024D84900B0FB8A
:10155000F1F040F6FC7101330842136208BF042029
:10156000D4E90731D0610B43D4E90301136001438F
:10157000D4E9053003439160D3601168002341F042
:10158000010120201160236484F83D00236384F866
:101590003E30184638BD184D4FF4967C0CFB03F3D3
:1015A000A5FB03539B0901331362A3686BB901EBDD
:1015B0004101B0FBF1F0C0F30B039BB90120CFE771
:1015C00080F83C20FEF7C2F9ACE701EB810101EBAA
:1015D0008101B0FBF1F0C0F30B03002BEED040F41F
:1015E0004040BDE740F40040BAE70120704700BF2B
:1015F000A086010083DE1B43D34D6210704700BFFD
:10160000704700BF704700BF704700BF704700BF02
:10161000704700BF704700BF704700BF704700BFF2
:10162000704700BF10B590F83D200368293A012AA1
:10163000044656D990F83D20602A05D05A68120514
:101640005CBF202280F83D200022226384F83E20E7
:101650001A6822F400621A605A6812F400621DD0FF
:101660005A68606B22F400625A6090F83530012BA2
:1016700056D0394B0365FFF7EBFA50B12268606B27
:101680001368202123F00103136084F83D10036DDB
:10169000984794F83D30282B13D010BD94F83D1096
:1016A000602924D05A69520604D5626A1B69511C0C
:1016B000616213702046FFF7B1FF94F83D30282B8C
:1016C000EBD1236C5B07E8D500232449E16220229B
:1016D0002363204684F83D2084F83E30FFF798FFCE
:1016E00010BD00212822016380F83D20B0E72021B1
:1016F00084F83D1022645A69510605D5626A1B6957
:10170000511C6162137023681A6822F001021A608A
:101710002046FFF785FF94F83D30282BBDD1D0E758
:10172000A06B0D4B0365FFF793FA0028B1D0236837
:101730005A69500605D5626A1B69511C61621370B3
:1017400023681A68A06B22F0010220211A6084F835
:101750003D10036D98479CE7392001080000FFFF0A
:1017600070B5036855495C695A680C4282B04CD028
:10177000D60504F4813504D4036C002B40D102B0AB
:1017800070BD016C41F0010101646FF48071596119
:10179000002D43D0016C41F00201016414F4823F3A
:1017A0006FF4007159611CD090F83E50428D90F852
:1017B0003D10066B202D92B2C9B233D0026C42F0BC
:1017C0000402026490F83E20102A57D06FF4806221
:1017D0005A6114F4843FCFD0036807E014F4823FC9
:1017E00019D114F4843FC7D0D205C5D5026C6FF46B
:1017F000006142F0080202645961036C002BBED004
:1018000002B0BDE87040FFF70DBF14F4813FE5D092
:10181000D505BFD4B0E7D105C6D4ADE714F4823FF7
:10182000C2D1DEE7002AC9D101F0F702212A03D094
:101830002829C3D1212EC1D190F83D20C16A0429A5
:10184000D2B220D008291ED0212ABFD11C49C162A2
:1018500002632021002280F83D1080F83E205A6863
:1018600001906FF4806122F4E0625A6059611A6855
:101870000A401A60FFF7C6FE0198AAE71A6842F408
:1018800000721A60A2E7282ADED10D4AC2625A68A5
:1018900001906FF4806122F4E0625A6059611A6825
:1018A00022F480621A6000212023016380F83D3019
:1018B00080F83E10FFF7ACFE01988AE700010100B6
:1018C0000000FFFFF0B503689E695A695C6890F8F4
:1018D0003E1010298DB03DD0CDB2402D3AD0904968
:1018E0001140002900F0BA80A70500F171818D49EF
:1018F0008D4D31401540002900F020818B49114069
:10190000002900F08781660540F18481002D40F0B8
:10191000848190F83D10428D92B2C9B2C2B1426A40
:10192000541C446212781A61428D013A92B2428587
:10193000428D92B262B929290AD15A68212422F42F
:10194000806228215A60046380F83D10FFF75AFE38
:101950000DB0F0BD12F0011F35D0A50500F12381B7
:10196000704D714935401140002D4ED06F4D1540DE
:10197000002D46D0670544D5002900F06081A605FA
:10198000E6D5C16A90F83D20212AE1D1428D92B27C
:10199000002A40F04A81042900F0F781082900F06C
:1019A000F48111F5803F00F0F081596821F4E06185
:1019B000596011242023046380F83E2080F83D30D4
:1019C000FFF71CFEC4E75A491140002940F0E480AB
:1019D000534D1540002DC3D0A705C1D590F83E50FA
:1019E000C76AD0F830E090F83DC0BCF1220FEDB2EC
:1019F00000F072810A9159690A9199690A910A99CC
:101A0000AEE70029BBD10DB0F0BD4A4D15400DB376
:101A100065051FD5002900F03081A20598D5C56A5B
:101A2000428D416A92B2042A01F1010400F09B81C7
:101A3000428D92B2032A00F09F81428D92B2022A17
:101A400000F0DB811B6944620B70438D013B9BB24C
:101A500043857DE70029E0D10DB0F0BD364D15403E
:101A6000002D3FF444AFA5057FF541AF90F83D4010
:101A70005A6822F4E0625A600B915A690B921A6814
:101A800042F001021A600B9A1A6822F480621A600E
:101A90005A681105E4B20ED590F83D20222A00F0D4
:101AA000568190F83D202A2A00F05181426B12683D
:101AB000526892B24285428D92B2C2B15A695207BF
:101AC00009D5426A1B69511C41621370428D03683B
:101AD000013A92B242855A69570608D5426A1B6993
:101AE000511C41621370438D013B9BB24385036CD3
:101AF000002B40F0EC80A4F12802022A40F2108171
:101B0000036B222B02D0222C7FF422AF0023202251
:101B1000036380F83D2080F83E30FFF775FD17E73E
:101B20000200010004001000040001008000010018
:101B30000800010040000100100001009E49114012
:101B4000002952D0610550D5002D51D190F83D109B
:101B5000428D92B2C9B2002A3FF4FAAE426A1B69C2
:101B6000541C44621370438D013B9BB24385438DEB
:101B70009BB2002B7FF4ECAE2A297FF4E9AE026819
:101B800053682224282123F480635360046380F87F
:101B90003D10FFF739FDDBE6A1057FF5E1AE416CB5
:101BA000C9B21961DCE690F83E10402900F0B1801E
:101BB0000169B1F5804F7ED0016D002940F0BB80F6
:101BC000416CC91101F0060141F0F0011961C7E64D
:101BD00099699B6981F004011E0654BF8289028BBA
:101BE000C1F38001FFF712FDB2E6002D3FF4B0AE65
:101BF000A2057FF5ADAE428D92B2002A3FF4A8AEA9
:101C0000426A1B69511C41621370438D013B9BB2B8
:101C100043859DE6002D3FF49BAEA4057FF598AE6D
:101C2000428D92B2002A3FF493AE426A511C416247
:101C300012781A61438D013B9BB2438588E690F888
:101C40003D20048D90F83E10C56AD2B2C9B2002C76
:101C500040F08E80212A00F0FC8040297FF478AE8D
:101C6000222A7FF475AE428D92B2002A40F02E8176
:101C70005A6822F480625A606AE690F83D20222A6F
:101C80007FF466AE428D92B2032A40F2F780426A38
:101C90001B69511C41621370438D013B9BB243850C
:101CA000438D9BB2032B7FF453AE0268536823F439
:101CB000806353604CE690F83D102129416C16BFBB
:101CC00041F0010101F0FE01C9B2196148E60DB011
:101CD000BDE8F040FFF7A6BC016D11B9402D00F042
:101CE000EE80056D25B90169B1F5404F00F0028124
:101CF000418D89B2002963D1039159690391996992
:101D000003910399196841F400711960002101657C
:101D100026E6016D09BB416C01F0FE0119611FE669
:101D20002649C1622022036380F83D2080F83E30BE
:101D3000FFF76EFC0CE6016D01297FF411AE416CDA
:101D4000C91101F0060141F0F101196108E6826B49
:101D50001268526892B24285ADE6416C41F00101D1
:101D6000C9B21961FCE55A6822F480625A6069E6DA
:101D7000212A7FF472AF76E75A6822F480625A60B3
:101D80001A6822F480621A605CE65A6822F4E06203
:101D90005A601A680021202442F400721A6001631C
:101DA00080F83D4090F83E3080F83E10402B7FF4A4
:101DB00007AEFFF72FFCCBE5400001000000FFFF5E
:101DC000418D89B2012900F0AB80418D89B2022991
:101DD00000F0C180196841F48061196059680905F3
:101DE00003D5596841F4805159600021099159691E
:101DF000099199690991099988E7013D012D1A68AE
:101E000040F2868042F400721A601B6944620B70D3
:101E1000438D426A0168013B9BB243850B69511CAB
:101E200041621370438D0168013B9BB243854B684F
:101E3000002223F4407320244B6080F83D4002636D
:101E400090F83E3080F83E20402B35D0FFF7D8FB8D
:101E50007EE5042D99D0082D97D015F5803F94D0BC
:101E60005A6822F4E0625A6011212023016380F84D
:101E70003E4080F83D30FFF7C1FB69E5012A3FF69F
:101E800067AD1A68446A22F480621A605A6822F4C4
:101E9000E0625A601B69621C42622370438D013B01
:101EA0009BB22022438580F83D20016390F83E30AC
:101EB00080F83E10402BC9D1FFF7AEFB48E50191F9
:101EC0005969019199690191019949E590F83E207C
:101ED000402A7FF4AAAE026D002A7ED1C26C012A8C
:101EE000826C00F09680C2F307221A61036D013301
:101EF00003652DE50295596902919969029102994C
:101F0000196841F480711960016D0131016527E59F
:101F100022F480621A601A6842F480721A6074E7D0
:101F200017F5803F41D0042F2FD0082F2DD0BEF1C0
:101F3000120F2AD0C16A0229196814BF21F48061E6
:101F400041F48061196000210691596906919969EF
:101F500006910699DAE6C16A0229196839D021F496
:101F600080611960196841F40061196059680D05B4
:101F700003D5596841F4805159600021089159698D
:101F80000891996908910899C0E6196821F480615F
:101F9000196000210791596907919969079107997B
:101FA000196841F400711960B0E6196821F4806184
:101FB0001960596811F4006120D0196821F480611A
:101FC0001960002104915969049199690491049957
:101FD0009CE641F480611960C8E7026D012A1ED0B9
:101FE000026D022A7FF4B4AC90F83D20222A1DD065
:101FF00090F83D20212A7FF4ABAC16E60591596993
:102000000591996905910599196841F40071196064
:102010007CE6D2B21A61036D0233036598E4826CE8
:10202000D2B21A61036D0133036591E41A6842F478
:1020300080721A608CE400BF806B0268116810B572
:1020400021F48061446B1160816B0023438523651B
:102050000B6590F83D1060294FF0200180F83D108D
:1020600080F83E3006D0136823F001031360FFF7B9
:10207000D5FA10BD0364136823F001031360FFF762
:10208000CFFA10BD002868D0F0B5032305468BB009
:1020900080F8B9332C46FCF783FC286802F086FCF4
:1020A00054F810EBA446BCE80F006F460FC7BCE81D
:1020B0000F000FC79CE8030087E803002E1D96E879
:1020C0000E00704602F014FC0021286802F076FC35
:1020D00000212B462A460127084682F83810D1876E
:1020E00001310F29C2E9100082F8397082F83B00F3
:1020F000D06402F11C02F0D100222F68114602F1D7
:10210000400083F8F821DA8707EB800001320F2ABC
:10211000C3E9801183F8F91183F8FB11C3F80C129D
:10212000416003F11C03EAD10FCCEC46ACE80F0090
:102130000FCCACE80F0094E803008CE803003846AD
:1021400096E80E0002F054FC0123286885F8B933A4
:1021500002F0CAFF00200BB0F0BD0120704700BFA5
:1021600090F8B833012B0FD010B504460123006856
:1021700084F8B83302F0AAFF206802F00FFC0023B5
:1021800084F8B833184610BD022070472DE9F04F8F
:10219000036887B004461846029302F0DFFF10B1CF
:1021A00007B0BDE8F08F0546206802F0ABFF0028BD
:1021B000F6D0206802F0A6FF10F0020F20681EBFC4
:1021C000436903F00203436102F09CFF010300F145
:1021D0006C8120684FF0000B02F094FF10F4802F08
:1021E000206840F0C08002F08DFF0028C0F22682F7
:1021F000206802F087FF01054CD4206802F082FFBE
:10220000C30471D4206802F07DFF10F4005F2068E1
:102210004CD102F077FF10F0100F206815D08369C1
:1022200023F010038361029B1D6A05F4F013B3F5DC
:10223000802F05F00F0600F01282B3F5402F00F05A
:10224000C681836943F01003836102F05BFF0707D7
:1022500000F19781206802F055FFC60200F18681E7
:10226000206802F04FFF850200F17581206802F0BE
:1022700049FF400000F16681206802F043FF4107FA
:102280008ED523685D686A0700F10A825A682A437E
:102290005A6085E7029BD3F80838DA0700F1FC8121
:1022A0002068436903F400634361A7E702F05AFF23
:1022B0002068C36823F47053C36002F06DFC0028EB
:1022C00040F073812268E0604FF400736361D3686B
:1022D00043F41053D3602046FCF7E4FB20684369C5
:1022E00003F40053436194E7029B206803F5006602
:1022F0001021736823F00103736002F03BFC6168F6
:1023000059B1029BFF2203F5106301358D429A609B
:10231000C3F8082203F12003F7D14FF0FF33B36174
:10232000F36943F00113F361236B002B40F032811A
:10233000736943F00B037361336943F00B0333613B
:10234000029A217CD2F80038206823F4FE63C2F898
:10235000003804F56F7202F01FFF2068436903F430
:10236000805343614FE702F0D9FE83462068BBF1FA
:10237000000F3FF438AF029BCDE903B5264603F5C5
:1023800010694FF0000AD84609E05FEA58080AF1E0
:10239000010A06F11C0609F1200900F0428118F03B
:1023A000010FF2D05FFA8AF7394602F0C9FEC3077F
:1023B000054640F12C8102980122D0F8343802FA07
:1023C0000AF123EA0103C0F834382369C9F8082068
:1023D000934203D1D6E9102313447364394620464F
:1023E000FCF752FB2169D4F800B0012900F002810A
:1023F000280744BF0823C9F80830E90644BF102362
:10240000C9F808306A0644BF4023C9F80830AB0752
:1024100044BF0223C9F808302D065846B5D50BF540
:10242000106C0CEB4A1CD6E91323DCF81850316C05
:102430001FFA85FED51A8D4228BF0D46E91CBEEB5A
:10244000910F25D9CDF814A0E2461AE0336C716CD7
:102450009A4228BF1A46237C0093154693B25846E9
:102460003A4602F0C9FD736CDAF818202B44736405
:10247000336D92B2E91C2B44B2EB910F336504D952
:10248000F26C9342A2EB0302E0D3DDF814A02068C3
:10249000002D7FF47AAFDBF83438012202FA0AF219
:1024A00023EA0203CBF834386FE7206802F02EFEEF
:1024B000034600283FF48DAE029A2068CDE903352B
:1024C00002F53067A1464FF000081E464FF0010AA2
:1024D00008E0760808F1010807F1200709F11C0956
:1024E00000F09880F207F4D55FFA88F5294602F0EB
:1024F0001DFE10F0010F834619D02269C7F808A00D
:10250000012A0CD13A69D9F80002C2F31202821AE8
:10251000C9F81022D9F804220244C9F80422294635
:102520002046FCF7A7FA2169012900F0BE801BF0C4
:10253000080F7DD11BF0100F18BF1023206818BFA3
:10254000BB60C6E72046FCF7E1FA2068436903F068
:102550008043436191E620465FFA8BF1FCF7CEFAA7
:102560002068436903F40013436180E620465FFA64
:102570008BF1FCF7C7FA2068436903F480134361C9
:102580006FE62046FCF78AFA2068436903F00803E7
:10259000436160E6D6F8843043F00B03C6F884301C
:1025A000736C43F00B037364CAE603224023E260BA
:1025B000636100F0E5FC714B714A0344934200F201
:1025C00083802268D36843F47053D36083E6082283
:1025D00004F56F710298C6EBC60602F023FD04EB0A
:1025E0008602C5F30A13D2F8101220680B44C2F811
:1025F000103226E6BAF1000F7FF4FAAEE36C002B3E
:102600007FF4F6AE584604F56F7202F0C5FDD4F8BB
:1026100000B0EDE6DDE90335B3FA83F3C3F1200B37
:10262000DAE5DDE903B5BBFA8BF3C3F1200BDAE59C
:102630002046FCF7EDF90822BA607BE7029B03F520
:102640000062D3F8043823F0010353602046FCF7FE
:1026500051FA2068436903F000434361C9E547F636
:10266000F0731D423FF4EDADC6EBC60604EB8606E3
:10267000C5F30A120298D6F80412154602F0D2FCED
:10268000D6F8042220682A44C6F80422D6F810227C
:102690002A44C6F81022D4E52046FCF713FAFFE5D9
:1026A0002046FCF737FA2368F0E5B8F1000F7FF415
:1026B0003EAFD4F80C22002A7FF439AF206804F52D
:1026C0006F7202F069FD32E72E4A2F4923680244F7
:1026D0008A4204D8DA6842F46052DA60FBE52B499A
:1026E000A0F57402A2F510528A4204D8DA6842F4C6
:1026F0005052DA60EFE52649A0F18372A2F5E74275
:102700008A4204D2DA6842F44052DA60E3E5214AB0
:10271000214902448A4204D8DA6842F43052DA602D
:10272000D9E51E4A1E4902448A4204D2DA6842F4BC
:102730002052DA60CFE51B4A1B4902448A4204D288
:10274000DA6842F41052DA60C5E51849A0F1B772B0
:10275000A2F558528A4204D2DA6842F40052DA6092
:10276000B9E5134A134902448A42DA6834BF42F495
:10277000E05242F4C052DA60ADE500BF405327FF9B
:10278000FF340C00401E1BFF3F420F007F4F120022
:1027900020D6130060B6E5FE5FE3160000D3CEFE40
:1027A00040771B00C05BB3FEC0912100207538004C
:1027B000E05459FEE09C410090F8B833012B0CD056
:1027C00010B504460123006884F8B83302F06EFCAB
:1027D000002384F8B833184610BD0220704700BFAC
:1027E0008C46090610B5044624D41C2101FB0C01BB
:1027F000CCEBCC0004EB800001F5FC71C0F80022AA
:10280000002280F8F8C180F8FB3180F8F921022B12
:1028100004BF00230B7194F8B833012B1FD00123A0
:1028200084F8B833206802F0D5F9002384F8B8336F
:10283000184610BD0CF07F0C1C2101FB0C01CCEBE9
:10284000CC0004EB800038310264012280F838C0EB
:1028500080F83B30A0F83EC080F83920D7E702204E
:1028600010BD00BF4BB2002B10B501F07F02044633
:1028700018DB1C2000FB0141DB0F81F8F82181F8F7
:10288000F93194F8B833012B01F5FC7118D001230C
:1028900084F8B833206802F0E1F9002384F8B833F3
:1028A000184610BD1C2101FB0201DB0F81F8382006
:1028B00081F8393094F8B833012B01F13801E6D1B1
:1028C000022010BD10B501F07F04C4EBC40C00EB76
:1028D0008C0C1C21CCF80C320023CCF804228CF890
:1028E000F841CCF810328CF8F931036901FB04018E
:1028F000012B08BFCCF80822006801F5FC71DAB2A0
:102900001CB902F0F9FA002010BD02F003FA002011
:1029100010BD00BF01F00F01C1EBC10100EB810050
:10292000B0F81002704700BF10B501F07F04C4EB8F
:10293000C40C00EB8C0C1C21CCF84C300023CCF8E0
:1029400050300123CCF844208CF838408CF83930D2
:10295000036901FB0401012B08BFCCF84820006883
:102960003831DAB21CB902F0C7FA002010BD02F00B
:10297000D1F9002010BD00BF38B54BB2002B044682
:1029800001F07F0517DB1C2202FB010101F5FC7140
:102990000122DB0F8A700D704B7094F8B8339342AC
:1029A00015D0206884F8B82302F04CFB45B1002014
:1029B00084F8B80338BD1C2101FB05013831E7E775
:1029C000217C206804F56F7202F0E6FBEFE702203D
:1029D00038BD00BF38B54BB2002B044601F07F0272
:1029E00017DB1C2000FB014101F5FC71DB0F00250A
:1029F0008D700A704B7094F8B833012B0ED0012300
:102A0000206884F8B83302F039FB84F8B8532846BC
:102A100038BD1C2101FB02013831E7E7022038BD37
:102A200010B404681204636A29B91A43A262002030
:102A30005DF8044B7047A06A013903EB104C0AD0D3
:102A4000002303F1400004EB800001334068994209
:102A50000CEB104CF5D1403104EB810442EA0C023E
:102A6000626000205DF8044B704700BF03680020DF
:102A700059627047002800F068812DE9F041036831
:102A8000DD0782B004462FD59E498A6802F00C0209
:102A9000042A00F0ED808A6802F00C02082A00F097
:102AA000E3806368B3F5803F00F0EC80B3F5A02FBE
:102AB00000F04D81934D2A6822F480322A602A6802
:102AC00022F480222A60002B40F0E180FCF7D4FF42
:102AD000064605E0FCF7D0FF801B642800F2018168
:102AE0002B689B03F6D423689F0728D5854A9168F5
:102AF00011F00C0F00F09A80916801F00C01082988
:102B000000F09080E368002B00F00E817E4B7D4E3C
:102B100001221A60FCF7B0FF054605E0FCF7ACFFA8
:102B2000401B022800F2DD8033689807F6D5336831
:102B3000226923F0F80343EAC203336023681A07CB
:102B40005BD458073AD56F4A136C13F0805340F0AA
:102B500089800193136C43F080531364136C03F06A
:102B600080530193019B0125684E3368D90540F1DC
:102B7000A880A368012B00F0B880052B00F023810A
:102B8000604E326F22F001023267326F22F004028F
:102B90003267002B40F0AE80FCF76EFF41F28838C0
:102BA000074605E0FCF768FFC01B404500F299802E
:102BB000336F9807F6D4002D40F0D380A369C3B1DA
:102BC000504DAA6802F00C02082A36D0022B4E4B58
:102BD0004FF000021A6600F0CA80FCF74DFF044671
:102BE00004E0FCF749FF001B02287AD82B689B0100
:102BF000F7D4002002B0BDE8F08163690BB3424B0B
:102C0000404E0122C3F8802EFCF736FF054604E053
:102C1000FCF732FF401B022863D8736F9B07F7D580
:102C200023688EE7526856023FF56CAF354A12684A
:102C300095073AD5E268012A37D0012002B0BDE8F5
:102C4000F081314A2F4EC2F8803EFCF715FF054651
:102C500004E0FCF711FF401B022842D8736F9F0766
:102C6000F7D4DDE700257FE74A6850027FF519AF0A
:102C7000244A126891037FF537AF6268002A7FF417
:102C800033AFDAE71F4A136843F480331360FCF76D
:102C9000F3FE1C4E054604E0FCF7EEFE401B6428E4
:102CA0001FD833689A03F7D51DE7164920690A68CB
:102CB00022F0F80242EAC0020A601A077FF541AF2B
:102CC0009BE7336843F480733360FCF7D5FE074617
:102CD0003368DA053FF54DAFFCF7CEFEC01B022886
:102CE000F6D9032002B0BDE8F081064A136F43F025
:102CF00001031367FCF7C0FE024F064641F2883815
:102D00000BE000BF00380240000047420070004066
:102D1000FCF7B2FE801B4045E3D83B6F9B07F7D51D
:102D2000002D3FF44BAF1CE02C4A2D4E1360FCF7F6
:102D3000A3FE054604E0FCF79FFE401B0228D0D806
:102D400033689907F7D42368F9E601207047244BCC
:102D50001A6842F480221A601A6842F480321A60BB
:102D600095E71F4A136C23F08053136426E7FCF7A2
:102D700083FE064604E0FCF77FFE801B0228B0D8E5
:102D80002B689901F7D4D4E90731626A0B4343EA0F
:102D90008213D4E90A205208104943EA0063013A39
:102DA00043EA024301226B600A66FCF765FE0C4DA4
:102DB000044604E0FCF760FE001B022891D82B6853
:102DC0009A01F7D515E7064B1A6F42F004021A670D
:102DD0001A6F42F001021A678CE700BF00004742F9
:102DE00000380240164908B58B6803F00C03042B29
:102DF0001BD0082B01D0134808BD4A684B684968AE
:102E000013F4800302F03F0211D10E48C1F3881180
:102E1000A1FB0001F8F7B8FC094B5B68C3F3014361
:102E200001335B00B0FBF3F008BD074808BD06485E
:102E3000C1F388110023A1FB0001F8F7A5FCEBE723
:102E4000003802400024F40000127A00002800F04C
:102E50008680474A136803F00F038B422DE9F04147
:102E60000D46044609D2CBB21370136803F00F036A
:102E70008B4202D00120BDE8F0812368980714D569
:102E8000590704D53B498A6842F4E0528A601A0720
:102E900004D538498A6842F460428A603549A0689E
:102EA0008A6822F0F00202438A60DF0721D5626857
:102EB000012A56D0931E012B2E4B1B684CD9990723
:102EC000D8D52C4EB36823F003031343B360FCF74B
:102ED000D3FD41F28838074604E0FCF7CDFDC01B66
:102EE000404543D8B368626803F00C03B3EB820F2C
:102EF000F3D11F4A136803F00F03AB4206D9EBB2BC
:102F00001370136803F00F03AB42B3D123685A0761
:102F100006D51849E0688A6822F4E05202438A60C4
:102F20001B0707D5134A2169936823F4604343EADA
:102F3000C1039360FFF756FF0E4A0F4C92680F498A
:102F4000C2F303120346A25C0620D3400B60FBF7DA
:102F5000A9F80020BDE8F0819801B2D48AE70120E9
:102F60007047044B1B689E03ABD483E7032082E7C2
:102F7000003C0240003802405CB40308A80B00206B
:102F8000014B1868704700BFA80B0020044B05498F
:102F90009B68054A0868C3F38223D35CD840704716
:102FA00000380240A80B002054B40308044B054924
:102FB0009B68054A0868C3F34233D35CD840704726
:102FC00000380240A80B002054B403080E4B0F2217
:102FD00002609A6802F0030242609A6802F0F0020E
:102FE00082609A6802F4E052C2609B68DB0810B409
:102FF00003F4E053054C036123685DF8044B03F0D0
:103000000F030B60704700BF00380240003C0240D5
:10301000F8B507460D4614461E463A68936835EAE9
:1030200003030CBF01230023A34209D0731C09D161
:10303000936835EA03030CBF012300239C42F7D1B8
:103040000020F8BD36B1FCF717FD069BC01AB04250
:10305000E3D33A685368796823F0E003B1F5827FDF
:10306000536015D0BB6AB3F5005F07D0012200237F
:1030700087F8512087F850300320F8BD13684DF6CB
:10308000FF710B401360136843F400531360EDE7C6
:10309000BB68B3F5004F02D0B3F5806FE2D113687F
:1030A00023F040031360DDE700283BD038B590F8EB
:1030B000513000220446826203F0FF0163B31046E0
:1030C000D4E90131E26825680B431343D4E90412C3
:1030D0000B431343E269022184F851101343226A1F
:1030E00029681343A26921F04001296002F4007CA1
:1030F000616A120C43EA0C0302F0040203430A4320
:103100002B606A60EB69002023F400630122EB610D
:10311000606584F8512038BD80F85010FBF7E0FD61
:10312000A06ACDE70120704798B10268022310B56C
:1031300080F85130136823F0400304461360FBF716
:1031400053FE0023636584F8503084F851301846EC
:1031500010BD0120704700BF90F85030012B4DD0BA
:1031600010B590F851300446012B4FF0010084F85F
:103170005000D8B238D1002937D0002A35D00320EA
:1031800084F85100A068A2860023B0F5004F636563
:10319000C4E91033E28621632268A363A387E3872F
:1031A00027D0A06C164B0364164BC363164BC36445
:1031B00000230365E38E0C329BB2FDF7C1FC23684C
:1031C0001A68520603D41A6842F040021A605A681C
:1031D00042F020025A605A6842F002025A6000230C
:1031E00084F85030002010BD0220002384F85030B5
:1031F00010BD136843F480431360D2E70220704788
:10320000E1330108353401081134010870B5044672
:1032100090F8500001286AD0012084F8500094F8FA
:103220005100656801285FFA80FC0DD0B5F5827FFA
:1032300004D00220002384F8503070BDA06800281C
:10324000F7D1BCF1040FF4D100294ED0002A4CD0A4
:10325000002B4AD094F85100216301284FF000055B
:1032600004BF052084F851006565E386E38794F880
:103270005110E06C1F4EA38604291F49A3871F4BE2
:10328000A26318BF0B46C4E910551D49036418BF5B
:1032900031461C4BC364E38FC163216805659BB253
:1032A0000C31FDF74DFC2268A06C5368216B43F094
:1032B00001035360E38E0C329BB2C0E90F55C0E9A5
:1032C0001355FDF73DFC23681A68520603D41A68AB
:1032D00042F040021A605A6842F020025A605A686E
:1032E00042F0020200205A60A4E70120A2E7022077
:1032F00070BD00BF0135010801340108F133010838
:10330000B13401081134010870B5856804460E46D1
:103310001DB94368B3F5827F4ED094F85030012B2D
:1033200053D0012384F8503094F85130012BD8B297
:1033300038D1002E37D0002A35D0042384F85130FC
:10334000B5F5004F4FF000036365C4E91033E28721
:103350002168A663A287A386E38628D0E06C1C4B75
:1033600003641C4BC3631C4BC36400230365E38FDE
:1033700032469BB20C31FDF7E3FB23681A68520614
:1033800003D41A6842F040021A605A6842F02002E0
:103390005A605A6842F001025A60002384F85030A3
:1033A000002070BD0220002384F8503070BD0B68EF
:1033B00023F480430B60D1E7042580F85150134675
:1033C000BDE870400A46FFF721BF022070BD00BF74
:1033D000F1330108B134010811340108704700BF0E
:1033E00008B5806BFFF7FAFF08BD00BF704700BF4C
:1033F00008B5806BFFF7FAFF08BD00BF704700BF3C
:1034000008B5806BFFF7FAFF08BD00BF704700BF2B
:10341000806B026808B5536823F003035360436D63
:10342000012143F01003436580F85110FFF7EEFFD0
:1034300008BD00BF30B5054685B0846BFCF71CFBAA
:103440002B681A6812F480721BD121684B6823F034
:1034500002034B600090642380212046FFF7D8FDD3
:10346000A0B9A36833B922680393D3680393936820
:103470000393039B01230022E28684F85130636D9D
:1034800083B92046FAF7E6F905B030BD636D43F025
:1034900020036365636D43F020036365A368002B1D
:1034A000E8D1E0E72046FFF7B1FF05B030BD00BF2F
:1034B00008B50368806B1B68DB050FD4D0E90021D9
:1034C0005368B1F5827F23F00303536009D00123D1
:1034D0000022C28780F85130436D73B9FAF7C6F9FC
:1034E00008BD8368B3F5004F02D0B3F5806FEED10D
:1034F000136823F040031360E9E7FFF787FF08BD77
:1035000030B5054683B0846BFCF7B6FA2B681A68B1
:1035100012F4807213D10090642380212046FFF7BB
:1035200077FD88B921684B68002223F0030301204E
:103530004B60E286E28784F85100636D6BB92046E8
:10354000FAF7A0F903B030BD636D43F02003636563
:10355000636D43F020036365E4E72046FFF756FF01
:1035600003B030BD026810B55168936803F0410C98
:10357000BCF1010F84B004465AD0980701D5080663
:103580005ED413F4B07F51D088064FD558060ED5BF
:1035900094F85100032842D0606D40F0040060654B
:1035A00000200090D06800909068009000989806E5
:1035B0000CD5606D40F001006065002002909068BD
:1035C0000290106820F0400010600298D80508D5DD
:1035D000636D002043F008036365039093680393D1
:1035E000039B636D13B3536823F0E0035360012022
:1035F0008B0784F8510029D05368E06C23F0030353
:10360000536018B1134B0365FDF722FBA06C68B142
:10361000104B036504B0BDE81040FDF719BB002353
:103620000193D368019393680193019B04B010BD8B
:1036300011F0400FA1D0036C04B0BDE81040184752
:10364000636C204604B0BDE8104018472046FFF7E1
:10365000DDFEEBE75936010808B5806B0023C38710
:10366000C386FFF7D3FE08BD036A23F0010303629C
:10367000036A70B4446882690D6822F073022A43B9
:103680008D6823F002032B430E4DA8420AD005F5A6
:103690008065A84206D049684460826170BC41637D
:1036A00003627047CD6823F008032B43D1E9056519
:1036B00024F4407446EA050C23F004034CEA0404A5
:1036C000E9E700BF00000140036A23F4807303624E
:1036D000036A70B44468C2690D6822F073022A4319
:1036E0008D6823F4007343EA05230F4DA8420AD0E6
:1036F00005F58065A84206D049684460C26170BC87
:10370000C16303627047CD6823F4006343EA052375
:10371000D1E9056524F4405446EA050C23F480639E
:1037200044EA0C14E8E700BF00000140036A23F4F8
:1037300080530362036A30B44468C2690D6822F49E
:10374000E64242EA05228D6823F4005343EA05333A
:10375000094DA8420AD005F58065A84206D04968FF
:103760004460C26130BC0164036270474D6924F457
:10377000804444EA8514F2E700000140034600203B
:103780001B68DA6842F00102DA601A6842F001024E
:103790001A607047704700BF03680122186A02FA76
:1037A00001F120EA01001862186A0A4A01439342B3
:1037B000196209D002F58062934205D01A6842F07E
:1037C000010200201A6070475A6C42F400425A64A9
:1037D000F4E700BF0000014003680C290CD8DFE8C3
:1037E00001F0070B0B0B250B0B0B200B0B0B1B001E
:1037F000DA6842F00202DA60186A012202FA01F184
:1038000020EA010018621A6A114319621A6842F02C
:10381000010200201A607047DA6842F01002DA6094
:10382000EAE7DA6842F00802DA60E5E7DA6842F0CF
:103830000402DA60E0E700BF0368C1B104290DD1DA
:103840001A6A22F010021A621A6A42F010021A6210
:103850001A6842F0010200201A6070471A6A22F0CA
:1038600001021A621A6A42F001021A62E8E71A6A51
:1038700022F001021A621A6A42F001021A62E7E7B4
:1038800090F83820012A70D00346026830B4022034
:10389000012483F8384083F8390090680C6820F4DC
:1038A0007F4020F07700502C906000F093800ED87D
:1038B000202C00F0888029D8002C7DD0102C1DD120
:1038C000916821F0700141F01701916016E0B4F5A4
:1038D000805F65D036D8602C49D0702C0ED1D1E9EC
:1038E000015094682843CD6824F47F4140EA0520C4
:1038F00008439060916841F07701916000200122B7
:1039000083F8392083F8380030BC7047302C4CD015
:10391000402CF3D14868CC68116A21F00A010843B1
:10392000116A21F001011162916921F0F00141EA6F
:10393000041191611062916821F0700141F047011A
:103940009160DBE7B4F5005FD8D1D1E9015094680C
:103950002843CD6824F47F4140EA05200843906065
:10396000916841F480419160C8E7022070474C683B
:10397000CD68116A21F0100111629069116A20F47A
:10398000704021F0A00141EA041140EA0530906145
:103990001162916821F0700141F067019160ADE71B
:1039A000916821F007019160A8E7916821F070010A
:1039B00041F037019160A1E7916821F0700141F079
:1039C000070191609AE7916821F0700141F02701A9
:1039D000916093E74868CC68116A21F00A010843B6
:1039E000116A21F001011162916921F0F00141EAAF
:1039F000041191611062916821F0700141F057014A
:103A000091607BE7704700BF704700BF704700BF01
:103A1000704700BF03681A69910710B5044602D5C4
:103A2000DA6892075FD41A69500702D5DA6851073D
:103A300046D41A69120702D5DA6810072ED41A691B
:103A4000D20602D5DA68D00618D41A69D10702D591
:103A5000DA68D2075DD41A69100602D5DA68110651
:103A60005FD41A69520602D5DA68500661D41A6921
:103A7000910602D5DA68920643D410BD6FF01001AA
:103A8000082219612276DB6913F4407F204664D056
:103A9000FFF7BAFF002223682276D6E76FF008010D
:103AA000042219612276DB699907204652D1FFF77B
:103AB000A9FF2046FFF7AAFF002223682276BEE76F
:103AC0006FF004010222196122769B6913F4407F92
:103AD00020463CD1FFF796FF2046FFF797FF0022D4
:103AE00023682276A5E76FF00201012219610276B0
:103AF0009B699B0725D0FFF787FF0022236822766A
:103B000091E76FF0200220461A61BDE8104000F0F6
:103B100029BB6FF001021A612046FAF733FF2368D0
:103B200099E76FF080021A61204600F01DFB2368C0
:103B300097E76FF040021A612046FFF769FF23689C
:103B400095E7FFF75FFF2046FFF760FFD5E7FFF738
:103B50005BFFC4E7FFF758FFAEE7FFF753FF2046D0
:103B6000FFF754FF96E700BF30B42D4D8C68036813
:103B70000A68A84239D0B0F1804F27D0A5F57C451E
:103B8000A84223D005F58065A8421FD005F58065C1
:103B9000A8421BD005F57845A84226D0214DA84261
:103BA00018D005F58065A84214D005F58065A842B7
:103BB00010D0A5F59835A84228D005F58065A84213
:103BC00008D005F58065A84208D103E04D6823F0D0
:103BD00070032B43C96823F440730B430360C46232
:103BE0008262012330BC436170474D6823F070034B
:103BF0002B43CD6823F440732B430360C46282627D
:103C00000B690363012330BC43617047C96823F427
:103C100040731943044B1960DC629A62E1E700BF0C
:103C2000000001400040014000180040C0B110B544
:103C300090F83930044603F0FF0263B121460223B5
:103C400084F8393051F8040BFFF78EFF012384F814
:103C50003930002010BD80F83820FAF741FBEDE73D
:103C600001207047C0B110B590F83930044603F018
:103C7000FF0263B12146022384F8393051F8040B66
:103C8000FFF772FF012384F83930002010BD80F85F
:103C90003820FFF77FFDEDE701207047C0B110B578
:103CA00090F83930044603F0FF0263B12146022345
:103CB00084F8393051F8040BFFF756FF012384F8DC
:103CC0003930002010BD80F83820FAF735FBEDE7D9
:103CD00001207047C0B110B590F83930044603F0A8
:103CE000FF0263B12146022384F8393051F8040BF6
:103CF000FFF73AFF012384F83930002010BD80F827
:103D00003820FAF771FBEDE701207047002846D014
:103D100070B590F839300C46054603F0FF02002BD1
:103D200038D02946022385F8393051F8040B8368CE
:103D300023F007038360FFF717FF81688369A66993
:103D4000A26823F4407323F0030342EA06221A43D5
:103D50002369E6691B0143EA0623E6683343066AE2
:103D600026F0AA0C266A22F47C4222F0FC0243EAE6
:103D70000633134366696268246842EA06122143E7
:103D8000816042EA0C0201218361026285F83910E8
:103D9000002070BD80F83820FAF7FAFAC1E7012058
:103DA000704700BF70B4046A1A4E24F00104046224
:103DB000B0428469056A1FD0B0F1804F1CD0A6F5CF
:103DC0007C46B04218D006F58066B04214D006F5A5
:103DD0008066B04210D006F57846B0420CD006F5A9
:103DE0007056B04208D0A6F59436B04204D024F004
:103DF000030242F0010202E024F00304224325F012
:103E00000A0401F00A01214363F30712826170BCC6
:103E1000016270470000014090F83830012B79D0E2
:103E200070B502230D461646012280F8382080F82E
:103E300039300446D1E900120068EB683EB3042E25
:103E4000AD682FD0082E4AD0066A26F48056066246
:103E5000C66926F4407646EA022663F30F36036A03
:103E6000C661090323F4204301F420411943016290
:103E7000C36923F44063C361C36943EA0523C36193
:103E80000020012384F8393084F8380070BDFFF732
:103E900089FF8369AA6823F00C0383618369134354
:103EA0008361EDE7066A26F010060662866926F44D
:103EB000407646EA022663F30F36036A86610901FB
:103EC00023F0A00301F0A00119430162836923F4E8
:103ED00040638361836943EA05238361D0E7066A0F
:103EE00026F480760662C66926F00306164363F35D
:103EF0000716036AC661090223F4206301F42061F6
:103F000019430162C36923F00C03C361C3692B43E6
:103F1000C361B5E702207047036A23F01003036210
:103F2000036A70B4446882690D6822F4E64242EA8A
:103F300005228D6823F0200343EA05130E4DA842A5
:103F40000AD005F58065A84206D0496844608261C0
:103F500070BC816303627047CD6823F0800343EA3D
:103F60000513D1E9056524F4406446EA050C23F005
:103F7000400344EA8C04E8E70000014090F8383040
:103F8000012B25D0022310B5044680F839300C2AC5
:103F90000BD8DFE802F0070A0A0A150A0A0A190A0A
:103FA0000A0A11000068FFF75FFB0020012384F874
:103FB000393084F8380010BD0068FFF7B7FBF4E72C
:103FC0000068FFF7A9FFF0E70068FFF77DFBECE76B
:103FD0000220704738B590F83830012B70D00D466C
:103FE00002230121044680F8381080F839300C2A69
:103FF00018D8DFE802F007171717361717174E17EC
:1040000017171E0000682946FFF72EFB83692A69EF
:1040100043F008038361836923F0040383618369A8
:10402000134383610020012384F8393084F8380079
:1040300038BD00682946FFF779FBC3692A6943F454
:104040000063C361C36923F48063C361C36943EA46
:104050000223C3610020012384F8393084F838003A
:10406000E6E700682946FFF757FF83692A6943F4AA
:1040700000638361836923F480638361836943EA16
:10408000022383610020012384F8393084F838004A
:10409000CEE700682946FFF717FBC3692A6943F09A
:1040A0000803C361C36923F00403C361C3691343F5
:1040B000C3610020012384F8393084F83800B7E761
:1040C000022038BD90F83830012B1FD0024603681B
:1040D000022030B582F8390058680D684C6820F02D
:1040E00070005860586828435860996821F0800132
:1040F000996099684FF0000C21434FF0010E9960D0
:1041000082F839E082F838C0604630BD022070473E
:1041100090F83830012B23D010B4D1E9024323F4B6
:1041200040730246234348680C6823F480630343CA
:1041300023F400630869234323F48053034348694D
:104140008C6923F40053034323F440431068002197
:104150002343436482F8381008465DF8044B7047E7
:1041600002207047704700BF704700BF02681169A6
:104170002DE9F8430446C068A368256921F440513D
:1041800001431161D168E0692B43656921F416414F
:104190002B4321F00C0103430B43D3605369A16906
:1041A00023F440730B43B0F5004F53619D4B00F077
:1041B0009C809A425AD003F580639A4256D0FEF70B
:1041C000E5FE6368DFF8608200EB80009B0000EB97
:1041D0008000B0FBF3F7FEF7D9FEA8FB0737636852
:1041E00000EB80009B0000EB8006B6FBF3F6FEF7C9
:1041F000CDFE636800EB80009B0000EB8000B0FB0D
:10420000F3F0A8FB003040094FF0640909FB106689
:104210003601FEF7BBFE3236A8FB063662687F0920
:10422000760900EB800303EB830392003F0106F065
:10423000F006B3FBF2F5FEF7A9FED4E9002300EB8C
:1042400080009B0000EB8000B0FBF3F0A8FB003087
:10425000400909FB10531B013233A8FB0383C3F34E
:10426000431333433B449360BDE8F883FEF79EFE5F
:104270006368DFF8B48100EB80009B0000EB8000F6
:10428000B0FBF3F7FEF792FEA8FB0737636800EB7D
:1042900080009B0000EB8006B6FBF3F6FEF786FE7F
:1042A000636800EB80009B0000EB8000B0FBF3F044
:1042B000A8FB003040094FF0640909FB1066360185
:1042C000FEF774FE3236A8FB063663687F0976096E
:1042D00000EB80009B003F0106F0F00600EB800041
:1042E000B0FBF3F5FEF762FEA7E79A425AD003F55A
:1042F00080639A4256D0FEF749FE6368DFF8288152
:1043000000EB80005B0000EB8007B7FBF3F7FEF7E4
:104310003DFEA8FB0737636800EB80005B0000EB05
:104320008006B6FBF3F6FEF731FE636800EB800013
:1043300000EB80005B00B0FBF3F3A8FB03235B09F9
:104340004FF0640909FB1366F600FEF71FFE3236D4
:10435000A8FB063662687F09360900EB800303EB91
:10436000830352003F0106F4F876B3FBF2F5FEF743
:104370000DFED4E9002300EB800000EB80005B0021
:10438000B0FBF3F3A8FB03135B0909FB1353DB003A
:104390003233A8FB0383C3F342133B44334493609B
:1043A000BDE8F883FEF702FE6368DFF87C8000EB6F
:1043B00080005B0000EB8000B0FBF3F7FEF7F6FD3A
:1043C000A8FB0737636800EB80005B0000EB80060A
:1043D000B6FBF3F6FEF7EAFD636800EB800000EB46
:1043E00080005B00B0FBF3F3A8FB03235B094FF0F5
:1043F000640909FB1366F600FEF7D8FD3236A8FB08
:10440000063663687F09360900EB80005B003F01D8
:1044100006F4F87600EB8000B0FBF3F5FEF7C6FD7E
:10442000A7E700BF001001401F85EB5160B338B50E
:1044300090F83930044603F0FF0203B322682423C6
:1044400084F83930D36823F400532046D360FFF753
:104450008DFE23681A6922F490421A615A6922F08B
:104460002A025A61DA680025202142F40052DA60FB
:10447000E56384F8391084F83A10284638BD80F88E
:104480003820FAF71BFDD9E701207047F8B504463C
:1044900090F8390020282DD151B34AB394F8380050
:1044A000012827D00120E28484F83800A284206B00
:1044B000DFF84CC0104F114E2162134622680025D0
:1044C0004FF0210EE563043284F839E0C0E90FC7EC
:1044D000C0E91365FCF734FB23686FF040021A60F3
:1044E00084F838505A6942F0800228465A61F8BD73
:1044F0000120F8BD0220F8BD09460108DD4601088B
:10450000D945010890F83A30202B3CD1002938D009
:10451000002A36D070B590F83830012B82B00446AE
:1045200033D00123002580F838302223C56381620F
:1045300080F83A308285406B154E056513460A4671
:104540002168C663134E0664134EC6640431FCF73B
:10455000F7FA236801951A6801925A68019284F863
:104560003850019ADA6842F48072DA605A6942F08F
:1045700001025A615A69284642F040025A6102B06B
:1045800070BD0120704702207047022002B070BD4C
:1045900019460108CD460108DD4601080368DA68BE
:1045A00022F4907210B5DA605A6922F001025A6161
:1045B0005A695206044609D55A69406B22F04002F6
:1045C0005A6118B100230365FCF7FAFA0020202392
:1045D000E08584F83A3010BD08B50368806B1B682D
:1045E00013F480730AD10268C384536923F08003F3
:1045F0005361D36843F04003D36008BD22F026FC2A
:1046000008BD00BF704700BF08B5806BFFF7FAFF19
:1046100008BD00BF704700BF08B50368806B1B680A
:1046200013F4807310D10268C385D36823F48073B8
:10463000D360536923F0010353615369202123F0B0
:104640004003536180F83A10FFF7E4FF08BD00BF54
:1046500090F83A30222B29D181680269836AB1F53A
:10466000805F10B504680AD0591C02BB6268816281
:104670001A70C38D013B9BB2C38543B110BDE2B933
:104680006268C2F3080223F8022B8362F1E7036831
:10469000DA6822F49072DA605A69202122F001026D
:1046A0005A6180F83A10FFF7B5FF10BD7047626895
:1046B000816202F07F021A70DBE76268D2B223F8EF
:1046C000012B8362D5E700BF704700BF08B5806B40
:1046D000FFF7FAFF08BD00BF704700BF08B5806B49
:1046E0000368596990F83920212A0BD0596990F84C
:1046F0003A20222A16D0C36B43F01003C363FFF79E
:10470000EBFF08BD0906F1D50022C284DA6820213A
:1047100022F0C002DA6080F83910596990F83A2026
:10472000222AE8D14A06E6D50022C285DA6822F4B8
:104730009072DA605A69202122F001025A6180F8F1
:104740003A10D8E703681A6870B51607DD6859692A
:1047500004460CD1910601D5AE0658D4100601D5F9
:1047600029062DD4560601D5680645D470BD11F032
:10477000010163D115F4907FF0D0D0070AD5EE0582
:1047800040F19080E06B560740F00100E06346D5B1
:10479000002957D1E16B0029E8D0920602D5AE0678
:1047A00000F18A805A69E16B02F0400201F00801D1
:1047B00052EA01054FD12046FFF78EFFE56370BD39
:1047C00094F83920212AD1D1A168226AB1F5805FFD
:1047D00077D0511C216212785A60E28C013A92B271
:1047E000E284002AC2D1DA6822F08002DA60DA6854
:1047F00042F04002DA6070BDDA68202122F0400207
:10480000DA60204684F8391022F020FB70BDBDE844
:104810007040FFF71DBFEE05B4D4500712D49607C1
:1048200044D50029B6D0E16B100741F00401E163E3
:10483000B0D5E16B41F00801E163ABE7D007EAD402
:1048400051072CD5E16B960741F00201E163EAD4F0
:1048500011079FD5EDE7DA6822F49072DA605A69A1
:10486000202122F001025A6184F83A105A69550653
:1048700011D55A69606B22F040025A6158B1174B4A
:104880000365FCF7E5F900283FF470AF606BBDE805
:104890007040036D18472046FFF71EFF70BD91075B
:1048A000C1D4D5E750073FF575AFB8E710077FF5DE
:1048B00071AF0029BDD16DE72046FFF7C9FE23681F
:1048C00070E711882069C1F30801596010B90232FC
:1048D000226282E7013222627FE700BFE1480108DD
:1048E00008B5806B0023C385C384FFF7F5FE08BDC0
:1048F00084B00DF1040C8CE80E00069B012B2ED128
:10490000836B0D9A23F480338363C36823F4840399
:1049100023F04003C360C368012A23F44013C3603B
:1049200035D01D4B013B0CD00269002AFADA02692E
:10493000194B42F001020261013B02D00269D1072A
:10494000FAD4049B012B07D1836843F006038360EC
:10495000836843F020038360002004B07047C2687E
:104960000D4B42F04002C260013B0CD00269002AAC
:10497000FADA0269084B42F001020261013B02D0FF
:104980000269D207FAD44FF480338363D9E7C3684E
:1049900043F48013C360C4E7410D030003460020C5
:1049A0009A6842F001029A60704700BF03460020F7
:1049B0009A6822F001029A60704700BF08B5C36888
:1049C000012923F0C043C36009D019B9C36843F07B
:1049D0008043C3603220FBF755F8002008BDC36850
:1049E00043F00053C3603220FBF74CF8002008BDB1
:1049F00084B02DE9704307AC84E80E00119C0A9D39
:104A0000836B002C40F08B8043F4001383630023FE
:104A1000C0F8003E0C9BD0F80028C0F80028012BFD
:104A200000F5006C00F09280D0F8003843F00303EA
:104A3000C0F800384FF4846303614B4B013B02D054
:104A400002699606FAD410230361474B013B02D05A
:104A50000269D206FAD400224FF0FF33CCF81020BE
:104A6000CCF81420CCF81830CCF81C2071B300F529
:104A7000106396464FF090494FF0FF081E680132D0
:104A8000002EB4BFC3F80090C3F800E08A42C3F818
:104A900010E0C3F8088003F12003EFD1002200F5F5
:104AA000306396464FF090494FF0FF081E68013280
:104AB000002EB4BFC3F80090C3F800E08A42C3F8E8
:104AC00010E0C3F8088003F12003EFD1DCF81030C8
:104AD000012D23F48073CCF8103024D000226FF025
:104AE0008043826143611DB9836943F01003836190
:104AF00081691E4B0D9A0B4383611AB1836943F0A0
:104B000008038361012C05D1836943F0804343F09E
:104B100004038361BDE87043002004B0704743F490
:104B20000023836373E7124BCCF83030DCF830306D
:104B300043F4803343F00303CCF8303000226FF0AD
:104B40008043DCF8301082614361D1E7099B23B9CF
:104B5000D0F80038C0F800386CE7D0F8003843F0DF
:104B60000103C0F8003865E7410D030000383C80C0
:104B700000018000890141F02001064A0161013AEB
:104B800005D0036913F02003F9D1184670470320BC
:104B9000704700BF410D030000F50062D0F808081F
:104BA00010F0060014D0936803F00603022B0ED019
:104BB000936803F00603062B09D0906800F0060006
:104BC000A0F10400B0FA80F04009400070470320D3
:104BD000704700BF10B54C7891F800C00123012C3C
:104BE00000F5006E03FA0CF34FEA4C1219D0DEF810
:104BF0001C4000F5306044EA0343CEF81C30835873
:104C00001B040CD48B688458C978C3F30A0323436C
:104C100043EA814343F0805343F400438350002030
:104C200010BDDEF81C409BB2234300F51060CEF8A7
:104C30001C3083581C04F2D48B688458C978C3F3A1
:104C40000A03234343EA814343EA8C5343F08053EE
:104C500043F400438350002010BD00BF10B44A78D5
:104C600091F800C0012A4FEA4C1326D000F53062BB
:104C7000D118D45824F40044D4504FF00064D450D8
:104C80004FF08044D450224B013B3DD08A68D2067D
:104C9000FAD4D0F8043843F48063C0F80438D0F86C
:104CA0001C384FF4803202FA0CF223EA0203C0F8F7
:104CB0001C3800205DF8044B704700F51062D118D5
:104CC000D45824F40044D4504FF00064D4504FF032
:104CD0008044D4500E4B013B16D08A685400FAD45D
:104CE0004FF484620A4B0261013B02D002699106D3
:104CF000FAD40123D0F81C2803FA0CF39BB222EA61
:104D00000303C0F81C38D4E703205DF8044B704758
:104D1000410D03002DE9704F82B0CC7801944C789E
:104D20000D784B69012C4FEA451C4DD000F5306ED3
:104D30000EEB0C048D68D4F810806FF31208C4F8E1
:104D40001080D4F810806FF3DC48C4F810808BB367
:104D5000DFF8A0812B44013BB3FBF5F308EAC3481D
:104D60009BB203FB05F5236948EA0303236123692A
:104D7000C5F312051D432561012A04BFCB68636199
:104D8000019B012B0CD1D0F8083813F4807F5EF81A
:104D90000C300CBF43F0005343F080534EF80C30FE
:104DA0005EF80C3043F004434EF80C30002002B0A3
:104DB000BDE8708F2369C5F312051D432561236982
:104DC00043F400232361D7E700F5106808EB0C0ECD
:104DD000002B3FD1DEF810406FF3DC44CEF81040DA
:104DE000DEF8104044F40024CEF81040DEF8104005
:104DF000012A6FF31204CEF8104002D10C69CEF8EC
:104E00001440019C012C55D1D0F8084814F4807F3F
:104E100058F80C400CBF44F0005444F0805448F85B
:104E20000C4058F80C4044F0044448F80C40002A68
:104E3000BCD19BB203339A08B8D0CB6800F5805040
:104E400000EB053003EB820153F8042B026099421A
:104E5000FAD1ABE7DEF810908E686FF31209CEF846
:104E60001090DEF810906FF3DC49CEF81090DFF868
:104E70008490DEF810B006EB030A0AF1FF3ABAFBA1
:104E8000F6FA09EACA4949EA0B09CEF81090DEF8A9
:104E900010A0019EC3F3120949EA0A09012ECEF8B7
:104EA000109011D0012A21D0D0F83438AC401C43E6
:104EB000C0F8344858F80C30002043F0044348F858
:104EC0000C3002B0BDE8708FDEF8104024F0C04412
:104ED000CEF81040DEF81040012A44F00054CEF81D
:104EE000104091D10C69CEF814408DE70B69CEF8D3
:104EF0001430DFE70000F81F4B7870B50C784D696F
:104F0000012B4FEA441C26D000F5306000EB0C0367
:104F10008C681E696FF312061E611E696FF3DC4612
:104F20001E61B5B91D6945F400251D611D69012A81
:104F3000C4F3120408BFCA6844EA05041C6108BF30
:104F40005A6150F80C3043F0044340F80C30002014
:104F500070BD4C61E6E700F5106606EB0C039DB3EF
:104F6000D3F810E06FF3120EC3F810E0D3F810E09E
:104F70006FF3DC4EC3F810E0D1F808E0AE453CBF5B
:104F8000C1F814E07546D3F810E04EF4002EC3F8D3
:104F900010E0D3F810E0C5F3120545EA0E051D61D7
:104FA00056F80C50012A45F0044546F80C501FD025
:104FB0004B69002BCBD0D0F834280123A3401343F6
:104FC000C0F83438002070BD1D696FF3DC451D61E9
:104FD0001D6945F400251D611D696FF312051D61F2
:104FE00056F80C50012A45F0044546F80C50DFD124
:104FF0000A695A61002070BD10B49DF804406CB974
:1050000003339B080AD000F5805000EB023201EB1D
:10501000830351F8040B10608B42FAD100205DF835
:10502000044B7047033292080AD000F5805C01EB14
:105030008200DCF8003041F8043B8842F9D1704727
:10504000084670474A780B78012A4FEA43130ED07E
:1050500000F53060C258002A03DBC25822F08042BB
:10506000C250C25842F40012C2500020704700F5EE
:105070001060C258002AF0DAF3E700BFCB780A7854
:10508000497801290CBF00F5106000F5306052012D
:10509000023B8158DBB221F40011012B815003D86F
:1050A000835843F08053835000207047D0F8003875
:1050B00023F4FE63C0F80038D0F80038090101F489
:1050C000FE611943C0F800180020704708B5034678
:1050D0000320D3F8042822F00202C3F80428FAF7C8
:1050E000D1FC002008BD00BF08B503460320D3F85B
:1050F000042842F00202C3F80428FAF7C3FC002097
:1051000008BD00BF4269806910407047D0F8183868
:1051100000F50060C0691840000C7047D0F81838DE
:1051200000F50060C069184080B2704700F5306338
:1051300003EB411300F500609A6840691040704726
:10514000D0F81028D0F8343800EB4110CB40DB0108
:10515000D0F80809DBB2134318407047406900F0EB
:1051600001007047D0F8002900F500636FF30A02D0
:10517000C0F800299A6802F00602042A05D1D0F886
:10518000002942F00302C0F800295A6842F48072F4
:1051900000205A60704700BF10B40024C0F8104BC4
:1051A000D0F8104B44F40024C0F8104BD0F8104B4A
:1051B00044F01804C0F8104BD0F8104B012944F00B
:1051C000C044C0F8104B05D14FF08021C0F8142B1B
:1051D000C0F8001B00205DF8044B704700F1080385
:1051E0004FF0FF310022C0E90131C0E90333026012
:1051F000704700BF00230361704700BF4268036827
:1052000010B494680133C1E90124616091605DF8D4
:10521000044B08610360704730B40D686B1C10D0FC
:1052200000F108031C465B681A68AA42FAD90268B2
:105230004B60013299608C606160086130BC026033
:10524000704704696368F2E7036910B4D0E901129A
:105250005C688A608442516008BF5A601A685DF8D1
:10526000044B0021013A01611A601868704700BFC1
:10527000036C70B5856B04462BB90668013546B3DF
:105280001846A56370BD164682B91A464068ECF709
:10529000BFFE6368216CA2680B449342636024BF25
:1052A0002368636001350020A56370BD1A46C0689D
:1052B000ECF7AEFE226CE36851429B1A2268E36071
:1052C000934202D2A3680B44E360022E06D001355C
:1052D000E9E7806801F07CF9A660D2E7012D38BFCC
:1052E00001250020CDE700BF70B50546F7F7CAFCE1
:1052F00095F845305CB2002C14DD05F1240603E07E
:10530000631EDAB25CB26AB16B6A304653B101F027
:1053100049F80028F4D001F0D7F8631EDAB25CB285
:10532000002AF1D1FF2385F84530F7F7CDFCF7F7D8
:10533000A9FC95F844305CB2002C14DD05F1100690
:1053400003E0631EDAB25CB26AB12B69304653B136
:1053500001F028F80028F4D001F0B6F8631EDAB2A4
:105360005CB2002AF1D1FF2385F84430BDE87040DB
:10537000F7F7AABC38B5E0B104460D46F7F782FC52
:10538000D4E90F232168616003FB02F2D31A0A44B7
:10539000A2600022A2630B44FF2284F84420E36051
:1053A00084F8452075B92369C3B9F7F78DFC01204E
:1053B00038BD4FF0500383F31188BFF36F8FBFF3F5
:1053C0004F8FFEE704F11000FFF708FF04F12400FF
:1053D000FFF704FFF7F778FC012038BD04F1100057
:1053E00000F0E0FF0028E0D04FF0E0234FF08052C3
:1053F000C3F8042DBFF34F8FBFF36F8FD5E700BF06
:1054000040B94FF0500383F31188BFF36F8FBFF3A0
:105410004F8FFEE770B5044601FB00F048300D46A3
:1054200001F084FC064648B155B100F14803C6E9D5
:105430000F45336001213046FFF79CFF304670BDB9
:105440000346F4E7F0B585B0019200287ED00E4601
:105450001D460446002969D0022D0BD1E36B012BB8
:1054600008D04FF0500383F31188BFF36F8FBFF361
:105470004F8FFEE701F04AF8002870D0F7F702FCE2
:10548000A26BE36B9A4276D3022D74D000221746AA
:105490000EE0F7F719FC2046FFF726FF00F0E2FECA
:1054A000F7F7F0FBA16BE36B99424FF0010262D377
:1054B0000198002876D0002A44D0F7F705FC00F0C8
:1054C00085FDF7F7DFFB94F84430FF2B08BF84F825
:1054D000447094F84520FF2A08BF84F84570F7F718
:1054E000F3FB01A902A800F0ADFF00285ED1F7F799
:1054F000C9FBA26BE36B9A42CBD1F7F7E5FB0199AD
:1055000004F1100000F034FF2046FFF7EDFE00F03C
:10551000A9FE0028C4D14FF0E0234FF08052C3F819
:10552000042DBFF34F8FBFF36F8FB9E7036C002BD0
:1055300092D04FF0500383F31188BFF36F8FBFF306
:105540004F8FFEE702A800F071FFB6E74FF050035F
:1055500083F31188BFF36F8FBFF34F8FFEE7019B7B
:10556000002B8BD04FF0500383F31188BFF36F8F64
:10557000BFF34F8FFEE72A4631462046FFF778FEFD
:10558000636ACBB948B14FF0E0234FF08052C3F8C3
:10559000042DBFF34F8FBFF36F8FF7F795FB0120FB
:1055A00005B0F0BDF7F790FB0020F9E72046FFF7C4
:1055B0009BFE00F057FEF7E704F1240000F0F2FE36
:1055C0000028EAD0DFE700BF002847D02DE9F041EE
:1055D0000E4617461D46044621B3022D0BD1E36B40
:1055E000012B08D04FF0500383F31188BFF36F8F66
:1055F000BFF34F8FFEE7F7F761FCEFF311884FF031
:10560000500383F31188BFF36F8FBFF34F8FA26BEB
:10561000E36B9A4212D3022D10D0002088F3118838
:10562000BDE8F081036C002BD7D04FF0500383F31B
:105630001188BFF36F8FBFF34F8FFEE72A4694F8B0
:10564000455031466DB22046FFF712FE6B1C0ED05E
:105650006B1C5BB284F845300120DFE74FF050034C
:1056600083F31188BFF36F8FBFF34F8FFEE7636A39
:10567000002BF1D004F1240000F094FE0028EBD0C0
:10568000002FE9D001233B60E6E700BF60B3036C65
:1056900070B5044643B14FF0500383F31188BFF354
:1056A0006F8FBFF34F8FFEE703680D462BB3F7F7FD
:1056B00005FCEFF311864FF0500383F31188BFF31D
:1056C0006F8FBFF34F8FA36BE26B9A4221D994F88F
:1056D00045200133FF2AA36353B21ED001335BB2CE
:1056E00084F84530012015E04FF0500383F3118812
:1056F000BFF36F8FBFF34F8FFEE78368002BD6D0C9
:105700004FF0500383F31188BFF36F8FBFF34F8FB8
:10571000FEE7002086F3118870BD636A002BE1D09C
:1057200004F1240000F03EFE0028DBD0002DD9D08B
:1057300001232B60D6E700BFF0B585B001920028A9
:1057400000F084800E460446002941D000F0DEFEC1
:10575000002849D0F7F796FAA56B002D7FD1019B61
:105760008BB302A800F062FE2F46F7F7ADFA00F007
:105770002DFCF7F787FA94F84430FF2B08BF84F824
:10578000447094F84530FF2B08BF84F84570F7F754
:105790009BFA01A902A800F055FE002830D1F7F7C6
:1057A00071FAA36B002B38D0F7F78EFA2046FFF77B
:1057B0009BFD00F057FDF7F765FAA56B002D4ED164
:1057C000019B002BD1D1F7F77FFA002005B0F0BD87
:1057D000036C002BBAD04FF0500383F31188BFF352
:1057E0006F8FBFF34F8FFEE7019B002BB2D04FF0BE
:1057F000500383F31188BFF36F8FBFF34F8FFEE722
:105800002046FFF771FD00F02DFDF7F73BFAA36B83
:10581000002BD8D0F7F758FACDE7F7F755FA0199EA
:1058200004F1240000F0A4FD2046FFF75DFD00F028
:1058300019FD0028BFD14FF0E0234FF08052C3F88C
:10584000042DBFF34F8FBFF36F8FB4E74FF05003BA
:1058500083F31188BFF36F8FBFF34F8FFEE7226C86
:1058600052B1E168A36811449942E16024BF216804
:10587000E1603046ECF7CCFB013DA56323691BB921
:10588000F7F722FA0120A1E704F1100000F08AFDE9
:105890000028F5D04FF0E0234FF08052C3F8042DDC
:1058A000BFF34F8FBFF36F8FEAE700BFF0B585B04E
:1058B0000191002856D0066C044646B14FF05003C3
:1058C00083F31188BFF36F8FBFF34F8FFEE700F0B4
:1058D0001DFE054600284ED03546F7F7D3F9A36BD9
:1058E00000278BBB019B002B00F09A80002D5CD021
:1058F000F7F7EAF900F06AFBF7F7C4F994F84430D7
:10590000FF2B08BF84F8447094F84530FF2B08BF84
:1059100084F84570F7F7D8F901A902A800F092FDC4
:10592000002834D1F7F7AEF9A36B002B44D0F7F77A
:10593000CBF92046FFF7D8FC00F094FCF7F7A2F96A
:10594000A36B0125002BCDD02268013BA363002A65
:1059500000F082802369002B6DD1F7F7B5F90120A3
:1059600005B0F0BD4FF0500383F31188BFF36F8F84
:10597000BFF34F8FFEE7019B002B38D04FF0500351
:1059800083F31188BFF36F8FBFF34F8FFEE720467D
:10599000FFF7AAFC00F066FCF7F774F9A36B43B9B4
:1059A000F7F792F92EBB0020DAE702A800F03EFDDF
:1059B0009EE7F7F789F9C1E7F7F786F9236833B36C
:1059C000019904F1240000F0D3FC2046FFF78CFC81
:1059D00000F048FC0028B1D14FF0E0234FF0805296
:1059E000C3F8042DBFF34F8FBFF36F8FA6E72E468A
:1059F00073E7F7F747F9616A19B1236B1968C1F1C9
:105A00000701A06800F03CFEF7F75EF9CBE7F7F777
:105A100039F9A06800F08AFD0646F7F755F9CFE797
:105A2000002EF1D04FF0500383F31188BFF36F8F36
:105A3000BFF34F8FFEE704F1100000F0B3FC002825
:105A40008BD04FF0E0234FF08052C3F8042DBFF30A
:105A50004F8FBFF36F8F80E700F076FEA06079E78D
:105A60002DE9F84310B30E461746044691B1F7F7F7
:105A700025FAEFF311894FF0500383F31188BFF338
:105A80006F8FBFF34F8FA56BCDB9284689F311886F
:105A9000BDE8F883036C002BE9D04FF0500383F38B
:105AA0001188BFF36F8FBFF34F8FFEE74FF05003A6
:105AB00083F31188BFF36F8FBFF34F8FFEE794F826
:105AC0004480226C4FFA88F852B1E168A36811440F
:105AD0009942E16024BF2168E1603046ECF798FA12
:105AE000013DB8F1FF3FA56306D008F101035BB2A9
:105AF00084F844300120C9E72369002BFAD004F16F
:105B0000100000F04FFC0028F4D0002FF2D0012349
:105B10003B60EFE7F8B5214B214D1E682B6804462A
:105B2000181D0F46FFF790FB40B92B681D49DB6A33
:105B300001229A400B6823EA02030B60631C0FD01A
:105B40002B6834195C6010D2174B1868296804312F
:105B5000FFF762FB154B1A68A24200D91C60F8BD22
:105B6000A7B92B68721E5A603EB1114B186829689C
:105B7000BDE8F8400431FFF74FBB0B4B18682968AC
:105B80000431FFF749FB094B1B68F8BD2968094838
:105B9000BDE8F8400431FFF731BB00BF04A200208C
:105BA00008A3002000A2002050A20020E8A10020AD
:105BB0004CA200200CA2002080B5174D174F184EA4
:105BC000DFF860804FF0E02A4FF0805914E0F7F7DB
:105BD00059F8FB68DC68201DFFF736FB3368013B92
:105BE00033602B68013B2B60F7F76EF8206B01F0F8
:105BF0002BF9204601F028F92B68002BE7D1D8F8C3
:105C00000030012B05D9CAF8049DBFF34F8FBFF3B5
:105C10006F8F09F085FFEFE720A2002024A200206B
:105C200008A200207CA200202DE9F04796008046C3
:105C300030460D46994601F079F8002800F0818041
:105C40000746542001F072F80446002876D0076316
:105C500032463846A521EAF7FFFB236B043E1E447B
:105C600026F00706002D7FD005F1FF3C05F10F025D
:105C700004F133031CF8015F03F8015F0DB1944593
:105C8000F8D1002384F84330089D062D28BF06254F
:105C90004FF0000A271DE56265643846C4F848A045
:105CA000FFF7A8FAC5F1070504F11800FFF7A2FAFB
:105CB000C4F84CA0A56184F850A0246164624A46EF
:105CC00041463046F6F7B6FF099B206003B11C60E1
:105CD000F6F7D8FF384A394D1368013313602B6843
:105CE000002B38D0364EE06A336873B3DFF8F480A7
:105CF000344A3946344F3B6801333B60176801230F
:105D0000834000EB80003B4308EB80001360FFF70B
:105D100075FAF6F7D9FF336873B12A68E36AD26A75
:105D20009A4209D24FF0E0234FF08052C3F8042D7D
:105D3000BFF34F8FBFF36F8F012004E0384601F0AF
:105D400083F84FF0FF30BDE8F0872B68DB6A8342B1
:105D500098BF2C60CAE72C601368012B07D0E06A5B
:105D6000DFF88080164EC3E784F834508CE7DFF804
:105D70007480464608F18C0930461436FFF72EFA37
:105D8000B145F9D1DFF86090104E4846FFF726FA8A
:105D90003046FFF723FA0E48FFF720FA0D48FFF7C9
:105DA0001DFA0D48FFF71AFA0C4BE06AC3F8009091
:105DB0000B4B1E60024E9BE708A2002008A30020A8
:105DC000FCA1002000A20020ECA1002054A2002091
:105DD00038A2002024A200200CA2002050A2002003
:105DE0004CA200207CA2002068A2002070B50446CE
:105DF000354DF6F747FF002C4DD0261D3046FFF7F6
:105E000023FA38B9E26A314902EB82039B00CB588E
:105E1000002B2ED0A36A1BB104F11800FFF714FA6F
:105E20002B4A1368013313602B68A3422AD0294AF6
:105E3000206B1368013B136001F006F8204601F067
:105E400003F8254B1A68126872B11A68234BD2689E
:105E5000D26852681A60F6F737FF214B1B6813B1FE
:105E60002B68A34219D070BD1C4B4FF0FF321A6053
:105E7000F1E71C49012303FA02F20B6823EA02034B
:105E80000B60C7E718483146FFF7B8F9174A13689F
:105E900001331360DFE72C68AFE7154B1B6843B194
:105EA0004FF0500383F31188BFF36F8FBFF34F8F11
:105EB000FEE74FF0E0234FF08052C3F8042DBFF30C
:105EC0004F8FBFF36F8F70BD08A300207CA200200E
:105ED000ECA1002008A2002050A20020E8A1002090
:105EE000FCA1002000A2002024A2002020A200206B
:105EF000E0A1002010B50446F6F7C4FE24B1E46A20
:105F0000F6F7E2FE204610BD034B1C68E46AF6F784
:105F1000DBFE204610BD00BF08A3002010B50446DC
:105F2000F6F7CCFFEFF311834FF0500282F31188A4
:105F3000BFF36F8FBFF34F8F1CB1E06A83F31188FB
:105F400010BD034A1468E06A83F3118810BD00BFD6
:105F500008A3002030B5174B1749184883B0002418
:105F6000CDE9004380222346FFF75EFE01280CD0D6
:105F7000013001D003B030BD4FF0500383F31188DE
:105F8000BFF36F8FBFF34F8FFEE74FF0500383F3E4
:105F90001188BFF36F8FBFF34F8F0949094A0A4B2E
:105FA0004FF0FF350D6010601C6003B0BDE830405D
:105FB000F6F7FABEE4A1002038970308B95B0108A0
:105FC000E8A10020FCA1002004A20020024A1368DE
:105FD00001331360704700BFE0A10020014B186837
:105FE000704700BF04A200202DE9F04F4C4B1B6806
:105FF00083B0002B48D14B4B1D6801351D60002D2F
:1060000050D0494B0193019B1B68AB4257D8474E78
:10601000DFF830813368DFF830911C68002C72D0D3
:10602000434F002422E0FFF70FF9DBF828200BF1A3
:1060300018000AB1FFF708F9DBF82C003B680122D1
:10604000824000EB80001A43514608EB80003A6022
:10605000FFF7D4F8D9F80030DBF82C20DB6A9A423D
:1060600028BF012433681B68002B4CD03368DB68E1
:10607000D3F80CB0DBF804200BF1040A954250462B
:10608000D1D2019B1A601FE02A4A13680133002411
:106090001360294B1B68002B0CBF2046012003B066
:1060A000BDE8F08F214B1A681268CAB14FF0500357
:1060B00083F31188BFF36F8FBFF34F8FFEE7DFF8D5
:1060C0008480DFF884900024D9F80030DB6A03EB89
:1060D00083039B0058F80330022B28BF0124D8E724
:1060E000164A186811681960154910600A6801326B
:1060F0000A601A6812685AB90B4B01931A464FF09E
:10610000FF3313607FE7019A4FF0FF331360DBE743
:106110001B68054ADB680192DB685B68136072E705
:10612000E0A1002004A20020E8A1002050A200204D
:1061300000A20020F8A10020F4A100204CA2002021
:10614000F0A100207CA2002008A300202DE9F84F38
:10615000F6F798FD394B1A68013A1A601B68002B54
:106160005BD1374B1B68002B57D0DFF8ECA0DAF877
:106170000030002B5ED0334DDFF8E080324FDFF887
:10618000E0900126DAF80C30DC6804F1040B04F12D
:106190001800FFF759F85846FFF756F8E06A2A68E2
:1061A00006FA00F300EB80001343594608EB800029
:1061B0002B60FFF723F83B68E26ADB6A9A4228BF4C
:1061C000C9F80060DAF80030002BDBD11F4B1A68E9
:1061D000126842BB1E4B4FF0FF321A601D4E3468EE
:1061E00044B10125FFF700FF08B1C9F80050013C98
:1061F000F8D13460D9F800307BB14FF0E0234FF094
:106200008052C3F8042DBFF34F8FBFF36F8F01246B
:10621000F6F75AFD2046BDE8F88F0024F6F754FD46
:106220002046BDE8F88F1A68094BD268D2685268D8
:106230001A60D3E7DFF82890D0E700BFE0A1002084
:1062400008A2002000A2002008A3002050A20020E5
:10625000E8A10020F8A1002038A200207CA20020A4
:10626000F4A10020064B1B6843B94FF0500383F3A1
:106270001188BFF36F8FBFF34F8FFEE7FFF766BF45
:10628000E0A1002010B550B94FF0E0234FF080524C
:10629000C3F8042DBFF34F8FBFF36F8F10BD104CA9
:1062A000216841B14FF0500383F31188BFF36F8F22
:1062B000BFF34F8FFEE7236801332360FFF72AFC0B
:1062C000236843B94FF0500383F31188BFF36F8FF6
:1062D000BFF34F8FFEE7FFF739FF0028D4D010BD82
:1062E000E0A100201D4B1B681BB11D4B01221A6051
:1062F00070471B4A10B51B4C136022682368126854
:106300001B6B9A4223D9184B1B68B3FA83F3DBB299
:10631000C3F11F0303EB830314499A0001EB8303CA
:10632000885840B94FF0500383F31188BFF36F8F43
:10633000BFF34F8FFEE758680832406858600A4440
:10634000904204BF40685860C368236010BD206855
:106350002168343109F0D2FBD5E700BFE0A100206D
:10636000F4A1002008A3002000A200207CA20020AD
:1063700060B110B50A4B0C4619681831FEF74CFF96
:1063800020460121BDE81040FFF7C4BB4FF0500389
:1063900083F31188BFF36F8FBFF34F8FFEE700BF0A
:1063A00008A3002038B5C368DC6854B304F11805AD
:1063B0002846FEF749FF174B1B6873B1164829465C
:1063C000FEF71CFF154BE26A1B68DB6A9A4283BF2B
:1063D000134B01201860002038BD251D2846FEF70C
:1063E00033FF104AE06A29460123156883402B4396
:1063F00013600D4B00EB800003EB8000FEF7FEFE08
:10640000E0E74FF0500383F31188BFF36F8FBFF3C2
:106410004F8FFEE7E0A1002038A2002008A3002053
:10642000F4A1002000A200207CA20020034A044B1B
:1064300012681B68C0E90023704700BFF0A100206C
:1064400004A20020F8B508B30D46B1B10446F6F732
:1064500019FC2B681A4A581C11682CD0DFF864C04C
:10646000D4E90060DCF80070BE4218D0884216D82B
:106470000124F6F729FC2046F8BD4FF0500383F3C2
:106480001188BFF36F8FBFF34F8FFEE74FF05003BC
:1064900083F31188BFF36F8FBFF34F8FFEE7A1EB3C
:1064A000000E734509D95B1ADCF80010126803442A
:1064B0002B60C4E900120024DBE700232B60D7E740
:1064C00004A20020F0A10020014B01221A607047B5
:1064D000F4A1002078B1006B0378A52B11D10346FD
:1064E0009C4613F8012FA52AFAD0C0F101006044A0
:1064F000C0F38F007047044B1868006B0378A52B1E
:10650000EDD00020704700BF08A30020054B1B689A
:1065100033B1054B1868B0FA80F04009400070476D
:1065200001207047FCA10020E0A10020F8B504463E
:10653000C8B1244DC36A2A68D26A934214D28269D0
:10654000002A04DB2A68D26AC2F1070282611E4E69
:10655000626903EB830306EB83039A420CD02B683A
:10656000DB6AE3620120F8BD2B68406CDB6A98426D
:106570002CBF00200120F8BD271D3846FEF764FE21
:1065800070B9E16A114A01EB81039B00F35843B9EA
:10659000012303FA01F1136823EA0103136000E009
:1065A0000A4A2B68D86AE06201231468834000EB32
:1065B00080002343394606EB80001360FEF71EFE81
:1065C000D0E700BF08A300207CA2002000A200208A
:1065D00010B3F8B5274B1B688342044608D04FF030
:1065E000500383F31188BFF36F8FBFF34F8FFEE724
:1065F0009B6C43B1C16A426C013B9142836400D001
:1066000063B10020F8BD4FF0500383F31188BFF34E
:106610006F8FBFF34F8FFEE700207047061D304697
:10662000FEF712FEA8B11448144A636CE3623146C7
:1066300001251668C3F10707A76105FA03F403EB08
:10664000830300EB830034431460FEF7D7FD284634
:10665000F8BDE36A084803EB8302920082580AB14E
:10666000064AE2E7054A01259D40136823EA05032F
:106670001360DAE708A300207CA2002000A200201B
:1066800000283FD0836C70B504464BB1406CE26A81
:10669000814238BF01468A4201D0012B09D070BD2A
:1066A0004FF0500383F31188BFF36F8FBFF34F8F09
:1066B000FEE7224B1B68A34225D0A369E162002BB1
:1066C000A8BFC1F107011E4DA8BFA16102EB820264
:1066D000616905EB82039942E1D1261D3046FEF740
:1066E000B3FDE36AC0B10122164C9A4098001844E9
:1066F00023681343314605EB80002360BDE87040FA
:10670000FEF77CBD70474FF0500383F31188BFF351
:106710006F8FBFF34F8FFEE703EB830080000122F2
:106720002C589A4098000CB1064CE0E7054CD4F880
:1067300000C02CEA020CC4F800C0D8E708A300206F
:106740007CA2002000A20020044B1A681AB119682C
:106750008A6C01328A641868704700BF08A3002061
:106760002DE9F041204C1E46074688461546F6F7AF
:1067700089FA236893F85030022B09D02268D36C31
:1067800023EA0703D3642368012183F85010B6B9C4
:10679000F6F79AFAF6F776FA15B12368DB6C2B60F8
:1067A000236893F85030022B17D00025236800226D
:1067B00083F85020F6F788FA2846BDE8F081304685
:1067C000FFF7A8F94FF0E0234FF08052C3F8042DF3
:1067D000BFF34F8FBFF36F8FDAE72268D36C23EAE2
:1067E00008030125D364E1E708A30020F8B5F8B158
:1067F0001E460F4615460446F6F744FA0EB1E36C02
:10680000336094F850600223F6B284F85030042DBF
:1068100050D8DFE805F006161A050300022E36D020
:10682000E764012E15D00124F6F74EFA2046F8BD94
:106830004FF0500383F31188BFF36F8FBFF34F8F77
:10684000FEE7E36C3B43E364EBE7E36C0133E364B3
:10685000E7E7251D2846FEF7F7FC1C4AE06A2946B3
:10686000156806FA00F32B431360194B00EB800008
:1068700003EB8000FEF7C2FCA36A53B14FF0500354
:1068800083F31188BFF36F8FBFF34F8FFEE70024B0
:10689000CAE7104BE26A1B68DB6A9A42C3D94FF021
:1068A000E0234FF08052C3F8042DBFF34F8FBFF3A6
:1068B0006F8FB8E7E36C0133B3D04FF0500383F32D
:1068C0001188BFF36F8FBFF34F8FFEE700A2002048
:1068D0007CA2002008A3002058B32DE9F0410F4608
:1068E00015461E460446F6F7E9FAEFF311884FF015
:1068F000500383F31188BFF36F8FBFF34F8F0EB137
:10690000E36C336094F850600223F6B284F85030A0
:10691000042D56D8DFE805F006161A050300022EEE
:1069200023D0E764012E15D0012088F31188BDE83B
:10693000F0814FF0500383F31188BFF36F8FBFF3E3
:106940004F8FFEE7E36C3B43E364EBE7E36C01331B
:10695000E364E7E7A36A53B14FF0500383F3118870
:10696000BFF36F8FBFF34F8FFEE70020DDE71B4BB8
:106970001B6803BB251D2846FEF766FCE06A184B22
:10698000184A864000EB800002EB80001A68294616
:1069900016431E60FEF732FC134BE26A1B68DB6A8B
:1069A0009A42C1D9069B13B1069A012313600F4B7B
:1069B00001221A60B8E70E4804F11801FEF71EFC28
:1069C000EAE7E36C0133ADD04FF0500383F3118855
:1069D000BFF36F8FBFF34F8FFEE700BFE0A1002032
:1069E00000A200207CA2002008A30020F4A1002027
:1069F00038A2002008B5FFF7ADFA002008BD00BF9F
:106A000010B584460B46BCF81020DCF80010BCF929
:106A100008C0406884B0BCF1840F14BF0CF10304BB
:106A20000024009403AC0194FFF7FEF801280CBF8A
:106A30000398002004B010BD08B5EFF3058333B10F
:106A4000FFF76CFA062806D8033800B208BDFFF736
:106A500051FA0628F8D9842008BD00BF08B50128DE
:106A600038BF0120FFF70EFC002008BD00B5002351
:106A700085B0CDE90233EFF30583BBB102AB0093E0
:106A8000012203ABFFF728FF012815D1029B4BB170
:106A90004FF0E0234FF08052C3F8042DBFF34F8F27
:106AA000BFF36F8F039805B05DF804FB03AB0122C1
:106AB000FFF79CFE0128F5D04FF00040F3E700BF40
:106AC00030B585B0002304460293EFF3058048B14A
:106AD0008223019304AB13E9070084E807002046F2
:106AE00005B030BD1346154602AAFFF739FE01284E
:106AF00004D02B1E18BF01239B01EAE7029B002B49
:106B0000B4BF86230823E4E7012910B502D000248E
:106B1000204610BD084603220021FEF771FC044602
:106B20000028F5D000231A461946FEF78BFC2046B4
:106B300010BD00BF00B583B00023019310B3EFF385
:106B40000582AAB101AA1946FEF78AFF012815D1CC
:106B5000019B8BB14FF0E0234FF08052C3F8042D1E
:106B6000BFF34F8FBFF36F8F002003B05DF804FBBE
:106B7000FEF79CFE012801D10020F6E7FF2003B0BC
:106B80005DF804FB802003B05DF804FB00B583B022
:106B900000230193EFF30583A3B101A9FEF776FD6E
:106BA000012815D1019B4BB14FF0E0234FF08052EB
:106BB000C3F8042DBFF34F8FBFF36F8F002003B0D6
:106BC0005DF804FB1A461946FEF73CFC0128F5D097
:106BD000FF2003B05DF804FBD0E900010022FEF7BE
:106BE0000FBC00BF10B584B0002401910394EFF3F3
:106BF0000583ABB1234603AA01A9FEF7E5FC0128F2
:106C000016D1039B4BB14FF0E0234FF08052C3F8F5
:106C1000042DBFF34F8FBFF36F8F002004B010BD62
:106C2000012A38BF012201A9FEF70CFC0128F4D08B
:106C3000FF2004B010BD00BF30B50B4685B0002169
:106C4000CDE9021304468BB30091EFF3058199B9A6
:106C500002A918461546FEF76FFD012829D02A1E05
:106C600018BF01229201019204AB13E9070084E8E6
:106C70000700204605B030BD18466A4602A9FEF757
:106C8000EFFEA0F10100B0FA80F04009009B000186
:106C90000190002BE8D04FF0E0234FF08052C3F872
:106CA000042DBFF34F8FBFF36F8FDDE78023019378
:106CB000DAE710230193D7E708B5FFF727FC01288F
:106CC00000D108BDBDE80840F6F744B810B4154B34
:106CD0001A461B688342FBD35468416802EB040CDC
:106CE000604513D04418A34206D00360824218BF07
:106CF00010605DF8044B70470B4C2468A342F4D03D
:106D0000D3E90034214403604160EFE72144501887
:106D100083425160EDD1044800688342E9D01046B7
:106D2000EEE700BF1CA3002018A300202DE9F843C4
:106D30003E4E0446FFF74AF93368002B58D03C4BCF
:106D40001D682C422ED16CB304F1080160071CBFF2
:106D500021F00701083129B3DFF8E880D8F8007086
:106D60008F421FD33348046803E0236823B12046D1
:106D70001C4662688A42F8D33368A34212D0531A81
:106D80002668D0F800900660102B16D960184207CC
:106D90000ED04FF0500383F31188BFF36F8FBFF312
:106DA0004F8FFEE7FFF75EFA00263046BDE8F88316
:106DB00043606160FFF78AFF62681F4B1968BF1A62
:106DC0008F4238BF1F602A430023C4E9003209F113
:106DD0000806C8F80070FFF745FA7307E5D04FF0D2
:106DE000500383F31188BFF36F8FBFF34F8FFEE71C
:106DF000124B134A10490E4F5D0718BF07330D4D54
:106E000022F0070218BF23F007032B601846D31A9D
:106E10000B600C4932600B60002169604FF0004547
:106E2000C2E900113D60C0E900238AE718A30020F1
:106E30000CA300201CA3002010A3002000000010C1
:106E4000F8FF001014A30020D0B11A4A50F8043CF7
:106E5000126813420BD050F8081C91B14FF0500348
:106E600083F31188BFF36F8FBFF34F8FFEE74FF0AF
:106E7000500383F31188BFF36F8FBFF34F8FFEE78B
:106E8000704700B523EA020383B040F8043C019048
:106E9000FFF79CF8084A0198116850F8043C08383C
:106EA0000B441360FFF712FF03B05DF804EBFFF72C
:106EB000D9B900BF0CA3002014A30020014B18680F
:106EC000704700BF10A30020A0B1D0F8B83213B1B2
:106ED0000023C0F8B832D0F8CC3213B10023C0F888
:106EE000CC3209B1C0F8B412012380F89C32027090
:106EF000F7F714BE0320704730B583B00024ADF817
:106F0000064059B18B6AC0F8B81205460DF106006B
:106F10009847C5F8CC02204603B030BD032003B02B
:106F200030BD00BFF7F736BED0F8B8320BB11B68E2
:106F300018470320704700BF08B5D0F8B8320BB12E
:106F40005B689847002008BD38B5044600F2AA25C2
:106F5000284600F089FB94F8AA12B4F8B022C4F8CD
:106F600098220123C4F8943201F01F03012B0ED0A4
:106F7000022B06D08BB929462046BDE8384000F0E8
:106F8000F9B829462046BDE8384000F0CBBA29467A
:106F90002046BDE8384000F08FBA204601F080015D
:106FA000BDE83840F7F71CBE10B5044631B91346AA
:106FB000D0F89422032A0ED0002010BDD0F8B832A9
:106FC0009B6933B190F89C22032A02D1BDE810409E
:106FD0001847032010BDD0E9571291420DD8D0F8C0
:106FE000B8321B6923B190F89C22032A00D198473C
:106FF000204600F0A5FB0020DFE7891A8A4228BF5F
:107000000A46C0F85C11194600F092FBD4E700BFB5
:1070100070B5044669B91346D0F89422022A15D0F7
:1070200094F8A032012B02D1002384F8A032002072
:1070300070BDD0F8B8325B6933B190F89C22032A56
:1070400002D1BDE870401847032070BDD0E9072683
:10705000B2420D4610D81ED0D4F8B832DB681BB14E
:1070600094F89C22032A13D080212046F7F7B8FD1C
:10707000204600F071FBD3E7921BC261194600F075
:1070800041FB2B462A4629462046F7F7EDFDC7E788
:1070900020469847E8E783699A42DDD8D0F89822DD
:1070A0009342D9D20A4600F02DFBC4F89852E8E783
:1070B000D0F8BC320021012270B5044680F89C2231
:1070C000C0F894124160C0F8A4121BB1D0F8B832D5
:1070D0005B68984700224025114601264023204640
:1070E000F7F764FDA4F86461C4F860512B460022F0
:1070F00080212046F7F75AFD0020A684256270BD46
:1071000001740020704700BF90F89C2280F89D22F7
:10711000042380F89C320020704700BF90F89C3216
:10712000042B04BF90F89D3280F89C3200207047F9
:1071300090F89C22032A01D00020704708B5D0F8AF
:10714000B832DB6903B19847002008BD00207047C2
:107150000020704700207047D0F8B822012180F845
:107160009C122AB108B5526801799047002008BDE9
:107170000020704730B50B7803F06003202B83B0FC
:107180000D46044628D0402B26D05BB180212046F6
:10719000F7F726FD00212046F7F722FD00252846B7
:1071A00003B030BD4B78092BF0D801A252F823F080
:1071B00021720108497201088D7101086772010886
:1071C0008D7101086F720108A97201088D710108A3
:1071D000DD720108EB710108D4F8B8329B682946CA
:1071E000204603B0BDE8304018478978B14D0129E9
:1071F000297000F2318190F89C32022B00F013814B
:10720000032B00F0EE808021F7F7EAFC00212046F6
:10721000F7F7E6FC29782046FFF78EFE0325BEE748
:1072200090F89C32013B022BB0D8CA88022AADD11B
:10723000D0F8A4320146002B0CBF0123032341F8F0
:107240000C3F00F051FAA9E790F89C32013B022B69
:107250009CD84B88012BA1D10023C4F8A43220462E
:1072600000F06EFA9AE74B88012B97D1F5E78B88EF
:10727000002B8BD1CB88002B88D14B887F2B85D8D6
:1072800090F89C22032A81D0DDB280F89E522946D4
:10729000F7F7D2FC204600F053FA002D00F0FC80F6
:1072A000022384F89C3279E74A88130A0021013BC3
:1072B000ADF80610062B3FF669AF01A151F823F097
:1072C0008173010867730108557301088D71010806
:1072D0008D7101083F73010803730108CA88012AF0
:1072E0007FF454AF90F89C32022B00F2AE80002B5A
:1072F0003FF44CAF0146002341F8083F00F0F4F999
:107300004CE7037C002B7FF441AFD0F8B8320DF18D
:1073100006001B6B984707234370EB88002B9ED019
:10732000BDF80620002A3FF431AF9A4228BF1A4622
:1073300001462046ADF8062000F0D6F92EE7037C82
:10734000002B7FF423AFD0F8B8320DF106005B6B51
:107350009847E2E7D1B2052900F2A280DFE801F008
:107360003B352F231829027CD0F8B832002A40F090
:1073700085809B6A0DF10600984702234370CCE795
:10738000D0F8B432007C1B680DF106019847C4E7C1
:10739000D0F8B4325B69002B3FF4F8AE207C0DF1DD
:1073A00006019847B9E7D0F8B4321B69002BF5D134
:1073B000ECE6D0F8B4329B69002BEFD1E6E6D0F8CA
:1073C000B432DB68002BE9D1E0E6D0F8B4329B6838
:1073D000002BE3D1DAE6D0F8B4325B68002BDDD1C4
:1073E000D4E6002940D0416801293FF438AFC9B242
:1073F000FFF7A2FD297861602046FFF795FD05465D
:1074000000283FF42CAF80212046F7F7E9FB00214C
:107410002046F7F7E5FB21792046FFF78DFD022393
:1074200084F89C32BBE600293FF419AF012141608A
:10743000FFF77AFD054640B380212046F7F7D0FBE1
:1074400000212046F7F7CCFBA9E6032B7FF49EAE84
:10745000011D00F049F9A1E68021F7F7C1FB0021E9
:107460002046F7F7BDFBD9E6022380F89C32416045
:10747000FFF762FD204600F063F98FE6DB6A0DF14D
:10748000060098470223437047E7204600F058F96A
:10749000032384F89C3281E6012384F89C327DE644
:1074A000D0F8B8329B6B002B3FF470AE0DF10602A2
:1074B000984732E724A3002070B50B785A060D4692
:1074C00004460DD503F06002402A09D08021F7F769
:1074D00087FB00212046F7F783FB0026304670BD6E
:1074E00094F89C32013B022B12D82B79012B0FD838
:1074F000D4F8B83229469B6820469847EB88064660
:10750000002BEBD10028E9D1204600F019F9E5E77E
:1075100080212046F7F764FB00212046F7F760FB47
:10752000DBE700BF70B50B788A8803F06003202B7F
:107530000C4605463AD0402B38D04BB18021284626
:10754000F7F74EFB00212846F7F74AFB002070BDF5
:107550006378012BD1B242D0032B2FD0002BEDD179
:1075600090F89C32022B58D0032BE7D101F00F0387
:1075700003EB8303120600EB83035DD4B3F864319D
:10758000002BDBD0142404FB010404F5AA740029A9
:107590005FD02846F7F73CFB002860D0012323602A
:1075A00002222146284600F09FF8CFE7D5F8B832EE
:1075B000214628469B68BDE87040184790F89C32E9
:1075C000022B21D0032BB9D1638823B94A0602D0FC
:1075D000E388002B45D0284600F0B2F8B6E790F8D3
:1075E0009C32022B10D0032BA8D16388002BADD185
:1075F0004E0631D1284600F0A3F8D5F8B83221461E
:107600009B6828469847A1E74B0697D0F7F7E8FA1A
:1076100080212846F7F7E4FA98E748068ED111064C
:107620004CBF05F1140105F5AA7100230B6002227D
:10763000284600F059F889E79B8C002B3FF47EAF79
:1076400001F07F04013404EB8404802900EB8404FE
:107650009FD100232360A3E7F7F7CEFACAE72060A3
:107660009EE7F7F7BDFAB6E70B7803704B784370E7
:107670004B8843808B888380CB88C380704700BF52
:1076800010B580210446F7F7ABFA20460021BDE88B
:107690001040F7F7A5BA00BF08B370B503780E46DF
:1076A00014460546E3B10130E8F76AFE431CDBB23D
:1076B00001335B00DAB223800323327073702C78BD
:1076C00064B12846022300215A1CD2B2F454B154AA
:1076D00010F8014F0233DBB2002CF5D170BD7047BA
:1076E00002221346E7E700BF08B513460A46022107
:1076F000C0E90633C0F894120021F7F7A9FA002078
:1077000008BD00BF08B513460A460021F7F7A0FAE6
:10771000002008BD08B513460A460321C0E95633C8
:10772000C0F894120021F7F79FFA002008BD00BFAF
:1077300008B513460A460021F7F796FA002008BD5F
:1077400008B504220023C0F8942219461A46F7F718
:107750007FFA002008BD00BF08B505220023C0F84D
:10776000942219461A46F7F77FFA002008BD00BF99
:10777000D0F8C03283B110B5D0F8BC4294F84000C4
:10778000FF2807D09B6894F8412021469847FF23A3
:1077900084F84030002010BD002070476A23038029
:1077A00000487047B00B00200A2303800048704750
:1077B000580C0020012970B5D0F8BC6204460D4673
:1077C00015D0032911D1683629462046F7F758FA13
:1077D000D4F8BC32706043B1D4F8C0322A46DB68BA
:1077E000311D00209847002070BD032070BD503629
:1077F000EAE700BF38B5D0F8BC52D0F8C4427DB338
:1078000001EB810200EB82028C4693694BB1C1EB24
:10781000C10E04EB8E04246CB3FBF4FE04FB1E3398
:107820003BB1BCF1010F09D0BCF1030F0FD0002018
:1078300038BD93611A46F7F70BFAF8E7094B0022B7
:10784000186885F84C200321FFF7CCF9EFE7054BCA
:107850000022186885F864200421FFF7C3F9E6E7E1
:10786000032038BDBCE6002070B582B00B78D0F89C
:10787000BC6200228DF80520ADF8062013F06002EE
:107880000C4605461AD0202A06D028462146FFF786
:10789000F7FE032002B070BDCA8891F801C05AB348
:1078A0001B064AD5D5F8C03231469B6860469847DA
:1078B000E28831462846FFF717FF22E04B780B2B72
:1078C000E3D801A252F823F00979010803790108ED
:1078D0008B7801088B7801088B7801088B78010878
:1078E0008B7801088B7801088B7801088B78010868
:1078F000277901081D790108D0F8C03260469B68DD
:107900009847002002B070BD90F89C32032BBCD188
:1079100002220DF10601FFF7E7FEF2E790F89C3234
:10792000032BEED0B1E790F89C32032BADD10122AE
:107930000DF10501FFF7D8FEE3E786F840C086F8B1
:1079400041203146FFF7E6FEDBE700BF38B50446CD
:1079500000258121F7F738F9012125872046F7F71F
:1079600033F98221A4F878512046F7F72DF98321C5
:10797000E5642046F7F728F90321A4F86050204673
:10798000F7F722F9D4F8BC32A4F8A0514BB1D4F8DF
:10799000C0325B689847D4F8BC02EAF731FBC4F800
:1079A000BC52002038BD00BF70B504467420EAF711
:1079B0001FFB0546C4F8BC02C8B3012640230222BF
:1079C00081212046F7F7F2F831464023268702222C
:1079D0002046F7F7EBF81022A4F84E204023A4F835
:1079E0007861022283212046F7F7E0F84023022243
:1079F000A4F8606003212046F7F7D8F8032282211B
:107A00000823A4F8A0612046F7F7D0F8D4F8C032D4
:107A1000A4F84C601B689847002385F84C3085F823
:107A2000583085F8643085F87030184670BD0220F3
:107A300070BD00BF6A23038000487047B00B002070
:107A40006A23038000487047B00B002019B1C0F8CA
:107A5000C012002070470320704700BF38B5D0F82F
:107A6000BC426CB1812B9C460DD0832B08D194F87D
:107A700064305C3403F0FF0563B10125284638BD4E
:107A80000325284638BD94F84C30443403F0FF05F4
:107A9000002BF2D113460A4661464FF0010C84F8E0
:107AA00008C0F7F7D5F8284638BD00BF10B5D0F8A4
:107AB000BC423CB18C46194613466246F7F7D4F8EF
:107AC000002010BD032010BDF0B5044685B00F4660
:107AD0001D4602B1106094F828301BBB02AE95E839
:107AE000030004F1200383E8030097E8030004F196
:107AF000180282E803006068022284F828200268E5
:107B000004F10F031568236103930D4B04F10C027C
:107B1000CDE9003402926B46314604F10802A847D1
:107B200005B0F0BD03238DF808302B683A68039246
:107B300002AE002BD3D096E8060068689847CEE7DF
:107B4000698101082DE9F04788B002AC84E806009D
:107B5000DDF840A08846914605460E4603B1186000
:107B600095F82830002B76D106ACA9EB08077F2FBB
:107B70000CD9DAF80030CDF81C8003228DF81820DB
:107B800023B194E80600DAF8040098479AE8030065
:107B900005F1200383E80300FAB2AA232B736A736A
:107BA00005F10C030820E8214FFA81FC4900BCF1E3
:107BB000000F00F1FF30C9B2B8BF81F0370110F0FB
:107BC000FF00F1D14A40082150B25200002801F1D3
:107BD000FF31D2B2B8BF82F0370211F0FF01F3D10A
:107BE000C5E90689AA73002F46D0474441F23732CF
:107BF00043F6655096F800C00821013682EA0C224F
:107C00000FFA82FC5200BCF1000F01F1FF3192B279
:107C1000B8BF424011F0FF01F2D1BE42EAD1110AD1
:107C2000D2B26868E9732A74026806931668144A27
:107C3000049205F10F0304AA022185F82810079386
:107C40006B61009294E80600059505F10803B047C2
:107C500008B0BDE8F087DAF80030CDF81C800322C8
:107C60008DF8182006AC002B3FF47FAF94E8060097
:107C7000DAF80400984778E737221321D1E700BFEC
:107C8000017F01084268816870B414680123646848
:107C900080F828302848844242D1506891680568AD
:107CA00082F828306D68A54237D14268816814682F
:107CB00080F828306468AC4232D150689168056819
:107CC00082F828306D68A54227D14268816814681F
:107CD00080F828306468AC4222D150689168056809
:107CE00082F828306D68A54217D14268816814680F
:107CF00080F828306668AE4216D1546891682068D2
:107D000082F828304268B24212D1D4E901010268F7
:107D100084F8283070BC536818472B4670BC18474D
:107D20002346104670BC18473346104670BC1847AF
:107D3000204670BC104700BF857C010842688168FE
:107D400070B414680123646880F82830284884429D
:107D500042D150689168056882F828306D68A54264
:107D600037D142688168146880F828306468AC4272
:107D700032D150689168056882F828306D68A54254
:107D800027D142688168146880F828306468AC4262
:107D900022D150689168056882F828306D68A54244
:107DA00017D142688168146880F828306668AE424E
:107DB00016D154689168206882F828304268B2422F
:107DC00012D1D4E90101026884F8283070BC5368EC
:107DD00018472B4670BC18472346104670BC1847FE
:107DE0003346104670BC1847204670BC104700BF91
:107DF0003D7D010870B5034688B002A880E8060002
:107E000093F828209DF80810039C012A2BD0D9B99B
:107E10005D69AC4235D3022A5CD0032A42D0042AE1
:107E20001FD1D3E90724586A83F82810C3E9081141
:107E30008DF818100792A4B108AB13E90600234689
:107E400008B0BDE8704018471C6A9D69586A8DF8F3
:107E500018100022C3E9082283F828200795002C77
:107E6000EAD108B070BD1C6A9D69586A8DF8182067
:107E70000021C3E9081183F828100795002CDBD1F5
:107E8000EFE75868026816681C4A049204AA009238
:107E90000694079508AA059312E906000833B0472F
:107EA00008B070BD5868016803F111020C685A618E
:107EB000042183F8281003F10F0507920F49069556
:107EC00004AA009208AACDE9041312E906000833B7
:107ED000A047C6E75868DD690168084A5D61032468
:107EE00083F828400C68069206A9009103F1180255
:107EF000079306CA0833A04708B070BD017F010888
:107F000000B585B0EC468CE8060086469CE8030088
:107F100002AB83E8050093E80600704605B05DF803
:107F200004EBFFF767BF00BFF0B587B06B4683E88F
:107F3000060090F828109DF800300129044600F052
:107F40008380002B5DD1036993426ED8022900F033
:107F50009F80032900F08680042973D1D0E9055061
:107F6000002D00F0DA8000EB050C074641F23733B4
:107F700043F6655617F8012B83EA0223082219B24B
:107F80005B00002902F1FF329BB2B8BF734012F0D0
:107F9000FF02F4D1BC45EDD1227B43F6655683EA5E
:107FA0000223082219B25B00002902F1FF329BB2C2
:107FB000B8BF734012F0FF02F4D1627B43F66556FE
:107FC00083EA0223082219B25B00002902F1FF3282
:107FD0009BB2B8BF734012F0FF02F4D1002B40F007
:107FE0009F80266A84F8283005448DF81030606A36
:107FF0000595C4E908332EB306AB13E906003346F2
:108000000FE0056A81698DF81030002280F8282081
:108010000591406AC4E90822A5B106AB13E9060040
:108020002B4607B0BDE8F0401847406801680D686E
:1080300004924C4A0593CDE9022402AB04F10802F4
:1080400004A9A84707B0F0BD056A82698DF8101031
:10805000002380F828300592406AC4E90833002DD7
:10806000DBD1EFE74068016804F10E0304220D68DC
:10807000236184F8282005933A4B04F10802CDE9E6
:1080800002340C3402AB049404A9A84707B0F0BD35
:10809000037BAA2B20D190F90D30457B002B36DBDA
:1080A00000F10C06304604F10F07422310F8012BB3
:1080B0005340082259B25B00002902F1FF32DBB2C3
:1080C000B8BF83F0370312F0FF02F3D1B842EDD10D
:1080D00083B31546032105E00D4600F10C0601218E
:1080E00000F10F0731442A463046E8F733FD606857
:1080F00003682E441D681B4B02960397CDE9043498
:1081000004F1080204AB02A9A84707B0F0BD01259D
:1081100000F10C0600F10F07E4E741F237333BE7CB
:108120006068016804F10F0302220D6884F82820BA
:108130002361A0E7D4E906320320D21A954284F8DD
:108140002800606828BF1546AA4294BF991859199B
:10815000026865611D442561156802930391014B16
:10816000CCE700BF6981010800B585B0EC468CE81A
:10817000060086469CE8030002AB83E8050093E80E
:108180000600704605B05DF804EBFFF7CDBE00BFFA
:1081900038B5D0E9002400230D469E460CB1944228
:1081A0003CD912F801CB02600CFA03FC0833202BF7
:1081B0004EEA0C0EF2D1BEF1FF3F1CD0184B1B68EB
:1081C000734501D8012038BDD5E90004A3EB0E03A7
:1081D000241A9C42134928BF1C4622467144E9F7E1
:1081E00017FFD5E90032D21AA24294BF9B181B197F
:1081F0002B600120E7E70C4B69681C682B680022A4
:1082000024FA02F0083209B1994207D918702B6894
:10821000202A03F101032B60F2D1D3E7002038BDFF
:10822000A8C90308ACC90308B0E9002030B4D0F8ED
:108230000C4103460A4644B3406883F814110268AF
:108240001F4B55689D4230D1436819684C6881685E
:108250000122AC4280F828202DD158689968056821
:1082600083F828206D68A54220D1436881681C6886
:1082700080F828206468AC421DD1D3E9010104686C
:1082800083F82820636830BC18470139D0F81851AA
:10829000D0F81C01C9B20129C3E9464498BF0322A2
:1082A0003DB119462B4630BC184721462B4630BC01
:1082B000184730BC70471846234630BC184700BFEB
:1082C000857C01082DE9F0478CB002AB83E80600FD
:1082D0009DF80810039B02292DD001292BD049BB02
:1082E00000220446944600F18C06002B3DD09E42AD
:1082F00026D200F18D018B4290F88C5020D909785C
:1083000045EA0125C9091BD104F18E01581A052837
:1083100030D82068514B026815680A9604F58672B9
:10832000CDE908340B9208AB06AA0AA9A8470CB0FD
:10833000BDE8F08703210CB0BDE8F047FFF776BF3A
:1083400004F5867908AF0DF1180A0AAD20683B469E
:108350002946424F056852462D68CDE90A69CDE9A4
:108360000874A8470CB0BDE8F08790F88C5000F175
:108370008D01C4E7002B4BD08B420AD904F18F0149
:108380008B4294F88E0004D90A7804F1900140EAF7
:1083900002220FFA82F8B8F1000FC2F30E0030DBB0
:1083A00060BB012213F801EC13F8027C47EA0E27A8
:1083B000BA42AED18B4204D94A1C93424CD931F80F
:1083C00002CBA2680491023A9445A3F102036746E6
:1083D000059388BF97B204F10E030DF1180A0693B6
:1083E00052463B4404A9079310F04CFEB8F1000F2D
:1083F00004F5867911DB08AF0AADA7E7184A1288A1
:10840000D0E7D4F80C71002FCAD0C4F81031A9E716
:1084100094F88E0004F18F01B6E722466FEA4545D5
:10842000DDE906136FEA554522F80C5F5B1A6068B8
:108430000C490568C3F102033B441344D5F800809E
:10844000CDE90A2308AF00970AADCDE908144B46E1
:1084500095E80600C04779E71146B2E7698401084C
:10846000B4E900209184010800B585B0EC468CE8A1
:10847000060086469CE8030002AB83E8050093E80B
:108480000600704605B05DF804EBFFF71BBF00BFA8
:1084900030B484B06C4684E8060090F814410022A1
:1084A0000346C0F80C2174B9D0F81021B2B1039280
:1084B0008DF8084004AA12E90600C0F8104104B083
:1084C00030BCFFF7FFBED0F81851D0F81C01611E78
:1084D0000129C3E9462298BF032415B904B030BC72
:1084E0007047194622462B4604B030BC184700BFDF
:1084F000034603C903F58C7210B582E803001A46DF
:1085000086B052F88C0B046824680492054A03F57F
:108510008671CDE90223059102AB01AA04A9A04707
:1085200006B010BD6984010810B40346EFF3108152
:1085300072B60A4A106860B1094C24680344A34229
:1085400094BF13604FF0FF3081F310885DF8044B47
:108550007047044800681060EEE700BF28A30020C1
:10856000640C0020680C0020F5EEC00ADFED677A8D
:10857000F1EE10FA60EEA77AB5EEC00A4CDBF1EE30
:1085800010FA2BDBB4EEE70AF1EE10FA7AD570EEB2
:10859000276AB7EE007A77EEC07A37EE667AB6EEE3
:1085A000006A37EE677A27EE067A77EE277A77EE5B
:1085B000A66AF5EEC07AF1EE10FA06DBB7EE006AB5
:1085C000F4EEC67AF1EE10FA45D900230370C0ED3F
:1085D000016A80ED027AC0ED037A7047B1EE677AE6
:1085E000B4EEC70AF1EE10FAD1D59FED496AB7EEA5
:1085F000007AA0EEC67AB1EE400A30EE670AF6EED7
:10860000007A37EE407A27EE277AF0EE476AE0EEFE
:10861000866A76EE807ACCE7F1EE10FA5CDBB1EE9A
:10862000677AB4EEC70AF1EE10FA40D5B1EE407A9F
:1086300037EE677AF7EE006A30EE670A76EEC76AC1
:10864000F6EE007A76EEC06A66EEA76A76EE877A74
:1086500037EE807AADE7B5EEC07AF1EE10FAB4DB12
:10866000B4EEC67AF1EE10FAAFD8F5EEC06AF1EECC
:1086700010FAAADBF4EEC66AF1EE10FA94BF0123F9
:108680000023A3E730EE670AF7EE007A9FED206A39
:1086900077EEC07AB6EE007AE0EEC67A67EE877AB9
:1086A00037EE807AF0EE476AE0EE866A81E79FED6A
:1086B000196AB7EE007AA0EEC67A30EE270AF6EE17
:1086C000007A37EE407A67EE277A77EE806AB0EE6E
:1086D000667AA0EE867A6CE7B4EEE70AF1EE10FA5D
:1086E000A4D577EEC07AF7EE006A9FED0A6A76EEBF
:1086F000E76AB6EE007AE0EEC66A66EE876AB0EE2A
:10870000667AA0EE867A77EE277A52E73ACD133F63
:108710003ACD933F3ACD93BFF0EEC07AF0EEE06AE7
:10872000F4EEE76AF1EE10FA9FED2E6AB0EE407AB1
:108730002BDC3FD577EE867ADFED2B4A9FED2B5A67
:10874000DFED2B5A86EEA76ADFED2A7A66EE066A1F
:10875000A6EEA45AE6EE855A66EEA56AA6EE266A4D
:1087600037EEC60AF5EEC00AF1EE10FA48BFDFEDAB
:10877000227AB5EEC07A48BF37EEC00AF1EE10FAA1
:1087800000D47047B1EE400A704776EE866ADFED9E
:10879000165A9FED166A87EEA60ADFED156A60EE9F
:1087A000007AA7EEA56AE6EE276A67EEA67AA0EE43
:1087B000270AD7E736EE866A9FED0B5ADFED0B5A94
:1087C000C6EE867ADFED0A6A27EEA76AE6EE055A5C
:1087D000E5EE866A66EE866AE6EEA77AB0EE670A8E
:1087E000C0E700BF0000800016733EBD4423233E57
:1087F0002CBEA7BEDB0FC93FDB0F49402DE9F84374
:108800000F4D8046F7F738F96F6A0446F7F734F9E9
:108810008442F7D14FF47A79094E09FB0477F7F7D0
:108820002BF9756A0446F7F727F98442F7D1ED1B57
:1088300009FB0455454501D200BFF0E7BDE8F883C8
:1088400000200040DFED1F7AB5EEC00A60EE277A07
:10885000F1EE10FABDEEE77A04D517EE103A013BBF
:1088600007EE103AB8EEC77ADFED176A77EEC77AEF
:1088700067EEA67ABCEEE77A17EE103A9BB2B3F534
:10888000007F1AD207EE103AB8EE477A591C77EEFD
:10889000C77A0E4AB7EE000A02EB830302EB8102AD
:1088A00030EE670AD3ED006A92ED007A20EE260AD8
:1088B00067EE877A30EE270A704777EEE67A012175
:1088C0000023E6E783F9223E0000004450BF04087D
:1088D0009FED217A20EE070AF5EE007A30EE270AA6
:1088E000B5EEC00AF1EE10FAFDEEC07A04D517EE2F
:1088F000903A013B07EE903AF8EEE77ADFED176A1F
:1089000070EE677A67EEA67ABCEEE77A17EE103A59
:108910009BB2B3F5007F1AD207EE103AB8EE477A51
:10892000591C77EEC77A0E4AB7EE000A02EB8303B2
:1089300002EB810230EE670AD3ED006A92ED007A15
:1089400020EE260A67EE877A30EE270A704777EE28
:10895000E67A01210023E6E783F9223E0000004485
:1089600050BF0408B4EE400AF1EE10FA6CBF0120CB
:108970000020704710B4EFF3108172B60D4A0E4814
:10898000D2F85841D2F808240023C4F8C030C2F805
:10899000C0300A4B1B680022DA634FF0010C41F231
:1089A000010280F800C01A6481F310885DF8044B5E
:1089B000704700BF7010002055A300201C930020BA
:1089C0000F4A38B51178EFF3108072B60D4B0024C2
:1089D0001B68147041F20102DC631A6480F3108892
:1089E00061B1094D2146D5F8580101F0DDFFD5F8F8
:1089F00008042146BDE8384001F0D6BF38BD00BFAD
:108A000055A300201C93002070100020F8B5384CAE
:108A1000384DD4F85801002101F0C6FFD4F80804FD
:108A2000002101F0C1FF002240F2D66055F822304B
:108A30001B6858639863D863196A41F00101196291
:108A4000196A41F004011962196A41F010011962B2
:108A5000196A41F040011962196A41F48071196282
:108A6000196A6C3241F48061D82A1962DED1224A37
:108A7000224B1268196893682148224D43F0010384
:108A800093608B68026843F001038B60936843F046
:108A9000010393600220FDF7E1FFF4F765FE2B6808
:108AA000002741F20106DF6308211E642846FAF719
:108AB00073FE0C212846FAF76FFE134B93F8A8318A
:108AC00003B9F8BDEFF3108172B6D4F808042B682F
:108AD000D4F858510022C5F8C020C0F8C0200B4A75
:108AE000DF63012010701E6481F31088F8BD00BFA1
:108AF00070100020D08C0020909B0020489B00200C
:108B0000009B00201C93002090E3002055A3002030
:108B100070B51949194D1A4AAA624FF480300023E2
:108B20000126C5E9001084B010222846AB602E61F2
:108B3000AE612B62EB62EB60EA612E636E61F6F769
:108B4000B3FF90B904460296009469460134284662
:108B50000194F7F71FF940B9102CF5D109490748DE
:108B60002246F7F74BF804B070BD074B012283F89B
:108B7000CC2204B070BD00BF00200140909B0020BB
:108B80000100000F2CA3002090E3002082B002AB74
:108B900003E903006649BDF80430884212D06549F4
:108BA000884206D0644988425AD04FF6FF7002B01E
:108BB0007047012B52D0022B4FF6FF7008BF0920DF
:108BC00002B07047202B00F29180002BEDD0013BCA
:108BD0001F2BEAD801A252F823F000BF118D010823
:108BE0000D8D0108AB8B0108098D0108AB8B0108C5
:108BF000AB8B0108AB8B0108058D0108AB8B01081D
:108C0000AB8B0108AB8B0108AB8B0108AB8B010868
:108C1000AB8B0108AB8B0108018D0108AB8B010800
:108C2000AB8B0108AB8B0108AB8B0108AB8B010848
:108C3000AB8B0108AB8B0108AB8B0108AB8B010838
:108C4000AB8B0108AB8B0108AB8B0108AB8B010828
:108C5000AB8B0108AB8B0108FD8C01080820A6E74F
:108C6000013B1F2BA1D801A252F823F0258D01084A
:108C7000298D0108AB8B0108218D0108AB8B010800
:108C8000AB8B0108AB8B01081D8D0108AB8B010874
:108C9000AB8B0108AB8B0108AB8B0108AB8B0108D8
:108CA000AB8B0108AB8B0108198D0108AB8B010858
:108CB000AB8B0108AB8B0108AB8B0108AB8B0108B8
:108CC000AB8B0108AB8B0108AB8B0108AB8B0108A8
:108CD000AB8B0108AB8B0108AB8B0108AB8B010898
:108CE000AB8B0108AB8B0108158D0108402B1DD003
:108CF000802B4FF6FF7008BF072058E7052056E786
:108D0000042054E7032052E7022050E701204EE7F9
:108D100000204CE70F204AE70E2048E70D2046E7E9
:108D20000C2044E70A2042E70B2040E706203EE7FC
:108D300000000240000402400008024000B583B079
:108D40006B4683E8030093E80300FFF71FFF0F283B
:108D500009D8074B33F8103000EE103ABBEECA0AC0
:108D600003B05DF804FBBFEE000A03B05DF804FB3E
:108D70002CA3002000B585B06A4682E8030092E883
:108D8000030002AB83E80300FFF700FF0F280DD8B4
:108D9000094BDFED0A7A33F8103000EE103ABBEEE3
:108DA000CA0A20EE270A05B05DF804FB9FED040A0D
:108DB00005B05DF804FB00BF2CA300203333534003
:108DC000333353C02DE9F0412DED028B214EDFF8F6
:108DD0009880DFED218A9FED218A82B06F46204C7A
:108DE000204D04E00835B54204F10C042AD0206877
:108DF0000BF086FE0028F5D0AB882A680092ADF80B
:108E0000043097E80300FFF7C1FE0F281ED838F89A
:108E1000103007EE903AF8EE677A67EEA87A67EEC0
:108E2000887A87EE887A206808350C3414ED020AB7
:108E300054ED017A77EEC07AA7EE870A0BF074FE44
:108E4000B542D4D10A20FDF709FEC8E7BFEE007A8B
:108E5000E9E700BF70100020000080393333534031
:108E60008CE50020E80F00202CA300200F2807D855
:108E7000054B33F8103000EE103ABBEECA0A7047CB
:108E8000BFEE000A704700BF2CA3002007EE900A37
:108E90009FED047A044BF8EE677A67EE877AC3EDAC
:108EA000007A70473333113C6C0C002038B56F4B9F
:108EB000D3F8582192F89C102DED048B002952D044
:108EC00092ED308ADFED6A7A38EE278AD3F80834DB
:108ED00093F89C201AB1D3ED307A38EE278A654D8D
:108EE00005F5804494F8A831002B3FD0D4ED699A61
:108EF000F5EEC09AF1EE10FA40F39B8094ED687A9B
:108F00005D4BF1EE487A77EEC77A93ED009A94F8CC
:108F1000B43167EEA97AC7EE898A43B194ED6E7ACF
:108F2000D4ED6F7AB4EEE77AF1EE10FA71D4B0EEC8
:108F3000680AFFF717FD002840F09080DFED4F7AB8
:108F4000F4EEE78AF1EE10FA5DDAF5EEC08AF1EEA2
:108F500010FA48BFDFED468A29EE289A89EE297A71
:108F600038EE078A06E09FED428AAFE7DFED408AE0
:108F7000B0EE687A424BD5ED115AD3ED007AD4EDBC
:108F8000706A404A38EE676AF4EEC86AE5EE867A9F
:108F9000F1EE10FA82ED007AC3ED007A51D4D4EDEF
:108FA000717AF4EEC87AF1EE10FA24DCF7EE007A6A
:108FB00077EEE87AB0EE677ABEEECA7A17EE104A1C
:108FC000A4F1280525EAE575631B272B41D9EFF3AA
:108FD000108272B62C4B1B7843B12C4B1B680021BE
:108FE000D96341F201011964DD631C6482F31088C6
:108FF000BDEC048B38BDBDEC048B1E48BDE8384089
:10900000082106F03BBE224B0122F0EE678A1A705F
:10901000A2E779EE476A77EEC77A86EEA77AB5EED1
:10902000C07AF1EE10FA48BF9FED117A78EE878A88
:109030007DE7BDEC048B28468021BDE8384006F072
:109040001DBEBDEC048B0B48BDE83840102106F076
:1090500015BE0848202106F011FEB8E7BDEC048BD0
:109060000448BDE83840402106F008BE70100020DA
:109070000000000090A300206C0C00203333733FED
:1090800058A3002050A3002055A300201C930020CB
:1090900054A3002010B5094C0FCC86B00DF1040C80
:1090A000ACE80F002368CCF80030002101A8FDF7E0
:1090B000A7FC034B186006B010BD00BFE08F03088B
:1090C0004CA30020D0ED067AF5EEC07AF1EE10FA4E
:1090D0000AD49FED0D7AF4EEC77AF1EE10FA07DDAF
:1090E0000A4BC0F8A83270470023C0F8A832704776
:1090F0009FED077A67EE877AFCEEE77A17EE903AF3
:10910000C0F8A832704700BF300E034900B6F7FF21
:109110000000FA4503680B400360704703680B4387
:109120000360704790F84C32BBB1D0F86422D0E9AC
:1091300094312AB11269B0F868C21CEA020F0DD14D
:10914000013B41F1FF31D0F8002102F540524FF0D0
:10915000010CC0E9943182F83CC97047013341F1F8
:109160000001F0E7836810B5044613B103220146FD
:109170009847204610BD00BFC04370470000000064
:109180002DE9F04F044641606381AB49AB4B23604E
:109190000C9BBDF9240022818946A08103F5405A29
:1091A0000F46B9E80F00DFEDA67A9FEDA61AC4EDD1
:1091B000067A002504F1240EC4E904552577C4F885
:1091C0001E50AEE80F0099E8070040F2011B8EE840
:1091D000070084ED0E1AA4F83DB00FCF04F1400C47
:1091E000ACE80F0099E807004FF001038CE8070096
:1091F00084F8583064220A23C4E92023924BC4F82F
:10920000B030DFED921A0C9B9FED912A9FED913AC1
:10921000DFED913ADFED914A9FED915ADFED915AE2
:10922000C4F80031F2EE042A8F4B9FED907AC4ED22
:10923000131AB3EE044AC4E9225584ED142AC4ED8E
:10924000172A84ED183AC4ED193A84ED1A4AC4ED90
:109250001B4A84ED1C5AA4F8745084F87650A56714
:1092600084F87C50C4ED2D5AC4F804310A9BC4F82C
:10927000AC3002260B9BC4F8FC30C4E92455C4E989
:109280002655C4E92855C4F8A850C4ED2E7A84F8B0
:10929000BC50C4ED307A84F8C450C4ED327AC4EDC9
:1092A000337A84F8D05084F8D450C4F8D850C4ED40
:1092B000377AC4ED387AC4F8E460C4ED3A7AC4F879
:1092C000EC60C4ED3C7AC4F8F460C4ED3E7A84ED01
:1092D000427A84ED437A84ED447AC4ED457AC4ED54
:1092E000467A0D9BC4F858310E9BC4F85C310F9B35
:1092F000C4F86031109BC4F864319FED4D6B119B35
:10930000C4ED477AC4E95A3504F26D284FF400637E
:10931000C4E94956C4E95C55C4E95E55C4E96055E1
:10932000C4ED487AC4ED4B7AC4ED4C7AC4F834618C
:10933000C4ED4E7AC4ED4F7AC4F84061C4ED517A61
:10934000C4F84861C4ED537AC4ED557AC4F850614D
:10935000C4E96255C4E96455C4E96655C4E9685571
:10936000C4E96A55C4E96C55C4E96E55C4E9705541
:10937000C4E97255C4E97455C4E97655C4E9785511
:10938000C4E97A55C4E97C55C4E97E55C4E98055E1
:10939000C4E98255C4F84032C4E9845584ED946B25
:1093A000C4E98755C4E98955C4E98B55C4E98D558D
:1093B000C4E99655C4E9A055C4E9A255C4F81852A9
:1093C00084F86C62C4F83C5284F84452C4F84852A1
:1093D00084F84C52A4F86052C4F86452A4F868525D
:1093E000C4F86D52C4F87152A4F87552C4F878826A
:1093F00084F87C52C4E9A4550A9BC4F8A852C4E975
:10940000A655C4E9A8551C630B9B1C600D9BCAF8AC
:10941000D848C3F884400E9B1C600F9B1C61109BB6
:109420001C61119B2046DC60BDE8F08FAFF300802B
:109430000000000000000000F48F030868B5030876
:109440000000000063141D4408B9030800004843ED
:109450000000C843CDCCCC3EDB0F49400000204289
:109460000000C842C74B6B41A0BA03080000807FD0
:109470003E4BDFED3F3A9FED3F4ADFED3F4ADFEDE8
:109480003F5A9FED3F6A9FED3F7ADFED3F7A2DE92E
:10949000F04F00249E469A4600238446C0E90444C7
:1094A0000477836100F1240700F14005BEE80F0056
:1094B0008FB0E946A9E80F009EE8070089E8070099
:1094C000BAE80F000DF11C0B5E46ABE80F009EE8FA
:1094D000070040F201138BE80700E846ADF81930A9
:1094E0004FF001038DF83430B8E80F00CDED053AA8
:1094F0000FC798E807008DED0A4A87E807000FCEEE
:10950000CDED0B4A0FC596E807000A2385E8070052
:109510006421CCE92013DCF80820DCF80430CCED21
:10952000185AB2EE045AF3EE046ACCE92244CCE9AC
:109530002444CCE92644CCE928448CED175A8CED20
:10954000196ACCED1A6A8CED1B7ACCED1C7AACF85A
:1095500074408CF876408CF87C40CCF8A840CCF86D
:109560001E20CCF878300FB0BDE8F08FF48F0308E0
:1095700063141D44000048430000C843CDCCCC3EDA
:10958000DB0F4940000020420000C84210B5D0F86F
:1095900040320D4986B004460C480022CDE9010155
:1095A0009B08CDF80E20ADF812202146A289059324
:1095B00001A8ADF80C20FDF723FA0123C4F83C0202
:1095C00084F8443206B010BD99A4010898B203088B
:1095D00000B585B068464FF0FF320121FDF770FA03
:1095E00068464FF0FF320121FDF76AFA68464FF0F6
:1095F000FF320121FDF764FA012005B05DF804FB9C
:1096000010B4C28B124C102A94BF04EBC202224643
:10961000034692E8030083B06A4682E80300198C8F
:10962000C3F85C021029908888BF0949A3F860023A
:1096300098BF04EBC10103C982E803009288C3F814
:109640006402A3F8682203B05DF8044B704700BFC2
:10965000E80F002010B50446C0F8A800FFF7D0FFBF
:109660002368134A1B68934214D1D4ED067AF5EEB1
:10967000C07AF1EE10FA0BD49FED0E7AF4EEC77AB1
:10968000F1EE10FA0ADD0C4BC4F8A832012010BD2F
:109690000023F9E720469847012010BD9FED077A87
:1096A00067EE877AFCEEE77A17EE903AECE700BFB8
:1096B000C5900108300E034900B6F7FF0000FA45D7
:1096C00038B504460D46D0F8580101F06DFAD4F8CB
:1096D0005801294601F0A2FED4F860319A7AAAB165
:1096E0001A7D5B7D934211D082B1D4F878321B7819
:1096F0000B2B0BD04FF4805104F51270FFF70EFDC9
:10970000D4F84802B0FA80F0400938BDD4F864318A
:109710009A7A002AF4D01A7D5B7D9342F0D0002A19
:10972000EED0D4F878321B780B2BE9D04FF40051EF
:1097300004F51270FFF7F2FCE2E700BF08B5037F03
:109740002BB1D0F8A82222B1013AC0F8A8220120FA
:1097500008BD4FF4006100F51270FFF7DFFC104602
:1097600008BD00BF2DE9F0432DED048B044687B002
:109770000D4691461E46EFF3108072B691ED007AC9
:1097800091ED016AD4F85831CA68C4F81021C7EEC7
:10979000066A93F838200021C4F82811C4F834115F
:1097A000C4F84011C4F848112969C4F81411022AF8
:1097B0004FF00001C4F854114FF00001DFED877A3B
:1097C000C4ED426AC4ED436A0ABFF0EE476AF0EEA8
:1097D000676AB0EE677AC4ED4B7AC4ED4C7AC4ED9B
:1097E0004E7AC4ED4F7AC4ED517AC4ED537A84EDCC
:1097F000467AC4ED476AC4F8501193F8EC10023A67
:1098000018BF012202291CBF022183F8EC1093F833
:10981000F81083F8E02002291CBF022183F8F81019
:1098200093F8001104F594720229C3F8E42004F5BA
:109830009A72C3F8F02018BF022104F5A07218BF75
:1098400083F80011C3F8FC2094F8BC10C4F8B820C9
:1098500002291CBF022184F8BC1093F88811022948
:109860001CBF022183F8881193F80811022904F51E
:10987000A4721CBF022183F80811C3F88421C3F825
:10988000042194F8C430C4F8C020022B1CBF02236A
:1098900084F8C43080F310884FF0FF32012168460D
:1098A000FDF70EF94FF0FF3201216846FDF708F988
:1098B00068464FF0FF320121FDF702F9D4F8580154
:1098C00000F1C80101F02EF895ED047A94F86C329D
:1098D000B5EEC07AF7EE008AFFEE007AF1EE10FAEC
:1098E000B8BFF0EE678A002B74D19FED3D9A984681
:1098F00028E0B4EEE77AF1EE10FA02DB6A7E002A85
:1099000054D1D4F8AC2092F88E2012B1AA7E002A4D
:109910004CD1B3687BB1B4EEC98AF1EE10FA94BFB2
:1099200001220022F3688DF817200DF1170130464F
:10993000984700284ED00120FDF790F894F86C323B
:10994000002B47D1D4F8583193F89C70002F43D0A6
:10995000D5ED047A94ED538A94ED557A38EE678A02
:10996000D5ED057AB0EEC88AB4EEC98AF1EE10FAE8
:1099700028EE877A68EEA77ABBD82A7EB2B9B4EE11
:10998000E77AF1EE10FA01DB6A7E7AB9D4F8AC001E
:1099900090F88E20002AB9D1B8F1000F01D0B84656
:1099A000B7E7012102F0C2F9B846B2E7B9F1000FFA
:1099B00009D10021184600F0F7FF384607B0BDEC8A
:1099C000048BBDE8F0834F46384607B0BDEC048BEE
:1099D000BDE8F083D4F858310027EAE70000000022
:1099E00000000034F0B5C57D89B00446002D40F07C
:1099F0000081EFF310873E4672B6D0F8000100F503
:109A0000405393F8C028012A00F25181C44993F8C9
:109A1000F0C84FF42C7707FB0217BCF1020FD7F800
:109A2000AC7007F1E007C3F8EC7893F8007918BF41
:109A30004FF0020C00F1400018BF83F8F0C8C3F8E3
:109A4000FC08012F4FF42C7018BF012700FB0210F7
:109A500018BF83F80079D0F8AC0093F8E878D030DC
:109A6000022FC3F8E4084FF42C7018BF022700FB44
:109A7000021118BF83F8E878D1F8AC2093F8F818F1
:109A8000D8320229C3F8F42802D0022283F8F82839
:109A9000D4F8000103F0AEFDD4F80021D4F8583119
:109AA00002F54051012081F83C0901F60C10002715
:109AB000076093F8800102F56552022802F108025E
:109AC0001CBF022083F88001C3F87C21002D40F0E8
:109AD0008980D4F8AC20D2ED177AF8EEE77A93F8C3
:109AE000380093F8EC70C3ED637A821E18BF012230
:109AF000022F1CBF022783F8EC7093F8F87083F8EC
:109B0000E020022F03F5CE72C3F8E42018BF02272D
:109B100003F5C87218BF83F8F870C3F8F020002D61
:109B200063D0D4F8FC20283294F8BC70C4F8B82074
:109B3000022F1CBF022784F8BC7093F80071032821
:109B400008BF04F1F402022F1CBF022783F8007142
:109B5000C3F8FC20002D41D0D4F8FC20303294F81A
:109B6000C470C4F8C020022F1CBF022784F8C47040
:109B7000032893F8880108BF04F1EC0202281CBFF7
:109B8000022083F8880193F80801C3F88421022891
:109B90001CBF022083F80801C3F804219DB1D3ED56
:109BA000087A9FED607AD4ED146AF8EEE77A01F650
:109BB000181367EE877A01F6081186EEA77A83ED0F
:109BC000007A81ED007A86F31088D4F8583193F842
:109BD0009C30002B52D0012009B0F0BDD4F8AC204D
:109BE000A432BCE7F7EE007A79E7D4F8AC209C32D7
:109BF0009AE70023CDE90433CDE90633012204AB13
:109C000000F14001FFF7AEFD069B06461BB104A91B
:109C1000032208469847002E76D0EFF3108672B6DE
:109C2000D4F8003103F5405393F8E82893F8F81876
:109C3000022A1CBF022283F8E8280022C3F8E42885
:109C400093F8F028022A1CBF022283F8F028002291
:109C5000C3F8EC2893F80029022A1CBF022283F8DB
:109C600000290022C3F8FC28D4F8FC20022902F1C4
:109C70003802C3F8F4287FF408AF09E768464FF0CC
:109C8000FF320121FCF71CFF68464FF0FF32012133
:109C9000FCF716FF68464FF0FF320121FCF710FF7A
:109CA000D4F8580100F1C80100F03CFE93E793F8A6
:109CB000F028022A1CBF022283F8F0280022C3F8F1
:109CC000EC2893F8E828022A1CBF022283F8E8282F
:109CD0000022C3F8E42893F80029022A1CBF0222BC
:109CE00083F800290022C3F8FC2893F8F828022AF8
:109CF0001CBF022283F8F8280022C3F8F4281021A0
:109D000003F0B0FB87F31088002009B0F0BD04A871
:109D1000FFF728FA1EF004F886F310881EF000F80A
:109D200070100020DB0FC94030B5044683B0FFF748
:109D300059FE637D04F51775002B3AD0254B00942E
:109D400000220121284607F0A1F900283CD0012378
:109D500084F84C3207E0D4F8583193F89C30012055
:109D60002BB1FCF77BFE94F86C32002BF3D0637DB3
:109D7000C3B1A37DB3B1174B009400220121284643
:109D800007F084F9D8B1012384F84C32D4F8580193
:109D9000002100F009FED4F84802B0FA80F0400932
:109DA00003B030BD002384F84C32284607F038FA5F
:109DB000ECE784F84C32284607F032FAD3E7064B3A
:109DC000012283F8CC22DEE7034B012283F8CC2268
:109DD000BDE700BF2591010890E300202DE9F04187
:109DE000D0F860319B7A2DED028B044653B94FF4C5
:109DF000003100F51270FFF791F9BDEC028B0020E5
:109E0000BDE8F081D0F8002140F2022102F5405374
:109E1000118303F61411D2ED147A002501220D608E
:109E200083F83C2903F6181203F61C13F1EE677A47
:109E30000027C2ED007A4FF480501D6084F87C72D8
:109E4000FFF79AF904F5127601463046FFF762F9FA
:109E50002046FFF7C7FD94F86C32ABB1D4F8580137
:109E6000394600F0A1FDD4F8003103F564539D613B
:109E7000C3E7D4F86021157D7DB9FCF7EFFD94F8B8
:109E80006C32002B40F09880D4F8583193F89C1035
:109E900001200029EDD1184691E00021184600F07C
:109EA00083FDD4F8008108F5645300279F614FF4C7
:109EB0008050FFF761F901463046FFF72BF9D4F8DF
:109EC000AC3093ED358A40F20353A8F818302046A1
:109ED000FFF788FDD4F86011D4F80031D1ED007A95
:109EE00003F5405377EE887A03F61412C2ED007A38
:109EF00003F6041282ED008A03F6081201211760AE
:109F000094F86C22A3F83C1972B16CE0D4F80031DB
:109F100003F5405393F83D59002D59D1FCF79EFDB0
:109F200094F86C32002B58D1D4F8582192F89C1038
:109F300001200029EAD1104600F036FD002D3FF443
:109F40005CAFD4F8AC00036800211B689847D4F8D4
:109F50000031616803F5405393F8C0288A4210D05D
:109F6000012A0ED8234B4FF42C7101FB0233002140
:109F7000D3F8AC0003681B689847D4F8003103F5A8
:109F8000405303F6141100220A6003F60411012560
:109F90000A6003F6081128460A6083F83C59FCF76A
:109FA0005DFDBDEC028BD4F8480284F87C52B0FA17
:109FB00080F04009BDE8F081D4F85801294600F04E
:109FC000F3FCD4F8003103F5645300229A6114E7DE
:109FD0000021104600F0E8FCB3E7D4F85801294608
:109FE00000F0E2FC09E7D4F85801002100F0DCFCA5
:109FF000A7E700BF7010002010B5D0F85831044614
:10A0000082B0D868F3F778F8D4F86831C4F8580209
:10A010001A68184613689847637D03B3A37DF3B1AC
:10A02000154B00940022012104F5177007F02EF85B
:10A03000E8B1012384F84C3206E0D4F8580100F06E
:10A0400013FD0120FCF70AFD94F86C32002BF4D0CC
:10A05000D4F84802B0FA80F0400902B010BD0023E5
:10A0600084F84C3204F5177007F0DAF8ECE7034B8C
:10A07000012283F8CC22DCE72591010890E300203F
:10A080002DE9F0432DED028BAE4DDFEDAF8A9FED54
:10A09000AF8A85B0044600F15C0694F86C32CBB10F
:10A0A000022B00F05781032B00F08681012284F8F7
:10A0B0006E2284F86D3202222244002382F86D322F
:10A0C000012084F86C32FFF757F8014604F512704E
:10A0D000FFF720F8D4F878321B78013B0C2B12D80C
:10A0E000DFE813F0FC0011001100F600110021015F
:10A0F000E900BF009E000A019100850022004FF494
:10A10000007101F0A9FD012104F51270FFF706F8B6
:10A110000022D4F87832C4F86D22C4F87122A4F871
:10A12000752201221A70B8E7D4F8583193F89E309E
:10A13000002BE8D0D4F8AC0090F86530002BDED0CE
:10A1400001F06EFF0746002FE2D004F26D2704F203
:10A150006E21B94200F0CC80C91B04F2772E092988
:10A16000AEEB070E00F04881AEEB010C614522DA40
:10A17000012900F05F81BCF1000F07EB01030DDD49
:10A180007A1E03EB0C0912F8010F93F8008082F895
:10A19000008003F8010B4B45F5D167449EFBF1F3BA
:10A1A00001FB13E3002B00F0A3808E46C91AAEEB2F
:10A1B000010C6145DCDBBCF1010F07EB0E0200F086
:10A1C0002781002907EB010340F3BA8013F8011D32
:10A1D00012F8010D18709F421170F7D19EFBFCF12F
:10A1E0000CFB11E1002900F08380E646BCE7D4F8BF
:10A1F000583193F89E30002B85D0D4F8AC0001F094
:10A2000083FE07469FE7D4F800312046B3F8188054
:10A21000FFF7E4FDD4F800310746A3F8188092E771
:10A22000D4F8583193F89E30002B3FF46CAFD4F83B
:10A23000AC30DB6D002B3FF466AF00226B4631463D
:10A240002046CDE90022CDE90222FFF78BFA029BDE
:10A250000746002B3FF477AF0322694668469847CC
:10A2600071E7D4F8583193F89E30002B3FF44BAF90
:10A27000D4F8AC30DB6D1BB9E37D002B3FF443AF6A
:10A2800023681B68AB4240F0EE80D4ED067AF5EE11
:10A29000C07AF1EE10FA00F1E480F4EEE87AF1EE23
:10A2A00010FA40F3E3802A4BC4F8A8322046FFF7A7
:10A2B0003BFD074647E7D4F8583193F89E30002B12
:10A2C0003FF421AFD4F8AC0001F092FF07463AE723
:10A2D000D4F8580100F00EFE074634E72046FFF799
:10A2E0008BFE04F26D2704F26E21B9427FF434AF85
:10A2F000002384F87632D0E6D4F8583193F89E30B3
:10A30000002B3FF400AFD4F8AC0001F0ADFD002805
:10A310003FF4FEAED4F85831D4F8AC0093F83810BE
:10A3200001F054FC11E7D4F8583193F89E30002B1B
:10A330003FF4E9AED4F8AC0001F05CFD074602E75B
:10A340001F464BE7C5900108300E03490000FA454F
:10A3500000B6F7FF217C00294BD0042284F86D223F
:10A360001A460123617C51B1D4F8AC1091F8581011
:10A3700029B1E1180620134681F86D020132A17C53
:10A3800029B1E1180720134681F86D020132217DC1
:10A3900029B1E1180B20134681F86D020132E17CEE
:10A3A00029B1E1180820134681F86D0201322344D7
:10A3B000012183F86D127FE6D4F8AC108A8E042058
:10A3C000012A84F86D0247D00223012291F8581027
:10A3D00029B1A11806201A4681F86D020133A01890
:10A3E00023440727012180F86D72023283F86D1231
:10A3F00062E601220B46B5E794F86D3294F86E22BE
:10A4000084F86E32002384F86D2284F8763244E6B4
:10A410000EF1FF3EBEF1010F17F80E802DDD7246E2
:10A420003946781CE6F796FB002387F8008084F80D
:10A43000763232E639460EF1FF38B8F1010F11F8E5
:10A44000019B1FDD42463846E6F784FB002307F8F0
:10A45000089084F8763220E60C2284F86E220222DC
:10A46000B4E7002320E7204698471FE767EE887A85
:10A47000FCEEE77A17EE903A16E704BF3B7802F855
:10A48000013CD1E704BF7B783B70DFE76846FEF70D
:10A4900069FE1DF045FC00BF08B5FFF7F1FD00BFE8
:10A4A0004068704790F824300022826113B1002385
:10A4B00080F82430704700BF82B010B483B00DF133
:10A4C000080C9DF81C4005930CE906000246002C80
:10A4D00047D090ED077A9FED2F4A90ED025ADDEDBF
:10A4E000065ADDED056AD0ED014A90ED056AD0ED22
:10A4F000067A25EE045A75EEC75A36EE666A64EEA1
:10A50000844AA5EE257AE4EE867AB0EE476A80EDBD
:10A51000076AB0EEE77A92ED036AC2ED067AB4EE0E
:10A52000C76AF1EE10FAC2ED046A29D49DF804302E
:10A53000F3B1DDED006A9FED187A66EE876AB7EE3B
:10A54000006A86EE267A01230020002182F824305A
:10A5500067EE277AC2ED087A03B05DF8044B02B0CB
:10A5600070479FED0E7AF0EE477AF0EE476AD2E739
:10A570004FF00040002103B05DF8044B02B070477B
:10A58000074B93610120002103B05DF8044B02B03A
:10A59000704700BF6F120339ABAA2A3F00000000CA
:10A5A0000000C07F00230372704700BF82B010B468
:10A5B00083B00DF1080C9DF81C4005930CE90600D2
:10A5C000089A44B3037ADDED057A63B90123026189
:10A5D0000372C0ED057A82610021002003B05DF8AE
:10A5E000044B02B0704790ED017A90ED056AB5EE2C
:10A5F000C07A37EEC66A90ED077AFFEE006AF7EE92
:10A60000005AF1EE10FAB8BFF0EE656AA6EE267AAF
:10A6100080ED077ADDE74FF08040002103B05DF860
:10A62000044B02B0704700BF10B5034B03600446F3
:10A630001DF03EFC204610BDF8B5030810B5054BD3
:10A64000036004461DF034FC204608211DF0EAF9A1
:10A65000204610BDF8B5030813499FED147AD1EDDB
:10A66000007A117A67EE877AF7EE006A86EEA77AAB
:10A67000D0ED017AF1EE677AC0ED017A67EE277AC4
:10A6800051B10021C2ED007A516000210122196010
:10A690001A7100200021704700200121C2ED007ACC
:10A6A00050601172F1E700BF6C0C0020ABAA2A3F8A
:10A6B00010B5D0E9004114431943C0E9004110BD71
:10A6C00003680B430360704790F8241011B9002011
:10A6D00004217047117AD0F820C081B10021C2F85E
:10A6E00000C05160D0ED087A90ED047A67EE877A69
:10A6F00001221A71C3ED007A002000217047002169
:10A7000051600121C2F800C01172EBE710B5044698
:10A7100008201DF05DFA0349034AC0E9001403490B
:10A720001DF03CFFF8B5030829A6010884B503080D
:10A73000094B0A4A5B6A10B45B0014789BB25A1A40
:10A7400014B1C0E900138260C3685DF8044B934202
:10A7500038BF1346C3607047001C0040AC91002016
:10A76000DFED657A9FED656ADFED656A016087EE72
:10A77000A77AF0B5634F4763634F8764634FC7643D
:10A78000634F0765634F47650725634F069E027158
:10A79000F0EE005A0021614A0562C360079D076719
:10A7A0004FF0FF4E059FC0ED0A5A4FF07E5C5C4BA8
:10A7B0000761F2EE005A80ED020A01774262C0EDB5
:10A7C0000B7AC0ED0C7A80F83810C2638265C265DE
:10A7D00080F860104266A0F86C1046618561C0F890
:10A7E00044E0C0F868C0C0ED105A80ED1E6AC0EDAC
:10A7F0001F6A9FED3F6BC0F8C83027EE277A2033E1
:10A800000227C0F8CC300123C0E92111C0F874E060
:10A81000C0F8DCC0C0F88C10C0ED267AA0F89C10FF
:10A8200080F89E1080F8AC10C0ED2C7AC0ED2D7A27
:10A83000C0ED2E7AC0ED2F7AC0ED307AC0ED317ABE
:10A8400080F8E010C0ED397AC0ED3A7A80F8EC106B
:10A85000C0ED3C7AC0ED3D7A80F8F810C0ED3F7A4B
:10A8600080F80011C0ED417A80F8081180F81011CD
:10A8700080F81C1180ED246B80F8281180F83011CD
:10A8800080F8381180F8441180F85011C0ED577AE3
:10A89000C0ED587AC0ED597AC0ED5A7AC0ED5B7AB6
:10A8A000C0ED5F7A80F8801180F88811C0ED617A80
:10A8B000C0F89071C0F89C71C0F87021306280F8C7
:10A8C000D830C0ED5D7AC0ED5E7AC0ED637AC0ED40
:10A8D000657AC0ED667AC0ED687AC0ED697AC0F835
:10A8E0008000C0ED347A80ED357A2862F0BD00BF7B
:10A8F000000000000000000000000000CDCCCC3DB6
:10A90000CDCC4C3E0AD7233D0000704200007A4473
:10A910000000C8420000F042000080FF000020411B
:10A9200050BA0308D0F8843070B50446D3F86801F3
:10A9300003685B680D469847EFF3108672B6D4F84B
:10A940008430C4F8A851D3F8000102F077FDD4F8A0
:10A950008430D4F8A8010022C3F8DC2010B10368C9
:10A960001B6898470E4B93F8A83113B10D4B1B7819
:10A970003BB140F20113A4F89C3086F3108801200B
:10A9800070BD4FF40002002304F19000FFF790FE29
:10A9900086F31088012070BD86F310881DF0C0F981
:10A9A00090E3002055A3002038B50C46EFF3108C3F
:10A9B00072B60021036890F89C50A0F89C101B68A8
:10A9C0005A6C22F480425A645A6C22F400425A644F
:10A9D000C0F8A8118CF310881DB904B125700120AE
:10A9E00038BDFEF763FAF8E7D0ED0B7A90ED0C6A0C
:10A9F000D0ED136A90F8D83086EE277A67EEA67A03
:10AA000027EE277A23B1C0ED347A80ED357A70478E
:10AA10000123C0ED347A80ED357A80F8D830704764
:10AA2000D0ED0B7A90ED0C6AD0ED136A90F8D83027
:10AA3000027FC0F8800086EE277A80F89E2067EEBD
:10AA4000A67A27EE277A2BB1C0ED347A80ED357ADD
:10AA5000012070470123C0ED347A80ED357A80F80B
:10AA6000D8300120704700BF10B52DED028B044691
:10AA700082B0406900F0B2FEA06900F0AFFEDFEDE9
:10AA8000147A94ED028A94ED120AE06828EE278A7F
:10AA900001A988EE000AF2F765FAA0B1E068DDEDE1
:10AAA000017AF7EE006A86EEA77ADFED0A7A84ED86
:10AAB000317A27EE088A68EE277A84ED5D8AC4ED44
:10AAC0005E7AF2F76BFB02B0BDEC028B10BD00BFEB
:10AAD0001F859B3FCDCCCC3D10B504469030FFF791
:10AAE000E7FDD4F884009FED167A402100F512703E
:10AAF000FFF7E6FD134BD3EDB77AF8EE677A67EE12
:10AB0000877AC4ED267AEFF3108C72B600212368A1
:10AB100094F89C00A4F89C101B685A6C22F48042A4
:10AB20005A645A6C22F400425A64C4F8A8118CF397
:10AB3000108800B910BDBDE81040FEF7B7B900BFDE
:10AB40006F12033990E30020F8B505460C4616460F
:10AB5000EFF3108772B6124B93F8A83113B1114B73
:10AB60001B7893B12B6822881B685A6362889A63AA
:10AB7000A288DA6336B995F89C201AB15A6C42F46F
:10AB800080425A6487F31088F8BD4FF40002002316
:10AB9000FFF7A2FFE6E787F310881DF0C1F800BFBA
:10ABA00090E3002055A30020D0F8843090ED0F0AE8
:10ABB000D3F8583110B593F83820022A2DED028BC6
:10ABC000044629D093ED5D8AB4EEC80AF1EE10FA7E
:10ABD000D8BFB0EE408AA06903689B689847606957
:10ABE0000368B4EE480AF1EE10FAF0EE407A9B6882
:10ABF00094ED0F0A48BFB0EE678A9847B4EE408ADA
:10AC0000F1EE10FAC8BFB0EE408AB0EE480A84ED0B
:10AC10005C8ABDEC028B10BD074BDFED087A93ED2B
:10AC2000008A28EE278AB4EEC80AF1EE10FAD8BFDF
:10AC3000B0EE408ACFE700BF6C0C00207CD8103FFC
:10AC400090F83830D0ED0D7A90ED5C7A032B67EEFA
:10AC5000877A0ED0F5EEC07AF1EE10FA14D490EDAA
:10AC6000110AB4EEE70AF1EE10FA58BFB0EE670A27
:10AC70007047D0F8843093ED377A67EE877AF5EE37
:10AC8000C07AF1EE10FAEAD5DFED017AE7E700BF0E
:10AC900000000000A2F5BA7C40F617539C4510B5A1
:10ACA000044617D8A2F5006307EE903A9FED0F7A9D
:10ACB000D1ED316AF8EEE77A012367EE877A91EDFC
:10ACC000027A037167EEA67A67EE877AC0ED007AA2
:10ACD000204610BD01F190004FF480620023FFF781
:10ACE000E7FC00232371204610BD00BF3333533AE5
:10ACF00030B52DED028B8BB03C493D4A02910023CB
:10AD00003C490993CDE906330892049301224FF0A0
:10AD10007E5300916946B0EE408A054601938DF856
:10AD200024208DED050ACDED030A40F6B834FFF777
:10AD3000F9FD08E0D3F8583193F89C3053B1FBF794
:10AD40008DFE013C06D0D5F8843093F86C220120AA
:10AD5000002AEFD095F89C40EFF3108C72B60021DA
:10AD60002B6895F89C00A5F89C101B685A6C22F47F
:10AD700080425A645A6C22F400425A64C5F8A81101
:10AD80008CF3108838BB9DED067ADDED057A87EEF1
:10AD9000270A85ED0C0AFDF7E5FDF8B9DDED078A18
:10ADA000B0EE680AFDF7DEFD50B9F0EEE88A88EEF5
:10ADB000887ADFED117AB4EEE77AF1EE10FA05DD6C
:10ADC000002208232846FFF787FE002420460BB008
:10ADD000BDEC028B30BDFEF769F8D4E701220023F9
:10ADE0002846FFF779FE0024D8E700BF0000A04204
:10ADF0000000C07F0CB60308CDCC4C3E30B589B006
:10AE00003749384C059100230022694600940546D5
:10AE10008DF8083003920493069307928DED010A92
:10AE200040F2E244FFF77EFD08E0D3F8583193F892
:10AE30009C3053B1FBF712FE013C06D0D5F88430AC
:10AE400093F86C220120002AEFD095F89C40EFF394
:10AE5000108C72B600212B6895F89C00A5F89C1008
:10AE60001B685A6C22F480425A645A6C22F40042E5
:10AE70005A64C5F8A8118CF3108870BB069B049A1D
:10AE8000DFED196ADDED075A9B1A07EE903AF8EEEE
:10AE9000677A87EEA67ADDED017ADFED146A85EE3A
:10AEA000876AF0EEE77A87EE867AB4EEE67AF1EE1C
:10AEB00010FA85ED0B7A06DBDFED0D7AB4EEE77A5A
:10AEC000F1EE10FA06D90222002305F19000FFF7F7
:10AED000EFFB0024204609B030BDFDF7E7FFCDE7CA
:10AEE0000000C07F28B60308A037204DBD370636C6
:10AEF0006F12833B10B590F838302DED028B04466D
:10AF000090ED0A8AE3B1032B1AD0022B20D1D4EDA5
:10AF10000B7A94ED0C6AD4ED136A94F8D83086EE6F
:10AF2000277A67EEA67A27EE277AEBB1C4ED347A5A
:10AF300084ED357ABDEC028B012084F89E0010BDB3
:10AF400094ED090AF0EE480A2046FFF7D1FE18B941
:10AF5000BDEC028B002010BDB0EE480A2046FFF782
:10AF60004DFF0028D3D1F3E70123C4ED347A84EDFB
:10AF7000357A84F8D830DDE782B02DE9F041044617
:10AF80008748D4ED1F7A456AD4F884608AB0B1EE60
:10AF90000E7A10A880E80C0067EE877AD4F8883023
:10AFA00094ED2F7A94F89D200133B4EEE77A6D008A
:10AFB000C4F88830F1EE10FA02F1FF330F46ADB25B
:10AFC00094F8AC10DBB2C0F2A18094ED2C7AD4EDF1
:10AFD0005E7AF0EEC76AF4EEE67AF1EE10FA40F32C
:10AFE0009580D4ED2D6AB0EEE66AF4EEC67AF1EE05
:10AFF00010FA40F38B8094ED2E5AB0EEC56AF4EE51
:10B00000C67AF1EE10FA40F38180012B40F29D8068
:10B010009DF84C30002B7BD0DDED105A9DED116A70
:10B02000DDED127A75EEC75A77EEC57A36EE667A9E
:10B03000002900F0A480C4ED285A84ED297AC4EDDB
:10B040002A7A584804F040FE94F8AC30002B65D0C2
:10B05000D4ED297A94ED287AD4ED2A6AD4ED105AE9
:10B060009FED516A67EEA77AE7EE077A94ED5C7A76
:10B07000E6EEA67A37EE257A67EE867A27EE077A2D
:10B08000B4EEE77AF1EE10FA6BD4D4F8A8C1BCF1B3
:10B09000000F23D0454B1B680493DCF80030D3F835
:10B0A000048094F8AC3001228DF81420002B40D19C
:10B0B0008DF8243003970AAA12E907008DE80700EB
:10B0C00004AF97E80600069B6046C0470B4650EA6F
:10B0D000030103D002462046FFF7FEFC304B344A02
:10B0E0005B6A11785B009BB25A1B19B1C6E98753A2
:10B0F000C6F82422D6F82832934238BF1346C6F841
:10B1000028320AB0BDE8F04102B07047012B1CD9CB
:10B11000002996D0002384F8AC3092E794F89C3054
:10B12000002BB2D04FF0804200232046FFF7D4FC22
:10B13000ABE7D4F8A0300693D4F8A4300793D4F842
:10B14000A8308DF824200893B4E70023C4F8A03079
:10B15000C4F8A430C4F8A83051B1013284F89D205D
:10B160006FE74FF4805200232046FFF7B5FC8CE7D1
:10B170000123013284F8AC3084F89D2061E701237B
:10B18000C4ED285A84ED297AC4ED2A7A84F8AC30CB
:10B1900057E7294606F50770FFF7CAFA1CF0C0FD0D
:10B1A000001C004090A30020ABAA2A3F6C0C00209A
:10B1B000AC91002082B030B430499DF81450496AF7
:10B1C00002AC490084E80C00D0F884408AB2002D1B
:10B1D00048D09FED2B3A90ED1F7AD0ED2C5A90ED90
:10B1E0002D6AD0ED2E6A9DED024ADDED034A9DEDFC
:10B1F000045AC3EE077AF7EE003AF4EE637A34EEBF
:10B20000654A74EEC64A35EE665AF1EE10FAC8BFCA
:10B21000F0EE637AE4EE275AA4EEA76AE5EE276A19
:10B2200090ED2F7AC0ED2C5A37EE037A80ED2D6A1F
:10B23000C0ED2E6A114B13495B6A80ED2F7A5B00DB
:10B2400008789BB2991A18B1C4E98323C4F8141280
:10B25000D4F818328B4238BF0B46C4F8183230BCD1
:10B2600002B07047DFED087AB0EE677AC0ED2C7A55
:10B27000C0ED2D7AC0ED2E7ADCE700BF001C004047
:10B280006F120339AC910020000000005E4B5F4A52
:10B29000F0B55E6AD0F88C30D0F88470D0F8A85140
:10B2A0000133C0F88C3004468E4607CA89B0760058
:10B2B00000230DF1140C8CE80700CDE90333B6B27E
:10B2C000002D7AD06246D5F800C0284603ABDCF8E2
:10B2D00008507146A8470B4694F89C10B1B350EA49
:10B2E000030179D19FED4A6ADDED056A9DED067A8D
:10B2F000DDED077A66EE866A27EE067AFCEEE66AF0
:10B3000067EE867A16EE903ABCEEC77AFCEEE77AE4
:10B31000ADF8043017EE103AADF8063017EE903A5B
:10B32000002201A92046ADF80830FFF70DFC94F883
:10B330009C305BB19DF8103013B1DDED037A0EE067
:10B340004FF0804200232046FFF7C6FB9FED317A85
:10B350000123F0EE477A8DED037A8DF8103094EDED
:10B360001C7AC4ED307AB4EEE77AF1EE10FA1DDC07
:10B3700094ED1D7AB4EEE77AF1EE10FA16D4FDF7EB
:10B3800095FD214B244A5B6A11785B009BB29A1BA6
:10B3900019B1C7E98B63C7F83422D7F83832934222
:10B3A00038BF1346C7F8383209B0F0BD4FF48002F9
:10B3B00000232046FFF790FBE1E794F89C30002B38
:10B3C000C4D022681268526C2B464FF4001002461B
:10B3D0002046FFF781FBAAE721680968496C11F450
:10B3E0000041F4D1042B08BF8842F0D10022012390
:10B3F00003928DF81030A0E7314607F50B70FFF788
:10B4000097F91CF08DFC00BF001C00401090030851
:10B4100000C05A4500000000AC91002010B5044661
:10B42000C068F1F7F1FDE068F1F78CFD80B1A0692B
:10B4300000F018FA20B1606900F014FA70B110BD84
:10B440004FF4003200232046FFF746FB002010BDDA
:10B45000082200232046FFF73FFBF7E74FF4802246
:10B4600000232046FFF738FBF0E700BF70B52DED55
:10B47000028B90F88031022B044600F0D680012B1D
:10B4800000F0C080002B40F05C8190ED5F7AD4F832
:10B490009C31D4ED637A012B27EE277A00F0C0802F
:10B4A0009FEDA96AF0EE467AD4F88450D5F8583169
:10B4B00093F83820D3ED5C6A032A00F0D3809FED27
:10B4C000A38A26EEC88AB4EE678AF1EE10FAC8BFE6
:10B4D000F0EE487AB1EE488AF4EEC87AF1EE10FA4E
:10B4E000D8BFB0EE678A032A00F0E88093ED0D6ABA
:10B4F000C7EE067A28EE487AA6EEA67AB5EEC07AAE
:10B50000F1EE10FA00F2A280F5EEC07AF1EE10FA38
:10B5100000F10D81DFED8C8AF4EEE87AF1EE10FA9D
:10B52000D8BFF0EE678A022A06D0002384ED688A2D
:10B53000C4ED698AC4F89C31854B5E6A05F1B000A0
:10B540007600B6B201F0B8FD814B82495B6A09789A
:10B550005B009BB29A1B19B1C5E97763C5F8E4217A
:10B56000D5F8E831934238BF1346C5F8E83194F86E
:10B570008831022B00F0B480012B00F0D180002B29
:10B5800040F0DF80D4ED616A94F86C2094F86D305F
:10B59000002A00F0B88094ED0B6ADFED6B7AD4EDF1
:10B5A0000C5A26EE866AB0EE677AA8EEC67AE6EE08
:10B5B000087AA5EE887AE8EEA57A6BB194ED086A70
:10B5C000D4ED0D4A9FED645AB8EEC66A66EE856A00
:10B5D000C4EE865AE6EEA57AD4F88430D3F8583112
:10B5E00093F83830022B04BF37EE087A78EEA77A4A
:10B5F000BDEC028B002384ED657AC4ED667AC4F855
:10B60000903170BDD0F87C31ABB193ED007AD4F8B5
:10B610009C31D4ED637A012B27EE277A7FF440AF7B
:10B62000D4ED687A94ED696A3EE7D0F87C3113B1C5
:10B630001A68002A6ED04FF08052BDEC028B04F1E4
:10B6400090000023BDE87040FFF732B8F1EEC78AE2
:10B65000B1EE687AB4EE677AF1EE10FAC8BFF0EE98
:10B66000477A59E794F8600000283FF428AFB0EE1D
:10B67000C66AF4EEC67AF1EE10FA4CBFD4ED195A50
:10B68000D4ED1A5A9FED355A9FED358A36EE676A2A
:10B6900026EE888A26EE256AD4ED175AE6EE057A5C
:10B6A000F4EE657AF1EE10FA48BFF0EE657AB4EE8A
:10B6B000E78AF1EE10FA58BFB0EE678AD5ED377A17
:10B6C000D4ED165A93ED0D6AF4EE657AF1EE10FAA8
:10B6D00048BFF0EE657A26EE276AC7EE067A09E7DC
:10B6E000D4F8843123B11A6812B9D3ED016A4BE75B
:10B6F00094F86C308BB994F86D3073B99FED127A71
:10B70000F0EE477A68E7002BF8D0DFED0F7AB0EE65
:10B71000677A53E793ED017AB9E64FF000628CE760
:10B72000D4F88431002BE3D0D3ED006A2CE7DFEDB1
:10B730000D8AF8E6314605F5EE70FEF7F9FF1CF0CC
:10B74000EFFA0948FEF7E2FF00000000A4707D3F19
:10B75000001C0040AC910020ABAA2A3F6F120339B5
:10B760006666663F000000805497030808B5C36909
:10B770001B782DED028BB0EE408A2BB3D0E9053259
:10B7800090ED047AD2ED007AD3ED006A37EEC77AF5
:10B7900077EEE67AC7EE278A68EE808AF5EEC08AF1
:10B7A000F1EE10FA15D4B0EE680AFDF7DBF8DFED24
:10B7B0000A7A002818BFF0EE678AF4EEC88AF1EE24
:10B7C00010FAD8BFB0EE688AB0EE480ABDEC028B22
:10B7D00008BDDFED018AF0E70000000010B5044667
:10B7E0002DED028B8088FDF741FBD4E90232DFEDBD
:10B7F0001B7A4AB103EB8202B3EC017AA0EE277AFE
:10B800009A42F0EE477AF7D194ED097ADFED146AA7
:10B8100094ED0A8A77EEC77AA7EEA67A77EE487A91
:10B8200084ED097AA7EEA68AB0EE480A84ED0A8A6A
:10B83000FDF798F820B984ED048ABDEC028B10BDA9
:10B84000DFED067AB0EE678A84ED048ABDEC028BE8
:10B85000C4ED097AC4ED0A7A10BD00BF00000000F3
:10B860000BD7A33AC3691B7883B1836990ED047A3F
:10B87000D3ED007AF1EE046A77EEA67AB4EEE77AB9
:10B88000F1EE10FAB4BF012000207047012070478C
:10B8900030B500F12C05C0E902230D4C45610023B1
:10B8A00000F13005C0E908330A4A818004610A4981
:10B8B0000A4C8561836200F13405012300F1240EF6
:10B8C000C5610460C162026380F8343030BD00BFDE
:10B8D0000000C07F0000F0420000C842D8B7030853
:10B8E00070B5194B194DDFF870C0044693E803009A
:10B8F00082B06A4604F12C0682E80300A66004F1D7
:10B900004006256166614FF6FF7504F14406002389
:10B910000421A580A6610E480E4DE16004F14806A1
:10B92000A1872064C4E9083392E80300E661A362BA
:10B930002560C4F844C084F84830FDF727F9A0809A
:10B94000204602B070BD00BF081000200000C07F7C
:10B950000000C842ECB703080000F04210B5828F27
:10B96000094BC064102A98BF03EBC203044693E856
:10B97000030082B06B4683E80300FDF707F9034636
:10B980000120A38002B010BDE80F002010B5828F07
:10B99000084B102A98BF03EBC203044693E8030048
:10B9A00082B06B4683E80300FDF7F0F8A08002B098
:10B9B00010BD00BFE80F0020EFF3108372B682685D
:10B9C00007EE901A1268C0F89010F8EEE77AA0F827
:10B9D000EA10C0ED2B7A516283F31088704700BFE4
:10B9E0000B781BB10368012283F8F6200120704711
:10B9F0000B781BB10368012283F8F7200120704700
:10BA000052B1012A02D1016000207047022A04BF0E
:10BA10000B68036000207047014B036000207047F3
:10BA200070B8030852B1012A02D1016000207047AA
:10BA3000022A04BF0B68036000207047014B0360BB
:10BA40000020704734B80308038819430180704709
:10BA500003680B4303607047084070472DE9F047C7
:10BA600082B08446816000F1140400F10C0102A848
:10BA700000E90C004E48CCF8000081E80C000AAB4D
:10BA800093E803000CAB84E8030093E803000CF197
:10BA90001C0383E803000EAB93E803000CF12403BE
:10BAA00083E80300434BCCF83C30434BCCF84430A4
:10BAB000424A434E109DCCF838204FF400530024E6
:10BAC0004FF0000ECCF850303E4ACCF82C5040F2EB
:10BAD0000113CCF84020CCF83040ACF83440CCF81E
:10BAE0004840CCF84CE0CCF854E0ACF85840CCE9F5
:10BAF00017430FCE0CF16805ACF864400FC596E80B
:10BB00000300DFF8C4A085E8030002274FF0040912
:10BB10004FF6FF786046CCE92244CCE92444CCF8C7
:10BB200080A0ACF88490CCF898E0CCF89C70CCF86D
:10BB3000A0E0CCF8A470CCF8A8E0CCF8ACE0CCF84D
:10BB4000B0E0CCF8B4E0CCF8B8E0CCF8BCE0CCF88D
:10BB5000C0E0CCF8C4E0CCF8C840CCF8CCE0CCF8DD
:10BB6000D070CCF8D4E0CCF8D870CCF8DCE0CCF8CD
:10BB7000E070CCF8E4E0CCF8E8408CF8F240CCF887
:10BB8000F440CCF830E1CCF834E18CF83841ACF832
:10BB90003A41CCF83C41ACF84041ACF84C81CCF88F
:10BBA0007C41ACF880418CF8984102B0BDE8F08748
:10BBB000B0B80308DB0F494200007A440AD7A33C1F
:10BBC000B4B80308DB0F494101000300D0ED117A3E
:10BBD0009FED207A77EEA77AB5EE006A67EEA76A46
:10BBE00027EE877A66EE866AB7EE006AB4EEC67A0A
:10BBF000F1EE10FA10B50246C0F88800C0ED2F7AB9
:10BC0000C0ED306A0C460DD40023A0F8E8300121C5
:10BC10008C30FFF719FF106B4FF4807100F5127034
:10BC2000FFF716FF92F8593063B1938E012B0BD0BA
:10BC3000022B02D1012382F88F30032C04BF012391
:10BC400082F88F30012010BD92F86530002BF4D0BF
:10BC5000F0E700BF6F12033908B502460023A0F8D1
:10BC6000E8308C30FFF7F0FE106BBDE808404FF471
:10BC7000807100F51270FFF7EBBE00BF90F85830EE
:10BC800010B50446B3B3EFF3108372B6002200215F
:10BC9000C0F89410C0F8B02083F3108890F860309A
:10BCA00003B3D0ED147A90ED157A03681D4A1B6832
:10BCB000F8EEE77A934267EE877AFDEEE77A17EEC1
:10BCC000901A2CD1EFF3108372B68268F8EEE77AFF
:10BCD0001268C0F89010C0ED2B7AA0F8EA105162FB
:10BCE00083F3108894F8593053B984F88F300123C6
:10BCF00084F88E3004F10C00BDE8104005F090BAD5
:10BD0000236BD3F8003103F54053012293F89818C0
:10BD100084F88F200029EAD083F83E29E7E7984786
:10BD2000E0E700BFB9B90108FFF7A8BF90F85830A5
:10BD300013B90C3005F074BA19B990F86230002BC1
:10BD4000F7D100B583B0074B0090002201210C30E1
:10BD500005F09CF918B9044B012283F8CC2203B0FA
:10BD60005DF804FB29BD010890E30020D0ED117AB5
:10BD70009FED147A77EEA77AB5EE006A67EEA76AB0
:10BD800027EE877A66EE866AB7EE006AB4EEC67A68
:10BD9000F1EE10FAC0ED2F7AC0ED306A00D5704791
:10BDA00008B502460023A0F8E83001218C30FFF7E7
:10BDB0004BFE106BBDE808404FF4807100F5127027
:10BDC000FFF746BE6F120339036BD3F8583193F86F
:10BDD0003830032B0CD090F88F300BB980F85930E5
:10BDE000B0F83A3123B990F88E300BB980F8593059
:10BDF000704700BF30B590F862200125002387B05E
:10BE0000044680F8585080F88E30DAB90090144B10
:10BE100029460C3005F03AF9C0B1206B002202AB84
:10BE200000F12401CDE9032202920592FDF79AFC6C
:10BE3000049B04461BB102A90322084698472046EA
:10BE400007B030BD0C3005F0EBF9E6E7054B83F8A1
:10BE5000CC52E2E702A8FDF785F91BF061FF00BFB5
:10BE600029BD010890E300202DE9F041066BD0F8D0
:10BE7000907006F1240E0546BEE80F008CB00DF15F
:10BE8000140CACE80F009EE807008CE80700DDED1D
:10BE9000097AB0EE087A002467EE877A4FF480784A
:10BEA00001AB3046224605A9CDE902440194049431
:10BEB000ADF82C808DF82E40CDED0A7AFDF752FCBE
:10BEC000039B04461BB101A90322084698473CB1D5
:10BED000D5F8903007F10802934205DD0123EB65A8
:10BEE00020460CB0BDE8F081083FBB42B4BF4FF024
:10BEF000FF3300232046EB650CB0BDE8F08101A8BC
:10BF0000FDF730F91BF00CFF2DE9F041066B06F14F
:10BF1000240E044600F1F807BEE80F008CB00DF1C6
:10BF2000140CACE80F009EE807008CE80700DDED7C
:10BF3000097AB0EE087A002567EE877A2946202232
:10BF40004FF4807884F865503846ADF82C808DF831
:10BF50002E50CDED0A7AE4F77FFA2F4B04932F4B46
:10BF600003932A4605A9304601ABCDE90145FDF70B
:10BF7000F9FB039B05461BB101A90322084698471C
:10BF8000002184F8F610BDB304F1F40C08460B460A
:10BF900001265CF8042F002A07DD06FA03FE322A88
:10BFA00040EA0E00C8BF41EA0E010133082BF0D170
:10BFB000814212D1C9B27E2925D0BD2921D0DB29E9
:10BFC00023D0E72909D104220123284684F86420DC
:10BFD00084F865300CB0BDE8F0810023102104F135
:10BFE0008C00A4F8E830FFF72FFD206B4FF4807130
:10BFF00000F51270FFF72CFD002528460CB0BDE8B7
:10C00000F0810122E0E70022DEE70222DCE701A85E
:10C01000FDF7A8F81BF084FEE1B9010825BA010874
:10C020002DE9F047D0F8308008F1240E054600F1E4
:10C03000680400F18007BEE80F008CB00DF1140C0D
:10C04000ACE80F009EE807008CE80700DDED097AF8
:10C05000B3EE0E7A67EE877A00264FF480794FF0C0
:10C06000010ABC4285F8F5A0ADF82C908DF82E6041
:10C07000CDED0A7A05D0AE666660A660E660266100
:10C080006661554B04930022544B039305A9404627
:10C09000C5F81821C5F81C21C5F82021C5F82421B0
:10C0A000C5F82821C5F82C2101AB01950292FDF7B6
:10C0B00059FB039B80461BB101A903220846984700
:10C0C000B5F88C001021FFF7C7FC002856D1B8F155
:10C0D000000F53D095ED1A5A9FED416ADFED415A9A
:10C0E000F0EE457A05F16C0305F1840211E0F3EC02
:10C0F000016A76EEE77A9A4287EEA57ABDEE477A34
:10C10000B8EEC77AE7EE657A36EE276A11D0F0EE20
:10C11000667A9F42EBD175EE677ADFED326A87EE81
:10C12000A67ABDEE477AB8EEC77AE7EE667A36EEC3
:10C13000276AB5EEC06AF1EE10FA2FD40123EB6541
:10C140009FED296AF1EE086AF4EC017A77EEC57A80
:10C1500067EE867A87EEA67ABDEE477AB8EEC77AA2
:10C16000E7EE667AF5EEC07AF1EE10FA48BF77EEA8
:10C17000A67ABC4244ED017AE6D108E01B4E0FCE10
:10C180000FC496E8030084E803004FF00008002382
:10C19000404685F8F5300CB0BDE8F0874FF0FF332E
:10C1A000DFED106AEB652346D3ED007AF1EE677A96
:10C1B00087EEA67ABDEE477AB8EEC77AE7EE667AE2
:10C1C000E3EC017ABB42EFD195ED1A5AB8E701A82A
:10C1D000FCF7C8FF1BF0A4FDF1B9010801BA010882
:10C1E00000000000DB0FC9404576743FB4B8030877
:10C1F00090F858302DE9F047054623B190F88E307D
:10C20000002B00F0DA80AB8E012B00F0CC80D5F84B
:10C210009430C5F89030EFF3108072B62B6BDFEDE1
:10C22000DC7AD3F85821D5ED0F5A92ED097AC3ED97
:10C230004B7A77EE076A0021C3F82811C3F834114E
:10C24000C3F84011C3F8481192F83810C3ED426AA0
:10C25000C3ED436ADFEDCE6AC3ED4C7A0229C3ED2C
:10C260004E7AC3ED4F7AC3ED537A0ABFB0EE475A08
:10C27000B0EE675AB0EE677AB6EE006AF0EE667A14
:10C28000E5EEC67A4FF0FF44C3F810419FEDC16A56
:10C2900083ED467A87EE867ABDEE477A0024C3F8AE
:10C2A0005041023918BF0121B8EEC77A83ED475AD1
:10C2B000E7EE467AC3ED456AC3ED556AC3ED487AA9
:10C2C000C3ED517A92F8EC4082F8E010022C1CBFCA
:10C2D000022482F8EC4092F8F840022C1CBF0224A1
:10C2E00082F8F84092F8004103F59471022CC2F8EC
:10C2F000E41003F59A71C2F8F01018BF022403F598
:10C30000A07118BF82F80041C2F8FC1093F8BC403D
:10C31000C3F8B810022C1CBF022483F8BC4092F86A
:10C320008841022C1CBF022482F8884192F80841FF
:10C33000022C03F5A4711CBF022482F80841C2F844
:10C340008411C2F8041193F8C420C3F8C010022A63
:10C350001CBF022283F8C42080F31088286BFDF7ED
:10C3600037F92B6BD3F8580100F1C801FEF7DAFA60
:10C370004FF47A7406E093F86C3263B9FAF76EFB07
:10C38000013C29D02B6BD3F8582192F89C600120F6
:10C39000002EF0D103E000211046FEF705FB002639
:10C3A0003046BDE8F08795F86530002B7FF42FAF5D
:10C3B000A5F8E8304FF4007102E0A0F8E830202141
:10C3C00005F18C00FFF740FB286B4FF4807100F5FE
:10C3D0001270FFF73DFBE2E7D5F89090EFF3108283
:10C3E00072B62B6B296CC3F814110020C3F85401EA
:10C3F000C3F8504182F31088D5F830A09AF86C3217
:10C40000002B40F0E9802746A04615E095ED0F7A15
:10C41000DAED557AB4EEE77AF1EE10FA15D9DF19B4
:10C4200048EBE378FAF71AFBD5F830A09AF86C32AB
:10C430000134002B40F0B280DAF85821D5F8903062
:10C4400092F89C200120002AE0D109F108029342D1
:10C4500007DCA9F10802934280F285804FF0FF3299
:10C4600000E0012295ED147AEA65B8EEC77AF7EE9E
:10C47000004AC4EE876AA3EB0903002BDAF85821BF
:10C48000B8BF5B4207EE903A136A9FED435AD5ED71
:10C490000F5A95ED0E6A5B0007EE103AB8EEC77AB8
:10C4A000F8EEE77A27EE057AC5ED317A27EE267A9F
:10C4B000C5EE876A77EEE67AF0EEE77A87EEA67A3F
:10C4C000B4EEC67AF1EE10FA73DCEFF3108372B6B5
:10C4D000D5ED107A2A6BF1EE677AC2ED457A83F3D7
:10C4E00010882B6B93F86C226AB15AE0D5F8903023
:10C4F000DF1948EBE378FAF7B1FA2B6B93F86C226B
:10C500000134002A4DD1D3F8582192F89C10012013
:10C5100000293FF444AFD3ED557AF5EEC07AF1EE41
:10C5200010FAE3D810460021FEF73EFA0023384601
:10C5300022464146EFF7D8F804FB107707EE907AD1
:10C54000B8EEE77A07EE904AF8EE677AB6EE006A40
:10C55000C7EE276A0123A86485F88F3076EE867AC5
:10C56000C5ED137A1CE7002205F18C00A5F8E82040
:10C570000421FFF769FA0AF512704FF48071FFF792
:10C5800067FADAF858011146FEF70EFA07E700BF1E
:10C5900000000000DB0FC940DB0F4940D5F89030A8
:10C5A00053E7D3F8582192F89C30002B3FF4F7AEB4
:10C5B000B8E7002405F18C00A5F8E8400221FFF758
:10C5C00043FA0AF512704FF48071FFF741FA2146E1
:10C5D0001046FEF7E9F9E2E6D5F890302746A04686
:10C5E00033E700BF2F4A4369018B93422DD002F5F8
:10C5F0008062934253D002F58062934208BF0223C7
:10C6000024D00022C3692749B0F820C08B4226D02D
:10C6100001F580618B423ED001F580618B4208BFFD
:10C6200002231DD0436A1F49B0F828C08B4223D093
:10C6300001F580618B4230D001F580618B4208BFEB
:10C6400002231AD080F8F2207047002300EB430346
:10C65000B3F8EC30194214BF01220022D2E70023C4
:10C6600000EB4303B3F8EC301CEA030F14BF0123C3
:10C67000002342EA4302D5E7002300EB4303B3F86B
:10C68000EC301CEA030F14BF0123002342EA8302AB
:10C6900080F8F22070470123E2E70123EDE7012350
:10C6A000D4E700BF0000024038B5B0F83A31DB05EE
:10C6B00001D4012038BD00F5A8750446284605F0D0
:10C6C00055F90028F6D0D4F83C11B4F840210D4BB0
:10C6D000C4F8903104F5A6700023C4F87C11A4F8C6
:10C6E000802104F5A7710122C4E96212C4F8840113
:10C6F000C4F89441E06AC4F89C31294605F0B2F9C7
:10C70000D7E700BF8DC8010830B5B0F83A31022B29
:10C7100085B004461CD014D86BB12A492A4A2B4B49
:10C72000096912691B69A4F8F030A4F8EC10A4F8A8
:10C73000EE2005B030BD83681B685B6AA0F8EA3064
:10C74000EBE7A3F58073042B2DD8FFF7ADFFE4E7EB
:10C75000B0F882301E4D102B94BF05EBC3032B465F
:10C7600093E803006B4683E80300FCF7E7FAB4F8AC
:10C770008430102B88BF164BF6EE007A98BF05EB7D
:10C78000C30393E8030030EE670A02AB84ED4C0A62
:10C7900083E80300FCF7D2FAF6EE007A30EE670A7F
:10C7A00084ED4D0AB9E70023A0F8E83008218C3069
:10C7B000FFF74AF9206B4FF4807100F51270FFF714
:10C7C00047F9AAE7000002400004024000080240C6
:10C7D000E80F0020024699B308B5B0F83A31B3F536
:10C7E000827F3DD8B3F5817F17D8B3F5807F2BD0FA
:10C7F00040F201118B4233D1B0F84E3183EA13215C
:10C8000081EA111181EA910181EA5101C90711D42C
:10C8100058040FD4C3F30D0302E0B0F84E319B0867
:10C8200092F85900C2F8C830012182F8381108B1D5
:10C8300082F88F10BDE8084002F5A87005F0A8B88E
:10C8400000F5A87005F0A4B8B0F84E3183EA1321C2
:10C8500081EA111181EA9101C9438907EAD1D9E737
:10C860000023A2F8E830082102F18C00FFF7ECF871
:10C87000106B4FF4807100F51270FFF7E9F8BDE816
:10C88000084002F5A87005F083B800BFFFF7A2BF0B
:10C89000B0F88020134B10B5102A98BF03EBC203E9
:10C8A000044693E8030082B0EC468CE803000122C2
:10C8B000BCF80410C4F83C01A4F840110023114650
:10C8C00004F59E7004F004FBD4F83C0138B1B4F8D0
:10C8D0004011012202B0BDE81040F4F715BE02B0CD
:10C8E00010BD00BFE80F002010B518210446806875
:10C8F000F6F7A2FF00212046FFF718FAA38EA4F84E
:10C900003A31B3F5817F37D0B3F5827F4FF482702F
:10C910000CBF012100214FF000024FEA4101C4F891
:10C9200050014FF40060C4E95520C4F85C114FF089
:10C9300001004FF40071C4E958014FF018004FF0A6
:10C940000A01C4E95A02C4E95C22C4F8781110D182
:10C95000A4F84C212046FFF79BFF236BD3F800314E
:10C9600003F5405393F8982812B1012283F83E2929
:10C9700010BDDB05EED410BD4FF4006200234FF470
:10C9800082700221C4F858210122C4E95712C4E977
:10C99000540318214FF400700A22C4E95901C4E974
:10C9A0005B33C4E95D32D5E710B52DED028B04464B
:10C9B000B0EE408AE3F76EFCB1EE087AC8EE077A73
:10C9C000FDEE677AF8EEE77AFDEEC06AB0EE480A4F
:10C9D000A7EEC70A16EE900AB5EEC00AF1EE10FAFD
:10C9E00048BF30EE070AB1EE087AFDEEC07A17EEC6
:10C9F000903A5A1F012A94BF05235A1C04EB830363
:10CA0000D3ED1A7A70EE677A98BF0022C7EE876A74
:10CA1000FDEE666AF8EEE66AE6EEC77AF5EEC07AF3
:10CA2000F1EE10FA16D404EB8204D4ED1A7A30EE4B
:10CA3000670ABDEC028BC0EE077AFDEE677AF8EE6E
:10CA4000E77AA7EEC70AB5EEC00AF1EE10FAC8BF42
:10CA5000013010BDBDEC028B013810BD2DE9F04155
:10CA6000B0F83A31D0F8C860022B2DED068B0446A1
:10CA700000F0A18100F23581002B00F07681FFF7F4
:10CA8000B1FD90F8F63043B190F8F23000EB83033B
:10CA9000D3F8F8200132C3F8F82094F86550002D3F
:10CAA00040F0F881D4E92486276D96FBF7F307FB65
:10CAB0001366002EC4F89080C0F26C8194ED2CAA0D
:10CAC000D4ED2E8ADFEDE97A94ED2B9AA38EC4F88B
:10CAD0009460B0EE4A8AA8EEA79A012BA8EEA78A26
:10CAE00084ED2B9A84ED2C8AB0EE490A00F0548133
:10CAF000E3F7D0FBF0EE409AFDEEE99AB0EE480A7B
:10CB000019EE903AA8EB030309EE903AE3F7C2FB63
:10CB1000FDEEC07AF8EEE99A17EE900A331A07EEA6
:10CB2000103A07EE907AB8EEC77AF8EEE77A9FED02
:10CB3000CF6A94ED2F5ADFEDCE5A226BC7EE276AEB
:10CB4000FDEE666AF8EEE66A25EE065AA7EEE67A8C
:10CB5000B0EE486AA5EE076AD4ED2D6A77EE664A14
:10CB6000A5EE299AE4EEA56AC6EE275ABDEE655AEF
:10CB7000B8EEC55AC4ED2D6AA7EEC56ADFEDBB4A13
:10CB800094ED305A84ED2B9AB5EEC06AF1EE10FAAE
:10CB900048BF36EE276A65EE244A76EE4A5A89EE99
:10CBA000274AC5EEA76AF0EE685AE4EE875ADFED31
:10CBB000B14A9FEDB17A25EE245AF0EEE54AB4EE83
:10CBC000E45AF1EE10FAC8BFF0EE475ABDEE667AAD
:10CBD000B8EEC77AC4ED2E5A85EEA75AD2F80031C6
:10CBE000C8BF012136EEC77AD4ED396AD3ED104AB9
:10CBF00084ED2C6A37EE267A4FF00003C7EE246AE4
:10CC0000FDEE666AD8BF1946C4F8D030C4F8D830F3
:10CC10000023C4F8E030A36CF8EEE66A84ED354AF0
:10CC2000A4EEE67A84ED375AB5EEC07AF1EE10FA4A
:10CC300048BF37EE247A84ED397A21B994F861102F
:10CC4000002940F0F480B6EE007AF0EE476A84EDF9
:10CC5000267A94F88F10002941D0B7EE007AC7EEFB
:10CC6000275AD2F85821F31A07EE903A136A9FED2B
:10CC7000836A5A0007EE102AF8EEE77AB8EEC77A10
:10CC800077EEA67A27EE067AD4ED136A9FED7C6ADA
:10CC900027EE257A77EEE67A06EE903A67EE877A07
:10CCA00025EE065AC7EE865AFDEE655A0023C4F8F3
:10CCB0009C30C4F8A430F8EEE55AF8EEE66AE5EEEA
:10CCC000C67A94ED177A25EE265AB8EEC77A25EE85
:10CCD000075A27EE277A84ED2A5A84ED287A012014
:10CCE0003FE0A3F58073042B2BD890F83831D0EDBA
:10CCF000337A002B00F0A4809FED5F7ADFED5B6A52
:10CD000037EE677AE7EE267AC0ED337AD4F894509E
:10CD1000276DD4F89020751B002384F8383195FBDB
:10CD2000F7F307FB1355002DB8BFED1907EBD773C9
:10CD3000B5EB630FC8BFED1B05EB0208C4F890808C
:10CD4000BCE60023A0F8E830082104F18C00FEF7CF
:10CD50007BFE206B4FF4807100F51270FEF778FEB9
:10CD60000020BDEC068BBDE8F081D0F89030B0F823
:10CD7000EA50D0F89460076DED1A2DB203EB050868
:10CD80002E4496FBF7F307FB1366002EC4F8908041
:10CD9000BFF694AE3E4491E62046FFF705FEA8EBB1
:10CDA000000007EE900AB0EE480A2046F8EEE79A37
:10CDB000FFF7FAFDB2E6D0ED4D0A90ED4C0AFBF715
:10CDC000ABFCDFED307AD4F894202F49276D20EEAC
:10CDD000270ABDEEC00A10EE103A9B1A81FB030130
:10CDE000DD17C5EBA12541F68B0101FB1535002DA3
:10CDF000B8BF6D1840F645408542C8BFA5F5C4557B
:10CE0000D4F89030B4F83A11C8BF0B3D05EB0308D5
:10CE1000531993FBF7F207FB1233002BB8BFDB1952
:10CE200011F4807FC4F8908008BF1E4646E6002DAE
:10CE30003EDD9FED117AF0EE476A84ED267A08E731
:10CE4000B7EE007A37EE677A9FED086ADFED0F6A7A
:10CE5000E7EE067AF4EEE67AF1EE10FAC0ED337AF8
:10CE60007FF754AFA0F8E83080216EE76F120339E6
:10CE7000CDCCCC3D6F12833800000000DB0F494061
:10CE8000DB0FC94000007A44BF05B929CDCC4C3D29
:10CE90006F12033994F8F23094F864205340013B48
:10CEA000052B00F28F80DFE803F06A1B686664627E
:10CEB00011D11FED096AD4ED266AE5EE866AB7EE58
:10CEC000007AF4EEC76AF1EE10FA72DD84ED267A8C
:10CED000F7EE006ABDE64FF07E51C4F89810F7E710
:10CEE000022394F8F520002A4BD094F8F72094F808
:10CEF000F410002A6ED000296ED094F8F3103F4A47
:10CF0000581A82FB0052A2EBE07202EB4202A0EB45
:10CF10004202002A66DB27D0012A68D0052A54D1B4
:10CF200004EB8102206BD2F8181190ED517A013197
:10CF30000129C2F8181157D0D2ED1A5A9FED306A64
:10CF400007EE901A77EE656AF8EEE77A86EEA77A32
:10CF500077EE257A87EE867ABDEE477AB8EEC77A05
:10CF6000E7EE467AC2ED1A7A84F8F330B7E6032387
:10CF7000B7E70523B5E70423B3E70123B1E70023AF
:10CF8000AFE7D4F894601D4D276D9B1B85FB0325EF
:10CF9000A5EBE37505EB4505B3EB450548BF063545
:10CFA000D4F89030032DC8BF063D05EB03082E448E
:10CFB000E7E6F5EEC06AF1EE10FAC4ED266A3FF539
:10CFC00038AF46E694F863309BB90023A4F8E83004
:10CFD0001021BAE60029C7D1012284F8F33084F881
:10CFE000F4207CE6063297E782ED1A7ABCE7194610
:10CFF00096E7D4E92486276D0025C2E6ABAAAA2AC3
:10D00000DB0FC94090F8283083B1D0ED077AD0ED1E
:10D01000096A90ED087A77EEA67AF4EE477AF1EE97
:10D0200010FAC8BFF0EE477AC0ED077A837A027D26
:10D03000427513B30389144A817D102B98BF02EB0C
:10D04000C3021368928823B11B691A4214BF0123DB
:10D050000023994217BF9FED0D7AD0ED077A80ED3E
:10D06000077AF0EE477A90ED087A8375B4EEE77AA6
:10D07000F1EE10FA02D8C27A0AB10375704783F054
:10D0800001030375FAE700BFE80F0020000000006D
:10D09000D0ED017A9FED077A837A80F82830F8EE98
:10D0A000677A002267EE877AC261C0ED097A0120B3
:10D0B000704700BF6F12833A38B52DED048B037BA8
:10D0C000022B044600F0B780012B00F08D80002B6E
:10D0D00040F0DC8090ED028A0123227D022A00F0DC
:10D0E0008C80012A00F0AF80002A40F0CF8094EDC0
:10D0F000049A012294F82000022800F08B80012875
:10D1000000F0A680002840F0BC8094ED067A94EDF3
:10D11000076A0120002B00F08980002A00F09F8020
:10D12000002800F0A98094F82430A26AA162002BA4
:10D1300000F09D808B1A07EE903ADFED565AD4ED41
:10D140000B6AF8EE677A37EE667AC7EEA59AD4EDE9
:10D15000015A27EE257AF0EE667AE9EE877AC6EE76
:10D16000278AC4ED0B7A68EEA58AB0EE680AFBF751
:10D17000F9FB002840F08280DFED477AC7EEA96A0C
:10D18000B0EEE87ADFED457AF4EE476AF1EE10FA98
:10D1900048BFF0EE678AD4ED0C7A9FED417AC4ED7A
:10D1A0000E8AE8EEA97A0023636338EE899AC7EE07
:10D1B000876AFDEE666AE3636364F8EEE66A84ED0F
:10D1C000109AE6EEC77A37EE888AC4ED0C7AC8EE7C
:10D1D000077AFDEE677AF8EEE77AA7EEC78A84ED64
:10D1E000128ABDEC048B38BD8268002A39D092EDDA
:10D1F000008A227D022A7FF474AF2269AAB31068E4
:10D2000098BB94F8200092ED019A02284FF0010299
:10D210007FF475AFA06930B3056825BB90ED017A46
:10D2200090ED026A0120002B7FF477AFBDEC048BF8
:10D2300084F8243038BD83689BB11A688AB993EDAD
:10D24000018A012349E7206978B190ED009A51E7FE
:10D25000A56945B195ED007A95ED016A5AE7134647
:10D26000E4E7002339E7002054E7002242E70022E8
:10D270000123E2622263D9E70346D7E7DFED078A9D
:10D2800089E7FF2802D10748FDF740FA0648FDF775
:10D290003DFA00BFA037204DCDCCCC3D00000000B2
:10D2A000DB0FC94078970308549703080E4B828818
:10D2B00044F2781113445B5C0E2B00D070470B4B8B
:10D2C000102A98BF03EBC203827918682AB9002894
:10D2D000F4D099880122F4F717B918B1998800227F
:10D2E000F4F712B9704700BF90A30020E80F0020A8
:10D2F0000D4B828844F2781113445B5C0E2B00D0F6
:10D3000070470A4B102A98BF03EBC2038279186852
:10D3100022B140B199880122F4F7F6B80028EFD085
:10D320009988F4F7F1B8704790A30020E80F002027
:10D33000B1F5616F3ABF00EB810090ED160A9FEDE9
:10D34000010A70470000000000F5405069B100F686
:10D350001413D3ED007A30EE270A00F614120123DD
:10D3600082ED000A80F83C39704700F60413D3EDD3
:10D37000007A30EE270AF0E700F54050D0F8D838B0
:10D38000D3F8483213B9012380F89938704700BFA9
:10D3900000F1580300F56252DFED0B7A183219469E
:10D3A000B1EC017A8A4277EE877AF9D19FED077A5C
:10D3B00087EE870AD3ED007A77EEC07AE3EC017A44
:10D3C0009A42F7D1704700BF00000000000061459D
:10D3D0000378194001707047037819430170704752
:10D3E000C043C0B270470000D0ED137A9FED107AB1
:10D3F00000F54053F4EEC77AF1EE10FAC3F8D40802
:10D4000011DC77EEA77AF5EE006A27EEA77A27EE11
:10D41000267A03F6241203F51263C2ED007A012086
:10D4200083ED007A70479FED037ADFED037AF0E732
:10D430000000FA440024744A00007A4500F5405385
:10D4400003F60C1103F6081C0022CCF8002000F5AE
:10D4500065500A6003F5116103F644130A60026027
:10D460001A607047024600F5635008B51C30FFF79C
:10D47000B3FF074B9FED077AD3EDB77AF8EE677AE3
:10D4800002F5635067EE877AC0ED087A08BD00BFE9
:10D4900090E300206F12033900F5405303F69C011E
:10D4A000D3F8D82891ED006AD2F8AC1091ED147A37
:10D4B000B8EEC77A03F61412C6EE076A10B4D2EDBE
:10D4C000007A426D37EEC00AB0EEC00AF4EEC06AD0
:10D4D000F1EE10FA0CDB03F50A61D1ED006AC6EE3D
:10D4E000877AF0EEE00AF4EEE07AF1EE10FA39DC39
:10D4F000B2F5616F1BD207EE902A9FED227AF8EE0B
:10D50000E77A032467EE877A047603F6141103F6AC
:10D51000181403F61C10C1ED007A002201212260CC
:10D5200002605DF8044B83F83C190020704700242A
:10D530004FF0030C446580F818C003F61410002166
:10D54000016003F618100122016003F61C1001604F
:10D55000104683F8994883F83C295DF8044B83F81A
:10D560003E29704703F60C11B2F5616F0C6802F1A9
:10D57000010128BF4FF4616200EB820241659465AE
:10D580000A46B5E7B4A29139D0ED117A90F83C2063
:10D5900000F5405303F6141110B5F8EE677AD3F88E
:10D5A000D84881ED000ADAB190ED107AC0EE076A32
:10D5B000FDEE666AF8EEE66AA7EE660AB5EEC00A08
:10D5C000F1EE10FA48BF30EE070AC0EE076A66EEC9
:10D5D000A77A17EE900AEEF7EFF8C4E9940110BDB0
:10D5E00060EE277A17EE900AEEF7E6F8C4E99401A8
:10D5F00010BD00BF08B5037E022B13D990F83C3054
:10D6000093B900F5635324331A79022A12D0012A00
:10D6100015D0CAB993ED000A00F5645383ED010AF1
:10D62000FFF7B2FF012008BD00F563532C331A79D0
:10D63000022AECD11B682BB193ED010AECE71B68C1
:10D64000002BE7D1002008BD0148FDF75FF800BFBF
:10D6500054970308D0ED137A9FED0F7AF4EEC77A52
:10D66000F1EE10FA12DC77EEA77AF5EE006A27EEFB
:10D67000A77A27EE267A00F5405000F6241300F52D
:10D680001260C3ED007A80ED007A70479FED037A57
:10D69000DFED037AEFE700BF0000FA440024744A8C
:10D6A00000007A452DE9F04F2DED088B00F5405430
:10D6B00087B094F8E838022B054600F02E81012B44
:10D6C00000F0A380002B40F07A8504F6E40393ED8C
:10D6D00000AA4FF0010B94F8F038022B00F0A28062
:10D6E000012B00F03C81002B40F0698504F6EC032F
:10D6F00093ED009A0123009394F80069022E00F044
:10D70000A480012E00F03881002E40F0588504F6E8
:10D71000FC03D3ED008A012694F8F878022F00F07C
:10D72000A680012F00F02281002F40F0488504F6EA
:10D73000F40393ED008A0127D4F8D888D8F8AC30E8
:10D74000D3F8D020002A40F0A780D3F8D820D3ED1A
:10D75000359A4FF00109002A40F0A580D3ED37AA91
:10D7600098F84C324FF0010A002B00F0A38095F896
:10D770003C30002B00F0DB80002E00F0CA806B6C88
:10D7800004F614111A4601910023D8E994010BEE16
:10D79000902AEDF7A9FF19461046EDF767FFF8EE5E
:10D7A0006B7A07EE100AC8EEA76A019994F89938C7
:10D7B00067EE267AC1ED007A002B7ED104F61413B1
:10D7C000D3ED007A87EEA87ABDEE477A04F61413FB
:10D7D0000121B8EEC77AE8EEC77AF5EEC07AF1EE2D
:10D7E00010FA48BF77EEA87AC3ED007A6B7E082B5B
:10D7F00000F2E183DFE813F0DC03C7031201D0007D
:10D80000DF039A03700322035001D4F8E428002AAE
:10D8100000F0BB809B4694F8F03892ED00AA022BF2
:10D820007FF45EAFD4F8EC38002B00F0AB801A68C0
:10D83000002A40F0A78094F8006993ED019A022E27
:10D840004FF0010300937FF45CAFD4F8FC38002B59
:10D8500000F09E801A68002A40F09A8094F8F878C8
:10D86000D3ED018A022F4FF001067FF45AAFD4F8AE
:10D87000F438002B00F08E801A68002A40F08A806D
:10D88000D4F8D88893ED018AD8F8AC30D3F8D020FA
:10D890000127002A3FF459AFD3F8D8204FF00009F0
:10D8A000002A3FF45BAF98F84C324FF0000A002B8F
:10D8B0007FF45DAF94F899382BB3B9F1000F02D023
:10D8C000BAF1000F18D105F5635020211C30FFF785
:10D8D00083FD6D4B9FED6E7AD3EDB77AF8EE677AE4
:10D8E00004F50E6467EE877AC4ED007A002007B075
:10D8F000BDEC088BBDE8F08FF0EE6A0AB0EE690A65
:10D900002846FFF7C9FD95F83C3033B3002E7FF46D
:10D9100055AF05F563504021D8E7D4F8E438A3B3F8
:10D920001A6892BB93ED01AA4FF0010BD3E604F6FF
:10D930001413D8E994010193EDF798FED5ED117A0F
:10D94000019B06EE900AF8EE677A86EEA77A83EDE1
:10D95000007A94F89938002BAFD1002146E7D4F82B
:10D96000EC287AB192ED009A0093C5E6D4F8F43829
:10D9700083B193ED008ADFE6D4F8FC3843B1D3EDF0
:10D98000008AC9E600230093B6E64FF0000BA2E63A
:10D990000026C1E60027CFE604F6041393ED006AE3
:10D9A00004F61413D3ED006A76EEC66A49B1002E70
:10D9B000AFD0C6EEA87AFDEE677AF8EEE77AE7EE2A
:10D9C000E86A04F6081304F6181293ED007AD2ED13
:10D9D000007A9FED2F5AD5ED125A04F62412D2ED9B
:10D9E000004A77EEC77A04F5126267EEA47AD2EDA8
:10D9F000004AE4EEA67A04F51162A7EE857A65EE98
:10DA0000A77AA7EE056AC2ED007A83ED007A04F6E4
:10DA1000041383ED006AD4F8D8388BE09FED1C7AAC
:10DA2000D5ED0D7A04F60813D3ED006A04F6181349
:10DA300067EE877A93ED007AF0EEE77A37EE667A52
:10DA4000B1EE676AB4EEC67AF1EE10FA00F13C83EB
:10DA5000B4EEE77AF1EE10FAD8BFF0EE477ADFEDD8
:10DA60000C5A95ED126A87EEA57A04F6081376EE45
:10DA7000A76A67EE067AC3ED006A04F51163C3ED89
:10DA8000007AD4F8D83855E090E30020DB0FC94085
:10DA90006F120339B4A2913904F628135FED057AA9
:10DAA00093ED007A5FED066A04F6381827EE277AC0
:10DAB00098ED000AA7EE260A80EE277ABDEE477A97
:10DAC000B8EEC77AA7EE670A88ED000AFAF700FFFA
:10DAD000F0EE40AA98ED000AFAF7B4FE04F62C1313
:10DAE000D3ED007A04F61413D3ED006A04F5136342
:10DAF000E7EE806AD3ED007A04F6181393ED007A0E
:10DB000004F6341393ED006A04F61C13A7EEAA7A08
:10DB1000D3ED007AE0EE467A04F60413C3ED006A12
:10DB200004F6081383ED007A04F51163C3ED007A5F
:10DB3000D4F8D83894F8B128BAB1D5ED0A7A04F6F9
:10DB4000081292ED007AF1EE676AF4EE476AF1EEA0
:10DB500010FAC8BFB0EE667AF4EEC77AF1EE10FAAA
:10DB600058BFF0EE477AC2ED007AD3F85801FDF7BE
:10DB700067F804F51163D3ED007A297EB1EE407A9F
:10DB8000B4EE677AF1EE10FAC8BFF0EE477AB4EE61
:10DB9000670AF1EE10FA48BFF0EE407AC3ED007A62
:10DBA000022904F60813D3ED006A41D995F83C30F8
:10DBB000002B00F02F82009B002B3FF484AE002E40
:10DBC0003FF481AE04F6041393ED006AC6EE285AC2
:10DBD000FDEE655A04F60413F8EEE55AB1EE685A04
:10DBE000A8EEE56AB5EEC06AF1EE10FA48BF36EE6F
:10DBF000286A36EE499A83ED006AC9EE285AFDEE8E
:10DC0000655AF8EEE55AA5EE859A94F8B03895ED88
:10DC1000076AE6EE096A5BB104F6AC0393ED006AAD
:10DC2000B0EEC99AB4EEC96AF1EE10FA80F24682FB
:10DC3000B7EE005A94F8B13895ED0A6A7BB1F1EE6F
:10DC4000465AF4EE665AF1EE10FAC8BFF0EE656A75
:10DC5000B4EE666AF1EE10FA48BFF0EE466A94F848
:10DC6000B23873B1002F3FF42EAED5ED0B4A66EEFD
:10DC7000244AF0EEC85AF4EEE54AF1EE10FA00F14B
:10DC80006282D4F8D838D5ED085AD3F85821D5EDAA
:10DC9000094A92F83800032800F0D48194F83E39FC
:10DCA00013B394F8A838FBB1B9F1000F3FF40BAEF1
:10DCB0005FED883ADD4B89EEA34A4FF4616EBDEE0D
:10DCC000C44A14EE106A83FB063CB444F317C3EB5A
:10DCD000EC230EFB1363002BB8BF734405EB8303E7
:10DCE00093ED164A77EE847A012940F26881002F7D
:10DCF0003FF4E9AD76EEC86A65EE255A04F60C13DA
:10DD0000E5EEA67A93ED006A77EE867AB4EEE70A3E
:10DD1000F1EE10FA40F1B081B4EEC07AF1EE10FAF3
:10DD2000D8BFB0EE407A04F60C13D3ED007ADFEDE5
:10DD3000C06A67EEA67AD5ED0C6AB1EE666AB4EEFB
:10DD4000676AF1EE10FAC8BFF0EE467AF4EEE76AC1
:10DD5000F1EE10FA58BFF0EE676A04F60C130228D1
:10DD6000D2ED5B7AC3ED006A13D0D2ED566AD2EDE4
:10DD70000C5A66EEA66AB7EE085A25EE666AD2ED30
:10DD8000556AE5EE867A66EEA66A66EE856AE5EE87
:10DD9000E67A05F5655104F6C4039FEDA66AD1ED58
:10DDA000006A93ED005ADFEDA54A27EE088AB0EE2F
:10DDB000664A28EE068AF0EE003A98EE234A04F608
:10DDC000441204F6C80392ED006AD3ED005A25EE22
:10DDD000245A77EEC67AE5EE046A04F50D6365EE23
:10DDE000A45AA5EEA76AD3ED007AC1ED006AF4EE5D
:10DDF000E76AF1EE10FA82ED006A09D504F6CC0369
:10DE0000D3ED007AB4EEE76AF1EE10FA00F3888100
:10DE1000002304F6481282ED017A2020C4F8483924
:10DE2000FFF7DEFA014605F563501C30FFF7D0FA24
:10DE3000012007B0BDEC088BBDE8F08F94F8B43832
:10DE4000012B00F268817C494FF42C7202FB031213
:10DE5000D2F8AC20D2F8D000002840F0798192EDC1
:10DE600035BA4FF0010CD2F8D80000287FF42BAD62
:10DE70004FF42C7000FB0311D1F8003103F540532F
:10DE8000D3F8481900297FF41EADBCF1000F3FF410
:10DE90001AAD03F64C13D3ED006A92ED377A04F60F
:10DEA000B803D3ED007A04F6BC0327EE8BBA67EE15
:10DEB000877A93ED007A04F6041383ED00BA27EE17
:10DEC000267A04F60813C3ED007A04F5116383ED96
:10DED000007AD4F8D8382DE69FED587AD5ED0E7A31
:10DEE00004F51163D3ED006A04F61C1367EE877A1C
:10DEF00093ED007AF0EEE77A37EE667AB1EE676A74
:10DF0000B4EEC67AF1EE10FA00F1DB80B4EEE77AF7
:10DF1000F1EE10FAD8BFF0EE477A76EEA76A04F574
:10DF20001163C3ED006AD4F8D83803E694F83C399D
:10DF3000002B40F0CC8094F83D29D4F8D838002A42
:10DF40007FF4F8ADD3F85C0190ED0F0AD0ED0D7AB7
:10DF5000F4EEC07AF1EE10FA40F10A81D0ED059AA4
:10DF60000321297604F60411C1ED009A04F6081184
:10DF700000220A6004F511610A60012284F83D293B
:10DF80004FF00109D6E504F61413186804F61813C7
:10DF9000196804F61C131A6804F60413186004F6D2
:10DFA0000813196004F511631A60D4F8D838C1E574
:10DFB000D4F8D838BEE505F56350022186E494F81C
:10DFC000B338002B6BD0002F3FF47DACF1EE466AE6
:10DFD00076EEC86A36EE486A66EEA56A26EE256ACF
:10DFE000F4EE667AF1EE10FA48BFF0EE667AB4EE1F
:10DFF000E76AF1EE10FA00F1AE80B4EEE70AF1EE56
:10E0000010FA51D4B4EEE77AF1EE10FAD8BFB0EEC0
:10E01000677A50E0BBF1000F3FF455AC04F60413EF
:10E0200093ED009A39EE4A9AEFE500BFC5B3A2918D
:10E03000A4707D3FDB0F4940701000206F12033940
:10E040000000000093ED374AD2ED163AB0EEC43A24
:10E05000F4EEC33AF1EE10FA09DD14EE103AF0EEE8
:10E06000E33A002BB8BFF1EE633AB0EE634AC5EE77
:10E07000845AC4EE844A11E6B4EEE77AF1EE10FA5F
:10E080003FF751AE25EE245A5FED145A25EE255A7E
:10E09000B0EE677AF0EE467AE5EE267A4BE6F4EEDD
:10E0A000C07AF1EE10FAADDDB4EEC07AF1EE10FAFE
:10E0B000D8BFB0EE407A5FED1E6A4EE689EE065A92
:10E0C000B8E5F0EE467A28E7F0EE467AC7E404F6C3
:10E0D0000813D8F85C0193ED001AD0ED032A90EDF7
:10E0E000022AD0ED011A04F60413D3ED000A04F657
:10E0F000141393ED000A00F0ADFDD4F8D8385FEDAD
:10E10000307AD3F85C010022C0ED0F7AB0EE670AD6
:10E11000A4F83C291AE705F563500821FFF7D6BBA0
:10E1200005F5635080211C30FFF756F9254BD3EDE0
:10E13000B77AF8EE677A04F50E6467EEA47AC4ED58
:10E14000007AFFF7D3BB05F563500121FFF7BEBB93
:10E150004FF0000C87E6B4EEC60AF1EE10FAA3D435
:10E16000B4EEC67AF1EE10FAD8BFB0EE467AA2E766
:10E1700000F048FED4F8D838D5ED127AD3F85C1107
:10E18000DFED116A8DED030A21EE277AD1ED0F7ACA
:10E19000CDED040A04F6041204F6081077EEA67A10
:10E1A00082ED000AC0ED000A04F5116080ED007AEE
:10E1B000C1ED0F7AD2ED009A8DED051AE0E6034825
:10E1C000FCF7A4FA90E300206F1203395497030878
:10E1D00090F87C200023C0F89430C0F8983012B139
:10E1E000002380F87C3090F8883013B1002380F849
:10E1F00088300023C0F8A430704700BF82B000B55B
:10E2000083B0EE468EE8060084469EE80300089937
:10E21000CCF874100CF1780181E805009CF8882096
:10E2200005939DF81C304AB19BB98CF888300020CA
:10E23000002103B05DF804EB02B07047002BF6D06C
:10E2400005AB93E803000CF1800383E8030001238E
:10E25000EBE7059A069BCCF88020CCF88430E6E703
:10E2600082B010B588B0EE460B939DF838308EE83A
:10E2700006000022CDE905220F99079284466BBB68
:10E28000DCF80020DFED2B7AD4682B4A9442B0EE04
:10E29000677A37D1CCF874109EE803000CF178024D
:10E2A00082E803009CF8882003AC84E8030072B97C
:10E2B00033B101238CED207ACCED217A8CF88830B3
:10E2C0000020002108B0BDE8104002B07047002BCC
:10E2D000F4D08CED207ACCED217AF1E7DCF8002047
:10E2E0009DED0D7ADDED0C7AD468134ADFED136AEB
:10E2F00077EEC77A94429DED0B7A67EEA67A4FF0DF
:10E300000103C7D00E918DF81C30CDED067A08A917
:10E3100011E903008DED057A0CAA059B82E8030044
:10E320009EE806006046A44608B0BDE8104002B072
:10E33000604700BF00000000FDE101083ACD133F37
:10E34000F8B504461F46406F636CC01A80EAE07E51
:10E35000AEEBE07E40F2567CE6452DED0C8B00F3F3
:10E36000A58094F86030002B00F0E58094F86830C8
:10E37000002B00F0958094F87030002B00F0908016
:10E3800007EE900ADFED7D6AD4ED19CA94ED1BDA31
:10E3900094ED20CAD4ED21BA94ED1E9AD4ED16AABC
:10E3A00094ED17BADFED768AF8EEE77AB0EE6C8A74
:10E3B00087EEA67A0D461646ADEE078AB0EE480AFD
:10E3C000FAF786FAF0EE409AB0EE480AFAF73AFA0F
:10E3D0002BEE80AA20EE4C8AACEE29AA94F84830A5
:10E3E000ABEEA98A94ED237AD4ED247AD4ED056AB4
:10E3F00038EE676A7AEE475AE6EE867AA6EEA57A96
:10E4000069EE288AB7EE006AC6EE286A84ED237AA0
:10E41000C4ED247A002B4FD16AEEA6AA2BEE26BAC1
:10E42000636CDFED566AEB1A07EE903AF8EEE77A86
:10E4300087EEA67AEDEE07CAB0EE6C0AFAF748FA54
:10E44000F0EE407AB0EE6C0AF0EE679AFAF7FAF95D
:10E450006BEE407A20EE2A0AE9EEAA7A337AA9EE28
:10E460008B0A28EEA77A68EE808A84ED277AC4EDBD
:10E47000288A002B64D0C6ED007A86ED010A28EECA
:10E480000B8A0123AAEE2A8A3B710020002129EE83
:10E49000089A87ED008A84ED299ABDEC0C8BF8BDB3
:10E4A0004FF080600021BDEC0C8BF8BDBDEC0C8BF7
:10E4B0004FF000700021F8BD237C002B5AD094F857
:10E4C0005430002B52D094ED147A94ED265A94EDEA
:10E4D000024AD4ED135AD4ED257ADFED2A3AD4ED71
:10E4E000034A37EE487A3BEE05BA75EECA5AA4EEF7
:10E4F00007BA7AEEA7AA26EE8BBAE4EE25AA66EE54
:10E50000AAAA6BEE0B6AEAEEAA6AB1EEE64AC3EE7D
:10E51000846AF4EEC66AF1EE10FA18D4DFED1A6AD6
:10E5200064EEA66AE5EEA67AA7EE265AC4ED257A31
:10E5300084ED265A74E7BDEC0C8B00200121F8BD58
:10E540000123C6ED007A86ED010A337297E79FED4D
:10E550000F7A67EE877A25EE077A6AEEA6AA2BEE87
:10E5600026BAC4ED257A84ED267A59E74FF000509B
:10E57000002198E70020022195E700BFA037204D39
:10E58000ABAA2A3FAC5C313F6F120339A4707D3FC8
:10E5900010B490F87C4034B190F888401CB15DF81C
:10E5A000044BFFF7CDBE002004215DF8044B7047FB
:10E5B00010B5EFF3108472B690F82430027E4164F7
:10E5C000022B80F8482000F08B80012B43D0002BD9
:10E5D00040F0C580C269036A90F85410002943D105
:10E5E0000121C264036580F8541090F83030022B8A
:10E5F00040D0012B00F08180002B40F0BC80826A6B
:10E60000C36A90F86010002940D08265C36590F815
:10E610003830022B43D0012B00F08480002B40F0D7
:10E62000AF80D0F834E0012290F84030C0F864E0C8
:10E63000022B80F8682043D0012B68D0002B40F0DB
:10E640008B80D0F83CC00123C0F86CC080F87030DB
:10E6500084F3108810BDC369002B45D090F8541086
:10E660001A685B680029BBD0036590F83030C2643B
:10E67000022BBED1836A002B41D01A68002A3ED1FA
:10E6800090F860105A689B680029BED1C36590F865
:10E69000383082650121022B80F86010BBD1426BBB
:10E6A000002AC1D01368002B4AD190F84030D2F82C
:10E6B00004E0C0F864E00122022B80F86820BBD19E
:10E6C000C36B002BC0D01A68002A3BD1D3F804C01A
:10E6D000C0F86CC0012380F8703084F3108810BD3E
:10E6E000C3690BB11A6842B390F85430002B3FF461
:10E6F0007CAF002380F8543077E7836AD3B990F871
:10E700006030002B83D0002380F860307FE7C26B3D
:10E7100002B3D2F800C0C0F86CC080F8703084F347
:10E72000108810BD426B002A3FF47EAFD2F800E0A3
:10E730001A4679E71A685B6863E75A689B684BE793
:10E74000002271E70023C0F86CC080F8703084F3B9
:10E75000108810BD134677E70C48FBF7D7FFFF2B57
:10E7600006D10B48FBF7D2FF84F3108819F0D8FAD2
:10E770000648FBF7CBFFFF2B05D10548FBF7C6FF8B
:10E780000248FBF7C3FF0148FBF7C0FF549703089B
:10E7900078970308A0F10400FFF70ABFF0B516460A
:10E7A0002DED028B026815692A4A89B00024954232
:10E7B000CDE90144039444D190F87C408CB390F8A7
:10E7C000884074B301AAFFF7BBFD04460D4654EA26
:10E7D000050320D19DF80C3053B39DED018AB0EEB6
:10E7E000480AFAF7BFF818BBDDED028AB0EE680AF6
:10E7F000FAF7B8F8E0B9F0EE680AB0EE480A04A8F3
:10E80000F9F7B2FE9DF8103003B3069B079A7360C8
:10E81000059B3260B3602046294609B0BDEC028BEF
:10E82000F0BD04252046294609B0BDEC028BF0BDA1
:10E830004FF4803400252046294609B0BDEC028BF8
:10E84000F0BD01AAA84704460D46C0E780241D4636
:10E85000E1E700BF91E50108436ADFED4D4AD0EDE5
:10E86000011A90ED054A90ED021A90ED032A9FEDF2
:10E87000493AC26CDFED483A012B036B0CBF90EDB7
:10E880000A6A9FED456AC0ED0B3A012BC36B0CBFC2
:10E89000D0ED0D6ADFED406AC0ED0E3A012B436CFE
:10E8A0000CBFD0ED105AD0ED075A012B036A0CBFF4
:10E8B00090ED127A9FED387A0162CB1A07EE903A0A
:10E8C000B8EE675AF0EE462AC5EE247A002343627A
:10E8D00003634364C3630023C364D0ED064A90ED31
:10E8E000045AE1EEE72AA1EEA76AF0EE661AF4EE0A
:10E8F000442AE1EE671AF1EE10FAC8BFB0EE624AA0
:10E90000E1EE276AB4EEC46AF0EE472AE2EE672A27
:10E91000F1EE10FAF4EE641A58BFB0EE446AF1EE6C
:10E9200010FAC8BFF0EE614AA2EE277AF4EEE46A6C
:10E93000F1EE10FAF4EE452A58BFF0EE646AF1EEFB
:10E9400010FAC8BFB0EE625AB4EEC57AF1EE10FA12
:10E9500058BFB0EE457A67EE877A80ED0A6A37EEE7
:10E96000A56AC0ED0D6AC6EE036AFDEE666A012A6D
:10E97000F8EEE66A08BFD0ED143A80ED127AA6EE02
:10E98000C36A77EEA37A80ED106AC0ED147A7047FF
:10E99000A037204DDB0FC940000000000369002BA9
:10E9A00035D093ED007A8369D0ED057A6BB31B689F
:10E9B0001968B4EEE77AF1EE10FA00F5804306D557
:10E9C000012283F8202093F8212062B9704793F840
:10E9D0002020002AF7D0B4EEE77AF1EE10FAF2DB4D
:10E9E0004FF480721A84DA69B2F5805F08D200EBC6
:10E9F000820010B4541CDC615DF8044BC1617047A7
:10EA00000022DA6183F8212070470021D1E79FEDD1
:10EA1000017AC8E7000000000378194301707047CD
:10EA200003680B430360704710B52DED048B90ED28
:10EA3000028A9FED839A38EE088AF7EE007A28EE74
:10EA4000099A0446B4EEE79AF1EE10FA40F1D68046
:10EA50000268D2F8583193F89C1093ED284AD3ED10
:10EA6000296AD3ED2A7A93F8AC00002900F0BF8020
:10EA7000002800F0D98094ED036AD3ED0C4A94EDA0
:10EA8000095AD4ED085A94ED070AD4ED060A94ED1C
:10EA9000013AD3F86411D3F86821DFED6A8A76EE83
:10EAA000E76ADFED697A26EE066A66EEA76AF7EE98
:10EAB000007A87EE867AA4EEE65ADFED617AE4EE1C
:10EAC000C45AA5EE270AE5EEA70AD3ED0B4A236B3D
:10EAD0002162F0EE405AE6EEE45A012B6262B0EE9B
:10EAE000605AA4EEC45A27EE037AF6EE003A27EEF7
:10EAF000237A65EEA53A08BFD4ED0D9AE5EE053A06
:10EB000036EE636A27EE067A25EE075A65EE875AD7
:10EB1000E5EE270AA5EEA70A94ED057A18BFDFED0A
:10EB20004B7AC4ED060A0CBF69EEA77AF0EE679A3D
:10EB300077EE877A84ED070A87EEA87ABDEE477AEA
:10EB4000B8EEC77AA6EEE40AE7EE687AE4EEC40A05
:10EB5000C4ED057AF9F7E0FDD4ED057A9FED386A4A
:10EB6000236830EE677A28EE088AF5EE006A28EE10
:10EB7000268AC7EE286AFDEE666AD3F85831F8EEA9
:10EB8000E66A28EE068AA6EEE87AF0EE696AE9EE11
:10EB9000077AE8EE076A87EEA86ABDEE466A93ED4B
:10EBA000087A84ED0B0AB8EEC66AB8EEC77AE6EECC
:10EBB000687A0023A362B7EE006AB4EEC67AF1EE7B
:10EBC00010FAC4ED057AC4ED0D6A236305D437EE5F
:10EBD000077ADFED1F8A67EE288AC6EEA87ABDECB9
:10EBE000048B00230120A363C4ED0F7A10BDDFED79
:10EBF000177AB0EE674AF0EE676A3CE70121103001
:10EC0000FFF70AFF2068802100F51270FFF708FF68
:10EC1000BDEC048B002300206361E363A0632362E7
:10EC20006362A361E36110BD04F110000221FFF7EC
:10EC3000F3FE802102F51270FFF7F2FEE8E700BF55
:10EC40006F120339DB0FC9403ACD133F00000000BB
:10EC5000DB0F494061EE013A32EEA27A11EE103A32
:10EC6000C3EE877A002B30EE605AF0EEE77AB8BF39
:10EC7000F1EE677A75EE677A17EE903A002B72DA4A
:10EC8000B1EE422AB1EE617AF1EE417AB1EE453A47
:10EC9000FFEE005AF4EEE71AF1EE477AF1EE10FAC1
:10ECA00087EEA26A77EE416A80ED072A48BFB1EE8F
:10ECB000422AC6EE827AF6EE004A66EE246A31EE09
:10ECC000074A67EEA44A66EE876A48BF80ED072AC6
:10ECD000E4EE846AC0ED092A66EEA54A80ED087A62
:10ECE000F4EEC34AF1EE10FA80ED0C6AC0ED0A7A38
:10ECF00044DD72EE027A32EEC27A67EEA27ADFED7E
:10ED0000404A67EE857AE3EEA27AC7EE876AF4EEB0
:10ED1000E46AF1EE10FA55D4F1EEE67A65EEA75A00
:10ED200035EEC17AC0ED085AC7EE027AF4EEE47A05
:10ED3000F1EE10FA5CDCB0EE647AF0EE647AF1EE9B
:10ED4000655A85EEA26AF0EE676AB5EEC06AF1EE2A
:10ED500010FAD8BF9FED2A6A9FED294AC0ED0A6AD2
:10ED600080ED0C6A12E0B0EE453AF0EE417AB0EE7A
:10ED7000617AF1EE622AF7EE005A8BE735EE665AB9
:10ED800067EEA74A85EE074A37EE847AF0EE606AAE
:10ED9000E1EE276AF6EE005A62EE255A77EE067A21
:10EDA000B0EE667AA5EEA47A80ED0B4AC0ED0D7A3E
:10EDB000C0ED040A80ED050A80ED061A80ED0E7A9A
:10EDC0000120704765EEA45A35EEC17AC0ED085AAD
:10EDD000C7EE027AF5EEC07AF1EE10FA08DCF0EE3A
:10EDE000646AB0EE647AF0EE647AB0EE646AB3E717
:10EDF0009FED037A67EEA74A37EE877A9FE700BF59
:10EE000000000000B5EEC00AF1EE10FA88B03DD463
:10EE1000D0ED0A7AF4EEC07AF1EE10FA15DDD0EDFD
:10EE2000060A90ED047A90ED071AA0EE807AF6EECD
:10EE3000007A61EE277A60EE006AE1EE000AA7EE42
:10EE4000A67AB0EE470A08B07047D0ED0B6A77EEAD
:10EE5000A66AF4EEC06AF1EE10FA21DCD0ED0D7A6C
:10EE6000F4EEC07AF1EE10FA28DD70EE670A90ED4C
:10EE7000091A90ED057AF6EE007A60EEA06A61EE6E
:10EE8000277A60EE810AA7EEA67ADAE790ED047A97
:10EE9000D0ED060A9FED0D1AB0EE470A08B0704794
:10EEA000D0ED080A90ED0E7A9FED081A70EE677AA1
:10EEB000A0EEA77AB0EE470A08B07047C1D89FED20
:10EEC000031A90ED057AF0EE410ABAE7000000005F
:10EED0002DE9F043174B89B00A260127CDE90067D9
:10EEE00000260F27CDE9026706460FCB04AD85E863
:10EEF0000F00114F002444F2CC1804EB440307EB3D
:10EF0000830353F8080005F0FBFD50B1D5F80090DD
:10EF1000306869464A46F4F77FFF30684946F4F79F
:10EF20005BFC0134042C05F10405E6D109B0BDE811
:10EF3000F08300BF1C90030890A30020032919DC74
:10EF400000EB41002C4B8088102898BF03EBC003D6
:10EF50004FEA410C186868B19B885BB1F0B5006955
:10EF6000264C034283B006D1635C254D6BB9254E18
:10EF7000002003E07047224D224E0120012346F875
:10EF800021206854635403B0F0BD6B5C1D4E002B10
:10EF9000EED056F821301C4FD31AA3F52440103878
:10EFA000B842E5D8BB421948DFED196A019228BF83
:10EFB0003B46834238BF0346A3F5A433203B07EE0C
:10EFC000903AF8EEE77A134B009187EEA67A8C44DC
:10EFD00003EB8C0303F5834090ED140AD0ED157A12
:10EFE00044F2CC1077EEC07A1858A7EE270A05F045
:10EFF0009BFDDDE90012BBE7E80F00205CA30020C9
:10F0000060A3002064A3002040900200204801007B
:10F010000010A44790A3002003681B681A69920798
:10F0200010B5044609D41A69500712D41A69110799
:10F030001CD41A69D20626D410BD6FF002021A61E0
:10F040005A6B0021FFF77AFF23681B681A69500783
:10F05000ECD56FF004021A619A6B01212046FFF78C
:10F060006DFF23681B681A691107E2D56FF008026B
:10F070001A61DA6B02212046FFF760FF23681B68E4
:10F080001A69D206D8D56FF010021A6120461A6CA0
:10F09000BDE810400321FFF751BF00BFBFF34F8F02
:10F0A0000549064BCA6802F4E0621343CB60BFF324
:10F0B0004F8F00BFFDE700BF00ED00E00400FA0540
:10F0C000B1F5805F3ABF00EB810090ED070A9FED3C
:10F0D000010A70470000C07F08B5FFF7DFFF00BFDF
:10F0E000024B1A6888181860704700BFC8E60020F5
:10F0F00001F10E03FD2B1ED811F10C0F02DA4FF0B7
:10F10000004070474BB2002B18DB01F1604303F560
:10F11000614393F8000300090E4B4A0901F01F01F7
:10F1200053F8222001238B40134214BF01230023F4
:10F1300040EAC37070474FF0FF307047064A03F053
:10F140000F031A440029107E4FEA1010E4DA40F051
:10F150000040704700E100E0FCEC00E010B5214CFD
:10F160008E460FCC90B0EC46ACE80F000FCCACE86C
:10F170000F000FCCACE80F0094E80F00BEF10F0FAA
:10F180008CE80F0029D810AB03EB8E0E5EF8403CE4
:10F190001A6862B11A6818684FF00041C2F34263FE
:10F1A000C0F30140084340EA830010B010BD5A6824
:10F1B000002AEFD19A68002AECD1DA68002AE9D156
:10F1C00019690029E6D15A69212AE3D11A68186819
:10F1D000C2F34263C0F30140E4E74FF0FF3010B0E8
:10F1E00010BD00BF2C90030810B40B4C0023184630
:10F1F00004F1040C54F8332042B112693CF8331086
:10F20000114214BF012200229A4010430133112BF6
:10F21000F0D15DF8044B7047E80F002000B543F6CD
:10F22000655C01EB020E11F8012B082380EA022035
:10F2300002B24000002A03F1FF3380B2B8BF80EA77
:10F240000C0013F0FF03F3D17145ECD15DF804FB22
:10F2500008B502F013FAFFF721FF00BF38B5064DDD
:10F26000E868EDF749FF0446D5F8BC01EDF744FF27
:10F270000146204638BD00BFD08C002000000000B1
:10F28000174B9FED157B30B54FF0000C03F5AC6EBE
:10F290000022D3E93F41D3F8585101F5405185EDA3
:10F2A000247B81F8DC28D3F8AC10227403F52C738E
:10F2B0007345A1F88C20C1F8CCC043F8682CE8D184
:10F2C000084B80F8382093F8A83103B930BDBDE869
:10F2D0003040F9F74FBB00BF000000000000000005
:10F2E0007010002090E30020F8B51D4803F058FA94
:10F2F00050B11C4C1C4D1D4E04F5D87794F83810B5
:10F300002846FCF763FC08B90020F8BDD6F80001D8
:10F31000FEF76AF80028F7D0D6F86001FDF7B8FECE
:10F320000028F1D0D6F86401FDF7B2FE0028EBD03A
:10F330002046FBF775FB0028E6D0A069FCF70EFB22
:10F340000028E1D03046FAF785F9BC42DDD004F55B
:10F35000D87405F5D07506F52C760028CED1D3E704
:10F3600070E40020D08C00209089002070100020D4
:10F37000064B102998BF03EBC10393E8030082B04A
:10F380006B4683E8030002B0F9F7F4BCE80F0020F5
:10F3900008B590F84C30032B00D008BD90F84D30E4
:10F3A000042BFAD972B6024B024A1A60FFF776FEB6
:10F3B000F4F90020EFBEADDE03781940017070470C
:10F3C00003680B430360704703781943017070476B
:10F3D0002DE9F04F074D95F80CE0BEF1020F83B018
:10F3E0000AD0BEF1010F11D003232B73002003B00C
:10F3F000BDE8F08F78A30020BB4928694FF4A872BC
:10F4000002F0BCF90028EFD195F80CE0B649AB8AC0
:10F4100001F5A87643F6655411F8010B082283EA3A
:10F42000002318B25B00002802F1FF329BB2B8BF84
:10F43000634012F0FF02F4D1B142EDD128696B6153
:10F4400000F5A870BEF1020F286100F09781BEF1AF
:10F45000010FC9D1A54E43F6655406F10C0716F805
:10F46000012B83EA0223082219B25B00002902F172
:10F47000FF329BB2B8BF634012F0FF02F4D1BE422C
:10F48000EDD1DFF874829A4E9A4F0C30BEF1020F24
:10F49000C5E9040308F5AC6B43F66554A6F15809B9
:10F4A00000F05581BEF1010F9ED1AB8A19F8011B06
:10F4B000082283EA012319B25B00002902F1FF321E
:10F4C0009BB2B8BF634012F0FF02F4D1B145EDD159
:10F4D0002869D8F8ECA06B615830BEF1020F2861A2
:10F4E0000AF1040900F03E81BEF1010F7FF47CAF08
:10F4F0000AF1100A43F6655119F8012B83EA022339
:10F5000008220FFA83FC5B00BCF1000F02F1FF320E
:10F510009BB2B8BF4B4012F0FF02F2D1D145EBD104
:10F52000D8F8F020019200F10C0ABEF1020FC5E9F3
:10F5300004A302F1180900F03081BEF1010F7FF43D
:10F5400053AF019A02F5635C0CF1180C43F6655059
:10F5500019F8012B83EA0223082219B25B00002963
:10F5600002F1FF329BB2B8BF434012F0FF02F4D168
:10F57000E145EDD10AF56350D8F84CA1BEF1020F78
:10F58000C5E904030AF1040900F01681BEF1010F78
:10F590007FF42AAF0AF1100A43F6655C19F8012BD3
:10F5A00083EA0223082219B25B00002902F1FF322C
:10F5B0009BB2B8BF83EA0C0312F0FF02F3D1D1452E
:10F5C000ECD1D8F850A10C30BEF1020FC5E904030C
:10F5D000D14600F0FD80BEF1010F7FF405AF0AF1C6
:10F5E000100A43F6655C19F8012B83EA022308220E
:10F5F00019B25B00002902F1FF329BB2B8BF83EA67
:10F600000C0312F0FF02F3D1D145ECD1D8F854A18C
:10F610001030BEF1020FC5E90403D14600F0EC80C2
:10F62000BEF1010F7FF4E0AE0AF1100A43F6655C0B
:10F6300019F8012B83EA0223082219B25B00002982
:10F6400002F1FF329BB2B8BF83EA0C0312F0FF0253
:10F65000F3D1D145ECD16B61D8F858311030BEF1FF
:10F66000020F286103F1040900F0EA80BEF1010FE6
:10F670007FF4BAAEA88A49460822FFF7CFFD2B7B5C
:10F6800068612869022B00F10800286100F0D08031
:10F69000012B7FF4A9AEA88A68223946FFF7BEFD88
:10F6A00057F8083C686103F12C0928692B7B683006
:10F6B000022B286100F0B480012B7FF495AEA88A5C
:10F6C00049460C22FFF7AAFD57F8043C686103F194
:10F6D0002C0928692B7B0C30022B286100F09880C4
:10F6E000012B7FF481AE09E008E5002078E40020DA
:10F6F0001C8A0020EC8C002080100020A88A49463B
:10F700002422FFF78BFD2B7B68612869022B00F117
:10F710002400286168D0012B7FF466AEA88A414698
:10F720009C22FFF77BFD2B69686108F52C789C33E0
:10F73000C3452B612FD095F80CE006F5D076BEF1CD
:10F74000020F07F5D877A6F158097FF4ABAE286908
:10F750005822494602F012F800287FF445AE95F889
:10F760000CE0A2E60C22494602F008F800287FF4DB
:10F770003BAEAB8A286995F80CE0B9E60C22A1F5FE
:10F78000F07101F0FBFF00287FF42EAEAB8A2869F0
:10F7900095F80CE05EE6012029E650464FF46352EE
:10F7A000494601F0EBFF00287FF41EAEAB8AD5F886
:10F7B00010A095F80CE0C4E60C22494601F0DEFFEB
:10F7C00000287FF411AEAB8A286995F80CE0E1E6D9
:10F7D0001022514601F0D2FF00287FF405AEAB8A1B
:10F7E000286995F80CE0FAE69C22414601F0C6FF34
:10F7F00000287FF4F9AD91E71022514601F0BEFFD9
:10F8000000287FF4F1ADAB8A286995F80CE00BE78E
:10F810002422494601F0B2FF00287FF4E5AD6DE7F0
:10F820000C22494601F0AAFF00287FF4DDAD46E72F
:10F830006822394601F0A2FF00287FF4D5AD2AE7FF
:10F840000822494601F09AFF00287FF4CDAD11E768
:10F8500070B582B0EFF3108572B6404BD3F85821E3
:10F8600092F89C20CAB9D3F8083493F89C30A3B915
:10F870003B4C237B6BB900204AF6CC310123C4E911
:10F8800004012373FFF7A4FD28B1237B2669012B14
:10F8900008D003232373FFF701FC85F310880020B1
:10F8A00002B070BD0236266101F000FF8642F0D83A
:10F8B000206901F035FF0028EBD100204AF6CC3159
:10F8C0000223C4E904012373FFF782FD0028E2D07C
:10F8D000227BA38AADF80630022A04D0012A0AD07E
:10F8E00003262673D7E720690DF1060101F046FFD4
:10F8F0000028F5D1A38A9DF80610082283EA012387
:10F9000043F6655019B25B0000299BB202F1FF3249
:10F91000B8BF434012F0FF02F4D19DF8072008263B
:10F9200083EA022343F665511AB25B00002A9BB2B8
:10F9300006F1FF32B8BF4B4012F0FF06F4D1226946
:10F9400063610232226101F099FF0028C8D1267359
:10F95000A1E785F3108818F0E3F900BF70100020CC
:10F9600078A30020C043C0B27047000038B53F4DB7
:10F97000EFF7C6FEF9F7CCF804F0BEFE3C48FFF7FF
:10F98000A7FAD5F8AC00838EDA0564D4D5F85C0309
:10F99000838EDB0566D4D5F85801FBF765F8D5F8FA
:10F9A0000804FBF761F8D5F8AC00FCF79DFFD5F82B
:10F9B0005C03FCF799FF95F8D010D5F8583102296F
:10F9C00003F5CE7295F88013C5F8C8201CBF02233A
:10F9D00085F8D030D5F80834022903F5CE731CBF62
:10F9E000022285F88023C5F87833F9F70FF8F9F784
:10F9F00051FB4FF4FA64D5F8583193F8AC3001203C
:10FA000023B3D5F8083493F8AC30FBB10220FFF7EC
:10FA1000A9FF0246D5F8FC0011461030FFF7CCFCD8
:10FA2000D5F8AC0311461030FFF7C6FC0F48F9F7C4
:10FA3000ADFD1048F9F7AAFD0F4B1049012283F8DC
:10FA400060200868BDE83840F6F7D0B9F7F706F847
:10FA5000013CD0D1DAE7FCF71BFFD5F85C03838EBD
:10FA6000DB0598D5FCF714FF95E700BF7010002068
:10FA7000DC0F00202013002090A30020949300208E
:10FA800090F83830ABBB1C4BD3F848228ABBD3F874
:10FA90005811D1E924210A432BD1D3F8FC20127C40
:10FAA0003ABBD3F8AC20B2F88C2012BBD3F80021BB
:10FAB00002F5405292F8DC28DAB9D3F8F824C2B93A
:10FAC000D3F80814D1E924210A4312D1D3F8AC2386
:10FAD000127C72B9D3F85C23B2F88C204AB9D3F8FF
:10FAE000B03303F5405393F8DC08003818BF012009
:10FAF00070470120704700BF7010002010B5074C00
:10FB00000021D4F85801FAF74FFF0021D4F8080477
:10FB1000FAF74AFFF8F754FFFEE700BF7010002025
:10FB20002DE9F04F4B4C94F8603085B013B905B017
:10FB3000BDE8F08FF6F752FA6066F7F7BFF9464D69
:10FB4000A066D5F83C02DFF828A1DFF82891DFF89D
:10FB50002881F6F7BFFC0646D5F8EC04F6F7BAFCA8
:10FB6000B600D5F840323D4A8000864294BF9B1BC8
:10FB70001B1ADAF80000D2F800B0E366F6F7AAFC28
:10FB8000374BABEB80001B682067D9F800001E469E
:10FB9000F6F7A0FCA6EB8000606732480196026889
:10FBA000D8F800001746F6F795FC04F58046A7EB59
:10FBB00080000297A067D6E94307F6F78BFCA7EB16
:10FBC0008007E7672848294F016838680391F6F7EE
:10FBD00081FC019BC4F88C30039B029AC4F89830D6
:10FBE000A3EB8000C4F88000D5F84002C4F884007C
:10FBF000D5F83C02D6F81051C4F89020C4F888B06B
:10FC0000C4F89450F6F718FFC4F89C00DAF8000026
:10FC1000F6F712FFC4F8A000D9F80000F6F70CFFC1
:10FC20000246D8F80000C4F8A420F6F705FF034602
:10FC3000D6F80C01C4F8A830F6F7FEFE0346386883
:10FC4000C4F8AC30F6F7F8FEC4F8B00005B0BDE873
:10FC5000F08F00BF90A300207010002044BF040864
:10FC6000D0BE040850B4030828B503084CA30020F4
:10FC7000C0F9002060F2002094930020F8B50446FB
:10FC80000D46EFF3108772B60E4E4FF08072D6F825
:10FC900058010023FAF720FFD6F808044FF08072CD
:10FCA0000023FAF719FFF8F78BFE294604F1380014
:10FCB000FFF78AFB87F31088F8BD87F3108818F0E8
:10FCC0002FF800BF7010002070B5134E00F580456E
:10FCD000D6ED007A95ED6B7AB4EEE77AF1EE10FA94
:10FCE000044607D895ED6C7AB4EEE77AF1EE10FA97
:10FCF0000CDB70BD0221FFF7C1FFD6ED007A95ED58
:10FD00006C7AB4EEE77AF1EE10FAF2DA20460421CA
:10FD1000BDE87040FFF7B2BF6C0C0020F8B500F5ED
:10FD20008045174AD5F8D832164F0133C5F8D83276
:10FD3000546A06466400D7F8AC00A4B2FCF7E4FCB1
:10FD4000D7F85C03FCF7E0FC0D4B0F4A5B6A1178B7
:10FD50005B009BB21A1B19B1C5E9B943C5F8EC2287
:10FD6000D5F8F032934238BF1346C5F8F032F8BDEB
:10FD700006F5854021466430FAF7DAFC17F0D0FF2B
:10FD8000001C004070100020AC91002010B50E4CFB
:10FD90000E4A2368934205D00D4A934206D02A2B7F
:10FDA0000ED110BD0B4B00BF013BFCD10A4B2360B1
:10FDB0000A4B83F308880A4B5B6898472368EEE791
:10FDC0002A232360FFF76AF9F4F9002075FEADDEFF
:10FDD000EFBEADDE00A86100EDFEFECA000002200D
:10FDE0000000FF1F38B50378012B054603D002231E
:10FDF0002B70002038BD406810220C4601F068FCD2
:10FE00000028F4D12B8904F1100043F6655114F851
:10FE1000012B83EA022308220FFA83FC5B00BCF16A
:10FE2000000F02F1FF329BB2B8BF4B4012F0FF024D
:10FE3000F2D1A042EBD16A68AB6010326A60012057
:10FE400038BD00BF2DE9F04FCE4ACF49D2F8103A65
:10FE5000D2F8180AB2F8162ACC4ECD4C2DED068BEE
:10FE6000034442EA03421B0CC1E9002397B0314628
:10FE700006F10C05C3F303301B01205C01F8010BF4
:10FE8000A94243EA12734FEA0212F3D100233373FB
:10FE9000EDF738FB01F0B8FB002800F06482BD4BA1
:10FEA000DFF8608302221A700DF1400ABA4FBB4C92
:10FEB000BB4EDFF85493DFEDBBAA9FEDBBAADFED8D
:10FEC000BB9A9FEDBB9A9FEDBB8ADFEDBB8A4FF4D7
:10FED000A872002107F5BC70E0F7BEFAB749C7F871
:10FEE000791101224FF0804187F8892187F8982104
:10FEF000C7F8A4114FF00332B149C7F89A21C7F8E7
:10FF000081114FF0FF42AF49C7F8C021C7F88511F2
:10FF1000AD4AC7F8C4210321AC4A87F87D114FF0E0
:10FF20008241C7F8AC110021019107CA4FF4E133B7
:10FF3000C7E96333C7F89431A54BC7F8B031C7F8A8
:10FF4000B831C7F8BC3107F1E80383E80700CDE911
:10FF500002870DF12C0B4FF40053DFF8B0E223655C
:10FF600040F201132366BEE80F0057460FC79EE814
:10FF7000030087E80300D046B8E80F00002504F12D
:10FF8000680CA586A564A4F85850E56584F864500B
:10FF900084F86550C4ED0EAA84ED0FAAC4ED109A42
:10FFA00084ED119A84ED138A84ED158AACE80F0074
:10FFB00097E80300874A884BD6F800818CE8030055
:10FFC00007CAC4F880304FF00403A4F88430D6F890
:10FFD000FC30C4F88850043383E8070029464FF406
:10FFE000635208F11800E0F737FA7C4AC8F8242079
:10FFF00040F2031CA8F818C0794AC8F82C204FF426
:020000040802F0
:10000000806CC8F844C008F540534FF0FF424FF0F1
:100010007A5CC8F83020C8F850C0724AC8F8382056
:1000200003F69C0C4FF07E526F49C8F834204FF015
:100030008040C8F84020C8F81C10C8F82800C8F84C
:100040004C00C8ED088ACCF8002003F50A6CDFF8F4
:10005000C0E1CCF8002003F6A40C6448CCF80020E2
:1000600003F6AC0C012783F8A878CCF800E0C3F8BD
:10007000B008FF2083F8B40803F6B8004FF0320C44
:10008000026003F6C40204F5D074116003F6C802DE
:10009000116003F6CC025649C2F800E003F50D6288
:1000A00011605449019A83F8C02807C9D6F85C3119
:1000B000043383E80700D6F860314F499D60C3F8E8
:1000C00004C0DD6083ED008AD6F86431C3E901C560
:1000D000DD6083ED008AD6F8683168229D809D60DE
:1000E0009F7109F11C00E1F793FFDFF828C1ACF123
:1000F0000C0107C98BE807005B46D9E905E503CB8E
:10010000CEF82C00CEF830101B788EF83430BCE8D6
:100110000F002C350FC5BCE80F000FC5DCF8003010
:100120002B603046F9F7A4F9019A06F52C7609F50B
:10013000D8790AB901970EE7DDE90287FFF7D4F80D
:1001400097F8CC327BB997F88931002B40F0FF80CB
:1001500097F88A3113B1294A126822B197F88B3186
:10016000002B40F0348187F8CC32EDF7E5F9002818
:1001700077D00025224CDFF8A0A04FF001092E46D1
:100180005DE000BF0070FF1FC8E90020B8E9002053
:10019000A497030878A3002090E300209089002012
:1001A000701000200AD7A33CDB0F4942DB0F494106
:1001B00000007A4400000000ABAA2A3E04040303B6
:1001C0000B0B020C0C0207070AD723BC6C90030828
:1001D00015AE6F427890030801000300ABAAAA3E57
:1001E0009A99993F0AD7233C0000A04100010101E0
:1001F000000020C184900308909003081C0B00208D
:10020000E80F002008E50020D08C0020B4B80308D7
:100210000000204104910308EC080020022A21D9A3
:10022000032A47D10C920F960D965946F0F798FF86
:100230000135112D04F108040AF1180A4DD0206887
:10024000A3880028F4D0002BF2D018F805200B93D7
:100250000F2A2FD80D2AE1D90F96CDE90C960E96CC
:10026000E3E7FEE700230F930F2A32D801A353F8E8
:1002700022F000BFF7030208010402080D0402087F
:10028000D3020208190402083D04020845040208CA
:100290004D04020867040208D3020208EB030208B7
:1002A0005B0302085B0302085B0302085B020208AF
:1002B0005B0202085AF8183C934200F08E805AF80C
:1002C000103C9A4200F0D0815AF8083C9A4200F063
:1002D000C881012387F8CC32AAE70024012105A8B0
:1002E0000594F6F711FC664B214618600425F6F7D5
:1002F00021FC214607A8CDE90755F6F76DFC614BB7
:100300000A9518602146072309A80993F6F764FCAB
:100310005D4B06941860012106A8F6F7F5FB5B4BD0
:1003200021461860F6F706FC594B5A491B685A4A91
:100330000B919B08584621460F93CDE90D440C9232
:10034000F6F75EFB554B1860F6F754FBFEE7544A90
:100350001268002A7FF4FCAE05E70023CDE90D33D7
:1003600002230C9361E74F4CDFF840814AF6CC3210
:10037000C4E9010201234FF4A8724146237001F041
:10038000A7F9F8B923894FF4A875464643F6655096
:1003900016F8012B83EA0223082219B25B00002918
:1003A00002F1FF329BB2B8BF434012F0FF02F4D11A
:1003B000013DEDD16068227800F5A870012AC4E9FA
:1003C000010375D0022323700DF1400A6EE5364B10
:1003D0001B68B3FA83F35B09C5E6AAF1180353451A
:1003E00018BF1B797FF43FAF73E70223CDE90C33CD
:1003F00000230E9319E70023CDE90C330E9314E785
:1004000000230C930E9301230D930EE700230C930E
:100410000E9302230D9308E797F88931002D4FF0D2
:1004200002020C9218BF01220D9203220E92002BA1
:100430007FF4FBAE012387F8CC32F6E697F88A31D9
:10044000002DECE797F88B31002DE8E700224FF004
:10045000020C97F89831CDE90CC203220E92002BC2
:100460007FF4E3AEE6E70122122197F89931CDE956
:100470000C1203220E92002B7FF4D7AEDAE700BFF6
:10048000C4E60020C0E60020BCE60020B8E600205C
:1004900050B40308989703086DF90108949300205D
:1004A000200B002078A30020A091002008E5002068
:1004B000B7490C2201F00CF9002883D12389B44EEE
:1004C0000C2543F6655016F8012B83EA0223082217
:1004D00019B25B00002902F1FF329BB2B8BF434062
:1004E00012F0FF02F4D1013DEDD16268DFF8B0A255
:1004F000A84EA94D0C32C4E901230AF5AC67237854
:10050000012B7FF45FAFA5F1580960685822494676
:1005100001F0DEF800287FF455AF238943F66550DB
:1005200019F8012B83EA0223082219B25B00002983
:1005300002F1FF329BB2B8BF434012F0FF02F4D188
:10054000A945EDD16068A3602378DAF8ECB05830A3
:10055000012B60607FF436AF0BF104090C22494691
:1005600001F0B6F800287FF42DAF23890BF1100BB2
:1005700043F6655019F8012B83EA0223082219B2C9
:100580005B00002902F1FF329BB2B8BF434012F07A
:10059000FF02F4D1D945EDD16068A3602378DAF881
:1005A000F0B00C30012B60607FF40CAF0BF1180938
:1005B0004FF46352494601F08BF800287FF402AFF4
:1005C0000BF5635C23890CF1180C43F6655019F8A0
:1005D000012B83EA0223082219B25B00002902F1F1
:1005E000FF329BB2B8BF434012F0FF02F4D1E145A5
:1005F000EDD16068A3602378DAF84CB100F5635060
:10060000012B60607FF4DEAE0BF104090C22494639
:1006100001F05EF800287FF4D5AE23890BF1100BB2
:1006200043F6655019F8012B83EA0223082219B218
:100630005B00002902F1FF329BB2B8BF434012F0C9
:10064000FF02F4D1D945EDD1A3606368DAF8501107
:1006500052480C336360FFF7C5FB40B90DF1400A07
:1006600024E4AAF10803BAE6AAF11003B7E6DAF81F
:1006700054114A48FFF7B6FB0028EFD02278DAF889
:100680005831012A7FF49EAE03F104096068082204
:10069000494601F01DF800287FF494AE20894946B0
:1006A0000822FEF7BBFD2378A0606068012B00F1F3
:1006B000080060607FF486AE6822314601F008F8D9
:1006C00000287FF47FAE208968223146FEF7A6FD20
:1006D0002278A060606856F8083C6830012A6060A3
:1006E0007FF470AE03F12C090C22494600F0F0FFB4
:1006F00000287FF467AE20890C224946FEF78EFD64
:100700002278A060606856F8043C0C30012A6060D2
:100710007FF458AE03F12C092422494600F0D8FF9B
:1007200000287FF44FAE208949462422FEF776FD4B
:100730002378A0606068012B00F1240060607FF4E2
:1007400041AE9C22514600F0C3FF00287FF43AAE30
:1007500020899C225146FEF761FD6268A0600AF57F
:100760002C7A0346574502F19C0006F5D87605F52C
:10077000D07560607FF4C3AE9B462378012B914611
:100780000DF1400A0ED002232370FFF78FBB00BF8C
:1007900078E40020EC8C00201C8A002078A3002044
:1007A000801000200222514600F092FF0028EAD17A
:1007B0009DF84020238943F6655083EA02230822EE
:1007C00019B25B00002902F1FF329BB2B8BF43406F
:1007D00012F0FF02F4D19DF8412043F6655083EA00
:1007E0000223082219B25B00002902F1FF329BB2FA
:1007F000B8BF434012F0FF02F4D1A3606368023334
:1008000063602378012B03D000232370FFF74EBBD6
:10081000BDF840305B45F7D12270FEF765FD00283A
:100820003FF444AB034F09F19E03C7F8C8320DF102
:100830002C0B85E490E3002070B56C4D44F2283217
:1008400000212846DFF708FE694A6A4B14786A4A95
:1008500018786A4912780978002364F3070360F373
:100860000F2362F31743664A2A6061F31F63654AE8
:100870006549C5F84F30C5E90F12644AAA64644956
:10088000644B6548686540F20362A5F84C20382245
:10089000C5E9161385F84E20604B614A6149C5F8D9
:1008A000BC10C5E92D2300264FF07E504FF4805236
:1008B00005F5804468644FF07C53C5F8C820314684
:1008C0004FF4804205F1D800C5F8D030DFF7C4FD01
:1008D000554AC4F8E0200122544B84F8EC2004F17E
:1008E000E0014FF48062C4F8E830C4F8102105F547
:1008F0008345A4F8DC6084F8E46004F59073C4F8E0
:10090000F410FF2203F80C2C0C339D42FAD1484B13
:10091000C4F8B031C4F8B831C4F8BC314FF0FF436B
:10092000C4F8C031434BC4F8C4310023C4F8A0312B
:100930004FF08043C4F8A4314FF08243C4F8AC3187
:100940003D4E4FF4E133C4E96333C4F894314FF0C2
:100950000333C4F89A310FCE04F5BC7CACE80F0029
:10096000002533688CF800304FF0010E3022294604
:1009700004F5E670A4F889E1A4F898E1C4F874518C
:1009800084F88B5184F8A85184F8B451C4F8C85144
:10099000DFF762FDCC22294604F5FE70DFF75CFD2F
:1009A000264B274A1B78C4F8C852FF3B18BF0123C7
:1009B000C4E9B455C4E9B655C4E9B955C4E9BB5551
:1009C000C4E9BD55C4E9BF55C4E9C155C4E9C3551F
:1009D000C4E9C555C4E9C75584F8CC5284F8E0523F
:1009E00084F824331570157370BD00BF90A30020E8
:1009F0004FBF04084EBF04084DBF04084CBF040895
:100A00002CBB030858A300206C0C0020C8E9002070
:100A100054A3002050A3002055A30020C4F90020B7
:100A2000B4F9002020BB0308C4BB030890D0030026
:100A300015AE6F420AD723BC289103080078FF1F28
:100A400078A300202DE9F04F00F5804AC94ADAF872
:100A5000DC32CAF8D4120133CAF8DC32566AC64C0A
:100A600083B0760001908846B6B204F5AC6923469F
:100A7000D3F8E420D3F800110132C3F8E420D3F80E
:100A8000EC200132C3F8EC20D3F8F42001F54051FA
:100A90000132C3F8F420D1F84809D3F8AC20013072
:100AA000C1F84809D2F89C00D3F858110130C2F8B7
:100AB0009C00D2F8A4000130C2F8A400D2F8D00003
:100AC0000130C2F8D000D2F8D8000130C2F8D80006
:100AD000D2F8E0000130C2F8E000D1F890210132F4
:100AE000C1F89021D1F89C210132C1F89C21D3F8A2
:100AF00028210132C3F82821D3F834210132C3F868
:100B00003421D3F840210132C3F84021D3F84821E1
:100B10000132C3F84821D3F850210132C3F85021E3
:100B2000D3F8FC20916A01319162116B013111639C
:100B3000916B03F52C7301319945916398D116F0AF
:100B400077F98E48FDF72AFF8A4B8D4D5B6A29782D
:100B50005B009BB29A1B19B1CAE9BD63CAF8FC22BB
:100B6000DAF80033844EDFF80CB2934238BF1346F4
:100B7000CAF80033DBF82470D6F860017F00BFB2FA
:100B8000FCF740FAD6F86401FCF73CFADBF82430B5
:100B900029785B009BB2DA1B19B1C6E96773C6F806
:100BA000A421D6F8A831934238BF1346C6F8A8311D
:100BB00006F52C76B145DDD16E4B6F4E5B6A5B005E
:100BC0001FFA83FB41463046F8F77AFD0746304668
:100BD000F8F7B4FD07B120B9D6F858010021F9F7AC
:100BE000E3FE06F52C76B145ECD1624B29785B6AC1
:100BF0005B009BB2A3EB0B0219B1CAE9C1B3CAF8FF
:100C00000C23DAF810335C4E934238BF1346CAF80F
:100C10001033DFF860A1DAF82470D6F858317F007D
:100C20005869BFB2FAF7DAFDD6F858319869FAF781
:100C3000D5FDDAF8243029785B009BB2DA1B19B1B4
:100C4000C6E95B73C6F87421D6F87831D6F8AC00E3
:100C5000934238BF1346C6F87831DAF824707F0023
:100C6000BFB2FBF7FBFEDAF8243029785B009BB2B9
:100C7000DA1B19B1C6E95F73C6F88421D6F888314A
:100C8000934238BF1346C6F8883106F52C76B14535
:100C9000C1D13C4E374F7B6AD4F8FC004FEA430A7F
:100CA0001FFA8AFAFDF7C0FE7B6A29785B009BB2C7
:100CB000A3EB0A0219B1C4E963A3C4F89421D4F8E0
:100CC0009831D4F80001934238BF1346C4F89831E4
:100CD0007B6A4FEA430A1FFA8AFAFCF7E3FC20B961
:100CE0004FF400713046FEF76BFB7B6A29785B009E
:100CF0009BB2A3EB0A0219B1C4E96FA3C4F8C421E3
:100D0000D4F8C831934238BF1346C4F8C8317B6A5F
:100D100041464FEA430A04F582701FFA8AFAFDF74A
:100D20009BFD7B6A29785B009BB2A3EB0A0219B199
:100D3000C4E973A3C4F8D421D4F8D831D4F8580145
:100D4000934238BF1346C4F8D8317B6A41464FEA14
:100D5000430A1FFA8AFAFAF789FB7B6A29785B0053
:100D60009BB2A3EB0A0279B1C4E97BA3C4F8F421D6
:100D70000AE000BF001C0040701000204CA40020BE
:100D8000AC910020B8120020D4F8F831D4F8580102
:100D9000934238BF1346C4F8F8317B6AC8304FEA33
:100DA000430A41461FFA8AFAFDF702FC7B6A29785A
:100DB0005B009BB2A3EB0A0219B1C4E97FA3C4F89C
:100DC0000422D4F80832934238BF1346C4F80832DC
:100DD00004F52C74A14506F52C767FF45CAF384BF6
:100DE000D3F83C0210B10121F5F740FE344BD3F8A3
:100DF000EC0410B10121F5F739FE324BD3F8C821CC
:100E0000314B102A98BF03EBC2031C685CB12F481A
:100E10009D88FEF735FE29460246204603B0BDE810
:100E2000F04FF0F771BB03B0BDE8F08F514604F509
:100E3000FE70F9F77DFC16F073FF514604F5F6706D
:100E4000F9F776FC16F06CFF514604F5E670F9F7F9
:100E50006FFC16F065FF514604F5DE70F9F768FC8B
:100E600016F05EFF514604F5C670F9F761FC16F006
:100E700057FF394606F5BE70F9F75AFC16F050FFD9
:100E8000394606F5B670F9F753FC16F049FF019B99
:100E900003F5864059460430F9F74AFC16F040FF46
:100EA000394606F5CE70F9F743FC16F039FF019B81
:100EB00003F5854031467430F9F73AFC16F030FFFF
:100EC0007010002090E30020E80F002090A3002085
:100ED00070B50468654DAC4288B05FD0644DAC42DB
:100EE00017D0644DAC427BD0634DAC4200F086809D
:100EF000624DAC4266D0624DAC4200F08D80614DD7
:100F0000AC4200F0A580604DAC4200F09380002020
:100F100042E005F55055002601962E6B46F002067C
:100F20002E632D6B05F002050195019D8088400818
:100F300044D0B0FA80F0C0F120001FFA80FE4FEAE2
:100F40004E004FF0030C0CFA00FC82406FEA0C0CD0
:100F5000266801F0030506EA0C0685403543256046
:100F600021F01005013D012D10D88340A06800EA52
:100F70000C000343A36063680120090900FA0EF026
:100F800001FA0EF123EA000319436160E36803EA02
:100F90000C031A430120E26008B070BD05F56055EE
:100FA000002600962E6B808846F001062E632D6B7E
:100FB00005F0010500954008009DBAD16FF0030CC3
:100FC0008646C5E705F52055002604962E6B46F0AB
:100FD00010062E632D6B05F010050495049DA5E702
:100FE00005F54055002602962E6B46F004062E634A
:100FF0002D6B05F004050295029D97E705F5305528
:10100000002603962E6B46F008062E632D6B05F026
:1010100008050395039D89E705F5105500260596FB
:101020002E6B46F020062E632D6B05F020050595EE
:10103000059D7BE705F5E055002607962E6B46F0EB
:1010400080062E632D6B05F080050795079D6DE7E3
:1010500005F50055002606962E6B46F040062E63D9
:101060002D6B05F040050695069D5FE700000240E8
:101070000004024000080240000C02400010024040
:101080000014024000180240001C02402DE9F0410B
:10109000B0F804C05FEA5C0C82B000F09980BCFA42
:1010A0008CFCCCF1200C544D1FFA8CFC0CEB4C0E3C
:1010B00005EB8E0E0468BFF35B8F5EE8006F002EB9
:1010C00003D14EE80047002FF7D1BFF35B8F0CBF71
:1010D0000124002440F08E80484C494F00260196A0
:1010E000666C46F4804666644FEA9C0E646C4FEA78
:1010F0008E0E0EF1804E04F480440EF59C3E019459
:101100000CF00308019CDEF808404FEA88080F261F
:1011100006FA08F624EA06040668BE421AD007F565
:101120008067BE4245D0374FBE424CD0364FBE429C
:1011300044D0364FBE424ED0354FBE4250D0354FD0
:10114000BE4252D0344FBE420CBF0726082606FAD4
:1011500008F634438688CEF8084030486FEA060E19
:10116000E1B9816801EA0E0181602C49E2B1CA68E7
:101170003243CA6029494C6804EA0E044C600C688A
:1011800034430C600CEB4C0C4E61089905EB8C025F
:10119000C2E90131012002B0BDE8F081816831432C
:1011A00081601E49002AE2D1CA6802EA0E02CA60C2
:1011B000E0E7012606FA08F63443CBE7032606FAF1
:1011C00008F63443C6E7022606FA08F63443C1E7B8
:1011D000094DAE466EE7042606FA08F63443B9E731
:1011E000052606FA08F63443B4E7062606FA08F69A
:1011F0003443AFE72046CEE7D4E600200038024073
:101200000000024000080240000C024000100240B2
:101210000014024000180240001C0240003C014043
:101220008288530830B404D0B3FA83F3C3F12003A7
:101230009BB203EB43030C4900684FEA830C01EBBC
:10124000830351F80C40844201D030BC7047074CF6
:101250002568002015432560626130BCC3E90100A8
:1012600041F80C00704700BFD4E60020003C01406C
:10127000054B5A69D20706D504494A6801205861CE
:101280000AB1886810477047003C0140D4E600204E
:10129000054B5A69920706D504490A69022058612C
:1012A0000AB1486910477047003C0140D4E600206D
:1012B000054B5A69520706D50449CA69042058618A
:1012C0000AB1086A10477047003C0140D4E600208C
:1012D000054B5A69120706D504498A6A08205861E5
:1012E0000AB1C86A10477047003C0140D4E60020AC
:1012F000054B5A69D20606D504494A6B102058613D
:101300000AB1886B10477047003C0140D4E60020CA
:101310001E4B5A69920610B506D51D490A6C20204D
:1013200058610AB1486C9047184B5A69540606D563
:101330001749CA6C402058610AB1086D9047134B99
:101340005A69100606D512498A6D802058610AB183
:10135000C86D90470D4B5A69D10507D50C494A6EA7
:101360004FF4807058610AB1886E9047074B5A69F4
:10137000920509D506490A6F4FF4007058611AB1F9
:10138000BDE81040486F104710BD00BF003C014051
:10139000D4E600202B4B5A69510510B508D52A49CF
:1013A000CA6F4FF48060586112B1D1F88000904745
:1013B000244B5A69120509D52349D1F888204FF4E6
:1013C0000060586112B1D1F88C0090471D4B5A69EA
:1013D000D40409D51C49D1F894204FF480505861A9
:1013E00012B1D1F898009047164B5A69900409D56C
:1013F0001549D1F8A0204FF40050586112B1D1F82E
:10140000A40090470F4B5A69510409D50E49D1F8F1
:10141000AC204FF48040586112B1D1F8B000904731
:10142000084B5A6912040BD50749D1F8B8204FF47C
:101430000040586122B1BDE81040D1F8BC0010470F
:1014400010BD00BF003C0140D4E60020024B00224A
:101450001A609A80704700BFCCE6002030B50023A8
:1014600087B0416803910122CDE901330223CDE920
:1014700004230546EFF710FD0A4BF322DA606946B4
:1014800001A8EFF70BFE38B9EB682B600446EFF7C5
:1014900017FD204607B030BDEFF712FDEFF71AFD3C
:1014A00007B030BD003C02402DE9F0410646C0685F
:1014B000884250D8B4688818A0424CD25BB21D0153
:1014C00045EA83051D4345EA83154B0003F00603F7
:1014D00001F00308FF249C40904421F00307EFF73C
:1014E000DBFC1E4BE443F322EDB2E4B2DA600EE023
:1014F000316945EA0402002301EB9701D2B2184694
:10150000EFF71CFDA8F1040804460437E8B9B8F168
:10151000030FEDD8B8F1000F12D0C8F104084FEA5C
:1015200048086FF0FF023169254342FA08F20023B0
:101530002A4301EB97011846D2B2EFF7FFFC20B91E
:10154000EFF7BEFC0020BDE8F081EFF7B9FCBDE885
:10155000F041EFF7BFBC4FF0FF30F4E7003C024032
:1015600052B2F0B5C4684FEA021E06464EEA820E39
:10157000C81C20F0030042EA0E0E251D4EEA821E12
:10158000A8424FFA8EF7A0EB01015FFA8EFE38D326
:10159000421E36699208B25CD2B281B14FEA410C68
:1015A0006FF0FF0141FA0CF122EA01020EEA01019B
:1015B0000A4304E0AC451FD3725C6046D2B2411FBF
:1015C00072454FEA9101A0F1040CF3D007F0030734
:1015D000B7EB921F4FEA921510D1A04202D80DE04E
:1015E000A04207D09200C2F38111A94200F1FF305E
:1015F000D2B2F5D01970F0BD6046E7E72946197000
:10160000F0BD7246E2E700BF30B5184C83B0A16868
:101610000DF1050303222046FFF7A2FF0DF106039B
:1016200003222060216A054604F11800FFF798FFA5
:101630000F4BA06100221A709DF806209AB9012272
:1016400005461A7004F118000DF10703294600221F
:10165000FFF786FF00230749074A2D1A18460D6039
:10166000136003B030BD2046EEE700BF700C0020D1
:101670009CE7002094E7002098E7002038B509494E
:10168000094C0020E268636A087020462260A3616A
:10169000FFF7E4FE054604F11800FFF7DFFE2843DC
:1016A00038BD00BF9CE70020700C0020064B074AA5
:1016B0001B78C3F1010303EB430302EBC303D3E93C
:1016C0000203C01AC00070479CE70020700C002085
:1016D00038B5104C256800EB020CBCEBC50F15D8D3
:1016E000034608460C4991F800C00C490CEB4C0C21
:1016F00051F83C4001EBCC01A4EB050C496903EB2C
:10170000CC031944E0F784FC002038BD4FF0FF30D3
:1017100038BD00BF94E700209CE70020700C00203B
:10172000F8B5134B134E1B78C3F1010303EB4303CE
:1017300006EBC305DC00D5E9023207309A1AB2EB9A
:10174000D00F12D33159C7085B1ABB4204D22846C6
:10175000FFF784FE40B9315901233A462846FFF786
:10176000A3FE08B9044B1F60F8BD4FF0FF30F8BD71
:101770009CE70020700C002098E700203B4B2DE9EF
:10178000F04115461A684319B3EBC20F6BD8384BBA
:1017900004461F788846EFF77FFB364BF322DA606A
:1017A000A207C7F1010721D0002D57D0324E07EB19
:1017B000470306EBC30606E00134A30705F1FF3536
:1017C00014D0002D4AD032687169002301EBC201A8
:1017D000214418F8012B1846EFF7B0FB0028EBD096
:1017E000EFF76EFBBDE8F041EFF774BB032D18D99E
:1017F000214E07EB470306EBC30604E0043D032D2F
:1018000004F104040DD93368716958F8042B01EB15
:10181000C301214400230220EFF790FB0028EDD004
:10182000DEE7DDB1144E07EB470306EBC30608EB1A
:101830000507454601E0BD4210D07269316802EBF0
:10184000C10121440023A1EB08012944184615F8E1
:10185000012BEFF773FB0028EDD0C1E7EFF730FB6A
:101860000020BDE8F0814FF0FF30FAE798E7002054
:101870009CE70020003C0240700C00202DE9F04164
:101880001D4E1E4D34781E4FC4F1010000EB400088
:101890004FEAC0083A6855F8081005EBC00000236D
:1018A000FFF702FE08BB3A6855F808303860134469
:1018B00045F80830134B1A6004EB4403DF0005EBD6
:1018C000C3033278D3F808C0E95904EB4404C2F1E9
:1018D00001036145337005EBC40008D201231A46A9
:1018E000FFF7E2FDEB590133EB51BDE8F081BDE8B4
:1018F000F041FFF7B3BD00BF9CE70020700C002053
:1019000098E7002094E700200170704702680B6898
:101910009A4201D00020704742684B689A42F9D140
:1019200082688B689A42F5D1C268CB689A42F1D13D
:1019300002690B699A42EDD142694B699A42E9D139
:1019400082698B699A42E5D1C269CB699A42E1D139
:10195000026A0B6A9A42DDD1426A4B6A9A42D9D135
:10196000806A8B6AC31A58425841704748304FF01A
:101970000102BFF35B8FD0E84F3FC0E8412F002941
:10198000F9D1BFF35B8FD8B2B0FA80F0400970474D
:10199000002380F848307047F8B54468F4B1066811
:1019A0000546311D2046FFF7B1FFC8B1E06A218E20
:1019B000002832D00022EFF7A7FD2E68B36C93F811
:1019C0003530012B04D1F36C93F83530012B2ED038
:1019D000E06A218E10B10122EFF796FD0020F8BDDC
:1019E0003046F1F7A1FBA446BCE80F002F683E1D6E
:1019F0000FC6BCE80F000FC69CE8070086E807008A
:101A00003846F1F751FB2E68E06A3268218E136880
:101A100043F0400313600028CCD1B36C93F8353009
:101A2000012BDBD1F36C93F83530012BD0D1D4E905
:101A30000D1571B1A38F3DB12A463046F1F7E6FB93
:101A40000028C5D10120F8BD1A463046F1F784FBC5
:101A5000F6E7002DBCD0A28F29463046F1F754FCA2
:101A6000EEE700BF002310B50C46CB64EFF3108106
:101A700072B6436800F1040C53B11A46DB6C002BBC
:101A8000FBD142F84C4F81F31088944503D010BD30
:101A9000446081F31088FFF77FFF01460028F6D1EC
:101AA000236C002BF3D0606CBDE81040184700BFDA
:101AB00084B0F0B597B00DF1740C8CE80E000023E3
:101AC000CDE914331D4B1293FF2307468DF80730E1
:101AD000BCE80F000DF1080EAEE80F00BCE80F00E7
:101AE000AEE80F009CE8070028AD8EE8070095E8F7
:101AF00003000DAC84E803002A9B0F932B9B1093EB
:101B00000DF107062C9B1193384602A91396FFF797
:101B1000A9FF9DF80730FF2B06D10120F4F79EFFA7
:101B20009DF80730FF2BF8D09DF80700003818BF4C
:101B3000012017B0BDE8F04004B070470919020851
:101B40004368E3B110B50446D86A20B1198E01226A
:101B5000EFF7DAFC63681A6C12B1586C01219047F8
:101B6000EFF3108272B66368DB6C636082F31088F7
:101B700023B12046BDE81040FFF70EBF10BD7047EF
:101B8000F0B5D1F858210F4B056891F87CE0D2F8F8
:101B90009070D2F894608C6F0FCB85B0EC468CE8D7
:101BA0000F00CDF80770CDF80B602B688DF804E0BE
:101BB000640103341B68009461462846984705B0C9
:101BC000F0BD00BF3C91030803680B4303607047FE
:101BD000F0B5D1F8AC20104BB2F88C20056891F824
:101BE0007C608C6F4FF0000E774662F30F0E0FCBC8
:101BF00085B0EC468CE80F00CDF807E0CDF80B700F
:101C00002B688DF80460640104341B6800946146FD
:101C10002846984705B0F0BD3C9103082DE9F041F6
:101C2000104B0568D1F8FC7091F87C808C6F0FCB5D
:101C300084B0EC468CE80F003B7C8DF804804FF0BC
:101C4000000ECDF80BE063F3070ECDF807E02B682C
:101C5000640105341B68009461462846984704B027
:101C6000BDE8F0813C910308F0B5D1F80021114B9B
:101C7000056891F87C608C6F02F540524FF0000EC1
:101C800092F8DC28774662F3070E0FCB85B0EC465E
:101C90008CE80F00CDF807E0CDF80B702B688DF8BD
:101CA000046064011D341B6800946146284698470F
:101CB00005B0F0BD3C910308F0B5D1F8AC200F4B56
:101CC000056891F87CE0D2F89070D2F894608C6F3F
:101CD0000FCB85B0EC468CE80F00CDF80770CDF83F
:101CE0000B602B688DF804E064010A341B680094D3
:101CF00061462846984705B0F0BD00BF3C910308F7
:101D00002DE9F04FD1F858410568D1F80021234B57
:101D1000D1F84892D1F8788291F87CB0D4E92404C3
:101D200002F540522043D1F8AC0092F83DE9B0F8FA
:101D30008C6092F8DC288C6F4FF0000A14BF0127EA
:101D400057464FEACE1EB6EB0A0618BF012652458B
:101D500018BF4EF0010E0FCB85B0EC468CE80F009B
:101D6000CDF80BA0CDF8079098F800308DF804B0AE
:101D700043EA072343EA064323F07F4343EA0E6323
:101D8000CDF80B302B68640101341B680094614668
:101D90002846984705B0BDE8F08F00BF3C91030886
:101DA000F0B50F4A0F4B17680F4A0568166891F88F
:101DB0007CE08C6F0FCB85B0EC468CE80F00CDF843
:101DC0000770CDF80B602B688DF804E064011734C0
:101DD0001B68009461462846984705B0F0BD00BFD7
:101DE0006C0C00203C91030858A3002070B50F4BE9
:101DF0000568D1F8FC6091F87CE08C6F0FCB84B063
:101E0000EC468CE80F00F36BCDF80B307369CDF81E
:101E100007302B688DF804E0640115341B680094CA
:101E200061462846984704B070BD00BF3C91030846
:101E3000F0B5D1F8582191F87CE08C6F0F4B92F8F7
:101E40001C110668D2F81851D2F8587100290FCB2E
:101E500085B0EC468CE80F0008BF0025CDF8075090
:101E6000CDF80B7033688DF804E0640114341B68FE
:101E7000009461463046984705B0F0BD3C91030898
:101E8000F0B5D1F80021284B8C6F91F87C7002F5E9
:101E9000405C05460FCB9CF8E86885B06401EE46CF
:101EA0000934022E8EE80F0000948DF8047026D0BD
:101EB000012E1FD00CF6E403002E32D11B68CDF8A2
:101EC00007300022CDF80B209CF8F828022A1CD0FD
:101ED000012A20D02ABB0CF6F40CDCF8002028687C
:101EE000CDF80730CDF80B20036871461B68984782
:101EF00005B0F0BDDCF8E438002BDFD1DFE7DCF81B
:101F0000E438002BDBD05B68D9E7DCF8F428002A42
:101F1000E5D05268E3E7DCF8F428002ADFD0126845
:101F2000DDE70248F8F7F2FB3C91030854970308F9
:101F300030B5194B4FF42C7202FB01330C4600EB09
:101F400081020546204493F87C109B6FD36087B0D4
:101F500001750020CDE903006FF01F0005905B01C3
:101F6000B1B1039301238DF81030516819B128687D
:101F700003689B6898472868084A0368013405EBA2
:101F8000840400945C6803A92B46A04707B030BDC9
:101F9000ADF80C30E9E700BF7010002021250208E1
:101FA00010B500210446FFF7C3FF28B120460121E8
:101FB000BDE81040FFF7BCBF10BD00BFF0B5D1F8C1
:101FC0000730054685B000EE103AD0F800010C4607
:101FD000FBF7DAFAD5F800319FED177ADFED176AD3
:101FE00003F5405E94E80F00EC468CE80F00DDF846
:101FF0000B301BB207EE903AF8EEE77AB0EE476A84
:10200000A7EEA66A0EF618170EF61C16012587ED28
:10201000006A94E80F008CE80F00DDF80B301B1409
:1020200007EE903AF8EEE77AA7EEA67A86ED007A08
:102030008EF83C5905B0F0BD000000006F12833AE5
:1020400070B5194BD2F807C08C6F91F87CE006464A
:102050000FCB86B05FFA8CFC640102AD1C34BCF17E
:10206000100F85E80F0002948DF80CE002D90020D3
:1020700006B070BD0D4A02EBCC0292E803006B463D
:1020800083E80300F6F776FE10EE102ADDF8133031
:102090003068CDF80F20CDF81330036829461B684F
:1020A000984706B070BD00BF3C910308E80F0020C0
:1020B0002DE9F04FABB0774C0090EDF7DDFC009AC6
:1020C000A16FD3689942074604D194F87C10137D20
:1020D000994205D0104600210092FFF729FF009A8F
:1020E000D4F828131369994204D194F82C13537D22
:1020F000994205D0104601210092FFF719FF009A7E
:10210000644D00924FF0FF390DF1980A4FF0000B2B
:10211000A846614BCDE9043B604BCDE9083B604BE1
:10212000CDE90C3B5F4BCDE9103B5F4BCDE9143B58
:102130005E4BCDE9183B5E4BCDE91C3B5D4BCDE9D9
:10214000203B08F52073039308F18403069308F5F8
:102150002173079308F188030A9308F522730B9300
:1021600008F18C030E9308F523730F9308F1900385
:10217000129308F52473139308F19403169308F54A
:102180002573179308F198031A9308F526731B9388
:1021900008F19C031E9308F527731F9308F180062E
:1021A00008F1A00302962293434BCDE9243B434B15
:1021B000CDE9283B424B5D6A08F528736D002393F7
:1021C00008F1A403ADB2269308F52973279302AC56
:1021D00001950AE01344DB1B23EAE373994528BF0A
:1021E0009946A2451AD054F8106F3268002AF8D0E8
:1021F00065682B68F91A8A42ECD8D4E90223009862
:10220000591000EB6300DB0702D5009B5B589A581E
:102210004146904700BB2B683268DBE7284B294AD0
:102220005B6A019D10785B009BB2591B18B1C8E92D
:102230006B53C8F8B411D8F8B8318B4238BF0B468D
:10224000C8F8B831204B08F52C7898457FF461AF79
:1022500048462BB0BDE8F08F2F6032683B46B9E7A7
:10226000184B1978164B5B6A45465B00DDF8048015
:102270009BB2A3EB080219B1C5E96B83C5F8B42181
:10228000D5F8B831934238BF1346C5F8B83115F0C8
:1022900047FD00BF70100020011D0208811E0208CA
:1022A000811B0208D11B0208691C02081D1C0208C0
:1022B000B91C0208311E0208ED1D0208A11D02080A
:1022C000001C0040AC910020D01500202DE9F04109
:1022D00016460A683368126803F01F04074608466A
:1022E0000D469047A31E1B2B22D8DFE813F0FD00FC
:1022F000F100E500D900D500D0002100C400B800ED
:10230000AC00A60097008F0084007D0077006E006F
:1023100068005D00520005014700420039001C00C2
:10232000300029002300D5F80031D6F80720DA6103
:10233000BDE8F08129463846BDE8F041FFF794BC7E
:10234000324629463846BDE8F041FFF779BED5F858
:102350000031D6F807201A62D6F80B205A62E7E758
:10236000D5F8AC00D6F807100368BDE8F0411B684B
:102370001847BDE8F0416748FCF782BF737913B98D
:10238000B379002BD4D129463846BDE8F041FFF798
:1023900007BD737913B9B379002BC9D129463846E3
:1023A000BDE8F041FFF722BD737913B9B379002B73
:1023B000BED129463846BDE8F041FFF739BDD5F812
:1023C0000031D6F807209A64B2E7D5F85C31D6F828
:1023D00007209A60D6F80B20DA60A9E7D5F85C31BF
:1023E000D6F807205A60A3E7D5F800010368BDE8D6
:1023F000F0415B681847D5F80021D6F80710D5F8EA
:1024000058319162D6F80B20DA6391E7D5F80031A4
:10241000D6F8072003F56453DA6189E7D5F800316F
:10242000D6F8071003F5405303F6181203F61C13F1
:102430001160D6F80B201A607AE731462846BDE8CD
:10244000F041FFF7BBBDD5F80001D6F807300376A1
:10245000D6F80B304376BDE8F041FBF7CBB8737983
:102460001BB9B379002B7FF463AF29463846BDE82A
:10247000F041FFF721BC73791BB9B379002B7FF4CE
:1024800057AF29463846BDE8F041FFF7F9BCD6F80A
:10249000073085F86C324BE7D6F80730AB6747E773
:1024A00073791BB9B379002B7FF442AF29463846C4
:1024B000BDE8F041FFF7B2BB73791BB9B379002BCC
:1024C0007FF436AF29463846BDE8F041FFF780BBC0
:1024D00073791BB9B379002B7FF42AAF29463846AC
:1024E000BDE8F041FFF74CBB05F512704FF4804199
:1024F000BDE8F041FFF768BBBFF34F8F0649074BBC
:10250000CA6802F4E0621343CB60BFF34F8F00BF91
:10251000FDE700BF90A3002000ED00E00400FA05F5
:102520000F4B0A6810B59C6FB4EB521F4FEA521C58
:1025300010D0D3F82823944500D010BD93F82C2355
:102540000B799A42F9D1074B0A46BDE8104019466B
:10255000FFF7BCBE93F87CE00A799645E9D1F3E732
:10256000701000202013002030B5054689B0D0F847
:1025700094000C46EEF770F988B922792168920030
:102580000492A2790346D5F894008DF81C30CDE969
:102590000211CDE905320193EDF73AFF10B90020A1
:1025A00009B030BDD5F8940001ABE21D02A9EDF7EA
:1025B000D5FEB0FA80F0400909B030BD00F1340218
:1025C000914207D300F194029142034602D20A7865
:1025D000FF2A01D00020704710B5D3F894408AB08C
:1025E000282200216846DDF737FF69462046EDF7CF
:1025F000C5FDB0FA80F040090AB010BDF0B500F199
:10260000340500F19406504CA6EB050C4FEAAC0CD7
:1026100004FB0CFC8BB04FEAAC0EBEF1000F109F18
:1026200040F385800EEB4E0E00EB0E1E0EF1340EC5
:102630002C4611E094F80CC0BCF1FF0F4BD094F87D
:1026400018C0BCF1FF0F48D094F824C0BCF1FF0FB4
:1026500045D03034744544D094F800C0BCF1FF0F2D
:10266000E8D1A64253D0C4E901230023237007B167
:102670003C600B79012B25D0002B5AD18B680A883E
:102680005B05520543F004032F49D0F89400641B06
:10269000A41001FB04F40021CDE904140124CDE9C8
:1026A0000744140C069192B2009469461C0C9BB22C
:1026B000CDE901240393EDF761FDB0FA80F0400904
:1026C0000BB0F0BD0A688B68D200DB0042F0040258
:1026D00043F00403D8E70C34C3E71834C1E72434CB
:1026E000BFE7DFF864E0A6EB040C4FEAAC0C0EFB8E
:1026F0000CFCBCF1020F13D0BCF1030F0AD0BCF1EB
:10270000010F04D194F800C0BCF1FF0FA9D0002044
:102710000BB0F0BD94F800C0BCF1FF0FA1D00C3499
:1027200094F800C0BCF1FF0F9BD00C34EAE72C46B4
:10273000DFE7082015F04CFA044C0549054AC0E9CA
:102740000041054915F02AFFABAAAAAAF8B503086B
:102750005497030829A6010884B503080840704768
:1027600010B50446D0F89400EDF7C8FDD4F89400F5
:10277000EEF774F8D4F89400EDF780FC08B100206F
:1027800010BDD4F89400EDF78BFD0028F7D1D4F8F4
:1027900094001321EDF7ECFEB0FA80F0400910BD73
:1027A0008268084910B5B1FBF2F404FB02F28A42D8
:1027B000006105D1D0F8943013B15C60FFF7D0FF11
:1027C000012010BD80841E0030B58268C0F89410CE
:1027D0000D4BB3FBF2F387B04B600446FFF7C0FF2D
:1027E000054670B10022CDE90322236B0749084A50
:1027F0009B08CDE9011201A821460593F4F700F9E1
:10280000E062284607B030BD80841E00B8970308F8
:10281000E52A02080C4A10B4B2FBF1F404FB01FCF7
:10282000944508D1D0F89420816042B154605DF89D
:10283000044BFFF795BF00205DF8044B7047012063
:102840005DF8044B704700BF80841E002DE9F04FF7
:1028500000F1940900F1340A744AA9EB0A039B10B1
:1028600002FB03F34FEAA30808EB48058FB000EB27
:10287000051534350193A9EB05039B1002FB03F307
:1028800007460C469B46D7F894002146EDF75CFEC0
:1028900000286AD0664B0FCB03AE86E80F000DF11F
:1028A000130307AA2146D7F89400EDF7C9FD09994B
:1028B000DDE90723002918BF1A46DDE90A3014BFF5
:1028C00001210021003B18BF0123B8F1000F8DF852
:1028D00012008DF8101003928DF8113040F3A18092
:1028E00000260D9A5346314625E08A42B44601F14E
:1028F00001002BD093F80CE0BEF1000F38D18242DA
:10290000664600F1010139D093F818E0BEF1000FDE
:1029100038D18A42B44601F1010039D093F824E05D
:10292000BEF1000F38D18242664600F1010139D074
:1029300030339D423AD093F800E0BEF1000FD4D07E
:10294000084631468A4206F1010CD3D1A645D1D1C1
:10295000994598D0D3E9012003A99047D7F894006E
:102960002146EDF7F1FD002894D10FB0BDE8F08FBE
:102970000146604682420CF10106C5D1A645C3D18D
:102980000C33E5E7084631468A4206F1010CC5D111
:10299000A645C3D11833DBE70146604682420CF1FD
:1029A0000106C5D1A645C3D12433D1E75A46022A30
:1029B00022D0032A0ED0012A7FF465AF0D9A187831
:1029C000002818BF314691427FF45DAFA0427FF4EA
:1029D0005AAFBDE71878D8B90D9A8C46624501F117
:1029E00001011BD0187B0C3350B98C46944501F182
:1029F00001010AD00C33E2E718780D9A0028F4D0D0
:102A0000B446944506F10106F4D1A042F2D19FE705
:102A10000D9AB446624506F10106E3D1A042E1D128
:102A200096E70026019A53463146C0E7ABAAAAAA08
:102A30004C9103082DE9F041067B04460121304604
:102A4000FFF78CFE04F11408002844D1D4F8940058
:102A5000234FEDF701FF034601213046F3B9FFF79D
:102A60007DFE50BB4FF0FF3500212046FFF7EEFE04
:102A700001212046FFF7EAFE1321D4F89400EDF778
:102A800077FD29463868F4F755F8D4F89400EDF747
:102A9000E3FE034601213046002BE0D0B3F5003FB2
:102AA000D4F89400D5D1EDF7D9FED4F89400EDF721
:102AB000F7FB50B1D4F89400CBE74046FFF7F8FAA3
:102AC000012838BF01200546CEE7D4F89400032141
:102AD000EDF74EFDEEE74046FFF762FAB6E700BFBE
:102AE000B8E6002008B5FFF7A5FF00BF08B5012133
:102AF000EDF754FD024B1868BDE80840F4F746B8FE
:102B0000B8E6002008B50121EDF748FD024B186832
:102B1000BDE80840F4F73AB8B8E6002008B501214E
:102B2000EDF73CFD024B1868BDE80840F4F72EB8FD
:102B3000B8E60020704700BF704700BF704700BF75
:102B400008B50221EDF72AFD024B1868BDE80840E0
:102B5000F4F71CB8B8E6002008B51021EDF71EFD0B
:102B6000024B1868BDE80840F4F710B8B8E600203A
:102B7000704700BF704700BF704700BF704700BF7D
:102B8000704700BF0020704700207047002070474A
:102B9000007870470170704790ED000A704700BFE1
:102BA00090ED000A704700BF80ED000A704700BF3B
:102BB000D0E90001704700BF007870470078704787
:102BC0000068704700787047017070470068704770
:102BD0000160704700687047007870470170704767
:102BE0000078704701707047007870470170704737
:102BF000006882B002B0704782B0016002B07047D6
:102C00000078704701707047006870470160704736
:102C1000D0E90001704700BF007870470078704726
:102C200001707047D0E90001704700BFC0E9002380
:102C3000704700BF006870470160704700787047B8
:102C400001707047007870470170704700787047D6
:102C500001707047007870470170704700887047B6
:102C60000180704700887047018070470088704776
:102C700001807047007870470170704782B010B5CE
:102C800002A981E80C00044610220021DDF7E4FBD4
:102C90002046BDE8104002B0704700BFA1F1080116
:102CA000ECE700BF82B010B502A981E80C00044631
:102CB00010220021DDF7D0FB2046BDE8104002B015
:102CC000704700BFA1F10801ECE700BF82B010B56A
:102CD00002A981E80C00044610220021DDF7BCFBAC
:102CE0002046BDE8104002B0704700BFA1F10801C6
:102CF000ECE700BF82B010B502A981E80C000446E1
:102D000010220021DDF7A8FB2046BDE8104002B0EC
:102D1000704700BFA1F10801ECE700BF82B010B519
:102D200002A981E80C00044610220021DDF794FB83
:102D30002046BDE8104002B0704700BFA1F1080175
:102D4000ECE700BF82B010B502A981E80C00044690
:102D500010220021DDF780FB2046BDE8104002B0C4
:102D6000704700BFA1F10801ECE700BF82B010B5C9
:102D700002A981E80C00044610220021DDF76CFB5B
:102D80002046BDE8104002B0704700BFA1F1080125
:102D9000ECE700BF82B010B502A981E80C00044640
:102DA00010220021DDF758FB2046BDE8104002B09C
:102DB000704700BFA1F10801ECE700BF82B010B579
:102DC00002A981E80C00044610220021DDF744FB33
:102DD0002046BDE8104002B0704700BFA1F10801D5
:102DE000ECE700BF82B010B502A981E80C000446F0
:102DF00010220021DDF730FB2046BDE8104002B074
:102E0000704700BFA1F10801ECE700BF82B010B528
:102E100002A981E80C00044610220021DDF71CFB0A
:102E20002046BDE8104002B0704700BFA1F1080184
:102E3000ECE700BF82B010B502A981E80C0004469F
:102E400010220021DDF708FB2046BDE8104002B04B
:102E5000704700BFA1F10801ECE700BF82B010B5D8
:102E600002A981E80C00044610220021DDF7F4FAE3
:102E70002046BDE8104002B0704700BFA1F1080134
:102E8000ECE700BF82B010B502A981E80C0004464F
:102E900010220021DDF7E0FA2046BDE8104002B024
:102EA000704700BFA1F10801ECE700BF00207047A8
:102EB00082B010B502A981E80C000446102200215E
:102EC000DDF7CAFA2046BDE8104002B0704700BFE7
:102ED000A1F10801ECE700BF00207047A0F1040059
:102EE000FAE700BF82B010B502A981E80C000446E1
:102EF00010220021DDF7B0FA2046BDE8104002B0F4
:102F0000704700BFA1F10801ECE700BF82B010B527
:102F100002A981E80C00044610220021DDF79CFA8A
:102F20002046BDE8104002B0704700BFA1F1080183
:102F3000ECE700BF82B010B502A981E80C0004469E
:102F400010220021DDF788FA2046BDE8104002B0CB
:102F5000704700BFA1F10801ECE700BF82B010B5D7
:102F600002A981E80C00044610220021DDF774FA62
:102F70002046BDE8104002B0704700BFA1F1080133
:102F8000ECE700BF82B010B502A981E80C0004464E
:102F900010220021DDF760FA2046BDE8104002B0A3
:102FA000704700BFA1F10801ECE700BF82B010B587
:102FB00002A981E80C00044610220021DDF74CFA3A
:102FC0002046BDE8104002B0704700BFA1F10801E3
:102FD000ECE700BF82B010B502A981E80C000446FE
:102FE00010220021DDF738FA2046BDE8104002B07B
:102FF000704700BFA1F10801ECE700BF10B582B037
:103000000C4601AA0449DDF779FA012806BF019BA5
:103010002370002002B010BDD097030830B40C4CD0
:103020000C4D43F6655114F8012B082380EA022069
:1030300002B24000002A03F1FF3380B2B8BF48401B
:1030400013F0FF03F4D1AC42EDD130BC704700BFA8
:10305000ACC90308BDA10408F8B517460AB31E465B
:103060008847D6E900424FF0000CCCF1200520FA49
:103070000CFE01FA05F50AB1944214D2BCF120030A
:103080004EEA050E5CBF41FA03F34EEA030E84F8E4
:1030900000E034680CF1080C0134BCF1400F3460DE
:1030A000E3D13846F8BD00273846F8BD70B51E4656
:1030B000D1E9000315469847034A0346314628469E
:1030C000DEF74EFF012070BDD0970308A0F1040089
:1030D000ECE700BF37B51D46D1E900031446984719
:1030E00010EE100AE7F752FE044ACDE90001294626
:1030F0002046DEF735FF012003B030BDD0BB03080A
:10310000A0F10400E6E700BF10B5D1E900031446C2
:1031100098470023303020706370012010BD00BF3D
:10312000A0F10400F0E700BF70B51E46D1E900032E
:1031300015469847034A034631462846DEF710FFF6
:10314000012070BDD3BB0308A0F10400ECE700BF71
:1031500070B51E46D1E9000315469847034A034659
:1031600031462846DEF7FCFE012070BDD0970308EB
:10317000A0F10400ECE700BF70B51E46D1E90003E2
:1031800015469847034A034631462846DEF7E8FECF
:10319000012070BDD0970308A0F10400ECE700BF48
:1031A00070B51E46D1E9000315469847034A034609
:1031B00031462846DEF7D4FE012070BDD0970308C3
:1031C000A0F10400ECE700BF08B5D1E9000398477F
:1031D000002008BDA0F10400F6E700BF70B51E4650
:1031E000D1E9000315469847034A0346314628466D
:1031F000DEF7B6FE012070BDD0970308A0F10400F1
:10320000ECE700BF70B51E46D1E9000315469847AC
:10321000034A034631462846DEF7A2FE012070BD70
:10322000D0970308A0F10400ECE700BF70B51E467C
:10323000D1E9000315469847034A0346314628461C
:10324000DEF78EFE012070BDD0970308A0F10400C8
:10325000ECE700BF70B51E46D1E90003154698475C
:10326000034A034631462846DEF77AFE012070BD48
:10327000D0970308A0F10400ECE700BF37B51D4666
:10328000D1E9000314469847044ACDE900012946D4
:103290002046DEF765FE012003B030BDD7BB030832
:1032A000A0F10400EAE700BF70B51E46D1E90003B3
:1032B00015469847034A034631462846DEF750FE36
:1032C000012070BDDCBB0308A0F10400ECE700BFE7
:1032D00070B51E46D1E9000315469847034A0346D8
:1032E00031462846DEF73CFE012070BDD09703082A
:1032F000A0F10400ECE700BF70B51E46D1E9000361
:1033000015469847034A034631462846DEF728FE0D
:10331000012070BDD0970308A0F10400ECE700BFC6
:1033200070B51E46D1E9000315469847034A034687
:1033300031462846DEF714FE012070BDD097030801
:10334000A0F10400ECE700BF70B51E46D1E9000310
:1033500015469847034A034631462846DEF700FEE5
:10336000012070BDD0970308A0F10400ECE700BF76
:1033700070B51E46D1E9000315469847034A034637
:1033800031462846DEF7ECFD012070BDD0970308DA
:10339000A0F10400ECE700BF70B51E46D1E90003C0
:1033A00015469847034A034631462846DEF7D8FDBE
:1033B000012070BDD0970308A0F10400ECE700BF26
:1033C00070B51E46D1E9000315469847034A0346E7
:1033D00031462846DEF7C4FD012070BDD0970308B2
:1033E000A0F10400ECE700BF70B51E46D1E9000370
:1033F00015469847034A034631462846DEF7B0FD96
:10340000012070BDD0970308A0F10400ECE700BFD5
:1034100000887047FFF7FCBF40687047FFF7FCBFAC
:10342000807A7047FFF7FCBF00897047FFF7FCBF49
:1034300090ED040A70470000FFF7FABF90F82500EE
:1034400070470000FFF7FABFB0F84C00704700006B
:10345000FFF7FABF90F82E0070470000FFF7FABFA1
:1034600090F8240070470000FFF7FABF90ED0D0AB6
:1034700070470000FFF7FABFC06A7047FFF7FCBF54
:1034800000787047FFF7FCBF00F5645090ED050A27
:1034900070470000FFF7F8BF90ED0C0A704700007E
:1034A000FFF7FABF90ED050A70470000FFF7FABF7B
:1034B00090ED040A70470000FFF7FABF00787047EC
:1034C000FFF7FCBF008A7047FFF7FCBF008A704718
:1034D000FFF7FCBFC0897047FFF7FCBF006870476B
:1034E000FFF7FCBF10B52DED028B0C46DCF7ACFEF0
:1034F000D4E90003B0EE408A9847BCEEC80A2068C1
:10350000A36810EE102A91B29847BDEC028B0120FF
:1035100010BD10B52DED028B0C46DCF795FED4E9FD
:103520000003B0EE408A9847FDEEC87A2068A36891
:1035300017EE901A9847BDEC028B012010BD38B5EC
:103540000C46DCF781FE10EE105AD4E900039847D0
:103550002846E8F75DF902460B462068A1688847CF
:10356000012038BD10B52DED028B0C46DCF76CFE4A
:10357000D4E90003B0EE408A9847FCEEC87A206890
:10358000A36817EE901A9847BDEC028B012010BD7E
:1035900010B52DED028B0C46DCF756FED4E9000386
:1035A000B0EE408A9847FCEEC87A2068A36817EE10
:1035B000901A9847BDEC028B012010BD10B50C4647
:1035C0002DED028BD1E90003B0EE408A98472068C8
:1035D000A368B0EE480A9847BDEC028B012010BDED
:1035E00000887047FFF7FCBF40687047FFF7FCBFDB
:1035F000807A7047FFF7FCBF00897047FFF7FCBF78
:1036000090ED0F0A70470000FFF7FABF90ED0D0A2A
:1036100070470000FFF7FABF90ED0B0A70470000FB
:10362000FFF7FABF90ED120A70470000FFF7FABFEC
:1036300090ED100A70470000FFF7FABF90ED0E0AF8
:1036400070470000FFF7FABF90ED040A70470000D2
:10365000FFF7FABF90F8250070470000FFF7FABFA8
:10366000B0F84C0070470000FFF7FABF90F82E004A
:1036700070470000FFF7FABF90F824007047000081
:10368000FFF7FABF90ED370A70470000FFF7FABF67
:1036900090ED390A70470000FFF7FABF90ED350A48
:1036A00070470000FFF7FABF90ED280A704700004E
:1036B000FFF7FABF90ED0D0A70470000FFF7FABF61
:1036C000C06A7047FFF7FCBF00787047FFF7FCBF88
:1036D00000F5645090ED050A70470000FFF7F8BF51
:1036E00090ED0C0A70470000FFF7FABF90ED050A55
:1036F00070470000FFF7FABF90ED040A7047000022
:10370000FFF7FABF00787047FFF7FCBF90F8703002
:1037100013B190ED1B0A70479FED010A704700BF7F
:1037200000000000FFF7F2BF90F8683013B190ED91
:10373000190A70479FED010A704700BF00000000A2
:10374000FFF7F2BF008A7047FFF7FCBF008A70479F
:10375000FFF7FCBFC0897047FFF7FCBF00687047E8
:10376000FFF7FCBFF0B583B002AC04E90C00099E82
:103770009DED000A9DF804309DF820E09DF8217031
:1037800041B30C463BB1D7B1714603681B689847FB
:10379000204603B0F0BDD6E900511A4609B1A9424E
:1037A00018D915F801CB35600CFA03FC0833202B2F
:1037B00042EA0C02F2D100EE102A002FE4D1D6E941
:1037C0000032934206D05A1C32601978003918BF73
:1037D0000121DAE70024204603B0F0BD2DE9F047CF
:1037E00084B004AC04E90F009DF80C70DDE910C54D
:1037F00057B39DF83810019ADDE90CA9044639B396
:10380000204690475246064688464B460299204637
:103810008847D5E900400023C3F12001A3F1200C23
:1038200026FA03F208FA01F10A4328FA0CFC42EAEC
:103830000C02083308B1A0422AD922702C68402B10
:1038400004F101042C60E7D1384604B0BDE8F087EC
:10385000DCE9006E8A468946A1F12000C1F120080A
:10386000BEF1000F01D0B64517D916F8013BCCF8D0
:10387000006003FA00F023FA08F88B40083140EAB0
:103880000800402943EA0A0A40EA0909E4D1B7E7F7
:103890000027384604B0BDE8F0872046904706462A
:1038A0008846B6E7F7B510460D466A460A49DCF782
:1038B00025FE012801D000200BE0DDE90067044669
:1038C000D5E9000398472868A96832463B468847EF
:1038D000204603B0F0BD00BFD7BB0308A0F1040031
:1038E000E0E700BF2DE9F04190460AB31F46884744
:1038F000D7E900434FF0000CCCF12006ACF12005D5
:1039000020FA0CFE01FA06F64EEA060E21FA05F53B
:103910004EEA050E0CF1080C0BB19C420BD284F858
:1039200000E03C68BCF1400F04F101043C60E3D1CD
:103930004046BDE8F0814FF000084046BDE8F08108
:1039400038B53AB11D4614468847D5E9002323B15E
:10395000934202D80024204638BD10702B680133F2
:103960002B60204638BD00BF38B53AB11D4614461D
:103970008847D5E9002323B1934202D8002420468A
:1039800038BD10702B6801332B60204638BD00BF56
:1039900038B51546A2B11C468847D4E900134FF04C
:1039A000000C40FA0CF20CF1080C0BB1994209D250
:1039B0000A702168BCF1200F01F101012160F0D1F2
:1039C000284638BD0025FBE72DE9F04184B004AC62
:1039D00004E90F009DF80C600D9CF6B19DF82C30A9
:1039E000DDF828808C460746DBB13846E047029B6D
:1039F0000546414638469847D4E90031002245FA49
:103A000002FC083209B199421DD983F800C023682D
:103A1000202A03F101032360F1D1304604B0BDE850
:103A2000F0810C9AD2E9002598460DB195420CD947
:103A300012F8010B0C9998400833202B0A6048EAD1
:103A40000008F2D1D1E70026E7E73846E04705460F
:103A5000D2E700BF2DE9F04184B004AC04E90F00C7
:103A60009DF80C600D9CF6B19DF82C30DDF8288097
:103A70008C460746DBB13846E047029B0546414687
:103A800038469847D4E90031002225FA02FC083272
:103A900009B199421DD983F800C02368202A03F197
:103AA00001032360F1D1304604B0BDE8F0810C9AE7
:103AB000D2E9002598460DB195420CD912F8010BB8
:103AC0000C9998400833202B0A6048EA0008F2D18C
:103AD000D1E70026E7E73846E0470546D2E700BFD2
:103AE0002DE9F04184B004AC04E90F009DF80C40CE
:103AF0000C9D9DF828709DF8293074B1DDE9008295
:103B000083B140469047029B064639464046984757
:103B1000D5E90023A3B1934212D80024204604B073
:103B2000BDE8F0810B9B0B991B6849688B420FD055
:103B30000B98591C01601F78003F18BF0127E0E770
:103B400016702B68204601332B6004B0BDE8F0816D
:103B5000404690470646DBE708B503681B68984770
:103B6000012008BD38B51546A2B11C468847D4E9E6
:103B700000134FF0000C20FA0CF20CF1080C0BB102
:103B8000994209D20A702168BCF1200F01F10101AC
:103B90002160F0D1284638BD0025FBE730B5154639
:103BA00083B0BAB11C468847D4E900138DED010AF1
:103BB00001984FF0000C20FA0CF20CF1080C0BB13C
:103BC00099420AD20A702168BCF1200F01F101016B
:103BD0002160F0D1284603B030BD0025FAE700BFD0
:103BE00070B5059D71B30E4683B103681649DB6855
:103BF0008B4224D1B2F5616F1ED200EB820292EDAE
:103C0000160A049B83ED000A304670BDD5E90041D9
:103C10001A4609B1A14215D914F801CB2C600CFA4F
:103C200003FC0833202B42EA0C02F2D10368064958
:103C3000DB688B42DED002E09FED040AE1E711462B
:103C40009847DEE70026DFE731D3010800000000D7
:103C50002DE9F04184B004AC04E90F009DF80C603C
:103C60000D9CF6B19DF82C30DDF828808C46074677
:103C7000DBB13846E047029B054641463846984747
:103C8000D4E90031002225FA02FC083209B1994238
:103C90001DD983F800C02368202A03F101032360A3
:103CA000F1D1304604B0BDE8F0810C9AD2E900258C
:103CB00098460DB195420CD912F8010B0C99984019
:103CC0000833202B0A6048EA0008F2D1D1E7002629
:103CD000E7E73846E0470546D2E700BF2DE9F04167
:103CE0002DED028B84B004AC04E90F009DF80C604C
:103CF0000F9CFEB19DF834309DED0C8A0F46804636
:103D0000F3B1884710EE105A029BB0EE480A4046C5
:103D10009847D4E900302946002221FA02F50832FA
:103D200008B1984229D91D702368202A03F10103A4
:103D30002360F2D1304604B0BDEC028BBDE8F081C7
:103D40000E9AD2E900109C4608B1884210D911F8A9
:103D5000015B0E9A9D400833202B11604CEA050C44
:103D6000F2D1404608EE10CAB84710EE105ACBE721
:103D70004046B84710EE105ACBE70026DAE700BFFE
:103D80002DE9F04184B004AC04E90F009DF80C600B
:103D90000C9CBDF828709DF82A308EB3DDE90082B6
:103DA000D3B140469047029B054639464046984766
:103DB000D4E900324AB3934222D21D702368013302
:103DC0009A4223601CD92D121D702368304601339E
:103DD000236004B0BDE8F0810B9BD3E90010C8B1AB
:103DE00088421DD90B460B9D13F8017B2B6098422E
:103DF00016D91B7847EA03270B9B02311960D0E7DD
:103E00000026304604B0BDE8F0811D702368013300
:103E10002360D8E70B460B9813F8017B0360E8E7B3
:103E2000404690470546C3E72DE9F04184B004AC15
:103E300004E90F009DF80C600C9CBDF828709DF8FB
:103E40002A308EB3DDE90082D3B140469047029B11
:103E50000546394640469847D4E900324AB3934272
:103E600022D21D70236801339A4223601CD92D127F
:103E70001D70236830460133236004B0BDE8F08133
:103E80000B9BD3E90010C8B188421DD90B460B9D8E
:103E900013F8017B2B60984216D91B7847EA032759
:103EA0000B9B02311960D0E70026304604B0BDE814
:103EB000F0811D70236801332360D8E70B460B980F
:103EC00013F8017B0360E8E7404690470546C3E7E7
:103ED0002DE9F04184B004AC04E90F009DF80C60BA
:103EE0000C9CBDF828709DF82A308EB3DDE9008265
:103EF000D3B140469047029B054639464046984715
:103F0000D4E900324AB3934222D21D7023680133B0
:103F10009A4223601CD92D121D702368304601334C
:103F2000236004B0BDE8F0810B9BD3E90010C8B159
:103F300088421DD90B460B9D13F8017B2B609842DC
:103F400016D91B7847EA03270B9B02311960D0E78B
:103F50000026304604B0BDE8F0811D7023680133AF
:103F60002360D8E70B460B9813F8017B0360E8E762
:103F7000404690470546C3E7F0B587B06C4684E8F5
:103F80000F009DF80C509DF83420DDE90E34002D13
:103F900033D00646002A34D00C9804903046884727
:103FA000029B05900499304698476168BDF814005B
:103FB000BDF816202368002955D08B421DD21A70F7
:103FC000236801339942236017D912121A702268AC
:103FD0006368511C2160002B4ED08B420DD950706C
:103FE000226801329342226007D9001210702368C0
:103FF00028460133236007B0F0BD0025284607B0EE
:10400000F0BDD3E90020F0B1904231D9174617F83E
:1040100001CB1F60B8422BD957784CEA072E971C6A
:10402000B8421F6024D9D71CB84292F802C01F6062
:104030001ED9D07804324CEA002C1A60ADF830C09A
:10404000ADF832E0A8E71046971C10F801CB1860D5
:1040500050781F604CEA002ED01C92F802C0186005
:10406000D0780432E7E71A70236801332360ACE7A5
:1040700030468847059098E75070226801322260E8
:10408000B3E700BF2DE9F04184B004AC04E90F00B0
:104090009DF80C400C9D9DF828809DF8293074B146
:1040A000DDE9007283B1384690470646029B4146DF
:1040B00038469847D5E9002383B193420ED80024AF
:1040C000204604B0BDE8F0810B9BD3E900313846AF
:1040D00061B199420AD890470646EBE716702B6803
:1040E000204601332B6004B0BDE8F0810B9913F832
:1040F000018B0B6090470646D8E700BF2DE9F041E1
:1041000084B004AC04E90F009DF80C400C9D9DF8B0
:1041100028809DF8293074B1DDE9007283B13846FA
:1041200090470646029B414638469847D5E900230A
:1041300083B193420ED80024204604B0BDE8F0813C
:104140000B9BD3E90031384661B199420AD89047B8
:104150000646EBE716702B68204601332B6004B04F
:10416000BDE8F0810B9913F8018B0B609047064670
:10417000D8E700BF2DE9F04184B004AC04E90F009A
:104180009DF80C400C9D9DF828809DF8293074B155
:10419000DDE9007283B1384690470646029B4146EE
:1041A00038469847D5E9002383B193420ED80024BE
:1041B000204604B0BDE8F0810B9BD3E900313846BE
:1041C00061B199420AD890470646EBE716702B6812
:1041D000204601332B6004B0BDE8F0810B9913F841
:1041E000018B0B6090470646D8E700BF2DE9F041F0
:1041F00084B004AC04E90F009DF80C400C9D9DF8C0
:1042000028809DF8293074B1DDE9007283B1384609
:1042100090470646029B414638469847D5E9002319
:1042200083B193420ED80024204604B0BDE8F0814B
:104230000B9BD3E90031384661B199420AD89047C7
:104240000646EBE716702B68204601332B6004B05E
:10425000BDE8F0810B9913F8018B0B60904706467F
:10426000D8E700BF2DE9F04184B004AC04E90F00A9
:104270009DF80C400C9D9DF828809DF8293074B164
:10428000DDE9007283B1384690470646029B4146FD
:1042900038469847D5E9002383B193420ED80024CD
:1042A000204604B0BDE8F0810B9BD3E900313846CD
:1042B00061B199420AD890470646EBE716702B6821
:1042C000204601332B6004B0BDE8F0810B9913F850
:1042D000018B0B6090470646D8E700BF2DE9F041FF
:1042E00084B004AC04E90F009DF80C400C9D9DF8CF
:1042F00028809DF8293074B1DDE9007283B1384619
:1043000090470646029B414638469847D5E9002328
:1043100083B193420ED80024204604B0BDE8F0815A
:104320000B9BD3E90031384661B199420AD89047D6
:104330000646EBE716702B68204601332B6004B06D
:10434000BDE8F0810B9913F8018B0B60904706468E
:10435000D8E700BF2DE9F04184B004AC04E90F00B8
:104360009DF80C400C9D2CB30B9BDDE90072D3E94A
:104370000031384671B199420CD89047D5E90023F5
:104380000646ABB916702B68204601332B6004B08B
:10439000BDE8F0810B9913F8018B0B609047029BED
:1043A0000646414638469847D5E90023002BE9D018
:1043B0009342E7D80024204604B0BDE8F08100BF56
:1043C0002DE9F04184B004AC04E90F009DF80C40E5
:1043D0000C9D9DF828809DF8293074B1DDE90072AC
:1043E00083B1384690470646029B41463846984777
:1043F000D5E9002383B193420ED80024204604B0AF
:10440000BDE8F0810B9BD3E90031384661B1994298
:104410000AD890470646EBE716702B682046013312
:104420002B6004B0BDE8F0810B9913F8018B0B6091
:1044300090470646D8E700BF2DE9F04184B004ACB0
:1044400004E90F009DF80C400C9D9DF828809DF814
:10445000293074B1DDE9007283B1384690470646D1
:10446000029B414638469847D5E9002383B19342E1
:104470000ED80024204604B0BDE8F0810B9BD3E9A0
:104480000031384661B199420AD890470646EBE7B9
:1044900016702B68204601332B6004B0BDE8F08114
:1044A0000B9913F8018B0B6090470646D8E700BFC5
:1044B00030B52DED028B83B0104600230D4601AAC6
:1044C0000B490193DCF71AF801280CD19DED018A04
:1044D0000446D5E9000398472868AB68B0EE480A5F
:1044E0009847204600E0002003B0BDEC028B30BDB1
:1044F000D0BB0308A0F10400DAE700BF73B5104693
:104500000D4601AA0949DBF7F9FF012801D0002077
:1045100009E0019E0446D5E9000398472868AB6886
:1045200031469847204602B070BD00BFD3BB030898
:10453000A0F10400E2E700BF73B510460D4601AAE2
:104540000949DBF7DBFF012801D0002009E0019ECB
:104550000446D5E9000398472868AB683146984778
:10456000204602B070BD00BFD0970308A0F1040040
:10457000E2E700BF73B510460D4601AA0949DBF713
:10458000BDFF012801D0002009E0019E0446D5E9C5
:10459000000398472868AB6831469847204602B028
:1045A00070BD00BFDCBB0308A0F10400E2E700BF60
:1045B00073B510460D4601AA0949DBF79FFF012894
:1045C00001D000200AE0BDF804600446D5E90003EC
:1045D00098472868AB6831469847204602B070BDBE
:1045E000D0970308A0F10400E2E700BF73B51046BE
:1045F0000D4601AA0949DBF781FF012801D00020FF
:104600000AE0BDF804600446D5E90003984728682D
:10461000AB6831469847204602B070BDD09703087A
:10462000A0F10400E2E700BF73B510460D4601AAF1
:104630000949DBF763FF012801D000200AE0BDF83B
:1046400004600446D5E9000398472868AB68314602
:104650009847204602B070BDD0970308A0F104002F
:10466000E2E700BF10B52DED028B0C46DBF7ECFD49
:10467000D4E90003B0EE408A9847BCEEC80A20682F
:10468000A36810EE102A91B29847BDEC028B01206E
:1046900010BD10B52DED028B0C46DBF7D5FDD4E92E
:1046A0000003B0EE408A9847BCEEC80A2068A368B1
:1046B00010EE102A91B29847BDEC028B012010BD7C
:1046C000D1E900231BB1934201D80020704710703C
:1046D0000B68012003440B60704700BFD1E9002341
:1046E0001BB1934201D80020704710700B68012065
:1046F00003440B60704700BF10B5174C94F8892134
:1047000094F88A318AB1154A1068BBB1012384F844
:10471000CC3260B112F05EFB13F03CF894F89931A2
:10472000BBB994F8983173B910BD002BF4D00C4B81
:1047300018680028F0D012F04DFBEDE70028EBD010
:1047400012F048FBE8E7BDE8104006490648FEF7CE
:104750003BB813F0E1F8E4E790E30020200B0020E1
:104760001C0B0020800B002070E400202DE9F04796
:10477000DFF8348198F89A31023B012B14460D463C
:10478000174607D998F89D31023B012B2BD92046BB
:10479000BDE8F087DFF81491D9E91006731C03F027
:1047A0003F03834213D03F3606F03F06B0425BD84A
:1047B000361A964228BF164632464844DDF728FC92
:1047C000D9F840301E4406F03F06C9F84060324B2D
:1047D0001A78002AD6D131490868012119700321BD
:1047E000F2F700FACEE7DFF8C880D8E91006731CAC
:1047F00003F03F03834214D03F3606F03F06B04239
:104800001BD8361ABE4228BF3E463246294640448F
:10481000DDF7FEFBD8F840301E4406F03F06C8F82E
:1048200040601F4B1A78002AB1D11E48012119702F
:1048300000680721F2F7D6F9A9E7C0F14007A742BF
:1048400028BF27463A4629464044DDF7E1FBD8F821
:104850004000A742384400F03F0028BF27463D44AF
:10486000C8F84000E71BCCE7C0F1400A924528BFDA
:10487000924652464844DDF7CBFBD9F84000A245AA
:10488000504400F03F0028BFA246C9F8400005EBA5
:104890000A01A4EB0A028BE704ED0020C0E6002029
:1048A0000CF30020BCE6002090E3002028F000205C
:1048B00030F6002010B5024C8260C0E9004110BD06
:1048C00010C503080B4611469868FDF7A3BF00000A
:1048D00008B50A4601460020FFF7F4FF08BD00BFF7
:1048E000D1F89800CA81F4F78BBE000008B50A46DB
:1048F00001460020FFF7F4FF08BD00BFD1F8980083
:104900000A82F4F77DBE000008B50A460146002081
:10491000FFF7F4FF08BD00BF086A0A82F7F736B850
:1049200008B50A4601460020FFF7F6FF08BD00BFA4
:104930004B6E0A7093F89E2002B91A7F83F89E206E
:104940007047000008B50A4601460020FFF7F0FF57
:1049500008BD00BF486E81ED040AF6F745B80000B7
:1049600008B501460020FFF7F5FF08BD486E81ED50
:10497000050AF6F739B8000008B501460020FFF730
:10498000F5FF08BD486E81ED0C0AF6F72DB8000062
:1049900008B501460020FFF7F5FF08BD10B50C462D
:1049A000084604F54054F8F7EFFD012384F83C393C
:1049B00010BD000008B501460020FFF7EFFF08BD5D
:1049C0000A7001F54051D1F8BC08F8F713BE000099
:1049D00008B50A4601460020FFF7F2FF08BD00BFF8
:1049E00002B9CA6ACA62704708B50A460146002081
:1049F000FFF7F6FF08BD00BF81ED0D0A01F540513C
:104A0000D1F8BC08F8F726BE08B501460020FFF72C
:104A1000F3FF08BD0B4681F82420586D0021F7F7FD
:104A200085B9000008B50A4601460020FFF7F2FFED
:104A300008BD00BF0B4681F82E20586D0021F7F706
:104A400075B9000008B50A4601460020FFF7F2FFDD
:104A500008BD00BF486DA1F84C20F7F719BF000052
:104A600008B50A4601460020FFF7F4FF08BD00BF65
:104A7000486D81F82520F7F7A7B9000008B50A4668
:104A800001460020FFF7F4FF08BD00BF486D81ED2F
:104A9000040AF7F76BB9000008B501460020FFF7DC
:104AA000F5FF08BDC8680A81F8F7F2BA08B50A46EA
:104AB00001460020FFF7F6FF08BD00BFC8688A72F4
:104AC000F8F7E6BA08B50A4601460020FFF7F6FFF8
:104AD00008BD00BFC8684A60F8F7DABA08B50A46E8
:104AE00001460020FFF7F6FF08BD00BF0A807047AF
:104AF00008B50A4601460020FFF7F8FF08BD00BFD1
:104B0000084B82B01B88019080B2984207D1BDF853
:104B10000600B0F5457F2CBF0020012000E00020FA
:104B200002B07047B4E9002000B52DED028B054BB3
:104B300089B01B88019080B2984205D0002003F014
:104B400092BD00BFB4E9002000230793BDF80630F2
:104B5000013BB0EE408AB3F5437F03F27185DFE895
:104B600013F00D036F1D6F1D17036F1D6F1D6F1D5C
:104B70006F1D6F1D6F1D6F1D6F1D6F1D6F1D6F1DD5
:104B80006F1D6F1D21036F1D6F1D6F1D2B036F1D8B
:104B90006F1D6F1D35036F1D6F1D6F1D3F036F1D53
:104BA0006F1D6F1D49036F1D6F1D6F1D6F1D6F1DE5
:104BB0006F1D6F1D6F1D6F1D6F1D6F1D6F1D6F1D95
:104BC0006F1D6F1D6F1D6F1D6F1D6F1D6F1D6F1D85
:104BD0006F1D6F1D6F1D6F1D6F1D6F1D6F1D6F1D75
:104BE0006F1D6F1D53036F1D5D03670371037B030F
:104BF0006F1D85038F039903A303AD03B703C1039F
:104C0000CB03D503DF03E903F303FD03070411041A
:104C10001B048B0495049F04A904B304BD04C704BA
:104C2000D104DB04E504EF04F90403050D051705C1
:104C300021052B0535053F05490553055D0567052C
:104C400071057B0585058F059905F90503060D0698
:104C5000170621062B0635063F06490653065D0654
:104C6000670671067B066F1D6F1D6F1D6F1D850624
:104C70008F069906A306AD06B706C106CB06D50674
:104C8000DF06E906F306FD06070773077D078707BA
:104C900091079B07A507AF07B907C307CD07D7073C
:104CA000E107EB07F507FF07090813081D082708A8
:104CB00031083B0845084F08590863086D08770814
:104CC0008108D508DF08E908F308FD08070911097C
:104CD0001B0928096F1D6F1D6F1D6F1D6F1D350985
:104CE00042094F096F1D5C096F1D6F1D6F1D6F1D00
:104CF0006909770985096F1D9309A109AF09BD09E4
:104D0000CB09D909E709F5096F1D6F1D310A6F1D20
:104D10006F1D6F1D6F1D6F1D6F1D6F1D6F1D6F1D33
:104D20006F1D6F1D3E0A4C0A6F1D6F1D6F1D6F1D9D
:104D30005A0A670A740A810A8E0A9B0AA80AB50AE7
:104D4000C20ACF0ADC0AE90AF60A030B100B1D0B94
:104D50002A0B370B440B510B5E0B950BA20BAF0BC1
:104D6000BC0BC90BD60BE50BF40B000C0F0C6F1D25
:104D70006F1D6F1D6F1D1E0C2D0C3C0C4B0C5A0C27
:104D8000690C780C870C960CA30CB00CBD0CCA0CEB
:104D9000FB0C080D150D220D2F0D3C0D490D560D68
:104DA000630D700D7D0D8C0D9B0DAA0DB80D6F1D43
:104DB000C50D6F1DD40DE30D6F1DF20D010E100E0C
:104DC0001F0E2E0E5B0E6A0E790E880E6F1D6F1D64
:104DD0006F1D970EA40E6F1D6F1D6F1D6F1DB10E01
:104DE0006F1DBE0E6F1D6F1D6F1D6F1D6F1D6F1D23
:104DF0006F1D6F1D6F1D6F1D6F1D6F1D6F1D6F1D53
:104E00006F1DCB0E6F1DD80EE50EF20EFF0E0C0FB0
:104E1000190F260F330F400F4D0F5A0F670F740FE6
:104E2000810FCB0FD80FE50FF20FFF0F0C101910E9
:104E30006F1D26106F1D6F1D6F1D6F1D6F1D3310B1
:104E40003D106F1D6F1D6F1D6F1D4A1057106410B0
:104E500071107E108B106F1D9810A410B010BC1034
:104E6000C9106F1DD510E110ED102F113C11481124
:104E700055116F1D6F1D6F1D6F1D6F1D62116F1D11
:104E80006F1D6F1D6C116F1D6F1D6F1D76116F1DD6
:104E90006F1D6F1D80116F1D6F1D6F1D8A116F1D9E
:104EA0006F1D6F1D94116F1D6F1D6F1D9E116F1D66
:104EB0006F1D6F1DA8116F1D6F1D6F1DB2116F1D2E
:104EC0006F1D6F1DBC116F1D6F1D6F1DC6116F1DF6
:104ED0006F1D6F1DD0116F1D6F1D6F1DDA116F1DBE
:104EE000E4116F1D6F1D6F1D6F1DEE11F811021281
:104EF0000C12161220122A1234123E129B12A51204
:104F0000AF12B912C312CD12D712E112EB12F51281
:104F1000FF12091313131D13271331133B134513EA
:104F20004F13591363136D13771381138B13951359
:104F30009F13A913FF13091413141D1427143114FC
:104F40003B1445144F14591463146D1477148414CE
:104F50006F1D6F1D6F1D6F1D6F1D91149E14AB147F
:104F60006F1DB8146F1D6F1D6F1D6F1DC514D314F9
:104F7000E1146F1DEF14FD140B1519155F156D1558
:104F80007B1589156F1D6F1D97156F1D6F1D6F1D8B
:104F90006F1D6F1D6F1D6F1D6F1D6F1D6F1D6F1DB1
:104FA000A415B2156F1D6F1D6F1D6F1DC015CD159A
:104FB000DA15E715F41501160E161B162816351608
:104FC00042164F165C16691676168316BB16C8165F
:104FD000D516E216EF16FC16091716172317301709
:104FE0003D174C175B17671776176F1D6F1D6F1DE9
:104FF0006F1D85179417A317B217C117D017DF17A6
:10500000EE17151822182F183C184918561863184F
:1050100070187D188A189718A418B118BE18CB18E4
:10502000D818E718F618051913196F1D20196F1DE8
:105030002F193E196F1D771985199319A119AF19E9
:10504000BD19CB19D919E7196F1D6F1D6F1DF51902
:10505000011A6F1D6F1D6F1D6F1D0D1A6F1D191A1F
:105060006F1D6F1D6F1D6F1D6F1D6F1D6F1D6F1DE0
:105070006F1D6F1D6F1D6F1D6F1D6F1D6F1D251A1D
:105080006F1D311A3D1A491A551A611A6D1A791A8B
:10509000851A911AD11ADD1AE91AF51A011B0D1B8E
:1050A000191B251B311B3D1B491B551B6F1D611B0C
:1050B0006F1D6F1D6F1D6F1D6F1D6D1B761B6F1D8F
:1050C0006F1D6F1D6F1D821B8E1B9A1BA61BB21BB3
:1050D000BE1B6F1DCA1BD51BE01B231C2F1C6F1D85
:1050E0003A1C451C501C5B1C671C721C7E1C6F1DEF
:1050F0006F1D6F1D6F1D6F1D8A1C6F1D6F1D6F1D36
:10510000931C6F1D6F1D6F1D9C1C6F1D6F1D6F1DF0
:10511000A51C6F1D6F1D6F1DAE1C6F1D6F1D6F1DBC
:10512000B71C6F1D6F1D6F1DC01C6F1D6F1D6F1D88
:10513000C91C6F1D6F1D6F1DD21C6F1D6F1D6F1D54
:10514000DB1C6F1D6F1D6F1DE41C6F1D6F1D6F1D20
:10515000ED1C6F1D6F1D6F1DF61C6F1D6F1DFF1C5D
:105160006F1D6F1D081D6F1D6F1D6F1D6F1D6F1D46
:105170006F1D6F1D111D6F1D6F1D671D8B4B0393E1
:105180008B4B04938B4B05938B4B079303F058BACF
:105190008A4B03938A4B04938A4B05938A4B07935C
:1051A00003F04EBA894B0393894B0493894B0593C3
:1051B000894B079303F044BA884B0393884B0493BD
:1051C000884B0593884B079303F03ABA874B0393B8
:1051D000834B0493834B0593834B079303F030BABF
:1051E000834B03937E4B04937E4B05937E4B079337
:1051F00003F026BA7F4B0393794B0493794B0593C5
:10520000794B079303F01CBA7B4B0393744B0493C5
:10521000744B0593744B079303F012BA774B0393C7
:10522000774B0493774B0593774B079303F008BABA
:10523000764B0393764B0493764B05936A4B079317
:1052400003F0FEB9744B0393744B0493744B0593B2
:10525000744B079303F0F4B9734B0393604B0493BF
:10526000604B0593604B079303F0EAB96F4B0393D0
:10527000574B0493574B0593574B079303F0E0B9F3
:105280006B4B0393524B0493524B0593524B079332
:1052900003F0D6B9674B03934D4B04934D4B0593E5
:1052A0004D4B079303F0CCB9634B03934C4B0493E2
:1052B0004C4B05934C4B079303F0C2B95F4B0393E0
:1052C000474B0493474B0593474B079303F0B8B9FB
:1052D0005B4B0393424B0493424B0593424B079322
:1052E00003F0AEB9574B0393394B0493394B0593F5
:1052F000394B079303F0A4B9534B0393344B0493F6
:10530000344B0593344B079303F09AB94F4B0393F7
:105310004F4B04934F4B05934F4B079303F090B9BA
:105320004E4B03934A4B04934A4B05934A4B0793C6
:1053300003F086B94A4B0393454B0493454B0593C1
:10534000454B079303F07CB9464B0393404B0493C2
:10535000404B0593404B079303F072B9424B0393C4
:10536000174B0493174B0593174B079303F068B93A
:105370003E4B0393124B0493124B0593124B07932E
:1053800003F05EB93A4B0393114B0493114B059311
:10539000114B079303F054B9364B0393084B049316
:1053A000084B0593084B079303F04AB9C8A30020A4
:1053B000912B0208952B0208A4E90020D4A3002019
:1053C000A12B0208A92B020890E9002070E600201A
:1053D000C52B0208C92B02087CE9002080E60020CA
:1053E000CD2B0208D12B020868E9002090E60020AE
:1053F000A0E60020B0E6002050A4002074E40020C5
:10540000D92B0208DD2B020854E9002078E40020A3
:10541000E1340208F58B02087CE40020E12B02084D
:10542000E52B020840E9002060E6002019E5002095
:105430001AE500201BE500201CE5002020E50020E7
:1054400024E5002028E5002029E500202DE50020A6
:10545000E92B0208ED2B02082CE900202AE50020A8
:105460002BE500202CE5002030E5002034E500206D
:1054700038E500203CE500208B4B03938B4B0493D5
:105480008B4B05938B4B079303F0DAB88A4B03934E
:105490008A4B04938A4B05938A4B079303F0D0B849
:1054A000894B0393814B0493814B0593814B079365
:1054B00003F0C6B8854B03937C4B04937C4B059358
:1054C0007C4B079303F0BCB8814B0393774B049359
:1054D000774B0593774B079303F0B2B87D4B03935B
:1054E000724B0493724B0593724B079303F0A8B869
:1054F000794B0393794B0493794B0593794B07933D
:1055000003F09EB8784B0393784B0493784B059344
:10551000784B079303F094B8774B0393634B049352
:10552000634B0593634B079303F08AB8734B039364
:105530005E4B04935E4B05935E4B079303F080B87C
:105540006F4B0393694B0493694B0593694B079326
:1055500003F076B86B4B0393544B0493544B059371
:10556000544B079303F06CB8674B03934F4B049372
:105570004F4B05934F4B079303F062B8634B039374
:10558000634B0493634B0593634B079303F058B845
:10559000624B03935E4B04935E4B05935E4B079304
:1055A00003F04EB85E4B0393594B0493594B05934C
:1055B000594B079303F044B85A4B0393544B04934D
:1055C000544B0593544B079303F03AB8564B03934F
:1055D0004F4B04934F4B05934F4B079303F030B859
:1055E000524B03934A4B04934A4B05934A4B079300
:1055F00003F026B84E4B0393454B0493454B05935C
:10560000454B079303F01CB84A4B0393404B04935C
:10561000404B0593404B079303F012B8464B03935E
:105620003B4B04933B4B05933B4B079303F008B86C
:10563000424B0393364B0493364B0593364B0793FB
:1056400002F0FEBF3E4B0393314B0493314B059365
:10565000314B079302F0F4BF3A4B03932C4B049366
:105660002C4B05932C4B079302F0EABF364B039368
:10567000274B0493274B0593274B079302F0E0BF7A
:10568000324B0393224B0493224B0593224B0793F7
:1056900002F0D6BF2E4B03931D4B04931D4B059375
:1056A0001D4B079302F0CCBF40E50020A12B020860
:1056B000A92B020890E9002044E50020C52B020830
:1056C000C92B02087CE9002048E500204CE50020B9
:1056D00050E5002054E5002058E50020CD2B0208BD
:1056E000D12B020868E90020B0E50020F12B020868
:1056F000F92B020818E90020B4E50020B8E50020E5
:10570000BCE50020C0E50020C4E5002009E500203C
:10571000012C0208052C020804E900200AE50020FB
:105720000BE500200CE500200DE500200EE5002033
:105730000FE5002010E5002011E5002012E5002013
:1057400013E5002014E5002015E5002016E50020F3
:1057500017E500208B4B03938B4B04938B4B0593E6
:105760008B4B079302F06CBF8A4B03938A4B0493D5
:105770008A4B05938A4B079302F062BF894B0393D0
:10578000894B0493894B0593894B079302F058BFCB
:10579000884B0393844B0493844B0593844B07936A
:1057A00002F04EBF844B03937B4B04937B4B0593DA
:1057B0007B4B079302F044BF804B03937A4B0493D7
:1057C0007A4B05937A4B079302F03ABF7C4B0393D5
:1057D000754B0493754B0593754B079302F030BFDF
:1057E000784B03936C4B04936C4B05936C4B079372
:1057F00002F026BF744B03936B4B04936B4B0593E2
:105800006B4B079302F01CBF704B0393664B0493E2
:10581000664B0593664B079302F012BF6C4B0393E4
:105820005D4B04935D4B05935D4B079302F008BFFE
:10583000684B03935C4B04935C4B05935C4B079361
:1058400002F0FEBE644B0393574B0493574B0593F2
:10585000574B079302F0F4BE604B0393604B0493E5
:10586000604B0593604B079302F0EABE5F4B0393D6
:105870005F4B04935F4B05935F4B079302F0E0BED1
:105880005E4B03935E4B04935E4B05935E4B079315
:1058900002F0D6BE5D4B0393594B0493594B0593CD
:1058A000594B079302F0CCBE594B0393544B0493CE
:1058B000544B0593544B079302F0C2BE554B0393D0
:1058C0004F4B04934F4B05934F4B079302F0B8BED9
:1058D000514B03934A4B04934A4B05934A4B07930E
:1058E00002F0AEBE4D4B0393454B0493454B0593DD
:1058F000454B079302F0A4BE494B0393404B0493DE
:10590000404B0593404B079302F09ABE454B0393DF
:105910003B4B04933B4B05933B4B079302F090BEEC
:10592000414B0393364B0493364B0593364B079309
:1059300002F086BE3D4B03931B4B04931B4B059318
:105940001B4B079302F07CBE394B03932C4B049303
:105950002C4B05932C4B079302F072BE2B4B0393F9
:10596000344B0493344B0593344B079302F068BED9
:10597000264B0393324B0493324B05932F4B0793E3
:1059800002F05EBE18E50020012C0208052C02087A
:1059900004E900205CE50020F12B0208F92B020845
:1059A00018E9002060E50020A12B0208A92B0208BD
:1059B00090E9002064E5002068E500206CE5002007
:1059C00070E5002074E5002078E500207CE50020EB
:1059D00080E5002084E5002088E50020B812002042
:1059E000092C02080D2C0208F0E80020DC1200202F
:1059F0001D2C0208212C0208DCE80020EC120020FB
:105A0000C52B0208C92B02087CE900208010002069
:105A100081100020821000208310002084100020BC
:105A2000851000208610002087100020881000209C
:105A30008C100020D9340208118C0208C8E800201C
:105A4000D13402082D8C02088B4B03938B4B0493AB
:105A50008B4B05938B4B079302F0F2BD8A4B03935C
:105A6000864B0493864B0593864B079302F0E8BD63
:105A7000864B0393814B0493814B0593814B079392
:105A800002F0DEBD824B03937C4B04937C4B059369
:105A90007C4B079302F0D4BD7E4B0393774B04936A
:105AA000774B0593774B079302F0CABD7A4B03936C
:105AB000724B0493724B0593724B079302F0C0BD77
:105AC000764B03936D4B04936D4B05936D4B07938E
:105AD00002F0B6BD724B0393684B0493684B059379
:105AE000684B079302F0ACBD6E4B0393634B04937A
:105AF000634B0593634B079302F0A2BD6A4B03937C
:105B00005E4B04935E4B05935E4B079302F098BD8A
:105B1000664B0393594B0493594B0593594B079389
:105B200002F08EBD624B0393624B0493624B05936C
:105B3000624B079302F084BD614B03935D4B04936A
:105B40005D4B05935D4B079302F07ABD5D4B03936C
:105B5000584B0493584B0593584B079302F070BD74
:105B6000594B0393454B0493454B0593454B079382
:105B700002F066BD554B0393404B0493404B059395
:105B8000404B079302F05CBD514B03933B4B049396
:105B90003B4B05933B4B079302F052BD4D4B039398
:105BA000364B0493364B0593364B079302F048BDB2
:105BB000494B0393314B0493314B0593314B07937E
:105BC00002F03EBD454B03932C4B04932C4B0593A5
:105BD0002C4B079302F034BD414B0393354B049398
:105BE000354B0593354B079302F02ABD3D4B03938C
:105BF000304B0493304B0593304B079302F020BD9C
:105C0000394B03932B4B04932B4B05932B4B07934F
:105C100002F016BD354B0393354B0493354B05937A
:105C2000354B079302F00CBD344B0393214B049387
:105C3000214B0593214B079302F002BD304B039398
:105C40002B4B04932B4B05932B4B079302F0F8BC83
:105C50002C4B0393264B0493264B0593264B07931B
:105C600002F0EEBC284B0393214B0493214B059388
:105C7000214B079302F0E4BC94100020A12B0208F2
:105C8000A92B020890E90020981000209C10002009
:105C9000A0100020A4100020B0100020B41000209C
:105CA000B8100020BC100020C0100020C41000203C
:105CB000C8100020C52B0208C92B02087CE900206F
:105CC000C9100020CA100020CC100020D0100020E5
:105CD000D4100020D8100020DC100020E01000209C
:105CE000E4100020E5100020E6100020E81000205D
:105CF000CD2B0208D12B020868E90020EC1000200F
:105D0000F0100020F4100020F8100020964B0393B0
:105D1000964B0493964B0593964B079302F090BCD9
:105D2000954B0393914B0493914B0593914B0793A0
:105D300002F086BC914B03938C4B04938C4B0593E0
:105D40008C4B079302F07CBC8D4B0393874B0493E1
:105D5000874B0593874B079302F072BC894B0393E3
:105D6000824B0493824B0593824B079302F068BCED
:105D7000854B03937D4B04937D4B05937D4B07939C
:105D800002F05EBC814B0393784B0493784B0593F0
:105D9000784B079302F054BC7D4BD3F858319833BD
:105DA00003937C4B04937C4B05937C4B079302F04D
:105DB00047BC774BD3F8583190330393784B049317
:105DC000784B0593784B079302F03ABC704BD3F8AD
:105DD0005831B03303936F4B04936F4B05936F4B64
:105DE000079302F02DBC6A4BD3F85831B4330393B8
:105DF000684B0493684B0593684B079302F020BCF3
:105E0000634BD3F85831B8330393624B0493624B1E
:105E10000593624B079302F013BC5D4BD3F85831E6
:105E2000C43303935B4B04935B4B05935B4B07932A
:105E300002F006BC564BD3F858315B692C33039300
:105E4000544B0493544B0593544B079302F0F8BB07
:105E50004F4BD3F858315B69303303934D4B049368
:105E60004D4B05934D4B079302F0EABB484BD3F8DB
:105E700058315B69343303934C4B04934C4B05937B
:105E80004C4B079302F0DCBB414BD3F858319B6974
:105E90002C330393484B0493484B0593484B07938B
:105EA00002F0CEBB3A4BD3F858319B692C330393A5
:105EB000384B0493384B0593384B079302F0C0BB23
:105EC000334BD3F858319B6930330393314B0493F0
:105ED000314B0593314B079302F0B2BB2C4BD3F8F7
:105EE00058319B69343303932A4B04932A4B05930F
:105EF0002A4B079302F0A4BB254BD3F858319B697A
:105F000038330393234B0493234B0593234B07937D
:105F100002F096BB1E4BD3F858319B694033039374
:105F20001C4B04931C4B05931C4B079302F088BB3E
:105F3000174BD3F858319B6944330393154B0493A3
:105F4000154B0593154B079302F07ABB104BD3F812
:105F500058319B6948330393144B0493144B0593B6
:105F6000144B079302F06CBBFC100020CD2B0208F1
:105F7000D12B020868E90020001100200411002044
:105F8000081100200C110020101100201411002015
:105F900070100020A12B0208A92B020890E9002014
:105FA000252C02082D2C0208B4E80020C52B02087D
:105FB000C92B02087CE90020C9340208458C02087C
:105FC000C8E800209C4BD3F85831DC3303939B4B3B
:105FD00004939B4B05939B4B079302F031BB964B6D
:105FE000D3F8583103F5AE730393944B0493944B59
:105FF0000593944B079302F023BB8F4BD3F8583192
:1060000003F5B07303938D4B04938D4B05938D4B28
:10601000079302F015BB884BD3F858311C33039318
:10602000894B0493894B0593894B079302F008BB76
:10603000814BD3F8583120330393864B0493864B1E
:106040000593864B079302F0FBBA7B4BD3F858318C
:1060500024330393794B0493794B0593794B07933E
:1060600002F0EEBA744BD3F8583128330393734BD4
:106070000493734B0593734B079302F0E1BA6E4B95
:10608000D3F858311C330393754B0493754B059328
:106090006C4B079302F0D4BA674BD3F858311C33DA
:1060A0000393714B0493714B0593664B079302F076
:1060B000C7BA614BD3F85831343303935F4B049321
:1060C0005F4B05935F4B079302F0BABA5A4BD3F874
:1060D000583138330393664B0493664B0593664BF4
:1060E000079302F0ADBA544BD3F858313C330393C5
:1060F000524B0493524B0593524B079302F0A0BAB4
:106100004D4BD3F85831403303934C4B04934C4BD5
:1061100005934C4B079302F093BA474BD3F8583191
:1061200044330393454B0493454B0593454B0793E9
:1061300002F086BA404BD3F85831503303933F4BAB
:1061400004933F4B05933F4B079302F079BA3A4BC8
:10615000D3F8583154330393384B0493384B059399
:10616000384B079302F06CBA334BD3F858314833AD
:106170000393324B0493324B0593324B079302F057
:106180005FBA2D4BD3F858311C3303933B4B049328
:106190003B4B05932B4B079302F052BA264BD3F897
:1061A000583158330393254B0493254B0593254BC6
:1061B000079302F045BA204BD3F858315C33039370
:1061C0001E4B04931E4B05931E4B079302F038BAE7
:1061D000194BD3F85831603303932A4B04932A4B5D
:1061E00005931B4B079302F02BBA134BD3F858318E
:1061F00064330393114B0493114B0593114B079395
:1062000002F01EBA0C4BD3F85831683303930B4B92
:1062100004930B4B05930B4B079302F011BA064BFB
:10622000D3F858316C330393164B0493164B0593F4
:10623000074B079302F004BA70100020A12B02084C
:10624000A92B020890E90020C1340208698C0208D9
:106250007CE90020352C0208392C0208A0E8002037
:10626000B9340208858C0208AD3402089D8C0208FE
:106270003D2C0208412C02088CE80020A1340208C1
:10628000B58C0208C52B0208C92B0208A04BD3F815
:1062900058316D3303939F4B04939F4B05939F4B52
:1062A000079302F0CDB99A4BD3F85831703303936A
:1062B0009B4B04939B4B05939B4B079302F0C0B9F8
:1062C000934BD3F8583174330393954B0493954B08
:1062D0000593954B079302F0B3B98D4BD3F8583122
:1062E000783303938E4B04938E4B05938E4B079319
:1062F00002F0A6B9864BD3F858317C330393884B10
:106300000493884B0593884B079302F099B9804B0F
:10631000D3F8003103F563531C330393834B049389
:10632000834B0593834B079302F08AB9784BD3F8DC
:10633000003103F5635320330393794B0493794B76
:106340000593794B079302F07BB9714BD3F8003179
:106350000393794B0493794B0593734B079302F0A6
:106360006FB96B4BD3F8003103F5645318330393C3
:106370006B4B04936B4B05936B4B079302F060B927
:10638000634BD3F8003103F564531C330393644B20
:106390000493644B0593644B079302F051B95C4B33
:1063A000D3F8003103F564530C3303935C4B04932F
:1063B0005C4B05935C4B079302F042B9544BD3F806
:1063C000003103F564533E330393524B0493524B15
:1063D0000593524B079302F033B94D4BD3F800317C
:1063E00003F56453383303934D4B04934D4B05939E
:1063F0004D4B079302F024B9454BD3F8003103F518
:1064000062532C330393464B0493464B0593464B00
:10641000079302F015B93E4BD3F8003103F56253F0
:10642000313303933B4B04933B4B05933B4B079317
:1064300002F006B9364BD3F8003103F5625333331B
:106440000393344B0493344B0593344B079302F07E
:10645000F7B82F4BD3F8003103F562533033039371
:106460002C4B04932C4B05932C4B079302F0E8B86C
:10647000274BD3F8003103F5625332330393254B96
:106480000493254B0593254B079302F0D9B8204B75
:10649000D3F8003118330393294B0493294B059308
:1064A000294B079302F0CCB8194BD3F800311933BC
:1064B0000393264B0493264B0593264B079302F038
:1064C000BFB8134BD3F800311C330393144B049320
:1064D000144B0593144B079302F0B2B80C4BD3F84E
:1064E0000031203303930E4B04930E4B05930E4B58
:1064F000079302F0A5B8064BD3F800312433039379
:10650000074B0493074B0593074B079302F098B88A
:1065100070100020C52B0208C92B02087CE900205E
:10652000A12B0208A92B020890E90020452C0208A3
:10653000492C020878E8002095340208D98C02081A
:1065400085340208F58C020864E800204D2C02080E
:10655000512C020850E80020A04BD3F80031303312
:1065600003939F4B04939F4B05939F4B079302F01C
:1065700067B89A4BD3F8003128330393984B0493B0
:10658000984B0593984B079302F05AB8934BD3F866
:1065900000312C330393924B0493924B0593924B0F
:1065A000079302F04DB88D4BD3F800313433039389
:1065B0008B4B04938B4B05938B4B079302F040B8A6
:1065C000864BD3F8003138330393854B0493854BC6
:1065D0000593854B079302F033B8804BD3F8003115
:1065E0003C330393814B0493814B0593814B079379
:1065F00002F026B8794BD3F8003140330393784B3F
:106600000493784B0593784B079302F019B8734BBA
:10661000D3F8003118330393774B0493774B0593EA
:10662000774B079302F00CB86C4BD3F80031503322
:1066300003936B4B04936B4B05936B4B079301F0E8
:10664000FFBF664BD3F8003148330393644B049388
:10665000644B0593644B079301F0F2BF5F4BD3F893
:10666000003103F5625334330393664B0493664B56
:106670000593664B079301F0E3BF584BD3F8003105
:1066800003F5625338330393554B0493554B0593ED
:10669000554B079301F0D4BF504BD3F8003103F5AD
:1066A00062533C3303934E4B04934E4B05934E4B36
:1066B000079301F0C5BF494BD3F8003103F563538D
:1066C0000393504B0493504B0593504B079301F0A9
:1066D000B7BF424BD3F80031183303934C4B0493AC
:1066E0004C4B0593404B079301F0AABF3B4BD3F8AB
:1066F000003103F56253183303933C4B04933C4B36
:1067000005933C4B079301F09BBF344BD3F800310A
:1067100003F562531C330393314B0493314B0593C0
:10672000314B079301F08CBF2C4BD3F8003103F5AC
:106730006253203303932A4B04932A4B05932A4B2D
:10674000079301F07DBF254BD3F8003103F5625369
:1067500028330393254B0493254B0593254B07932F
:1067600001F06EBF1D4BD3F8003103F563530433C2
:1067700003931B4B04931B4B05931B4B079301F097
:106780005FBF164BD3F8003103F56353083303930F
:10679000134B0493134B0593134B079301F050BF16
:1067A0000E4BD3F8003103F56353103303930C4BB6
:1067B00004930C4B05930C4B079301F041BF074B1F
:1067C000D3F8003103F563530C330393044B049364
:1067D000044B0593044B079301F032BF7010002067
:1067E000A12B0208A92B020890E90020C52B020862
:1067F000C92B02087CE900207D3402080D8D0208B7
:10680000A0E80020552C0208592C02083CE8002082
:10681000753402082D8D0208994BD3F8003103F529
:10682000645328330393974B0493974B0593974BEB
:10683000079301F005BF924BD3F8003103F5645381
:106840002C3303938F4B04938F4B05938F4B0793FC
:1068500001F0F6BE8A4BD3F8003103F564533033B0
:106860000393884B0493884B0593884B079301F05F
:10687000E7BE834BD3F8003103F5645334330393FD
:10688000804B0493804B0593804B079301F0D8BE57
:106890007B4BD3F80031043303937A4B04937A4B48
:1068A00005937A4B079301F0CBBE754BD3F80031BB
:1068B00008330393764B0493764B0593764B0793FB
:1068C00001F0BEBE6E4BD3F8003110330393734B0F
:1068D0000493734B0593734B079301F0B1BE684B60
:1068E000D3F8AC308C3303936F4B04936F4B059309
:1068F0006F4B079301F0A4BE614BD3F8AC30C833A3
:1069000003936C4B04936C4B05936C4B079301F012
:1069100097BE5B4BD3F8AC3034330393684B04938E
:10692000684B0593684B079301F08ABE544BD3F82C
:10693000AC3034330393654B0493654B0593564B4E
:10694000079301F07DBE4E4BD3F8AC305433039324
:106950004C4B04934C4B05934C4B079301F070BE8A
:10696000474BD3F8AC3060330393494B0493494B06
:106970000593494B079301F063BE414BD3F8AC300C
:1069800034330393534B0493534B0593424B079378
:1069900001F056BE3A4BD3F8AC30343303934F4B2F
:1069A00004934F4B05934F4B079301F049BE344B73
:1069B000D3F8AC30503303933E4B04933E4B0593D6
:1069C0003E4B079301F03CBE2D4BD3F8AC3048331F
:1069D0000393384B0493384B0593384B079301F0DE
:1069E0002FBE274BD3F8AC304C330393254B049385
:1069F000254B0593254B079301F022BE204BD3F87E
:106A0000AC305C3303932B4B04932B4B05932B4BF4
:106A1000079301F015BE1A4BD3F8AC30343303930F
:106A2000314B0493314B05931B4B079301F008BE88
:106A3000134BD3F8AC3061330393154B0493154BD0
:106A40000593154B079301F0FBBD0D4BD3F8AC300C
:106A500034330393264B0493264B05930B4B079338
:106A600001F0EEBD064BD3F8AC3038330393054B41
:106A70000493054B0593054B079301F0E1BD00BF5F
:106A800070100020A12B0208A92B020890E9002019
:106A9000C52B0208C92B02087CE90020CD2B020877
:106AA000D12B020868E900205D2C0208612C020845
:106AB00028E80020352C0208392C0208A0E8002024
:106AC000652C0208692C020814E8002069340208C9
:106AD000498D02085D340208698D020851340208AC
:106AE000858D0208C8E8002045340208A18D0208FF
:106AF00039340208BD8D0208964BD3F8AC303C33D4
:106B00000393954B0493954B0593954B079301F095
:106B100097BD904BD3F8AC30403303938E4B049326
:106B20008E4B05938E4B079301F08ABD894BD3F8AA
:106B3000AC30633303938B4B04938B4B05938B4B9C
:106B4000079301F07DBD834BD3F8AC3064330393DE
:106B5000874B0493874B0593874B079301F070BDD8
:106B60007C4BD3F8AC30653303937E4B04937E4B60
:106B700005937E4B079301F063BD764BD3F8AC30A1
:106B8000823303937D4B04937D4B05937D4B079399
:106B900001F056BD6F4BD3F8AC3084330393774B81
:106BA0000493774B0593774B079301F049BD694BED
:106BB000D3F8AC3004330393734B0493734B0593B6
:106BC000734B079301F03CBD724B0393624B0493EC
:106BD000624B0593624B079301F032BD5D4BD3F8D6
:106BE000FC30103303936C4B04936C4B05936C4B4C
:106BF000079301F025BD574BD3F8FC3004330393C2
:106C0000554B0493554B0593554B079301F018BD15
:106C1000504BD3F8FC30083303934F4B04934F4B46
:106C200005934F4B079301F00BBD4A4BD3F8FC3053
:106C30000C330393484B0493484B0593484B0793FD
:106C400001F0FEBC434BD3F85C3104330393424B59
:106C50000493424B0593424B079301F0F1BC3D4B2B
:106C6000D3F85C31083303933B4B04933B4B0593C0
:106C70003B4B079301F0E4BC364BD3F85C310C334B
:106C80000393354B0493354B0593354B079301F034
:106C9000D7BC304BD3F860310393424B0493424B43
:106CA0000593384B079301F0CBBC2A4BD3F86031E6
:106CB00003933E4B04933E4B05932C4B079301F0FB
:106CC000BFBC244BD3F860310393234B0493234B75
:106CD0000593234B079301F0B3BC1E4BD3F86031EF
:106CE0000B3303931F4B04931F4B05931F4B0793C9
:106CF00001F0A6BC174BD3F8603103932D4B0493DE
:106D00002D4B05932D4B079301F09ABC114BD3F8F3
:106D100064310393234B0493234B0593194B07933F
:106D200001F08EBC0B4BD3F8643103931F4B0493DB
:106D30001F4B05930D4B079301F082BC054BD3F815
:106D400064310393044B0493044B0593044B079362
:106D500001F076BC70100020A12B0208A92B0208BC
:106D600090E90020C52B0208C92B02087CE900200D
:106D7000552C0208592C02083CE800206D2C020812
:106D8000712C0208C8E80020352C0208392C0208B2
:106D9000A0E8002024110020752C0208792C02089C
:106DA00000E800202D340208D18D020825340208A5
:106DB000E98D02081D340208018E020868E90020EE
:106DC0008C4BD3F864310B3303938B4B04938B4B75
:106DD00005938B4B079301F033BC864BD3F864319A
:106DE0000393884B0493884B0593884B079301F0DA
:106DF00027BC804BD3F8683104330393844B04934E
:106E0000844B0593844B079301F01ABC794BD3F85C
:106E1000683106330393784B0493784B0593784B92
:106E2000079301F00DBC7D4B03937D4B04937D4B89
:106E30000593764B079301F003BC7B4B0393784B90
:106E40000493784B0593714B079301F0F9BB774B93
:106E50000393734B0493734B05936C4B079301F0AF
:106E6000EFBB734B03936E4B04936E4B0593674BD1
:106E7000079301F0E5BB6F4B0393694B0493694B98
:106E80000593624B079301F0DBBB6B4B0393644BA1
:106E90000493644B05935D4B079301F0D1BB674BA3
:106EA00003935F4B04935F4B0593584B079301F09B
:106EB000C7BB634B03935A4B04935A4B0593534BF5
:106EC000079301F0BDBB5F4B0393554B0493554BA8
:106ED00005934E4B079301F0B3BB5B4B0393504BB1
:106EE0000493504B0593494B079301F0A9BB574BB3
:106EF00003934B4B04934B4B0593444B079301F087
:106F00009FBB534B0393464B0493464B05933F4B18
:106F1000079301F095BB4F4B0393414B0493414BB7
:106F200005933A4B079301F08BBB4B4B03934B4BB1
:106F300004934B4B05934B4B079301F081BB4A4B9A
:106F400003934A4B04934A4B05934A4B079301F032
:106F500077BB494B0393284B0493284B0593284B4D
:106F6000079301F06DBB454B0393234B0493234BD5
:106F70000593234B079301F063BB414B03931E4BD7
:106F800004931E4B05931E4B079301F059BB3D4BD9
:106F90000393194B0493194B0593194B079301F075
:106FA0004FBB394B0393144B0493144B0593144B71
:106FB000079301F045BB354B03930F4B04930F4BE5
:106FC00005930F4B079301F03BBB314B03930A4BE7
:106FD00004930A4B05930A4B079301F031BB2D4BE9
:106FE0000393054B0493054B0593054B079301F061
:106FF00027BB00BF70100020C52B0208C92B020858
:107000007CE900201D340208018E020868E9002096
:1070100015340208158E0208C8E80020E811002087
:10702000CD2B0208D12B0208F811002008120020F5
:1070300018120020281200203812002048120020C8
:1070400058120020681200207812002088120020B8
:1070500098120020A812002068150020092C0208B0
:107060000D2C0208F0E800208C1500201D2C0208D1
:10707000212C0208DCE800209C15002030130020A1
:10708000311300203213002033130020341300206A
:1070900035130020361300208B4B03938B4B049346
:1070A0008B4B05938B4B079301F0CABA8A4B039322
:1070B0008A4B04938A4B05938A4B079301F0C0BA1D
:1070C000894B0393814B0493814B0593814B079329
:1070D00001F0B6BA854B0393854B0493854B05931A
:1070E000854B079301F0ACBA804B0393834B049319
:1070F000834B0593804B079301F0A2BA814B039316
:10710000764B0493764B0593764B079301F098BA30
:107110007D4B0393714B0493714B0593714B079314
:1071200001F08EBA794B03936C4B04936C4B05932F
:107130006C4B079301F084BA754B0393674B049330
:10714000674B0593674B079301F07ABA714B039332
:10715000624B0493624B0593624B079301F070BA44
:107160006D4B03935D4B04935D4B05935D4B079310
:1071700001F066BA694B0393584B0493584B05933F
:10718000584B079301F05CBA654B0393534B049340
:10719000534B0593534B079301F052BA614B039342
:1071A0004E4B04934E4B05934E4B079301F048BA58
:1071B0005D4B0393494B0493494B0593494B07930C
:1071C00001F03EBA594B0393444B0493444B05934F
:1071D000444B079301F034BA554B03933B4B049354
:1071E0003B4B05933B4B079301F02ABA514B03935A
:1071F000364B0493364B0593364B079301F020BA78
:107200004D4B0393314B0493314B0593314B079313
:1072100001F016BA494B0393304B0493304B05935E
:10722000304B079301F00CBA454B03932B4B04935F
:107230002B4B05932B4B079301F002BA414B039361
:10724000264B0493264B0593264B079301F0F8B980
:107250003D4B0393214B0493214B0593214B079303
:1072600001F0EEB9394B03931C4B04931C4B05936F
:107270001C4B079301F0E4B9354B0393174B049370
:10728000174B0593174B079301F0DAB9314B039372
:107290000E4B04930E4B05930E4B079301F0D0B9A0
:1072A0002D4B0393094B0493094B0593094B07930B
:1072B00001F0C6B9294B0393044B0493044B059387
:1072C000044B079301F0BCB937130020C52B02080B
:1072D000C92B02087CE9002038130020A12B0208EA
:1072E000A92B020890E900203C1300203013002055
:1072F000D9340208118C0208C8E80020D1340208F1
:107300002D8C020844130020481300204C13002049
:107310005013002054130020601300206413002039
:10732000681300206C1300207013002074130020D9
:1073300078130020791300207A1300207C1300209A
:107340008013002084130020881300208C13002059
:107350009013002094130020951300209613002012
:10736000934B0393934B0493934B0593934B079346
:1073700001F066B9924B0393924B0493924B0593A1
:10738000924B079301F05CB9914B0393894B0493A3
:10739000894B0593894B079301F052B98D4B0393A9
:1073A000844B0493844B0593844B079301F048B9B5
:1073B000894B03937F4B04937F4B05937F4B07933C
:1073C00001F03EB9854B03937A4B04937A4B0593B6
:1073D0007A4B079301F034B9814B0393754B0493B7
:1073E000754B0593754B079301F02AB97D4B0393B9
:1073F000704B0493704B0593704B079301F020B9C9
:10740000794B03936B4B04936B4B05936B4B079337
:1074100001F016B9754B0393664B0493664B0593C5
:10742000664B079301F00CB9714B0393614B0493C6
:10743000614B0593614B079301F002B96D4B0393C8
:107440005C4B04935C4B05935C4B079301F0F8B8DD
:10745000694BD3F8083498330393684B0493684B13
:107460000593684B079301F0EBB8634BD3F80834EE
:1074700090330393644B0493644B0593644B0793DD
:1074800001F0DEB85C4BD3F80834B03303935B4BA8
:1074900004935B4B05935B4B079301F0D1B8564BBC
:1074A000D3F80834B4330393544B0493544B0593EB
:1074B000544B079301F0C4B84F4BD3F80834B8339A
:1074C00003934E4B04934E4B05934E4B079301F0A1
:1074D000B7B8494BD3F80834C4330393474B0493EC
:1074E000474B0593474B079301F0AAB8424BD3F89B
:1074F00008345B692C330393404B0493404B059352
:10750000404B079301F09CB83B4BD3F808345B69C0
:1075100030330393394B0493394B0593394B07931D
:1075200001F08EB8344BD3F808345B6934330393DD
:10753000244B0493244B0593244B079301F080B80C
:107540002D4BD3F808349B692C330393314B0493B0
:10755000314B0593314B079301F072B8264BD3F8AA
:1075600008349B692C330393244B0493244B0593D9
:10757000244B079301F064B81F4BD3F808349B6980
:10758000303303931D4B04931D4B05931D4B079301
:1075900001F056B8184BD3F808349B693433039381
:1075A000164B0493164B0593164B079301F048B8FE
:1075B00098130020CD2B0208D12B020868E9002087
:1075C0009C130020C52B0208C92B02087CE900206F
:1075D000A0130020A4130020A8130020AC13002047
:1075E000B0130020B4130020B8130020BC130020F7
:1075F000C0130020C413002070100020A12B02082B
:10760000A92B020890E90020252C02082D2C020845
:10761000B4E80020C9340208458C0208C8E80020FC
:10762000984BD3F808349B6938330393964B0493F3
:10763000964B0593964B079301F002B8914BD3F804
:1076400008349B69403303938F4B04938F4B05930E
:107650008F4B079300F0F4BF8A4BD3F808349B6933
:1076600044330393884B0493884B0593884B0793CB
:1076700000F0E6BF834BD3F808349B69483303938B
:10768000844B0493844B0593844B079300F0D8BF3D
:107690007C4BD3F80834DC3303937B4B04937B4B54
:1076A00005937B4B079300F0CBBF764BD3F80834A0
:1076B00003F5AE730393744B0493744B0593744BAF
:1076C000079300F0BDBF6F4BD3F8083403F5B073D8
:1076D00003936D4B04936D4B05936D4B079300F033
:1076E000AFBF684BD3F808341C3303936C4B04933F
:1076F0006C4B0593694B079300F0A2BF614BD3F825
:10770000083420330393684B0493684B0593684B0C
:10771000079300F095BF5B4BD3F8083424330393F1
:10772000594B0493594B0593594B079300F088BF6D
:10773000544BD3F8083428330393534B0493534BDF
:107740000593534B079300F07BBF4E4BD3F808349F
:107750001C330393574B0493574B05934C4B0793A0
:1077600000F06EBF474BD3F808341C330393534BE0
:107770000493534B0593464B079300F061BF414B75
:10778000D3F80834343303933F4B04933F4B0593B2
:107790003F4B079300F054BF3A4BD3F808343833CB
:1077A0000393484B0493484B0593484B079300F0D1
:1077B00047BF344BD3F808343C330393324B049324
:1077C000324B0593324B079300F03ABF2D4BD3F861
:1077D0000834403303932C4B04932C4B05932C4BD0
:1077E000079300F02DBF274BD3F80834443303939D
:1077F000254B0493254B0593254B079300F020BFA1
:10780000204BD3F80834503303931F4B04931F4B82
:1078100005931F4B079300F013BF1A4BD3F808349E
:1078200054330393184B0493184B0593184B079349
:1078300000F006BF134BD3F8083448330393124BC0
:107840000493124B0593124B079300F0F9BE0D4BB6
:10785000D3F808341C3303931D4B04931D4B05933D
:107860000B4B079300F0ECBE064BD3F808345833AB
:107870000393054B0493054B0593054B079300F0C9
:10788000DFBE00BF70100020A12B0208A92B020848
:1078900090E90020C52B0208C92B02087CE90020D2
:1078A000C1340208698C0208352C0208392C020800
:1078B000A0E80020B9340208858C0208AD34020823
:1078C0009D8C02083D2C0208412C02088CE8002007
:1078D000A1340208B58C0208A04BD3F808345C33FD
:1078E00003939F4B04939F4B05939F4B079300F08B
:1078F000A7BE9A4BD3F80834603303939B4B049391
:107900009B4B05939B4B079300F09ABE934BD3F888
:10791000083464330393924B0493924B0593924B38
:10792000079300F08DBE8D4BD3F808346833039372
:107930008B4B04938B4B05938B4B079300F080BECE
:10794000864BD3F808346C330393884B0493884BED
:107950000593884B079300F073BE804BD3F808342F
:107960006D330393814B0493814B0593814B0793B4
:1079700000F066BE794BD3F8083470330393784B2C
:107980000493784B0593784B079300F059BE734BE3
:10799000D3F8083474330393714B0493714B0593FC
:1079A000714B079300F04CBE6C4BD3F8083478331E
:1079B00003936B4B04936B4B05936B4B079300F056
:1079C0003FBE664BD3F808347C330393644B049377
:1079D000644B0593644B079300F032BE5F4BD3F8C2
:1079E000B03303F563531C330393634B0493634B2E
:1079F0000593634B079300F023BE584BD3F8B03385
:107A000003F5635320330393554B0493554B059370
:107A1000554B079300F014BE504BD3F8B03303938B
:107A2000584B0493584B05934F4B079300F008BEF7
:107A30004A4BD3F8B03303F5645318330393484BE0
:107A40000493484B0593484B079300F0F9BD434B13
:107A5000D3F8B03303F564531C330393404B0493C2
:107A6000404B0593404B079300F0EABD3B4BD3F8E6
:107A7000B03303F564530C330393394B0493394B00
:107A80000593394B079300F0DBBD344BD3F8B0338B
:107A900003F564533E330393344B0493344B059303
:107AA000344B079300F0CCBD2C4BD3F8B03303F527
:107AB0006453383303932A4B04932A4B05932A4B80
:107AC000079300F0BDBD254BD3F8B03303F56253E7
:107AD0002C330393224B0493224B0593224B0793A1
:107AE00000F0AEBD1D4BD3F8B03303F56253313314
:107AF00003931E4B04931E4B05931E4B079300F0FC
:107B00009FBD164BD3F8B03303F562533333039361
:107B1000164B0493164B0593164B079300F090BD3C
:107B20000E4BD3F8B03303F56253303303930F4B4E
:107B300004930F4B05930F4B079300F081BD074B48
:107B4000D3F8B03303F5625332330393074B0493F6
:107B5000074B0593074B079300F072BD7010002090
:107B6000A12B0208A92B020890E90020C52B0208CE
:107B7000C92B02087CE90020452C0208492C020888
:107B800078E8002095340208D98C02089B4BD3F882
:107B9000B033183303939A4B04939A4B05939A4B43
:107BA000079300F04DBD954BD3F8B03319330393D1
:107BB000964B0493964B0593964B079300F040BD6C
:107BC0008E4BD3F8B0331C330393934B0493934BF6
:107BD0000593934B079300F033BD884BD3F8B03334
:107BE000203303938C4B04938C4B05938C4B07935E
:107BF00000F026BD814BD3F8B03324330393864B7A
:107C00000493864B0593864B079300F019BD7B4B7D
:107C1000D3F8B033303303937F4B04937F4B0593FA
:107C20007F4B079300F00CBD744BD3F8B03328336F
:107C30000393794B0493794B0593794B079300F0A9
:107C4000FFBC6E4BD3F8B0332C330393724B0493C9
:107C5000724B0593724B079300F0F2BC674BD3F85D
:107C6000B033343303936C4B04936C4B05936C4BE0
:107C7000079300F0E5BC614BD3F8B033383303937E
:107C8000654B0493654B0593654B079300F0D8BC97
:107C90005A4BD3F8B0333C330393624B0493624B9B
:107CA0000593624B079300F0CBBC544BD3F8B03331
:107CB00040330393584B0493584B0593584B079309
:107CC00000F0BEBC4D4BD3F8B03318330393584B80
:107CD0000493584B0593584B079300F0B1BC474BA6
:107CE000D3F8B033503303934B4B04934B4B059372
:107CF0004B4B079300F0A4BC404BD3F8B033483350
:107D00000393454B0493454B0593454B079300F074
:107D100097BC3A4BD3F8B03303F562533433039333
:107D2000464B0493464B0593464B079300F088BCA3
:107D3000324BD3F8B03303F5625338330393364BE9
:107D40000493364B0593364B079300F079BC2B4BCD
:107D5000D3F8B03303F562533C3303932E4B0493B3
:107D60002E4B05932E4B079300F06ABC234BD3F8A0
:107D7000B03303F563530393304B0493304B0593B7
:107D8000304B079300F05CBC1C4BD3F8B033183376
:107D900003932D4B04932D4B0593214B079300F038
:107DA0004FBC164BD3F8B03303F56253183303932B
:107DB0001C4B04931C4B05931C4B079300F040BCD9
:107DC0000E4BD3F8B03303F562531C330393124BBD
:107DD0000493124B0593124B079300F031BC074BF1
:107DE000D3F8B03303F56253203303930A4B049363
:107DF0000A4B05930A4B079300F022BC7010002039
:107E000085340208F58C020864E800204D2C020835
:107E1000512C020850E80020A12B0208A92B0208CF
:107E200090E90020C52B0208C92B02087CE900203C
:107E30007D3402080D8D0208A0E80020552C0208B0
:107E4000592C02083CE80020753402082D8D0208E8
:107E5000924BD3F8B03303F5625328330393904B1E
:107E60000493904B0593904B0793E9E38B4BD3F826
:107E7000B03303F56353043303938C4B04938C4B5F
:107E800005938C4B0793DBE3844BD3F8B03303F5B6
:107E9000635308330393854B0493854B0593854BBC
:107EA0000793CDE37D4BD3F8B03303F56353103321
:107EB00003937E4B04937E4B05937E4B0793BFE366
:107EC000764BD3F8B03303F563530C330393774BFE
:107ED0000493774B0593774B0793B1E36F4BD3F83C
:107EE000B03303F5645328330393704B0493704B02
:107EF0000593704B0793A3E3684BD3F8B03303F5B6
:107F000064532C330393694B0493694B0593694B7A
:107F1000079395E3614BD3F8B03303F564533033E3
:107F20000393624B0493624B0593624B079387E381
:107F30005A4BD3F8B03303F56453343303935B4B9C
:107F400004935B4B05935B4B079379E3534BD3F857
:107F5000B03304330393554B0493554B0593554B62
:107F600007936DE34D4BD3F8B033083303934C4B79
:107F700004934C4B05934C4B079361E3474BD3F869
:107F8000B033103303934C4B04934C4B05934C4B41
:107F9000079355E3414BD3F85C338C330393494B40
:107FA0000493494B0593494B079349E33B4BD3F863
:107FB0005C33C8330393464B0493464B0593464BBF
:107FC00007933DE3354BD3F85C3334330393434B92
:107FD0000493434B0593434B079331E32F4BD3F863
:107FE0005C3334330393404B0493404B05932E4B47
:107FF000079325E3294BD3F85C33543303932B4B7E
:1080000004932B4B05932B4B079319E3234BD3F886
:108010005C3360330393224B0493224B0593224B32
:1080200007930DE31D4BD3F85C3334330393304B8C
:108030000493304B05931C4B079301E3174BD3F884
:108040005C33343303932C4B04932C4B05932C4B10
:108050000793F5E2114BD3F85C33503303931C4B79
:1080600004931C4B05931C4B0793E9E20B4BD3F88D
:108070005C3348330393164B0493164B0593164B0E
:108080000793DDE2054BD3F85C334C330393074B86
:108090000493074B0593074B0793D1E27010002020
:1080A000C52B0208C92B02087CE90020A12B02087D
:1080B000A92B020890E90020CD2B0208D12B020841
:1080C00068E900205D2C0208612C020828E80020E5
:1080D000352C0208392C0208A0E80020652C020883
:1080E000692C020814E8002069340208498D02084E
:1080F0005D340208698D020851340208858D02083A
:10810000C8E800208C4BD3F85C335C3303938B4B73
:1081100004938B4B05938B4B079391E2864BD3F8DB
:108120005C3334330393884B0493884B0593884B1B
:10813000079385E2804BD3F85C3361330393854B1F
:108140000493854B0593824B079379E27A4BD3F8DE
:108150005C3334330393814B0493814B0593814B00
:1081600007936DE2744BD3F85C33383303937E4B43
:1081700004937E4B05937B4B079361E26E4BD3F8E0
:108180005C333C330393784B0493784B0593754BE6
:10819000079355E2684BD3F85C3340330393724B3B
:1081A0000493724B05936F4B079349E2624BD3F8EC
:1081B0005C3363330393674B0493674B0593644BC2
:1081C00007933DE25C4BD3F85C3364330393684B15
:1081D0000493684B0593684B079331E2564BD3F8F1
:1081E0005C33653303935B4B04935B4B0593584BB4
:1081F000079325E2504BD3F85C33823303935F4BF4
:1082000004935F4B05935F4B079319E24A4BD3F8F6
:108210005C3384330393594B0493594B0593594B67
:1082200007930DE2444BD3F85C3304330393434B81
:108230000493434B0593434B079301E2524B039343
:10824000494B0493494B0593464B0793F8E13A4B4E
:10825000D3F8AC33103303934C4B04934C4B05933E
:108260004C4B0793ECE1344BD3F8AC33043303931A
:108270003D4B04933D4B05933A4B0793E0E12E4B66
:10828000D3F8AC3308330393374B0493374B059340
:10829000344B0793D4E1284BD3F8AC330C3303931E
:1082A000314B0493314B05932E4B0793C8E1224B7E
:1082B000D3F80C34043303932B4B04932B4B0593CB
:1082C000284B0793BCE11C4BD3F80C3408330393C1
:1082D000254B0493254B0593224B0793B0E1164B96
:1082E000D3F80C340C3303931F4B04931F4B0593AB
:1082F0001C4B0793A4E1104BD3F810340393264B87
:108300000493264B05931F4B079399E10A4BD3F82F
:1083100010340393224B0493224B05930C4B079389
:108320008EE1054BD3F8103403930F4B04930F4B9E
:1083300005930C4B079383E170100020352C020845
:10834000392C0208A0E8002045340208A18D02085B
:108350007CE90020C52B0208C92B02083934020829
:10836000BD8D020890E90020A12B0208A92B02086C
:10837000552C0208592C02083CE800206D2C0208FC
:10838000712C0208C8E80020D4130020752C0208C4
:10839000792C020800E800202D340208D18D020853
:1083A00025340208E98D02087B4BD3F810340B33D7
:1083B00003937A4B04937A4B05937A4B07933FE1EF
:1083C000754BD3F810340393774B0493774B059395
:1083D000774B079334E1704BD3F814340393754B08
:1083E0000493754B0593754B079329E16A4BD3F8BA
:1083F00014340393724B0493724B0593694B0793A8
:108400001EE1654BD3F8143403936F4B04936F4B09
:1084100005936F4B079313E15F4BD3F814340B3381
:1084200003935E4B04935E4B05935E4B079307E10A
:10843000594BD3F8143403935B4B04935B4B059374
:108440005B4B0793FCE0544BD3F81834043303938D
:10845000604B0493604B0593584B0793F0E04E4BF1
:10846000D3F81834063303934C4B04934C4B0593C9
:108470004C4B0793E4E0594B0393594B0493594BEE
:1084800005934B4B0793DBE0574B0393544B0493FB
:10849000544B0593464B0793D2E0544B0393504BF8
:1084A0000493504B0593424B0793C9E0504B039301
:1084B0004B4B04934B4B05933D4B0793C0E04D4B07
:1084C0000393474B0493474B0593394B0793B7E00E
:1084D000494B0393424B0493424B0593344B079310
:1084E000AEE0464B03933E4B04933E4B0593304B1B
:1084F0000793A5E0424B0393394B0493394B059303
:108500002B4B07939CE03F4B0393354B0493354B28
:108510000593274B079393E03B4B0393304B049316
:10852000304B0593224B07938AE0384B03932C4B37
:1085300004932C4B05931E4B079381E0344B03931C
:10854000274B0493274B0593194B079378E0314B46
:108550000393234B0493234B0593154B07936FE031
:108560002D4B03932D4B04932D4B05932D4B0793CC
:1085700066E02D4B03931A4B04931A4B05930C4B57
:1085800007935DE0294B0393244B0493244B0593FD
:10859000244B079354E000BF70100020C52B020845
:1085A000C92B02087CE900201D340208018E020854
:1085B00068E900202D340208D18D0208C8E80020A7
:1085C00025340208E98D0208A12B0208A92B020814
:1085D00090E9002015340208158E02089814002036
:1085E000CD2B0208D12B0208A8140020B8140020BB
:1085F000C8140020D8140020E8140020F81400202B
:108600000815002018150020281500203815002016
:10861000481500205815002094A30020352C02088E
:10862000392C0208A0E800209CA30020A8A3002069
:108630000F4B03930F4B04930F4B05930F4B079373
:10864000079800283CF47AAA0D4A0E496FF00103FE
:108650000FF0EAF900283CF471AA0368B0EE480A6A
:108660001B6803A9984709B0BDEC028B5DF804FBB9
:10867000B0A30020552C0208592C02083CE8002029
:1086800038BC0308F4BB030830B583B00446D0E916
:108690000003ADF8041098479DF80530054623B156
:1086A000A3689DF8041020689847284603B030BDA1
:1086B00037B500230D4610460DF103018DF8033048
:1086C000FAF79CFC044650B19DF803308DF8043055
:1086D00001238DF8053001992846FFF7D5FF204684
:1086E00003B030BDA0F10400E2E700BF30B583B0B5
:1086F0000446D0E90003ADF8041098479DF8053012
:10870000054623B1A3689DF80410206898472846C1
:1087100003B030BD37B510460D4601AA0B49D7F757
:10872000EDFE012801D000200DE0019B8DF8050031
:10873000003B18BF01238DF80430044601992846F8
:10874000FFF7D4FF204603B030BD00BFE0BB0308F5
:10875000A0F10400DEE700BF13B5B5EEC00AF1EEEC
:1087600010FAACBF0123002301248DF804308DF8EA
:10877000054008460199FFF7B9FF204602B010BD39
:1087800030B583B00446D0E90003ADF80410984733
:108790009DF80530054623B1A3689DF804102068B4
:1087A0009847284603B030BD37B500230D46104624
:1087B0000DF103018DF80330FAF720FC044650B1A7
:1087C0009DF803308DF8043001238DF805300199B0
:1087D0002846FFF7D5FF204603B030BDA0F10400C6
:1087E000E2E700BF30B583B00446D0E90003ADF83E
:1087F000041098479DF80530054623B1A3689DF8FD
:10880000041020689847284603B030BD37B50023D0
:108810000D4610460DF103018DF80330FAF7EEFB1B
:10882000044650B19DF803308DF8043001238DF8D3
:10883000053001992846FFF7D5FF204603B030BD2B
:10884000A0F10400E2E700BFD1E900231BB193428D
:1088500001D80020704710700B68012003440B60A2
:10886000704700BF30B583B00446D0E90003ADF8CF
:10887000041098479DF80530054623B1A3689DF87C
:10888000041020689847284603B030BD37B5002350
:108890000D4610460DF103018DF80330FAF7AEFBDB
:1088A000044650B19DF803308DF8043001238DF853
:1088B000053001992846FFF7D5FF204603B030BDAB
:1088C000A0F10400E2E700BF30B583B00446D0E970
:1088D0000003ADF8041098479DF80530054623B114
:1088E000A3689DF8041020689847284603B030BD5F
:1088F00037B500230D4610460DF103018DF8033006
:10890000FAF77CFB044650B19DF803308DF8043033
:1089100001238DF8053001992846FFF7D5FF204641
:1089200003B030BDA0F10400E2E700BF30B583B072
:108930000446D0E90003ADF8041098479DF80530CF
:10894000054623B1A3689DF804102068984728467F
:1089500003B030BD37B500230D4610460DF10301BD
:108960008DF80330FAF74AFB044650B19DF8033006
:108970008DF8043001238DF8053001992846FFF762
:10898000D5FF204603B030BDA0F10400E2E700BFF0
:1089900030B583B00446D0E90003ADF80410984721
:1089A0009DF80530054623B1A3689DF804102068A2
:1089B0009847284603B030BD37B500230D46104612
:1089C0000DF103018DF80330FAF718FB044650B19E
:1089D0009DF803308DF8043001238DF8053001999E
:1089E0002846FFF7D5FF204603B030BDA0F10400B4
:1089F000E2E700BF30B583B00446D0E90003ADF82C
:108A0000041098479DF80530054623B1A3689DF8EA
:108A1000041020689847284603B030BD37B50023BE
:108A20000D4610460DF103018DF80330FAF7E6FA12
:108A3000044650B19DF803308DF8043001238DF8C1
:108A4000053001992846FFF7D5FF204603B030BD19
:108A5000A0F10400E2E700BF30B583B00446D0E9DE
:108A60000003ADF8041098479DF80530054623B182
:108A7000A3689DF8041020689847284603B030BDCD
:108A800037B500230D4610460DF103018DF8033074
:108A9000FAF7B4FA044650B19DF803308DF804306B
:108AA00001238DF8053001992846FFF7D5FF2046B0
:108AB00003B030BDA0F10400E2E700BF30B583B0E1
:108AC0000446D0E90003ADF8041098479DF805303E
:108AD000054623B1A3689DF80410206898472846EE
:108AE00003B030BD37B500230D4610460DF103012C
:108AF0008DF80330FAF782FA044650B19DF803303E
:108B00008DF8043001238DF8053001992846FFF7D0
:108B1000D5FF204603B030BDA0F10400E2E700BF5E
:108B200030B583B00446D0E90003ADF8041098478F
:108B30009DF80530054623B1A3689DF80410206810
:108B40009847284603B030BD37B500230D46104680
:108B50000DF103018DF80330FAF750FA044650B1D5
:108B60009DF803308DF8043001238DF8053001990C
:108B70002846FFF7D5FF204603B030BDA0F1040022
:108B8000E2E700BF30B583B00446D0E90003ADF89A
:108B9000041098479DF80530054623B1A3689DF859
:108BA000041020689847284603B030BD37B500232D
:108BB0000D4610460DF103018DF80330FAF71EFA49
:108BC000044650B19DF803308DF8043001238DF830
:108BD000053001992846FFF7D5FF204603B030BD88
:108BE000A0F10400E2E700BF0B4611469868F9F7D0
:108BF00011BE000008B50A4601460020FFF7F4FF49
:108C000008BD00BFD1F89800CA81F0F7F9BC000098
:108C100008B50A4601460020FFF7F4FF08BD00BF73
:108C2000D1F898000A82F0F7EBBC000008B50A46BC
:108C300001460020FFF7F4FF08BD00BF086A0A8262
:108C4000F2F7A4BE08B50A4601460020FFF7F6FF7A
:108C500008BD00BF4B6E0A7093F89E2002B91A7FC0
:108C600083F89E207047000008B50A4601460020A0
:108C7000FFF7F0FF08BD00BF486E81ED040AF1F771
:108C8000B3BE000008B501460020FFF7F5FF08BDA0
:108C9000486E81ED050AF1F7A7BE000008B5014650
:108CA0000020FFF7F5FF08BD486E81ED0C0AF1F7D3
:108CB0009BBE000008B501460020FFF7F5FF08BD88
:108CC00010B50C46084604F54054F4F75DFC01234A
:108CD00084F83C3910BD000008B501460020FFF7BC
:108CE000EFFF08BD0A7001F54051D1F8BC08F4F758
:108CF00081BC000008B50A4601460020FFF7F2FFDC
:108D000008BD00BF02B9CA6ACA62704708B50A4600
:108D100001460020FFF7F6FF08BD00BF81ED0D0AF8
:108D200001F54051D1F8BC08F4F794BC08B50146F0
:108D30000020FFF7F3FF08BD0B4681F82420586D93
:108D40000021F2F7F3BF000008B50A4601460020F3
:108D5000FFF7F2FF08BD00BF0B4681F82E20586DCB
:108D60000021F2F7E3BF000008B50A4601460020E3
:108D7000FFF7F2FF08BD00BF486DA1F84C20F3F7E4
:108D800087BD000008B50A4601460020FFF7F4FF42
:108D900008BD00BF486D81F82520F3F715B8000025
:108DA00008B50A4601460020FFF7F4FF08BD00BFE2
:108DB000486D81ED040AF2F7D9BF000008B50146FD
:108DC0000020FFF7F5FF08BDC8680A81F4F760B915
:108DD00008B50A4601460020FFF7F6FF08BD00BFB0
:108DE000C8688A72F4F754B908B50A4601460020EB
:108DF000FFF7F6FF08BD00BFC8684A60F4F748B93E
:108E000008B50A4601460020FFF7F6FF08BD00BF7F
:108E10000A80704708B50A4601460020FFF7F8FFB0
:108E200008BD00BF034607C94FF0010C83E80700E7
:108E300083F80CC018467047034607C94FF0010C71
:108E400083E8070083F80CC018467047034607C93B
:108E50004FF0010C83E8070083F80CC018467047F8
:108E6000034607C94FF0010C83E8070083F80CC0E4
:108E700018467047034607C94FF0010C83E8070006
:108E800083F80CC018467047034607C94FF0010C21
:108E900083E8070083F80CC018467047034607C9EB
:108EA0004FF0010C83E8070083F80CC018467047A8
:108EB000037B8AB07BB107C807AB0DF1100C83E8C8
:108EC00007008CE80700DDED050A9DED061A9DED13
:108ED000040A0AB0704707C904AB83E80700F2E749
:108EE0007FB500236946A030009301930293FFF7FA
:108EF000DFFFB0EE410A07B05DF804FBFFF7F0BFFB
:108F00007FB500236946A030009301930293FFF7D9
:108F1000CFFFB0EE600A07B05DF804FBFFF7F0BFCB
:108F20007FB500236946A030009301930293FFF7B9
:108F3000BFFF07B05DF804FBFFF7F2BF037A84B010
:108F40004BB103C804AB03E90300DDED030A9DED5B
:108F5000020A04B0704703C904AB03E90300DDED66
:108F6000030A9DED020A04B0704700BF1FB500233D
:108F70006946803000930193FFF7E0FFB0EE600A8E
:108F800005B05DF804FB0000FFF7F0BF1FB500233C
:108F90006946803000930193FFF7D0FF05B05DF87C
:108FA00004FB0000FFF7F2BF1FB5002369465830ED
:108FB00000930193FFF7C2FFB0EE600A05B05DF8C1
:108FC00004FB0000FFF7F0BF1FB5002369465830CF
:108FD00000930193FFF7B2FF05B05DF804FB0000BA
:108FE000FFF7F2BF1FB5002369464C300093019391
:108FF000FFF7A4FFB0EE600A05B05DF804FB0000C7
:10900000FFF7F0BF1FB5002369464C300093019372
:10901000FFF794FF05B05DF804FB0000FFF7F2BF17
:109020001FB500236946083000930193FFF786FFC0
:10903000B0EE600A05B05DF804FB0000FFF7F0BF7A
:109040001FB500236946083000930193FFF776FFB0
:1090500005B05DF804FB0000FFF7F2BF034607C947
:109060004FF0010C83E8070083F80CC018467047E6
:10907000034607C94FF0010C83E8070083F80CC0D2
:10908000184670472DE9F04140F2133390B00D4679
:1090900014460026984209F27C80DFE810F01403A1
:1090A0001B033E03480352036C0376037F038803CC
:1090B00091039A03A303AC03B503BF03C903D3030E
:1090C000DC03E503FD0306040F04180432043B042B
:1090D00044044D046704700479048204E504EE043A
:1090E000F70400051A0523052C0535053E0547053F
:1090F0005005590562056B0574057D0586058F05CC
:109100009805A105AA05B305BC05C505CE05D90579
:10911000E505F105FC0508061406200629063206B9
:109120003B064B06AD06B606DA06F406180732070C
:109130003B0753076B0783079D07B707D107E9076D
:1091400001084B0863087B089308AD08C708DF08CF
:10915000F90813092B0945095F0979099309AD0934
:10916000FB09150A2F0A4A0A640A7E0A960AAE0A01
:10917000C60ADE0AF60A0E0B260B3E0B560B990B9F
:10918000B10BC90BE10BF90B110C290C440C5E0C53
:10919000780C930CAD0CC70CE20CFC0C410D5C0D73
:1091A000760D900DA90DB20DBB0DC40DD50DEC0DB6
:1091B000040E1C0E340E4C0E640E7C0E940EE90E42
:1091C000010F1B0F330F490F5F0F790F930FAD0F77
:1091D000C70FE10FFB0F15102F1049108F10A910AA
:1091E000C110D910F1100B1125113F115911731134
:1091F0008D11A511BD11D511EF1131124B12651250
:109200007F129912B312CD12E71201131B133513FB
:1092100052136E137A13861391139C13D113EE130A
:109220000B142814341451145E146B147814851420
:10923000A314C114DD14EA140415221551156F1579
:109240008D15AB15C915E515F115FD151A16261660
:1092500032163E164A16561662166E167A1687167D
:109260009416A116BF16FD160A17171723172F17E6
:109270004A1767178417A117BE17DB17F8171218BC
:109280002F184C186918A518C218DF18FC181919DE
:10929000361951196E198B19A619C119DE19FB1946
:1092A000271A441A601A7F1A9B1ABA1AD91AE71A8F
:1092B000F51A031B111B301B4D1B6C1B8B1BBF1B9B
:1092C000DC1BF91B161C301C4A1C671C841CA11CCF
:1092D000BE1CDB1CF81C151D321D5F1D7C1D991D5D
:1092E000B61DD31DF01D0F1E2E1E4A1E671E731EB7
:1092F000901E9E1EBD1EDC1E071F241F431F621FE3
:10930000811FA01FBF1FDE1FFD1F1C20292037202B
:109310004F206C2087208C209D20A920B820D520AC
:10932000E120F920052111211D212921352140218C
:109330004B21572162216E217A21862191219D2185
:10934000A921C621D221EA2105224D2268228322A9
:109350009C22B922D622F32210232B2346236323F7
:1093600080239D23BA23F3230E24292442245B2443
:10937000652482248B2494249D24A624AF24C9240C
:10938000E324EE24FA24052510252D254A259725CA
:10939000B425D125EE25F7250F262926452660265A
:1093A0007C2685269D26B726D326EE2621273A271A
:1093B00055275D2763276C2775277E279827A127C8
:1093C000AA27B327CD27D627DF27E82702280B288F
:1093D00014281D2837284028492852286C28752829
:1093E0007E28C528DF28E828F128FA2814291D2915
:1093F00026292F29492952295B2964297E29872971
:1094000090299929B329BC29C529CE29E829F12910
:10941000FA29032A1D2A262A2F2A772A912A962AF0
:10942000AF2AB72AC02AC92AD22AE92A012B192B26
:10943000312B492B612B792B912BA92BC12BDB2BAA
:109440002D2C432C592C732C8D2CA72CC12CDB2CB0
:10945000F52C0F2D292D432D5D2D772D8F2DD32DFF
:10946000EB2D052E1F2E392E532E6D2E872E9F2E5F
:10947000B72ECF2EE92E012F1B2F352F792F932FAB
:10948000AD2FC72FE12FFB2F15302F304C30683018
:1094900072307C30873092309D30BA30D730F43023
:1094A000253142314F315C31693176319431B231FD
:1094B000CE31DB31F531133231324F326D328B32F6
:1094C000B932D532E132ED320A33163322332E333C
:1094D0003A33463352335E336A33773384339133CE
:1094E000AF33CD33DA33E733F333FF331A34613438
:1094F0007E349B34B834D534F2340C3529354635B6
:10950000633580359D35BA35ED350A362736423616
:109510005F367C369736B236CF36EC36093726378B
:1095200042376F378B37AA37C937D737E537F33725
:10953000FF371E383B385A3879389638B338D03828
:10954000FD38173931394E396B398839A539C23967
:10955000DF39FC39193A343A513A6E3AA13ABE3AF7
:10956000DB3AFA3A193B353B523B5E3B7B3B873B50
:10957000A63BC53BD33BF03B0F3C453C643C833CA6
:10958000A23CC13CE03CFF3C0C3D1A3D323D4F3D0E
:109590006A3D6F3D7A3D863D953DB23DBE3DEB3D1A
:1095A000F53DFF3D0B3E173E233E2E3E393E453EE8
:1095B000503E5C3E683E723E7D3E893E953EB23EE8
:1095C000BE3ED63EF13E0E3F293F443F5D3FA53FA4
:1095D000C23FDF3FFC3F174032404F406C40894064
:1095E000A640C140DC40F7401041474151416E4127
:1095F00077418041894192419B41B541CF41DA4158
:10960000E641F141FC4119423642534270428D42DB
:10961000AA42B342F3420D432943444360436943A2
:1096200081439B43B743D243EE430744224427443C
:109630002C4435443E44474461446A449F44A84412
:10964000C144CA44D344DC44F544FE4407451045B4
:10965000294532453B4544455D4566456F4578455E
:1096600091459A45A345AC45C545CE45D745E0450E
:10967000F94502460B4655466E4677468046894672
:10968000A246AB46B446BD46D646DF46E846F1465E
:109690000A4713471C4725473E4746474F476847F9
:1096A000714783479C47A547AC47B247B747BC477C
:1096B000C147094822482B4834484B4854485B4826
:1096C00064486C4875482146284610B0BDE8F04112
:1096D000EEF75EBDD1E900320AB1934204D213F82D
:1096E000016B2B60012700E00027BB48F9F750FA17
:1096F00005461FB1B8483146F9F74CFAD4E90032B3
:109700000AB1934206D21D70236801332360012001
:1097100008F042BD002008F03FBDB048B049C06B22
:109720002346012210B0BDE8F041FAF737BAAB4842
:10973000AB49006C2346012210B0BDE8F041FAF7B6
:109740002DBAA84B08930CAEA74B099308A9A74BB9
:109750000A933046FFF766FB00238DF81C30DDE9E5
:109760000601CDE902548DE8030096E80F00FAF7F0
:10977000B5FA08F011BD99489D49806C2346012235
:1097800010B0BDE8F041FAF7ADB89A499A482346BF
:10979000012210B0BDE8F041FAF7D2B895499748D8
:1097A0002346012210B0BDE8F041FAF7C9B891494B
:1097B00093482346012210B0BDE8F041FAF7C0B843
:1097C0008C4990482346012210B0BDE8F041FAF7D9
:1097D000B7B888498C482346012210B0BDE8F04153
:1097E000FAF7AEB8834989482346012210B0BDE894
:1097F000F041FAF7A5B87F4985482346012210B009
:10980000BDE8F041FAF79CB874488249406D2346A0
:10981000012210B0BDE8F041FAF7A6B86F487D49C3
:10982000806D2346012210B0BDE8F041FAF79CB8E4
:109830006A486B49C06D2346012210B0BDE8F04173
:10984000FAF7ACB9744975482346012210B0BDE857
:10985000F041FAF787B9704971482346012210B0E8
:10986000BDE8F041FAF77EB96E4B08930CAE6E4B33
:10987000099308A96D4B0A933046FFF7DDFACDE94D
:1098800001540023ADF80030ADF8183096E80F0011
:10989000FAF726F908F080BC5F49654823460122A3
:1098A00010B0BDE8F041FAF75DB95B496148234665
:1098B000012210B0BDE8F041FAF754B956495E48AC
:1098C0002346012210B0BDE8F041FAF74BB95B4BDB
:1098D00008930CAE5A4B099308A95A4B0A93304689
:1098E000FFF7B4FA00238DF81C30DDE90601CDE95D
:1098F00002548DE8030096E80F00FAF7A9F908F082
:109900004BBC454950482346012210B0BDE8F04108
:10991000FAF728B940494D482346012210B0BDE866
:10992000F041FAF71FB93C4949482346012210B0DB
:10993000BDE8F041FAF716B9464B08930CAE404B20
:10994000099308A93F4B0A933046FFF77FFA00239B
:109950008DF81C30DDE90601CDE902548DE80300E5
:1099600096E80F00FAF774F908F016BC2A493A484D
:109970002346012210B0BDE8F041FAF7F3B82649BA
:1099800036482346012210B0BDE8F041FAF7EAB8A4
:10999000214933482346012210B0BDE8F041FAF7CF
:1099A000E1B8304B08930CAE254B099308A9254B21
:1099B0000A933046FFF74AFA00238DF81C30DDE9A0
:1099C0000601CDE902548DE8030096E80F00FAF78E
:1099D0003FF908F0E1BB00BFC8A3002090A300201E
:1099E000992B0208D4A30020A12B0208A92B02085E
:1099F000B12B0208B92B0208DCA30020DDA3002054
:109A0000DEA30020DFA30020E0A30020E1A30020CC
:109A1000E2A30020BD2B0208C12B020868E600204B
:109A20006CE6002070E60020C52B0208C92B020856
:109A300074E6002078E600207CE6002080E6002026
:109A4000CD2B0208D12B020884E6002088E60020F6
:109A50008CE6002090E6002094E6002098E60020A6
:109A60009CE60020A0E60020BF49C0482346012212
:109A700010B0BDE8F041FAF775B8BB49BC482346C1
:109A8000012210B0BDE8F041FAF76CB8B649B94808
:109A90002346012210B0BDE8F041FAF763B8B64B97
:109AA00008930CAEB54B099308A9B54B0A93304601
:109AB000FFF7CCF900238DF81C30DDE90601CDE974
:109AC00002548DE8030096E80F00FAF7C1F808F099
:109AD00063BBA549AB482346012210B0BDE8F04165
:109AE000FAF740B8A049A8482346012210B0BDE8C3
:109AF000F041FAF737B89C49A4482346012210B038
:109B0000BDE8F041FAF72EB89749A1482346012253
:109B100010B0BDE8F041FAF725B893499D482346B7
:109B2000012210B0BDE8F041FAF71CB88E499A48FE
:109B30002346012210B0BDE8F041FAF713B88A4974
:109B400096482346012210B0BDE8F041FAF70AB862
:109B5000854993482346012210B0BDE8F041FAF749
:109B600001B881498F482346012210B0BDE8F04179
:109B7000F9F7F8BF7C498C482346012210B0BDE8B4
:109B8000F041F9F7EFBF784988482346012210B029
:109B9000BDE8F041F9F7E6BF734985482346012245
:109BA00010B0BDE8F041F9F7DDBF6F4981482346A9
:109BB000012210B0BDE8F041F9F7D4BF6A497E48F0
:109BC0002346012210B0BDE8F041F9F7CBBF7B4935
:109BD0007B482346012210B0BDE8F041F9F7D8BE1A
:109BE000764978482346012210B0BDE8F041F9F7E4
:109BF000CFBE724974482346012210B0BDE8F0413F
:109C0000F9F7C6BE6D4971482346012210B0BDE880
:109C1000F041F9F7BDBE69496D482346012210B0F5
:109C2000BDE8F041F9F7B4BE64496A482346012211
:109C300010B0BDE8F041F9F7ABBE67484A49D0F82B
:109C4000B4002346012210B0BDE8F041F9F78ABF05
:109C5000614B4549D3F8B40001222346043010B0CB
:109C6000BDE8F041F9F77EBF5B4B3F49D3F8B40044
:109C700001222346083010B0BDE8F041F9F772BF69
:109C800055485649D0F8B8002346012210B0BDE827
:109C9000F041F9F755BE504B3349D3F8B8000122D3
:109CA0002346043010B0BDE8F041F9F75BBF4A4BE2
:109CB0002D49D3F8B80001222346083010B0BDE882
:109CC000F041F9F74FBF444B2749D3F8B8000122C0
:109CD00023460C3010B0BDE8F041F9F743BF2249EC
:109CE0003F482346012210B0BDE8F041F9F73ABFE2
:109CF0003C493D482346012210B0BDE8F041F9F748
:109D000033BE194939482346012210B0BDE8F0415D
:109D1000F9F728BF304AD2F8C030B3F5805F36BFBC
:109D200002EB8303324BD3F8D830C2F8C4300120A1
:109D300008F032BA2F4B08930CAE104B099308A9C8
:109D40000F4B0A933046FFF781F800238DF81C3043
:109D5000DDE90601CDE902548DE8030096E80F0025
:109D6000F9F776FF08F018BAC12B0208A4E6002024
:109D7000A8E60020ACE60020B0E60020CD2B0208CB
:109D8000D12B0208F4A30020F8A30020FCA300209C
:109D900000A4002004A400200CA4002008A400209B
:109DA00010A4002014A4002018A400201CA400204B
:109DB00020A4002024A4002028A40020D52B0208E1
:109DC0002CA4002030A4002034A4002038A40020BB
:109DD0003CA4002040A4002090A30020B92B02083E
:109DE00058E60020BD2B02085CE6002058A40020A5
:109DF0000000C07F50A40020B549B6482346012288
:109E000010B0BDE8F041F9F7C9BED1E900320AB19E
:109E1000934204D213F8018B2B60012601E0B04677
:109E20000026AD48F8F7D8FE05461EB1AA484146BF
:109E3000F8F7D4FED4E900320AB1934206D21D707D
:109E4000236801332360012008F0A6B9002008F040
:109E5000A3B9A24B08930CAEA14B099308A9A14B3F
:109E60000A933046FEF7F2FF00238DF81C30DDE93F
:109E70000601CDE902548DE8030096E80F00F9F7DA
:109E8000E7FE08F089B9D1E900320AB1934204D261
:109E900013F8017B2B60012601E03746002692482B
:109EA000F8F79EFE05461EB18F483946F8F79AFE30
:109EB000D4E900320AB1934206D21D7023680133FF
:109EC0002360012008F068B9002008F065B9874BCD
:109ED00008930CAE864B099308A9864B0A9330462B
:109EE000FEF7B4FF00238DF81C30DDE90601CDE953
:109EF00002548DE8030096E80F00F9F7A9FE08F078
:109F00004BB97D497D482346012210B0BDE8F041A0
:109F1000F9F72ABD7A4B08930CAE7A4B099308A93E
:109F2000794B0A933046FEF787FFCDE901540023B1
:109F3000ADF80030ADF8183096E80F00F9F7D0FD15
:109F400008F02AB9714B08930CAE6E4B099308A91F
:109F50006D4B0A933046FEF76FFFCDE901540023A5
:109F6000ADF80030ADF8183096E80F00F9F7B8FDFD
:109F700008F012B9664B08930CAE624B099308A91E
:109F8000614B0A933046FEF757FFCDE90154002399
:109F9000ADF80030ADF8183096E80F00F9F7A0FDE5
:109FA00008F0FAB85B4B08930CAE514B099308A923
:109FB000504B0A933046FEF749FF00238DF81C30C2
:109FC000DDE90601CDE902548DE8030096E80F00B3
:109FD000F9F73EFE08F0E0B84F4B08930CAE444B47
:109FE000099308A9434B0A933046FEF72FFF00233D
:109FF0008DF81C30DDE90601CDE902548DE803003F
:10A0000096E80F00F9F724FE08F0C6B8434B089312
:10A010000CAE374B099308A9364B0A933046FEF72E
:10A0200015FF00238DF81C30DDE90601CDE902544F
:10A030008DE8030096E80F00F9F70AFE08F0ACB8C7
:10A04000374B08930CAE2F4B099308A92E4B0A935C
:10A050003046FEF7F1FECDE901540023ADF80030A3
:10A06000ADF8183096E80F00F9F73AFD08F094B80B
:10A070002C4B08930CAE234B099308A9224B0A934F
:10A080003046FEF7D9FECDE901540023ADF800308B
:10A09000ADF8183096E80F00F9F722FD08F07CB80B
:10A0A000214B08930CAE214B099308A9204B0A932E
:10A0B0003046FEF7D5FECDE901540023ADF800305F
:10A0C000ADF8183096E80F00FAF708F908F064B810
:10A0D000992B020854A4002074E4002078E40020A6
:10A0E00061370208D14802087CE4002060E60020C5
:10A0F000CD2B0208D12B0208BD2B0208B4E60020AC
:10A1000019E50020C52B0208C92B02081AE500201A
:10A110001BE500201CE5002020E5002024E50020B0
:10A1200028E5002029E500202DE50020E92B020884
:10A13000ED2B0208BE4B08930CAEBE4B099308A949
:10A14000BD4B0A933046FEF78BFECDE90154002348
:10A15000ADF80030ADF8183096E80F00FAF7BEF809
:10A1600008F01AB8B54B08930CAEB24B099308A986
:10A17000B14B0A933046FEF773FECDE9015400233C
:10A18000ADF80030ADF8183096E80F00FAF7A6F8F1
:10A1900008F002B8AA4B08930CAEA64B099308A985
:10A1A000A54B0A933046FEF75BFECDE90154002330
:10A1B000ADF80030ADF8183096E80F00FAF78EF8D9
:10A1C00007F0EABF9F4B08930CAE9F4B099308A979
:10A1D0009E4B0A933046FEF725FE00238DF81C3077
:10A1E000DDE90601CDE902548DE8030096E80F0091
:10A1F000F9F774FD07F0D0BF954B08930CAE924B66
:10A20000099308A9914B0A933046FEF70BFE0023F1
:10A210008DF81C30DDE90601CDE902548DE803001C
:10A2200096E80F00F9F75AFD07F0B6BF894B08937F
:10A230000CAE894B099308A9884B0A933046FEF768
:10A24000FBFDCDE901540023ADF80030ADF8183026
:10A2500096E80F00F9F744FC07F09EBF804B089387
:10A260000CAE794B099308A9784B0A933046FEF758
:10A27000D9FD00238DF81C30DDE90601CDE902543B
:10A280008DE8030096E80F00F9F728FD07F084BF7A
:10A29000744B08930CAE6C4B099308A96B4B0A9353
:10A2A0003046FEF7BFFD00238DF81C30DDE90601C6
:10A2B000CDE902548DE8030096E80F00F9F70EFD92
:10A2C00007F06ABF684B08930CAE634B099308A96B
:10A2D000624B0A933046FEF7AFFDCDE901540023EF
:10A2E000ADF80030ADF8183096E80F00F9F7F8FB3C
:10A2F00007F052BF5D4B08930CAE534B099308A96E
:10A30000524B0A933046FEF78DFD00238DF81C302A
:10A31000DDE90601CDE902548DE8030096E80F005F
:10A32000F9F7DCFC07F038BF514B08930CAE464BF5
:10A33000099308A9454B0A933046FEF773FD0023A5
:10A340008DF81C30DDE90601CDE902548DE80300EB
:10A3500096E80F00F9F7C2FC07F01EBF454B0893C3
:10A360000CAE394B099308A9384B0A933046FEF7D7
:10A3700059FD00238DF81C30DDE90601CDE90254BA
:10A380008DE8030096E80F00F9F7A8FC07F004BF7A
:10A39000394B08930CAE2C4B099308A92B4B0A930D
:10A3A0003046FEF73FFD00238DF81C30DDE9060145
:10A3B000CDE902548DE8030096E80F00F9F78EFC12
:10A3C00007F0EABE2D4B08930CAE2D4B099308A95C
:10A3D0002C4B0A933046FEF739FD00238DF81C30D4
:10A3E000DDE90601CDE902548DE8030096E80F008F
:10A3F000F9F72EFC07F0D0BE234B08930CAE234B8D
:10A40000099308A9224B0A933046FEF733FD002337
:10A410008DF81C30DDE90601CDE902540090ADF85D
:10A42000041096E80F00F9F7A7FD07F0B5BE00BFCE
:10A430002AE50020E92B0208ED2B02082BE500207D
:10A440002CE5002030E50020A12B0208A92B0208F2
:10A4500034E5002038E50020C52B0208C92B02088E
:10A460003CE5002040E5002044E5002048E50020D0
:10A470004CE5002050E5002054E5002058E5002080
:10A48000CD2B0208D12B0208B0E50020F12B0208E9
:10A49000F92B0208B94B08930CAEB94B099308A9E4
:10A4A000B84B0A933046FEF7BDFC00238DF81C30F4
:10A4B000DDE90601CDE902548DE8030096E80F00BE
:10A4C000F9F70CFC07F068BEAF4B08930CAEAC4B31
:10A4D000099308A9AB4B0A933046FEF7A3FC00236F
:10A4E0008DF81C30DDE90601CDE902548DE803004A
:10A4F00096E80F00F9F7F2FB07F04EBEA34B089366
:10A500000CAEA34B099308A9A24B0A933046FEF761
:10A51000B1FC00238DF81C30DDE90601CDE90254C1
:10A520000090ADF8041096E80F00F9F725FD07F04C
:10A5300033BE994B08930CAE914B099308A9914BEC
:10A540000A933046FEF76EFC00238DF81C30DDE9DF
:10A550000601CDE902548DE8030096E80F00F9F7F3
:10A56000BDFB07F019BE8D4B08930CAE844B0993CD
:10A5700008A9844B0A933046FEF754FC00238DF85B
:10A580001C30DDE90601CDE902548DE8030096E8B0
:10A590000F00F9F7A3FB07F0FFBD814B08930CAE4A
:10A5A000804B099308A9804B0A933046FEF76CFC58
:10A5B000CDE901540023ADF80030ADF8183096E82D
:10A5C0000F00F9F739FF07F0E7BD784B08930CAEA1
:10A5D000744B099308A9744B0A933046FEF754FC58
:10A5E000CDE901540023ADF80030ADF8183096E8FD
:10A5F0000F00F9F721FF07F0CFBD6D4B08930CAEAC
:10A60000684B099308A9684B0A933046FEF73CFC57
:10A61000CDE901540023ADF80030ADF8183096E8CC
:10A620000F00F9F709FF07F0B7BD624B08930CAEB6
:10A630005C4B099308A95C4B0A933046FEF724FC57
:10A64000CDE901540023ADF80030ADF8183096E89C
:10A650000F00F9F7F1FE07F09FBD574B08930CAEC2
:10A66000504B099308A9504B0A933046FEF70CFC57
:10A67000CDE901540023ADF80030ADF8183096E86C
:10A680000F00F9F7D9FE07F087BD4C4B08930CAECD
:10A69000444B099308A9444B0A933046FEF7F4FB58
:10A6A000CDE901540023ADF80030ADF8183096E83C
:10A6B0000F00F9F7C1FE07F06FBD414B08930CAED8
:10A6C000384B099308A9384B0A933046FEF7DCFB58
:10A6D000CDE901540023ADF80030ADF8183096E80C
:10A6E0000F00F9F7A9FE07F057BD364B08930CAEE3
:10A6F0002C4B099308A92C4B0A933046FEF7C4FB58
:10A70000CDE901540023ADF80030ADF8183096E8DB
:10A710000F00F9F791FE07F03FBD2B4B08930CAEED
:10A72000204B099308A9204B0A933046FEF7ACFB57
:10A73000CDE901540023ADF80030ADF8183096E8AB
:10A740000F00F9F779FE07F027BD204B08930CAEF8
:10A75000144B099308A9144B0A933046FEF794FB57
:10A76000CDE901540023ADF80030ADF8183096E87B
:10A770000F00F9F761FE07F00FBD00BFB4E5002040
:10A78000A12B0208A92B0208B8E50020BCE5002097
:10A79000F12B0208F92B0208C0E50020C4E50020D7
:10A7A00009E50020012C0208052C02080AE500201A
:10A7B0000BE500200CE500200DE500200EE5002053
:10A7C0000FE5002010E5002011E5002012E5002033
:10A7D000BE4B08930CAEBE4B099308A9BD4B0A9320
:10A7E0003046FEF751FBCDE901540023ADF80030AF
:10A7F000ADF8183096E80F00F9F71EFE07F0CCBC54
:10A80000B54B08930CAEB24B099308A9B14B0A9310
:10A810003046FEF739FBCDE901540023ADF8003096
:10A82000ADF8183096E80F00F9F706FE07F0B4BC53
:10A83000AA4B08930CAEA64B099308A9A54B0A9303
:10A840003046FEF721FBCDE901540023ADF800307E
:10A85000ADF8183096E80F00F9F7EEFD07F09CBC54
:10A860009F4B08930CAE9A4B099308A9994B0A93F6
:10A870003046FEF709FBCDE901540023ADF8003066
:10A88000ADF8183096E80F00F9F7D6FD07F084BC54
:10A89000944B08930CAE8E4B099308A98D4B0A93E9
:10A8A0003046FEF7F1FACDE901540023ADF800304F
:10A8B000ADF8183096E80F00F9F7BEFD07F06CBC54
:10A8C000894B08930CAE824B099308A9814B0A93DC
:10A8D0003046FEF7D9FACDE901540023ADF8003037
:10A8E000ADF8183096E80F00F9F7A6FD07F054BC54
:10A8F0007E4B08930CAE7E4B099308A97D4B0A93BF
:10A900003046FEF7B7FA00238DF81C30DDE906016A
:10A91000CDE902540090ADF8041096E80F00F9F765
:10A920002BFB07F039BC744B08930CAE734B0993A7
:10A9300008A9734B0A933046FEF774FA00238DF88A
:10A940001C30DDE90601CDE902548DE8030096E8EC
:10A950000F00F9F7C3F907F01FBC6A4B08930CAE60
:10A96000664B099308A9664B0A933046FEF75AFADC
:10A9700000238DF81C30DDE90601CDE902548DE895
:10A98000030096E80F00F9F7A9F907F005BC5E4B44
:10A9900008930CAE564B099308A9564B0A933046C0
:10A9A000FEF768FA00238DF81C30DDE90601CDE9D9
:10A9B00002540090ADF8041096E80F00F9F7DCFAA5
:10A9C00007F0EABB514B08930CAE4C4B099308A916
:10A9D0004B4B0A933046FEF725FA00238DF81C30C6
:10A9E000DDE90601CDE902548DE8030096E80F0089
:10A9F000F9F774F907F0D0BB454B08930CAE3F4B09
:10AA0000099308A93E4B0A933046FEF70BFA002340
:10AA10008DF81C30DDE90601CDE902548DE8030014
:10AA200096E80F00F9F75AF907F0B6BB394B0893CF
:10AA30000CAE2F4B099308A92E4B0A933046FEF714
:10AA400019FA00238DF81C30DDE90601CDE9025426
:10AA50000090ADF8041096E80F00F9F78DFA07F0B2
:10AA60009BBB2D4B08930CAE244B099308A9244B98
:10AA70000A933046FEF7D6F900238DF81C30DDE945
:10AA80000601CDE902548DE8030096E80F00F9F7BE
:10AA900025F907F081BB214B08930CAE174B0993A6
:10AAA00008A9174B0A933046FEF7BCF900238DF82E
:10AAB0001C30DDE90601CDE902548DE8030096E87B
:10AAC0000F00F9F70BF907F067BB00BF13E5002093
:10AAD000012C0208052C020814E5002015E50020D1
:10AAE00016E5002017E5002018E500205CE50020B1
:10AAF000F12B0208F92B020860E50020A12B0208C7
:10AB0000A92B020864E5002068E500206CE5002020
:10AB100070E5002074E5002078E500207CE5002049
:10AB2000B54B08930CAEB54B099308A9B44B0A93E7
:10AB30003046FEF79FF900238DF81C30DDE9060151
:10AB4000CDE902540090ADF8041096E80F00F9F733
:10AB500013FA07F021BBAB4B08930CAEAA4B099339
:10AB600008A9AA4B0A933046FEF75CF900238DF83A
:10AB70001C30DDE90601CDE902548DE8030096E8BA
:10AB80000F00F9F7ABF807F007BBA14B08930CAE29
:10AB90009D4B099308A99D4B0A933046FEF742F955
:10ABA00000238DF81C30DDE90601CDE902548DE863
:10ABB000030096E80F00F9F791F807F0EDBA954B0E
:10ABC0000C93954B0D93954B0E9301238DF83C30D0
:10ABD00000238DF82430CDE90214DDE908018DE869
:10ABE000030010AB13E90F00F8F734FF07F0D4BAF5
:10ABF0008B498C482346012210B0BDE8F041F8F79C
:10AC0000B3BE894989482346012210B0BDE8F0410E
:10AC1000F8F7A8BF864987482346012210B0BDE84F
:10AC2000F041F8F719BAD4E9005313B19D4287F007
:10AC3000B282814BD3F87802F7F7EEFF28702368D1
:10AC400001332360FFF773B87C4B0C937C4B0D935F
:10AC50007C4B0E93CDE9011401238DF83C30002389
:10AC6000ADF80030ADF8203010AB13E90F00F9F764
:10AC7000BDFA07F091BA744B08930CAE734B09936D
:10AC800008A9734B0A933046FEF7D6F8CDE9015474
:10AC90000023ADF80030ADF8183096E80F00F8F753
:10ACA0001FFF07F079BA6B4B08930CAE674B099303
:10ACB00008A9674B0A933046FEF7BEF8CDE9015468
:10ACC0000023ADF80030ADF8183096E80F00F8F723
:10ACD00007FF07F061BA604B08930CAE5B4B09931A
:10ACE00008A95B4B0A933046FEF7A6F8CDE901545C
:10ACF0000023ADF80030ADF8183096E80F00F8F7F3
:10AD0000EFFE07F049BA554B08930CAE4F4B099331
:10AD100008A94F4B0A933046FEF78EF8CDE901544F
:10AD20000023ADF80030ADF8183096E80F00F8F7C2
:10AD3000D7FE07F031BA4A4B08930CAE434B099348
:10AD400008A9434B0A933046FEF776F8CDE9015443
:10AD50000023ADF80030ADF8183096E80F00F8F792
:10AD6000BFFE07F019BA3F4B08930CAE374B09935F
:10AD700008A9374B0A933046FEF75EF8CDE9015437
:10AD80000023ADF80030ADF8183096E80F00F8F762
:10AD9000A7FE07F001BA344B08930CAE2B4B099376
:10ADA00008A92B4B0A933046FEF746F8CDE901542B
:10ADB0000023ADF80030ADF8183096E80F00F8F732
:10ADC0008FFE07F0E9B9294B08930CAE1F4B09938E
:10ADD00008A91F4B0A933046FEF72EF8CDE901541F
:10ADE0000023ADF80030ADF8183096E80F00F8F702
:10ADF00077FE07F0D1B900BF80E50020F12B0208F3
:10AE0000F92B020884E50020A12B0208A92B0208D7
:10AE100088E50020B8120020092C02080D2C020839
:10AE2000BD2B0208BC120020C12B0208C812002052
:10AE3000112C0208C012002070100020DC1200202B
:10AE40001D2C0208212C0208EC120020C52B020840
:10AE5000C92B0208801000208110002082100020E1
:10AE60008310002084100020851000208610002010
:10AE7000BC4B08930CAEBC4B099308A9BB4B0A937F
:10AE80003046FDF7D9FFCDE901540023ADF800307D
:10AE9000ADF8183096E80F00F8F722FE07F07CB9FD
:10AEA000B34B08930CAEB34B099308A9B24B0A936A
:10AEB0003046FDF7B7FF00238DF81C30DDE90601B1
:10AEC000CDE902548DE8030096E80F00F8F706FF7D
:10AED00007F062B9A94B08930CAEA34B099308A9DC
:10AEE000A24B0A933046FDF7A7FFCDE9015400239A
:10AEF000ADF80030ADF8183096E80F00F8F7F0FD27
:10AF000007F04AB99E4B08930CAE9E4B099308A9D3
:10AF10009D4B0A933046FDF7C1FFCDE90154002354
:10AF20000093069396E80F00F8F72AFF07F034B96C
:10AF3000934B08930CAE954B099308A9944B0A9335
:10AF40003046FDF7ABFFCDE9015400230093069393
:10AF500096E80F00F8F714FF07F01EB98D4B089321
:10AF60000CAE844B099308A9834B0A933046FDF736
:10AF700059FF00238DF81C30DDE90601CDE90254AC
:10AF80008DE8030096E80F00F8F7A8FE07F004B973
:10AF9000814B08930CAE774B099308A9764B0A9323
:10AFA0003046FDF73FFF00238DF81C30DDE9060138
:10AFB000CDE902548DE8030096E80F00F8F78EFE05
:10AFC00007F0EAB8754B08930CAE6A4B099308A9D1
:10AFD000694B0A933046FDF725FF00238DF81C309E
:10AFE000DDE90601CDE902548DE8030096E80F0083
:10AFF000F8F774FE07F0D0B8694B08930CAE5D4BC0
:10B00000099308A95C4B0A933046FDF70BFF002318
:10B010008DF81C30DDE90601CDE902548DE803000E
:10B0200096E80F00F8F75AFE07F0B6B85D4B0893A4
:10B030000CAE504B099308A94F4B0A933046FDF7CD
:10B04000F1FE00238DF81C30DDE90601CDE9025444
:10B050008DE8030096E80F00F8F740FE07F09CB873
:10B06000514B08930CAE434B099308A9424B0A93EA
:10B070003046FDF7D7FE00238DF81C30DDE90601D0
:10B08000CDE902548DE8030096E80F00F8F726FE9C
:10B0900007F082B8454B08930CAE364B099308A9CC
:10B0A000354B0A933046FDF7BDFE00238DF81C306A
:10B0B000DDE90601CDE902548DE8030096E80F00B2
:10B0C000F8F70CFE07F068B8394B08930CAE294B23
:10B0D000099308A9284B0A933046FDF7A3FE0023E5
:10B0E0008DF81C30DDE90601CDE902548DE803003E
:10B0F00096E80F00F8F7F2FD07F04EB82D4B0893D5
:10B100000CAE1C4B099308A91B4B0A933046FDF764
:10B1100089FE00238DF81C30DDE90601CDE90254DB
:10B120008DE8030096E80F00F8F7D8FD07F034B873
:10B13000214B08930CAE0F4B099308A90E4B0A93B1
:10B140003046FDF76FFE00238DF81C30DDE9060167
:10B15000CDE902548DE8030096E80F00F8F7BEFD34
:10B1600007F01AB887100020C52B0208C92B020867
:10B1700088100020A12B0208A92B02088C100020A7
:10B180008010002059370208ED48020851370208A4
:10B190000949020894100020981000209C100020FB
:10B1A000A0100020A4100020B0100020B410002037
:10B1B000B8100020BC100020C0100020BB4B08932A
:10B1C0000CAEBB4B099308A9BA4B0A933046FDF766
:10B1D00029FE00238DF81C30DDE90601CDE902547B
:10B1E0008DE8030096E80F00F8F778FD06F0D4BF6D
:10B1F000B14B08930CAEB14B099308A9B04B0A931D
:10B200003046FDF719FECDE901540023ADF80030BA
:10B21000ADF8183096E80F00F8F762FC06F0BCBFF6
:10B22000A84B08930CAEA54B099308A9A44B0A930D
:10B230003046FDF701FECDE901540023ADF80030A2
:10B24000ADF8183096E80F00F8F74AFC06F0A4BFF6
:10B250009D4B08930CAE994B099308A9984B0A9300
:10B260003046FDF7E9FDCDE901540023ADF800308B
:10B27000ADF8183096E80F00F8F732FC06F08CBFF6
:10B28000924B08930CAE8A4B099308A9894B0A93F9
:10B290003046FDF7C7FD00238DF81C30DDE90601BF
:10B2A000CDE902548DE8030096E80F00F8F716FD8B
:10B2B00006F072BF864B08930CAE7D4B099308A92C
:10B2C0007C4B0A933046FDF7ADFD00238DF81C3012
:10B2D000DDE90601CDE902548DE8030096E80F0090
:10B2E000F8F7FCFC06F058BF7A4B08930CAE704B95
:10B2F000099308A96F4B0A933046FDF793FD00238D
:10B300008DF81C30DDE90601CDE902548DE803001B
:10B3100096E80F00F8F7E2FC06F03EBF6E4B08938C
:10B320000CAE634B099308A9624B0A933046FDF7B4
:10B3300079FD00238DF81C30DDE90601CDE90254CA
:10B340008DE8030096E80F00F8F7C8FC06F024BF6C
:10B35000624B08930CAE564B099308A9554B0A93C0
:10B360003046FDF75FFD00238DF81C30DDE9060156
:10B37000CDE902548DE8030096E80F00F8F7AEFC23
:10B3800006F00ABF564B08930CAE494B099308A927
:10B39000484B0A933046FDF745FD00238DF81C30DD
:10B3A000DDE90601CDE902548DE8030096E80F00BF
:10B3B000F8F794FC06F0F0BE4A4B08930CAE3F4BF6
:10B3C000099308A93E4B0A933046FDF735FDCDE9B8
:10B3D00001540023ADF80030ADF8183096E80F00A6
:10B3E000F8F77EFB06F0D8BE3F4B08930CAE334B0C
:10B3F000099308A9324B0A933046FDF71DFDCDE9AC
:10B4000001540023ADF80030ADF8183096E80F0075
:10B41000F8F766FB06F0C0BE344B08930CAE274B22
:10B42000099308A9264B0A933046FDF705FDCDE99F
:10B4300001540023ADF80030ADF8183096E80F0045
:10B44000F8F74EFB06F0A8BE294B08930CAE294B2B
:10B45000099308A9284B0A933046FDF7F7FC00230F
:10B460008DF81C30DDE90601CDE902548DE80300BA
:10B4700096E80F00F8F7ECFB06F08EBE1F4B089322
:10B480000CAE0E4B099308A90D4B0A933046FDF7FD
:10B49000D3FCCDE901540023ADF80030ADF81830ED
:10B4A00096E80F00F8F71CFB06F076BEC4100020EB
:10B4B000A12B0208A92B0208C8100020C52B0208E6
:10B4C000C92B0208C9100020CA100020CC1000208F
:10B4D000D0100020D4100020D8100020DC10002054
:10B4E000E0100020E4100020E5100020E61000200D
:10B4F000E8100020CD2B0208D12B0208EC10002010
:10B50000BA4B08930CAEBA4B099308A9B94B0A93EE
:10B510003046FDF79BFC00238DF81C30DDE9060169
:10B52000CDE902548DE8030096E80F00F8F790FB90
:10B5300006F032BEB04B08930CAEAD4B099308A990
:10B54000AC4B0A933046FDF781FC00238DF81C308C
:10B55000DDE90601CDE902548DE8030096E80F000D
:10B56000F8F776FB06F018BEA44B08930CAEA04B80
:10B57000099308A99F4B0A933046FDF767FC002307
:10B580008DF81C30DDE90601CDE902548DE8030099
:10B5900096E80F00F8F75CFB06F0FEBD984B0893A9
:10B5A0000CAE934B099308A9924B0A933046FDF7D2
:10B5B0004DFC00238DF81C30DDE90601CDE9025475
:10B5C0008DE8030096E80F00F8F742FB06F0E4BDB3
:10B5D0008C4B08930CAE864B099308A9854B0A93B4
:10B5E0003046FDF733FC00238DF81C30DDE9060101
:10B5F000CDE902548DE8030096E80F00F8F728FB28
:10B6000006F0CABD804B08930CAE794B099308A98C
:10B61000784B0A933046FDF719FC00238DF81C3057
:10B62000DDE90601CDE902548DE8030096E80F003C
:10B63000F8F70EFB06F0B0BD744B08930CAE6C4BE4
:10B64000099308A96B4B0A933046FDF7FFFB0023D3
:10B650008DF81C30DDE90601CDE902548DE80300C8
:10B6600096E80F00F8F7F4FA06F096BD684B0893D9
:10B670000CAE5F4B099308A95E4B0A933046FDF769
:10B68000E5FB00238DF81C30DDE90601CDE902540D
:10B690008DE8030096E80F00F8F7DAFA06F07CBDB3
:10B6A0005C4B08930CAE524B099308A9514B0A937B
:10B6B0003046FDF7CBFB00238DF81C30DDE9060199
:10B6C000CDE902548DE8030096E80F00F8F7C0FAC0
:10B6D00006F062BD504B08930CAE454B099308A988
:10B6E000444B0A933046FDF7B1FB00238DF81C3024
:10B6F000DDE90601CDE902548DE8030096E80F006C
:10B70000F8F7A6FA06F048BD444BD3F85831983301
:10B7100008930CAE424B099308A9424B0A9330465A
:10B72000FDF780FB00238DF81C30DDE90601CDE933
:10B7300002548DE8030096E80F00F8F7CFFA06F000
:10B740002BBD364BD3F8583190330C93364B0D93B9
:10B75000364B0E93CDE9041401238DF83C300023C1
:10B760008DF8283008AB0FCB8DE80F0010AB13E934
:10B770000F00F8F733F806F00FBD284B2C49D3F82B
:10B780005801012223469C3010B0BDE8F041F8F783
:10B79000EBB8224B2649D3F85801012223469E30AC
:10B7A00010B0BDE8F041F8F7DFB81C482149D0F8E7
:10B7B00058012346012210B0BDE8F041F8F7EEB978
:10B7C00016481D49D0F858012346012210B0BDE8A3
:10B7D000F041F8F7E3B911481849D0F85801234669
:10B7E000012210B0BDE8F041F8F7D8B9F010002000
:10B7F000CD2B0208D12B0208F4100020F8100020F5
:10B80000FC1000200011002004110020081100206D
:10B810000C110020101100201411002070100020C5
:10B82000A12B0208A92B0208252C02082D2C0208A6
:10B83000BD2B0208398F02081D8F0208FD8E0208F9
:10B84000B74BD3F85831B03308930CAEB54B0993CE
:10B8500008A9B54B0A933046FDF7E4FA00238DF8AA
:10B860001C30DDE90601CDE902548DE8030096E8BD
:10B870000F00F8F733FA06F08FBCA94BD3F8583114
:10B88000B43308930CAEA74B099308A9A64B0A93AF
:10B890003046FDF7C7FA00238DF81C30DDE90601BC
:10B8A000CDE902548DE8030096E80F00F8F716FA88
:10B8B00006F072BC9A4BD3F85831B83308930CAEEB
:10B8C000984B099308A9984B0A933046FDF7AAFABA
:10B8D00000238DF81C30DDE90601CDE902548DE826
:10B8E000030096E80F00F8F7F9F906F055BC8C4B09
:10B8F0008E49D3F8580101222346C03010B0BDE86C
:10B90000F041F8F74BB9864BD3F85831C43308935C
:10B910000CAE844B099308A9834B0A933046FDF77C
:10B9200081FA00238DF81C30DDE90601CDE90254CF
:10B930008DE8030096E80F00F8F7D0F906F02CBC6C
:10B94000774B7A49D3F858010122234600F5B870A5
:10B9500010B0BDE8F041F8F721B9714B7349D3F845
:10B9600058010122234600F5BA7010B0BDE8F0413D
:10B97000F8F714B96A4B6D49D3F8580101222346F0
:10B9800000F5BC7010B0BDE8F041F8F707B9644BA2
:10B990006649D3F85831586901222346103010B057
:10B9A000BDE8F041F8F7FAB85D4BD3F858315B6960
:10B9B0002C3308930CAE5B4B099308A95A4B0A939E
:10B9C0003046FDF72FFA00238DF81C30DDE9060123
:10B9D000CDE902548DE8030096E80F00F8F77EF9F0
:10B9E00006F0DABB4E4BD3F858315B69303308931D
:10B9F0000CAE4C4B099308A94B4B0A933046FDF70C
:10BA000011FA00238DF81C30DDE90601CDE902545E
:10BA10008DE8030096E80F00F8F760F906F0BCBB6C
:10BA20003F4BD3F858315B69343308930CAE404B2D
:10BA3000099308A93F4B0A933046FDF7FDF9CDE97C
:10BA400001540023ADF80030ADF8183096E80F002F
:10BA5000F8F746F806F0A0BB314B3449D3F858311B
:10BA6000986901222346103010B0BDE8F041F8F784
:10BA700095B82B4BD3F858319B692C3308930CAEF7
:10BA80002D4B099308A92D4B0A933046FDF706FA72
:10BA9000CDE9015400230093069396E80F00F8F7D0
:10BAA0006FF906F079BB1E4BD3F858319B692C33E4
:10BAB00008930CAE1B4B099308A91B4B0A93304605
:10BAC000FDF7B0F900238DF81C30DDE90601CDE962
:10BAD00002548DE8030096E80F00F8F7FFF806F02F
:10BAE0005BBB0F4BD3F858319B69303308930CAED6
:10BAF0000C4B099308A90C4B0A933046FDF792F9B9
:10BB000000238DF81C30DDE90601CDE902548DE8F3
:10BB1000030096E80F00F8F7E1F806F03DBB00BF20
:10BB200070100020A12B0208A92B0208992B0208F3
:10BB3000C52B0208C92B020849370208214902080F
:10BB4000C54BD3F858319B69343308930CAEC34BC3
:10BB5000099308A9C24B0A933046FDF763F9002305
:10BB60008DF81C30DDE90601CDE902548DE80300B3
:10BB700096E80F00F8F7B2F806F00EBBB64BD3F814
:10BB800058319B69383308930CAEB44B099308A91C
:10BB9000B34B0A933046FDF745F900238DF81C306E
:10BBA000DDE90601CDE902548DE8030096E80F00B7
:10BBB000F8F794F806F0F0BAA74BD3F858319B6920
:10BBC000403308930CAEA54B099308A9A44B0A93E4
:10BBD0003046FDF727F900238DF81C30DDE906011A
:10BBE000CDE902548DE8030096E80F00F8F776F8E7
:10BBF00006F0D2BA984BD3F858319B694433089376
:10BC00000CAE964B099308A9954B0A933046FDF765
:10BC100009F900238DF81C30DDE90601CDE9025455
:10BC20008DE8030096E80F00F8F758F806F0B4BA6C
:10BC3000894BD3F858319B69483308930CAE894B34
:10BC4000099308A9884B0A933046FDF7F5F8CDE92A
:10BC500001540023ADF80030ADF8183096E80F001D
:10BC6000F7F73EFF06F098BA7B4B8049D3F85801AE
:10BC700001222346C83010B0BDE8F041F7F78EBF6F
:10BC8000754B7B49D3F8580101222346C83010B0C8
:10BC9000BDE8F041F7F782BF6F4BD3F85831DC3382
:10BCA00008930CAE6D4B099308A96D4B0A9330466F
:10BCB000FDF7B8F800238DF81C30DDE90601CDE969
:10BCC00002548DE8030096E80F00F8F707F806F035
:10BCD00063BA614B6749D3F8580101222346C83043
:10BCE00010B0BDE8F041F7F759BF5B4B6249D3F89C
:10BCF000580101222346C83010B0BDE8F041F7F7E3
:10BD00004DBF554B5D49D3F8580101222346C83039
:10BD100010B0BDE8F041F7F741BF4F4B5849D3F899
:10BD2000580101222346C83010B0BDE8F041F7F7B2
:10BD300035BF494B5349D3F8580101222346C83037
:10BD400010B0BDE8F041F7F729BF434B4E49D3F897
:10BD5000580101222346C83010B0BDE8F041F7F782
:10BD60001DBF3D4B4949D3F8580101222346C83035
:10BD700010B0BDE8F041F7F711BF374B4449D3F895
:10BD8000580101222346C83010B0BDE8F041F7F752
:10BD900005BF314B3F49D3F858010122234600F536
:10BDA000AA7010B0BDE8F041F7F7F8BE2A4B394948
:10BDB000D3F858010122234600F5AC7010B0BDE85D
:10BDC000F041F7F7EBBE244B3249D3F8580101227A
:10BDD000234600F5B67010B0BDE8F041F7F7DEBEBF
:10BDE0001D4BD3F8583103F5AE7308930CAE1B4BC3
:10BDF000099308A91A4B0A933046FDF713F800235C
:10BE00008DF81C30DDE90601CDE902548DE8030010
:10BE100096E80F00F7F762FF06F0BEB90E4BD3F8B5
:10BE2000583103F5B07308930CAE0C4B099308A975
:10BE30000B4B0A933046FCF7F5FF00238DF81C30BE
:10BE4000DDE90601CDE902548DE8030096E80F0014
:10BE5000F7F744FF06F0A0B970100020A12B0208EC
:10BE6000A92B0208C52B0208C92B02085990020809
:10BE70003D9002081D90020801900208E18F02081F
:10BE8000C58F02084137020825370208A58F02082E
:10BE9000898F0208992B0208C44BC549D3F8580171
:10BEA0000122234600F5B27010B0BDE8F041F7F76B
:10BEB00075BEBE4BBE49D3F858010122234600F59A
:10BEC000B47010B0BDE8F041F7F768BEB74BB949A0
:10BED000D3F8580101222346883010B0BDE8F04164
:10BEE000F7F740BEB14BB349D3F8580101222346BE
:10BEF0008C3010B0BDE8F041F7F734BEAB4BD3F84F
:10BF000058311C3308930CAEAB4B099308A9AB4BCB
:10BF10000A933046FCF790FFCDE901540023ADF8B9
:10BF20000030ADF8183096E80F00F7F7D9FD06F0AD
:10BF300033B99E4BD3F85831203308930CAEA04B45
:10BF4000099308A99F4B0A933046FDF787F8002311
:10BF50008DF81C30DDE90601CDE902548DE80300BF
:10BF600096E80F00F7F730FD06F016B98F4BD3F8BF
:10BF70005831243308930CAE934B099308A9934B83
:10BF80000A933046FCF74EFF00238DF81C30DDE9A4
:10BF90000601CDE902548DE8030096E80F00F7F79B
:10BFA0009DFE06F0F9B8814BD3F858312833089339
:10BFB0000CAE854B099308A9844B0A933046FCF7D5
:10BFC00031FF00238DF81C30DDE90601CDE9025474
:10BFD0008DE8030096E80F00F7F780FE06F0DCB866
:10BFE000724BD3F858311C3308930CAE784B09933D
:10BFF00008A9784B0A933046FCF714FF00238DF80C
:10C000001C30DDE90601CDE902548DE8030096E815
:10C010000F00F7F763FE06F0BFB8644BD3F8583152
:10C020001C3308930CAE6C4B099308A96B4B0A9315
:10C030003046FCF7F7FE00238DF81C30DDE90601E1
:10C04000CDE902548DE8030096E80F00F7F746FEAD
:10C0500006F0A2B8554BD3F85831343308930CAEE0
:10C06000594B099308A9594B0A933046FCF7DAFE5D
:10C0700000238DF81C30DDE90601CDE902548DE87E
:10C08000030096E80F00F7F729FE06F085B8474B46
:10C09000D3F8583138330C93514B0D93514B0E93C9
:10C0A000CDE9011401238DF83C300023ADF80030B8
:10C0B000ADF8203010AB13E90F00F8F75BF806F08D
:10C0C0006BB83A4BD3F858313C3308930CAE3E4B27
:10C0D000099308A93D4B0A933046FCF7A3FE0023C1
:10C0E0008DF81C30DDE90601CDE902548DE803002E
:10C0F00096E80F00F7F7F2FD06F04EB82B4BD3F899
:10C100005831403308930CAE2F4B099308A92F4B9D
:10C110000A933046FCF786FE00238DF81C30DDE9DB
:10C120000601CDE902548DE8030096E80F00F7F709
:10C13000D5FD06F031B81D4BD3F858314433089380
:10C140000CAE214B099308A9204B0A933046FCF70B
:10C1500069FE00238DF81C30DDE90601CDE90254AB
:10C160008DE8030096E80F00F7F7B8FD06F014B865
:10C170000E4BD3F85831503308930CAE124B099341
:10C1800008A9124B0A933046FCF74CFE00238DF8A9
:10C190001C30DDE90601CDE902548DE8030096E884
:10C1A0000F00F7F79BFD05F0F7BF00BF70100020F0
:10C1B000992B0208C12B02080937020845490208D9
:10C1C000352C0208392C0208A12B0208A92B0208E1
:10C1D0000137020861490208F53602087949020868
:10C1E0003D2C0208412C0208B94BD3F85831543386
:10C1F00008930CAEB74B099308A9B74B0A93304686
:10C20000FCF710FE00238DF81C30DDE90601CDE9B6
:10C2100002548DE8030096E80F00F7F75FFD05F084
:10C22000BBBFAB4BD3F85831483308930CAEA94B86
:10C23000099308A9A84B0A933046FCF7F3FD0023A5
:10C240008DF81C30DDE90601CDE902548DE80300CC
:10C2500096E80F00F7F742FD05F09EBF9C4BD3F820
:10C2600058311C3308930CAE9C4B099308A99C4B86
:10C270000A933046FCF7D6FD00238DF81C30DDE92B
:10C280000601CDE902548DE8030096E80F00F7F7A8
:10C2900025FD05F081BF8E4BD3F8583158330893F4
:10C2A0000CAE8C4B099308A98B4B0A933046FCF7D4
:10C2B000B9FD00238DF81C30DDE90601CDE90254FB
:10C2C0008DE8030096E80F00F7F708FD05F064BF5E
:10C2D0007F4BD3F858315C3308930CAE7D4B0993F8
:10C2E00008A97D4B0A933046FCF79CFD00238DF88E
:10C2F0001C30DDE90601CDE902548DE8030096E823
:10C300000F00F7F7EBFC05F047BF714BD3F858313E
:10C31000603308930CAE734B099308A9724B0A93D0
:10C320003046FCF789FDCDE901540023ADF800301B
:10C33000ADF8183096E80F00F7F7D2FB05F02CBFE8
:10C34000634BD3F85831643308930CAE614B0993B7
:10C3500008A9614B0A933046FCF764FD00238DF871
:10C360001C30DDE90601CDE902548DE8030096E8B2
:10C370000F00F7F7B3FC05F00FBF554BD3F858315A
:10C38000683308930CAE534B099308A9524B0A9398
:10C390003046FCF747FD00238DF81C30DDE906012F
:10C3A000CDE902548DE8030096E80F00F7F796FCFC
:10C3B00005F0F2BE464BD3F858316C3308930CAEFF
:10C3C000484B099308A9484B0A933046FCF734FDC3
:10C3D000CDE901540023ADF80030ADF8183096E8EF
:10C3E0000F00F7F77DFB05F0D7BE394BD3F8583176
:10C3F0006D3308930CAE3B4B099308A93A4B0A9353
:10C400003046FCF719FDCDE901540023ADF80030AA
:10C41000ADF8183096E80F00F7F762FB05F0BCBEE8
:10C420002B4BD3F85831703308930CAE294B09933A
:10C4300008A9294B0A933046FCF7F4FC00238DF839
:10C440001C30DDE90601CDE902548DE8030096E8D1
:10C450000F00F7F743FC05F09FBE1D4BD3F8583192
:10C46000743308930CAE1B4B099308A91A4B0A931B
:10C470003046FCF7D7FC00238DF81C30DDE90601BF
:10C48000CDE902548DE8030096E80F00F7F726FC8B
:10C4900005F082BE0E4BD3F85831783308930CAEBA
:10C4A0000C4B099308A90C4B0A933046FCF7BAFCD5
:10C4B00000238DF81C30DDE90601CDE902548DE83A
:10C4C000030096E80F00F7F709FC05F065BE00BF12
:10C4D00070100020A12B0208A92B0208E9360208DF
:10C4E00091490208C52B0208C92B0208C04BD3F89A
:10C4F00058317C3308930CAEBE4B099308A9BE4B50
:10C500000A933046FCF78EFC00238DF81C30DDE9E1
:10C510000601CDE902548DE8030096E80F00F7F715
:10C52000DDFB05F039BEB24BD3F8003103F56353A0
:10C530001C330C93B14B0D93B14B0E93CDE9011409
:10C5400001238DF83C300023ADF80030ADF82030E9
:10C5500010AB13E90F00F7F733FF05F01DBEA44B36
:10C56000D3F8003103F56353203308930CAEA14B8D
:10C57000099308A9A04B0A933046FCF753FC00230B
:10C580008DF81C30DDE90601CDE902548DE8030089
:10C5900096E80F00F7F7A2FB05F0FEBD944BD3F829
:10C5A000003108930CAE974B099308A9964B0A9358
:10C5B0003046FCF737FC00238DF81C30DDE906011E
:10C5C000CDE902548DE8030096E80F00F7F786FBEB
:10C5D00005F0E2BD864BD3F8003103F56453183300
:10C5E00008930CAE834B099308A9834B0A933046FA
:10C5F000FCF718FC00238DF81C30DDE90601CDE9BD
:10C6000002548DE8030096E80F00F7F767FB05F08A
:10C61000C3BD774BD3F8003103F564531C33089343
:10C620000CAE744B099308A9734B0A933046FCF780
:10C63000F9FB00238DF81C30DDE90601CDE9025439
:10C640008DE8030096E80F00F7F748FB05F0A4BD5E
:10C65000674B6E49D3F8000100F564502346012270
:10C66000043010B0BDE8F041F7F798BA604B674965
:10C67000D3F8000100F5645023460122083010B0C1
:10C68000BDE8F041F7F78ABA594B6049D3F8000189
:10C6900000F5645023460122103010B0BDE8F0418F
:10C6A000F7F77CBA524B5A49D3F8000100F56450B1
:10C6B000234601223D3010B0BDE8F041F7F754B9F0
:10C6C0004B4BD3F8003103F564530C3308930CAE95
:10C6D000484B099308A9484B0A933046FCF7A2FB44
:10C6E00000238DF81C30DDE90601CDE902548DE808
:10C6F000030096E80F00F7F7F1FA05F04DBD3C4B4B
:10C70000D3F8003103F564533E3308930CAE414B2C
:10C71000099308A9404B0A933046FCF78DFBCDE9FD
:10C7200001540023ADF80030ADF8183096E80F0042
:10C73000F7F7D6F905F030BD2D4BD3F8003103F5EE
:10C740006453383308930CAE2A4B099308A92A4B3B
:10C750000A933046FCF766FB00238DF81C30DDE9B8
:10C760000601CDE902548DE8030096E80F00F7F7C3
:10C77000B5FA05F011BD1E4BD3F8003103F5625335
:10C780002C3308930CAE1B4B099308A91A4B0A9340
:10C790003046FCF747FB00238DF81C30DDE906012D
:10C7A000CDE902548DE8030096E80F00F7F796FAFA
:10C7B00005F0F2BC0E4BD3F8003103F56253313370
:10C7C00008930CAE134B099308A9134B0A933046F8
:10C7D000FCF732FBCDE901540023ADF80030ADF891
:10C7E000183096E80F00F7F77BF905F0D5BC00BFCD
:10C7F00070100020A12B0208A92B0208452C02086A
:10C80000492C0208DD360208B5490208992B0208B6
:10C81000BD2B0208C52B0208C92B0208C64BD3F852
:10C82000003103F56253333308930CAEC34B0993C5
:10C8300008A9C34B0A933046FCF7FEFACDE9015430
:10C840000023ADF80030ADF8183096E80F00F7F788
:10C8500047F905F0A1BCB84BD3F8003103F562539A
:10C86000303308930CAEB54B099308A9B44B0A9327
:10C870003046FCF7E1FACDE901540023ADF8003071
:10C88000ADF8183096E80F00F7F72AF905F084BCE8
:10C89000A94BD3F8003103F56253323308930CAE41
:10C8A000A64B099308A9A64B0A933046FCF7C4FA95
:10C8B000CDE901540023ADF80030ADF8183096E80A
:10C8C0000F00F7F70DF905F067BC9B4BD3F800316B
:10C8D00018330C939B4B0D939B4B0E93CDE9011496
:10C8E00001238DF83C300023ADF80030ADF8203046
:10C8F00010AB13E90F00F7F7B5FC05F04DBC8E4BFC
:10C90000D3F8003119330C93904B0D93904B0E9349
:10C91000CDE9011401238DF83C300023ADF800303F
:10C92000ADF8203010AB13E90F00F7F7E7FB05F087
:10C9300033BC814BD3F800311C3308930CAE854BCC
:10C94000099308A9844B0A933046FCF76BFA00233D
:10C950008DF81C30DDE90601CDE902548DE80300B5
:10C9600096E80F00F7F7BAF905F016BC724BD3F84A
:10C970000031203308930CAE764B099308A9764B0F
:10C980000A933046FCF74EFA00238DF81C30DDE99F
:10C990000601CDE902548DE8030096E80F00F7F791
:10C9A0009DF905F0F9BB644BD3F8003124330893AB
:10C9B0000CAE684B099308A9674B0A933046FCF705
:10C9C00031FA00238DF81C30DDE90601CDE902546F
:10C9D0008DE8030096E80F00F7F780F905F0DCBB5F
:10C9E000554BD3F80031303308930CAE594B0993B3
:10C9F00008A9594B0A933046FCF714FA00238DF826
:10CA00001C30DDE90601CDE902548DE8030096E80B
:10CA10000F00F7F763F905F0BFBB474BD3F80031C0
:10CA2000283308930CAE4B4B099308A94A4B0A9341
:10CA30003046FCF7F7F900238DF81C30DDE90601DC
:10CA4000CDE902548DE8030096E80F00F7F746F9A8
:10CA500005F0A2BB384BD3F800312C3308930CAE51
:10CA60003C4B099308A93C4B0A933046FCF7DAF992
:10CA700000238DF81C30DDE90601CDE902548DE874
:10CA8000030096E80F00F7F729F905F085BB2A4B5C
:10CA9000D3F80031343308930CAE2E4B099308A918
:10CAA0002D4B0A933046FCF7BDF900238DF81C305E
:10CAB000DDE90601CDE902548DE8030096E80F0098
:10CAC000F7F70CF905F068BB1B4BD3F8003138338E
:10CAD00008930CAE1F4B099308A91F4B0A933046CD
:10CAE000FCF7A0F900238DF81C30DDE90601CDE943
:10CAF00002548DE8030096E80F00F7F7EFF805F011
:10CB00004BBB0D4BD3F800313C3308930CAE0B4BB1
:10CB1000099308A90A4B0A933046FCF78DF9CDE931
:10CB200001540023ADF80030ADF8183096E80F003E
:10CB3000F6F7D6FF05F030BB70100020C52B0208B9
:10CB4000C92B0208CD360208D14902084D2C020833
:10CB5000512C0208A12B0208A92B0208C54BD3F8BF
:10CB60000031403308930CAEC34B099308A9C34B63
:10CB70000A933046FCF756F900238DF81C30DDE9A6
:10CB80000601CDE902548DE8030096E80F00F7F79F
:10CB9000A5F805F001BBB74BD3F800311833089363
:10CBA0000CAEB74B099308A9B64B0A933046FCF775
:10CBB00055FA00238DF81C30DDE90601CDE9025459
:10CBC0008DE8030096E80F00F6F7FEFE05F0E4BAE4
:10CBD000A84BD3F80031503308930CAEA64B099301
:10CBE00008A9A64B0A933046FCF71CF900238DF8E0
:10CBF0001C30DDE90601CDE902548DE8030096E81A
:10CC00000F00F7F76BF805F0C7BA9A4BD3F800316D
:10CC1000483308930CAE984B099308A9974B0A9395
:10CC20003046FCF7FFF800238DF81C30DDE90601E3
:10CC3000CDE902548DE8030096E80F00F7F74EF8AF
:10CC400005F0AABA8B4BD3F8003103F562533433A5
:10CC500008930CAE8C4B099308A98C4B0A93304671
:10CC6000FCF706FACDE901540023ADF80030ADF829
:10CC7000183096E80F00F7F705FA05F08DBA7D4BEE
:10CC8000D3F8003103F56253383308930CAE7A4B76
:10CC9000099308A9794B0A933046FCF7C3F800239F
:10CCA0008DF81C30DDE90601CDE902548DE8030062
:10CCB00096E80F00F7F712F805F06EBA6D4BD3F84F
:10CCC000003103F562533C3308930CAE6A4B099371
:10CCD00008A96A4B0A933046FCF7A4F800238DF8A4
:10CCE0001C30DDE90601CDE902548DE8030096E829
:10CCF0000F00F6F7F3FF05F04FBA5E4BD3F80031A3
:10CD000003F5635308930CAE5F4B099308A95F4B7F
:10CD10000A933046FCF7ACF9CDE901540023ADF895
:10CD20000030ADF8183096E80F00F7F7ABF905F0D2
:10CD300033BA504BD3F80031183308930CAE544B30
:10CD4000099308A9534B0A933046FCF76BF800236C
:10CD50008DF81C30DDE90601CDE902548DE80300B1
:10CD600096E80F00F6F7BAFF05F016BA414B4A49AC
:10CD7000D3F8000101222346543010B0BDE8F04141
:10CD8000F6F7F0BE3B4BD3F8003103F5625318338E
:10CD900008930CAE414B099308A9414B0A933046C6
:10CDA000FCF74AF8CDE901540023ADF80030ADF8A6
:10CDB000183096E80F00F6F793FE05F0EDB92D4B0D
:10CDC0003849D3F8000100F562502346012219309A
:10CDD00010B0BDE8F041F6F7C7BD264BD3F80031DF
:10CDE00003F562531C3308930CAE234B099308A937
:10CDF000224B0A933046FCF715F800238DF81C30BF
:10CE0000DDE90601CDE902548DE8030096E80F0044
:10CE1000F6F764FF05F0C0B9164BD3F8003103F5FF
:10CE20006253203308930CAE134B099308A9134B9C
:10CE30000A933046FBF7F6FF00238DF81C30DDE93E
:10CE40000601CDE902548DE8030096E80F00F6F7DD
:10CE500045FF05F0A1B9074B1349D3F8000100F5D0
:10CE6000625023460122243010B0BDE8F041F6F7AD
:10CE700095BE00BF70100020A12B0208A92B02084C
:10CE8000C5360208E9490208552C0208592C020847
:10CE9000BD360208094A0208C12B0208C52B020848
:10CEA000C92B0208BD2B0208992B0208C44BD3F8EA
:10CEB000003103F56253283308930CAEC14B09933C
:10CEC00008A9C14B0A933046FBF7B6FFCDE90154E0
:10CED0000023ADF80030ADF8183096E80F00F6F7F3
:10CEE000FFFD05F059B9B64BD3F8003103F5635394
:10CEF000043308930CAEB54B099308A9B44B0A93BD
:10CF00003046FBF78FFF00238DF81C30DDE906016A
:10CF1000CDE902548DE8030096E80F00F6F7DEFE37
:10CF200005F03AB9A64BD3F8003103F56353083343
:10CF300008930CAEA54B099308A9A54B0A9330465C
:10CF4000FBF770FF00238DF81C30DDE90601CDE909
:10CF500002548DE8030096E80F00F6F7BFFE05F0D7
:10CF60001BB9974BD3F8003103F563531033089383
:10CF70000CAE964B099308A9954B0A933046FBF7E4
:10CF800051FF00238DF81C30DDE90601CDE9025484
:10CF90008DE8030096E80F00F6F7A0FE05F0FCB858
:10CFA000874BD3F8003103F563530C3308930CAE71
:10CFB000864B099308A9864B0A933046FBF732FF4C
:10CFC00000238DF81C30DDE90601CDE902548DE81F
:10CFD000030096E80F00F6F781FE05F0DDB8784B08
:10CFE000D3F8003103F56453283308930CAE774B24
:10CFF000099308A9764B0A933046FBF713FF0023E9
:10D000008DF81C30DDE90601CDE902548DE80300FE
:10D0100096E80F00F6F762FE05F0BEB8684BD3F84D
:10D02000003103F564532C3308930CAE674B09931E
:10D0300008A9674B0A933046FBF7F4FE00238DF8EE
:10D040001C30DDE90601CDE902548DE8030096E8C5
:10D050000F00F6F743FE05F09FB8594BD3F80031A7
:10D0600003F56453303308930CAE584B099308A969
:10D07000574B0A933046FBF7D5FE00238DF81C3042
:10D08000DDE90601CDE902548DE8030096E80F00C2
:10D09000F6F724FE05F080B8494BD3F8003103F5CC
:10D0A0006453343308930CAE484B099308A9484B9A
:10D0B0000A933046FBF7B6FE00238DF81C30DDE9FD
:10D0C0000601CDE902548DE8030096E80F00F6F75B
:10D0D00005FE05F061B83A4B3E49D3F80001012244
:10D0E000234600F5655010B0BDE8F041F6F756BD97
:10D0F000334B3849D3F8000100F56550234601222F
:10D10000043010B0BDE8F041F6F748BD2C4BD3F821
:10D11000000143680C930121037A8DF820308DF8CB
:10D120002110BDF820308DF83410ADF80030019595
:10D13000DDE90C23F6F716FB05F02EB8204BD3F8EB
:10D140000031043308930CAE204B099308A9204BFF
:10D150000A933046FBF766FE00238DF81C30DDE9AC
:10D160000601CDE902548DE8030096E80F00F6F7BA
:10D17000B5FD05F011B8124BD3F800310833089310
:10D180000CAE104B099308A90F4B0A933046FBF7DE
:10D1900053FECDE901540023ADF80030ADF818304E
:10D1A00096E80F00F6F79CFC04F0F6BF044BD3F8AA
:10D1B000000100F0D4BE024BD3F8004103F0E1BC03
:10D1C00070100020C52B0208C92B0208A12B0208F1
:10D1D000A92B0208992B0208C24BC349D3F80001BE
:10D1E000012223460C3010B0BDE8F041F6F7D6BC62
:10D1F000BC4BD3F80001CDE9011400F114030093F6
:10D20000012302691946F6F7EBFC04F0C5BFB54BE4
:10D21000D3F80031103308930CAEB44B099308A92E
:10D22000B34B0A933046FBF711FE00238DF81C30F8
:10D23000DDE90601CDE902548DE8030096E80F0010
:10D24000F6F706FD04F0A8BFA64BA749D3F80001E6
:10D2500001222346143010B0BDE8F041F6F79EBC21
:10D26000A04BD3F8AC308C330C93A24B0D93A24B54
:10D270000E93CDE9011401238DF83C300023009377
:10D28000089310AB13E90F00F6F722FE04F084BFF9
:10D29000944B9A49D3F8AC00012223468F3010B04A
:10D2A000BDE8F041F6F760BB8E4B9449D3F8AC0073
:10D2B000012223468E3010B0BDE8F041F6F754BB92
:10D2C000884B8F49D3F8AC0001222346903010B030
:10D2D000BDE8F041F6F75CBB824B8949D3F8AC005E
:10D2E00001222346943010B0BDE8F041F6F750BB60
:10D2F0007C4B7D49D3F8AC0001222346983010B016
:10D30000BDE8F041F6F74ABC76487E49D0F8AC005B
:10D310002346012210B0BDE8F041F6F73FBC71484A
:10D320007949D0F8AC002346012210B0BDE8F041A5
:10D33000F6F734BC6B4B6C49D3F8AC0001222346A2
:10D34000AC3010B0BDE8F041F6F728BC65486F4935
:10D35000D0F8AC002346012210B0BDE8F041F6F74A
:10D360001DBC604B6049D3F8AC0001222346B030AD
:10D3700010B0BDE8F041F6F711BC5A4B5A49D3F84A
:10D38000AC0001222346B43010B0BDE8F041F6F7FE
:10D3900005BC544B5E49D3F8AC0001222346F23061
:10D3A00010B0BDE8F041F6F7CBBA4E485949D0F875
:10D3B000AC002346012210B0BDE8F041F6F7EEBB09
:10D3C000484B4949D3F8AC0001222346B83010B08D
:10D3D000BDE8F041F6F7E2BB424B4349D3F8AC005D
:10D3E00001222346C43010B0BDE8F041F6F7D6BBA9
:10D3F0003C4BD3F8AC30C83308930CAE464B099382
:10D4000008A9464B0A933046FBF728FE00238DF807
:10D410001C30DDE90601CDE902548DE8030096E8F1
:10D420000F00F6F7D1FA04F0B7BE2E4B2E49D3F811
:10D43000AC0001222346CC3010B0BDE8F041F6F735
:10D44000ADBB284BD3F8AC3034330C93344B0D9335
:10D45000344B0E93CDE9011401238DF83C300023A9
:10D460000093089310AB13E90F00F6F7DDFC04F00E
:10D4700093BE1C4BD3F8AC30343308930CAE2A4B1C
:10D48000099308A9294B0A933046FBF7D5FCCDE94F
:10D4900001540023ADF80030ADF8183096E80F00C5
:10D4A000F6F71EFB04F078BE0E4BD3F8AC305433C5
:10D4B00008930CAE1E4B099308A91E4B0A933046E5
:10D4C000FBF7B0FC00238DF81C30DDE90601CDE947
:10D4D00002548DE8030096E80F00F6F7FFFB04F016
:10D4E0005BBE00BF70100020992B0208CD2B0208F4
:10D4F000D12B02085D2C0208612C0208BD2B02080A
:10D50000D52B0208B1360208A53602089936020862
:10D51000B92B02088D360208352C0208392C020876
:10D52000652C0208692C020881360208254A020887
:10D53000A12B0208A92B0208C34BD3F8AC306033EF
:10D5400008930CAEC14B099308A9C14B0A9330460E
:10D55000FBF772FCCDE901540023ADF80030ADF8C3
:10D56000183096E80F00F6F7BBFA04F015BEB64B7C
:10D57000D3F8AC30343308930CAEB64B099308A9FA
:10D58000B54B0A933046FBF757FCCDE90154002315
:10D59000ADF80030ADF8183096E80F00F6F7A0FAB5
:10D5A00004F0FABDA84BD3F8AC30343308930CAE7A
:10D5B000AA4B099308A9AA4B0A933046FBF76EFCC5
:10D5C000CDE9015400230093069396E80F00F6F787
:10D5D000D7FB04F0E1BD9C4BD3F8AC30503308933B
:10D5E0000CAEA04B099308A99F4B0A933046FBF75A
:10D5F00035FD00238DF81C30DDE90601CDE902542C
:10D600008DE8030096E80F00F6F7DEF904F0C4BDDC
:10D610008D4BD3F8AC30483308930CAE914B099343
:10D6200008A9914B0A933046FBF718FD00238DF8AB
:10D630001C30DDE90601CDE902548DE8030096E8CF
:10D640000F00F6F7C1F904F0A7BD7F4BD3F8AC305B
:10D650004C3308930CAE854B099308A9844B0A936D
:10D660003046FBF7DFFB00238DF81C30DDE90601B7
:10D67000CDE902548DE8030096E80F00F6F72EFB83
:10D6800004F08ABD704BD3F8AC305C3308930CAE19
:10D69000744B099308A9744B0A933046FBF7DEFCE0
:10D6A00000238DF81C30DDE90601CDE902548DE838
:10D6B000030096E80F00F6F787F904F06DBD624BA2
:10D6C000D3F8AC30343308930CAE6A4B099308A9F5
:10D6D000694B0A933046FBF7AFFBCDE901540023B9
:10D6E000ADF80030ADF8183096E80F00F6F7F8F90D
:10D6F00004F052BD544BD3F8AC30613308930CAEF8
:10D70000524B099308A9524B0A933046FBF794FBFE
:10D71000CDE901540023ADF80030ADF8183096E89B
:10D720000F00F6F7DDF904F037BD474BD3F8AC3006
:10D73000343308930CAE514B099308A9504B0A930C
:10D740003046FBF76FFB00238DF81C30DDE9060146
:10D75000CDE902548DE8030096E80F00F6F7BEFA13
:10D7600004F01ABD384BD3F8AC30383308930CAE04
:10D770003E4B099308A93E4B0A933046FBF752FBF8
:10D7800000238DF81C30DDE90601CDE902548DE857
:10D79000030096E80F00F6F7A1FA04F0FDBC2A4B4F
:10D7A000D3F8AC303C3308930CAE304B099308A946
:10D7B0002F4B0A933046FBF735FB00238DF81C30C6
:10D7C000DDE90601CDE902548DE8030096E80F007B
:10D7D000F6F784FA04F0E0BC1B4BD3F8AC304033CE
:10D7E00008930CAE214B099308A9214B0A933046AC
:10D7F000FBF718FB00238DF81C30DDE90601CDE9AD
:10D8000002548DE8030096E80F00F6F767FA04F07B
:10D81000C3BC0D4BD3F8AC30633308930CAE0B4B49
:10D82000099308A90A4B0A933046FBF705FBCDE99B
:10D8300001540023ADF80030ADF8183096E80F0021
:10D84000F6F74EF904F0A8BC70100020C52B0208B2
:10D85000C92B020875360208454A020869360208D3
:10D86000614A0208352C0208392C0208A12B020853
:10D87000A92B02085D3602087D4A020851360208CB
:10D88000994A0208B94BD3F8AC30643308930CAE14
:10D89000B74B099308A9B74B0A933046FBF7E8FB4F
:10D8A000CDE901540023ADF80030ADF8183096E80A
:10D8B0000F00F6F7E7FB04F06FBCAC4BD3F8AC30CD
:10D8C000653308930CAEAC4B099308A9AB4B0A9394
:10D8D0003046FBF7B1FACDE901540023ADF8003032
:10D8E000ADF8183096E80F00F6F7FAF804F054BCDB
:10D8F0009E4BD3F8AC30823308930CAEA04B099307
:10D9000008A9A04B0A933046FBF7C8FACDE90154A9
:10D9100000230093069396E80F00F6F731FA04F01F
:10D920003BBC924BD3F8AC30843308930CAE944B91
:10D93000099308A9934B0A933046FBF7AFFACDE958
:10D94000015400230093069396E80F00F6F718FAA7
:10D9500004F022BC854BD3F8AC000A46416810B0F5
:10D96000BDE8F041F6F7F8B8804BD3F8AC3004339B
:10D9700008930CAE844B099308A9844B0A93304654
:10D98000FBF76CFB00238DF81C30DDE90601CDE9C7
:10D9900002548DE8030096E80F00F6F715F804F03E
:10D9A000FBBB7B497B482346012210B0BDE8F04118
:10D9B000F6F7F4B8784979482346012210B0BDE85B
:10D9C000F041F6F7EBB8724975482346012210B0D2
:10D9D000BDE8F041F6F7E2B87249704823460122EB
:10D9E00010B0BDE8F041F6F7D9B86F496B4823464F
:10D9F000012210B0BDE8F041F6F7D0B86B4B0893A8
:10DA00000CAE6B4B099308A96A4B0A933046FBF79F
:10DA100009FA00238DF81C30DDE90601CDE9025436
:10DA20008DE8030096E80F00F6F758F904F0B4BB50
:10DA30004E4BD3F8FC3010330C935F4B0D935F4B80
:10DA40000E93CDE9011401238DF83C300023ADF88D
:10DA50000030ADF8203010AB13E90F00F6F77AFC78
:10DA600004F09ABB41485649D0F8FC0023460122F5
:10DA700010B0BDE8F041F6F791B83C4B4449D3F8FB
:10DA8000FC0001222346143010B0BDE8F041F6F747
:10DA900085B836484B49D0F8FC002346012210B027
:10DAA000BDE8F041F6F77AB830484749D0F8FC00B5
:10DAB0002346012210B0BDE8F041F6F76FB82B4BBA
:10DAC000D3F8FC30043308930CAE394B099308A902
:10DAD000384B0A933046FBF7A5F900238DF81C302C
:10DAE000DDE90601CDE902548DE8030096E80F0058
:10DAF000F6F7F4F804F050BB1C4BD3F8FC300833B5
:10DB000008930CAE2A4B099308A92A4B0A93304676
:10DB1000FBF788F900238DF81C30DDE90601CDE91B
:10DB200002548DE8030096E80F00F6F7D7F804F0EA
:10DB300033BB0E4BD3F8FC300C3308930CAE1C4BAC
:10DB4000099308A91B4B0A933046FBF76BF9002396
:10DB50008DF81C30DDE90601CDE902548DE80300A3
:10DB600096E80F00F6F7BAF804F016BB7010002024
:10DB7000552C0208592C0208C52B0208C92B020893
:10DB80006D2C0208712C0208352C0208392C020871
:10DB9000992B02084C110020453602082011002064
:10DBA00050110020393602082D36020824110020B9
:10DBB000A12B0208A92B0208752C0208792C020857
:10DBC000213602081536020809360208B94BD3F887
:10DBD0005C31043308930CAEB74B099308A9B74BDB
:10DBE0000A933046FBF71EF900238DF81C30DDE95F
:10DBF0000601CDE902548DE8030096E80F00F6F720
:10DC00006DF804F0C9BAAB4BD3F85C310833089314
:10DC10000CAEA94B099308A9A84B0A933046FBF711
:10DC200001F900238DF81C30DDE90601CDE902542D
:10DC30008DE8030096E80F00F6F750F804F0ACBA50
:10DC40009C4BD3F85C310C3308930CAE9A4B099380
:10DC500008A99A4B0A933046FBF7E4F800238DF8A5
:10DC60001C30DDE90601CDE902548DE8030096E899
:10DC70000F00F6F733F804F08FBA8E4BD3F860310B
:10DC80002146187DF6F71CFD04F086BA894BD3F8BF
:10DC9000603108930CAE8A4B099308A9894B0A930B
:10DCA0003046FBF7FBF8CDE90154002300930693BF
:10DCB00096E80F00F6F764F804F06EBA7D4BD3F8DF
:10DCC000603108930CAE804B099308A97F4B0A93EF
:10DCD0003046FBF7B1F8CDE901540023ADF8003030
:10DCE000ADF8183096E80F00F5F7FAFE04F054BAD4
:10DCF000704BD3F8603108930CAE6F4B099308A9B1
:10DD00006E4B0A933046FBF78DF800238DF81C30DC
:10DD1000DDE90601CDE902548DE8030096E80F0025
:10DD2000F5F7DCFF04F038BA624BD3F860310B33FF
:10DD300008930CAE664B099308A9664B0A933046CC
:10DD4000FBF77AF8CDE901540023ADF80030ADF8C7
:10DD5000183096E80F00F5F7C3FE04F01DBA554BD6
:10DD6000D3F8603108930CAE5B4B099308A95B4B69
:10DD70000A933046FBF76AF800238DF81C30DDE982
:10DD80000601CDE902548DE8030096E80F00F5F78F
:10DD90005FFF04F001BA474BD3F864312146187D88
:10DDA000F6F78EFC04F0F8B9424BD3F864310893CF
:10DDB0000CAE434B099308A9424B0A933046FBF73C
:10DDC0006DF8CDE9015400230093069396E80F0007
:10DDD000F5F7D6FF04F0E0B9364BD3F86431089379
:10DDE0000CAE394B099308A9384B0A933046FBF720
:10DDF00023F8CDE901540023ADF80030ADF8183018
:10DE000096E80F00F5F76CFE04F0C6B9294BD3F87D
:10DE1000643108930CAE284B099308A9274B0A9349
:10DE20003046FAF7FFFF00238DF81C30DDE90601CC
:10DE3000CDE902548DE8030096E80F00F5F74EFF98
:10DE400004F0AAB91B4BD3F864310B3308930CAE22
:10DE50001F4B099308A91F4B0A933046FAF7ECFFB2
:10DE6000CDE901540023ADF80030ADF8183096E844
:10DE70000F00F5F735FE04F08FB90E4BD3F864317F
:10DE800008930CAE144B099308A9144B0A9330461F
:10DE9000FAF7DCFF00238DF81C30DDE90601CDE93F
:10DEA00002548DE8030096E80F00F5F7D1FE04F068
:10DEB00073B900BF70100020A12B0208A92B020823
:10DEC000FD350208AD4A0208F5350208C54A0208C8
:10DED000C52B0208C92B0208ED350208DD4A0208ED
:10DEE000B24BD3F86831043308930CAEB04B0993AE
:10DEF00008A9B04B0A933046FAF7D0FFCDE9015498
:10DF000000230093069396E80F00F5F739FF04F01D
:10DF100043B9A64BD3F86831063308930CAEA64B31
:10DF2000099308A9A54B0A933046FAF785FFCDE976
:10DF300001540023ADF80030ADF8183096E80F001A
:10DF4000F5F7CEFD04F028B9984BD3F868010368C3
:10DF50001B689847FBF7EBBE944BD3F86801036846
:10DF60005B68F6E7964997482346012210B0BDE862
:10DF7000F041F5F7F7BD924993482346012210B0CE
:10DF8000BDE8F041F5F7EEBD8D49904823460122EA
:10DF900010B0BDE8F041F5F7E5BD8D4B08930CAE30
:10DFA0008C4B099308A98C4B0A933046FAF74EFF25
:10DFB00000238DF81C30DDE90601CDE902548DE81F
:10DFC000030096E80F00F5F743FE04F0E5B87C493E
:10DFD00082482346012210B0BDE8F041F5F7C2BDEA
:10DFE00077497F482346012210B0BDE8F041F5F79C
:10DFF000B9BD73497B482346012210B0BDE8F0410A
:10E00000F5F7B0BD784B08930CAE724B099308A995
:10E01000714B0A933046FAF719FF00238DF81C3034
:10E02000DDE90601CDE902548DE8030096E80F0012
:10E03000F5F70EFE04F0B0B861496C4823460122A2
:10E0400010B0BDE8F041F5F78DBD5D496848234645
:10E05000012210B0BDE8F041F5F784BD584965488C
:10E060002346012210B0BDE8F041F5F77BBD624BBD
:10E0700008930CAE574B099308A9574B0A933046A7
:10E08000FAF7E4FE00238DF81C30DDE90601CDE946
:10E0900002548DE8030096E80F00F5F7D9FD04F06F
:10E0A0007BB8474955482346012210B0BDE8F041EE
:10E0B000F5F758BD424952482346012210B0BDE849
:10E0C000F041F5F74FBD3E494E482346012210B0BE
:10E0D000BDE8F041F5F746BD4B4B08930CAE3D4B08
:10E0E000099308A93C4B0A933046FAF7AFFE002388
:10E0F0008DF81C30DDE90601CDE902548DE80300FE
:10E1000096E80F00F5F7A4FD04F046B82C493F4807
:10E110002346012210B0BDE8F041F5F723BD2849A0
:10E120003B482346012210B0BDE8F041F5F71ABD87
:10E13000234938482346012210B0BDE8F041F5F7E5
:10E1400011BD354B08930CAE224B099308A9224B05
:10E150000A933046FAF77AFE00238DF81C30DDE989
:10E160000601CDE902548DE8030096E80F00F5F7AB
:10E170006FFD04F011B8124928482346012210B05F
:10E18000BDE8F041F5F7EEBC0D49254823460122D4
:10E1900010B0BDE8F041F5F7E5BC09492148234638
:10E1A000012210B0BDE8F041F5F7DCBC7010002092
:10E1B000E5350208F14A0208C52B0208C92B0208FE
:10E1C000C12B0208DC110020E0110020E411002026
:10E1D000E8110020CD2B0208D12B0208EC11002001
:10E1E000F0110020F4110020F8110020FC11002093
:10E1F0000012002004120020081200200C1200203F
:10E200001012002014120020181200201C120020EE
:10E210002012002024120020281200202C1200209E
:10E220003012002034120020B94B08930CAEB94BC9
:10E23000099308A9B84B0A933046FAF707FE002362
:10E240008DF81C30DDE90601CDE902548DE80300AC
:10E2500096E80F00F5F7FCFC03F09EBFAF49B0480D
:10E260002346012210B0BDE8F041F5F77BBCAB4975
:10E27000AC482346012210B0BDE8F041F5F772BC6E
:10E28000A649A9482346012210B0BDE8F041F5F7A0
:10E2900069BCA64B08930CAE9E4B099308A99E4BF4
:10E2A0000A933046FAF7D2FD00238DF81C30DDE9E1
:10E2B0000601CDE902548DE8030096E80F00F5F75A
:10E2C000C7FC03F069BF954999482346012210B065
:10E2D000BDE8F041F5F746BC904996482346012237
:10E2E00010B0BDE8F041F5F73DBC8C49924823469B
:10E2F000012210B0BDE8F041F5F734BC8F4B089314
:10E300000CAE844B099308A9834B0A933046FAF765
:10E310009DFD00238DF81C30DDE90601CDE9025496
:10E320008DE8030096E80F00F5F792FC03F034BF88
:10E330007A4983482346012210B0BDE8F041F5F741
:10E3400011BC76497F482346012210B0BDE8F04158
:10E35000F5F708BC71497C482346012210B0BDE89E
:10E36000F041F5F7FFBB794B08930CAE694B09936D
:10E3700008A9694B0A933046FAF768FD00238DF827
:10E380001C30DDE90601CDE902548DE8030096E872
:10E390000F00F5F75DFC03F0FFBE60496C482346B3
:10E3A000012210B0BDE8F041F5F7DCBB5B496948DC
:10E3B0002346012210B0BDE8F041F5F7D3BB574921
:10E3C00065482346012210B0BDE8F041F5F7CABB0D
:10E3D000624B08930CAE4F4B099308A94E4B0A931E
:10E3E0003046FAF733FD00238DF81C30DDE90601D5
:10E3F000CDE902548DE8030096E80F00F5F728FCFC
:10E4000003F0CABE454956482346012210B0BDE874
:10E41000F041F5F7A7BB414952482346012210B00D
:10E42000BDE8F041F5F79EBB3C494F482346012229
:10E4300010B0BDE8F041F5F795BB4C4B08930CAE1E
:10E44000344B099308A9344B0A933046FAF7FEFC83
:10E4500000238DF81C30DDE90601CDE902548DE87A
:10E46000030096E80F00F5F7F3FB03F095BE2B4988
:10E470003F482346012210B0BDE8F041F5F772BBDA
:10E4800026493C482346012210B0BDE8F041F5F78B
:10E4900069BB224938482346012210B0BDE8F0414B
:10E4A000F5F760BB354B08930CAE1A4B099308A9DE
:10E4B000194B0A933046FAF7C9FC00238DF81C303B
:10E4C000DDE90601CDE902548DE8030096E80F006E
:10E4D000F5F7BEFB03F060BE104929482346012230
:10E4E00010B0BDE8F041F5F73DBB0C492548234687
:10E4F000012210B0BDE8F041F5F734BB07492248CE
:10E500002346012210B0BDE8F041F5F72BBB00BF58
:10E5100038120020CD2B0208D12B0208C12B020893
:10E520003C1200204012002044120020481200201B
:10E530004C120020501200205412002058120020CB
:10E540005C1200206012002064120020681200207B
:10E550006C1200207012002074120020781200202B
:10E560007C120020801200208412002088120020DB
:10E570008C1200209012002094120020981200208B
:10E580009C120020A0120020A4120020BD4B089372
:10E590000CAEBD4B099308A9BC4B0A933046FAF761
:10E5A00055FC00238DF81C30DDE90601CDE902544D
:10E5B0008DE8030096E80F00F5F74AFB03F0ECBD89
:10E5C000B348EAF77FFDFBF7B2BBB24B0C93B24BFB
:10E5D0000D93B24B0E9301238DF83C3000238DF840
:10E5E0002430CDE90214DDE908018DE8030010AB09
:10E5F00013E90F00F5F72EFA03F0CEBDA44B214628
:10E6000093F8FC04F6F75CF803F0C6BDA449A548EE
:10E610002346012210B0BDE8F041F5F7A3BAA249A4
:10E62000A2482346012210B0BDE8F041F4F714BD22
:10E63000974BD3F8283521461878FAF705F903F0F7
:10E64000ABBD9B4B0C939B4B0D939B4B0E93CDE91A
:10E65000011401238DF83C300023ADF80030ADF8F3
:10E66000203010AB13E90F00F5F7C0FD03F094BDA7
:10E67000924B08930CAE924B099308A9914B0A93C5
:10E680003046FAF7D9FBCDE901540023ADF800304C
:10E69000ADF8183096E80F00F5F722FA03F07CBDCC
:10E6A000894B08930CAE864B099308A9854B0A93B6
:10E6B0003046FAF7C1FBCDE901540023ADF8003034
:10E6C000ADF8183096E80F00F5F70AFA03F064BDCC
:10E6D0007E4B08930CAE7A4B099308A9794B0A93A9
:10E6E0003046FAF7A9FBCDE901540023ADF800301C
:10E6F000ADF8183096E80F00F5F7F2F903F04CBDCD
:10E70000734B08930CAE6E4B099308A96D4B0A939B
:10E710003046FAF791FBCDE901540023ADF8003003
:10E72000ADF8183096E80F00F5F7DAF903F034BDCC
:10E73000684B08930CAE624B099308A9614B0A938E
:10E740003046FAF779FBCDE901540023ADF80030EB
:10E75000ADF8183096E80F00F5F7C2F903F01CBDCC
:10E760005D4B08930CAE564B099308A9554B0A9381
:10E770003046FAF761FBCDE901540023ADF80030D3
:10E78000ADF8183096E80F00F5F7AAF903F004BDCC
:10E79000524B08930CAE4A4B099308A9494B0A9374
:10E7A0003046FAF749FBCDE901540023ADF80030BB
:10E7B000ADF8183096E80F00F5F792F903F0ECBCCD
:10E7C000474B08930CAE3E4B099308A93D4B0A9367
:10E7D0003046FAF731FBCDE901540023ADF80030A3
:10E7E000ADF8183096E80F00F5F77AF903F0D4BCCD
:10E7F0003C4B08930CAE324B099308A9314B0A935A
:10E800003046FAF719FBCDE901540023ADF800308A
:10E81000ADF8183096E80F00F5F762F903F0BCBCCC
:10E82000314B08930CAE314B099308A9304B0A9336
:10E830003046FAF7F7FA00238DF81C30DDE90601BF
:10E84000CDE902548DE8030096E80F00F5F746FA8B
:10E8500003F0A2BC274B08930CAE194B099308A9EF
:10E86000184B0A933046FAF7E7FACDE90154002332
:10E87000ADF80030ADF8183096E80F00F5F730F934
:10E8800003F08ABCA8120020CD2B0208D12B02086D
:10E890007010002068150020092C02080D2C0208B9
:10E8A000C12B020878150020112C020870150020D9
:10E8B0008C1500201D2C0208212C02089C1500201C
:10E8C000C52B0208C92B0208301300203113002089
:10E8D000321300203313002034130020351300209E
:10E8E000361300203713002038130020A12B020814
:10E8F000A92B02083C130020BC4B08930CAEBC4B68
:10E90000099308A9BB4B0A933046FAF7C7FACDE939
:10E91000015400230093069396E80F00F5F730FAB0
:10E9200003F03ABCB14B08930CAEB34B099308A962
:10E93000B24B0A933046FAF7B1FACDE901540023FD
:10E940000093069396E80F00F5F71AFA03F024BC3B
:10E95000AB4B08930CAEAB4B099308A9AA4B0A9397
:10E960003046FAF75FFA00238DF81C30DDE9060126
:10E97000CDE902548DE8030096E80F00F5F7AEF9F3
:10E9800003F00ABCA14B08930CAE9E4B099308A957
:10E990009D4B0A933046FAF745FA00238DF81C3058
:10E9A000DDE90601CDE902548DE8030096E80F0089
:10E9B000F5F794F903F0F0BB954B08930CAE914B2F
:10E9C000099308A9904B0A933046FAF72BFA0023D3
:10E9D0008DF81C30DDE90601CDE902548DE8030015
:10E9E00096E80F00F5F77AF903F0D6BB894B089348
:10E9F0000CAE844B099308A9834B0A933046FAF76F
:10EA000011FA00238DF81C30DDE90601CDE902542E
:10EA10008DE8030096E80F00F5F760F903F0BCBB42
:10EA20007D4B08930CAE774B099308A9764B0A935C
:10EA30003046FAF7F7F900238DF81C30DDE90601BE
:10EA4000CDE902548DE8030096E80F00F5F746F98A
:10EA500003F0A2BB714B08930CAE6A4B099308A953
:10EA6000694B0A933046FAF7DDF900238DF81C3024
:10EA7000DDE90601CDE902548DE8030096E80F00B8
:10EA8000F5F72CF903F088BB654B08930CAE5D4B92
:10EA9000099308A95C4B0A933046FAF7C3F900239F
:10EAA0008DF81C30DDE90601CDE902548DE8030044
:10EAB00096E80F00F5F712F903F06EBB594B089377
:10EAC0000CAE504B099308A94F4B0A933046FAF706
:10EAD000A9F900238DF81C30DDE90601CDE90254C7
:10EAE0008DE8030096E80F00F5F7F8F803F054BB43
:10EAF0004D4B08930CAE434B099308A9424B0A9324
:10EB00003046FAF78FF900238DF81C30DDE9060155
:10EB1000CDE902548DE8030096E80F00F5F7DEF822
:10EB200003F03ABB414B08930CAE364B099308A94E
:10EB3000354B0A933046FAF775F900238DF81C30EF
:10EB4000DDE90601CDE902548DE8030096E80F00E7
:10EB5000F5F7C4F803F020BB354B08930CAE294BF6
:10EB6000099308A9284B0A933046FAF75BF900236A
:10EB70008DF81C30DDE90601CDE902548DE8030073
:10EB800096E80F00F5F7AAF803F006BB294B0893A7
:10EB90000CAE294B099308A9284B0A933046FAF783
:10EBA0004BF9CDE901540023ADF80030ADF8183031
:10EBB00096E80F00F4F794FF03F0EEBA204B0893A9
:10EBC0000CAE1D4B099308A91C4B0A933046FAF76B
:10EBD00033F9CDE901540023ADF80030ADF8183019
:10EBE00096E80F00F4F77CFF03F0D6BA301300204C
:10EBF00059370208ED48020851370208094902084E
:10EC000044130020A12B0208A92B0208481300205E
:10EC10004C130020501300205413002060130020D8
:10EC200064130020681300206C1300207013002070
:10EC30007413002078130020C52B0208C92B02088A
:10EC400079130020BD4B08930CAEBD4B099308A966
:10EC5000BC4B0A933046FAF7EFF8CDE90154002394
:10EC6000ADF80030ADF8183096E80F00F4F738FF33
:10EC700003F092BAB44B08930CAEB44B099308A9B5
:10EC8000B34B0A933046FAF7CDF800238DF81C30C9
:10EC9000DDE90601CDE902548DE8030096E80F0096
:10ECA000F5F71CF803F078BAAA4B08930CAEA74B03
:10ECB000099308A9A64B0A933046FAF7B3F8002344
:10ECC0008DF81C30DDE90601CDE902548DE8030022
:10ECD00096E80F00F5F702F803F05EBA9E4B089332
:10ECE0000CAE9A4B099308A9994B0A933046FAF750
:10ECF00099F800238DF81C30DDE90601CDE90254B6
:10ED00008DE8030096E80F00F4F7E8FF03F044BA3B
:10ED1000924B08930CAE8D4B099308A98C4B0A9328
:10ED20003046FAF77FF800238DF81C30DDE9060144
:10ED3000CDE902548DE8030096E80F00F4F7CEFF0A
:10ED400003F02ABA864B08930CAE804B099308A9AE
:10ED50007F4B0A933046FAF765F800238DF81C3094
:10ED6000DDE90601CDE902548DE8030096E80F00C5
:10ED7000F4F7B4FF03F010BA7A4B08930CAE734B60
:10ED8000099308A9724B0A933046FAF74BF800230F
:10ED90008DF81C30DDE90601CDE902548DE8030051
:10EDA00096E80F00F4F79AFF03F0F6B96E4B08935C
:10EDB0000CAE634B099308A9624B0A933046FAF7ED
:10EDC0003BF8CDE901540023ADF80030ADF8183020
:10EDD00096E80F00F4F784FE03F0DEB9634B089366
:10EDE0000CAE574B099308A9564B0A933046FAF7D5
:10EDF00023F8CDE901540023ADF80030ADF8183008
:10EE000096E80F00F4F76CFE03F0C6B9584B089370
:10EE10000CAE4B4B099308A94A4B0A933046FAF7BC
:10EE20000BF8CDE901540023ADF80030ADF81830EF
:10EE300096E80F00F4F754FE03F0AEB94D4B08937B
:10EE40000CAE4D4B099308A94C4B0A933046F9F789
:10EE5000FDFF00238DF81C30DDE90601CDE90254E9
:10EE60008DE8030096E80F00F4F7F2FE03F094B982
:10EE7000434B08930CAE324B099308A9314B0A93CC
:10EE80003046F9F7D9FFCDE901540023ADF8003041
:10EE9000ADF8183096E80F00F4F722FE03F07CB9C5
:10EEA000384B08930CAE344B099308A9334B0A93A3
:10EEB0003046F9F7CBFF00238DF81C30DDE9060161
:10EEC000CDE902548DE8030096E80F00F4F7C0FE88
:10EED00003F062B92C4B08930CAE274B099308A999
:10EEE000264B0A933046F9F7B1FF00238DF81C300A
:10EEF000DDE90601CDE902548DE8030096E80F0034
:10EF0000F4F7A6FE03F048B9204B08930CAE1A4B59
:10EF1000099308A9194B0A933046F9F797FF002384
:10EF20008DF81C30DDE90601CDE902548DE80300BF
:10EF300096E80F00F4F78CFE03F02EB97A13002048
:10EF4000C52B0208C92B02087C130020A12B020844
:10EF5000A92B0208801300208413002088130020AE
:10EF60008C13002090130020941300209513002090
:10EF70009613002098130020CD2B0208D12B0208F5
:10EF80009C130020A0130020A4130020A81300202D
:10EF9000C34B08930CAEC34B099308A9C24B0A9309
:10EFA0003046F9F753FF00238DF81C30DDE90601E8
:10EFB000CDE902548DE8030096E80F00F4F748FE0F
:10EFC00003F0EAB8B94B08930CAEB64B099308A905
:10EFD000B54B0A933046F9F739FF00238DF81C3002
:10EFE000DDE90601CDE902548DE8030096E80F0043
:10EFF000F4F72EFE03F0D0B8AD4B08930CAEA94B3E
:10F00000099308A9A84B0A933046F9F71FFF00237C
:10F010008DF81C30DDE90601CDE902548DE80300CE
:10F0200096E80F00F4F714FE03F0B6B8A14B08936E
:10F030000CAE9C4B099308A99B4B0A933046F9F7F9
:10F0400005FF00238DF81C30DDE90601CDE90254EF
:10F050008DE8030096E80F00F4F7FAFD03F09CB882
:10F06000954B08930CAE8F4B099308A98E4B0A93CE
:10F070003046F9F7EBFE00238DF81C30DDE9060180
:10F08000CDE902548DE8030096E80F00F4F7E0FDA7
:10F0900003F082B8894B08930CAE824B099308A900
:10F0A000814B0A933046F9F7D1FE00238DF81C30CE
:10F0B000DDE90601CDE902548DE8030096E80F0072
:10F0C000F4F7C6FD03F068B87D4B08930CAE754BA2
:10F0D000099308A9744B0A933046F9F7B7FE002349
:10F0E0008DF81C30DDE90601CDE902548DE80300FE
:10F0F00096E80F00F4F7ACFD03F04EB8714BD3F86F
:10F100000834983308930CAE6F4B099308A96F4BE2
:10F110000A933046F9F786FE00238DF81C30DDE9AE
:10F120000601CDE902548DE8030096E80F00F4F7DC
:10F13000D5FD03F031B8634BD3F8083490330C930A
:10F14000634B0D93634B0E93CDE9041401238DF8AB
:10F150003C3000238DF8283008AB0FCB8DE80F0032
:10F1600010AB13E90F00F4F739FB03F015B8554B5A
:10F17000D3F80834214693F89C00F5F7A1FA03F080
:10F180000BB8504BD3F80834214693F89E00F5F79E
:10F1900097FA03F001B84B484F49D0F808042346CA
:10F1A000012210B0BDE8F041F4F7F8BC45484B49E6
:10F1B000D0F808042346012210B0BDE8F041F4F76E
:10F1C000EDBC40484649D0F808042346012210B05F
:10F1D000BDE8F041F4F7E2BC3A4BD3F80834B03361
:10F1E00008930CAE384B099308A9384B0A93304664
:10F1F000F9F718FE00238DF81C30DDE90601CDE992
:10F2000002548DE8030096E80F00F4F767FD02F062
:10F21000C3BF2C4BD3F80834B43308930CAE2A4B3D
:10F22000099308A9294B0A933046F9F7FBFD0023FF
:10F230008DF81C30DDE90601CDE902548DE80300AC
:10F2400096E80F00F4F74AFD02F0A6BF1D4BD3F875
:10F250000834B83308930CAE1B4B099308A91B4B19
:10F260000A933046F9F7DEFD00238DF81C30DDE906
:10F270000601CDE902548DE8030096E80F00F4F78B
:10F280002DFD02F089BF0F4B1649D3F80804012267
:10F290002346C03010B0BDE8F041F4F77FBC00BF9A
:10F2A000AC130020CD2B0208D12B0208B013002094
:10F2B000B4130020B8130020BC130020C01300209A
:10F2C000C413002070100020A12B0208A92B0208F3
:10F2D000252C02082D2C0208398F02081D8F0208E8
:10F2E000FD8E0208992B0208C14BD3F80834C433B1
:10F2F00008930CAEBF4B099308A9BF4B0A93304645
:10F30000F9F790FD00238DF81C30DDE90601CDE909
:10F3100002548DE8030096E80F00F4F7DFFC02F0DA
:10F320003BBFB34BB549D3F808040122234600F58F
:10F33000B87010B0BDE8F041F4F730BCAC4BAF4949
:10F34000D3F808040122234600F5BA7010B0BDE8D6
:10F35000F041F4F723BCA64BA849D3F808040122D6
:10F36000234600F5BC7010B0BDE8F041F4F716BCC0
:10F370009F4BA249D3F80834586901222346103024
:10F3800010B0BDE8F041F4F709BC994BD3F808344C
:10F390005B692C3308930CAE964B099308A9964BE6
:10F3A0000A933046F9F73EFD00238DF81C30DDE965
:10F3B0000601CDE902548DE8030096E80F00F4F74A
:10F3C0008DFC02F0E9BE8A4BD3F808345B69303318
:10F3D00008930CAE874B099308A9874B0A933046D4
:10F3E000F9F720FD00238DF81C30DDE90601CDE999
:10F3F00002548DE8030096E80F00F4F76FFC02F06A
:10F40000CBBE7B4BD3F808345B69343308930CAE26
:10F410007B4B099308A97B4B0A933046F9F70CFD07
:10F42000CDE901540023ADF80030ADF8183096E86E
:10F430000F00F4F755FB02F0AFBE6D4B6F49D3F8E8
:10F440000834986901222346103010B0BDE8F0411D
:10F45000F4F7A4BB664BD3F808349B692C330893AC
:10F460000CAE694B099308A9684B0A933046F9F72B
:10F4700015FDCDE9015400230093069396E80F0093
:10F48000F4F77EFC02F088BE594BD3F808349B6930
:10F490002C3308930CAE574B099308A9564B0A938B
:10F4A0003046F9F7BFFC00238DF81C30DDE906017A
:10F4B000CDE902548DE8030096E80F00F4F70EFC46
:10F4C00002F06ABE4A4BD3F808349B693033089384
:10F4D0000CAE484B099308A9474B0A933046F9F7FD
:10F4E000A1FC00238DF81C30DDE90601CDE90254B2
:10F4F0008DE8030096E80F00F4F7F0FB02F04CBE35
:10F500003B4BD3F808349B69343308930CAE394B2A
:10F51000099308A9384B0A933046F9F783FC002376
:10F520008DF81C30DDE90601CDE902548DE80300B9
:10F5300096E80F00F4F7D2FB02F02EBE2C4BD3F866
:10F5400008349B69383308930CAE2A4B099308A9F9
:10F55000294B0A933046F9F765FC00238DF81C30DF
:10F56000DDE90601CDE902548DE8030096E80F00BD
:10F57000F4F7B4FB02F010BE1D4BD3F808349B69BE
:10F58000403308930CAE1B4B099308A91A4B0A93FE
:10F590003046F9F747FC00238DF81C30DDE9060101
:10F5A000CDE902548DE8030096E80F00F4F796FBCE
:10F5B00002F0F2BD0E4BD3F808349B694433089334
:10F5C0000CAE0C4B099308A90B4B0A933046F9F784
:10F5D00029FC00238DF81C30DDE90601CDE9025439
:10F5E0008DE8030096E80F00F4F778FB02F0D4BD35
:10F5F00070100020A12B0208A92B0208992B0208E9
:10F60000C52B0208C92B0208493702082149020804
:10F61000BE4BD3F808349B69483308930CAEBC4BFF
:10F62000099308A9BB4B0A933046F9F705FCCDE9CD
:10F6300001540023ADF80030ADF8183096E80F0003
:10F64000F4F74EFA02F0A8BDB04BB349D3F8080462
:10F6500001222346C83010B0BDE8F041F4F79EBA4D
:10F66000AA4BAE49D3F8080401222346C83010B093
:10F67000BDE8F041F4F792BAA44BD3F80834DC3378
:10F6800008930CAEA64B099308A9A64B0A933046E3
:10F69000F9F7C8FB00238DF81C30DDE90601CDE940
:10F6A00002548DE8030096E80F00F4F717FB02F010
:10F6B00073BD964B9C49D3F8080401222346C830F9
:10F6C00010B0BDE8F041F4F769BA904B9749D3F810
:10F6D000080401222346C83010B0BDE8F041F4F719
:10F6E0005DBA8A4B9249D3F8080401222346C830F8
:10F6F00010B0BDE8F041F4F751BA844B8D49D3F80E
:10F70000080401222346C83010B0BDE8F041F4F7E8
:10F7100045BA7E4B8849D3F8080401222346C830F5
:10F7200010B0BDE8F041F4F739BA784B8349D3F80B
:10F73000080401222346C83010B0BDE8F041F4F7B8
:10F740002DBA724B7E49D3F8080401222346C830F3
:10F7500010B0BDE8F041F4F721BA6C4B7949D3F809
:10F76000080401222346C83010B0BDE8F041F4F788
:10F7700015BA664B7449D3F808040122234600F5F4
:10F78000AA7010B0BDE8F041F4F708BA5F4B6E49BB
:10F79000D3F808040122234600F5AC7010B0BDE890
:10F7A000F041F4F7FBB9594B6749D3F8080401223B
:10F7B000234600F5B67010B0BDE8F041F4F7EEB99D
:10F7C000524BD3F8083403F5AE7308930CAE544B88
:10F7D000099308A9534B0A933046F9F723FB0023FA
:10F7E0008DF81C30DDE90601CDE902548DE80300F7
:10F7F00096E80F00F4F772FA02F0CEBC434BD3F850
:10F80000083403F5B07308930CAE454B099308A96F
:10F81000444B0A933046F9F705FB00238DF81C3062
:10F82000DDE90601CDE902548DE8030096E80F00FA
:10F83000F4F754FA02F0B0BC344B4349D3F808044F
:10F840000122234600F5B27010B0BDE8F041F4F794
:10F85000A5B92E4B3C49D3F808040122234600F5F4
:10F86000B47010B0BDE8F041F4F798B9274B3749B0
:10F87000D3F8080401222346883010B0BDE8F041D7
:10F88000F4F770B9214B3149D3F80804012223461B
:10F890008C3010B0BDE8F041F4F764B91B4BD3F8DD
:10F8A00008341C3308930CAE294B099308A9294B43
:10F8B0000A933046F9F7C0FACDE901540023ADF8B8
:10F8C0000030ADF8183096E80F00F4F709F902F0AF
:10F8D00063BC0E4BD3F80834203308930CAE1E4B98
:10F8E000099308A91D4B0A933046F9F7B7FB00238B
:10F8F0008DF81C30DDE90601CDE902548DE80300E6
:10F9000096E80F00F4F760F802F046BC7010002093
:10F91000C52B0208C92B0208599002083D90020825
:10F92000A12B0208A92B02081D90020801900208D1
:10F93000E18F0208C58F0208413702082537020807
:10F94000A58F0208898F0208992B0208C12B020893
:10F950000937020845490208352C0208392C0208EB
:10F96000BA4BD3F80834243308930CAEB84B099340
:10F9700008A9B84B0A933046F9F754FA00238DF8DA
:10F980001C30DDE90601CDE902548DE8030096E85C
:10F990000F00F4F7A3F902F0FFBBAC4BD3F8083427
:10F9A000283308930CAEAA4B099308A9A94B0A93D4
:10F9B0003046F9F737FA00238DF81C30DDE90601EF
:10F9C000CDE902548DE8030096E80F00F4F786F9BC
:10F9D00002F0E2BB9D4BD3F808341C3308930CAE05
:10F9E0009D4B099308A99D4B0A933046F9F71AFAE3
:10F9F00000238DF81C30DDE90601CDE902548DE8C5
:10FA0000030096E80F00F4F769F902F0C5BB8F4BCD
:10FA1000D3F808341C3308930CAE914B099308A912
:10FA2000904B0A933046F9F7FDF900238DF81C300E
:10FA3000DDE90601CDE902548DE8030096E80F00E8
:10FA4000F4F74CF902F0A8BB804BD3F808343433F8
:10FA500008930CAE7E4B099308A97E4B0A9330465F
:10FA6000F9F7E0F900238DF81C30DDE90601CDE956
:10FA700002548DE8030096E80F00F4F72FF902F026
:10FA80008BBB724BD3F8083438330C93764B0D9301
:10FA9000764B0E93CDE9011401238DF83C30002301
:10FAA000ADF80030ADF8203010AB13E90F00F4F7DB
:10FAB00061FB02F071BB654BD3F808343C3308930B
:10FAC0000CAE634B099308A9624B0A933046F9F7D1
:10FAD000A9F900238DF81C30DDE90601CDE90254B7
:10FAE0008DE8030096E80F00F4F7F8F802F054BB35
:10FAF000564BD3F80834403308930CAE544B09935B
:10FB000008A9544B0A933046F9F78CF900238DF875
:10FB10001C30DDE90601CDE902548DE8030096E8CA
:10FB20000F00F4F7DBF802F037BB484BD3F808348A
:10FB3000443308930CAE464B099308A9454B0A93EE
:10FB40003046F9F76FF900238DF81C30DDE9060126
:10FB5000CDE902548DE8030096E80F00F4F7BEF8F3
:10FB600002F01ABB394BD3F80834503308930CAE6B
:10FB7000374B099308A9374B0A933046F9F752F9E6
:10FB800000238DF81C30DDE90601CDE902548DE833
:10FB9000030096E80F00F4F7A1F802F0FDBA2B4B32
:10FBA000D3F80834543308930CAE294B099308A9B1
:10FBB000284B0A933046F9F735F900238DF81C30AD
:10FBC000DDE90601CDE902548DE8030096E80F0057
:10FBD000F4F784F802F0E0BA1C4BD3F80834483349
:10FBE00008930CAE1A4B099308A91A4B0A93304696
:10FBF000F9F718F900238DF81C30DDE90601CDE98D
:10FC000002548DE8030096E80F00F4F767F802F05D
:10FC1000C3BA0E4BD3F808341C3308930CAE144B04
:10FC2000099308A9134B0A933046F9F7FBF8002310
:10FC30008DF81C30DDE90601CDE902548DE80300A2
:10FC400096E80F00F4F74AF802F0A6BA7010002008
:10FC5000A12B0208A92B02080137020861490208FA
:10FC6000F5360208794902083D2C0208412C0208A9
:10FC7000E936020891490208B94BD3F808345833E1
:10FC800008930CAEB74B099308A9B74B0A933046BB
:10FC9000F9F7C8F800238DF81C30DDE90601CDE93D
:10FCA00002548DE8030096E80F00F4F717F802F00D
:10FCB00073BAAB4BD3F808345C3308930CAEA94B42
:10FCC000099308A9A84B0A933046F9F7ABF800232B
:10FCD0008DF81C30DDE90601CDE902548DE8030002
:10FCE00096E80F00F3F7FAFF02F056BA9C4BD3F8F0
:10FCF0000834603308930CAE9C4B099308A99C4BC5
:10FD00000A933046F9F798F8CDE901540023ADF88D
:10FD10000030ADF8183096E80F00F3F7E1FE02F07E
:10FD20003BBA8F4BD3F80834643308930CAE8D4B39
:10FD3000099308A98C4B0A933046F9F773F800230E
:10FD40008DF81C30DDE90601CDE902548DE8030091
:10FD500096E80F00F3F7C2FF02F01EBA804BD3F80B
:10FD60000834683308930CAE7E4B099308A97E4B88
:10FD70000A933046F9F756F800238DF81C30DDE978
:10FD80000601CDE902548DE8030096E80F00F3F771
:10FD9000A5FF02F001BA724BD3F808346C33089314
:10FDA0000CAE724B099308A9714B0A933046F9F7D0
:10FDB00043F8CDE901540023ADF80030ADF8183018
:10FDC00096E80F00F3F78CFE02F0E6B9644BD3F827
:10FDD00008346D3308930CAE644B099308A9644B47
:10FDE0000A933046F9F728F8CDE901540023ADF81D
:10FDF0000030ADF8183096E80F00F3F771FE02F00E
:10FE0000CBB9574BD3F80834703308930CAE554B2D
:10FE1000099308A9544B0A933046F9F703F80023D5
:10FE20008DF81C30DDE90601CDE902548DE80300B0
:10FE300096E80F00F3F752FF02F0AEB9484BD3F843
:10FE40000834743308930CAE464B099308A9464B0B
:10FE50000A933046F8F7E6FF00238DF81C30DDE901
:10FE60000601CDE902548DE8030096E80F00F3F790
:10FE700035FF02F091B93A4BD3F808347833089340
:10FE80000CAE384B099308A9374B0A933046F8F764
:10FE9000C9FF00238DF81C30DDE90601CDE90254CD
:10FEA0008DE8030096E80F00F3F718FF02F074B92D
:10FEB0002B4BD3F808347C3308930CAE294B0993B1
:10FEC00008A9294B0A933046F8F7ACFF00238DF8B8
:10FED0001C30DDE90601CDE902548DE8030096E807
:10FEE0000F00F3F7FBFE02F057B91D4BD3F8B03308
:10FEF00003F563531C330C931E4B0D931E4B0E9353
:10FF0000CDE9011401238DF83C300023ADF8003019
:10FF1000ADF8203010AB13E90F00F4F751FA02F0FE
:10FF20003BB90F4BD3F8B03303F563532033089339
:10FF30000CAE0C4B099308A90B4B0A933046F8F70B
:10FF400071FF00238DF81C30DDE90601CDE9025474
:10FF50008DE8030096E80F00F3F7C0FE02F01CB92D
:10FF600070100020A12B0208A92B0208C52B020843
:10FF7000C92B0208452C0208492C0208BE4BD3F8B5
:10FF8000B03308930CAEBD4B099308A9BC4B0A9340
:10FF90003046F8F747FF00238DF81C30DDE90601F5
:10FFA000CDE902548DE8030096E80F00F3F796FEC2
:10FFB00002F0F2B8B04BD3F8B03303F56453183302
:10FFC00008930CAEAF4B099308A9AF4B0A93304688
:10FFD000F8F728FF00238DF81C30DDE90601CDE994
:10FFE00002548DE8030096E80F00F3F777FE02F065
:10FFF000D3B8A14BD3F8B03303F564531C33089343
:020000040803EF
:100000000CAEA04B099308A99F4B0A933046F8F712
:1000100009FF00238DF81C30DDE90601CDE902540B
:100020008DE8030096E80F00F3F758FE02F0B4B82D
:10003000914B9649D3F8B00300F564502346012252
:10004000043010B0BDE8F041F3F7A8BD8A4B8F49EA
:10005000D3F8B00300F5645023460122083010B0F5
:10006000BDE8F041F3F79ABD834B8849D3F8B0035C
:1000700000F5645023460122103010B0BDE8F04175
:10008000F3F78CBD7C4BD3F8B03303F540532146D6
:1000900093F83D09F4F714FB02F07EB8764BD3F8E1
:1000A000B03303F564530C3308930CAE754B0993CE
:1000B00008A9754B0A933046F8F7B4FE00238DF873
:1000C0001C30DDE90601CDE902548DE8030096E815
:1000D0000F00F3F703FE02F05FB8674BD3F8B033BD
:1000E00003F564533E3308930CAE694B099308A99A
:1000F000684B0A933046F8F79FFECDE90154002380
:10010000ADF80030ADF8183096E80F00F3F7E8FCD2
:1001100002F042B8584BD3F8B03303F56453383388
:1001200008930CAE574B099308A9574B0A933046D6
:10013000F8F778FE00238DF81C30DDE90601CDE9E3
:1001400002548DE8030096E80F00F3F7C7FD02F0B4
:1001500023B8494BD3F8B03303F562532C330893DB
:100160000CAE484B099308A9474B0A933046F8F761
:1001700059FE00238DF81C30DDE90601CDE902545B
:100180008DE8030096E80F00F3F7A8FD02F004B82D
:10019000394BD3F8B03303F56253313308930CAEC7
:1001A0003B4B099308A93B4B0A933046F8F744FEB2
:1001B000CDE901540023ADF80030ADF8183096E8D1
:1001C0000F00F3F78DFC01F0E7BF2B4BD3F8B033F2
:1001D00003F56253333308930CAE2D4B099308A9F2
:1001E0002C4B0A933046F8F727FECDE90154002343
:1001F000ADF80030ADF8183096E80F00F3F770FC5A
:1002000001F0CABF1C4BD3F8B03303F5625330334F
:1002100008930CAE1E4B099308A91E4B0A93304657
:10022000F8F70AFECDE901540023ADF80030ADF82F
:10023000183096E80F00F3F753FC01F0ADBF0E4BFA
:10024000D3F8B03303F56253323308930CAE104B3E
:10025000099308A90F4B0A933046F8F7EDFDCDE955
:1002600001540023ADF80030ADF8183096E80F00C7
:10027000F3F736FC01F090BF70100020DD36020865
:10028000B5490208A12B0208A92B0208992B0208E4
:10029000C52B0208C92B0208C64BD3F8B03318335C
:1002A0000C93C54B0D93C54B0E93CDE9011401235F
:1002B0008DF83C300023ADF80030ADF8203010ABA5
:1002C00013E90F00F3F7CEFF01F066BFB94BD3F887
:1002D000B03319330C93BA4B0D93BA4B0E93CDE94F
:1002E000011401238DF83C300023ADF80030ADF847
:1002F000203010AB13E90F00F3F700FF01F04CBF03
:10030000AC4BD3F8B0331C3308930CAEAE4B09930F
:1003100008A9AE4B0A933046F8F784FD00238DF808
:100320001C30DDE90601CDE902548DE8030096E8B2
:100330000F00F3F7D3FC01F02FBF9E4BD3F8B0337F
:10034000203308930CAEA04B099308A99F4B0A9346
:100350003046F8F767FD00238DF81C30DDE9060113
:10036000CDE902548DE8030096E80F00F3F7B6FCE0
:1003700001F012BF8F4BD3F8B033243308930CAE87
:10038000914B099308A9914B0A933046F8F74AFD1F
:1003900000238DF81C30DDE90601CDE902548DE81B
:1003A000030096E80F00F3F799FC01F0F5BE814BCE
:1003B000D3F8B033303308930CAE834B099308A9BC
:1003C000824B0A933046F8F72DFD00238DF81C3040
:1003D000DDE90601CDE902548DE8030096E80F003F
:1003E000F3F77CFC01F0D8BE724BD3F8B03328335E
:1003F00008930CAE744B099308A9744B0A933046CA
:10040000F8F710FD00238DF81C30DDE90601CDE979
:1004100002548DE8030096E80F00F3F75FFC01F04B
:10042000BBBE644BD3F8B0332C3308930CAE664B91
:10043000099308A9654B0A933046F8F7F3FC0023AB
:100440008DF81C30DDE90601CDE902548DE803008A
:1004500096E80F00F3F742FC01F09EBE554BD3F82F
:10046000B033343308930CAE574B099308A9574B5C
:100470000A933046F8F7D6FC00238DF81C30DDE9EE
:100480000601CDE902548DE8030096E80F00F3F76A
:1004900025FC01F081BE474BD3F8B03338330893C5
:1004A0000CAE494B099308A9484B0A933046F8F71C
:1004B000B9FC00238DF81C30DDE90601CDE90254BA
:1004C0008DE8030096E80F00F3F708FC01F064BE26
:1004D000384BD3F8B0333C3308930CAE3C4B099304
:1004E00008A93C4B0A933046F8F7A6FCCDE9015425
:1004F0000023ADF80030ADF8183096E80F00F3F7A0
:10050000EFFA01F049BE2B4BD3F8B03340330893D8
:100510000CAE2D4B099308A92C4B0A933046F8F7E3
:1005200081FC00238DF81C30DDE90601CDE9025481
:100530008DE8030096E80F00F3F7D0FB01F02CBE26
:100540001C4BD3F8B033183308930CAE224B0993ED
:1005500008A9224B0A933046F8F780FD00238DF856
:100560001C30DDE90601CDE902548DE8030096E870
:100570000F00F3F729FA01F00FBE0E4BD3F8B0339A
:10058000503308930CAE104B099308A90F4B0A93F4
:100590003046F8F747FC00238DF81C30DDE90601F2
:1005A000CDE902548DE8030096E80F00F3F796FBBF
:1005B00001F0F2BD70100020CD360208D1490208CA
:1005C0004D2C0208512C0208A12B0208A92B02086D
:1005D000C52B0208C92B0208C5360208E9490208E2
:1005E000C64BD3F8B033483308930CAEC44B0993D1
:1005F00008A9C44B0A933046F8F714FC00238DF881
:100600001C30DDE90601CDE902548DE8030096E8CF
:100610000F00F3F763FB01F0BFBDB84BD3F8B03365
:1006200003F56253343308930CAEB74B099308A912
:10063000B64B0A933046F8F71BFDCDE90154002371
:10064000ADF80030ADF8183096E80F00F3F71AFD5A
:1006500001F0A2BDA94BD3F8B03303F56253383390
:1006600008930CAEA64B099308A9A64B0A933046F3
:10067000F8F7D8FB00238DF81C30DDE90601CDE941
:1006800002548DE8030096E80F00F3F727FB01F012
:1006900083BD9A4BD3F8B03303F562533C330893D0
:1006A0000CAE974B099308A9964B0A933046F8F77E
:1006B000B9FB00238DF81C30DDE90601CDE90254B9
:1006C0008DE8030096E80F00F3F708FB01F064BD26
:1006D0008A4BD3F8B03303F5635308930CAE8A4BBF
:1006E000099308A9894B0A933046F8F7C1FCCDE974
:1006F00001540023ADF80030ADF8183096E80F0033
:10070000F3F7C0FC01F048BD7C4BD3F8B03318338D
:1007100008930CAE7E4B099308A97E4B0A93304692
:10072000F8F780FB00238DF81C30DDE90601CDE9E8
:1007300002548DE8030096E80F00F3F7CFFA01F0BA
:100740002BBD6E4B7449D3F8B003012223465430BD
:1007500010B0BDE8F041F3F705BA684BD3F8B033F9
:1007600003F56253183308930CAE6C4B099308A938
:100770006B4B0A933046F8F75FFBCDE90154002339
:10078000ADF80030ADF8183096E80F00F3F7A8F98F
:1007900001F002BD594BD3F8B03303F54053214665
:1007A00093F89908F3F78CFF01F0F6BC534BD3F89C
:1007B000B03303F562531C3308930CAE504B0993CE
:1007C00008A9504B0A933046F8F72CFB00238DF80C
:1007D0001C30DDE90601CDE902548DE8030096E8FE
:1007E0000F00F3F77BFA01F0D7BC444BD3F8B033DA
:1007F00003F56253203308930CAE414B099308A9CB
:10080000404B0A933046F8F70DFB00238DF81C305F
:10081000DDE90601CDE902548DE8030096E80F00FA
:10082000F3F75CFA01F0B8BC344B3E49D3F8B0039F
:1008300000F5625023460122243010B0BDE8F0419B
:10084000F3F7ACB92D4BD3F8B03303F5625328332B
:1008500008930CAE314B099308A9314B0A933046EB
:10086000F8F7EAFACDE901540023ADF80030ADF80D
:10087000183096E80F00F3F733F901F08DBC1F4BE9
:10088000D3F8B03303F56353043308930CAE1C4B19
:10089000099308A91B4B0A933046F8F7C3FA0023C3
:1008A0008DF81C30DDE90601CDE902548DE8030026
:1008B00096E80F00F3F712FA01F06EBC0F4BD3F875
:1008C000B03303F56353083308930CAE0C4B099314
:1008D00008A90C4B0A933046F8F7A4FA00238DF8C8
:1008E0001C30DDE90601CDE902548DE8030096E8ED
:1008F0000F00F3F7F3F901F04FBC00BF70100020B8
:10090000A12B0208A92B0208552C0208592C020819
:10091000BD360208094A0208C12B0208C52B02088D
:10092000C92B0208992B0208C84BD3F8B03303F542
:100930006353103308930CAEC54B099308A9C54BFC
:100940000A933046F8F76EFA00238DF81C30DDE983
:100950000601CDE902548DE8030096E80F00F3F795
:10096000BDF901F019BCB94BD3F8B03303F56353AB
:100970000C3308930CAEB64B099308A9B54B0A93F8
:100980003046F8F74FFA00238DF81C30DDE90601F8
:10099000CDE902548DE8030096E80F00F3F79EF9C5
:1009A00001F0FABBA94BD3F8B03303F564532833F5
:1009B00008930CAEA64B099308A9A64B0A933046A0
:1009C000F8F730FA00238DF81C30DDE90601CDE997
:1009D00002548DE8030096E80F00F3F77FF901F069
:1009E000DBBB9A4BD3F8B03303F564532C33089335
:1009F0000CAE974B099308A9964B0A933046F8F72B
:100A000011FA00238DF81C30DDE90601CDE902540E
:100A10008DE8030096E80F00F3F760F901F0BCBB26
:100A20008A4BD3F8B03303F56453303308930CAEDC
:100A3000874B099308A9874B0A933046F8F7F2F9D8
:100A400000238DF81C30DDE90601CDE902548DE864
:100A5000030096E80F00F3F741F901F09DBB7B4BD3
:100A6000D3F8B03303F56453343308930CAE784BAA
:100A7000099308A9774B0A933046F8F7D3F9002376
:100A80008DF81C30DDE90601CDE902548DE8030044
:100A900096E80F00F3F722F901F07EBB6B4B6E492D
:100AA000D3F8B0030122234600F5655010B0BDE82D
:100AB000F041F3F773B8654B6749D3F8B00300F51D
:100AC000655023460122043010B0BDE8F041F3F731
:100AD00065B85E4BD3F8B00343680C930121037AE9
:100AE0008DF820308DF82110BDF820308DF83410AD
:100AF000ADF800300195DDE90C23F2F733FE01F08B
:100B00004BBB524BD3F8B033043308930CAE504B6D
:100B1000099308A94F4B0A933046F8F783F900234D
:100B20008DF81C30DDE90601CDE902548DE80300A3
:100B300096E80F00F3F7D2F801F02EBB434BD3F841
:100B4000B033083308930CAE444B099308A9444BC7
:100B50000A933046F8F770F9CDE901540023ADF857
:100B60000030ADF8183096E80F00F2F7B9FF01F049
:100B700013BB364BD3F8B003FDF7F1B9334BD3F8C1
:100B8000B043236820469B68984784ED030AF9F731
:100B9000CEB82E4B3049D3F8B003012223460C3097
:100BA00010B0BDE8F041F2F7F9BF284BD3F8B0031D
:100BB000CDE9011400F114030093012302691946E1
:100BC000F3F70EF801F0E8BA204BD3F8B033103346
:100BD00008930CAE234B099308A9234B0A93304684
:100BE000F8F734F900238DF81C30DDE90601CDE972
:100BF00002548DE8030096E80F00F3F729F801F09E
:100C0000CBBA124B1449D3F8B00301222346143057
:100C100010B0BDE8F041F2F7C1BF0C4BD3F85C3324
:100C20008C330C93114B0D93114B0E93CDE90114A2
:100C300001238DF83C3000230093089310AB13E997
:100C40000F00F3F745F901F0A7BA00BF70100020BC
:100C5000A12B0208A92B0208992B0208C52B020818
:100C6000C92B0208CD2B0208D12B02085D2C0208EB
:100C7000612C0208C74BD3F85C33214693F88F00F0
:100C8000F3F71EFD01F088BAC24BD3F85C3321465E
:100C900093F88E00F3F714FD01F07EBABD4BBE4908
:100CA000D3F85C0301222346903010B0BDE8F04138
:100CB000F2F76EBEB74BB849D3F85C030122234666
:100CC000943010B0BDE8F041F2F762BEB14BB349C9
:100CD000D3F85C0301222346983010B0BDE8F04100
:100CE000F2F75CBFAB48AE49D0F85C032346012263
:100CF00010B0BDE8F041F2F751BFA648A949D0F8BD
:100D00005C032346012210B0BDE8F041F2F746BF74
:100D1000A04BA249D3F85C0301222346AC3010B0AB
:100D2000BDE8F041F2F73ABF9A489F49D0F85C031A
:100D30002346012210B0BDE8F041F2F72FBF954BDA
:100D40009649D3F85C0301222346B03010B0BDE8C9
:100D5000F041F2F723BF8F4B9049D3F85C03012297
:100D60002346B43010B0BDE8F041F2F717BF894B0D
:100D7000D3F85C33214693F8F200F3F7AFFC01F0AF
:100D80000BBA84488949D0F85C032346012210B08D
:100D9000BDE8F041F2F702BF7E4B8049D3F85C0317
:100DA00001222346B83010B0BDE8F041F2F7F6BE9C
:100DB000784B7A49D3F85C0301222346C43010B043
:100DC000BDE8F041F2F7EABE724BD3F85C33C833AA
:100DD00008930CAE764B099308A9764B0A933046DC
:100DE000F8F73CF900238DF81C30DDE90601CDE968
:100DF00002548DE8030096E80F00F2F7E5FD01F0DC
:100E0000CBB9644B6549D3F85C0301222346CC304F
:100E100010B0BDE8F041F2F7C1BE5E4BD3F85C33D1
:100E200034330C93644B0D93644B0E93CDE9011452
:100E300001238DF83C3000230093089310AB13E995
:100E40000F00F2F7F1FF01F0A7B9524BD3F85C3372
:100E5000343308930CAE5A4B099308A9594B0A93A3
:100E60003046F7F7E9FFCDE901540023ADF8003033
:100E7000ADF8183096E80F00F2F732FE01F08CB9A9
:100E8000444BD3F85C33543308930CAE4E4B099368
:100E900008A94E4B0A933046F7F7C4FF00238DF89C
:100EA0001C30DDE90601CDE902548DE8030096E827
:100EB0000F00F2F713FF01F06FB9364BD3F85C3334
:100EC000603308930CAE424B099308A9414B0A9337
:100ED0003046F7F7B1FFCDE901540023ADF80030FB
:100EE000ADF8183096E80F00F2F7FAFD01F054B9AA
:100EF000284BD3F85C33343308930CAE364B09934C
:100F000008A9364B0A933046F7F796FFCDE901540E
:100F10000023ADF80030ADF8183096E80F00F2F776
:100F2000DFFD01F039B91B4BD3F85C333433089340
:100F30000CAE2B4B099308A92A4B0A933046F7F7BE
:100F4000ADFFCDE9015400230093069396E80F000E
:100F5000F2F716FF01F020B90E4BD3F85C33503393
:100F600008930CAE124B099308A9124B0A93304612
:100F7000F8F774F800238DF81C30DDE90601CDE99F
:100F800002548DE8030096E80F00F2F71DFD01F012
:100F900003B900BF70100020D52B0208992B02085E
:100FA000B1360208A5360208993602088D360208C5
:100FB000352C0208392C0208652C0208692C02081D
:100FC00081360208254A0208A12B0208A92B020833
:100FD000C52B0208C92B020875360208454A0208CB
:100FE00069360208614A0208C14BD3F85C334833C2
:100FF00008930CAEBF4B099308A9BF4B0A93304628
:10100000F8F72CF800238DF81C30DDE90601CDE956
:1010100002548DE8030096E80F00F2F7D5FC01F0CA
:10102000BBB8B34BD3F85C334C3308930CAEB34B23
:10103000099308A9B24B0A933046F7F7F3FE002351
:101040008DF81C30DDE90601CDE902548DE803007E
:1010500096E80F00F2F742FE01F09EB8A44BD3F8D9
:101060005C335C3308930CAEA24B099308A9A24BE6
:101070000A933046F7F7F2FF00238DF81C30DDE9C4
:101080000601CDE902548DE8030096E80F00F2F75F
:101090009BFC01F081B8964BD3F85C333433089352
:1010A0000CAE984B099308A9974B0A933046F7F773
:1010B000C3FECDE901540023ADF80030ADF818307F
:1010C00096E80F00F2F70CFD01F066B8884BD3F8F4
:1010D0005C33613308930CAE8C4B099308A98C4B9D
:1010E0000A933046F7F7A8FECDE901540023ADF886
:1010F0000030ADF8183096E80F00F2F7F1FC01F07F
:101100004BB87B4BD3F85C33343308930CAE814B34
:10111000099308A9804B0A933046F7F783FE002312
:101120008DF81C30DDE90601CDE902548DE803009D
:1011300096E80F00F2F7D2FD01F02EB86C4BD3F811
:101140005C33383308930CAE6C4B099308A96C4B95
:101150000A933046F7F766FE00238DF81C30DDE970
:101160000601CDE902548DE8030096E80F00F2F77E
:10117000B5FD01F011B85E4BD3F85C333C330893F6
:101180000CAE5E4B099308A95D4B0A933046F7F706
:1011900049FE00238DF81C30DDE90601CDE902543B
:1011A0008DE8030096E80F00F2F798FD00F0F4BF19
:1011B0004F4BD3F85C33403308930CAE4F4B09933D
:1011C00008A94F4B0A933046F7F72CFE00238DF801
:1011D0001C30DDE90601CDE902548DE8030096E8F4
:1011E0000F00F2F77BFD00F0D7BF414BD3F85C3323
:1011F000633308930CAE454B099308A9444B0A93FB
:101200003046F7F719FECDE901540023ADF8003060
:10121000ADF8183096E80F00F2F762FC00F0BCBFA2
:10122000334BD3F85C33643308930CAE3B4B0993D8
:1012300008A93B4B0A933046F7F71AFFCDE9015452
:101240000023ADF80030ADF8183096E80F00F2F743
:1012500019FF00F0A1BF264BD3F85C336533089328
:101260000CAE2A4B099308A9294B0A933046F7F78D
:10127000E3FDCDE901540023ADF80030ADF818309E
:1012800096E80F00F2F72CFC00F086BF184BD3F85D
:101290005C33823308930CAE224B099308A9224B8E
:1012A0000A933046F7F7FAFDCDE901540023009385
:1012B000069396E80F00F2F763FD00F06DBF0C4B4C
:1012C000D3F85C33843308930CAE164B099308A90A
:1012D000154B0A933046F7F7E1FDCDE901540023A1
:1012E0000093069396E80F00F2F74AFD00F054BF12
:1012F00070100020352C0208392C0208A12B02089E
:10130000A92B02085D3602087D4A0208C52B020897
:10131000C92B020851360208994A0208552C0208C6
:10132000592C02086D2C0208712C0208C14BD3F80D
:101330005C030A46416810B0BDE8F041F2F70CBC0E
:10134000BC4BD3F85C33043308930CAEBA4B09930F
:1013500008A9BA4B0A933046F7F780FE00238DF8B0
:101360001C30DDE90601CDE902548DE8030096E862
:101370000F00F2F729FB00F00FBFB149B148234637
:10138000012210B0BDE8F041F2F708BCAE49AF4809
:101390002346012210B0BDE8F041F2F7FFBBA84997
:1013A000AB482346012210B0BDE8F041F2F7F6BB8E
:1013B000A849A6482346012210B0BDE8F041F2F743
:1013C000EDBBA549A1482346012210B0BDE8F0417C
:1013D000F2F7E4BBA14B08930CAEA14B099308A90B
:1013E000A04B0A933046F7F71DFD00238DF81C3003
:1013F000DDE90601CDE902548DE8030096E80F000F
:10140000F2F76CFC00F0C8BE8A4BD3F8AC33103353
:101410000C93954B0D93954B0E93CDE9011401233D
:101420008DF83C300023ADF80030ADF8203010AB23
:1014300013E90F00F2F78EFF00F0AEBE7D488C4935
:10144000D0F8AC032346012210B0BDE8F041F2F71A
:10145000A5BB784B7A49D3F8AC030122234614305C
:1014600010B0BDE8F041F2F799BB72488149D0F85D
:10147000AC032346012210B0BDE8F041F2F78EBB69
:101480006C487D49D0F8AC032346012210B0BDE87A
:10149000F041F2F783BB674BD3F8AC3304330893C6
:1014A0000CAE6F4B099308A96E4B0A933046F7F7C1
:1014B000B9FC00238DF81C30DDE90601CDE90254AA
:1014C0008DE8030096E80F00F2F708FC00F064BE18
:1014D000584BD3F8AC33083308930CAE604B0993E8
:1014E00008A9604B0A933046F7F79CFC00238DF85F
:1014F0001C30DDE90601CDE902548DE8030096E8D1
:101500000F00F2F7EBFB00F047BE4A4BD3F8AC33C9
:101510000C3308930CAE524B099308A9514B0A9314
:101520003046F7F77FFC00238DF81C30DDE906011B
:10153000CDE902548DE8030096E80F00F2F7CEFBE8
:1015400000F02ABE3B4BD3F80C34043308930CAEA6
:10155000434B099308A9434B0A933046F7F762FCC3
:1015600000238DF81C30DDE90601CDE902548DE839
:10157000030096E80F00F2F7B1FB00F00DBE2D4B13
:10158000D3F80C34083308930CAE354B099308A9F3
:10159000344B0A933046F7F745FC00238DF81C3096
:1015A000DDE90601CDE902548DE8030096E80F005D
:1015B000F2F794FB00F0F0BD1E4BD3F80C340C3363
:1015C00008930CAE264B099308A9264B0A93304684
:1015D000F7F728FC00238DF81C30DDE90601CDE982
:1015E00002548DE8030096E80F00F2F777FB00F055
:1015F000D3BD104BD3F810342146187DF3F760F8B3
:1016000000F0CABD0B4BD3F8103408930CAE1B4B43
:10161000099308A91A4B0A933046F7F73FFCCDE926
:10162000015400230093069396E80F00F2F7A8FBFD
:1016300000F0B2BD70100020352C0208392C0208D1
:10164000992B0208FC13002045360208D013002015
:1016500000140020393602082D360208D413002069
:10166000A12B0208A92B0208752C0208792C02086C
:10167000213602081536020809360208FD3502082F
:10168000AD4A0208BF4BD3F8103408930CAEBE4BE2
:10169000099308A9BD4B0A933046F7F7CDFBCDE976
:1016A00001540023ADF80030ADF8183096E80F0073
:1016B000F2F716FA00F070BDB24BD3F8103408936D
:1016C0000CAEB34B099308A9B24B0A933046F7F717
:1016D000A9FB00238DF81C30DDE90601CDE9025499
:1016E0008DE8030096E80F00F2F7F8FA00F054BD19
:1016F000A44BD3F810340B3308930CAEA64B0993CC
:1017000008A9A64B0A933046F7F796FBCDE901549A
:101710000023ADF80030ADF8183096E80F00F2F76E
:10172000DFF900F039BD974BD3F8103408930CAEB5
:101730009B4B099308A99B4B0A933046F7F786FB0E
:1017400000238DF81C30DDE90601CDE902548DE857
:10175000030096E80F00F2F77BFA00F01DBD894BFD
:10176000D3F814342146187DF2F7AAFF00F014BD17
:10177000844BD3F8143408930CAE8B4B099308A90F
:101780008A4B0A933046F7F789FBCDE901540023D1
:101790000093069396E80F00F2F7F2FA00F0FCBC13
:1017A000784BD3F8143408930CAE774B099308A9FF
:1017B000764B0A933046F7F73FFBCDE901540023FF
:1017C000ADF80030ADF8183096E80F00F2F788F960
:1017D00000F0E2BC6B4BD3F8143408930CAE6C4BA6
:1017E000099308A96B4B0A933046F7F71BFB0023BC
:1017F0008DF81C30DDE90601CDE902548DE80300C7
:1018000096E80F00F2F76AFA00F0C6BC5D4BD3F819
:1018100014340B3308930CAE5F4B099308A95F4B4C
:101820000A933046F7F708FBCDE901540023ADF8E1
:101830000030ADF8183096E80F00F2F751F900F0DB
:10184000ABBC504BD3F8143408930CAE544B0993F3
:1018500008A9544B0A933046F7F7F8FA00238DF89D
:101860001C30DDE90601CDE902548DE8030096E85D
:101870000F00F2F7EDF900F08FBC424BD3F81834AB
:10188000043308930CAE4A4B099308A9494B0A93B9
:101890003046F7F703FBCDE901540023009306938C
:1018A00096E80F00F2F76CFA00F076BC354BD3F8EF
:1018B0001834063308930CAE374B099308A9374BFD
:1018C0000A933046F7F7B8FACDE901540023ADF892
:1018D0000030ADF8183096E80F00F2F701F900F08B
:1018E0005BBC284BD3F81804FCF731BB254BD3F86D
:1018F0001804FCF734BB304930482346012210B0AD
:10190000BDE8F041F2F72EB92B492D4823460122BC
:1019100010B0BDE8F041F2F725B927492948234620
:10192000012210B0BDE8F041F2F71CB9264B089334
:101930000CAE264B099308A9254B0A933046F7F7BE
:1019400085FA00238DF81C30DDE90601CDE902544B
:101950008DE8030096E80F00F2F77AF900F01CBC5E
:1019600015491C482346012210B0BDE8F041F2F7AA
:10197000F9B8114918482346012210B0BDE8F041DA
:10198000F2F7F0B870100020F5350208C54A0208D9
:10199000A12B0208A92B0208C52B0208C92B02089B
:1019A000ED350208DD4A0208FD350208AD4A02089D
:1019B000E5350208F14A0208C12B02088C14002008
:1019C000901400209414002098140020CD2B0208BD
:1019D000D12B02089C140020A0140020BA49BB4857
:1019E0002346012210B0BDE8F041F2F7BBB8B84B76
:1019F00008930CAEB74B099308A9B74B0A9330462E
:101A0000F7F724FA00238DF81C30DDE90601CDE953
:101A100002548DE8030096E80F00F2F719F9BBE3D2
:101A2000A949AE482346012210B0BDE8F041F2F7C3
:101A300099B8A549AA482346012210B0BDE8F04153
:101A4000F2F790B8A049A7482346012210B0BDE89C
:101A5000F041F2F787B8A44B08930CAE9D4B099365
:101A600008A99D4B0A933046F7F7F0F900238DF84B
:101A70001C30DDE90601CDE902548DE8030096E84B
:101A80000F00F2F7E5F887E38F49984823460122D3
:101A900010B0BDE8F041F2F765B88B499448234691
:101AA000012210B0BDE8F041F2F75CB886499148D8
:101AB0002346012210B0BDE8F041F2F753B88E4B37
:101AC00008930CAE834B099308A9834B0A933046C5
:101AD000F7F7BCF900238DF81C30DDE90601CDE9EC
:101AE00002548DE8030096E80F00F2F7B1F853E3D3
:101AF000754982482346012210B0BDE8F041F2F753
:101B000031B871497E482346012210B0BDE8F0414A
:101B1000F2F728B86C497B482346012210B0BDE893
:101B2000F041F2F71FB8784B08930CAE694B09935C
:101B300008A9694B0A933046F7F788F900238DF816
:101B40001C30DDE90601CDE902548DE8030096E87A
:101B50000F00F2F77DF81FE35B496C482346012232
:101B600010B0BDE8F041F1F7FDBF57496848234682
:101B7000012210B0BDE8F041F1F7F4BF52496548C9
:101B80002346012210B0BDE8F041F1F7EBBF624BF4
:101B900008930CAE4F4B099308A94F4B0A9330465C
:101BA000F7F754F900238DF81C30DDE90601CDE983
:101BB00002548DE8030096E80F00F2F749F8EBE2D3
:101BC000414956482346012210B0BDE8F041F1F7E3
:101BD000C9BF3D4952482346012210B0BDE8F0413B
:101BE000F1F7C0BF38494F482346012210B0BDE885
:101BF000F041F1F7B7BF4C4B08930CAE354B09934E
:101C000008A9354B0A933046F7F720F900238DF8E1
:101C10001C30DDE90601CDE902548DE8030096E8A9
:101C20000F00F2F715F8B7E2274940482346012292
:101C300010B0BDE8F041F1F795BF23493C48234679
:101C4000012210B0BDE8F041F1F78CBF1E493948C0
:101C50002346012210B0BDE8F041F1F783BF364BB7
:101C600008930CAE1B4B099308A91B4B0A933046F3
:101C7000F7F7ECF800238DF81C30DDE90601CDE91B
:101C800002548DE8030096E80F00F1F7E1FF83E2CC
:101C90000D492A482346012210B0BDE8F041F1F772
:101CA00061BF094926482346012210B0BDE8F04132
:101CB000F1F758BF044923482346012210B0BDE87C
:101CC000F041F1F74FBF00BFC12B0208A414002060
:101CD000A8140020CD2B0208D12B0208AC14002040
:101CE000B0140020B4140020B8140020BC1400204C
:101CF000C0140020C4140020C8140020CC140020FC
:101D0000D0140020D4140020D8140020DC140020AB
:101D1000E0140020E4140020E8140020EC1400205B
:101D2000F0140020F4140020F8140020FC1400200B
:101D30000015002004150020081500200C150020B7
:101D40001015002014150020B94B08930CAEB94BA8
:101D5000099308A9B84B0A933046F7F777F80023A0
:101D60008DF81C30DDE90601CDE902548DE8030051
:101D700096E80F00F1F76CFF0EE2B049B048234639
:101D8000012210B0BDE8F041F1F7ECBEAB49AD481F
:101D90002346012210B0BDE8F041F1F7E3BEA749A8
:101DA000A9482346012210B0BDE8F041F1F7DABEA0
:101DB000A64B08930CAE9F4B099308A99E4B0A9320
:101DC0003046F7F743F800238DF81C30DDE90601B3
:101DD000CDE902548DE8030096E80F00F1F738FFD3
:101DE000DAE196499A482346012210B0BDE8F04155
:101DF000F1F7B8BE914997482346012210B0BDE8DB
:101E0000F041F1F7AFBE8D4993482346012210B04F
:101E1000BDE8F041F1F7A6BE904B08930CAE854BA0
:101E2000099308A9844B0A933046F7F70FF800236B
:101E30008DF81C30DDE90601CDE902548DE8030080
:101E400096E80F00F1F704FFA6E17C498448234699
:101E5000012210B0BDE8F041F1F784BE7749814816
:101E60002346012210B0BDE8F041F1F77BBE734973
:101E70007D482346012210B0BDE8F041F1F772BE63
:101E80007A4B08930CAE6B4B099308A96A4B0A93E3
:101E90003046F6F7DBFF00238DF81C30DDE9060144
:101EA000CDE902548DE8030096E80F00F1F7D0FE6B
:101EB00072E162496E482346012210B0BDE8F0414C
:101EC000F1F750BE5D496B482346012210B0BDE8D2
:101ED000F041F1F747BE594967482346012210B047
:101EE000BDE8F041F1F73EBE644B08930CAE514B98
:101EF000099308A9504B0A933046F6F7A7FF002331
:101F00008DF81C30DDE90601CDE902548DE80300AF
:101F100096E80F00F1F79CFE3EE15948D0F8B03248
:101F200000F52C701B68FCF714B8564A56495368E4
:101F3000086803440B609360F7F7F9BE534B0893AE
:101F40000CAE534B099308A9524B0A933046F7F74E
:101F500085F800238DF81C30DDE90601CDE9025437
:101F60008DE8030096E80F00F1F72EFD14E14A49D1
:101F70004A482346012210B0BDE8F041F1F708BD00
:101F8000404C474BE268102A98BF03EBC20393E82A
:101F900003000CAA82E80300E6F7ECFE84ED040AD5
:101FA000F7F7C5BE3F4B08930CAE224B099308A927
:101FB000214B0A933046F6F749FF00238DF81C3079
:101FC000DDE90601CDE902548DE8030096E80F0033
:101FD000F1F73EFEE0E0344934482346012210B0D8
:101FE000BDE8F041F1F7DABD264C2046EDF730FCB4
:101FF0002075F7F79CBE234B2146187DF2F760FB56
:10200000CAE02048EDF724F9F7F791BE1D480368B0
:102010001B69FBF79EBF1B48EDF7BAF9F7F787BEC0
:10202000184CA1692046EDF763F8E061F7F77FBE31
:1020300018150020CD2B0208D12B0208C12B020855
:102040001C15002020150020241500202815002034
:102050002C150020301500203415002038150020E4
:102060003C15002040150020441500204815002094
:102070004C15002050150020541500205815002044
:102080007010002090A30020C8E6002094A3002038
:10209000352C0208392C0208D52B020898A3002001
:1020A000E80F00209CA30020992B0208A0A3002089
:1020B0003B4B08930CAE3B4B099308A93A4B0A9350
:1020C0003046F6F7CBFF00238DF81C30DDE9060122
:1020D000CDE902548DE8030096E80F00F1F774FC97
:1020E0005AE0324932482346012210B0BDE8F0419F
:1020F000F1F738BD2F4C94F820102046EDF72EF85C
:102100006062F7F714BE2C4B08930CAE2B4B09936F
:1021100008A92B4B0A933046F6F7AAFFCDE90154E4
:102120000023ADF80030ADF8183096E80F00F1F755
:10213000A9FF31E01D4923482346012210B0BDE824
:10214000F041F1F70FBD1B4C2046EDF74DF8A062B2
:10215000F7F7EDBD15491C482346012210B0BDE834
:10216000F041F1F7FFBC134C2046EDF777F8C4E9D6
:102170000C01F7F7DCBD154915482346012210B0C4
:10218000BDE8F041F1F7AEBB0A48EDF779F8F7F793
:10219000CEBD002000E0002010B0BDE8F08100BFFF
:1021A000A8A30020352C0208392C0208C12B0208F4
:1021B000ACA3002090A30020B0A30020552C02085F
:1021C000592C0208B4A30020B8A30020B12B0208A8
:1021D000C0A3002010B50446CEF736F8FCEEC07A56
:1021E000012017EE903A237010BD00BF37B50023D1
:1021F0000DF103000D468DF80330FFF7EBFF0446A9
:1022000050B19DF803308DF8043001238DF805306E
:1022100001992846F6F78AFB204603B030BD37B552
:1022200000230DF103000D468DF80330FFF7D2FFB8
:10223000044650B19DF803308DF8043001238DF829
:10224000053001992846F6F76BFC204603B030BDF7
:1022500037B500230DF103000D468DF80330FFF76D
:10226000B9FF044650B19DF803308DF804300123C6
:102270008DF8053001992846F6F720FC204603B07A
:1022800030BD37B500230DF103000D468DF8033046
:10229000FFF7A0FF044650B19DF803308DF80430DD
:1022A00001238DF8053001992846F6F7D5FB204625
:1022B00003B030BD37B500230DF103000D468DF896
:1022C0000330FFF787FF044650B19DF803308DF8C7
:1022D000043001238DF8053001992846F6F7F4FA09
:1022E000204603B030BD37B500230DF103000D4685
:1022F0008DF80330FFF76EFF044650B19DF80330B0
:102300008DF8043001238DF8053001992846F6F741
:1023100071FB204603B030BD37B500230DF103003B
:102320000D468DF80330FFF755FF044650B19DF878
:1023300003308DF8043001238DF8053001992846CB
:10234000F6F790FA204603B030BD37B500230DF103
:1023500003000D468DF80330FFF73CFF044650B1F3
:102360009DF803308DF8043001238DF80530019974
:102370002846F6F707FC204603B030BD37B50023EA
:102380000DF103000D468DF80330FFF723FF0446DF
:1023900050B19DF803308DF8043001238DF80530DD
:1023A00001992846F6F7ECF9204603B030BD37B561
:1023B00000230DF103000D468DF80330FFF70AFFEF
:1023C000044650B19DF803308DF8043001238DF898
:1023D000053001992846F6F7DBFA204603B030BDF8
:1023E00037B500230DF103000D468DF80330FFF7DC
:1023F000F1FE044650B19DF803308DF804300123FE
:102400008DF8053001992846F6F7ECF9204603B01F
:1024100030BD37B500230DF103000D468DF80330B4
:10242000FFF7D8FE044650B19DF803308DF8043014
:1024300001238DF8053001992846F6F725F9204645
:1024400003B030BD38B50120F0F7E8FDAD4B0446D0
:102450001880F0F7E3FDAC4BAC491A6840EA044041
:1024600012F00102086000F0A482A94B1A6812F071
:10247000010200F08982A74B1A6812F0010200F0F5
:102480006E82A54B1A6812F0010200F05382A34B32
:102490001A6812F0010200F03882A14B1A6812F09B
:1024A000010200F01D829F4B1A6812F0010200F039
:1024B00002829D4B1A6812F0010200F0E7819B4BEB
:1024C0001A6812F0010200F0CC81994B1A6812F0E0
:1024D000010200F0B181974B1A6812F0010200F07E
:1024E0009681954B1A6812F0010200F07B81934BA4
:1024F0001A6812F0010200F0EF80914B1A6812F096
:10250000010200F0D4808F4B1A6812F0010200F033
:10251000B9808D4B1A6812F0010200F09E808B4B3F
:102520001A6812F0010200F08380894B1A6812F0D9
:10253000010268D0874B1A6812F001024ED0864B18
:102540001A6812F0010234D0844B1A6812F00102AA
:102550001AD0834B1A6812F0010200D038BD814CAA
:102560008148824D01211960C4E90050804904F17D
:102570000800F2F79FF97F4B03F1180103F12802DD
:10258000C4E90031A26038BD7B4C7748774D01210A
:102590001960C4E90050794904F10800F2F78AF99A
:1025A000774B03F1180103F12802C4E90031A2605E
:1025B000CFE7744C6C486D4D01211960C4E900509F
:1025C000714904F10800F2F775F9704B03F1180135
:1025D00003F12802C4E90031A260B5E76C4C6248FF
:1025E000624D01211960C4E900506A4904F10800F4
:1025F000F2F760F9684B03F1180103F12802C4E90E
:102600000031A2609BE7654C5748584D0121196085
:10261000C4E90050624904F10800F2F74BF9614B3C
:1026200003F1180103F12802C4E90031A26081E737
:102630005D4C4D484D4D01211960C4E900505B4986
:1026400004F10800F2F736F9594B03F1180103F1D0
:102650002802C4E90031A26067E7564C4248434D66
:1026600001211960C4E90050534904F10800F2F750
:1026700021F9524B03F1180103F12802C4E900319A
:10268000A2604CE74E4C3848384D01211960C4E92E
:1026900000504C4904F10800F2F70CF94A4B03F1E1
:1026A000180103F12802C4E90031A26031E7474C68
:1026B0002D482E4D01211960C4E90050444904F110
:1026C0000800F2F7F7F8434B03F1180103F1280271
:1026D000C4E90031A26016E73F4C2348234D012195
:1026E0001960C4E900503D4904F10800F2F7E2F82E
:1026F0003B4B03F1180103F12802C4E90031A26049
:10270000FBE600BFB4E90020F4E70020B0E90020B8
:10271000F0E70020ECE70020E8E70020E4E70020F5
:10272000E0E70020DCE70020D8E70020D4E7002025
:10273000D0E70020CCE70020C8E70020C4E7002055
:10274000C0E70020BCE70020B8E70020B4E7002085
:10275000B0E70020ACE70020A8E70020A4E70020B5
:10276000A0E70020F8E700201CC503082CC50308DB
:10277000E8BB03087CC903080CE80020E8BB030899
:1027800048C9030820E80020E8BB030814C903086F
:1027900034E80020E8BB0308E0C8030848E800204C
:1027A000E8BB0308ACC803085CE80020E8BB0308EA
:1027B00078C8030870E80020E8BB030844C8030891
:1027C00084E80020E8BB030810C8030898E800204C
:1027D000E8BB0308DCC70308ACE80020E8BB03083B
:1027E000A8C703087D4C7E487E4D01211960C4E9CD
:1027F00000507D4904F10800F2F75CF87B4B03F1CF
:10280000180103F12802C4E90031A2606FE6784C98
:102810007348744D01211960C4E90050754904F1F1
:102820000800F2F747F8744B03F1180103F128028E
:10283000C4E90031A26054E6704C6948694D012139
:102840001960C4E900506E4904F10800F2F732F84B
:102850006C4B03F1180103F12802C4E90031A260B6
:1028600039E6694C5E485F4D01211960C4E90050AA
:10287000664904F10800F2F71DF8654B03F11801F1
:1028800003F12802C4E90031A2601EE6614C5448FD
:10289000544D01211960C4E900505F4904F108005A
:1028A000F2F708F85D4B03F1180103F12802C4E9BF
:1028B0000031A26003E65A4C49484A4D0121196093
:1028C000C4E90050574904F10800F1F7F3FF564BF3
:1028D00003F1180103F12802C4E90031A260E8E520
:1028E000524C3F483F4D01211960C4E90050504906
:1028F00004F10800F1F7DEFF4E4B03F1180103F17C
:102900002802C4E90031A260CDE54B4C3448354D76
:1029100001211960C4E90050484904F10800F1F7A9
:10292000C9FF474B03F1180103F12802C4E9003144
:10293000A260B2E5434C2A482A4D01211960C4E93E
:102940000050414904F10800F1F7B4FF3F4B03F197
:10295000180103F12802C4E90031A26097E53C4C5C
:102960001F48204D01211960C4E90050394904F184
:102970000800F1F79FFF384B03F1180103F128021B
:10298000C4E90031A2607CE5344C1548154D0121A5
:102990001960C4E90050324904F10800F1F78AFFD8
:1029A000304B03F1180103F12802C4E90031A260A1
:1029B00061E52D4C0A480B4D01211960C4E9005016
:1029C0002A4904F10800F1F775FF294B03F11801BA
:1029D00003F12802C4E90031A26046E5C0E8002006
:1029E0001CC503082CC50308E8BB030874C703080B
:1029F000D4E80020E8BB030840C70308E8E800204B
:102A0000E8BB03080CC70308FCE80020E8BB030888
:102A1000D8C6030810E90020E8BB0308A4C60308D1
:102A200024E90020E8BB030870C6030838E9002049
:102A3000E8BB03083CC603084CE90020E8BB0308D8
:102A400008C6030860E90020E8BB0308D4C50308F2
:102A500074E90020E8BB0308A0C5030888E900204A
:102A6000E8BB03086CC503089CE90020E8BB030829
:102A700038C5030882B08DE80C00049B0C2B20D8CD
:102A8000DFE803F01E07090B0D0F11131517191BB3
:102A90001D00103214E0203212E0303210E04032DB
:102AA0000EE050320CE060320AE0703208E0803212
:102AB00006E0903204E0A03202E0B03200E0C03222
:102AC000026002B07047000082B08DE80C00049BE9
:102AD0003BB1012B0AD1064B43600232054B026029
:102AE00003E0054B4360054B0260836002B0704712
:102AF000C52B0208C92B0208E5350208F14A020875
:102B000082B08DE80C00049B0BB90432026002B065
:102B10007047000082B08DE80C00049B042B1ED887
:102B2000DFE803F003080D1218000E4B436002604B
:102B30000D4B13E00D4B436002600D4B0EE00D4B4F
:102B4000436002600C4B09E00C4B43600B320C4BB2
:102B5000026003E00B4B43600B4B0260836002B0EA
:102B6000704700BFFD350208AD4A0208F53502087E
:102B7000C54A0208A12B0208A92B0208C52B02088E
:102B8000C92B0208ED350208DD4A020882B08DE843
:102B90000C00049B1BB1012B05D1026003E0034B29
:102BA00043601432026002B0704700BFBD2B0208C0
:102BB00082B08DE80C00049B012B03D0022B03D0C4
:102BC00043B902E0043200E00832034B4360034B98
:102BD0000260836002B07047A12B0208A92B020893
:102BE00082B08DE80C00049B0BB90432026002B085
:102BF0007047000082B08DE80C00049B012B03D0CD
:102C0000022B03D043B902E0043200E00832034B48
:102C10004360034B0260836002B07047A12B02083F
:102C2000A92B020882B08DE80C00049B052B1BD851
:102C3000DFE803F0030A0D1114180C4B4360103247
:102C40000B4B026083600FE00A4B026008E0143215
:102C5000094B026004E0094B026001E0084B02608E
:102C6000436001E00432026002B07047752C020834
:102C7000792C020821360208992B02081536020821
:102C80000936020882B08DE80C00049B23B9034B7F
:102C90004360034B0260836002B07047A12B0208BF
:102CA000A92B020882B08DE80C00049B052B16D8D6
:102CB000DFE803F00305080C0F132C3203E0094B87
:102CC000026008E03032084B026004E0074B02600B
:102CD00001E0074B0260436001E00432026002B091
:102CE000704700BF45360208992B020839360208A2
:102CF0002D36020882B08DE80C00049B142B5CD8A2
:102D0000DFE803F00B101517191E232527292F3490
:102D1000363B3D3F45474D535500294B43600260CC
:102D2000284B49E0284B43600260284B44E02032A6
:102D300028E02C3234E0264B43600260254B3BE018
:102D4000254B43600260254B36E01C3204E0143210
:102D500002E0183216E02832214B43600260214B1A
:102D60002AE0214B43600260204B25E02D3217E022
:102D70001F4B436002601F4B1EE0043202E008322A
:102D800000E00C321C4B436002601C4B14E02F32FD
:102D900006E01B4B436030321A4B02600CE03132CC
:102DA000194B43600260194B06E04E3200E050328E
:102DB000174B4360174B0260836002B0704700BF3F
:102DC000652C0208692C020881360208254A02088F
:102DD00075360208454A020869360208614A020847
:102DE000352C0208392C02085D3602087D4A02089B
:102DF00051360208994A0208A12B0208A92B0208A1
:102E0000552C0208592C0208C52B0208C92B0208B0
:102E10006D2C0208712C020882B08DE80C00049B16
:102E2000122B47D8DFE803F00A101216181C1E21D7
:102E30002426292B2D313436383F44001E4B436065
:102E40008C321E4B02602CE08F3200E08E321C4B25
:102E500002602BE0903200E094321A4B026025E0D1
:102E6000983221E0184B026020E0184B02601DE010
:102E7000AC3219E0164B026018E0B03214E0B43204
:102E800012E0F232134B026010E0134B02600DE0CF
:102E9000B83209E0C43207E0104B4360C832104B2F
:102EA0000260836006E0CC320E4B0260436001E0BA
:102EB0003432026002B070475D2C0208612C0208B7
:102EC000BD2B0208D52B0208B1360208A536020830
:102ED00099360208B92B02088D360208352C0208F3
:102EE000392C0208992B020882B08DE80C00049B53
:102EF000032B0DD8DFE803F007020406043202E0DA
:102F0000083200E00C32034B4360034B02608360E5
:102F100002B07047A12B0208A92B020882B08DE8ED
:102F20000C00049B062B2DD8DFE803F004070B11DF
:102F3000151D2400144B02601AE002F561520432A0
:102F40001BE002F561520532104B026010E002F501
:102F50006152083202E002F561520C320C4B4360C0
:102F600002600C4B0DE002F5615210320A4B026018
:102F7000436007E002F561521432084B4360084B8E
:102F80000260836002B07047C12B0208BD2B0208AB
:102F9000A12B0208A92B0208992B0208C52B0208B5
:102FA000C92B020882B08DE80C00049B1D2B79D838
:102FB000DFE803F00F12161A1E22272D2F313335AA
:102FC00037394E3B41436E6A484C50545C616468EB
:102FD0006C7002F5625224E002F56252193225E06B
:102FE00002F562521B3221E002F5625218321DE0F6
:102FF00002F562521A3219E02B4B436002602B4BF0
:103000004FE02B4B436001322A4B026049E004320F
:1030100043E0083241E00C323FE018323DE010322C
:103020003BE0143239E01C3237E02432224B43605B
:103030000260224B35E028322FE0214B43600260D2
:10304000204B2EE002F562521C320AE002F5625279
:10305000203222E002F5625224321EE002F5625272
:103060002832194B43600260184B1AE0184B43603A
:103070000260184B15E03C32026013E002F5625228
:103080002C320AE002F56252303206E002F562525A
:10309000383202E002F5625234320F4B43600F4B7C
:1030A0000260836002B07047CD360208D149020841
:1030B0004D2C0208512C0208C52B0208C92B02080E
:1030C000C5360208E9490208552C0208592C0208A5
:1030D000BD360208094A0208A12B0208A92B0208E2
:1030E00082B08DE80C00049B0F2B58D8DFE803F06A
:1030F0000810191E2226292D31373B4347494E51CE
:1031000002F56352274B43601C32274B026006E0F6
:1031100002F563522032254B4360254B02608360E9
:103120003DE0244B43600260234BF8E702F5645214
:103130001832F0E702F564521C32ECE702F56452F3
:1031400029E002F56452083226E002F5645210329A
:1031500022E002F564523D32184B02601EE002F597
:1031600064520C32D7E702F56452154B43603E328D
:10317000144B0260D3E702F564523832CBE71832C1
:1031800002E002F564522832026008E002F565525E
:1031900002E002F5655204320B4B0260436002B05C
:1031A000704700BF452C0208492C0208A12B0208D9
:1031B000A92B0208DD360208B5490208BD2B02081A
:1031C000C52B0208C92B0208992B020882B08DE892
:1031D0000C00049B192B5ED8DFE803F00D12181ABF
:1031E0001C2126282E30323436383A3F4143454799
:1031F000494B51535557294B43600260284B49E0D6
:10320000284B43600432284B026043E008323DE023
:103210000C323BE0254B43600260254B3AE0254BE6
:1032200043600260244B35E018322FE0234B4360AB
:103230001C32234B02602DE0203227E0243225E0AF
:10324000283223E0343221E038321FE02C321DE0F6
:103250001C4B436002601C4B1CE03C3216E04032C9
:1032600014E0443206E0483210E04C320EE05032B6
:1032700000E05132154B43600260154B0AE05432B6
:1032800004E0583202E05C3200E06032114B4360EF
:10329000114B0260836002B0704700BF093702081B
:1032A00045490208352C0208392C0208013702086A
:1032B00061490208F5360208794902083D2C0208E6
:1032C000412C0208E936020891490208C52B020880
:1032D000C92B0208A12B0208A92B020882B08DE895
:1032E0000C00049B112B3FD8DFE803F0090C0F11F1
:1032F00014171A1D202326292B2D2F31383A1B4B4A
:10330000026030E01A4B02602DE0143220E0194BCD
:10331000026028E0184B026025E0184B026022E0B2
:10332000174B02601FE0174B02601CE0164B026057
:1033300019E0164B026016E0154B026013E08C3268
:103340000FE090320DE0A4320BE0943200E09832AE
:10335000104B4360104B0260836005E09C3200E03C
:10336000A0320E4B0260436002B0704759900208D1
:103370003D9002081D90020801900208E18F0208AA
:10338000C58F02084137020825370208A58F0208B9
:10339000898F0208A12B0208A92B0208992B020889
:1033A00082B08DE80C00049B072B1ED8DFE803F0E9
:1033B0000412090B0D0F11170D4B436002600D4BEA
:1033C00012E0043206E0083204E00C3202E014326B
:1033D00000E01832084B43600260084B04E0084BE1
:1033E00043601C32074B0260836002B0704700BF2D
:1033F0004937020821490208A12B0208A92B02081B
:10340000C52B0208C92B020882B08DE80C00049B72
:1034100023B1012B06D12C32026003E0024B436042
:103420001032026002B07047992B020882B08DE81A
:103430000C00049B012B03D0022B07D063B900E0E2
:103440000432064B43600260054B04E0054B4360C9
:103450000832054B0260836002B07047A12B02085E
:10346000A92B0208C52B0208C92B020882B08DE8DF
:103470000C00049B23B1012B06D12C32026003E027
:10348000024B43601032026002B07047992B020871
:1034900082B08DE80C00049B142B4DD8DFE803F0BC
:1034A0000B0D14161A1D20232527292B3134373CE8
:1034B0003E4143454A0098321EE0204B4360903223
:1034C0001F4B0260836037E09C3200E09E321D4B50
:1034D00002602DE01C4B02602AE01C4B026027E0DA
:1034E0001B4B026024E0B03206E0B43204E0B83294
:1034F00002E0C0320DE0C432164B43600260164B4E
:10350000E0E702F5B87204E002F5BA7201E002F5F4
:10351000BC72124B02600BE0536900E093690360D8
:103520000AE0C83207E0883200E08C320C4B0260BF
:10353000436001E01C32026002B07047252C020893
:103540002D2C0208BD2B0208398F02081D8F02089E
:10355000FD8E0208A12B0208A92B0208992B020854
:10356000C12B020882B08DE80C00049B0B2B25D8E0
:10357000DFE803F01F060C0E10121416181A1C1E9A
:103580000F4B436004320F4B026016E0083210E02C
:103590000C320EE010320CE014320AE0183208E06F
:1035A0001C3206E0203204E0243202E0283200E03F
:1035B0002C32054B4360054B0260836002B07047BC
:1035C000C52B0208C92B0208CD2B0208D12B0208FB
:1035D00082B08DE80C00049B082B1ED8DFE803F0B6
:1035E0000E0507090B0D13151700043206E008320B
:1035F00004E00C3202E0103200E01432084B436069
:103600000260084B08E0183202E0193200E01A327A
:10361000054B4360054B0260836002B0704700BFFA
:10362000A12B0208A92B0208C52B0208C92B0208EE
:1036300082B08DE80C00049B042B10D8DFE803F067
:103640000A0305070900043204E0083202E00C32E4
:1036500000E01032034B4360034B0260836002B012
:10366000704700BFA12B0208A92B020882B08DE889
:103670000C00049B0F2B36D8DFE803F01D080A0C62
:103680000E101214161C22272D2F3133013212E096
:10369000023210E003320EE004320CE005320AE0A0
:1036A000063208E0073206E0104B43600832104B48
:1036B00002600EE00C320F4B436002600E4B08E0DC
:1036C0000E4B436002600E4B03E00E4B43600E4B0B
:1036D0000260836007E0143204E0303202E04C32D2
:1036E00000E06832026002B0704700BFA12B020800
:1036F000A92B0208C52B0208C92B0208593702085A
:10370000ED480208513702080949020882B010B595
:1037100002A981E80C00044610220021CCF79CFE8F
:103720002046BDE8104002B0704700BFA1F104017F
:10373000ECE700BF82B010B502A981E80C00044696
:1037400010220021CCF788FE2046BDE8104002B0D0
:10375000704700BFA1F10401ECE700BF82B08DE823
:103760000C00049B112B55D8DFE803F00910151B42
:1037700020252D3436393C3F4144474A4D51264B94
:10378000436002F51272254B02601AE002F51372D3
:10379000234B026003E002F51672224B0260436085
:1037A00038E002F51472204B0260F8E7D2F8783264
:1037B00003601E4BF3E71E4B436002F51B721D4B6B
:1037C0000260836026E01C4B436002F51F721B4BB6
:1037D0000260F6E710321CE0D2F8583115E0D2F85A
:1037E000003112E0D2F8AC300FE0B03211E0D2F884
:1037F000FC300AE0D2F85C3107E0D2F8603104E036
:10380000D2F8643101E0D2F86831036002E002F5D9
:10381000B672026002B07047092C02080D2C020833
:10382000BD2B0208C12B0208112C0208192C02081A
:103830001D2C0208212C0208C52B0208C92B0208E6
:1038400082B08DE80C00049B012B07D0022B07D01F
:1038500063B9074B43600260064B06E0043200E0A8
:103860000832054B4360054B0260836002B070472D
:10387000F12B0208F92B0208A12B0208A92B020840
:1038800082B08DE80C00049B2C2B00F28880DFE8CE
:1038900003F017191B1D1F21232527292B2D333535
:1038A00037393B3D434547494F5557595B5D5F614C
:1038B000636567696B6D6F717375777E8082840055
:1038C000113224E0123222E0133220E0143230E0D0
:1038D00018322EE01C322CE0203218E0213216E0A3
:1038E000253204E0223202E0233200E024322D4B64
:1038F000436002602C4B48E0283214E02C3212E086
:10390000303204E034320EE038320CE03C32274BE7
:1039100043600260264B38E0403204E0443202E06B
:10392000483200E04C32234B43600260224B2CE0D3
:103930005032224B43600260214B26E0A8322DE03A
:10394000B4322BE001321CE002321AE0033218E0FC
:10395000043216E0053214E0063212E0073210E0BD
:1039600008320EE009320CE00A320AE00B3208E0BD
:103970000C3206E00D3204E00E3202E00F3200E0BD
:103980001032104B4360104B0260836007E05432EA
:1039900004E0603202E06C3200E07832026002B093
:1039A000704700BFE92B0208ED2B0208C52B020867
:1039B000C92B0208A12B0208A92B0208CD2B020853
:1039C000D12B0208012C0208052C020882B08DE8D8
:1039D0000C00049B3BB1012B0AD1064B436004321F
:1039E000054B026003E0054B4360054B02608360BA
:1039F00002B07047E12B0208E52B0208613702088C
:103A0000D148020882B08DE80C00049B23B1012B41
:103A100008D10832026005E0034B43600432034BD7
:103A20000260836002B07047D92B0208DD2B0208C8
:103A300082B08DE80C00049B1BB9034B43600C3231
:103A4000026002B0704700BFC12B020882B08DE84F
:103A50000C00049B032B0ED8DFE803F002050709D6
:103A6000064B026006E0043202E0083200E00C324D
:103A7000034B0260436002B0704700BFB92B0208DD
:103A8000C12B020882B08DE80C00049B012B03D0EF
:103A9000022B03D033B902E0043200E00832024BBB
:103AA0000260436002B07047C12B020882B010B5BB
:103AB00002A981E80C00044610220021CCF7CCFCBE
:103AC0002046BDE8104002B0704700BFA1F10401DC
:103AD000ECE700BF82B08DE80C00049B152B3DD8AD
:103AE000DFE803F00B0D0F11131517191B1D1F2114
:103AF0002325292B2D2F3133383A043218E0083290
:103B000016E00C3214E0103212E0143210E01C32D5
:103B10000EE018320CE020320AE0243208E02832AD
:103B200006E02C3204E0303202E0343200E0383279
:103B30000B4B02600CE03C3208E0403206E04432BD
:103B400004E0483202E04C3200E05032054B0260A3
:103B5000436003E0536D00E0936D036002B0704773
:103B6000C12B0208D52B020882B08DE80C00049B03
:103B7000032B10D8DFE803F005020409043200E04B
:103B80000832064B0260436005E0054B43600C328F
:103B9000044B0260836002B0704700BFC12B020873
:103BA000CD2B0208D12B020882B08DE80C00049BBB
:103BB000032B09D8DFE803F007020406103202E005
:103BC000203200E03032026002B0704782B010B59F
:103BD00002A981E80C00044610220021CCF73CFC2D
:103BE0002046BDE8104002B0704700BFA1F10401BB
:103BF000ECE700BF82B010B502A981E80C000446D2
:103C000010220021CCF728FC2046BDE8104002B06D
:103C1000704700BFA1F10401ECE700BF82B010B50E
:103C200002A981E80C00044610220021CCF714FC04
:103C30002046BDE8104002B0704700BFA1F104016A
:103C4000ECE700BF82B010B502A981E80C00044681
:103C500010220021CCF700FC2046BDE8104002B045
:103C6000704700BFA1F10401ECE700BF82B010B5BE
:103C700002A981E80C00044610220021CCF7ECFBDD
:103C80002046BDE8104002B0704700BFA1F104011A
:103C9000ECE700BF82B08DE80C00049B1C2B7AD8A7
:103CA000DFE803F00F151719202426282A2C2E30C0
:103CB0003436393D41454D5F51575B5D61697075E3
:103CC0007700364B43603832354B026008E0D36BE7
:103CD00022E0136C20E0334B43604432324B0260ED
:103CE000836058E0936C0360304B49E04C320AE04B
:103CF0004D3208E04E3206E04F3204E0503202E02E
:103D0000513200E052322A4B026039E0536D00E03C
:103D1000936D036033E0D36D0360264B30E002F512
:103D20008542583212E002F585425C320EE002F51F
:103D30008542214B43606032204B0260D0E702F5A0
:103D40008542643221E002F5854248321C4B026014
:103D500016E002F585424C3210E0BC3215E002F567
:103D60008142603211E002F58542164B43605032C9
:103D7000154B0260B4E702F5864224320260134B11
:103D8000436008E002F582427832026003E0104BA3
:103D900000E0104B036002B0704700BF912B020897
:103DA000952B0208A12B0208A92B0208B12B0208AF
:103DB000B92B0208992B0208C52B0208C92B02084F
:103DC000C12B0208CD2B0208D12B0208BD2B020803
:103DD000701000202013002037B51D46D1E90003E4
:103DE00014469847044ACDE9000129462046CEF7FB
:103DF000B7F8012003B030BDD7BB030870B51E462D
:103E0000D1E9000315469847034A03463146284640
:103E1000CEF7A6F8012070BDD097030810B5D1E900
:103E2000000314469847002330302070637001204F
:103E300010BD000070B51E46D1E900031546984735
:103E4000034A034631462846CEF78AF8012070BD62
:103E5000D3BB030870B51E46D1E900031546984749
:103E6000034A034631462846CEF77AF8012070BD52
:103E7000DCBB030837B51D46D1E90003144698475B
:103E8000044ACDE9000129462046CEF769F8012011
:103E900003B030BDE3BB030870B51E46D1E9000393
:103EA00015469847034A034631462846CEF758F848
:103EB000012070BDD09703087047000037B51D463C
:103EC000D1E900031446984710EE100AD6F75EFFBA
:103ED000044ACDE9000129462046CEF741F80120E9
:103EE00003B030BDD0BB03082DE9F04397B00546C1
:103EF0000E4606A84021CEF733F84028044628BFD6
:103F00004024002E00F08C80034648B1002306A90F
:103F10001A4611F8010B0132A24283EA0003F8D3DA
:103F200006A8C4F140012044424ACEF719F80444DF
:103F3000D5E9C302511C402CC1F3080128BF40241D
:103F400006AB814203EB040805F58676034617D0DD
:103F500002F2FF12C2F30807B84230D806A93C1A91
:103F6000A8EB0108444528BF444630442246CEF71A
:103F70004FF8D5F80C332344C3F30803C5F80C33CA
:103F800095F81423C2B9D5F810239A422ED20120F5
:103F900085F81403D5F81C03324404680492264AB9
:103FA0002468334402A90593CDE90226009104AAAE
:103FB00006CA05F54673A04717B0BDE8F083C0F503
:103FC0000079A14528BFA1464A4606A93044CEF74C
:103FD0001FF8D5F80C3306A94C4594BF091949447C
:103FE0009944C9F30800C5F80C03B8E7E4D9D5F83B
:103FF0001C03036801211C6885F8141302AB0093AD
:10400000324405F5467305F54375049205950A4952
:10401000029104AA06CA0396A04717B0BDE8F08330
:1040200006ABC4F140011819044ACDF799FF0234D8
:104030007EE700BFD49703080D430308DC9703080D
:104040002DE9F04397B005469DF878409DF87C0037
:10405000009401900E4606A84021CDF781FF40282C
:10406000044628BF4024002E00F08C80034648B14F
:10407000002306A91A4611F8010B0132A24283EA75
:104080000003F8D306A8C4F140012044424ACDF70A
:1040900067FF0444D5E9C302511C402CC1F3080159
:1040A00028BF402406AB814203EB040805F5867661
:1040B000034617D002F2FF12C2F30807B84230D805
:1040C00006A93C1AA8EB0108444528BF44463044E1
:1040D0002246CDF79DFFD5F80C332344C3F30803E4
:1040E000C5F80C3395F81423C2B9D5F810239A42B9
:1040F0002ED2012085F81403D5F81C03324404683D
:104100000492264A2468334402A90593CDE9022685
:10411000009104AA06CA05F54673A04717B0BDE88A
:10412000F083C0F50079A14528BFA1464A4606A9FB
:104130003044CDF76DFFD5F80C3306A94C4594BF3C
:10414000091949449944C9F30800C5F80C03B8E7B4
:10415000E4D9D5F81C03036801211C6885F8141301
:1041600002AB0093324405F5467305F5437504929E
:1041700005950A49029104AA06CA0396A04717B0FA
:10418000BDE8F08306ABC4F140011819044ACDF72D
:10419000E7FE02347EE700BFD49703080D4303080F
:1041A000DC9703082DE9F04399B00546219801906A
:1041B0002298209C02902398009403900E4608A811
:1041C0004021CDF7CDFE4028044628BF4024002ED4
:1041D00000F08C80034648B1002308A91A4611F864
:1041E000010B0132A24283EA0003F8D308A8C4F10C
:1041F00040012044424ACDF7B3FE0444D5E9C3024E
:10420000511C402CC1F3080128BF402408AB814257
:1042100003EB040805F58676034617D002F2FF1279
:10422000C2F30807B84230D808A93C1AA8EB010825
:10423000444528BF444630442246CDF7E9FED5F830
:104240000C332344C3F30803C5F80C3395F8142347
:10425000C2B9D5F810239A422ED2012085F8140352
:10426000D5F81C03324404680692264A2468334475
:1042700004A90793CDE90426009106AA06CA05F50C
:104280004673A04719B0BDE8F083C0F50079A14599
:1042900028BFA1464A4608A93044CDF7B9FED5F853
:1042A0000C3308A94C4594BF091949449944C9F3F2
:1042B0000800C5F80C03B8E7E4D9D5F81C03036877
:1042C00001211C6885F8141304AB0093324405F5F2
:1042D000467305F54375069207950A49049106AAA7
:1042E00006CA0596A04719B0BDE8F08308ABC4F133
:1042F00040011819044ACDF733FE02347EE700BFAF
:10430000D49703080D430308DC97030830B589B040
:1043100002AB83E8060003469DF8080003990022DB
:1043200083F80822C3F80C2228BB8B4200D9FEE791
:1043300003F500758D42FAD3CA1AD3F80012C2F3FE
:1043400008028A42C3F8042217D314D9D3F8100202
:1043500007951A4401210468069283F808120D4952
:10436000246804AA009208AACDE9041312E9060001
:1043700003F50373A04709B030BDD3F810021A4407
:1043800019444FF0010C0468069283F808C20791A3
:10439000E5E700BF0D43030810B50246034600F5EC
:1043A000847152F8080B86B0046824680492054AA8
:1043B0000591CDE9022304A902AB01AAA04706B0EA
:1043C00010BD00BFDD6803080B1A00B54FEAA30E4D
:1043D000BEF1000F19DD137800EB8E0E0EE090F8A1
:1043E00001C09C4524D090F802C09C4523D090F891
:1043F00003C09C4522D00430864505D090F800C00B
:104400009C45ECD15DF804FB0B1A022B05D0032B65
:1044100019D0012B15D00846F4E7137802789A4298
:10442000F0D0013002789A4218BF08465DF804FBCC
:1044300001305DF804FB02305DF804FB03305DF8E9
:1044400004FB1378EEE7137802789A42DAD0013051
:10445000E4E700BF2DE9F04F0D4614469C460746A1
:1044600006460FCD0FC793B02B683B600DAA002303
:1044700004EB0C0120468DF83430FFF7A5FF4FF018
:104480002E0B8046444556D23569002D53D00DAAD7
:10449000414620468DF834B0FFF796FFAB6805968D
:1044A00007462E46A0EB040A06934FF00009254666
:1044B000069B99452ED0726852F839404FEAC903DD
:1044C0005246214628460793CCF7FEFAF8B9204613
:1044D000CBF756FF82451AD13546059E2C68CDF89C
:1044E0000890D6E902018DE80300294696E80C0001
:1044F000246808A8A0476B68079A134408ADD3F84E
:1045000004C0CDF830C00FCD0DAC0FC405E009F1EB
:104510000109CDE7059E4FF0000CCDF844C00DAD6C
:104520000FCD34460FC401374745C4F800C03C46A0
:1045300028BF4446A6E7304613B0BDE8F08F000020
:10454000014A01600261704790EA00202DE9F043C2
:1045500097B00E460546402106A8CDF701FD40283C
:10456000044628BF4024002E00F08C80034648B14A
:10457000002206A9134611F8010B0132A24283EA78
:104580000003F8D306A8C4F140012044424ACDF705
:10459000E7FC0444D5E9C302511C402CC1F30801D7
:1045A00028BF402406AB814203EB040805F586765C
:1045B000034617D002F2FF12C2F30807B84230D800
:1045C00006A93C1AA8EB0108444528BF44463044DC
:1045D0002246CDF71DFDD5F80C332344C3F3080361
:1045E000C5F80C3395F81423C2B9D5F810239A42B4
:1045F0002ED2012085F81403D5F81C033244046838
:104600000492264A2468334402A90593CDE9022680
:10461000009104AA06CA05F54673A04717B0BDE885
:10462000F083C0F50079A14528BFA1464A4606A9F6
:104630003044CDF7EDFCD5F80C3306A94C4594BFBA
:10464000091949449944C9F30800C5F80C03B8E7AF
:10465000E4D9D5F81C03036801211C6885F81413FC
:1046600002AB0093324405F5467305F54375049299
:1046700005950A49029104AA06CA0396A04717B0F5
:10468000BDE8F08306ABC4F140011819044ACDF728
:1046900067FC02347EE700BFD49703080D4303088C
:1046A000DC9703082DE9F0474B78732BACB0054637
:1046B000904600F07B8100260C46402231460CA833
:1046C0000796CBF7C9FEAE4907AA2046CBF716FFDF
:1046D000012800F0CB80AB4907AA2046CBF70EFF9C
:1046E000012815D0A84907AA2046CBF707FF0128C3
:1046F00023D0A64907AA2046CBF700FF012831D0D6
:10470000A34A41462846FFF721FF2CB0BDE8F087B9
:1047100007980CA902F020FE0028E3D0DDE914324E
:104720001399CDE90232129A079BCDE90021284660
:10473000984A4146FFF736FDE7E707980CA902F0D3
:104740000BFE0028D5D0DDE918321799CDE90232E9
:10475000169A079BCDE9002128468F4A4146FFF76C
:1047600021FDD2E707980CA902F0F6FD0028C7D07A
:104770001B9B1A980293D6F709FB079C874A1CAF2C
:10478000CDE90001234640213846CDF7E9FB40281A
:1047900028BF40200446B8F1000F00F0DB81002361
:1047A00039461A4611F8010B0132A24283EA00038E
:1047B000F8D3C4F140013819794ACDF7D1FB04444C
:1047C000D5E9C302511C402CC1F3080128BF402485
:1047D000814205F5867607EB040803462ED002F2E7
:1047E000FF12C2F30809484540F2B281C0F5007AD1
:1047F000A24528BFA246524639463044CDF708FCB0
:10480000D5F80C33544594BF391907EB0A019A4483
:10481000CAF30800C5F80C03A9EB0004A8EB0108D3
:10482000444528BF444622463044CDF7F1FBD5F835
:104830000C331C44C4F30803C5F80C3395F8142357
:10484000002A7FF462AFD5F810239A4280F0648189
:10485000D5F81C030468B118F2180123246885F800
:104860001433CDE90A1205F5467380E007980CA9C8
:1048700002F072FD00283FF42EAFDDE91032CDE9E1
:1048800003320F9B02930E9B01931CAF0D9B009371
:10489000444A079B40213846CDF762FB8146B8F178
:1048A000000F00F0308133463946324611F8010BD3
:1048B0000132914583EA0003F8D8C9F1400107EBC2
:1048C0000900374ACDF74CFB8144D5E9C304611C8C
:1048D000C1F30801814205F5867607EB0908034616
:1048E0002ED004F2FF14C4F30804A04240F22E813B
:1048F000C0F5007ACA4528BFCA46524639463044F8
:10490000CDF786FBD5F80C33CA4594BF07EB0A01F7
:1049100007EB09019A44CAF30800C5F80C03241AEE
:10492000A8EB0108444528BF444622463044CDF751
:104930006FFBD5F80C331C44C4F30803C5F80C33E3
:1049400095F81423002A7FF4E0AED5F810239A429C
:1049500080F0E280D5F81C030468F1183244246822
:10496000CDE90A21012385F8143305F546730E4A73
:10497000089208AA009209960AAA06CAA047C4E6A5
:10498000F897030818980308209803082898030844
:10499000489803083098030868980308809803082B
:1049A000D4970308009803080D43030802F0B6FCEF
:1049B000814602F0B9FC044602F0BCFC064602F057
:1049C000BFFC074602F0C2FCCDE902701CAF0196A5
:1049D000644A00944B4640213846CDF7C1FA06465A
:1049E000B8F1000F6AD000233C461A4614F8011BA8
:1049F0000132964283EA0103F8D8C6F14001B819A2
:104A0000594ACDF7ADFA0644D5E9C304621CC2F396
:104A10000802824205F5867807EB060903462CD08A
:104A200004F2FF14C4F30804A0424FD9C0F5007A81
:104A3000B24528BFB246524639464044CDF7E8FA5F
:104A4000D5F80C33564594BFB91907EB0A019A44BF
:104A5000CAF30800C5F80C03241AA9EB01094C4558
:104A600028BF4C4622464044CDF7D2FAD5F80C3345
:104A70001C44C4F30803C5F80C3395F81423002A2A
:104A80007FF443AED5F810239A4221D2D5F81C0307
:104A9000046808EB030142442468CDF82C80CDE97A
:104AA0000C21324A0A9201230AAA85F81433009293
:104AB0000CAA06CA05F54673A04726E6C0F14001D8
:104AC0002B4A3818CDF74CFA02369DE73946C3E732
:104AD0007FF61BAED5F81C0303681C68CDF82C804C
:104AE00005F543730D93214B0A9342440AAB012110
:104AF00085F814130C9200930CAB93E8060005F5AF
:104B00004673A04701E6C0F14001194A3818CDF7B5
:104B100027FA09F10209D8E67FF6F7ADD5F81C03AC
:104B200003681C68099605F543730B930F4B0893B4
:104B3000324408AB012185F814130A9200930AABA2
:104B400093E8060005F54673A047DEE53946E6E63C
:104B5000394661E6C0F14001054A3818CDF700FA40
:104B600002342DE6E0970308D49703080D430308A9
:104B7000DC97030870B51446264E274A05462146A1
:104B8000FFF7E4FC214632462846FFF7DFFC2146CA
:104B90002846224AFFF7DAFC21462846204AFFF73A
:104BA000D5FC214628461F4AFFF7D0FC214628465F
:104BB0001D4AFFF7CBFC214628461C4AFFF7C6FCDE
:104BC000324621462846FFF7C1FC21462846184AAE
:104BD000FFF7BCFC21462846164AFFF7B7FC2146E2
:104BE0002846154AFFF7B2FC324621462846FFF711
:104BF000ADFC21462846114AFFF7A8FC214628466D
:104C00000F4AFFF7A3FC0F4A21462846FFF79EFCF8
:104C100070BD00BFECB3030890980308BC9803086C
:104C2000E4980308089903082C9903084899030895
:104C30005C9903089C990308B0990308C899030874
:104C4000D8990308EC990308F0B5C9B00446154695
:104C5000084608AA1B49CBF751FC00282ADD03A807
:104C600019494FF4807308AAFFF7F4FB0798FFF780
:104C700023F9C0B1154A16496FF0010302F0D4FEC2
:104C800088B103686E461F6803A932460A23B847F5
:104C9000104B2946002814BF32461A462046FFF71B
:104CA00055FC49B0F0BD0C4A29462046FFF74EFCA2
:104CB00049B0F0BD094A29462046FFF747FC49B0F4
:104CC000F0BD00BF089A0308F0EC002018BC0308F0
:104CD000F4BB0308F8990308289A0308109A0308FC
:104CE00070B5ADF5067D05461446084646AB1D4930
:104CF00006AACBF703FC002824DD01A81A4906AA5E
:104D00004FF48073FFF7A6FB0598FFF7D5F888B13D
:104D1000164A17496FF0010302F086FE50B103688E
:104D200046AA5E6801A94FF48073B04790B10DF5B3
:104D3000067D70BD0F4A21462846FFF707FC0DF59A
:104D4000067D70BD0C4A21462846FFF7FFFB0DF596
:104D5000067D70BD094A21462846FFF7F7FB0DF591
:104D6000067D70BD3C9A0308F0EC002018BC0308D7
:104D7000F4BB0308289A0308109A0308F89903085B
:104D800070B586B005AC04ABCDE900348446154659
:104D9000084603AB204902AA6446CBF7AFFB0128C3
:104DA00032DD029B012B28D81C4E039C84464FF415
:104DB0002C7000FB03600325D0F8001101F5405270
:104DC0000D7602F61411BCF1020F0C6009D002F648
:104DD0001811049C0C60AC4503D002F61C11059C14
:104DE0000C60012182F83C194FF42C7202FB03F392
:104DF000F3581B68984706B070BD094A29462046FB
:104E0000FFF772F806B070BD064A29462046FFF744
:104E10009DFB06B070BD00BF5C9A030870100020B7
:104E20006C9A0308109A030870B586B005AC04AB01
:104E3000CDE9003484461546084603AB1F4902AA53
:104E40006446CBF75BFB012831DD029B012B27D8A1
:104E50001B4E039D84464FF42C7000FB036003241B
:104E6000D0F8002102F54051147601F61414BCF17B
:104E7000020F256008D0049C9462BCF1030F03D09C
:104E8000D0F85821059C5464012281F83C294FF444
:104E90002C7202FB03F3F3581B68984706B070BDF1
:104EA000084A29462046FFF71FF806B070BD064A9B
:104EB00029462046FFF74AFB06B070BD809A0308DA
:104EC000701000206C9A0308109A030830B587B060
:104ED00005AB009304461546084604AB1B4903AADC
:104EE000CBF70CFB01282ADD039B012B20D81849A6
:104EF000049D84464FF42C7000FB03104FF0020E0B
:104F0000D0F8004104F5405284F818E002F6181475
:104F1000F445256003D002F61C12059C14604FF482
:104F20002C7202FB03F3CB581B68984707B030BDC7
:104F3000084A29462046FEF7D7FF07B030BD064A8B
:104F400029462046FFF702FB07B030BD909A0308C0
:104F5000701000206C9A0308109A030830B583B0D3
:104F600004461546084601AB14496A46CBF7C6FA13
:104F700001281CDD009B012B12D8114A4FF42C7123
:104F800001FB03F39818D458D0F80021019902F5D9
:104F90006453012515762268D961904703B030BD6E
:104FA000084A29462046FEF79FFF03B030BD064A57
:104FB00029462046FFF7CAFA03B030BD9C9A030881
:104FC000701000206C9A0308109A030830B583B063
:104FD00004461546084601AB17496A46CBF78EFAD8
:104FE000012822DD009B012B18D81449019D4FF4A4
:104FF0002C7202FB03F3581840F20354D0F800213E
:10500000148302F54052CB5802F6141401211B6898
:10501000256082F83C19984703B030BD084A2946FC
:105020002046FEF761FF03B030BD064A2946204600
:10503000FFF78CFA03B030BDA49A0308701000206B
:105040006C9A0308109A030830B50C4683B00346E7
:1050500012492046154601AA1C46CBF74FFA0028F4
:1050600014DD019B012B0AD84FF42C710C4A01FB73
:1050700003F3D018D3581B68984703B030BD094AD2
:1050800029462046FEF730FF03B030BD064A2946C8
:105090002046FFF75BFA03B030BD00BFAC9A0308AF
:1050A000701000206C9A0308109A03082DE9F04351
:1050B0004B78732B99B0154606D0674A2946FFF7FF
:1050C00045FA19B0BDE8F083044603AB881C02AA78
:1050D0006249CBF713FA012840F39680029B012B1B
:1050E00000F28A804FF42C72DFF88881039902FB6A
:1050F00003F606EB0807D7F8AC0003681B6898476F
:1051000058F8063038461B689847554A039B40219B
:1051100008A8CCF725FF0646002D00F09380002359
:1051200008A91A4611F8010B0132964283EA0003DE
:10513000F8D808A8C6F1400130444A4ACCF710FF1D
:105140000644D4E9C3056A1CC2F3080208AB8242D4
:1051500003EB060804F5867703462CD005F2FF150D
:10516000C5F30805A84255D9C0F50079B14528BF57
:10517000B1464A4608A93844CCF74AFFD4F80C3364
:1051800008A94E4594BF891949449944C9F30800B8
:10519000C4F80C032D1AA8EB0108454528BF454665
:1051A00038442A46CCF734FFD4F80C332B44C3F3ED
:1051B0000803C4F80C3394F81423002A81D1D4F8DE
:1051C00010239A4228D37FF67CAFD4F81C030368DF
:1051D00001211D6884F8141304AB3A44009304F5CC
:1051E000467304F5437406921F49079406AA049176
:1051F000059706CAA84764E71C4A29462046FEF7D9
:1052000073FE19B0BDE8F083134A29462046FFF724
:105210009DF956E708A9BDE7012084F81403D4F8E6
:105220001C033A443B44069207930F4A04F5467325
:10523000046804A924680091CDE9042706AA06CAD7
:10524000A0473EE708ABC0F14001094A1818CCF767
:1052500087FE023675E700BF109A0308B49A030868
:10526000BC9A0308D49703080D4303086C9A0308FB
:10527000DC970308701000202DE9F0430B469BB02B
:10528000654904461646184605AACBF737F90028A3
:1052900040F38180059B012B07D9604A31462046A7
:1052A000FEF722FE1BB0BDE8F0835D4A4FF42C717F
:1052B00001FB0322D2F8AC50D5F8DC00D5F766FD2F
:1052C000CDE90201D5F8D400D5F760FD554ACDE906
:1052D000000140210AA8CCF743FE402828BF402007
:1052E0000546002E76D000230AA91A4611F8010BB4
:1052F0000132AA4283EA0003F8D30AA8C5F14001AB
:105300002844494ACCF72CFE0544D4E9C302511C79
:10531000402DC1F3080128BF40250AAB814203EBB1
:10532000050804F58676034617D002F2FF12C2F391
:105330000807B84237D80AA93D1AA8EB0108454525
:1053400028BF454630442A46CCF762FED4F80C33D9
:105350002B44C3F30803C4F80C3394F81423002A35
:10536000A0D1D4F810239A423DD2012084F814032E
:10537000D4F81C0332443344089209932B4A04F5B1
:105380004673046806A924680091CDE9062608AA98
:1053900006CAA04786E7264A31462046FFF7D6F8D8
:1053A0001BB0BDE8F083C0F50079A94528BFA94628
:1053B0004A460AA93044CCF72BFED4F80C330AA98C
:1053C000A94594BF494449199944C9F30800C4F850
:1053D0000C03B1E70AABC0F14001164A1818CCF72C
:1053E000BFFD023591E77FF65DAFD4F81C0303687B
:1053F00001211D6884F8141306AB3244009304F5B0
:10540000467304F5437408920849099408AA069162
:10541000079606CAA84745E7D09A03086C9A03087E
:1054200070100020649A0308D49703080D43030802
:10543000109A0308DC9703082DE9F04397B005465E
:105440000E4606A84021CCF78BFD4028044628BF15
:105450004024002E00F08C80034648B1002206A9AB
:10546000134611F8010B0132A24283EA0003F8D37C
:1054700006A8C4F140012044424ACCF771FD04441F
:10548000D5E9C302511C402CC1F3080128BF4024B8
:1054900006AB814203EB040805F58676034617D078
:1054A00002F2FF12C2F30807B84230D806A93C1A2C
:1054B000A8EB0108444528BF444630442246CCF7B7
:1054C000A7FDD5F80C332344C3F30803C5F80C3308
:1054D00095F81423C2B9D5F810239A422ED2012090
:1054E00085F81403D5F81C03324404680492264A54
:1054F0002468334402A90593CDE90226009104AA49
:1055000006CA05F54673A04717B0BDE8F083C0F59D
:105510000079A14528BFA1464A4606A93044CCF7E8
:1055200077FDD5F80C3306A94C4594BF09194944B9
:105530009944C9F30800C5F80C03B8E7E4D9D5F8D5
:105540001C03036801211C6885F8141302AB009347
:10555000324405F5467305F54375049205950A49ED
:10556000029104AA06CA0396A04717B0BDE8F083CB
:1055700006ABC4F140011819044ACCF7F1FC02341F
:105580007EE700BFD49703080D430308DC970308A8
:1055900070B5124C94F84E1094F84D3082B0CDE9AD
:1055A0000031154694F84C300D4A29460646FEF760
:1055B00047FD94F85130019394F8501094F84F300F
:1055C000084A009130462946FEF73AFD064B074A45
:1055D00029463046FFF730FF02B070BD90A300208F
:1055E000D89A0308F49A0308B8E90020109B03082E
:1055F00038B59C499C48FEF7A3FF9C4B1A6812F0F3
:10560000010200F09E879A4B1A6812F0010200F026
:105610008787984B1A6812F0010200F06B87964B4F
:105620001A6812F0010200F05487944B1A6812F0C5
:10563000010200F03D87924B1A6812F0010200F05F
:105640009D86904B1A6812F0010200F086868E4B00
:105650001A6812F0010200F06A868C4B1A6812F088
:10566000010200F04E868A4B1A68D50740F13D864C
:10567000884B1A68D40740F12C86874B1A6812F0C1
:10568000010200F01586854B1A68D00740F10486A8
:10569000834B1A68D10740F1F385824B1A68D20711
:1056A00040F1E285804B1A68D50740F1D2857F4BE7
:1056B0001A6812F0010200F0B6857D4B1A6812F0EC
:1056C000010200F09A857B4B1A68D40740F1898566
:1056D000794B1A68D00740F17885784B1A6812F038
:1056E000010200F05C85764B1A6812F0010200F0AE
:1056F0004085744B1A68D10740F12F85724B1A68A8
:1057000012F0010200F01385704B1A68D20740F1C5
:1057100002856F4B1A6812F0010200F0E6846D4BAF
:105720001A6812F0010200F0CF846B4B1A6812F075
:10573000010200F02984694B1A6812F0010200F09E
:105740000D84674B1A6812F0010200F0F183654B7B
:105750001A68D50740F1E183634B1A68D40740F11A
:10576000D183624B1A68D00740F1C183604B1A683D
:10577000D10740F1B1835F4B1A6812F0010200F0CB
:1057800096835D4B1A68D20740F186835B4B1A689B
:10579000D50740F176835A4B1A68D40740F16683E7
:1057A000584B1A68D00740F15683574B1A68D107F7
:1057B00040F14683554B1A6812F0010200F02B832A
:1057C000534B1A6812F0010200F01083514B1A6813
:1057D000D20740F10083504B1A68D50740F1F082A0
:1057E0004E4B1A6812F0010200F0D5824C4B1A6839
:1057F00012F0010200F0BA824A4B1A6812F001025C
:1058000000F09F82484B1A6812F0010200F0848277
:10581000464B1A68D40740F17482454B1A68D0078A
:1058200040F16482434B1A68D10740F1BC81424B7E
:105830001A68D20740F1AC81404B1A6812F001029D
:1058400000F091813E4B1A6812F0010200F076815F
:105850003C4B1A68D50740F166813B4B1A68D40768
:1058600074E000BF90A30020F0EC0020F4E70020DB
:105870008CEA0020F0E7002088EA002084EA00207B
:1058800080EA00207CEA0020ECE70020E8E7002026
:1058900078EA002074EA002070EA00206CEA002018
:1058A00068EA002064EA002060EA0020E4E70020C3
:1058B000E0E700205CEA002058EA0020DCE7002056
:1058C000D8E7002054EA0020D4E7002050EA002066
:1058D000D0E700204CEA002048EA0020CCE7002076
:1058E000C8E7002044EA002040EA00203CEA00200B
:1058F00038EA0020C4E7002034EA002030EA002023
:105900002CEA002028EA002024EA0020C0E700203A
:10591000BCE7002020EA00201CEA0020B8E70020B5
:10592000B4E70020B0E70020ACE7002018EA002030
:1059300014EA002010EA00200CEA0020A8E700206A
:10594000A4E7002008EA002004EA002040F1E080FB
:105950009A4B1A68D00740F1D180994B1A68D10749
:1059600040F1C180974B1A6812F0010200F0A68046
:10597000954B1A68D20740F19680944B1A68D50768
:1059800040F18680924B1A68D40776D5914B1A68FD
:10599000D00768D5904B1A68D10759D58F4B1A6834
:1059A000D2074AD58E4B1A68D5073BD58D4B1A685E
:1059B000D4072DD58C4B1A68D0071ED58B4B1A688F
:1059C000D1070FD58A4B1A68D20700D538BD894C4C
:1059D0008949012018601D222046EEF76BFF874B96
:1059E000236038BD864C874901201860122220466A
:1059F000EEF760FF844B2360E4E7844C8449012088
:105A000018600D222046EEF755FF824B2360D5E744
:105A1000814C8249012220461A60EEF74BFF804BF1
:105A20002360C7E77F4C804901201860022220468E
:105A3000EEF740FF7D4B2360B8E77D4C7D490120A8
:105A4000186002222046EEF735FF7B4B2360A9E762
:105A50007A4C7B490120186005222046EEF72AFF88
:105A6000784B23609AE7784C7849012220461A60E7
:105A7000EEF720FF764B23608CE7764C76490120C9
:105A8000186003222046EEF715FF744B23607DE774
:105A9000734C74490120186006222046EEF70AFF75
:105AA000714B23606EE7714C71490120186003222D
:105AB0002046EEF7FFFE6F4B23605EE76E4C6F48AB
:105AC0006F4D01211960C4E900506E4904F10800CE
:105AD000EEF7F0FE6C4B03F1180103F12802C4E964
:105AE0000031A26044E7694C694901201860062230
:105AF0002046EEF7DFFE674B236033E7664C6749CD
:105B0000012220461A60EEF7D5FE654B236024E79C
:105B1000644C65490120186013222046EEF7CAFE46
:105B2000624B236014E7624C624901201860152221
:105B30002046EEF7BFFE604B23608EE65F4C4F4879
:105B40004F4D01211960C4E900505D4904F108007E
:105B5000EEF7B0FE5B4B03F1180103F12802C4E934
:105B60000031A26074E6584C4448454D012119604B
:105B7000C4E90050554904F10800EEF79BFE544B70
:105B800003F1180103F12802C4E90031A26059E6CB
:105B9000504C51490120186010222046EEF78AFE31
:105BA0004E4B236048E64E4C4E49012018600422BB
:105BB0002046EEF77FFE4C4B236038E600EA0020DB
:105BC000FCE90020A0E70020F8E90020F4E900202B
:105BD000F0E90020ECE90020E8E90020E4E90020F9
:105BE000E0E90020DCE90020D8E90020D4E9002029
:105BF000D0E9002090EA002050AD040840BB040822
:105C00009CEA0020F0A9040884BC0408A8EA00204B
:105C1000C0A1040814BE0408B4EA002038A2040895
:105C2000FCBD0408C0EA002028A2040808BE04083D
:105C3000CCEA002068A20408E4BD0408D8EA0020E9
:105C400040A20408F0BD0408E4EA002090A2040881
:105C5000CCBD0408F0EA002078A20408D8BD0408EE
:105C6000FCEA0020B0A20408B4BD040808EB002040
:105C700098A20408C0BD0408F8E700201CC503086A
:105C80002CC50308E8BB03087CC9030814EB0020FB
:105C9000E8A204089CBD040820EB0020E0A2040850
:105CA000A8BD04082CEB0020C0A3040884BD040890
:105CB00038EB002018A3040890BD04080CE800206D
:105CC000E8BB030848C9030820E80020E8BB030834
:105CD00014C9030844EB0020A0A5040854BD04081F
:105CE00050EB002058A4040878BD0408AF4CB0491C
:105CF000012018601E222046EEF7DCFDAD4B23602C
:105D000090E5AD4CAD490120186007222046EEF722
:105D1000D1FDAB4B236080E5AA4CAB48AB4D0121D4
:105D20001960C4E90050AA4904F10800EEF7C2FD69
:105D3000A84B03F1180103F12802C4E90031A26065
:105D400066E5A54CA048A14D01211960C4E90050A9
:105D5000A24904F10800EEF7ADFDA14B03F11801D3
:105D600003F12802C4E90031A2604BE59D4C96483E
:105D7000964D01211960C4E900509B4904F10800C7
:105D8000EEF798FD994B03F1180103F12802C4E9DD
:105D90000031A26030E5964C8B488C4D0121196092
:105DA000C4E90050934904F10800EEF783FD924BDB
:105DB00003F1180103F12802C4E90031A26015E5DE
:105DC0008E4C8F490120186015222046EEF772FD97
:105DD0008C4B236004E58C4C8C49012018601A22FE
:105DE0002046EEF767FD8A4B2360F4E4894C764841
:105DF000764D01211960C4E90050874904F108007B
:105E0000EEF758FD854B03F1180103F12802C4E9B0
:105E10000031A260DAE4824C6B486C4D01211960BC
:105E2000C4E900507F4904F10800EEF743FD7E4BC2
:105E300003F1180103F12802C4E90031A260BFE4B4
:105E40007A4C7B490120186012222046EEF732FD81
:105E5000784B2360AEE4784C784901201860022228
:105E60002046EEF727FD764B23609EE4754C76497D
:105E70000120186008222046EEF71CFD734B2360BA
:105E80008EE4734C73490120186002222046EEF71D
:105E900011FD714B23607EE4704C71490120186044
:105EA00003222046EEF706FD6E4B23606EE46E4C37
:105EB0004548464D01211960C4E900506B4904F181
:105EC0000800EEF7F7FC6A4B03F1180103F1280212
:105ED000C4E90031A26054E4664C674901201860AF
:105EE00010222046EEF7E6FC644B236043E4644C4A
:105EF0006449012018600C222046EEF7DBFC624B5F
:105F0000236033E4614C6249012018600922204675
:105F1000EEF7D0FC5F4B236023E45F4C5F49012028
:105F2000186005222046EEF7C5FC5D4B236013E4A4
:105F30005C4C2548254D01211960C4E900505A499F
:105F400004F10800EEF7B6FC584B03F1180103F119
:105F50002802C4E90031A260FFF7F9BB544C1A488B
:105F60001A4D01211960C4E90050524904F108009A
:105F7000EEF7A0FC504B03F1180103F12802C4E92D
:105F80000031A260FFF7DDBB4C4C0F4D20460121D4
:105F9000196040F8045B4A49EEF78CFC494B03F169
:105FA0001402C4E90032FFF7C6BB00BF5CEB00205F
:105FB000B0A4040860BD040868EB002078A40408BD
:105FC0006CBD040834E800201CC503082CC5030878
:105FD000E8BB0308E0C8030848E80020E8BB030862
:105FE000ACC803085CE80020E8BB030878C80308D5
:105FF00070E80020E8BB030844C8030874EB0020E5
:10600000F8A7040800BD040880EB002020A60408BF
:1060100048BD040884E80020E8BB030810C8030852
:1060200098E80020E8BB0308DCC703088CEB0020DD
:10603000F0A604083CBD040898EB0020C0A70408A3
:1060400024BD0408A4EB002080A7040830BD040888
:10605000B0EB0020E8A704080CBD0408BCEB00204E
:10606000D0A7040818BD0408ACE80020E8BB03086A
:10607000A8C70308C8EB002070A90408D0BC040816
:10608000D4EB0020A0A80408F4BC0408E0EB002036
:1060900000A90408E8BC0408ECEB002048A90408A7
:1060A000DCBC0408C0E80020E8BB030874C7030890
:1060B000D4E80020E8BB030840C70308F8EB002041
:1060C000F0A90408B0BC0408B54CB64D2046012127
:1060D000196040F8045BB449EEF7ECFBB34B03F1F5
:1060E0001402C4E90032FFF720BBB14CAD48B14DFA
:1060F00001211960C4E90050AF4904F10800EEF72E
:10610000D9FBAE4B03F1180103F12802C4E90031B9
:10611000A260FFF704BBAA4CAA49012018602D22F7
:106120002046EEF7C7FBA84B2360FFF7F2BAA74C57
:106130009C48A04D01211960C4E90050A44904F114
:106140000800EEF7B7FBA34B03F1180103F1280297
:10615000C4E90031A260FFF7D7BA9F4C9F490120E4
:10616000186003222046EEF7A5FB9D4B2360FFF746
:10617000C5BA9C4C8B488F4D01211960C4E9005071
:10618000994904F10800EEF795FB984B03F11801CB
:1061900003F12802C4E90031A260FFF7AABA944CC7
:1061A0008048844D01211960C4E90050914904F1EF
:1061B0000800EEF77FFB904B03F1180103F1280272
:1061C000C4E90031A260FFF78EBA8C4C8C490120E3
:1061D000186002222046EEF76DFB8A4B2360FFF722
:1061E0007CBA894C89490120186002222046EEF7CA
:1061F00061FB874B2360FFF76BBA864C69486D4D96
:1062000001211960C4E90050834904F10800EEF748
:1062100051FB824B03F1180103F12802C4E900315C
:10622000A260FFF750BA7E4C5E48624D01211960B2
:10623000C4E900507B4904F10800EEF73BFB7A4BC0
:1062400003F1180103F12802C4E90031A260FFF74D
:1062500034BA764C7649012220461A60EEF72AFBC2
:10626000744B2360FFF723BA734C74490120186004
:1062700016222046EEF71EFB714B2360FFF712BA81
:10628000704C71490120186004222046EEF712FB81
:106290006E4B2360FFF701BA6D4C6E490120186008
:1062A00003222046EEF706FB6B4B2360FFF7F0B9A5
:1062B0006A4C3C4D20460121196040F8045B684956
:1062C000EEF7F8FA674B03F11402C4E90032FFF766
:1062D000DAB9654C65490120186004222046EEF7C2
:1062E000E9FA634B2360FFF7C8B9624C62490120A9
:1062F000186004222046EEF7DDFA604B2360FFF7BA
:10630000B7B95F4C27482B4D01211960C4E90050F3
:106310005C4904F10800EEF7CDFA5B4B03F118017C
:1063200003F12802C4E90031A260FFF79CB9574C81
:106330001C48204D01211960C4E90050544904F162
:106340000800EEF7B7FA534B03F1180103F12802E6
:10635000C4E90031A260FFF780B94F4C114D2046CF
:106360000121196040F8045B4C49EEF7A3FA4C4B4D
:1063700003F11402C4E90032FFF769B9494C094D31
:1063800020460121196040F8045B4749EEF792FA74
:10639000464B03F11402C4E90032FFF752B900BFC3
:1063A00008EC00201CC50308F0A9040890BC0408F0
:1063B000E8E800202CC50308E8BB03080CC7030865
:1063C00018EC002098AA04086CBC0408FCE8002023
:1063D000E8BB0308D8C6030824EC002080AA040800
:1063E00078BC040810E90020E8BB0308A4C6030831
:1063F00024E90020E8BB030870C6030830EC002045
:1064000010AC040854BC04083CEC002000AC0408A8
:1064100060BC040838E90020E8BB03083CC6030858
:106420004CE90020E8BB030808C6030848EC00203C
:1064300020AC040848BC040854EC002060AC0408FC
:1064400004BC040860EC002028AC04083CBC040830
:106450006CEC002048AC040830BC040878EC002048
:1064600060AC040810BC040888EC002030AD0408BF
:10647000ECBB040894EC002010AD0408F8BB040841
:1064800060E90020E8BB0308D4C5030874E90020D4
:10649000E8BB0308A0C50308A0EC002050AD040829
:1064A000CCBB0408B0EC002050AD0408ACBB040821
:1064B0002F4C304D20460121196040F8045B2E49D5
:1064C000EEF7F8F92D4B03F11402C4E90032FFF79F
:1064D000B2B82B4C274D20460121196040F8045BCF
:1064E0002849EEF7E7F9284B03F11402C4E900321A
:1064F000FFF79BB8254C1F48254D01211960C4E9C1
:106500000050244904F10800EEF7D4F9224B03F1BE
:10651000180103F12802C4E90031A260FFF77FB837
:106520001E4C144D20460121196040F8045B1C49A3
:10653000EEF7C0F91B4B03F11402C4E90032FFF778
:1065400068B8194C0B48124D01211960C4E900507C
:10655000164904F10800EEF7ADF9154B03F11801E7
:1065600003F12802C4E90031A260FFF74CB800BF74
:10657000C0EC00201CC5030850AD04088CBB040807
:10658000D0EC002050AD04086CBB040888E9002062
:106590002CC50308E8BB03086CC50308E0EC002029
:1065A00050AD04084CBB04089CE90020E8BB03087C
:1065B00038C503084B78633B102B0AD8DFE803F09B
:1065C00010090D0909090909090909090909091326
:1065D0000A0070470A48E9F73BB90948E8F738BEAE
:1065E0000748E8F74DBEBFF34F8F0649064BCA6810
:1065F00002F4E0621343CB60BFF34F8F00BFFDE7AF
:1066000090A3002000ED00E00400FA052DE9F0431E
:10661000C5B06B46B2EB010E83E80600054652D0CA
:106620000023884601F1FF3C4FF0FF361F4608E08B
:10663000B34203D22A2C14BF6740164696450AD0AF
:1066400013461CF8014F3B2C03F10102F0D17345B6
:1066500028BF73461A46B2F5807F28BF4FF4807278
:1066600041460DF10C0814464046CBF7D1FC4FF0E3
:106670000009A64208F8049034BF01244C4611D307
:1066800098F80030633B142B20D8DFE803F0252B6B
:1066900031371F3D431F1F1F1F1F1F494F555B6190
:1066A000676D73004644364902AA3046C9F726FF93
:1066B000002802DD029B9F4202D045B0BDE8F08376
:1066C00006F8019CDCE774468DF80CE02D4A214663
:1066D0002846FDF73BFFF0E7224641462846FEF7F5
:1066E0003DFCEAE7224641462846FDF7DBFFE4E7AA
:1066F000224641462846FEF7D9FCDEE722464146BF
:106700002846FEF7B9FDD8E7224641462846FEF75F
:1067100031FAD2E7224641462846FEF739FFCCE758
:10672000224641462846FEF72BFBC6E72246414655
:106730002846FEF779FBC0E7224641462846FEF789
:1067400083FABAE7224641462846FFF733FFB4E70B
:10675000224641462846FEF739FCAEE7224641462E
:106760002846FEF771FCA8E7224641462846FEF778
:10677000ADFBA2E7224641462846FEF7B1FA9CE768
:10678000D09703084C9A03082DE9F04788B06B4670
:1067900083E806009DF80030002B53D14D4F824610
:1067A000144600F108060DF118084FF0010909E040
:1067B0008AF80891641B013C2246691C3046CAF7DE
:1067C000C9F93444A21B9310002B5ADD02330AEBA3
:1067D000830235462B780A3BDBB2172B27FA03F1ED
:1067E0000FD8C8070DD5AC4217D99AF80831002B3D
:1067F000DED0CDE90665504698E80600FFF706FFB3
:10680000D8E76B780A3BDBB2172B27FA03F11CD8C9
:10681000C9071AD50135AC42E7D80AF58473A342FB
:1068200003D800228AF808213446DAF8000002680A
:106830001568CDE90643284B4146CDE9043A03AA41
:1068400004ABA84708B0BDE8F087AB780A3BDBB2E1
:10685000172B27FA03F103D8CB0701D50235C2E77E
:10686000EB781C490A3BDBB2172B21FA03F103D862
:10687000C80701D50335B6E704359542AAD1621B96
:1068800000E03546022A19D0032A0CD0012AC4D1CF
:106890002B780A3BDBB2172BBFD80E4A22FA03F340
:1068A000DB07BAD59FE72B780A3BDBB2172B04D85E
:1068B000084A22FA03F3D90795D401352B780A3B0D
:1068C000DBB2172B04D8034A22FA03F3DA078AD47F
:1068D0000135DDE709008000DD68030800B585B0FB
:1068E000EC468CE8060086469CE8030002AB83E891
:1068F000050093E80600704605B05DF804EBFFF76D
:1069000043BF00BF704700BF10B58C46044600F17E
:10691000040E93E803008EE803009CE8030004F1F2
:106920000C0383E8030002B1146010BD30B50446C7
:1069300087B0236B02A803EB830380E806009B006B
:106940000C3BE2189DF80800E3588DF81000002178
:10695000506861631174039A05921BB106AA12E98B
:1069600006009847237E2BB994F82C30ABB92363EB
:1069700007B030BD08220121606803681D682163EB
:1069800007490491224404A90091083206CA0594DB
:1069900004F13403A84707B030BD1C220221EBE705
:1069A0002D690308F0B585B06C4684E80600521ADC
:1069B0000A9E402A28BF4022044600F1080C8F1886
:1069C0000D4696E803008CE80300276103B11C60C4
:1069D000606892B22946DDF759FD88B10023C4E909
:1069E000023323613368039503228DF808203BB1FD
:1069F00004AA12E90600706805B0BDE8F040184727
:106A000005B0F0BD70B586B0044602A880E8060067
:106A10004FF0010C04F118010A9DBFF35B8FD1E820
:106A20004F2FC1E84ECFBEF1000FF8D1BFF35B8FFF
:106A3000D2B20AB3BFF35B8F04F12C01D1E84F2F20
:106A4000C1E84ECFBEF1000FF8D1BFF35B8FD2B2D9
:106A5000002A34D00BB100221A602B68029A0592EA
:106A600003218DF8101043B306AA12E906006868E6
:106A700006B0BDE87040184704F1080C04F1100698
:106A800003C80CF1080E8EE8030095E803008CE8BB
:106A900003000BB1511C1960236B73B9606801329C
:106AA00003682263094A1D68049204AA009296E8CA
:106AB0000600059404F13403A84706B070BD04F144
:106AC0001C0C04F124060122DAE700BF2D6903083B
:106AD000026B8A4203461DD000B501EB810189009B
:106AE0000C3942184358D168506883B04FF0000EFB
:106AF0004FF0010C82F810E08DF800C0019133B125
:106B000002AA12E9060003B05DF804EB184703B0CF
:106B10005DF804FB4068596B03685B68184700BF69
:106B200030B589B002AB83E8060003469DF8080043
:106B30000399002283F84820DA6408BB8B4200D90D
:106B4000FEE703F140058D42FAD3CA1A196C02F030
:106B50003F028A425A6415D312D9186D07951A4418
:106B600001210468069283F848100C49246804AA9D
:106B7000009208AACDE9041312E906004C33A0479D
:106B800009B030BD186D1A4419444FF0010C046867
:106B9000069283F848C00791E7E700BF216B03081E
:106BA000436823B3F0B5C36883B00446EBB105690D
:106BB000ED1A954228BF15460026C0E903662A460D
:106BC0001846CBF725FA67688DF8006003462B441A
:106BD000A0680193C4E901663FB102AB13E9060066
:106BE0003B4603B0BDE8F040184703B0F0BD704726
:106BF0002DE9F04F694B93F89A318DB0002B00F0DE
:106C0000C48003F0FD03012B02D16548FDF7C4FBEE
:106C100009AD644EDFF8AC91DFF8ACA1DFF8AC81D0
:106C2000614FDFF8ACB131684FF0FF322846E0F732
:106C300003F8099B102BF6D10A9C022C3BD0032CA5
:106C40004AD0012CEFD1D9F8000090F83A30222B2D
:106C500062D000F05DFAD9F80000DDF79FFCD9F8AA
:106C600000005249D0F800C000230493DCF800E093
:106C7000CDF810E0DCF804C0CDF810C0DDF810C08D
:106C8000C3634022DDF73EFCD9F8000000231A461A
:106C9000CAF80030436B1B685B68D3F1400338BF10
:106CA00022461C46002A6DD1A24256D3D9F80000D4
:106CB00000F046FAB7E7BC683A69F8680892002322
:106CC0008DF81C30BB603B61FB60002CABD007AB88
:106CD00093E80600A047A6E798F8483000228BF812
:106CE0000020002B9FD1D8E91023934243D2434484
:106CF000424407930892D8F85000012388F848309E
:106D000003681C682A4BCDE9053805AB009307AA38
:106D100006CA284BA04786E7436B1B685C68D4F122
:106D2000400434BF012300232CD3DAF8002003935E
:106D3000A242B9D9C2F1400000F0D6F9DAF8001049
:106D40001A4B1D48C1F140021944FFF729FF039B6C
:106D5000CAF800301A46A242A8D2A01A00F0C4F91C
:106D6000DAF80010114B1448621A1944FFF718FFA3
:106D7000CAF800409AE77FF656AF434407930F4B9B
:106D80000893B8E700F0C4F94DE709AD0C4829466F
:106D9000CDE90933E1F7ACFB3BE700BF90E300200E
:106DA00008ED0020C0E6002048F2002068F2002034
:106DB000216B030874F0002030F2002068F00020FE
:106DC00010F100205CF2002064F2002028F0002086
:106DD00004ED002030B5104C104D1149206087B0F3
:106DE00040226860DDF78EFB0E4B20680E4C0025BC
:106DF0001D6000F039F90FCC0DF1040CACE80F0068
:106E00002368CCF80030294601A8DFF7F9FD074BCD
:106E1000186007B030BD00BF5CF2002048F20020CF
:106E200068F2002064F200205C91030860F2002008
:106E3000044B1B682BB1044B002218680121DFF7BB
:106E4000D1BE704760F20020C0E60020054B1B68F1
:106E5000834200D07047044B002218680221DFF7FC
:106E6000C1BE00BF5CF20020C0E6002000000000B0
:106E70002F4A30481168304AF0B4304C0260304A32
:106E80002260304A304E166000239FED277BC0E918
:106E9000011302F12C072D49D7652D4E54607F2731
:106EA0001063D662C0E9033384ED027B82ED067B7A
:106EB000C2E90833C2E91133C2E91333C2E95933D5
:106EC000C2E95C33234E63602361536182F828304A
:106ED00082F85430926582F86C31176681ED087B38
:106EE000C1E90233C1E904331B4A1C4D1460C1E9F6
:106EF0000060012085ED107BC5E9133185F848302D
:106F000081ED0C7BF0BCC2E9C333C2E9C6310B761C
:106F1000CB618B6281F82C30536082F8080182F8D3
:106F200014337047AFF30080000000000000000041
:106F30005CF2002048F20020A8BE040830F20020D5
:106F4000B8BE0408B8F0002020B5030880F0002087
:106F500010B50308C8BE040808ED002028F0002082
:106F600070B51D4C054640220E4620460021C9F74B
:106F700073FA1A4B1B686360D8F77EFD2B68EA6BC7
:106F80002261196895F83A206B6BC4E90206C4E9DE
:106F90000512FBB11B685A681148124B124D00686C
:106FA000D3F8FC102D686562C4E90720D3F8785245
:106FB000D3F85821D3F848020B7CD2F890202363F1
:106FC0002B786363094BC96BA163C4E90A020122F0
:106FD0001A7070BD1A46DFE7A8F2002008F30020FF
:106FE00000F3002070100020FCF20020E8F20020E6
:106FF000F0B586460546BEE80F0091B0EC46ACE819
:107000000F00BEE80F00ACE80F00BEE80F00ACE8D0
:107010000F009EE80F00124E8CE80F001F462B68F1
:107020000024B34200940F9402D0204611B0F0BD6A
:107030000C484FF0FF326C4614F8013B08215A40CF
:1070400042F300030340013983EA5202F8D110AB46
:107050009C42F1D1B81AB0FA80F0400911B0F0BDED
:107060004F5542312083B8ED2DE9F041184E194DAE
:10707000DFF870800024074634600AE06B68013452
:107080000133B4F5006FC8F80030346005F14005F5
:107090001CD02846FFF7ACFF0028EFD12B68A3F1E6
:1070A000FF33B3FA83F35B090B4A1370D8F7E4FCA0
:1070B0000A4B0B4A1B78106033B92FB138460121B7
:1070C000BDE8F041FFF74CBFBDE8F0810023EBE7DE
:1070D00004F3002000000A08E9F20020E8F2002092
:1070E000F0F2002008F30020064A08B513680344B4
:1070F0001360D8F7C1FC0449044B086000221A70E1
:1071000008BD00BF00F30020F0F20020EAF20020EA
:107110000849094A0B6810B4147801330B602CB984
:1071200020B15DF8044B0421FFF71ABF5DF8044B52
:10713000704700BFFCF20020E8F2002000000000D1
:10714000002864D02DE9F04FC36B91B004468BB199
:10715000654BC16B1A6891420CD06449644D0A6852
:10716000C66B1E602B7801320A6033B90221FFF72B
:10717000F7FE02E0E36B23B35D4DDFF89091D9F8A1
:10718000583193F89C303BBB5A4A13702B78ABB103
:10719000594E337893B1DFF87881D8F80070B7F59D
:1071A000006F0BD2D9F8583193F89CA0BAF1000FB8
:1071B00004D1D9F878321B78012B29D011B0BDE861
:1071C000F08F494ADFF844911360D9F85831484D9F
:1071D00093F89C30002BD7D0464E3378002BD5D176
:1071E000D8F74AFC454B1B68C01A40F2DB53984263
:1071F000CCD9434A012333701368013313602B78D1
:10720000002BC5D103212046FFF7AAFEBEE7704739
:10721000DFF800B1DFF800C1BBE80F00E946A9E8DC
:107220000F00BBE80F00A9E80F00BBE80F00A9E8BA
:107230000F009BE80F004FF0FF3489E80F00EE4687
:10724000CDF800A0CDF83CA01EF8013B08225C4020
:1072500044F3000303EA0C03013A83EA5404F7D130
:1072600010AB9E45F0D10F94D9F716FE0028A5D19A
:1072700007F5001707F52057224B6C46C4EB87191A
:10728000F322DA60BF0109F104090DF13C0A09EBB0
:107290000401002354F8042F0220D9F74FFEB8B997
:1072A0005445F4D10EA3D3E9002339460220D9F77F
:1072B00045FE044660B9D9F703FED8F80030124AFB
:1072C0002C700133C8F8003013680133136075E780
:1072D000D9F7F6FD0023337070E700BFAFF30080ED
:1072E0004F55423100000000ECF20020F8F200207F
:1072F000E8F20020EAF20020E9F20020F0F200209B
:10730000F4F20020003C024008F30020701000203E
:1073100004F30020A8F200202083B8ED014B186888
:10732000704700BF04F30020014B1868704700BF8E
:1073300000F30020014B1868704700BFFCF20020EA
:10734000014B1868704700BFF8F20020014B186825
:10735000704700BFF4F2002009B3124B1B68834250
:107360001DD900F5001C0CF5205C4FEA8C1C10B5F3
:107370000C468E46BCE80F00AEE80F00BCE80F00DC
:10738000AEE80F00BCE80F00AEE80F009CE80F006D
:107390008EE80F002046BDE81040FFF729BE002010
:1073A000704700BF04F30020704700BFF0B585B000
:1073B0006C4684E806000A9E0D46044603B1186038
:1073C000637993B1531B3F2B01D8A168B1B13368E6
:1073D000039503228DF8082073B104AA12E9060070
:1073E000706805B0BDE8F040184733680395022285
:1073F0008DF80820002BF0D105B0F0BD2769002FD3
:10740000E5D196E8030004F1080686E8030022614E
:1074100099B222792846D7F743FE0028ECD0A3681A
:10742000E06803950322C4E903778DF80820A7607C
:10743000002BE1D004AA12E90600D2E770B5044699
:1074400082B00D4602B1106062793AB3A2687AB197
:107450001C682A68019203218DF80010E4B102AA89
:1074600012E906005868234602B0BDE8704018478C
:107470002669002EECD193E8030004F10802C2E96A
:1074800000016A682968124B2161521A1868237931
:1074900092B2E0F70BFB58B902B070BD1C682A68C5
:1074A000019202218DF80010002CD8D102B070BDDD
:1074B000A36826612A68E06801920321C4E9026694
:1074C0008DF80010002BE7D002AA12E90600CBE7E6
:1074D0003C9603082DE9F04F8A4C8B4DDFF854920F
:1074E000DFF85482894FDFF854B28BB00DF1140AE3
:1074F00021684FF0FF3207A8DFF79EFB079B102B98
:10750000F6D12B6801332B60089B013B062BEFD88B
:10751000DFE803F0A4048C74634CC0007C49D9F804
:107520000830D9F80C0000224A71D9F810100691E1
:10753000022189F8052088F805207A71C9F8082009
:10754000C9F810208DF81410C9F80C2043B19AE83E
:107550000600984798F8051081F001014900C9B26A
:10756000D8F808308DF814100022D8F81010D8F888
:107570000C00C8F808200691C8F81020C8F80C20A4
:1075800013B19AE8060098477B793969F868069143
:1075900083F001035B008DF81430BB680022BA60F1
:1075A0003A61FA6013B19AE806009847584A53794D
:1075B000104683F00103016906915B0001468DF8D6
:1075C00014309368002202618260C068CA60002B98
:1075D0008ED09AE8060098478AE77B793969F8687F
:1075E000069183F001035B008DF81430BB68002224
:1075F000BA603A61FA60002BEBD179E798F8053070
:10760000D8F81010D8F80C00069183F001035B0045
:107610008DF81430D8F808300022C8F80820C8F8CF
:107620001020C8F80C20002BD3D161E799F8053061
:10763000D9F81010D9F80C00069183F001035B0013
:107640008DF81430D9F808300022C9F80820C9F89C
:107650001020C9F80C20002BBBD149E72C4A2D483B
:10766000012389F8053088F805307B715371514644
:107670000023CDE90533E0F73BFF274B93F89D311D
:1076800053B303F0FD03012B7FF432AF2348FCF723
:1076900083FE2DE722499BF8483000220A70002B18
:1076A0007FF426AFDBE9102393421CD2DBF85000B5
:1076B00001218BF8481001685B445A440968CDE900
:1076C00005320E46174BCDE9033B03AB00939AE816
:1076D0000600154BB0470BE714485146CDE905337A
:1076E000E0F706FF04E77FF603AFDBF85000012266
:1076F0008BF8482002685B44166805930C4B069390
:10770000E0E700BFBCE60020B4F9002070F90020DB
:1077100058F90020C0F6002090E3002010F300206C
:107720000CF30020216B03087CF6002038F80020C1
:1077300070F60020A0F9002088F9002030F6002023
:10774000012A10B412D0032A02D05DF8044B70470E
:107750000D4C2369002BF8D00C4A0B4410682361B0
:1077600000225DF8044B0621DFF73CBA084C236980
:10777000002BEAD0054A0B441068236100225DF813
:10778000044B0521DFF72EBA58F90020BCE6002093
:1077900070F9002010B5094C0FCC86B00DF1040C27
:1077A000ACE80F002368CCF80030002101A8DFF717
:1077B00027F9034B186006B010BD00BF7091030895
:1077C000C0F90020000000002DE9F04F444E454F65
:1077D000454A3A6032608322BA80444ADFF82491F5
:1077E000C2F800909FED3C7BDFF81C91404D414C6E
:1077F000DFF818C1C2F82C904FF081090023DFF8A0
:1078000010E1A6F804904FF001084FF003093A493F
:107810003A483B61C7E90233C5F800E0CCF800E024
:10782000ACF80490DFF8ECE03361C6E90233C5E957
:107830000233C2E90833C2E91133CCE902332B61C8
:107840005560536182F828301663D364CCF8103049
:10785000A5F8048082ED067BC4E900C7284F1365B4
:1078600002F12C0B4FF07F0A4FF03F09C2E917BA23
:10787000C1E9007681ED087B81ED0C7B8EED107BFC
:10788000C2E95933C2E95C33C4E94333C4E946333E
:10789000C1E90233C1E90433C4F8089082F85430D6
:1078A000926582F86C3184F814310B76CB618B626F
:1078B00081F82C308EF84830CEE91331C0E90053FE
:1078C000C0E9C333C0E9C63180F8088180F81433B9
:1078D000BDE8F08FAFF30080000000000000000062
:1078E000A0F9002088F900202CBF0408E0F7002050
:1078F00070F90020C0F6002088F6002010F3002068
:10790000C8BE040820B5030810B5030858F90020C4
:107910003CBF040830F60020704700BF034608460D
:107920001946CAF7F1B900BF70B5036884B00024E6
:107930009E690394102315460293CDE900446B46DB
:107940001268B0479DF8043003F00603062B03BF0E
:10795000009B2B600120204604B070BD009890422F
:107960000CBF06200120704710B5034B036004468E
:1079700000F0F4FE204610BD8CC7040810B5054B7E
:107980000360044600F0EAFE2046082100F04AF8B1
:10799000204610BD8CC704082DE9F041069F0899C8
:1079A000099E8F42044690461D460CD0294620462B
:1079B00000F0D8FE20B10123376086F80480B3714F
:1079C0000020BDE8F081079900F0CCFE0028EDD042
:1079D00086F805800020BDE8F08100BF38B5154667
:1079E0001C4600F0BFFE00B938BD08220623256002
:1079F000E260237138BD00BF2DE9F041064617460D
:107A00001D460C4600F0AEFE48B9032D07D823688A
:107A10003A46314620465B69BDE8F0411847BDE86B
:107A2000F08100BF01F08CB92DE9F0418AB0002847
:107A30003AD0174602681E4652E9023288460021B3
:107A4000CDE90711C15851F8041C044691424FF08A
:107A50001000099004EB030526D1002E01DBDE4265
:107A600031D013680095CDE90184104607AA03922E
:107A7000DD6906223B463146A847079D2A469DB14F
:107A80009DF8220000F00603062B0ED09DF8211071
:107A90009DF820300B4003F00603062B05D001F0C3
:107AA0000501042900D020B1002528460AB0BDE810
:107AB000F081002E10DB3544AC42F5D11546284646
:107AC0000AB0BDE8F08110463946059200F04AFE42
:107AD000059A0028C5D0E8E7B31CE5D000943C68BF
:107AE0004346246A31463846A04700F0060006287F
:107AF000DAD1079A1546E2E71E494B6830B550F8CF
:107B0000085CA0F108042BB304EB050E734521D8E3
:107B10005A6826D001F1040C32B90EE0516803F125
:107B2000040C134639B10A469645F7D802BFDEE980
:107B300000215960AD18DCF800301A6899188C42A1
:107B40000CD05B6840F8043CDCF8003040F8085C7E
:107B50005C6030BD40F8043C4C6030BD2A441A6083
:107B600030BD1B6840F8042C2B4440F8083C4C60A6
:107B700030BD00BFD8F90020144900F1080348685F
:107B8000082B38BF0823F8B1073323F0070304316B
:107B900002E0011D406880B102689342F9D830B418
:107BA000D41A072C456809D9C2185560C450086812
:107BB00030BC036008300A607047704702602A4694
:107BC000083030BC0A607047704700BFD8F9002009
:107BD00010B500F180042046CAF70AFA034630B116
:107BE000802200211846C8F737FC803010BD20469F
:107BF000FFF7C2FF03460028F2D100F063FC00BF8C
:107C0000064BD3E9022380381344984203D28242C0
:107C100001D2FFF771BFCAF7F3B900BFD8F900204E
:107C20002DE9F041394D3A4888B00026C5E9016692
:107C3000EE60C8F785FB374B374A0821CDE90213C0
:107C40000923CDE904630423CDE9062300283CD0B1
:107C5000324E044623783A2B08BF01340F222146C6
:107C60003046CAF757F810B9E37B2E2B17D02046C1
:107C70003A21C8F79BFC04460028EBD1079A049CE4
:107C8000402AA8BF4022002C08BF06243E3402FB35
:107C900004F4A400EC60DCB908B0BDE8F081103455
:107CA00002AFD7F80080786821464246B8F1000F4D
:107CB00002D0CAF72FF818B914F808303D2B11D0AC
:107CC0000C3708AB9F42ECD1D1E74FF48864EC60ED
:107CD0002046CAF78DF9A860A8B10023C0E9004387
:107CE0006860D9E708F101002044002201A9C8F723
:107CF000DFFE019C23783A2B01D0002BB7D100285E
:107D0000A8BFB860B3E7E860C6E700BFD8F90020B5
:107D1000BCB20308D0B20308DCB20308E8B203081F
:107D20001EB400F08DF81EBCD4F7C6FCF0B5027886
:107D3000472A83B00C461D4619D0264E00203368D2
:107D400001909B683046984778B1019B1B6801936E
:107D500002272368314620461E6901AA0123B04745
:107D600038BB0746384603B0F0BD0127F1E743783A
:107D70004E2BE2D18378552BDFD1C378432BDCD156
:107D80000379462B1AD0432BD7D143792B2BD4D14F
:107D900083792B2BD1D1C379012BCED850F8206C0D
:107DA0004FF0000301930ABF3046583056F8786C04
:107DB000C5E7019B2B60384603B0F0BD43794F2BDC
:107DC000BBD18379522BB8D1C0790028B5D1024EEE
:107DD000B5E700BF34C8040808C8040810B5044655
:107DE00000F07AF8224612F82039472B04D0836835
:107DF00023BB8260012010BD63784E2BF7D1A3789E
:107E0000552BF4D1E378432BF1D12379432BEED1D9
:107E100063792B2BEBD1A3792B2BE8D1E379012BC1
:107E2000E5D854F8043C0133012B44F8043CE1D17B
:107E3000836844F8083C8260012010BD00F042FBDA
:107E400008B500F049F8836883B393F82020472AE7
:107E500004D00022826003F1200008BD93F82120A5
:107E60004E2AF6D193F82220552AF2D193F82320F6
:107E7000432AEED193F82420432AEAD193F825200F
:107E80002B2AE6D193F826202B2AE2D193F827203B
:107E9000012ADED8DA69013ADA61002ADBD1996970
:107EA000816000229A6103F1200008BD00F00AFB06
:107EB000704700BF704700BF00487047F8B2030822
:107EC00010B504210446FFF7ADFD204610BD00BFEC
:107ED00000487047E8F9002000487047E8F90020A2
:107EE000502870B51DD0844600F00F000C2855D8DE
:107EF000DFE800F0074426071E545454542A220792
:107F00001E00104650F8046B4EB10CF07004102C9B
:107F100008BF11460E441CF0800F18BF36681E6063
:107F200070BDD01C20F0030050F8046B1E6070BDC3
:107F3000104650F8086BE7E7104630F9026BE3E7AC
:107F4000104630F8026BDFE700261046344610F882
:107F5000015B05F07F0E0EFA04FE15F0800F46EA75
:107F60000E0604F10704F2D11F2CCDD86D06CBD537
:107F70004FF0FF3505FA04F42643C6E70026104605
:107F8000344610F8015B05F07F0E0EFA04FE2D0654
:107F900046EA0E0604F10704F3D4B5E7C8F75AFE23
:107FA000FF2808B5034612D003F07003302B0846B3
:107FB00013D005D8202B09D1BDE8084000F0EBBF55
:107FC000402B06D1BDE80840D4F77EBD03D8002081
:107FD00008BD502BFBD0C8F73DFEBDE8084000F0BF
:107FE000D7BF00BFF8B50C461546064608B1D4F712
:107FF0006BFD286014F8017BFF2F28D168602046B4
:1080000010F8013BFF2B32D0102300242B752246A1
:1080100010F8011B01F07F039340090644EA0304B2
:1080200002F10702F4D40444EC6010F8013B6B75D4
:108030000024224610F8011B01F07F0393401C43EB
:108040000B0602F10702F5D404442C61F8BD314659
:108050003846FFF7A5FF2B1D014622463846FFF79D
:108060003FFF0446204610F8013BFF2BCCD12B7577
:108070000024D9E72DE9F04F00F0030395B0002468
:10808000012B0A940F46164600F0A480022B0AD159
:1080900031463846D4F702FD002840F09080082091
:1080A00015B0BDE8F08F002B40F0FD8110F0080402
:1080B000EED10EAB4FF001080293029B0093002318
:1080C0000C22194630460E97D3F730FF3046D4F7CE
:1080D00001FD03900028DBD0DDE9022144EA08031A
:1080E00030460493FFF77EFF9DF84C30069382469E
:1080F00031461846FFF754FF0DF134080023059070
:1081000010901946CDF800800F223046D3F7E6FED6
:108110000D9BDDF8489023F00103CA4503F1FF35BC
:1081200033D29DF84DB00E9C00215846FFF738FF22
:10813000524601460BAB5846FFF7D2FE002182465D
:108140005846FFF72DFF524601460CAB5846FFF745
:10815000C7FE002182465846FFF722FF52460146DD
:1081600043465846FFF7BCFE8246002002461AF8F6
:10817000011B01F07F03934018430B0602F1070235
:10818000F5D40B9B2344AB421DD94FF0000AD346D4
:108190000123049AD10777D50A9B1C460023194670
:1081A000CDF8008030460D22D3F798FE039BC7E937
:1081B0000B3B0D9B3B62C7E9094A062070E709208B
:1081C00015B0BDE8F08F0C9A1344AB4264D8CA4591
:1081D000AAD3DAE70EAB10F00804029302D04FF0F6
:1081E00002086AE700930D6A23460D2221463046B5
:1081F000D3F774FE0E9B9D42F1D1029B0093214662
:1082000023460C2230460E97D3F790FED7F830B0B5
:10821000D7E90A43BBF1000F3BD00393A2460DF10F
:108220003408BAF1000FC0F2FF80032500231A467C
:108230001946CDF8008030460D97D3F777FE00231E
:1082400019460122CDF8008030460D94D3F76EFE1A
:10825000002319460F22CDF800803046D3F73EFEAA
:108260000D9ACDF8008002F00102002342EA0B02D1
:108270000D9230460F221946D3F758FE022D60D0DA
:10828000072015B0BDE8F08F049A12075DD4012BCA
:108290006BD1384600F074FD0D9B002B3FF4F8AE17
:1082A0000F9A03EB020B002800F0E180013809EB84
:1082B0000004BBF1000F3FF4EBAE049B13F0080386
:1082C000089300F0D880794B3B60794B7B60069B2C
:1082D000079603F00702CDF818B04FF00009099295
:1082E0009B4600210A4614F8010B00F07F039340DF
:1082F000050641EA030102F10702F4D41F2A05D85A
:10830000400603D5012393405B42194300258A466A
:1083100026462A4616F8010B00F07F0393401D43C2
:10832000030602F10702F5D41F2A20D846061ED5FF
:10833000012393405B421D4359BB4FF001092C447C
:10834000CFE73846FFF74AFD9AE7012B00F0A980F6
:10835000BAF1000FC0F2A1805446032566E7049BE2
:10836000DB07DDE906B63FF517AF544659E781B99B
:108370004FF00109002DE2D14B46DDE906B6002B96
:108380003FF486AE049BD8073FF582AE0024022559
:108390004CE7002921DC6FF04043119E5B1A56F830
:1083A000231006EB83060FB1089B2BB10029E1D106
:1083B000DDE906B60323ECE60A9B0D9321B963E0E1
:1083C00056F8041F0029CAD03144434600223846DB
:1083D000FFF7ACFC0028F3D0CCE7BBF1FF0F44D093
:1083E000099A042A5FD8DFE802F0035E1C03190033
:1083F0008B005B42119A05991A4458464346FFF791
:108400006FFD0D990029D3D0002FB3D00AAB002205
:108410003846FFF78BFC0028ACD0C9E7CB005B42A5
:10842000E8E74B005B42E5E7DDE902213046FFF774
:10843000D9FD9DF84C003146FFF7B2FD6FF0404288
:10844000121B0546119850F8223000EB820033B120
:108450000246002352F8041F01330029FAD1C7E96C
:108460000A35042378633B63DFE60023C2E7BBF1F0
:10847000000F87D10CE6FB79012B0CBF57F8203C8D
:1084800007F158030A9322E71C46049BDD07DDE948
:1084900006B63FF583AE5446C3E600F021F800F07F
:1084A000E9FC00F00FF8C8F7D5FB00BF474E554375
:1084B000464F520008B58047C8F7CCFB00F0DAFC05
:1084C000C8F7C8FB08B5034B1868BFF35B8FFFF70D
:1084D000F1FF00BFA40C002008B58047FFF7F2FFB2
:1084E00008B5034B1868BFF35B8FFFF7F5FF00BFBC
:1084F000A00C0020024B1868BFF35B8F704700BFD1
:10850000A40C0020024B1868BFF35B8F704700BFBC
:10851000A00C0020012810B51AD8BFF35B8FA1F181
:10852000280353E8002F013A43E800200028F8D13F
:10853000BFF35B8F5AB951F81C3C01F158040BB1E1
:10854000204698472046BDE81040FFF759BB10BDB4
:1085500051F8140CFFF7AEFF002310B540E91E12CE
:1085600040F8803C0446FFF7CDFF44F8700CFFF75D
:10857000C1FF0749074A084B44F8581C44F8542CDB
:1085800044F86C0C44F8503CA4F1800010BD00BFCE
:10859000474E5543432B2B001585030870B5044601
:1085A0000D461646FFF798FC4368013332462946CC
:1085B00043602046FFF7D0FF0446012344F8283BE0
:1085C0002046D4F767F8204600F054FCFFF77AFF06
:1085D00010B5FFF781FCD0E900420132426064B17E
:1085E00094F82020472A0AD0002202602034204636
:1085F000D4F774F8204600F03DFCFFF763FF94F8D1
:1086000021204E2AF0D194F82220552AECD194F85A
:108610002320432AE8D194F82420432AE4D194F873
:1086200025202B2AE0D194F826202B2ADCD194F89F
:108630002720012AD8D8626952426261D6E700BF7A
:1086400010B5034B03600446FFF78EF9204610BDBA
:108650008CC8040810B5054B03600446FFF784F985
:1086600020460C21FFF7DEF9204610BD8CC8040817
:1086700070B582B00446069E96420D4609D0A068A9
:1086800004680696246A2946A44602B0BDE87040F4
:10869000604719460192009300F064F8DDE900326A
:1086A0000028ECD0062002B070BD00BF2DE9F04FCD
:1086B0000D4681B01946DDE90A8BDDE90CA91C469F
:1086C0000746164600F04EF880B9D04527D0B86866
:1086D00023460468CDE90CA9CDE90A8BE46932464A
:1086E0002946A44601B0BDE8F04F6047002DC9F807
:1086F000008089F804600CDBA844C24514BF4FF029
:1087000001084FF0060889F80680002001B0BDE896
:10871000F08F0235F9D1012389F80630F5E7594683
:10872000384600F01FF80028D1D089F80560ECE742
:108730002DE9F04106460F4614461D46FFF74EF957
:1087400048B9B068016822468C692B463946A44670
:10875000BDE8F0416047BDE8F08100BF704700BF51
:1087600000207047814211D008B5406803782A2B59
:108770000AD049680B782A2B08BF0131C7F780FF60
:10878000B0FA80F0400908BD002008BD0120704704
:1087900010B5034B03600446FFF7E6F8204610BD12
:1087A00004C9040810B5054B03600446FFF7DCF864
:1087B00020461821FFF736F9204610BD04C90408E9
:1087C0002DE9F04F83B00546DDF830A052459146C3
:1087D0000F4698462DD0EB685E1E05EBC305FBB136
:1087E000EC6814F0020F434639464FEA242212D0B7
:1087F00014F0010404D0F81C0DD0D9F80000825800
:10880000A868D0F800C0CDF800A0DCF820B04A4439
:10881000D847032808D8013E731CA5F10805DFD10D
:10882000012003B0BDE8F08F2043C0B203B0BDE823
:10883000F08F1946FFF796FF0028CCD00620F0E70E
:108840002DE9F04F93B08A461F9C0793A368DDF88B
:1088500070B00B90DE06099201D58368A3601E9B61
:108860009B4500F0688107990B98FFF77BFF002874
:1088700040F04E81BAF1000FA8BF1E9B4FF00102DD
:108880000892099AA4BFA3EB0A0319464FF0000E01
:10889000B8BF0146022342F00102CDE905AECDF892
:1088A00030E00A920D938A460B9BDF6807F1FF3890
:1088B000002F00F0828003EBC7074FF00009F96832
:1088C000A0681190CA07CDE90F994CBFDBF80020D2
:1088D000099A4FEA212344BFD3580A9A5B44BAF15C
:1088E000000F07D09A45089E2CBF00250125B542F0
:1088F00000F095808E0705D40599023100F08C8038
:1089000002F0FD02B868016800931E9B02930FAD50
:108910001D9B01930395CD69079B0599A847637932
:108920009DF841209DF842600F991343062E637114
:10893000864600F00A81022E8C4600F00681069DD4
:108940002268002D5CD1002A00F081808A4269D023
:10895000002900F0A580032BA57938D9D80702D5C6
:10896000A068800733D4012D38BF0125012E38BF00
:108970000126EDB2F6B286EA0503DBB2032B40F224
:108980008380032E40F29580DDF83CC09DF84020A6
:108990002271002206F00203C4F800C00692A671FC
:1089A00053BBF20728D56379042B2FD008F1FF3889
:1089B000B8F1FF3FA7F1080781D10C9B33B30D9BA2
:1089C000012B23D001230D93002308936CE7002D86
:1089D0002ED0002ECFD1032D40F2EE80E8077CD5BB
:1089E0000B9B9B6899073ED485F00103DBB2032BF8
:1089F0004FD9AB07A571D6D5002013B0BDE8F08FD5
:108A0000002AA3D10029A6D1042BCFD1DDF818E08C
:108A1000704613B0BDE8F08F8107C7D070E701231F
:108A20000C93C3E722799DF840100A432271BBE7FB
:108A3000032E5AD9F00742D486F00102D2B2032A9B
:108A4000A4D80122C4F80090A2710692ACE79DF868
:108A500040202160227121B17BB30B9A9268D60726
:108A6000CBD50690A0E7059BDDF83CC0002BC0F2FB
:108A700090801E9A63449A4216D185F00603DBB2B9
:108A8000032B00F2A28006262E40F6B2032E00F23F
:108A9000A88001226379C4F80090A271069283E74E
:108AA000BEF1000F80D056E785F00103DBB2032B47
:108AB000EFD905F002032E4671E7069076E70B9991
:108AC00089688907B8D5059B002B70DB1A441E9B6B
:108AD00093420CBF062501254DE785F00103DBB26B
:108AE000032BD6D9A571002087E70598002834DB31
:108AF0001E9D0244954270D0002E5BD10A1895420B
:108B00009FD19DF84020216006232271A37173E755
:108B1000099BC4F800B0BAF1000F237132DB1E9B31
:108B2000D3445B4514BF4FF0010B4FF0060B84F8A4
:108B300006B0002061E71D990B98FFF713FE00288F
:108B40003FF491AE099B637156E79DF84030216078
:108B50002371A67113B0BDE8F08F0599023146D09C
:108B60001E9B07980093036805991D6A1D9BA847E3
:108B70000546002E7FF4FFAE03283FF62FAFDDF849
:108B80003CC009E01AF1020F7FF436AF0123A37154
:108B900032E7059B023387D01E9B0798009303683A
:108BA00005991E6A1D9B6246B0470646E3E6059B93
:108BB0000233D5D10125DEE6059B002B1BDB059B8F
:108BC00019441E9B8B427FF464AF9DF84020C4F88B
:108BD00000C006232271A3710EE77EB90623A3719C
:108BE0000AE7002202232260A371012005E7002E7C
:108BF0003FF427AFDEE70233CED14AE70625BAE6D7
:108C00002DE9F04F89B0CDE902100446914698460F
:108C1000FEF7E4FE002873D1D8F80830DA06039A8C
:108C200048BF2346D46848BF9B68661E002C49D0C5
:108C3000039A019302EBC40403F0010200920025A1
:108C4000019BE2680495CDE90635009B8DF8145030
:108C500002F002073B4302F0010A2ED0B9F1000FE7
:108C600038D01212BAF1000F02D0D9F800309A5859
:108C70004A44A068016804ABD1F818B00299D847FB
:108C8000D8B1079B082B27D09DF81430032B04D9AB
:108C90001FB923F002038DF81430D8F80C1009B373
:108CA000D8F80030049A934242D16BB398F804305C
:108CB0009DF81420134388F80430013E771CA4F17A
:108CC0000804BDD198F80400003818BF012009B08D
:108CD000BDE8F08F4A46CCE7BAF1000FD4D0A368C4
:108CE0000793D1E704AB0FCB88E80F0098F8043066
:108CF000032B05D9980714D5039B9B68D907DCD4AF
:108D0000012009B0BDE8F08F0798082805D0082990
:108D100003D0FFF727FD0028C8D1022388F80430CC
:108D2000EEE7DA07ECD5039B9B689B07C5D4E7E722
:108D300000220223C8F8002088F804300120E0E770
:108D4000C9F75EB90378472B01D0002070474378FC
:108D50004E2BFAD18378552BF7D1C378432BF4D11E
:108D60000379432BF1D143792B2BEED183792B2B34
:108D7000EBD1C07901288CBF00200120704700BFD3
:108D800010B530B1044600F075F82046FFF7DAFF61
:108D900008B9FFF797FB54F8140CFFF78BFB00BFE3
:108DA0002DE9F04F83B00246FFF7CCFF38B152E90E
:108DB0000684D2E90C75D2F828A0002605E0044606
:108DC00080460126054607468246104600F052F8C6
:108DD0000EB1FFF785FB4046FFF77EFB00F04AF837
:108DE0000EB1FFF76FFBFFF773F8036893F82720C6
:108DF000012A0CBF1A6803F17802009227F00308D9
:108E000003F1200B4FF00009CA451ADD2F6807B1A6
:108E10002F446B46002239465846FEF787FF08B1BB
:108E2000FFF7D6FB3B6801900F49384601AA1F693E
:108E30000123B847002818BF064609F10109454437
:108E4000E2E746B10420FEF7C3FE084B084A064994
:108E50000360FFF7A3FB2046FFF72CFB00F048F868
:108E600000F046F8FEF75CFFDCC7040844C80408BD
:108E7000B57E030838B50446FFF72EF8224605688C
:108E800012F82039472B03D085BB0260284638BD35
:108E900063784E2BF8D1A378552BF5D1E378432B8B
:108EA000F2D12379432BEFD163792B2BECD1A3792A
:108EB0002B2BE9D1E379012BE6D854F80C3C002B9D
:108EC00011DB013344F80C3C4368013B436095429D
:108ED00018BF44F8105C656A18BF02602046D2F7DC
:108EE000F5FF284638BDC3F10103EBE7FFF7EAFAC7
:108EF00008B5FEF7EDFF03687BB393F82020472AFF
:108F000007D00022026003F12000BDE80840D2F73C
:108F1000DFBF93F821204E2AF3D193F82220552A5F
:108F2000EFD193F82320432AEBD193F82420432A4E
:108F3000E7D193F825202B2AE3D193F826202B2A7A
:108F4000DFD193F82720012ADBD85A69002A05DBF4
:108F5000013A08D0511C0ED05A6108BD0132FBD134
:108F600019690160F8E71A69026003F12000BDE8A1
:108F70000840D2F7ADBFFFF7A5FA00BF024B13B10F
:108F80000248C9F7BFBC704700000000153E00084A
:108F900008B5C7F75FFE08B5FFF7FAFFF8B500BFE1
:108FA000F8BC08BC9E467047F8B500BFF8BC08BCCA
:048FB0009E46704722
:108FB800000020410000A041000020420000A04223
:108FC800589300202C920020F091002056060000B3
:108FD800000000002B03000040970308C58D01081E
:108FE800FEFF00000000000000010000000020411A
:108FF800CDCCCC3EDB0F49400000A0410000204210
:109008000000C842000000000000C07F0000C07FD0
:109018000000C07F000000000400000008000000FD
:109028000C000000106002402860024040600240CE
:10903800586002407060024088600240A0600240B0
:10904800B860024010640240286402404064024054
:10905800586402407064024088640240A064024080
:10906800B864024090D00300010000000000000036
:1090780000007A4400007A440118CF3A000000400A
:109088000000003F0000003F000000000700000053
:109098000000204100000040000000000000000027
:1090A8000AD7233D000000000000204100000041D5
:1090B8000000807F0000704200007A440000C8422F
:1090C8000000F042000020410000204100000000A4
:1090D800000020410000803F00000000000080FFE9
:1090E8000000807FCDCCCC3DCDCC4C3E00000000B4
:1090F8000000C8420000F04201000000000000002B
:109108000000000000000000000000000400000053
:109118000000C8420000F04200000000000000000B
:109128000004040303030000000B0B020C0C0207ED
:109138000700000000000000000008000000000018
:10914800000000000000000000000800000000000F
:10915800000000008CB20308F16B03080000000057
:109168000000000000040000A4B20308D57403083E
:109178000000000000000000000400000A000100D8
:1091880002000300040005000600070008000900AB
:109198000A000B000C000D000E000F00100000006C
:1091A80000202020202020202020282828282820AF
:1091B80020202020202020202020202020202020A7
:1091C800208810101010101010101010101010100F
:1091D80010040404040404040404041010101010FF
:1091E80010104141414141410101010101010101C9
:1091F800010101010101010101010101101010101B
:10920800101042424242424202020202020202029A
:1092180002020202020202020202020210101010EE
:109228002000000000000000000000000000000016
:109238000000000000000000000000000000000026
:109248000000000000000000000000000000000016
:109258000000000000000000000000000000000006
:1092680000000000000000000000000000000000F6
:1092780000000000000000000000000000000000E6
:1092880000000000000000000000000000000000D6
:1092980000000000000000000000000000000000C6
:1092A800000000000A00010002000300040005009D
:1092B80006000700080009000A000B000C000D005A
:1092C8000E000F001000000035000000CEFBFFFF6D
:1092D800CB03000001000000000000003400000083
:1092E800CEFBFFFFCB0300000100000000000000E0
:1092F800BC89D897B2D29C3C33A7A8D523F6493964
:109308003DA7F444FD0FA5329D978CCF08BA5B2585
:10931800436FAC64280668112020202020202020DC
:1093280020202020202020203030303030303030B5
:1093380030303030303030300000000000000000A5
:109348000000000000000000000000000000000015
:109358000000000000000000000000000000000005
:109368000000000000000000101112131415161759
:109378001819000000000000001A1B1C1D1E1F0009
:1093880000000000000000000000000000000000D5
:109398000000000000000000001A1B1C1D1E1F001A
:1093A80000000000000000000000000000000000B5
:1093B80000000000000000000000000000000000A5
:1093C8000000000000000000000000000000000095
:1093D8000000000000000000000000000000000085
:1093E8000000000000000000000000000000000075
:1093F8000000000000000000000000000000000065
:109408000000000000000000000000000000000054
:109418000000000000000000000000000000000044
:109428000000000000000000000000000000000034
:109438000000000000000000050000001900000006
:109448007D00000000000000000000000000F03F68
:109458000000000000002440000000000000594007
:109468000000000000408F40000000000088C3405A
:1094780000000000006AF8400000000080842E41CF
:1094880000000000D01263410000000084D797411B
:109498000000000065CDCD41000000205FA0024221
:1094A800000000E876483742000000A2941A6D4296
:1094B800000040E59C30A2420000901EC4BCD64289
:1094C80000003426F56B0C430080E03779C3414334
:1094D80000A0D8855734764300C84E676DC1AB43AA
:1094E800003D9160E458E143408CB5781DAF1544C8
:1094F80050EFE2D6E41A4B4492D54D06CFF08044A3
:10950800F64AE1C7022DB544B49DD9794378EA44B7
:10951800BC89D897B2D29C3C33A7A8D523F6493941
:109528003DA7F444FD0FA5329D978CCF08BA5B2563
:10953800436FAC642806C80A0080E03779C341430A
:10954800176E05B5B5B89346F5F93FE9034F384DA1
:10955800321D30F94877825A3CBF737FDD4F15754D
:1095680020202020202020202020202020202020F3
:1095780030303030303030303030303030303030E3
:109588003134476174654472697665724261736506
:10959800000000008CC7040888950308394F704103
:1095A8006D704261736500008CC70408A4950308B8
:1095B80037447276383330310000000004C904089B
:1095C800B895030800000000020000009C950308FD
:1095D80002000000B095030802040000000000002B
:1095E800C495030819CF000845CF00081DCF00080F
:1095F8002DCF0008FCFFFFFFC495030855CF0008D6
:1096080025CF000839CF0008040100000000000041
:109618000008000000000000010000000002000037
:10962800180000000000000000000000000000001A
:109638000A000000D89D002034F8B543AC13E7C3F6
:1096480091C6994339CEDDC1426F6172642F76337A
:109658002F5372632F74696D2E630000426F61721D
:10966800642F76332F5372632F757362645F636F51
:109678006E662E6300000000426F6172642F7633BD
:109688002F5372632F7370692E630000426F6172EB
:10969800642F76332F5372632F75736172742E6340
:1096A80000000000426F6172642F76332F5372639B
:1096B8002F6164632E6300004F44726976652052FF
:1096C8006F626F74696373004F4472697665203303
:1096D8002E362043444320496E7465726661636583
:1096E8000000000043444320436F6E666967000032
:1096F80043444320496E74657266616365000000E7
:109708004F447269766520332E36204E617469762F
:109718006520496E7465726661636500426F6172A7
:10972800642F76332F5372632F6932632E630000E0
:1097380049444C4500000000616E616C6F675F74BE
:1097480068726561645F6465660000007374643AFA
:109758003A6765743A2077726F6E6720696E646540
:109768007820666F722076617269616E74000000FD
:109778007374643A3A6765743A2076617269616E07
:10978800742069732076616C75656C65737300006D
:1097980064656661756C745461736B003031323383
:1097A80034353637383941424344454600000000D5
:1097B80063616E5F7365727665725F746872656106
:1097C800645F646566000000257500002A25750D34
:1097D8000A0000000D0A0000445320256C7520255E
:1097E8006C7520256C7520256C7520256C7500001E
:1097F8006461202575000000444120257820256CEF
:109808007820256C7820256C7820256C780000005D
:10981800646220257500000064632025750000003F
:109828006464202575000000444220257820256CBA
:109838007820256C7820256C7820256C780000002D
:1098480075736167653A206473207C2064612F64B6
:10985800622F64632F646420696E64657800000079
:10986800444320257820256C7820256C7820256CA9
:109878007820256C78000000444420257820252E87
:10988800336620256C780000506C65617365207321
:10989800656520646F63756D656E746174696F6E5C
:1098A80020666F72206D6F72652064657461696CE3
:1098B80073000000417661696C61626C6520636FBA
:1098C8006D6D616E64732073796E74617820726552
:1098D800666572656E63653A00000000506F7369D3
:1098E80074696F6E3A2071206178697320706F73A4
:1098F8002076656C2D6C696D20492D6C696D0000B2
:10990800506F736974696F6E3A207020617869735B
:1099180020706F732076656C2D666620492D66660B
:109928000000000056656C6F636974793A207620F0
:10993800617869732076656C20492D6666000000A1
:10994800546F727175653A20632061786973205489
:109958000000000050726F7065727469657320733F
:1099680074617274206174206F6472697665207204
:109978006F6F742C20737563682061732061786938
:1099880073302E7265717565737465645F73746185
:1099980074650000526561643A20722070726F70BD
:1099A800657274790000000057726974653A20770F
:1099B8002070726F70657274792076616C756500BD
:1099C8005361766520636F6E6669673A207373002A
:1099D800457261736520636F6E6669673A207365C7
:1099E800000000005265626F6F743A2073720000C5
:1099F8006E6F7420696D706C656D656E746564005A
:109A08007220253235357300696E76616C69642081
:109A1800636F6D6D616E6420666F726D61740000B6
:109A2800696E76616C69642070726F7065727479A2
:109A38000000000077202532353573202532353572
:109A480073000000756E6B6E6F776E20636F6D6DBF
:109A5800616E640070202575202566202566202506
:109A680066000000696E76616C6964206D6F746FC2
:109A780072202575000000007120257520256620BC
:109A8800256620256600000076202575202566209D
:109A9800256600006320257520256600742025753D
:109AA8002025660075202575000000006C202575AE
:109AB80020256900656E636F646572207365742084
:109AC800746F2025750000006620257500000000D1
:109AD80048617264776172652076657273696F6E2A
:109AE8003A2025642E25642D256456004669726D3A
:109AF800776172652076657273696F6E3A202564A6
:109B08002E25642E2564000053657269616C206EF1
:109B1800756D6265723A202573000000746865727D
:109B28006D6973746F725F757064617465000000AD
:109B3800656E636F6465725F75706461746500005B
:109B480073656E736F726C6573735F657374696D3B
:109B580061746F725F75706461746500656E6473BB
:109B6800746F705F757064617465000063616E5F27
:109B78006865617274626561740000006F70656E7B
:109B88005F6C6F6F705F636F6E74726F6C6C657211
:109B98005F757064617465006163696D5F65737496
:109BA800696D61746F725F7570646174650000003F
:109BB8006D6F746F725F757064617465000000008A
:109BC80063757272656E745F636F6E74726F6C6CBE
:109BD80065725F7570646174650000006375727208
:109BE800656E745F73656E736500000070776D5FF6
:109BF80075706461746500006770696F5F6E756D7C
:109C08000000000069735F6163746976655F6C6F5B
:109C180077000000636F6E66696700006F666673A1
:109C28006574000069735F6163746976655F68696C
:109C3800676800006465626F756E63655F6D7300C9
:109C4800656E6473746F705F73746174650000008F
:109C580076656C5F6C696D697400000061636365AB
:109C68006C5F6C696D697400646563656C5F6C69D1
:109C78006D6974006F627365727665725F6761699A
:109C88006E000000706C6C5F62616E64776964746A
:109C980068000000706D5F666C75785F6C696E6B4C
:109CA800616765006572726F7200000070686173A9
:109CB80065000000706C6C5F706F73007068617392
:109CC800655F76656C00000076656C5F6573746926
:109CD8006D61746500000000736C69705F76656C77
:109CE8006F63697479000000726F746F725F666CDD
:109CF80075780000736C69705F76656C0000000011
:109D080070686173655F6F66667365740000000054
:109D1800737461746F725F70686173655F76656C88
:109D280000000000737461746F725F70686173651E
:109D3800000000007573655F696E64657800000057
:109D48007573655F696E6465785F6F666673657461
:109D58000000000066696E645F6964785F6F6E5F1B
:109D68006C6F636B696E5F6F6E6C79006162735FB5
:109D78007370695F63735F6770696F5F70696E00A6
:109D88006370720070686173655F6F66667365748F
:109D98005F666C6F61740000646972656374696FF3
:109DA8006E0000007072655F63616C696272617455
:109DB80065640000656E61626C655F7068617365FB
:109DC8005F696E746572706F6C6174696F6E0000A4
:109DD80063616C69625F72616E67650063616C697B
:109DE800625F7363616E5F64697374616E6365005B
:109DF80063616C69625F7363616E5F6F6D656761F4
:109E08000000000069676E6F72655F696C6C65675A
:109E1800616C5F68616C6C5F7374617465000000ED
:109E280068616C6C5F706F6C6172697479000000B6
:109E380068616C6C5F706F6C61726974795F636183
:109E48006C696272617465640000000073696E6316
:109E58006F735F6770696F5F70696E5F73696E00BB
:109E680073696E636F735F6770696F5F70696E5F48
:109E7800636F730069735F72656164790000000045
:109E8800696E6465785F666F756E64007368616497
:109E98006F775F636F756E7400000000636F756E97
:109EA800745F696E5F63707200000000696E7465AC
:109EB80072706F6C6174696F6E000000706F735F11
:109EC800657374696D61746500000000706F735F7D
:109ED800657374696D6174655F636F756E74730023
:109EE800706F735F63697263756C61720000000064
:109EF800706F735F6370725F636F756E7473000069
:109F080064656C74615F706F735F6370725F636FB9
:109F1800756E74730000000068616C6C5F73746127
:109F28007465000076656C5F657374696D6174654E
:109F38005F636F756E74730063616C69625F7363EE
:109F4800616E5F726573706F6E736500706F735FBB
:109F5800616273007370695F6572726F725F7261BC
:109F6800746500006672657175656E63790000003E
:109F7800706F735F616D706C697475646500000063
:109F880076656C5F616D706C69747564650000005E
:109F9800746F727175655F616D706C6974756465F5
:109FA8000000000063616C69625F616E7469636FD1
:109FB8006767696E6700000063616C69625F706F54
:109FC800735F7468726573686F6C640063616C6951
:109FD800625F76656C5F7468726573686F6C640045
:109FE800636F6767696E675F726174696F0000000D
:109FF800616E7469636F6767696E675F656E6162DA
:10A008006C6564006761696E5F7363686564756C2D
:10A01800696E675F7769647468000000656E6162E5
:10A028006C655F76656C5F6C696D69740000000033
:10A03800656E61626C655F746F727175655F6D6F77
:10A0480064655F76656C5F6C696D6974000000001B
:10A05800656E61626C655F6761696E5F7363686591
:10A0680064756C696E670000656E61626C655F6F30
:10A0780076657273706565645F6572726F720000F1
:10A08800636F6E74726F6C5F6D6F646500000000C3
:10A09800696E7075745F6D6F64650000706F735FD3
:10A0A8006761696E0000000076656C5F6761696EC4
:10A0B8000000000076656C5F696E74656772617494
:10A0C8006F725F6761696E0076656C5F696E746553
:10A0D800677261746F725F6C696D6974000000006B
:10A0E80076656C5F6C696D69745F746F6C657261BD
:10A0F8006E63650076656C5F72616D705F72617426
:10A1080065000000746F727175655F72616D705FD4
:10A11800726174650000000063697263756C617236
:10A128005F736574706F696E74730000636972633E
:10A13800756C61725F736574706F696E745F72615C
:10A148006E67650073746570735F7065725F6369CD
:10A158007263756C61725F72616E67650000000002
:10A16800686F6D696E675F737065656400000000F5
:10A17800696E657274696100617869735F746F5F95
:10A188006D6972726F7200006D6972726F725F72C0
:10A198006174696F00000000746F727175655F6D9E
:10A1A8006972726F725F726174696F006C6F61645B
:10A1B8005F656E636F6465725F6178697300000044
:10A1C800696E7075745F66696C7465725F62616EE2
:10A1D8006477696474680000616E7469636F6767A7
:10A1E800696E67006D656368616E6963616C5F7055
:10A1F8006F7765725F62616E647769647468000086
:10A20800656C656374726963616C5F706F776572A2
:10A218005F62616E64776964746800007370696E68
:10A228006F75745F6D656368616E6963616C5F709B
:10A238006F7765725F7468726573686F6C6400002D
:10A248007370696E6F75745F656C6563747269634A
:10A25800616C5F706F7765725F7468726573686F41
:10A268006C6400006C6173745F6572726F725F7406
:10A27800696D6500696E7075745F706F73000000BA
:10A28800696E7075745F76656C000000696E707534
:10A29800745F746F7271756500000000706F735F92
:10A2A800736574706F696E740000000076656C5F8A
:10A2B800736574706F696E7400000000746F72715A
:10A2C80075655F736574706F696E74007472616A26
:10A2D8006563746F72795F646F6E650076656C5F35
:10A2E800696E7465677261746F725F746F7271758D
:10A2F80065000000616E7469636F6767696E675F08
:10A3080076616C69640000006175746F74756E69BC
:10A318006E675F7068617365000000006175746F37
:10A3280074756E696E6700006D656368616E696358
:10A33800616C5F706F77657200000000656C656323
:10A3480074726963616C5F706F77657200000000FA
:10A35800706F6C655F7061697273000063616C692E
:10A3680062726174696F6E5F63757272656E740094
:10A37800726573697374616E63655F63616C69624A
:10A388005F6D61785F766F6C7461676500000000CF
:10A3980070686173655F696E64756374616E636527
:10A3A8000000000070686173655F7265736973749B
:10A3B800616E636500000000746F727175655F639C
:10A3C8006F6E7374616E74006D6F746F725F747901
:10A3D8007065000063757272656E745F6C696D00FC
:10A3E80063757272656E745F6C696D5F6D617267BB
:10A3F800696E0000746F727175655F6C696D00003D
:10A40800696E7665727465725F74656D705F6C698C
:10A418006D69745F6C6F776572000000696E7665B0
:10A42800727465725F74656D705F6C696D69745F75
:10A43800757070657200000072657175657374657A
:10A44800645F63757272656E745F72616E676500D2
:10A4580063757272656E745F636F6E74726F6C5F32
:10A4680062616E6477696474680000006163696D95
:10A478005F6761696E5F6D696E5F666C7578000015
:10A488006163696D5F6175746F666C75785F6D691E
:10A498006E5F4964000000006163696D5F617574F7
:10A4A8006F666C75785F656E61626C6500000000B0
:10A4B8006163696D5F6175746F666C75785F6174EF
:10A4C8007461636B5F6761696E0000006163696D49
:10A4D8005F6175746F666C75785F64656361795FD9
:10A4E8006761696E00000000525F774C5F46465F07
:10A4F800656E61626C65000062454D465F46465F69
:10A50800656E61626C650000495F6275735F6861C2
:10A5180072645F6D696E0000495F6275735F6861A0
:10A5280072645F6D61780000495F6C65616B5F6D97
:10A538006178000064635F63616C69625F74617570
:10A5480000000000705F6761696E0000695F676105
:10A55800696E0000495F6D656173757265645F724D
:10A5680065706F72745F66696C7465725F6B00000A
:10A5780049645F736574706F696E740049715F73C5
:10A588006574706F696E740056645F736574706F7C
:10A59800696E740056715F736574706F696E7400CC
:10A5A80049616C7068615F6D65617375726564009F
:10A5B80049626574615F6D656173757265640000F9
:10A5C80049645F6D656173757265640049715F6D9B
:10A5D8006561737572656400706F7765720000005D
:10A5E800765F63757272656E745F636F6E74726F97
:10A5F8006C5F696E74656772616C5F64000000006F
:10A60800765F63757272656E745F636F6E74726F76
:10A618006C5F696E74656772616C5F710000000041
:10A6280066696E616C5F765F616C706861000000DE
:10A6380066696E616C5F765F626574610000000038
:10A64800706F6C795F636F656666696369656E7460
:10A658005F300000706F6C795F636F656666696371
:10A6680069656E745F310000706F6C795F636F6548
:10A678006666696369656E745F320000706F6C7935
:10A688005F636F656666696369656E745F33000052
:10A6980074656D705F6C696D69745F6C6F776572F6
:10A6A8000000000074656D705F6C696D69745F759A
:10A6B800707065720000000074656D706572617479
:10A6C8007572650069735F61726D656400000000F2
:10A6D80069735F63616C696272617465640000002C
:10A6E80063757272656E745F6D6561735F706841E2
:10A6F8000000000063757272656E745F6D6561734A
:10A708005F7068420000000063757272656E745F66
:10A718006D6561735F7068430000000044435F63C8
:10A72800616C69625F7068410000000044435F63C8
:10A73800616C69625F7068420000000044435F63B7
:10A74800616C69625F70684300000000495F627570
:10A758007300000070686173655F63757272656E7F
:10A76800745F7265765F6761696E0000656666652D
:10A7780063746976655F63757272656E745F6C6920
:10A788006D0000006D61785F616C6C6F7765645F68
:10A7980063757272656E74006D61785F64635F6380
:10A7A800616C6962000000006665745F74686572B8
:10A7B8006D6973746F7200006D6F746F725F746887
:10A7C80065726D6973746F72000000006375727250
:10A7D800656E745F636F6E74726F6C006E5F657622
:10A7E800745F63757272656E745F6D65617375729F
:10A7F800656D656E740000006E5F6576745F7077D6
:10A808006D5F757064617465000000006E6F64654B
:10A818005F69640069735F657874656E6465640078
:10A828006865617274626561745F726174655F6D99
:10A8380073000000656E636F6465725F72617465B2
:10A848005F6D73006D6F746F725F6572726F725FA8
:10A85800726174655F6D7300656E636F6465725FC6
:10A868006572726F725F726174655F6D730000006C
:10A87800636F6E74726F6C6C65725F6572726F7203
:10A888005F726174655F6D730000000073656E73BD
:10A898006F726C6573735F6572726F725F726174E9
:10A8A800655F6D7300000000656E636F6465725FBD
:10A8B800636F756E745F726174655F6D730000001D
:10A8C80069715F726174655F6D73000073656E73A3
:10A8D8006F726C6573735F726174655F6D7300008E
:10A8E8006275735F76695F726174655F6D7300008E
:10A8F80072616D705F74696D6500000072616D70E2
:10A908005F64697374616E63650000006163636509
:10A918006C00000076656C0066696E6973685F6438
:10A92800697374616E63650066696E6973685F6FE9
:10A938006E5F76656C00000066696E6973685F6FAC
:10A948006E5F64697374616E6365000066696E6941
:10A9580073685F6F6E5F656E635F6964780000009F
:10A96800737461727475705F6D6F746F725F636119
:10A978006C6962726174696F6E0000007374617251
:10A988007475705F656E636F6465725F696E646528
:10A99800785F7365617263680000000073746172A8
:10A9A8007475705F656E636F6465725F6F666673FA
:10A9B80065745F63616C6962726174696F6E0000CF
:10A9C800737461727475705F636C6F7365645F6CC8
:10A9D8006F6F705F636F6E74726F6C007374617207
:10A9E8007475705F686F6D696E670000656E61628F
:10A9F8006C655F737465705F646972007374657009
:10AA08005F6469725F616C776179735F6F6E000074
:10AA1800656E61626C655F73656E736F726C65738A
:10AA2800735F6D6F646500007761746368646F6756
:10AA38005F74696D656F757400000000656E616212
:10AA48006C655F7761746368646F670073746570C1
:10AA58005F6770696F5F70696E0000006469725F9C
:10AA68006770696F5F70696E0000000063616C69F0
:10AA780062726174696F6E5F6C6F636B696E000000
:10AA880073656E736F726C6573735F72616D70005E
:10AA980067656E6572616C5F6C6F636B696E0000F1
:10AAA800737465705F6469725F6163746976650069
:10AAB8006C6173745F6472765F6661756C740000B4
:10AAC800737465707300000063757272656E745FED
:10AAD80073746174650000007265717565737465DF
:10AAE800645F73746174650069735F686F6D656432
:10AAF800000000006D6F746F72000000636F6E7469
:10AB0800726F6C6C65720000656E636F64657200CD
:10AB18006163696D5F657374696D61746F7200005C
:10AB280073656E736F726C6573735F657374696D4B
:10AB380061746F7200000000747261705F747261FA
:10AB48006A0000006D696E5F656E6473746F7000F3
:10AB58006D61785F656E6473746F70006D656368AE
:10AB6800616E6963616C5F6272616B650000000011
:10AB78007461736B5F74696D65730000656E6470F2
:10AB88006F696E74000000006D696E006D61780079
:10AB9800656E61626C655F756172745F610000006B
:10ABA800656E61626C655F756172745F620000005A
:10ABB800656E61626C655F756172745F6300000049
:10ABC800756172745F615F6261756472617465005A
:10ABD800756172745F625F62617564726174650049
:10ABE800756172745F635F62617564726174650038
:10ABF800656E61626C655F63616E5F610000000095
:10AC0800656E61626C655F6932635F6100000000B8
:10AC18007573625F6364635F70726F746F636F6C88
:10AC28000000000075617274305F70726F746F633A
:10AC38006F6C000075617274315F70726F746F634E
:10AC48006F6C000075617274325F70726F746F633D
:10AC58006F6C00006D61785F726567656E5F637524
:10AC68007272656E740000006272616B655F726576
:10AC780073697374616E636500000000656E6162DC
:10AC88006C655F6272616B655F7265736973746F1F
:10AC98007200000064635F6275735F756E6465724D
:10ACA800766F6C746167655F747269705F6C6576E6
:10ACB800656C000064635F6275735F6F76657276BA
:10ACC8006F6C746167655F747269705F6C657665D7
:10ACD8006C000000656E61626C655F64635F62753D
:10ACE800735F6F766572766F6C746167655F7261AA
:10ACF8006D70000064635F6275735F6F766572766E
:10AD08006F6C746167655F72616D705F7374617297
:10AD18007400000064635F6275735F6F76657276B6
:10AD28006F6C746167655F72616D705F656E6400FA
:10AD380064635F6D61785F706F7369746976655F6E
:10AD480063757272656E740064635F6D61785F6EBF
:10AD5800656761746976655F63757272656E7400A4
:10AD68006572726F725F6770696F5F70696E0000FD
:10AD78006770696F335F616E616C6F675F6D61707B
:10AD880070696E67000000006770696F345F616EFC
:10AD9800616C6F675F6D617070696E6700000000BD
:10ADA8006770696F315F6D6F646500006770696F08
:10ADB800325F6D6F646500006770696F335F6D6F38
:10ADC800646500006770696F345F6D6F64650000CB
:10ADD8006770696F355F6D6F646500006770696FD4
:10ADE800365F6D6F646500006770696F375F6D6F00
:10ADF800646500006770696F385F6D6F6465000097
:10AE08006770696F395F6D6F646500006770696F9F
:10AE180031305F6D6F6465006770696F31315F6DE8
:10AE28006F6465006770696F31325F6D6F646500CC
:10AE38006770696F31335F6D6F6465006770696F44
:10AE480031345F6D6F6465006770696F31355F6DB0
:10AE58006F6465006770696F31365F6D6F64650098
:10AE68006770696F315F70776D5F6D617070696E63
:10AE7800670000006770696F325F70776D5F6D61A2
:10AE88007070696E670000006770696F335F707774
:10AE98006D5F6D617070696E670000006770696F43
:10AEA800345F70776D5F6D617070696E6700000068
:10AEB800626175645F726174650000006164647248
:10AEC80000000000616464725F6D617463685F63B1
:10AED8006E74000072785F636E7400006572726F42
:10AEE800725F636E7400000074785F636E740000B4
:10AEF80074785F6F76657272756E5F636E7400004A
:10AF0800757074696D6500006D696E5F6865617064
:10AF18005F737061636500006D61785F737461636E
:10AF28006B5F75736167655F617869730000000026
:10AF38006D61785F737461636B5F75736167655F7B
:10AF4800757362006D61785F737461636B5F7573AD
:10AF58006167655F75617274000000006D61785FFC
:10AF6800737461636B5F75736167655F63616E00BE
:10AF78006D61785F737461636B5F75736167655F3B
:10AF880073746172747570006D61785F7374616356
:10AF98006B5F75736167655F616E616C6F670000F9
:10AFA800737461636B5F73697A655F617869730055
:10AFB800737461636B5F73697A655F7573620000B0
:10AFC800737461636B5F73697A655F75617274002E
:10AFD800737461636B5F73697A655F7374617274AC
:10AFE80075700000737461636B5F73697A655F6382
:10AFF800616E0000737461636B5F73697A655F618A
:10B008006E616C6F670000007072696F5F617869CC
:10B01800730000007072696F5F7573620000000052
:10B028007072696F5F756172740000007072696F89
:10B038005F73746172747570000000007072696FDC
:10B048005F63616E000000007072696F5F616E611E
:10B058006C6F67006932630073746172745F74693E
:10B068006D650000656E645F74696D6500000000C1
:10B078006D61785F6C656E677468000073616D70F0
:10B088006C696E6700000000636F6E74726F6C5FAE
:10B098006C6F6F705F6D697363000000636F6E742F
:10B0A800726F6C5F6C6F6F705F636865636B730062
:10B0B80064635F63616C69625F7761697400000053
:10B0C800766275735F766F6C746167650000000067
:10B0D8006962757300000000696275735F7265705C
:10B0E8006F72745F66696C7465725F6B0000000054
:10B0F80073657269616C5F6E756D626572000000E0
:10B1080068775F76657273696F6E5F6D616A6F727B
:10B118000000000068775F76657273696F6E5F6D17
:10B12800696E6F720000000068775F7665727369F8
:10B138006F6E5F76617269616E74000066775F7624
:10B14800657273696F6E5F6D616A6F7200000000EF
:10B1580066775F76657273696F6E5F6D696E6F7221
:10B168000000000066775F76657273696F6E5F72C4
:10B1780065766973696F6E0066775F766572736965
:10B188006F6E5F756E72656C656173656400000053
:10B198006272616B655F7265736973746F725F6108
:10B1A800726D6564000000006272616B655F7265B4
:10B1B800736973746F725F736174757261746564B7
:10B1C800000000006272616B655F72657369737479
:10B1D8006F725F63757272656E7400006E5F65767C
:10B1E800745F73616D706C696E6700006E5F657681
:10B1F800745F636F6E74726F6C5F6C6F6F7000005A
:10B208007461736B5F74696D6572735F61726D658C
:10B218006400000073797374656D5F73746174738F
:10B2280000000000757365725F636F6E6669675F23
:10B238006C6F6164656400006D6973636F6E666945
:10B2480067757265640000006F7363696C6C6F7377
:10B25800636F706500000000746573745F70726FCF
:10B2680070657274790000006F74705F76616C6944
:10B2780064000000617869733000000061786973C8
:10B2880031000000756172745F7365727665725F74
:10B298007468726561645F64656600007573625FF7
:10B2A8007365727665725F7468726561645F646500
:10B2B80066000000474C49424358585F54554E4178
:10B2C800424C4553000000006F626A5F73697A65FB
:10B2D800000000006F626A5F636F756E74000000A3
:10B2E800676C69626378782E65685F706F6F6C0051
:10B2F8007374643A3A6261645F657863657074690F
:10B308006F6E000065256C64000000002E000000D0
:10B318006E660000696E69747900000043000000E1
:10B32800504F534958000000494E4600696E660068
:10B338004E414E006E616E0030313233343536374F
:10B34800383961626364656600000000286E756CB8
:10B358006C29000042616C6C6F63207375636365D0
:10B3680065646564000000002E2E2F2E2E2F2E2ED1
:10B378002F2E2E2F2E2E2F2E2E2F6E65776C696274
:10B388002F6C6962632F7374646C69622F676474CD
:10B398006F612D6765746865782E6300496E66690C
:10B3A8006E697479000000004E614E002E2E2F2E1B
:10B3B8002E2F2E2E2F2E2E2F2E2E2F2E2E2F6E6529
:10B3C800776C69622F6C6962632F7374646C69624D
:10B3D8002F64746F612E63002C2066756E63746928
:10B3E8006F6E3A2000000000617373657274696FB4
:10B3F8006E2022257322206661696C65643A206696
:10B40800696C6520222573222C206C696E652025C5
:10B4180064257325730A00002E2E2F2E2E2F2E2E14
:10B428002F2E2E2F2E2E2F2E2E2F6E65776C6962C3
:10B438002F6C6962632F7374646C69622F6D70720C
:10B4480065632E6300000000000800000000000093
:10B4580001020304000000000000000001020304D0
:10B468000607080900061016000610164E3566690C
:10B4780062726531374173796E6353747265616DB9
:10B48800536F7572636545008CC7040874B403086C
:10B498004E35666962726531354173796E635374EE
:10B4A8007265616D53696E6B450000008CC70408B6
:10B4B80098B403084E35666962726531335061632A
:10B4C8006B65745772617070657245008CC80408AA
:10B4D800BCB40308B4B403084E35666962726531BA
:10B4E800355061636B6574556E7772617070657203
:10B4F800450000008CC80408E0B4030890B40308B1
:10B5080000000000D4B40308457B0108857C0108CD
:10B5180000000000FCB40308C97A01083D7D010859
:10B52800000400004E31304F4472697665496E74EC
:10B53800663841786973496E746645008CC704089B
:10B548002CB5030834417869730000008CC80408DE
:10B558004CB5030844B503080000000054B50308BF
:10B56800C5900108537431386261645F766172690D
:10B57800616E745F61636365737300008CC804084F
:10B588006CB50308C0C70408333152657369737416
:10B59800616E63654D6561737572656D656E744343
:10B5A8006F6E74726F6C4C61770000008CC8040871
:10B5B80090B5030800BA03083331496E64756374A3
:10B5C800616E63654D6561737572656D656E744313
:10B5D8006F6E74726F6C4C61770000008CC8040841
:10B5E800C0B5030800BA03080000000084B50308CA
:10B5F80029A601083DA60108A1A401080000000031
:10B60800B4B50308A5A4010861E201089DE7010893
:10B61800B9A40108C9A6010800000000E4B50308A0
:10B62800A5A5010861E201089DE70108ADA501088B
:10B6380059A601084E31304F4472697665496E74D7
:10B64800663238546865726D6973746F72437572C7
:10B6580072656E744C696D69746572496E7466457D
:10B66800000000008CC704083CB603084E31304F78
:10B678004472697665496E746633354F6E626F61E0
:10B688007264546865726D6973746F72437572720F
:10B69800656E744C696D69746572496E74664500AF
:10B6A8008CC7040874B603084E31304F447269766B
:10B6B80065496E746633364F6666626F61726454AC
:10B6C8006865726D6973746F7243757272656E74B2
:10B6D8004C696D69746572496E74664500000000B6
:10B6E8008CC70408B0B60308313443757272656EAE
:10B6F800744C696D69746572000000008CC7040899
:10B70800F0B603083234546865726D6973746F72E9
:10B7180043757272656E744C696D69746572000068
:10B7280004C904080CB70308000000000200000068
:10B7380004B70308020000006CB60308020000000A
:10B7480033314F6E626F617264546865726D6973EC
:10B75800746F7243757272656E744C696D69746545
:10B768007200000004C9040848B70308000000007C
:10B778000200000028B7030802000000A8B603086A
:10B788000200000033324F6666626F61726454686B
:10B7980065726D6973746F7243757272656E744CFD
:10B7A800696D69746572000004C904088CB70308E0
:10B7B800000000000200000028B703080200000093
:10B7C800E8B6030802000000000000006CB7030898
:10B7D800B1D20008E5D400086DB7010800000000E8
:10B7E800B0B70308B5D20008F5D400086DB7010852
:10B7F8004E31304F4472697665496E746631314511
:10B808006E636F646572496E746645008CC7040880
:10B81800F8B7030837456E636F646572000000006F
:10B828008CC804081CB8030814B803088CC704089B
:10B838003CB803082A5A4E37456E636F6465723206
:10B848003972756E5F68616C6C5F706F6C6172697C
:10B8580074795F63616C6962726174696F6E457651
:10B8680045556C62455F00008CC7040878B803082A
:10B878002A5A4E37456E636F646572323672756E3A
:10B888005F68616C6C5F70686173655F63616C6948
:10B8980062726174696F6E457645556C62455F00EA
:10B8A8000000000028B80308B9B90108000000002A
:10B8B8000000803F00000040000040400000804041
:10B8C8000000A0403133436F6D706F6E656E744237
:10B8D800617365008CC70408CCB803083133416331
:10B8E800696D457374696D61746F72008CC8040862
:10B8F800E4B80308DCB8030800000000F4B8030843
:10B90800B9D001084E31304F4472697665496E747A
:10B918006631394D656368616E6963616C42726155
:10B928006B65496E746645008CC704080CB903083A
:10B9380031354D656368616E6963616C4272616B34
:10B94800650000008CC8040838B9030830B903083A
:10B95800000000004CB90308ADD20108F1D201087B
:10B968004E31304F4472697665496E74663134439E
:10B978006F6E74726F6C6C6572496E746645000008
:10B988008CC7040868B903083130436F6E74726F4E
:10B998006C6C6572000000008CC8040890B903083C
:10B9A80088B9030800000000A0B9030849D30108BA
:10B9B80079D3010891D3010831D301083135506892
:10B9C800617365436F6E74726F6C4C6177494C6A32
:10B9D800334545008CC70408C4B903083234416CA8
:10B9E800706861426574614672616D65436F6E741B
:10B9F800726F6C6C657200008CC80408E4B90308A7
:10BA0800DCB9030832334669656C644F7269656E48
:10BA1800746564436F6E74726F6C6C6572000000BD
:10BA280004C904080CBA0308000000000200000062
:10BA380000BA030802000000DCB803080204000092
:10BA48000000000028BA0308D1E1010861E20108FA
:10BA58009DE70108FDE1010891E50108B1E501084C
:10BA6800FCFFFFFF28BA030895E7010831384F703B
:10BA7800656E4C6F6F70436F6E74726F6C6C65722D
:10BA8800000000008CC8040874BA0308DCB8030876
:10BA9800000000008CBA030859E801084E31304F05
:10BAA8004472697665496E746631364F7363696CA2
:10BAB8006C6F73636F7065496E74664500000000B3
:10BAC8008CC70408A4BA030831304F4472697665FC
:10BAD800496E7466000000008CC70408D0BA0308D9
:10BAE80031324F7363696C6C6F73636F70650000FC
:10BAF8008CC80408E8BA0308C8BA0308364F447269
:10BB0800697665008CC8040804BB0308E0BA03081A
:10BB180000000000F8BA0308C1F0010800000000A6
:10BB28000CBB0308E1F0010871F3010851F80108A2
:10BB380051F20108D9F0010891F30108F1F0010868
:10BB48005DF10108E9F101085DF2010881F20108DF
:10BB58004E31304F4472697665496E746637436179
:10BB68006E496E74664500008CC7040858BB03080C
:10BB7800313043616E4275734261736500000000A5
:10BB88008CC7040878BB0308394F4472697665434B
:10BB9800414E000004C9040890BB030800000000DF
:10BBA8000200000088BB03080200000070BB030805
:10BBB80002000000000000009CBB03086925020881
:10BBC800FD250208BD250208256600256C7500259F
:10BBD8006C6C7500256C6400256400256C6C640031
:10BBE8003854797065496E666F0000008CC7040888
:10BBF800E8BB03083235537472696E67436F6E761B
:10BC080065727469626C6554797065496E666F0017
:10BC18008CC70408FCBB03083231466C6F6174534F
:10BC280065747461626C6554797065496E666F00FD
:10BC38008CC7040820BC030832314669627265501B
:10BC4800726F706572747954797065496E666F4960
:10BC58003850726F7065727479494E31304F447242
:10BC6800697665496E7466354572726F72454545E9
:10BC78000000000004C9040840BC030800000000DC
:10BC88000300000038BC03080200000018BC0308C9
:10BC980002040000F4BB03080208000032314669C0
:10BCA80062726550726F7065727479547970654903
:10BCB8006E666F493850726F70657274794966455F
:10BCC8004500000004C90408A4BC030800000000E3
:10BCD8000300000038BC03080200000018BC030879
:10BCE80002040000F4BB0308020800003231466970
:10BCF80062726550726F70657274795479706549B3
:10BD08006E666F493850726F706572747949624512
:10BD18004500000004C90408F4BC03080000000042
:10BD28000300000038BC03080200000018BC030828
:10BD380002040000F4BB030802080000323146691F
:10BD480062726550726F7065727479547970654962
:10BD58006E666F493850726F7065727479496D45B7
:10BD68004500000004C9040844BD030800000000A1
:10BD78000300000038BC03080200000018BC0308D8
:10BD880002040000F4BB03080208000032314669CF
:10BD980062726550726F7065727479547970654912
:10BDA8006E666F493850726F7065727479494E319A
:10BDB800304F4472697665496E74663743616E49DF
:10BDC8006E7466354572726F724545450000000015
:10BDD80004C9040894BD0308000000000300000023
:10BDE80038BC03080200000018BC03080204000065
:10BDF800F4BB0308020800003231466962726550DC
:10BE0800726F706572747954797065496E666F499E
:10BE18003850726F7065727479494E31304F447280
:10BE2800697665496E74663743616E496E74663823
:10BE380050726F746F636F6C4545450004C9040800
:10BE480000BE0308000000000300000038BC03081F
:10BE58000200000018BC030802040000F4BB030839
:10BE6800020800003231466962726550726F70656F
:10BE780072747954797065496E666F493850726F7B
:10BE88007065727479494E31304F447269766549EC
:10BE98006E7466313853747265616D50726F746F69
:10BEA800636F6C54797065454545000004C9040802
:10BEB8006CBE0308000000000300000038BC030843
:10BEC8000200000018BC030802040000F4BB0308C9
:10BED800020800003231466962726550726F7065FF
:10BEE80072747954797065496E666F493850726F0B
:10BEF8007065727479493134656E64706F696E74F7
:10BF08005F7265665F7445450000000004C9040857
:10BF1800DCBE0308000000000300000038BC030872
:10BF28000200000018BC030802040000F4BB030868
:10BF3800020800003231466962726550726F70659E
:10BF480072747954797065496E666F493850726FAA
:10BF58007065727479494E31304F4472697665491B
:10BF68006E7466384770696F4D6F64654545450066
:10BF780004C904083CBF03080000000003000000D7
:10BF880038BC03080200000018BC030802040000C3
:10BF9800F4BB03080208000032314669627265503A
:10BFA800726F706572747954797065496E666F49FD
:10BFB8003850726F7065727479494E31304F4472DF
:10BFC800697665496E74663841786973496E746636
:10BFD800354572726F7245454500000004C9040872
:10BFE800A0BF0308000000000300000038BC0308DD
:10BFF8000200000018BC030802040000F4BB030898
:10C00800020800003231466962726550726F7065CD
:10C0180072747954797065496E666F493850726FD9
:10C028007065727479494E31304F4472697665494A
:10C038006E74663841786973496E746639417869F7
:10C0480073537461746545454500000004C90408CC
:10C058000CC00308000000000300000038BC0308FF
:10C068000200000018BC030802040000F4BB030827
:10C07800020800003231466962726550726F70655D
:10C0880072747954797065496E666F493850726F69
:10C0980070657274794974454500000004C9040844
:10C0A8007CC00308000000000300000038BC03083F
:10C0B8000200000018BC030802040000F4BB0308D7
:10C0C800020800003231466962726550726F70650D
:10C0D80072747954797065496E666F493850726F19
:10C0E8007065727479494E31304F4472697665498A
:10C0F8006E7466394D6F746F72496E746635457229
:10C10800726F72454545000004C90408CCC0030895
:10C11800000000000300000038BC03080200000013
:10C1280018BC030802040000F4BB0308020800005E
:10C138003231466962726550726F706572747954F3
:10C14800797065496E666F493850726F70657274A0
:10C1580079496C454500000004C9040838C1030842
:10C16800000000000300000038BC030802000000C3
:10C1780018BC030802040000F4BB0308020800000E
:10C188003231466962726550726F706572747954A3
:10C19800797065496E666F493850726F7065727450
:10C1A80079494E31304F4472697665496E74663903
:10C1B8004D6F746F72496E7466394D6F746F725437
:10C1C800797065454545000004C9040888C103081D
:10C1D800000000000300000038BC03080200000053
:10C1E80018BC030802040000F4BB0308020800009E
:10C1F8003231466962726550726F70657274795433
:10C20800797065496E666F493850726F70657274DF
:10C2180079494E31304F4472697665496E7466319A
:10C2280034436F6E74726F6C6C6572496E746635E8
:10C238004572726F724545450000000004C9040844
:10C24800F8C10308000000000300000038BC030820
:10C258000200000018BC030802040000F4BB030835
:10C26800020800003231466962726550726F70656B
:10C2780072747954797065496E666F493850726F77
:10C288007065727479494E31304F447269766549E8
:10C298006E74663134436F6E74726F6C6C6572497C
:10C2A8006E74663131436F6E74726F6C4D6F646576
:10C2B8004545450004C904086CC203080000000095
:10C2C8000300000038BC03080200000018BC030883
:10C2D80002040000F4BB030802080000323146697A
:10C2E80062726550726F70657274795479706549BD
:10C2F8006E666F493850726F7065727479494E3145
:10C30800304F4472697665496E74663134436F6E96
:10C3180074726F6C6C6572496E746639496E7075AB
:10C32800744D6F64654545450000000004C9040864
:10C33800E4C20308000000000300000038BC030842
:10C348000200000018BC030802040000F4BB030844
:10C35800020800003231466962726550726F70657A
:10C3680072747954797065496E666F493850726F86
:10C3780070657274794968454500000004C904086D
:10C388005CC30308000000000300000038BC030879
:10C398000200000018BC030802040000F4BB0308F4
:10C3A800020800003231466962726550726F70652A
:10C3B80072747954797065496E666F493850726F36
:10C3C8007065727479494E31304F447269766549A7
:10C3D8006E74663131456E636F646572496E74665A
:10C3E800354572726F7245454500000004C904085E
:10C3F800ACC30308000000000300000038BC0308B9
:10C408000200000018BC030802040000F4BB030883
:10C41800020800003231466962726550726F7065B9
:10C4280072747954797065496E666F493850726FC5
:10C438007065727479494E31304F44726976654936
:10C448006E74663131456E636F646572496E7466E9
:10C45800344D6F64654545450000000004C9040873
:10C468001CC40308000000000300000038BC0308D7
:10C478000200000018BC030802040000F4BB030813
:10C48800020800003231466962726550726F706549
:10C4980072747954797065496E666F493850726F55
:10C4A8007065727479494E31304F447269766549C6
:10C4B8006E7466323353656E736F726C6573734551
:10C4C8007374696D61746F72496E74663545727202
:10C4D8006F7245454500000004C904088CC4030870
:10C4E800000000000300000038BC03080200000040
:10C4F80018BC030802040000F4BB0308020800008B
:10C5080000000000F4BB0308000000000000000069
:10C5180018BC0308852B0208892B020800000000BC
:10C5280038BC03088D2B0208000000007CBC0308FF
:10C5380013240308D52F0208AD300208B18602087B
:10C54800FCFFFFFF7CBC0308CD300208E58602082B
:10C55800F8FFFFFF7CBC0308F52F0208000000006D
:10C56800CCBC0308BD350208AD2F0208D53002083F
:10C57800B1440208FCFFFFFFCCBC030801310208EC
:10C58800F5440208F8FFFFFFCCBC0308CD2F0208D2
:10C59800000000001CBD030859870208852F020807
:10C5A8000931020815870208FCFFFFFF1CBD0308BC
:10C5B8002131020851870208F8FFFFFF1CBD03085C
:10C5C800A52F0208000000006CBD03089135020881
:10C5D8005D2F020829310208FD440208FCFFFFFF15
:10C5E8006CBD03084931020831450208F8FFFFFF16
:10C5F8006CBD03087D2F020800000000D8BD0308A9
:10C60800E1230308352F0208513102080D8802087A
:10C61800FCFFFFFFD8BD03087131020841880208FA
:10C62800F8FFFFFFD8BD0308552F020800000000DF
:10C6380044BE0308AF2303080D2F0208793102080E
:10C64800B9890208FCFFFFFF44BE030899310208BC
:10C65800ED890208F8FFFFFF44BE03082D2F0208EA
:10C6680000000000B4BE03087D230308E52E02087D
:10C67800A1310208A9870208FCFFFFFFB4BE030826
:10C68800C1310208DD870208F8FFFFFFB4BE0308C6
:10C69800052F02080000000014BF0308AD2E020891
:10C6A800B12E0208C9310208D92E0208FCFFFFFF8B
:10C6B80014BF0308D5310208DD2E0208F8FFFFFF7A
:10C6C80014BF0308D12E02080000000078BF030839
:10C6D8004B230308852E0208DD310208AD8B0208C2
:10C6E800FCFFFFFF78BF0308FD310208E18B020859
:10C6F800F8FFFFFF78BF0308A52E0208000000001E
:10C70800E4BF0308653502085D2E020805320208F9
:10C7180039450208FCFFFFFFE4BF03082532020881
:10C728006D450208F8FFFFFFE4BF03087D2E0208ED
:10C738000000000054C0030819230308352E02081E
:10C748002D3202088D880208FCFFFFFF54C0030841
:10C758004D320208C1880208F8FFFFFF54C00308E1
:10C76800552E020800000000A4C003086546020810
:10C778000D2E020855320208B1450208FCFFFFFFE2
:10C78800A4C0030875320208E5450208F8FFFFFF58
:10C79800A4C003082D2E02080000000010C10308E1
:10C7A8003F350208E52D02087D320208A538020847
:10C7B800FCFFFFFF10C10308A1320208DD380208A0
:10C7C800F8FFFFFF10C10308052E02080000000053
:10C7D80060C1030813350208BD2D0208A9320208FA
:10C7E80075450208FCFFFFFF60C10308C932020853
:10C7F800A9450208F8FFFFFF60C10308DD2D020804
:10C8080000000000D0C10308E7220308952D0208A4
:10C81800D13202081D8A0208FCFFFFFFD0C10308BD
:10C82800F1320208518A0208F8FFFFFFD0C103085D
:10C83800B52D02080000000044C20308B522030811
:10C848006D2D0208F9320208F1880208FCFFFFFF8B
:10C8580044C203081933020825890208F8FFFFFFBC
:10C8680044C203088D2D020800000000BCC2030862
:10C8780083220308452D020821330208818A020811
:10C88800FCFFFFFFBCC2030841330208B58A020857
:10C89800F8FFFFFFBCC20308652D02080000000076
:10C8A80034C30308512203081D2D02084933020826
:10C8B800E58A0208FCFFFFFF34C303086933020856
:10C8C800198B0208F8FFFFFF34C303083D2D020847
:10C8D8000000000084C303081F220308F52C020887
:10C8E80071330208498B0208FCFFFFFF84C3030869
:10C8F800913302087D8B0208F8FFFFFF84C3030809
:10C90800152D020800000000F4C30308934602082E
:10C91800CD2C02089933020829460208FCFFFFFFC4
:10C92800F4C30308B93302085D460208F8FFFFFFA5
:10C93800F4C30308ED2C02080000000064C40308D7
:10C94800E5340208A52C0208C1330208ED450208A7
:10C95800FCFFFFFF64C40308E13302082146020814
:10C96800F8FFFFFF64C40308C52C0208000000009C
:10C97800E0C40308ED2103087D2C0208E93302080E
:10C9880055890208FCFFFFFFE0C4030809340208C8
:10C9980089890208F8FFFFFFE0C403089D2C0208FC
:10C9A80011D800005B7B226E616D65223A22222C31
:10C9B800226964223A302C2274797065223A226AFC
:10C9C800736F6E222C22616363657373223A22723D
:10C9D800227D2C7B226E616D65223A226572726F10
:10C9E80072222C226964223A312C227479706522D1
:10C9F8003A2275696E7438222C22616363657373F9
:10CA0800223A227277227D2C7B226E616D65223A52
:10CA180022766275735F766F6C74616765222C226B
:10CA28006964223A322C2274797065223A22666C43
:10CA38006F6174222C22616363657373223A2272D8
:10CA4800227D2C7B226E616D65223A2269627573A4
:10CA5800222C226964223A332C2274797065223A96
:10CA680022666C6F6174222C226163636573732282
:10CA78003A2272227D2C7B226E616D65223A2269F0
:10CA88006275735F7265706F72745F66696C7465E6
:10CA9800725F6B222C226964223A342C22747970DA
:10CAA80065223A22666C6F6174222C226163636589
:10CAB8007373223A227277227D2C7B226E616D6518
:10CAC800223A2273657269616C5F6E756D62657278
:10CAD800222C226964223A352C2274797065223A14
:10CAE8002275696E743634222C2261636365737310
:10CAF800223A2272227D2C7B226E616D65223A22B7
:10CB080068775F76657273696F6E5F6D616A6F7261
:10CB1800222C226964223A362C2274797065223AD2
:10CB28002275696E7438222C2261636365737322DF
:10CB38003A2272227D2C7B226E616D65223A226830
:10CB4800775F76657273696F6E5F6D696E6F72225B
:10CB58002C226964223A372C2274797065223A2291
:10CB680075696E7438222C22616363657373223A87
:10CB78002272227D2C7B226E616D65223A226877B3
:10CB88005F76657273696F6E5F76617269616E74E4
:10CB9800222C226964223A382C2274797065223A50
:10CBA8002275696E7438222C22616363657373225F
:10CBB8003A2272227D2C7B226E616D65223A2266B2
:10CBC800775F76657273696F6E5F6D616A6F7222E7
:10CBD8002C226964223A392C2274797065223A220F
:10CBE80075696E7438222C22616363657373223A07
:10CBF8002272227D2C7B226E616D65223A22667735
:10CC08005F76657273696F6E5F6D696E6F72222CE5
:10CC1800226964223A31302C2274797065223A22D2
:10CC280075696E7438222C22616363657373223AC6
:10CC38002272227D2C7B226E616D65223A226677F4
:10CC48005F76657273696F6E5F7265766973696F17
:10CC58006E222C226964223A31312C227479706553
:10CC6800223A2275696E7438222C226163636573D7
:10CC780073223A2272227D2C7B226E616D65223AE4
:10CC88002266775F76657273696F6E5F756E72651F
:10CC98006C6561736564222C226964223A31322CF6
:10CCA8002274797065223A2275696E7438222C22B2
:10CCB800616363657373223A2272227D2C7B226E34
:10CCC800616D65223A226272616B655F7265736994
:10CCD80073746F725F61726D6564222C22696422BD
:10CCE8003A31332C2274797065223A22626F6F6C64
:10CCF800222C22616363657373223A2272227D2C8F
:10CD08007B226E616D65223A226272616B655F7289
:10CD180065736973746F725F73617475726174653A
:10CD280064222C226964223A31342C227479706589
:10CD3800223A22626F6F6C222C22616363657373DF
:10CD4800223A2272227D2C7B226E616D65223A2264
:10CD58006272616B655F7265736973746F725F632A
:10CD6800757272656E74222C226964223A31352CF0
:10CD78002274797065223A22666C6F6174222C22C3
:10CD8800616363657373223A2272227D2C7B226E63
:10CD9800616D65223A226E5F6576745F73616D70AE
:10CDA8006C696E67222C226964223A31362C22740F
:10CDB800797065223A2275696E743332222C2261A9
:10CDC8006363657373223A2272227D2C7B226E6123
:10CDD8006D65223A226E5F6576745F636F6E74725A
:10CDE8006F6C5F6C6F6F70222C226964223A313746
:10CDF8002C2274797065223A2275696E7433322256
:10CE08002C22616363657373223A2272227D2C7B24
:10CE1800226E616D65223A227461736B5F74696D6D
:10CE28006572735F61726D6564222C226964223AAF
:10CE380031382C2274797065223A22626F6F6C2225
:10CE48002C22616363657373223A227277227D2CE8
:10CE58007B226E616D65223A227461736B5F74691F
:10CE68006D6573222C2274797065223A226F626A8A
:10CE7800656374222C226D656D62657273223A5B5C
:10CE88007B226E616D65223A2273616D706C696EEA
:10CE980067222C2274797065223A226F626A656370
:10CEA80074222C226D656D62657273223A5B7B2257
:10CEB8006E616D65223A2273746172745F74696D74
:10CEC80065222C226964223A31392C2274797065E2
:10CED800223A2275696E743332222C2261636365AB
:10CEE8007373223A2272227D2C7B226E616D652239
:10CEF8003A22656E645F74696D65222C226964222A
:10CF08003A32302C2274797065223A2275696E742F
:10CF18003332222C22616363657373223A227222B0
:10CF28007D2C7B226E616D65223A226C656E67747A
:10CF380068222C226964223A32312C227479706575
:10CF4800223A2275696E743332222C22616363653A
:10CF58007373223A2272227D2C7B226E616D6522C8
:10CF68003A226D61785F6C656E677468222C22695D
:10CF780064223A32322C2274797065223A22756919
:10CF88006E743332222C22616363657373223A22F2
:10CF98007277227D5D7D2C7B226E616D65223A223F
:10CFA800636F6E74726F6C5F6C6F6F705F6D6973B7
:10CFB80063222C2274797065223A226F626A656353
:10CFC80074222C226D656D62657273223A5B7B2236
:10CFD8006E616D65223A2273746172745F74696D53
:10CFE80065222C226964223A32332C2274797065C6
:10CFF800223A2275696E743332222C22616363658A
:10D008007373223A2272227D2C7B226E616D652217
:10D018003A22656E645F74696D65222C2269642208
:10D028003A32342C2274797065223A2275696E740A
:10D038003332222C22616363657373223A2272228F
:10D048007D2C7B226E616D65223A226C656E677459
:10D0580068222C226964223A32352C227479706550
:10D06800223A2275696E743332222C226163636519
:10D078007373223A2272227D2C7B226E616D6522A7
:10D088003A226D61785F6C656E677468222C22693C
:10D0980064223A32362C2274797065223A227569F4
:10D0A8006E743332222C22616363657373223A22D1
:10D0B8007277227D5D7D2C7B226E616D65223A221E
:10D0C800636F6E74726F6C5F6C6F6F705F636865AF
:10D0D800636B73222C2274797065223A226F626A1C
:10D0E800656374222C226D656D62657273223A5BEA
:10D0F8007B226E616D65223A2273746172745F746B
:10D10800696D65222C226964223A32372C2274799F
:10D118007065223A2275696E743332222C2261635B
:10D1280063657373223A2272227D2C7B226E616DB5
:10D1380065223A22656E645F74696D65222C2269E6
:10D1480064223A32382C2274797065223A22756941
:10D158006E743332222C22616363657373223A2220
:10D1680072227D2C7B226E616D65223A226C656E7F
:10D17800677468222C226964223A32392C22747925
:10D188007065223A2275696E743332222C226163EB
:10D1980063657373223A2272227D2C7B226E616D45
:10D1A80065223A226D61785F6C656E677468222C1F
:10D1B800226964223A33302C2274797065223A222B
:10D1C80075696E743332222C22616363657373222E
:10D1D8003A227277227D5D7D2C7B226E616D6522FD
:10D1E8003A2264635F63616C69625F776169742284
:10D1F8002C2274797065223A226F626A6563742200
:10D208002C226D656D62657273223A5B7B226E61BA
:10D218006D65223A2273746172745F74696D652258
:10D228002C226964223A33312C2274797065223AAF
:10D238002275696E743332222C22616363657373BD
:10D24800223A2272227D2C7B226E616D65223A225F
:10D25800656E645F74696D65222C226964223A33B5
:10D26800322C2274797065223A2275696E743332D1
:10D27800222C22616363657373223A2272227D2C09
:10D288007B226E616D65223A226C656E6774682236
:10D298002C226964223A33332C2274797065223A3D
:10D2A8002275696E743332222C226163636573734D
:10D2B800223A2272227D2C7B226E616D65223A22EF
:10D2C8006D61785F6C656E677468222C22696422D0
:10D2D8003A33342C2274797065223A2275696E7457
:10D2E8003332222C22616363657373223A22727788
:10D2F800227D5D7D5D7D2C7B226E616D65223A22EB
:10D3080073797374656D5F7374617473222C2274FE
:10D31800797065223A226F626A656374222C226DE5
:10D32800656D62657273223A5B7B226E616D652260
:10D338003A22757074696D65222C226964223A3329
:10D34800352C2274797065223A2275696E743332ED
:10D35800222C22616363657373223A2272227D2C28
:10D368007B226E616D65223A226D696E5F68656128
:10D37800705F7370616365222C226964223A3336C8
:10D388002C2274797065223A2275696E74333222C0
:10D398002C22616363657373223A2272227D2C7B8F
:10D3A800226E616D65223A226D61785F73746163E4
:10D3B8006B5F75736167655F61786973222C226999
:10D3C80064223A33372C2274797065223A227569BF
:10D3D8006E743332222C22616363657373223A229E
:10D3E80072227D2C7B226E616D65223A226D6178F6
:10D3F8005F737461636B5F75736167655F75736293
:10D40800222C226964223A33382C227479706522DE
:10D418003A2275696E743332222C22616363657314
:10D4280073223A2272227D2C7B226E616D65223A2C
:10D43800226D61785F737461636B5F757361676593
:10D448005F75617274222C226964223A33392C2266
:10D4580074797065223A2275696E743332222C22EF
:10D46800616363657373223A2272227D2C7B226E7C
:10D47800616D65223A226D61785F737461636B5FD9
:10D4880075736167655F63616E222C226964223A55
:10D4980034302C2274797065223A2275696E74339F
:10D4A80032222C22616363657373223A2272227DD1
:10D4B8002C7B226E616D65223A226D61785F7374F0
:10D4C80061636B5F75736167655F737461727475AF
:10D4D80070222C226964223A34312C2274797065C6
:10D4E800223A2275696E743332222C226163636595
:10D4F8007373223A2272227D2C7B226E616D652223
:10D508003A226D61785F737461636B5F75736167ED
:10D51800655F616E616C6F67222C226964223A3400
:10D52800322C2274797065223A2275696E7433320E
:10D53800222C22616363657373223A2272227D2C46
:10D548007B226E616D65223A22737461636B5F732F
:10D55800697A655F61786973222C226964223A349A
:10D56800332C2274797065223A2275696E743332CD
:10D57800222C22616363657373223A2272227D2C06
:10D588007B226E616D65223A22737461636B5F73EF
:10D59800697A655F757362222C226964223A343491
:10D5A8002C2274797065223A2275696E743332229E
:10D5B8002C22616363657373223A2272227D2C7B6D
:10D5C800226E616D65223A22737461636B5F7369C1
:10D5D8007A655F75617274222C226964223A343547
:10D5E8002C2274797065223A2275696E743332225E
:10D5F8002C22616363657373223A2272227D2C7B2D
:10D60800226E616D65223A22737461636B5F736980
:10D618007A655F73746172747570222C2269642252
:10D628003A34362C2274797065223A2275696E7400
:10D638003332222C22616363657373223A22722289
:10D648007D2C7B226E616D65223A22737461636B57
:10D658005F73697A655F63616E222C226964223A7E
:10D6680034372C2274797065223A2275696E7433C6
:10D6780032222C22616363657373223A2272227DFF
:10D688002C7B226E616D65223A22737461636B5F35
:10D6980073697A655F616E616C6F67222C226964B9
:10D6A800223A34382C2274797065223A2275696ED0
:10D6B800743332222C22616363657373223A2272B7
:10D6C800227D2C7B226E616D65223A227072696F11
:10D6D8005F61786973222C226964223A34392C22DA
:10D6E80074797065223A22696E743332222C226171
:10D6F8006363657373223A2272227D2C7B226E61EA
:10D708006D65223A227072696F5F757362222C22EE
:10D718006964223A35302C2274797065223A22697C
:10D728006E743332222C22616363657373223A224A
:10D7380072227D2C7B226E616D65223A227072699D
:10D748006F5F75617274222C226964223A35312C1C
:10D758002274797065223A22696E743332222C223F
:10D76800616363657373223A2272227D2C7B226E79
:10D77800616D65223A227072696F5F7374617274A9
:10D788007570222C226964223A35322C2274797001
:10D7980065223A22696E743332222C2261636365F2
:10D7A8007373223A2272227D2C7B226E616D652270
:10D7B8003A227072696F5F63616E222C226964225B
:10D7C8003A35332C2274797065223A22696E7433A3
:10D7D80032222C22616363657373223A2272227D9E
:10D7E8002C7B226E616D65223A227072696F5F61CF
:10D7F8006E616C6F67222C226964223A35342C22C0
:10D8080074797065223A22696E743332222C22614F
:10D818006363657373223A2272227D2C7B226E61C8
:10D828006D65223A22757362222C22747970652202
:10D838003A226F626A656374222C226D656D626597
:10D848007273223A5B7B226E616D65223A2272788E
:10D858005F636E74222C226964223A35352C227457
:10D86800797065223A2275696E743332222C2261EE
:10D878006363657373223A2272227D2C7B226E6168
:10D888006D65223A2274785F636E74222C22696473
:10D89800223A35362C2274797065223A2275696EDF
:10D8A800743332222C22616363657373223A2272C5
:10D8B800227D2C7B226E616D65223A2274785F6F1F
:10D8C80076657272756E5F636E74222C22696422AB
:10D8D8003A35372C2274797065223A2275696E744C
:10D8E8003332222C22616363657373223A227222D7
:10D8F8007D5D7D2C7B226E616D65223A22693263E3
:10D90800222C2274797065223A226F626A656374E8
:10D91800222C226D656D62657273223A5B7B226EE2
:10D92800616D65223A2261646472222C2269642244
:10D938003A35382C2274797065223A2275696E74EA
:10D9480038222C22616363657373223A2272227D26
:10D958002C7B226E616D65223A22616464725F6D70
:10D96800617463685F636E74222C226964223A359D
:10D97800392C2274797065223A2275696E743332B3
:10D98800222C22616363657373223A2272227D2CF2
:10D998007B226E616D65223A2272785F636E742213
:10D9A8002C226964223A36302C2274797065223A26
:10D9B8002275696E743332222C2261636365737336
:10D9C800223A2272227D2C7B226E616D65223A22D8
:10D9D8006572726F725F636E74222C226964223AD8
:10D9E80036312C2274797065223A2275696E743347
:10D9F80032222C22616363657373223A2272227D7C
:10DA08005D7D5D7D2C7B226E616D65223A2275738A
:10DA180065725F636F6E6669675F6C6F616465648A
:10DA2800222C226964223A36322C227479706522BB
:10DA38003A2275696E743332222C226163636573EE
:10DA480073223A2272227D2C7B226E616D65223A06
:10DA5800226D6973636F6E66696775726564222CDF
:10DA6800226964223A36332C2274797065223A226C
:10DA7800626F6F6C222C22616363657373223A2292
:10DA880072227D2C7B226E616D65223A226F736350
:10DA9800696C6C6F73636F7065222C227479706582
:10DAA800223A226F626A656374222C226D656D6268
:10DAB800657273223A5B7B226E616D65223A22732E
:10DAC800697A65222C226964223A36342C227479C8
:10DAD8007065223A2275696E743332222C22616392
:10DAE80063657373223A2272227D2C7B226E616DEC
:10DAF80065223A226765745F76616C222C2269641C
:10DB0800223A36352C2274797065223A2266756E6F
:10DB18006374696F6E222C22696E70757473223A71
:10DB28005B7B226E616D65223A22696E646578229C
:10DB38002C226964223A36362C2274797065223A8E
:10DB48002275696E743332222C22616363657373A4
:10DB5800223A227277227D5D2C226F75747075745B
:10DB680073223A5B7B226E616D65223A2276616C84
:10DB7800222C226964223A36372C22747970652265
:10DB88003A22666C6F6174222C2261636365737339
:10DB9800223A2272227D5D7D5D7D2C7B226E616D35
:10DBA80065223A2263616E222C2274797065223ACA
:10DBB800226F626A656374222C226D656D626572DC
:10DBC80073223A5B7B226E616D65223A226572721E
:10DBD8006F72222C226964223A36382C22747970AA
:10DBE80065223A2275696E7438222C226163636556
:10DBF8007373223A227277227D2C7B226E616D65C7
:10DC0800223A22636F6E666967222C2274797065E6
:10DC1800223A226F626A656374222C226D656D62F6
:10DC2800657273223A5B7B226E616D65223A2262CD
:10DC38006175645F72617465222C226964223A36C8
:10DC4800392C2274797065223A2275696E743332E0
:10DC5800222C22616363657373223A227277227DD4
:10DC68002C7B226E616D65223A2270726F746F632D
:10DC78006F6C222C226964223A37302C2274797016
:10DC880065223A2275696E7438222C2261636365B5
:10DC98007373223A227277227D5D7D5D7D2C7B2213
:10DCA8006E616D65223A22746573745F70726F706D
:10DCB80065727479222C226964223A37312C2274D5
:10DCC800797065223A2275696E743332222C22618A
:10DCD8006363657373223A227277227D2C7B226EEE
:10DCE800616D65223A226F74705F76616C69642297
:10DCF8002C226964223A37322C2274797065223AD0
:10DD080022626F6F6C222C22616363657373223AFF
:10DD18002272227D2C7B226E616D65223A22636F0E
:10DD28006E666967222C2274797065223A226F62C6
:10DD38006A656374222C226D656D62657273223A7E
:10DD48005B7B226E616D65223A22656E61626C654D
:10DD58005F756172745F61222C226964223A3733DD
:10DD68002C2274797065223A22626F6F6C222C2201
:10DD7800616363657373223A227277227D2C7B225A
:10DD88006E616D65223A22656E61626C655F7561D0
:10DD980072745F62222C226964223A37342C22740E
:10DDA800797065223A22626F6F6C222C226163635C
:10DDB800657373223A227277227D2C7B226E616D05
:10DDC80065223A22656E61626C655F756172745F87
:10DDD80063222C226964223A37352C2274797065C3
:10DDE800223A22626F6F6C222C226163636573731F
:10DDF800223A227277227D2C7B226E616D65223A4F
:10DE080022756172745F615F6261756472617465C5
:10DE1800222C226964223A37362C227479706522C2
:10DE28003A2275696E743332222C226163636573FA
:10DE380073223A227277227D2C7B226E616D6522D5
:10DE48003A22756172745F625F62617564726174AF
:10DE580065222C226964223A37372C22747970653E
:10DE6800223A2275696E743332222C22616363650B
:10DE78007373223A227277227D2C7B226E616D6544
:10DE8800223A22756172745F635F626175647261C0
:10DE98007465222C226964223A37382C22747970EE
:10DEA80065223A2275696E743332222C22616363CB
:10DEB800657373223A227277227D2C7B226E616D04
:10DEC80065223A22656E61626C655F63616E5F61AF
:10DED800222C226964223A37392C227479706522FF
:10DEE8003A22626F6F6C222C22616363657373221E
:10DEF8003A227277227D2C7B226E616D65223A224E
:10DF0800656E61626C655F6932635F61222C2269AC
:10DF180064223A38302C2274797065223A22626F72
:10DF28006F6C222C22616363657373223A227277C5
:10DF3800227D2C7B226E616D65223A227573625FA9
:10DF48006364635F70726F746F636F6C222C2269F5
:10DF580064223A38312C2274797065223A22756924
:10DF68006E7438222C22616363657373223A2272BD
:10DF780077227D2C7B226E616D65223A2275617253
:10DF880074305F70726F746F636F6C222C226964D7
:10DF9800223A38322C2274797065223A2275696ED9
:10DFA8007438222C22616363657373223A22727774
:10DFB800227D2C7B226E616D65223A227561727416
:10DFC800315F70726F746F636F6C222C22696422E8
:10DFD8003A38332C2274797065223A2275696E7446
:10DFE80038222C22616363657373223A2272772286
:10DFF8007D2C7B226E616D65223A227561727432C6
:10E008005F70726F746F636F6C222C226964223A9E
:10E0180038342C2274797065223A2275696E743806
:10E02800222C22616363657373223A227277227D00
:10E038002C7B226E616D65223A226D61785F726574
:10E0480067656E5F63757272656E74222C226964EF
:10E05800223A38352C2274797065223A22666C6F20
:10E068006174222C22616363657373223A2272778A
:10E07800227D2C7B226E616D65223A226272616B71
:10E08800655F726573697374616E6365222C2269BA
:10E0980064223A38362C2274797065223A22666CEA
:10E0A8006F6174222C22616363657373223A227252
:10E0B80077227D2C7B226E616D65223A22656E6126
:10E0C800626C655F6272616B655F726573697374B8
:10E0D8006F72222C226964223A38372C22747970A4
:10E0E80065223A22626F6F6C222C2261636365732A
:10E0F80073223A227277227D2C7B226E616D652213
:10E108003A2264635F6275735F756E646572766FD9
:10E118006C746167655F747269705F6C6576656C55
:10E12800222C226964223A38382C227479706522AC
:10E138003A22666C6F6174222C2261636365737383
:10E14800223A227277227D2C7B226E616D65223AFB
:10E158002264635F6275735F6F766572766F6C7445
:10E168006167655F747269705F6C6576656C222C97
:10E17800226964223A38392C2274797065223A224D
:10E18800666C6F6174222C22616363657373223A33
:10E19800227277227D2C7B226E616D65223A226580
:10E1A8006E61626C655F64635F6275735F6F7665ED
:10E1B80072766F6C746167655F72616D70222C2274
:10E1C8006964223A39302C2274797065223A2262C5
:10E1D8006F6F6C222C22616363657373223A22721B
:10E1E80077227D2C7B226E616D65223A2264635F03
:10E1F8006275735F6F766572766F6C746167655F61
:10E2080072616D705F7374617274222C226964226A
:10E218003A39312C2274797065223A22666C6F6122
:10E2280074222C22616363657373223A2272772207
:10E238007D2C7B226E616D65223A2264635F627574
:10E24800735F6F766572766F6C746167655F726114
:10E258006D705F656E64222C226964223A39322C13
:10E268002274797065223A22666C6F6174222C22BE
:10E27800616363657373223A227277227D2C7B2255
:10E288006E616D65223A2264635F6D61785F706FBD
:10E298007369746976655F63757272656E74222C32
:10E2A800226964223A39332C2274797065223A2221
:10E2B800666C6F6174222C22616363657373223A02
:10E2C800227277227D2C7B226E616D65223A226450
:10E2D800635F6D61785F6E656761746976655F63BA
:10E2E800757272656E74222C226964223A39342C54
:10E2F8002274797065223A22666C6F6174222C222E
:10E30800616363657373223A227277227D2C7B22C4
:10E318006E616D65223A226572726F725F6770690D
:10E328006F5F70696E222C226964223A39352C227B
:10E3380074797065223A2275696E743332222C2200
:10E34800616363657373223A227277227D2C7B2284
:10E358006E616D65223A226770696F335F616E6125
:10E368006C6F675F6D617070696E67222C227479BB
:10E378007065223A226F626A656374222C226D6589
:10E388006D62657273223A5B7B226E616D65223A1B
:10E3980022656E64706F696E74222C226964223A59
:10E3A80039362C2274797065223A22656E64706F52
:10E3B800696E745F726566222C226163636573738C
:10E3C800223A227277227D2C7B226E616D65223A79
:10E3D800226D696E222C226964223A39372C227404
:10E3E800797065223A22666C6F6174222C2261630F
:10E3F80063657373223A227277227D2C7B226E61C9
:10E408006D65223A226D6178222C226964223A399C
:10E41800382C2274797065223A22666C6F617422F6
:10E428002C22616363657373223A227277227D5DC1
:10E438007D2C7B226E616D65223A226770696F348C
:10E448005F616E616C6F675F6D617070696E672286
:10E458002C2274797065223A226F626A656374228D
:10E468002C226D656D62657273223A5B7B226E6148
:10E478006D65223A22656E64706F696E74222C2273
:10E488006964223A39392C2274797065223A2265F6
:10E498006E64706F696E745F726566222C226163A8
:10E4A80063657373223A227277227D2C7B226E6118
:10E4B8006D65223A226D696E222C226964223A31F6
:10E4C80030302C2274797065223A22666C6F617440
:10E4D800222C22616363657373223A227277227D4C
:10E4E8002C7B226E616D65223A226D6178222C2286
:10E4F8006964223A3130312C2274797065223A22CB
:10E50800666C6F6174222C22616363657373223AAF
:10E51800227277227D5D7D2C7B226E616D65223AA9
:10E52800226770696F315F6D6F6465222C226964A0
:10E53800223A3130322C2274797065223A22756978
:10E548006E7438222C22616363657373223A2272D7
:10E5580077227D2C7B226E616D65223A2267706975
:10E568006F325F6D6F6465222C226964223A313004
:10E57800332C2274797065223A2275696E743822B8
:10E588002C22616363657373223A227277227D2C91
:10E598007B226E616D65223A226770696F335F6D09
:10E5A8006F6465222C226964223A3130342C22743B
:10E5B800797065223A2275696E7438222C2261635B
:10E5C80063657373223A227277227D2C7B226E61F7
:10E5D8006D65223A226770696F345F6D6F646522DA
:10E5E8002C226964223A3130352C227479706522E4
:10E5F8003A2275696E7438222C22616363657373DD
:10E60800223A227277227D2C7B226E616D65223A36
:10E61800226770696F355F6D6F6465222C226964AB
:10E62800223A3130362C2274797065223A22756983
:10E638006E7438222C22616363657373223A2272E6
:10E6480077227D2C7B226E616D65223A2267706984
:10E658006F365F6D6F6465222C226964223A31300F
:10E66800372C2274797065223A2275696E743822C3
:10E678002C22616363657373223A227277227D2CA0
:10E688007B226E616D65223A226770696F375F6D14
:10E698006F6465222C226964223A3130382C227446
:10E6A800797065223A2275696E7438222C2261636A
:10E6B80063657373223A227277227D2C7B226E6106
:10E6C8006D65223A226770696F385F6D6F646522E5
:10E6D8002C226964223A3130392C227479706522EF
:10E6E8003A2275696E7438222C22616363657373EC
:10E6F800223A227277227D2C7B226E616D65223A46
:10E70800226770696F395F6D6F6465222C226964B6
:10E71800223A3131302C2274797065223A22756997
:10E728006E7438222C22616363657373223A2272F5
:10E7380077227D2C7B226E616D65223A2267706993
:10E748006F31305F6D6F6465222C226964223A3123
:10E7580031312C2274797065223A2275696E7438C9
:10E76800222C22616363657373223A227277227DB9
:10E778002C7B226E616D65223A226770696F313198
:10E788005F6D6F6465222C226964223A3131322C24
:10E798002274797065223A2275696E7438222C22A7
:10E7A800616363657373223A227277227D2C7B2220
:10E7B8006E616D65223A226770696F31325F6D6FE5
:10E7C8006465222C226964223A3131332C2274790F
:10E7D8007065223A2275696E7438222C226163634F
:10E7E800657373223A227277227D2C7B226E616DCB
:10E7F80065223A226770696F31335F6D6F646522F5
:10E808002C226964223A3131342C227479706522C1
:10E818003A2275696E7438222C22616363657373BA
:10E82800223A227277227D2C7B226E616D65223A14
:10E83800226770696F31345F6D6F6465222C2269BD
:10E8480064223A3131352C2274797065223A227566
:10E85800696E7438222C22616363657373223A22CD
:10E868007277227D2C7B226E616D65223A22677059
:10E87800696F31355F6D6F6465222C226964223AB5
:10E888003131362C2274797065223A2275696E749A
:10E8980038222C22616363657373223A22727722CD
:10E8A8007D2C7B226E616D65223A226770696F311B
:10E8B800365F6D6F6465222C226964223A313137E4
:10E8C8002C2274797065223A2275696E7438222C6C
:10E8D80022616363657373223A227277227D2C7BEF
:10E8E800226E616D65223A226770696F315F7077B9
:10E8F8006D5F6D617070696E67222C227479706526
:10E90800223A226F626A656374222C226D656D62F9
:10E91800657273223A5B7B226E616D65223A2265CD
:10E928006E64706F696E74222C226964223A3131E8
:10E93800382C2274797065223A22656E64706F698A
:10E948006E745F726566222C22616363657373223D
:10E958003A227277227D2C7B226E616D65223A22E3
:10E968006D696E222C226964223A3131392C227465
:10E97800797065223A22666C6F6174222C22616379
:10E9880063657373223A227277227D2C7B226E6133
:10E998006D65223A226D6178222C226964223A310F
:10E9A80032302C2274797065223A22666C6F617459
:10E9B800222C22616363657373223A227277227D67
:10E9C8005D7D2C7B226E616D65223A226770696FCE
:10E9D800325F70776D5F6D617070696E67222C228F
:10E9E80074797065223A226F626A656374222C22F8
:10E9F8006D656D62657273223A5B7B226E616D652F
:10EA0800223A22656E64706F696E74222C226964E2
:10EA1800223A3132312C2274797065223A22656E9D
:10EA280064706F696E745F726566222C226163631D
:10EA3800657373223A227277227D2C7B226E616D78
:10EA480065223A226D696E222C226964223A31329B
:10EA5800322C2274797065223A22666C6F617422B6
:10EA68002C22616363657373223A227277227D2CAC
:10EA78007B226E616D65223A226D6178222C2269B3
:10EA880064223A3132332C2274797065223A226634
:10EA98006C6F6174222C22616363657373223A225E
:10EAA8007277227D5D7D2C7B226E616D65223A2214
:10EAB8006770696F335F70776D5F6D617070696ED5
:10EAC80067222C2274797065223A226F626A656324
:10EAD80074222C226D656D62657273223A5B7B220B
:10EAE8006E616D65223A22656E64706F696E74227C
:10EAF8002C226964223A3132342C227479706522CE
:10EB08003A22656E64706F696E745F726566222C56
:10EB180022616363657373223A227277227D2C7BAC
:10EB2800226E616D65223A226D696E222C2269641B
:10EB3800223A3132352C2274797065223A22666C79
:10EB48006F6174222C22616363657373223A2272A7
:10EB580077227D2C7B226E616D65223A226D617869
:10EB6800222C226964223A3132362C22747970655B
:10EB7800223A22666C6F6174222C2261636365738A
:10EB880073223A227277227D5D7D2C7B226E616D25
:10EB980065223A226770696F345F70776D5F6D61C7
:10EBA8007070696E67222C2274797065223A226F20
:10EBB800626A656374222C226D656D6265727322C8
:10EBC8003A5B7B226E616D65223A22656E64706FD6
:10EBD800696E74222C226964223A3132372C2274ED
:10EBE800797065223A22656E64706F696E745F721F
:10EBF8006566222C22616363657373223A227277F9
:10EC0800227D2C7B226E616D65223A226D696E220F
:10EC18002C226964223A3132382C227479706522A8
:10EC28003A22666C6F6174222C2261636365737388
:10EC3800223A227277227D2C7B226E616D65223A00
:10EC4800226D6178222C226964223A3132392C22D1
:10EC580074797065223A22666C6F6174222C226185
:10EC68006363657373223A227277227D5D7D5D7DD1
:10EC78002C7B226E616D65223A226178697330229D
:10EC88002C2274797065223A226F626A6563742255
:10EC98002C226D656D62657273223A5B7B226E6110
:10ECA8006D65223A226572726F72222C2269642283
:10ECB8003A3133302C2274797065223A2275696EA4
:10ECC800743332222C22616363657373223A227291
:10ECD80077227D2C7B226E616D65223A22737465E2
:10ECE800705F6469725F616374697665222C22695A
:10ECF80064223A3133312C2274797065223A2262C7
:10ED08006F6F6C222C22616363657373223A2272DF
:10ED1800227D2C7B226E616D65223A226C617374B0
:10ED28005F6472765F6661756C74222C2269642256
:10ED38003A3133322C2274797065223A2275696E21
:10ED4800743332222C22616363657373223A227210
:10ED5800227D2C7B226E616D65223A227374657068
:10ED680073222C226964223A3133332C227479704D
:10ED780065223A22696E743634222C2261636365F7
:10ED88007373223A2272227D2C7B226E616D65227A
:10ED98003A2263757272656E745F7374617465226A
:10EDA8002C226964223A3133342C2274797065221A
:10EDB8003A2275696E7438222C2261636365737315
:10EDC800223A2272227D2C7B226E616D65223A22C4
:10EDD8007265717565737465645F737461746522B7
:10EDE8002C226964223A3133352C227479706522D9
:10EDF8003A2275696E7438222C22616363657373D5
:10EE0800223A227277227D2C7B226E616D65223A2E
:10EE18002269735F686F6D6564222C226964223AE7
:10EE28003133362C2274797065223A22626F6F6C06
:10EE3800222C22616363657373223A227277227DE2
:10EE48002C7B226E616D65223A22636F6E6669675C
:10EE5800222C2274797065223A226F626A65637483
:10EE6800222C226D656D62657273223A5B7B226E7D
:10EE7800616D65223A22737461727475705F6D6F8B
:10EE8800746F725F63616C6962726174696F6E221C
:10EE98002C226964223A3133372C22747970652226
:10EEA8003A22626F6F6C222C22616363657373224E
:10EEB8003A227277227D2C7B226E616D65223A227E
:10EEC800737461727475705F656E636F6465725F89
:10EED800696E6465785F736561726368222C226964
:10EEE80064223A3133382C2274797065223A2262CE
:10EEF8006F6F6C222C22616363657373223A2272EE
:10EF080077227D2C7B226E616D65223A22737461B3
:10EF1800727475705F656E636F6465725F6F666645
:10EF28007365745F63616C6962726174696F6E2284
:10EF38002C226964223A3133392C22747970652283
:10EF48003A22626F6F6C222C2261636365737322AD
:10EF58003A227277227D2C7B226E616D65223A22DD
:10EF6800737461727475705F636C6F7365645F6CE2
:10EF78006F6F705F636F6E74726F6C222C2269649E
:10EF8800223A3134302C2274797065223A22626F29
:10EF98006F6C222C22616363657373223A22727745
:10EFA800227D2C7B226E616D65223A227374617218
:10EFB8007475705F686F6D696E67222C22696422B0
:10EFC8003A3134312C2274797065223A22626F6F9B
:10EFD8006C222C22616363657373223A2272772252
:10EFE8007D2C7B226E616D65223A22656E61626CB2
:10EFF800655F737465705F646972222C226964228C
:10F008003A3134322C2274797065223A22626F6F59
:10F018006C222C22616363657373223A2272772211
:10F028007D2C7B226E616D65223A22737465705F58
:10F038006469725F616C776179735F6F6E222C22ED
:10F048006964223A3134332C2274797065223A2269
:10F05800626F6F6C222C22616363657373223A229C
:10F068007277227D2C7B226E616D65223A22656E55
:10F0780061626C655F73656E736F726C6573735FE5
:10F088006D6F6465222C226964223A3134342C2253
:10F0980074797065223A22626F6F6C222C22616348
:10F0A80063657373223A227277227D2C7B226E610C
:10F0B8006D65223A227761746368646F675F74696B
:10F0C8006D656F7574222C226964223A3134352CAF
:10F0D8002274797065223A22666C6F6174222C2240
:10F0E800616363657373223A227277227D2C7B22D7
:10F0F8006E616D65223A22656E61626C655F77614B
:10F10800746368646F67222C226964223A3134364A
:10F118002C2274797065223A22626F6F6C222C223D
:10F12800616363657373223A227277227D2C7B2296
:10F138006E616D65223A22737465705F6770696FDE
:10F148005F70696E222C226964223A3134372C228E
:10F1580074797065223A2275696E743136222C22D0
:10F16800616363657373223A227277227D2C7B2256
:10F178006E616D65223A226469725F6770696F5FBC
:10F1880070696E222C226964223A3134382C227438
:10F19800797065223A2275696E743136222C2261A3
:10F1A8006363657373223A227277227D2C7B226E09
:10F1B800616D65223A2263616C6962726174696F7C
:10F1C8006E5F6C6F636B696E222C22747970652296
:10F1D8003A226F626A656374222C226D656D6265DE
:10F1E8007273223A5B7B226E616D65223A226375E7
:10F1F8007272656E74222C226964223A3134392C79
:10F208002274797065223A22666C6F6174222C220E
:10F21800616363657373223A227277227D2C7B22A5
:10F228006E616D65223A2272616D705F74696D65F9
:10F23800222C226964223A3135302C227479706587
:10F24800223A22666C6F6174222C226163636573B3
:10F2580073223A227277227D2C7B226E616D6522A1
:10F268003A2272616D705F64697374616E636522BE
:10F278002C226964223A3135312C22747970652246
:10F288003A22666C6F6174222C2261636365737322
:10F29800223A227277227D2C7B226E616D65223A9A
:10F2A80022616363656C222C226964223A3135320B
:10F2B8002C2274797065223A22666C6F6174222C54
:10F2C80022616363657373223A227277227D2C7BF5
:10F2D800226E616D65223A2276656C222C22696461
:10F2E800223A3135332C2274797065223A22666CC1
:10F2F8006F6174222C22616363657373223A2272F0
:10F3080077227D5D7D2C7B226E616D65223A2273AA
:10F31800656E736F726C6573735F72616D70222CAA
:10F328002274797065223A226F626A656374222CAE
:10F33800226D656D62657273223A5B7B226E616D28
:10F3480065223A2263757272656E74222C22696492
:10F35800223A3135342C2274797065223A22666C4F
:10F368006F6174222C22616363657373223A22727F
:10F3780077227D2C7B226E616D65223A2272616D47
:10F38800705F74696D65222C226964223A313535C3
:10F398002C2274797065223A22666C6F6174222C73
:10F3A80022616363657373223A227277227D2C7B14
:10F3B800226E616D65223A2272616D705F646973B5
:10F3C80074616E6365222C226964223A3135362CC9
:10F3D8002274797065223A22666C6F6174222C223D
:10F3E800616363657373223A227277227D2C7B22D4
:10F3F8006E616D65223A22616363656C222C226915
:10F4080064223A3135372C2274797065223A2266A3
:10F418006C6F6174222C22616363657373223A22D4
:10F428007277227D2C7B226E616D65223A22766589
:10F438006C222C226964223A3135382C2274797076
:10F4480065223A22666C6F6174222C2261636365BF
:10F458007373223A227277227D2C7B226E616D654E
:10F46800223A2266696E6973685F64697374616EB3
:10F478006365222C226964223A3135392C22747949
:10F488007065223A22666C6F6174222C2261636374
:10F49800657373223A227277227D2C7B226E616D0E
:10F4A80065223A2266696E6973685F6F6E5F76657A
:10F4B8006C222C226964223A3136302C22747970FD
:10F4C80065223A22626F6F6C222C22616363657336
:10F4D80073223A227277227D2C7B226E616D65221F
:10F4E8003A2266696E6973685F6F6E5F64697374E8
:10F4F800616E6365222C226964223A3136312C22EE
:10F5080074797065223A22626F6F6C222C226163D3
:10F5180063657373223A227277227D2C7B226E6197
:10F528006D65223A2266696E6973685F6F6E5F6502
:10F538006E635F696478222C226964223A3136321C
:10F548002C2274797065223A22626F6F6C222C2209
:10F55800616363657373223A227277227D5D7D2C25
:10F568007B226E616D65223A2267656E6572616CF9
:10F578005F6C6F636B696E222C2274797065223A16
:10F58800226F626A656374222C226D656D626572F2
:10F5980073223A5B7B226E616D65223A2263757233
:10F5A80072656E74222C226964223A3136332C2219
:10F5B80074797065223A22666C6F6174222C22611C
:10F5C8006363657373223A227277227D2C7B226EE5
:10F5D800616D65223A2272616D705F74696D652292
:10F5E8002C226964223A3136342C227479706522CF
:10F5F8003A22666C6F6174222C22616363657373AF
:10F60800223A227277227D2C7B226E616D65223A26
:10F618002272616D705F64697374616E6365222C18
:10F62800226964223A3136352C2274797065223A7F
:10F6380022666C6F6174222C226163636573732286
:10F648003A227277227D2C7B226E616D65223A22E6
:10F65800616363656C222C226964223A3136362C48
:10F668002274797065223A22666C6F6174222C22AA
:10F67800616363657373223A227277227D2C7B2241
:10F688006E616D65223A2276656C222C22696422AD
:10F698003A3136372C2274797065223A22666C6FBB
:10F6A8006174222C22616363657373223A22727734
:10F6B800227D2C7B226E616D65223A2266696E6915
:10F6C80073685F64697374616E6365222C22696470
:10F6D800223A3136382C2274797065223A22666CC7
:10F6E8006F6174222C22616363657373223A2272FC
:10F6F80077227D2C7B226E616D65223A2266696EC7
:10F708006973685F6F6E5F76656C222C226964226C
:10F718003A3136392C2274797065223A22626F6F39
:10F728006C222C22616363657373223A22727722FA
:10F738007D2C7B226E616D65223A2266696E697343
:10F74800685F6F6E5F64697374616E6365222C22F3
:10F758006964223A3137302C2274797065223A2252
:10F76800626F6F6C222C22616363657373223A2285
:10F778007277227D2C7B226E616D65223A22666942
:10F788006E6973685F6F6E5F656E635F6964782228
:10F798002C226964223A3137312C2274797065221F
:10F7A8003A22626F6F6C222C226163636573732245
:10F7B8003A227277227D5D7D2C7B226E616D6522F7
:10F7C8003A2263616E222C2274797065223A226F84
:10F7D800626A656374222C226D656D62657273229C
:10F7E8003A5B7B226E616D65223A226E6F64655FBB
:10F7F8006964222C226964223A3137322C227479C6
:10F808007065223A2275696E743332222C22616344
:10F8180063657373223A227277227D2C7B226E6194
:10F828006D65223A2269735F657874656E646564F4
:10F83800222C226964223A3137332C22747970657C
:10F84800223A22626F6F6C222C22616363657373A4
:10F85800223A227277227D2C7B226E616D65223AD4
:10F86800226865617274626561745F726174655F54
:10F878006D73222C226964223A3137342C22747930
:10F888007065223A2275696E743332222C226163C4
:10F8980063657373223A227277227D2C7B226E6114
:10F8A8006D65223A22656E636F6465725F7261747A
:10F8B800655F6D73222C226964223A3137352C2218
:10F8C80074797065223A2275696E743332222C225B
:10F8D800616363657373223A227277227D2C7B22DF
:10F8E8006E616D65223A226D6F746F725F65727218
:10F8F8006F725F726174655F6D73222C2269642276
:10F908003A3137362C2274797065223A2275696E3D
:10F91800743332222C22616363657373223A227234
:10F9280077227D2C7B226E616D65223A22656E639B
:10F938006F6465725F6572726F725F726174655F22
:10F948006D73222C226964223A3137372C2274795C
:10F958007065223A2275696E743332222C226163F3
:10F9680063657373223A227277227D2C7B226E6143
:10F978006D65223A22636F6E74726F6C6C65725F8C
:10F988006572726F725F726174655F6D73222C228B
:10F998006964223A3137382C2274797065223A2208
:10F9A80075696E743332222C226163636573732226
:10F9B8003A227277227D2C7B226E616D65223A2273
:10F9C80073656E736F726C6573735F6572726F7255
:10F9D8005F726174655F6D73222C226964223A310B
:10F9E80037392C2274797065223A2275696E74331E
:10F9F80032222C22616363657373223A2272772262
:10FA08007D2C7B226E616D65223A22656E636F6480
:10FA180065725F636F756E745F726174655F6D7335
:10FA2800222C226964223A3138302C22747970658C
:10FA3800223A2275696E743332222C22616363651F
:10FA48007373223A227277227D2C7B226E616D6558
:10FA5800223A2269715F726174655F6D73222C228C
:10FA68006964223A3138312C2274797065223A223D
:10FA780075696E743332222C226163636573732255
:10FA88003A227277227D2C7B226E616D65223A22A2
:10FA980073656E736F726C6573735F726174655FA3
:10FAA8006D73222C226964223A3138322C227479FF
:10FAB8007065223A2275696E743332222C22616392
:10FAC80063657373223A227277227D2C7B226E61E2
:10FAD8006D65223A226275735F76695F726174653B
:10FAE8005F6D73222C226964223A3138332C2274D8
:10FAF800797065223A2275696E743332222C22613C
:10FB08006363657373223A227277227D5D7D5D7D22
:10FB18002C7B226E616D65223A226D6F746F7222A2
:10FB28002C2274797065223A226F626A65637422A6
:10FB38002C226D656D62657273223A5B7B226E6161
:10FB48006D65223A226C6173745F6572726F725FC1
:10FB580074696D65222C226964223A3138342C226A
:10FB680074797065223A22666C6F6174222C226166
:10FB78006363657373223A227277227D2C7B226E2F
:10FB8800616D65223A226572726F72222C22696455
:10FB9800223A3138352C2274797065223A227569F7
:10FBA8006E743634222C22616363657373223A22A1
:10FBB8007277227D2C7B226E616D65223A226973F1
:10FBC8005F61726D6564222C226964223A3138368D
:10FBD8002C2274797065223A22626F6F6C222C2273
:10FBE800616363657373223A2272227D2C7B226ED5
:10FBF800616D65223A2269735F63616C6962726143
:10FC0800746564222C226964223A3138372C2274B4
:10FC1800797065223A22626F6F6C222C22616363CD
:10FC2800657373223A2272227D2C7B226E616D6588
:10FC3800223A2263757272656E745F6D6561735FD7
:10FC4800706841222C226964223A3138382C227497
:10FC5800797065223A22666C6F6174222C22616386
:10FC680063657373223A2272227D2C7B226E616D4A
:10FC780065223A2263757272656E745F6D65617391
:10FC88005F706842222C226964223A3138392C226A
:10FC980074797065223A22666C6F6174222C226135
:10FCA8006363657373223A2272227D2C7B226E6114
:10FCB8006D65223A2263757272656E745F6D656157
:10FCC800735F706843222C226964223A3139302CE0
:10FCD8002274797065223A22666C6F6174222C2234
:10FCE800616363657373223A2272227D2C7B226ED4
:10FCF800616D65223A2244435F63616C69625F709B
:10FD08006841222C226964223A3139312C227479D3
:10FD18007065223A22666C6F6174222C22616363DB
:10FD2800657373223A227277227D2C7B226E616D75
:10FD380065223A2244435F63616C69625F7068427E
:10FD4800222C226964223A3139322C227479706566
:10FD5800223A22666C6F6174222C22616363657398
:10FD680073223A227277227D2C7B226E616D652286
:10FD78003A2244435F63616C69625F706843222C76
:10FD8800226964223A3139332C2274797065223A17
:10FD980022666C6F6174222C22616363657373221F
:10FDA8003A227277227D2C7B226E616D65223A227F
:10FDB800495F627573222C226964223A3139342CE6
:10FDC8002274797065223A22666C6F6174222C2243
:10FDD800616363657373223A2272227D2C7B226EE3
:10FDE800616D65223A2270686173655F637572722E
:10FDF800656E745F7265765F6761696E222C226931
:10FE080064223A3139352C2274797065223A226697
:10FE18006C6F6174222C22616363657373223A22CA
:10FE28007277227D2C7B226E616D65223A2265668F
:10FE3800666563746976655F63757272656E745F13
:10FE48006C696D222C226964223A3139362C22746D
:10FE5800797065223A22666C6F6174222C22616384
:10FE680063657373223A2272227D2C7B226E616D48
:10FE780065223A226D61785F616C6C6F7765645FAB
:10FE880063757272656E74222C226964223A313964
:10FE9800372C2274797065223A22666C6F6174225D
:10FEA8002C22616363657373223A2272227D2C7B54
:10FEB800226E616D65223A226D61785F64635F63CB
:10FEC800616C6962222C226964223A3139382C2209
:10FED80074797065223A22666C6F6174222C2261F3
:10FEE8006363657373223A2272227D2C7B226E61D2
:10FEF8006D65223A226665745F746865726D697310
:10FF0800746F72222C2274797065223A226F626AA9
:10FF1800656374222C226D656D62657273223A5B8B
:10FF28007B226E616D65223A2274656D706572611F
:10FF380074757265222C226964223A3139392C226F
:10FF480074797065223A22666C6F6174222C226182
:10FF58006363657373223A2272227D2C7B226E6161
:10FF68006D65223A22636F6E666967222C22747966
:10FF78007065223A226F626A656374222C226D656D
:10FF88006D62657273223A5B7B226E616D65223AFF
:10FF98002274656D705F6C696D69745F6C6F7765ED
:10FFA80072222C226964223A3230302C2274797001
:10FFB80065223A22666C6F6174222C226163636544
:10FFC8007373223A227277227D2C7B226E616D65D3
:10FFD800223A2274656D705F6C696D69745F757023
:10FFE800706572222C226964223A3230312C2274D4
:08FFF800797065223A22666C63
:020000040804EE
:100000006F6174222C22616363657373223A2272DA
:1000100077227D2C7B226E616D65223A22656E61AE
:10002000626C6564222C226964223A3230322C22BE
:1000300074797065223A22626F6F6C222C226163A0
:1000400063657373223A227277227D5D7D5D7D2C1C
:100050007B226E616D65223A226D6F746F725F74E0
:100060006865726D6973746F72222C227479706581
:10007000223A226F626A656374222C226D656D627A
:10008000657273223A5B7B226E616D65223A22743F
:10009000656D7065726174757265222C22696422C7
:1000A0003A3230332C2274797065223A22666C6FB2
:1000B0006174222C22616363657373223A22722277
:1000C0007D2C7B226E616D65223A22636F6E6669BC
:1000D00067222C2274797065223A226F626A656306
:1000E00074222C226D656D62657273223A5B7B22ED
:1000F0006E616D65223A226770696F5F70696E226A
:100100002C226964223A3230342C227479706522B0
:100110003A2275696E743136222C226163636573ED
:1001200073223A227277227D2C7B226E616D6522CA
:100130003A22706F6C795F636F65666669636965A3
:100140006E745F30222C226964223A3230352C22C0
:1001500074797065223A22666C6F6174222C226178
:100160006363657373223A227277227D2C7B226E41
:10017000616D65223A22706F6C795F636F656666A8
:10018000696369656E745F31222C226964223A3298
:1001900030362C2274797065223A22666C6F617455
:1001A000222C22616363657373223A227277227D67
:1001B0002C7B226E616D65223A22706F6C795F63D1
:1001C0006F656666696369656E745F32222C2269A9
:1001D00064223A3230372C2274797065223A2266D2
:1001E0006C6F6174222C22616363657373223A22FF
:1001F0007277227D2C7B226E616D65223A22706FB0
:100200006C795F636F656666696369656E745F3399
:10021000222C226964223A3230382C22747970659B
:10022000223A22666C6F6174222C226163636573CB
:1002300073223A227277227D2C7B226E616D6522B9
:100240003A2274656D705F6C696D69745F6C6F776D
:100250006572222C226964223A3230392C22747958
:100260007065223A22666C6F6174222C226163638E
:10027000657373223A227277227D2C7B226E616D28
:1002800065223A2274656D705F6C696D69745F7583
:1002900070706572222C226964223A3231302C222D
:1002A00074797065223A22666C6F6174222C226127
:1002B0006363657373223A227277227D2C7B226EF0
:1002C000616D65223A22656E61626C6564222C2242
:1002D0006964223A3231312C2274797065223A22D3
:1002E000626F6F6C222C22616363657373223A2202
:1002F0007277227D5D7D5D7D2C7B226E616D652236
:100300003A2263757272656E745F636F6E74726F9A
:100310006C222C2274797065223A226F626A6563BE
:1003200074222C226D656D62657273223A5B7B22AA
:100330006E616D65223A22705F6761696E222C22C0
:100340006964223A3231322C2274797065223A2261
:10035000666C6F6174222C22616363657373223A49
:100360002272227D2C7B226E616D65223A22695FAA
:100370006761696E222C226964223A3231332C2261
:1003800074797065223A22666C6F6174222C226146
:100390006363657373223A2272227D2C7B226E6125
:1003A0006D65223A22495F6D656173757265645FA0
:1003B0007265706F72745F66696C7465725F6B22D0
:1003C0002C226964223A3231342C227479706522ED
:1003D0003A22666C6F6174222C22616363657373C9
:1003E000223A227277227D2C7B226E616D65223A41
:1003F0002249645F736574706F696E74222C226980
:1004000064223A3231352C2274797065223A2266A0
:100410006C6F6174222C22616363657373223A22CC
:1004200072227D2C7B226E616D65223A2249715FBA
:10043000736574706F696E74222C226964223A327B
:1004400031362C2274797065223A22666C6F6174A1
:10045000222C22616363657373223A2272227D2CFF
:100460007B226E616D65223A2256645F73657470FB
:100470006F696E74222C226964223A3231372C2241
:1004800074797065223A22666C6F6174222C226145
:100490006363657373223A2272227D2C7B226E6124
:1004A0006D65223A2256715F736574706F696E7460
:1004B000222C226964223A3231382C2274797065F8
:1004C000223A22666C6F6174222C22616363657329
:1004D00073223A2272227D2C7B226E616D65223A54
:1004E000227068617365222C226964223A323139A4
:1004F0002C2274797065223A22666C6F6174222C0A
:1005000022616363657373223A2272227D2C7B22FF
:100510006E616D65223A2270686173655F76656C05
:10052000222C226964223A3232302C22747970658E
:10053000223A22666C6F6174222C226163636573B8
:1005400073223A2272227D2C7B226E616D65223AE3
:100550002249616C7068615F6D6561737572656475
:10056000222C226964223A3232312C22747970654D
:10057000223A22666C6F6174222C22616363657378
:1005800073223A2272227D2C7B226E616D65223AA3
:100590002249626574615F6D65617375726564227D
:1005A0002C226964223A3232322C2274797065220C
:1005B0003A22666C6F6174222C22616363657373E7
:1005C000223A2272227D2C7B226E616D65223A22B4
:1005D00049645F6D65617375726564222C2269647C
:1005E000223A3232332C2274797065223A22666CB8
:1005F0006F6174222C22616363657373223A2272E5
:10060000227D2C7B226E616D65223A2249715F6DDD
:1006100065617375726564222C226964223A3232F4
:10062000342C2274797065223A22666C6F617422D0
:100630002C22616363657373223A2272227D2C7BC4
:10064000226E616D65223A22706F776572222C22CC
:100650006964223A3232352C2274797065223A224A
:10066000666C6F6174222C22616363657373223A36
:100670002272227D2C7B226E616D65223A22765F8A
:1006800063757272656E745F636F6E74726F6C5FA8
:10069000696E74656772616C5F64222C22696422E2
:1006A0003A3232362C2274797065223A22666C6FA7
:1006B0006174222C22616363657373223A2272771C
:1006C000227D2C7B226E616D65223A22765F6375F6
:1006D0007272656E745F636F6E74726F6C5F696E59
:1006E00074656772616C5F71222C226964223A32F0
:1006F00032372C2274797065223A22666C6F6174ED
:10070000222C22616363657373223A227277227D01
:100710002C7B226E616D65223A2266696E616C5F88
:10072000765F616C706861222C226964223A3232F1
:10073000382C2274797065223A22666C6F617422BB
:100740002C22616363657373223A2272227D2C7BB3
:10075000226E616D65223A2266696E616C5F765F1A
:1007600062657461222C226964223A3232392C2269
:1007700074797065223A22666C6F6174222C226152
:100780006363657373223A2272227D5D7D2C7B2226
:100790006E616D65223A226E5F6576745F63757275
:1007A00072656E745F6D6561737572656D656E748B
:1007B000222C226964223A3233302C2274797065FB
:1007C000223A2275696E743332222C22616363658A
:1007D0007373223A2272227D2C7B226E616D652218
:1007E0003A226E5F6576745F70776D5F75706461D5
:1007F0007465222C226964223A3233312C227479B6
:100800007065223A2275696E743332222C2261633C
:1008100063657373223A2272227D2C7B226E616D96
:1008200065223A22636F6E666967222C22747970A2
:1008300065223A226F626A656374222C226D656DAF
:1008400062657273223A5B7B226E616D65223A2289
:100850007072655F63616C69627261746564222C99
:10086000226964223A3233322C2274797065223A3A
:1008700022626F6F6C222C22616363657373223A6C
:10088000227277227D2C7B226E616D65223A227066
:100890006F6C655F7061697273222C226964223A01
:1008A0003233332C2274797065223A22696E7433A4
:1008B00032222C22616363657373223A227277229B
:1008C0007D2C7B226E616D65223A2263616C6962C8
:1008D000726174696F6E5F63757272656E74222CDB
:1008E000226964223A3233342C2274797065223AB8
:1008F00022666C6F6174222C2261636365737322BC
:100900003A227277227D2C7B226E616D65223A221B
:10091000726573697374616E63655F63616C69624C
:100920005F6D61785F766F6C74616765222C2269F8
:1009300064223A3233352C2274797065223A226669
:100940006C6F6174222C22616363657373223A2297
:100950007277227D2C7B226E616D65223A2270684F
:100960006173655F696E64756374616E6365222C83
:10097000226964223A3233362C2274797065223A25
:1009800022666C6F6174222C22616363657373222B
:100990003A227277227D2C7B226E616D65223A228B
:1009A00070686173655F726573697374616E6365A6
:1009B000222C226964223A3233372C2274797065F2
:1009C000223A22666C6F6174222C22616363657324
:1009D00073223A227277227D2C7B226E616D652212
:1009E0003A22746F727175655F636F6E7374616EB6
:1009F00074222C226964223A3233382C22747970A2
:100A000065223A22666C6F6174222C2261636365F1
:100A10007373223A227277227D2C7B226E616D6580
:100A2000223A226D6F746F725F74797065222C2286
:100A30006964223A3233392C2274797065223A2261
:100A400075696E7438222C22616363657373223A70
:100A5000227277227D2C7B226E616D65223A2263A1
:100A6000757272656E745F6C696D222C22696422E6
:100A70003A3234302C2274797065223A22666C6FD7
:100A80006174222C22616363657373223A22727748
:100A9000227D2C7B226E616D65223A226375727213
:100AA000656E745F6C696D5F6D617267696E222C33
:100AB000226964223A3234312C2274797065223AE8
:100AC00022666C6F6174222C2261636365737322EA
:100AD0003A227277227D2C7B226E616D65223A224A
:100AE000746F727175655F6C696D222C2269642266
:100AF0003A3234322C2274797065223A22666C6F55
:100B00006174222C22616363657373223A227277C7
:100B1000227D2C7B226E616D65223A22696E76659C
:100B2000727465725F74656D705F6C696D69745F16
:100B30006C6F776572222C226964223A3234332C2E
:100B40002274797065223A22666C6F6174222C22BD
:100B5000616363657373223A227277227D2C7B2254
:100B60006E616D65223A22696E7665727465725F98
:100B700074656D705F6C696D69745F7570706572B6
:100B8000222C226964223A3234342C227479706522
:100B9000223A22666C6F6174222C22616363657352
:100BA00073223A227277227D2C7B226E616D652240
:100BB0003A227265717565737465645F63757272EC
:100BC000656E745F72616E6765222C226964223AD9
:100BD0003234352C2274797065223A22666C6F614A
:100BE00074222C22616363657373223A2272772226
:100BF0007D2C7B226E616D65223A2263757272656F
:100C00006E745F636F6E74726F6C5F62616E647737
:100C100069647468222C226964223A3234362C22A8
:100C200074797065223A22666C6F6174222C22619D
:100C30006363657373223A227277227D2C7B226E66
:100C4000616D65223A226163696D5F6761696E5FFC
:100C50006D696E5F666C7578222C226964223A3267
:100C600034372C2274797065223A22666C6F617475
:100C7000222C22616363657373223A227277227D8C
:100C80002C7B226E616D65223A226163696D5F6122
:100C900075746F666C75785F6D696E5F4964222C40
:100CA000226964223A3234382C2274797065223AEF
:100CB00022666C6F6174222C2261636365737322F8
:100CC0003A227277227D2C7B226E616D65223A2258
:100CD0006163696D5F6175746F666C75785F656E71
:100CE00061626C65222C226964223A3234392C22EA
:100CF00074797065223A22626F6F6C222C226163D4
:100D000063657373223A227277227D2C7B226E6197
:100D10006D65223A226163696D5F6175746F666CFF
:100D200075785F61747461636B5F6761696E222CB3
:100D3000226964223A3235302C2274797065223A65
:100D400022666C6F6174222C226163636573732267
:100D50003A227277227D2C7B226E616D65223A22C7
:100D60006163696D5F6175746F666C75785F6465EA
:100D70006361795F6761696E222C226964223A326D
:100D800035312C2274797065223A22666C6F617459
:100D9000222C22616363657373223A227277227D6B
:100DA0002C7B226E616D65223A22525F774C5F4642
:100DB000465F656E61626C65222C226964223A325C
:100DC00035322C2274797065223A22626F6F6C2260
:100DD0002C22616363657373223A227277227D2C21
:100DE0007B226E616D65223A2262454D465F464622
:100DF0005F656E61626C65222C226964223A32352D
:100E0000332C2274797065223A22626F6F6C222C27
:100E100022616363657373223A227277227D2C7B91
:100E2000226E616D65223A22495F6275735F686167
:100E300072645F6D696E222C226964223A32353405
:100E40002C2274797065223A22666C6F6174222CB0
:100E500022616363657373223A227277227D2C7B51
:100E6000226E616D65223A22495F6275735F686127
:100E700072645F6D6178222C226964223A323535C2
:100E80002C2274797065223A22666C6F6174222C70
:100E900022616363657373223A227277227D2C7B11
:100EA000226E616D65223A22495F6C65616B5F6DF0
:100EB0006178222C226964223A3235362C227479E8
:100EC0007065223A22666C6F6174222C2261636322
:100ED000657373223A227277227D2C7B226E616DBC
:100EE00065223A2264635F63616C69625F74617555
:100EF000222C226964223A3235372C2274797065AB
:100F0000223A22666C6F6174222C226163636573DE
:100F100073223A227277227D5D7D5D7D2C7B226E6D
:100F2000616D65223A22636F6E74726F6C6C6572CC
:100F3000222C2274797065223A226F626A6563748A
:100F4000222C226D656D62657273223A5B7B226E84
:100F5000616D65223A226572726F72222C22696479
:100F6000223A3235382C2274797065223A2275691A
:100F70006E7438222C22616363657373223A227285
:100F800077227D2C7B226E616D65223A226C617323
:100F9000745F6572726F725F74696D65222C22696D
:100FA00064223A3235392C2274797065223A2266ED
:100FB0006C6F6174222C22616363657373223A2221
:100FC0007277227D2C7B226E616D65223A22696EDA
:100FD0007075745F706F73222C226964223A323606
:100FE000302C2274797065223A22666C6F6174220B
:100FF0002C22616363657373223A227277227D2CFF
:101000007B226E616D65223A22696E7075745F761F
:10101000656C222C226964223A3236312C22747992
:101020007065223A22666C6F6174222C22616363C0
:10103000657373223A227277227D2C7B226E616D5A
:1010400065223A22696E7075745F746F727175658E
:10105000222C226964223A3236322C22747970654D
:10106000223A22666C6F6174222C2261636365737D
:1010700073223A227277227D2C7B226E616D65226B
:101080003A22706F735F736574706F696E74222C8F
:10109000226964223A3236332C2274797065223AFE
:1010A00022666C6F6174222C226163636573732204
:1010B0003A2272227D2C7B226E616D65223A227665
:1010C000656C5F736574706F696E74222C2269643D
:1010D000223A3236342C2274797065223A22666CB8
:1010E0006F6174222C22616363657373223A2272EA
:1010F000227D2C7B226E616D65223A22746F7271A3
:1011000075655F736574706F696E74222C226964F3
:10111000223A3236352C2274797065223A22666C76
:101120006F6174222C22616363657373223A2272A9
:10113000227D2C7B226E616D65223A227472616A77
:101140006563746F72795F646F6E65222C226964C7
:10115000223A3236362C2274797065223A22626F36
:101160006F6C222C22616363657373223A227222B0
:101170007D2C7B226E616D65223A2276656C5F69FB
:101180006E7465677261746F725F746F727175658A
:10119000222C226964223A3236372C227479706507
:1011A000223A22666C6F6174222C2261636365733C
:1011B00073223A227277227D2C7B226E616D65222A
:1011C0003A22616E7469636F6767696E675F766103
:1011D0006C6964222C226964223A3236382C2274DB
:1011E000797065223A22626F6F6C222C22616363F0
:1011F000657373223A227277227D2C7B226E616D99
:1012000065223A226175746F74756E696E675F70DE
:1012100068617365222C226964223A3236392C22A5
:1012200074797065223A22666C6F6174222C226197
:101230006363657373223A227277227D2C7B226E60
:10124000616D65223A22636F6E666967222C227493
:10125000797065223A226F626A656374222C226D6E
:10126000656D62657273223A5B7B226E616D6522E9
:101270003A226761696E5F7363686564756C696E55
:10128000675F7769647468222C226964223A323776
:10129000302C2274797065223A22666C6F61742258
:1012A0002C22616363657373223A227277227D2C4C
:1012B0007B226E616D65223A22656E61626C655FAC
:1012C00076656C5F6C696D6974222C226964223AC0
:1012D0003237312C2274797065223A22626F6F6C3A
:1012E000222C22616363657373223A227277227D16
:1012F0002C7B226E616D65223A22656E61626C659F
:101300005F746F727175655F6D6F64655F76656C34
:101310005F6C696D6974222C226964223A3237321B
:101320002C2274797065223A22626F6F6C222C2213
:10133000616363657373223A227277227D2C7B226C
:101340006E616D65223A22656E61626C655F6761F0
:10135000696E5F7363686564756C696E67222C22C1
:101360006964223A3237332C2274797065223A222A
:10137000626F6F6C222C22616363657373223A2261
:101380007277227D2C7B226E616D65223A22656E1A
:1013900061626C655F6F76657273706565645F65C9
:1013A00072726F72222C226964223A3237342C22F4
:1013B00074797065223A22626F6F6C222C2261630D
:1013C00063657373223A227277227D2C7B226E61D1
:1013D0006D65223A22636F6E74726F6C5F6D6F641D
:1013E00065222C226964223A3237352C22747970B6
:1013F00065223A2275696E7438222C226163636516
:101400007373223A227277227D2C7B226E616D6586
:10141000223A22696E7075745F6D6F6465222C22AA
:101420006964223A3237362C2274797065223A2266
:1014300075696E7438222C22616363657373223A76
:10144000227277227D2C7B226E616D65223A22709A
:101450006F735F6761696E222C226964223A3237AA
:10146000372C2274797065223A22666C6F6174227F
:101470002C22616363657373223A227277227D2C7A
:101480007B226E616D65223A2276656C5F676169C9
:101490006E222C226964223A3237382C22747970F9
:1014A00065223A22666C6F6174222C226163636547
:1014B0007373223A227277227D2C7B226E616D65D6
:1014C000223A2276656C5F696E7465677261746F2B
:1014D000725F6761696E222C226964223A32373961
:1014E0002C2274797065223A22666C6F6174222C0A
:1014F00022616363657373223A227277227D2C7BAB
:10150000226E616D65223A2276656C5F696E746544
:10151000677261746F725F6C696D6974222C2269E5
:1015200064223A3238302C2274797065223A22666D
:101530006C6F6174222C22616363657373223A229B
:101540007277227D2C7B226E616D65223A22766550
:101550006C5F6C696D6974222C226964223A32389E
:10156000312C2274797065223A22666C6F61742284
:101570002C22616363657373223A227277227D2C79
:101580007B226E616D65223A2276656C5F6C696DB7
:1015900069745F746F6C6572616E6365222C226979
:1015A00064223A3238322C2274797065223A2266EB
:1015B0006C6F6174222C22616363657373223A221B
:1015C0007277227D2C7B226E616D65223A227665D0
:1015D0006C5F72616D705F72617465222C22696448
:1015E000223A3238332C2274797065223A22666CA2
:1015F0006F6174222C22616363657373223A2272D5
:1016000077227D2C7B226E616D65223A22746F7287
:101610007175655F72616D705F72617465222C22F5
:101620006964223A3238342C2274797065223A2265
:10163000666C6F6174222C22616363657373223A56
:10164000227277227D2C7B226E616D65223A2263A5
:10165000697263756C61725F736574706F696E74C3
:1016600073222C226964223A3238352C2274797024
:1016700065223A22626F6F6C222C2261636365736C
:1016800073223A227277227D2C7B226E616D652255
:101690003A2263697263756C61725F736574706F0F
:1016A000696E745F72616E6765222C226964223AEA
:1016B0003238362C2274797065223A22666C6F615A
:1016C00074222C22616363657373223A227277223B
:1016D0007D2C7B226E616D65223A22737465707376
:1016E0005F7065725F63697263756C61725F72616E
:1016F0006E6765222C226964223A3238372C2274B4
:10170000797065223A22696E743332222C22616329
:1017100063657373223A227277227D2C7B226E617D
:101720006D65223A22686F6D696E675F73706565DB
:1017300064222C226964223A3238382C227479705F
:1017400065223A22666C6F6174222C2261636365A4
:101750007373223A227277227D2C7B226E616D6533
:10176000223A22696E6572746961222C22696422B0
:101770003A3238392C2274797065223A22666C6FBD
:101780006174222C22616363657373223A2272773B
:10179000227D2C7B226E616D65223A22617869730D
:1017A0005F746F5F6D6972726F72222C226964229E
:1017B0003A3239302C2274797065223A2275696E7A
:1017C0007438222C22616363657373223A22727724
:1017D000227D2C7B226E616D65223A226D697272C8
:1017E0006F725F726174696F222C226964223A32CF
:1017F00039312C2274797065223A22666C6F6174DB
:10180000222C22616363657373223A227277227DF0
:101810002C7B226E616D65223A22746F7271756540
:101820005F6D6972726F725F726174696F222C22D0
:101830006964223A3239322C2274797065223A2254
:10184000666C6F6174222C22616363657373223A44
:10185000227277227D2C7B226E616D65223A226C8A
:101860006F61645F656E636F6465725F61786973F1
:10187000222C226964223A3239332C227479706521
:10188000223A2275696E7438222C22616363657373
:1018900073223A227277227D2C7B226E616D652243
:1018A0003A22696E7075745F66696C7465725F6206
:1018B000616E647769647468222C226964223A320A
:1018C00039342C2274797065223A22666C6F617407
:1018D000222C22616363657373223A227277227D20
:1018E0002C7B226E616D65223A22616E7469636F92
:1018F0006767696E67222C2274797065223A226FBD
:10190000626A656374222C226D656D626572732252
:101910003A5B7B226E616D65223A22696E6465785E
:10192000222C226964223A3239352C22747970656E
:10193000223A2275696E743332222C226163636508
:101940007373223A2272227D2C7B226E616D652296
:101950003A227072655F63616C696272617465647A
:10196000222C226964223A3239362C22747970652D
:10197000223A22626F6F6C222C226163636573735B
:10198000223A227277227D2C7B226E616D65223A8B
:101990002263616C69625F616E7469636F67676916
:1019A0006E67222C226964223A3239372C227479EC
:1019B0007065223A22626F6F6C222C22616363652C
:1019C0007373223A2272227D2C7B226E616D652216
:1019D0003A2263616C69625F706F735F74687265ED
:1019E00073686F6C64222C226964223A3239382C75
:1019F0002274797065223A22666C6F6174222C22FF
:101A0000616363657373223A227277227D2C7B2295
:101A10006E616D65223A2263616C69625F76656C06
:101A20005F7468726573686F6C64222C226964222B
:101A30003A3239392C2274797065223A22666C6FF9
:101A40006174222C22616363657373223A22727778
:101A5000227D2C7B226E616D65223A22636F67675F
:101A6000696E675F726174696F222C226964223A21
:101A70003330302C2274797065223A22666C6F61A3
:101A800074222C22616363657373223A2272227D71
:101A90002C7B226E616D65223A22616E7469636FE0
:101AA0006767696E675F656E61626C6564222C2290
:101AB0006964223A3330312C2274797065223A22DB
:101AC000626F6F6C222C22616363657373223A220A
:101AD0007277227D5D7D2C7B226E616D65223A22BC
:101AE0006D656368616E6963616C5F706F77657265
:101AF0005F62616E647769647468222C2269642273
:101B00003A3330322C2274797065223A22666C6F37
:101B10006174222C22616363657373223A227277A7
:101B2000227D2C7B226E616D65223A22656C656395
:101B300074726963616C5F706F7765725F62616E0A
:101B4000647769647468222C226964223A333033E2
:101B50002C2274797065223A22666C6F6174222C93
:101B600022616363657373223A227277227D2C7B34
:101B7000226E616D65223A227370696E6F75745FB3
:101B80006D656368616E6963616C5F706F776572C4
:101B90005F7468726573686F6C64222C22696422BA
:101BA0003A3330342C2274797065223A22666C6F95
:101BB0006174222C22616363657373223A22727707
:101BC000227D2C7B226E616D65223A227370696ED4
:101BD0006F75745F656C656374726963616C5F7067
:101BE0006F7765725F7468726573686F6C64222CBE
:101BF000226964223A3330352C2274797065223A96
:101C000022666C6F6174222C226163636573732298
:101C10003A227277227D5D7D2C7B226E616D65227A
:101C20003A226175746F74756E696E67222C227426
:101C3000797065223A226F626A656374222C226D84
:101C4000656D62657273223A5B7B226E616D6522FF
:101C50003A226672657175656E6379222C22696419
:101C6000223A3330362C2274797065223A22666C1F
:101C70006F6174222C22616363657373223A22724E
:101C800077227D2C7B226E616D65223A22706F7304
:101C90005F616D706C6974756465222C22696422C1
:101CA0003A3330372C2274797065223A22666C6F91
:101CB0006174222C22616363657373223A22727706
:101CC000227D2C7B226E616D65223A2276656C5FE7
:101CD000616D706C6974756465222C226964223AA6
:101CE0003330382C2274797065223A22666C6F6129
:101CF00074222C22616363657373223A2272772205
:101D00007D2C7B226E616D65223A22746F72717533
:101D1000655F616D706C6974756465222C226964FD
:101D2000223A3330392C2274797065223A22666C5B
:101D30006F6174222C22616363657373223A22728D
:101D400077227D5D7D2C7B226E616D65223A226D4E
:101D5000656368616E6963616C5F706F776572223D
:101D60002C226964223A3331302C22747970652236
:101D70003A22666C6F6174222C226163636573730F
:101D8000223A2272227D2C7B226E616D65223A22DC
:101D9000656C656374726963616C5F706F7765729F
:101DA000222C226964223A3331312C2274797065F5
:101DB000223A22666C6F6174222C22616363657320
:101DC00073223A2272227D2C7B226E616D65223A4B
:101DD000226D6F76655F696E6372656D656E7461A5
:101DE0006C222C226964223A3331322C22747970AD
:101DF00065223A2266756E6374696F6E222C2269C1
:101E00006E70757473223A5B7B226E616D65223A47
:101E100022646973706C6163656D656E74222C2237
:101E20006964223A3331332C2274797065223A2264
:101E3000666C6F6174222C22616363657373223A4E
:101E4000227277227D2C7B226E616D65223A22669A
:101E5000726F6D5F696E7075745F706F73222C2284
:101E60006964223A3331342C2274797065223A2223
:101E7000626F6F6C222C22616363657373223A2256
:101E80007277227D5D2C226F757470757473223A9F
:101E90005B5D7D2C7B226E616D65223A22737461DD
:101EA00072745F616E7469636F6767696E675F63A1
:101EB000616C6962726174696F6E222C226964229E
:101EC0003A3331352C2274797065223A2266756E68
:101ED0006374696F6E222C22696E70757473223A76
:101EE0005B5D2C226F757470757473223A5B5D7D37
:101EF0002C7B226E616D65223A2272656D6F76656C
:101F00005F616E7469636F6767696E675F6269615D
:101F100073222C226964223A3331362C2274797070
:101F200065223A2266756E6374696F6E222C22698F
:101F30006E70757473223A5B5D2C226F75747075C8
:101F40007473223A5B7B226E616D65223A22766160
:101F50006C222C226964223A3331372C2274797036
:101F600065223A22666C6F6174222C22616363657C
:101F70007373223A2272227D5D7D2C7B226E616D0D
:101F800065223A226765745F616E7469636F676783
:101F9000696E675F76616C7565222C226964223AEE
:101FA0003331382C2274797065223A2266756E635B
:101FB00074696F6E222C22696E70757473223A5B9D
:101FC0007B226E616D65223A22696E646578222CEF
:101FD000226964223A3331392C2274797065223AAD
:101FE0002275696E743332222C22616363657373C8
:101FF000223A227277227D5D2C226F75747075747F
:1020000073223A5B7B226E616D65223A2276616CA7
:10201000222C226964223A3332302C227479706582
:10202000223A22666C6F6174222C226163636573AD
:1020300073223A2272227D5D7D5D7D2C7B226E6152
:102040006D65223A22656E636F646572222C22747C
:10205000797065223A226F626A656374222C226D60
:10206000656D62657273223A5B7B226E616D6522DB
:102070003A226572726F72222C226964223A3332DC
:10208000312C2274797065223A2275696E7431366A
:10209000222C22616363657373223A227277227D58
:1020A0002C7B226E616D65223A2269735F726561D5
:1020B0006479222C226964223A3332322C227479D8
:1020C0007065223A22626F6F6C222C226163636515
:1020D0007373223A2272227D2C7B226E616D6522FF
:1020E0003A22696E6465785F666F756E64222C2291
:1020F0006964223A3332332C2274797065223A2291
:10210000626F6F6C222C22616363657373223A22C3
:1021100072227D2C7B226E616D65223A227368618A
:10212000646F775F636F756E74222C226964223A44
:102130003332342C2274797065223A22696E7433FA
:1021400032222C22616363657373223A2272227DEC
:102150002C7B226E616D65223A22636F756E745F0F
:10216000696E5F637072222C226964223A333235C1
:102170002C2274797065223A22696E743332222CD3
:1021800022616363657373223A2272227D2C7B2263
:102190006E616D65223A22696E746572706F6C6152
:1021A00074696F6E222C226964223A3332362C22F3
:1021B00074797065223A22666C6F6174222C2261F8
:1021C0006363657373223A2272227D2C7B226E61D7
:1021D0006D65223A227068617365222C226964223F
:1021E0003A3332372C2274797065223A22666C6F4A
:1021F0006174222C22616363657373223A22722216
:102200007D2C7B226E616D65223A22706F735F6553
:102210007374696D617465222C226964223A3332C9
:10222000382C2274797065223A22666C6F617422B0
:102230002C22616363657373223A2272227D2C7BA8
:10224000226E616D65223A22706F735F65737469E7
:102250006D6174655F636F756E7473222C2269649F
:10226000223A3332392C2274797065223A22666C14
:102270006F6174222C22616363657373223A227248
:10228000227D2C7B226E616D65223A22706F735F16
:1022900063697263756C6172222C226964223A331D
:1022A00033302C2274797065223A22666C6F617427
:1022B000222C22616363657373223A2272227D2C81
:1022C0007B226E616D65223A22706F735F6370725C
:1022D0005F636F756E7473222C226964223A333304
:1022E000312C2274797065223A22666C6F617422F7
:1022F0002C22616363657373223A2272227D2C7BE8
:10230000226E616D65223A2264656C74615F706F44
:10231000735F6370725F636F756E7473222C2269D2
:1023200064223A3333322C2274797065223A226661
:102330006C6F6174222C22616363657373223A228D
:1023400072227D2C7B226E616D65223A2268616C5F
:102350006C5F7374617465222C226964223A333392
:10236000332C2274797065223A2275696E74382292
:102370002C22616363657373223A2272227D2C7B67
:10238000226E616D65223A2276656C5F65737469B1
:102390006D617465222C226964223A3333342C2215
:1023A00074797065223A22666C6F6174222C226106
:1023B0006363657373223A2272227D2C7B226E61E5
:1023C0006D65223A2276656C5F657374696D617420
:1023D000655F636F756E7473222C226964223A33D1
:1023E00033352C2274797065223A22666C6F6174E1
:1023F000222C22616363657373223A2272227D2C40
:102400007B226E616D65223A2263616C69625F7343
:1024100063616E5F726573706F6E7365222C2269E3
:1024200064223A3333362C2274797065223A22665C
:102430006C6F6174222C22616363657373223A228C
:1024400072227D2C7B226E616D65223A22706F7341
:102450005F616273222C226964223A3333372C2263
:1024600074797065223A22696E743332222C2261AB
:102470006363657373223A227277227D2C7B226E0E
:10248000616D65223A227370695F6572726F725F67
:1024900072617465222C226964223A3333382C220B
:1024A00074797065223A22666C6F6174222C226105
:1024B0006363657373223A2272227D2C7B226E61E4
:1024C0006D65223A22636F6E666967222C227479E9
:1024D0007065223A226F626A656374222C226D65F0
:1024E0006D62657273223A5B7B226E616D65223A82
:1024F000226D6F6465222C226964223A3333392CB1
:102500002274797065223A2275696E743136222CF4
:1025100022616363657373223A227277227D2C7B7A
:10252000226E616D65223A227573655F696E64651E
:1025300078222C226964223A3334302C2274797048
:1025400065223A22626F6F6C222C2261636365738D
:1025500073223A227277227D2C7B226E616D652276
:102560003A22696E6465785F6F6666736574222CC3
:10257000226964223A3334312C2274797065223A0C
:1025800022666C6F6174222C22616363657373220F
:102590003A227277227D2C7B226E616D65223A226F
:1025A0007573655F696E6465785F6F666673657481
:1025B000222C226964223A3334322C2274797065D9
:1025C000223A22626F6F6C222C22616363657373FF
:1025D000223A227277227D2C7B226E616D65223A2F
:1025E0002266696E645F6964785F6F6E5F6C6F63AB
:1025F0006B696E5F6F6E6C79222C226964223A33AC
:1026000034332C2274797065223A22626F6F6C2207
:102610002C22616363657373223A227277227D2CC8
:102620007B226E616D65223A226162735F7370690D
:102630005F63735F6770696F5F70696E222C2269D8
:1026400064223A3334342C2274797065223A22752C
:10265000696E743136222C22616363657373223A8A
:10266000227277227D2C7B226E616D65223A226375
:102670007072222C226964223A3334352C22747908
:102680007065223A22696E743332222C22616363B0
:10269000657373223A227277227D2C7B226E616DE4
:1026A00065223A2270686173655F6F666673657450
:1026B000222C226964223A3334362C2274797065D4
:1026C000223A22696E743332222C2261636365736D
:1026D00073223A227277227D2C7B226E616D6522F5
:1026E0003A2270686173655F6F66667365745F66D2
:1026F0006C6F6174222C226964223A3334372C22A5
:1027000074797065223A22666C6F6174222C2261A2
:102710006363657373223A227277227D2C7B226E6B
:10272000616D65223A22646972656374696F6E2215
:102730002C226964223A3334382C22747970652251
:102740003A22696E743332222C226163636573739B
:10275000223A227277227D2C7B226E616D65223AAD
:10276000227072655F63616C696272617465642274
:102770002C226964223A3334392C22747970652210
:102780003A22626F6F6C222C22616363657373223D
:102790003A227277227D2C7B226E616D65223A226D
:1027A000656E61626C655F70686173655F696E74A8
:1027B0006572706F6C6174696F6E222C226964227D
:1027C0003A3335302C2274797065223A22626F6F69
:1027D0006C222C22616363657373223A2272772222
:1027E0007D2C7B226E616D65223A2262616E647778
:1027F00069647468222C226964223A3335312C22B0
:1028000074797065223A22666C6F6174222C2261A1
:102810006363657373223A227277227D2C7B226E6A
:10282000616D65223A2263616C69625F72616E67F5
:1028300065222C226964223A3335322C2274797055
:1028400065223A22666C6F6174222C226163636593
:102850007373223A227277227D2C7B226E616D6522
:10286000223A2263616C69625F7363616E5F6469BF
:102870007374616E6365222C226964223A333533A6
:102880002C2274797065223A22666C6F6174222C56
:1028900022616363657373223A227277227D2C7BF7
:1028A000226E616D65223A2263616C69625F7363B7
:1028B000616E5F6F6D656761222C226964223A3315
:1028C00035342C2274797065223A22666C6F6174FB
:1028D000222C22616363657373223A227277227D10
:1028E0002C7B226E616D65223A2269676E6F72657C
:1028F0005F696C6C6567616C5F68616C6C5F737459
:10290000617465222C226964223A3335352C227495
:10291000797065223A22626F6F6C222C22616363A8
:10292000657373223A227277227D2C7B226E616D51
:1029300065223A2268616C6C5F706F6C61726974B9
:1029400079222C226964223A3335362C227479702C
:1029500065223A2275696E7438222C2261636365A0
:102960007373223A227277227D2C7B226E616D6511
:10297000223A2268616C6C5F706F6C617269747965
:102980005F63616C69627261746564222C226964A0
:10299000223A3335372C2274797065223A22626FDD
:1029A0006F6C222C22616363657373223A22727703
:1029B000227D2C7B226E616D65223A2273696E63E3
:1029C0006F735F6770696F5F70696E5F73696E22A6
:1029D0002C226964223A3335382C227479706522AE
:1029E0003A2275696E743136222C226163636573F5
:1029F00073223A227277227D2C7B226E616D6522D2
:102A00003A2273696E636F735F6770696F5F706995
:102A10006E5F636F73222C226964223A3335392C3E
:102A20002274797065223A2275696E743136222CCF
:102A300022616363657373223A227277227D5D7D22
:102A40002C7B226E616D65223A227365745F6C691E
:102A50006E6561725F636F756E74222C22696422E9
:102A60003A3336302C2274797065223A2266756EBC
:102A70006374696F6E222C22696E70757473223ACA
:102A80005B7B226E616D65223A22636F756E7422E4
:102A90002C226964223A3336312C227479706522F3
:102AA0003A22696E743332222C2261636365737338
:102AB000223A227277227D5D2C226F7574707574B4
:102AC00073223A5B5D7D5D7D2C7B226E616D65229C
:102AD0003A226163696D5F657374696D61746F72C9
:102AE000222C2274797065223A226F626A656374BF
:102AF000222C226D656D62657273223A5B7B226EB9
:102B0000616D65223A22726F746F725F666C7578C0
:102B1000222C226964223A3336322C227479706571
:102B2000223A22666C6F6174222C226163636573A2
:102B300073223A2272227D2C7B226E616D65223ACD
:102B400022736C69705F76656C222C226964223A6C
:102B50003336332C2274797065223A22666C6F61A9
:102B600074222C22616363657373223A2272227D80
:102B70002C7B226E616D65223A2270686173655FFD
:102B80006F6666736574222C226964223A33363488
:102B90002C2274797065223A22666C6F6174222C43
:102BA00022616363657373223A2272227D2C7B2239
:102BB0006E616D65223A22737461746F725F706822
:102BC0006173655F76656C222C226964223A333624
:102BD000352C2274797065223A22666C6F617422FA
:102BE0002C22616363657373223A2272227D2C7BEF
:102BF000226E616D65223A22737461746F725F7028
:102C000068617365222C226964223A3336362C229D
:102C100074797065223A22666C6F6174222C22618D
:102C20006363657373223A2272227D2C7B226E616C
:102C30006D65223A22636F6E666967222C22747971
:102C40007065223A226F626A656374222C226D6578
:102C50006D62657273223A5B7B226E616D65223A0A
:102C600022736C69705F76656C6F63697479222C6E
:102C7000226964223A3336372C2274797065223AFD
:102C800022666C6F6174222C226163636573732208
:102C90003A227277227D5D7D5D7D2C7B226E616D97
:102CA00065223A2273656E736F726C6573735F652C
:102CB0007374696D61746F72222C2274797065224D
:102CC0003A226F626A656374222C226D656D6265BB
:102CD0007273223A5B7B226E616D65223A226572C5
:102CE000726F72222C226964223A3336382C227495
:102CF000797065223A2275696E7438222C226163DC
:102D000063657373223A227277227D2C7B226E6177
:102D10006D65223A227068617365222C22696422F3
:102D20003A3336392C2274797065223A22666C6FF8
:102D30006174222C22616363657373223A227222CA
:102D40007D2C7B226E616D65223A22706C6C5F7007
:102D50006F73222C226964223A3337302C22747923
:102D60007065223A22666C6F6174222C2261636363
:102D7000657373223A2272227D2C7B226E616D650F
:102D8000223A2270686173655F76656C222C226935
:102D900064223A3337312C2274797065223A2266E4
:102DA0006C6F6174222C22616363657373223A2213
:102DB00072227D2C7B226E616D65223A2276656CD3
:102DC0005F657374696D617465222C226964223AAF
:102DD0003337322C2274797065223A22666C6F6127
:102DE00074222C22616363657373223A2272227DFE
:102DF0002C7B226E616D65223A22636F6E66696775
:102E0000222C2274797065223A226F626A6563749B
:102E1000222C226D656D62657273223A5B7B226E95
:102E2000616D65223A226F627365727665725F67C3
:102E300061696E222C226964223A3337332C227462
:102E4000797065223A22666C6F6174222C2261636C
:102E500063657373223A227277227D2C7B226E6126
:102E60006D65223A22706C6C5F62616E6477696492
:102E70007468222C226964223A3337342C22747904
:102E80007065223A22666C6F6174222C2261636342
:102E9000657373223A227277227D2C7B226E616DDC
:102EA00065223A22706D5F666C75785F6C696E6B37
:102EB000616765222C226964223A3337352C2274EB
:102EC000797065223A22666C6F6174222C226163EC
:102ED00063657373223A227277227D5D7D5D7D2C5E
:102EE0007B226E616D65223A22747261705F74722A
:102EF000616A222C2274797065223A226F626A65B7
:102F00006374222C226D656D62657273223A5B7B5D
:102F1000226E616D65223A22636F6E666967222CAC
:102F20002274797065223A226F626A656374222C7A
:102F3000226D656D62657273223A5B7B226E616DF4
:102F400065223A2276656C5F6C696D6974222C2269
:102F50006964223A3337362C2274797065223A221A
:102F6000666C6F6174222C22616363657373223A0D
:102F7000227277227D2C7B226E616D65223A22615E
:102F80006363656C5F6C696D6974222C22696422CD
:102F90003A3337372C2274797065223A22666C6F87
:102FA0006174222C22616363657373223A22727703
:102FB000227D2C7B226E616D65223A2264656365F9
:102FC0006C5F6C696D6974222C226964223A333714
:102FD000382C2274797065223A22666C6F617422F3
:102FE0002C22616363657373223A227277227D5DBE
:102FF0007D5D7D2C7B226E616D65223A226D696E4E
:103000005F656E6473746F70222C22747970652210
:103010003A226F626A656374222C226D656D626567
:103020007273223A5B7B226E616D65223A22656E75
:103030006473746F705F7374617465222C226964A9
:10304000223A3337392C2274797065223A22626F22
:103050006F6C222C22616363657373223A227222A1
:103060007D2C7B226E616D65223A22636F6E6669EC
:1030700067222C2274797065223A226F626A656336
:1030800074222C226D656D62657273223A5B7B221D
:103090006E616D65223A226770696F5F6E756D2291
:1030A0002C226964223A3338302C227479706522DC
:1030B0003A2275696E743136222C2261636365731E
:1030C00073223A227277227D2C7B226E616D6522FB
:1030D0003A22656E61626C6564222C226964223A30
:1030E0003338312C2274797065223A22626F6F6C0A
:1030F000222C22616363657373223A227277227DE8
:103100002C7B226E616D65223A226F666673657450
:10311000222C226964223A3338322C227479706569
:10312000223A22666C6F6174222C2261636365739C
:1031300073223A227277227D2C7B226E616D65228A
:103140003A2269735F6163746976655F686967686D
:10315000222C226964223A3338332C227479706528
:10316000223A22626F6F6C222C2261636365737353
:10317000223A227277227D2C7B226E616D65223A83
:10318000226465626F756E63655F6D73222C2269C0
:1031900064223A3338342C2274797065223A2275CD
:1031A000696E743332222C22616363657373223A31
:1031B000227277227D5D7D5D7D2C7B226E616D6547
:1031C000223A226D61785F656E6473746F70222C91
:1031D0002274797065223A226F626A656374222CC8
:1031E000226D656D62657273223A5B7B226E616D42
:1031F00065223A22656E6473746F705F73746174D4
:1032000065222C226964223A3338352C2274797075
:1032100065223A22626F6F6C222C226163636573B0
:1032200073223A2272227D2C7B226E616D65223AD6
:1032300022636F6E666967222C2274797065223A68
:10324000226F626A656374222C226D656D626572FD
:1032500073223A5B7B226E616D65223A2267706948
:103260006F5F6E756D222C226964223A3338362CDA
:103270002274797065223A2275696E743136222C77
:1032800022616363657373223A227277227D2C7BFD
:10329000226E616D65223A22656E61626C65642200
:1032A0002C226964223A3338372C227479706522D3
:1032B0003A22626F6F6C222C226163636573732202
:1032C0003A227277227D2C7B226E616D65223A2232
:1032D0006F6666736574222C226964223A3338382B
:1032E0002C2274797065223A22666C6F6174222CEC
:1032F00022616363657373223A227277227D2C7B8D
:10330000226E616D65223A2269735F61637469762A
:10331000655F68696768222C226964223A3338390C
:103320002C2274797065223A22626F6F6C222C22F3
:10333000616363657373223A227277227D2C7B224C
:103340006E616D65223A226465626F756E63655FBA
:103350006D73222C226964223A3339302C2274791D
:103360007065223A2275696E743332222C226163B1
:1033700063657373223A227277227D5D7D5D7D2CB9
:103380007B226E616D65223A226D656368616E69AC
:1033900063616C5F6272616B65222C227479706567
:1033A000223A226F626A656374222C226D656D6217
:1033B000657273223A5B7B226E616D65223A2263ED
:1033C0006F6E666967222C2274797065223A226FCB
:1033D000626A656374222C226D656D626572732268
:1033E0003A5B7B226E616D65223A226770696F5F7E
:1033F0006E756D222C226964223A3339312C227485
:10340000797065223A2275696E743136222C2261F8
:103410006363657373223A227277227D2C7B226E5E
:10342000616D65223A2269735F6163746976655FD5
:103430006C6F77222C226964223A3339322C227441
:10344000797065223A22626F6F6C222C226163636D
:10345000657373223A227277227D5D7D2C7B226E0A
:10346000616D65223A22656E67616765222C22696B
:1034700064223A3339332C2274797065223A2266F9
:10348000756E6374696F6E222C22696E7075747329
:10349000223A5B5D2C226F757470757473223A5BEF
:1034A0005D7D2C7B226E616D65223A2272656C65B2
:1034B000617365222C226964223A3339342C2274D8
:1034C000797065223A2266756E6374696F6E222C7C
:1034D00022696E70757473223A5B5D2C226F75746D
:1034E00070757473223A5B5D7D5D7D2C7B226E610D
:1034F0006D65223A227461736B5F74696D65732226
:103500002C2274797065223A226F626A6563742294
:103510002C226D656D62657273223A5B7B226E614F
:103520006D65223A22746865726D6973746F725F9B
:10353000757064617465222C2274797065223A2258
:103540006F626A656374222C226D656D62657273A9
:10355000223A5B7B226E616D65223A22737461723E
:10356000745F74696D65222C226964223A3339359F
:103570002C2274797065223A2275696E7433322276
:103580002C22616363657373223A2272227D2C7B45
:10359000226E616D65223A22656E645F74696D65A5
:1035A000222C226964223A3339362C2274797065D0
:1035B000223A2275696E743332222C22616363656C
:1035C0007373223A2272227D2C7B226E616D6522FA
:1035D0003A226C656E677468222C226964223A3341
:1035E00039372C2274797065223A2275696E7433EA
:1035F00032222C22616363657373223A2272227D28
:103600002C7B226E616D65223A226D61785F6C655C
:103610006E677468222C226964223A3339382C226E
:1036200074797065223A2275696E743332222C22C5
:10363000616363657373223A227277227D5D7D2C0C
:103640007B226E616D65223A22656E636F646572DE
:103650005F757064617465222C2274797065223AFA
:10366000226F626A656374222C226D656D626572D9
:1036700073223A5B7B226E616D65223A227374611C
:1036800072745F74696D65222C226964223A333941
:10369000392C2274797065223A2275696E7433323E
:1036A000222C22616363657373223A2272227D2C7D
:1036B0007B226E616D65223A22656E645F74696D6E
:1036C00065222C226964223A3430302C22747970BD
:1036D00065223A2275696E743332222C226163634B
:1036E000657373223A2272227D2C7B226E616D6596
:1036F000223A226C656E677468222C226964223A31
:103700003430312C2274797065223A2275696E74D6
:103710003332222C22616363657373223A22722250
:103720007D2C7B226E616D65223A226D61785F6C23
:10373000656E677468222C226964223A3430322C18
:103740002274797065223A2275696E743332222CA4
:1037500022616363657373223A227277227D5D7DF5
:103760002C7B226E616D65223A2273656E736F72D7
:103770006C6573735F657374696D61746F725F7587
:103780007064617465222C2274797065223A226F0C
:10379000626A656374222C226D656D6265727322A4
:1037A0003A5B7B226E616D65223A2273746172749A
:1037B0005F74696D65222C226964223A3430332C9F
:1037C0002274797065223A2275696E743332222C24
:1037D00022616363657373223A2272227D2C7B22FD
:1037E0006E616D65223A22656E645F74696D652253
:1037F0002C226964223A3430342C22747970652288
:103800003A2275696E743332222C226163636573C8
:1038100073223A2272227D2C7B226E616D65223AE0
:10382000226C656E677468222C226964223A3430F7
:10383000352C2274797065223A2275696E743332A0
:10384000222C22616363657373223A2272227D2CDB
:103850007B226E616D65223A226D61785F6C656EC8
:10386000677468222C226964223A3430362C227420
:10387000797065223A2275696E743332222C226186
:103880006363657373223A227277227D5D7D2C7BA0
:10389000226E616D65223A22656E6473746F705F8B
:1038A000757064617465222C2274797065223A22E5
:1038B0006F626A656374222C226D656D6265727336
:1038C000223A5B7B226E616D65223A2273746172CB
:1038D000745F74696D65222C226964223A34303732
:1038E0002C2274797065223A2275696E7433322203
:1038F0002C22616363657373223A2272227D2C7BD2
:10390000226E616D65223A22656E645F74696D6531
:10391000222C226964223A3430382C227479706562
:10392000223A2275696E743332222C2261636365F8
:103930007373223A2272227D2C7B226E616D652286
:103940003A226C656E677468222C226964223A34CC
:1039500030392C2274797065223A2275696E74337D
:1039600032222C22616363657373223A2272227DB4
:103970002C7B226E616D65223A226D61785F6C65E9
:103980006E677468222C226964223A3431302C220A
:1039900074797065223A2275696E743332222C2252
:1039A000616363657373223A227277227D5D7D2C99
:1039B0007B226E616D65223A2263616E5F6865618C
:1039C000727462656174222C2274797065223A22C5
:1039D0006F626A656374222C226D656D6265727315
:1039E000223A5B7B226E616D65223A2273746172AA
:1039F000745F74696D65222C226964223A34313116
:103A00002C2274797065223A2275696E74333222E1
:103A10002C22616363657373223A2272227D2C7BB0
:103A2000226E616D65223A22656E645F74696D6510
:103A3000222C226964223A3431322C227479706546
:103A4000223A2275696E743332222C2261636365D7
:103A50007373223A2272227D2C7B226E616D652265
:103A60003A226C656E677468222C226964223A34AB
:103A700031332C2274797065223A2275696E743361
:103A800032222C22616363657373223A2272227D93
:103A90002C7B226E616D65223A226D61785F6C65C8
:103AA0006E677468222C226964223A3431342C22E5
:103AB00074797065223A2275696E743332222C2231
:103AC000616363657373223A227277227D5D7D2C78
:103AD0007B226E616D65223A22636F6E74726F6C29
:103AE0006C65725F757064617465222C22747970E4
:103AF00065223A226F626A656374222C226D656DBD
:103B000062657273223A5B7B226E616D65223A2296
:103B100073746172745F74696D65222C226964220A
:103B20003A3431352C2274797065223A2275696EE7
:103B3000743332222C22616363657373223A2272DA
:103B4000227D2C7B226E616D65223A22656E645F58
:103B500074696D65222C226964223A3431362C2234
:103B600074797065223A2275696E743332222C2280
:103B7000616363657373223A2272227D2C7B226E0D
:103B8000616D65223A226C656E677468222C226929
:103B900064223A3431372C2274797065223A2275C6
:103BA000696E743332222C22616363657373223A27
:103BB0002272227D2C7B226E616D65223A226D611C
:103BC000785F6C656E677468222C226964223A34CF
:103BD00031382C2274797065223A2275696E7433FB
:103BE00032222C22616363657373223A2272772238
:103BF0007D5D7D2C7B226E616D65223A226F706542
:103C00006E5F6C6F6F705F636F6E74726F6C6C65FC
:103C1000725F757064617465222C227479706522FC
:103C20003A226F626A656374222C226D656D62654B
:103C30007273223A5B7B226E616D65223A22737445
:103C40006172745F74696D65222C226964223A3452
:103C500031392C2274797065223A2275696E743379
:103C600032222C22616363657373223A2272227DB1
:103C70002C7B226E616D65223A22656E645F7469E9
:103C80006D65222C226964223A3432302C227479F8
:103C90007065223A2275696E743332222C22616378
:103CA00063657373223A2272227D2C7B226E616DD2
:103CB00065223A226C656E677468222C2269642240
:103CC0003A3432312C2274797065223A2275696E49
:103CD000743332222C22616363657373223A227239
:103CE000227D2C7B226E616D65223A226D61785FA8
:103CF0006C656E677468222C226964223A34323211
:103D00002C2274797065223A2275696E74333222DE
:103D10002C22616363657373223A227277227D5D80
:103D20007D2C7B226E616D65223A226163696D5F35
:103D3000657374696D61746F725F757064617465C9
:103D4000222C2274797065223A226F626A6563744C
:103D5000222C226D656D62657273223A5B7B226E46
:103D6000616D65223A2273746172745F74696D6566
:103D7000222C226964223A3432332C227479706501
:103D8000223A2275696E743332222C226163636594
:103D90007373223A2272227D2C7B226E616D652222
:103DA0003A22656E645F74696D65222C2269642213
:103DB0003A3432342C2274797065223A2275696E55
:103DC000743332222C22616363657373223A227248
:103DD000227D2C7B226E616D65223A226C656E67B6
:103DE0007468222C226964223A3432352C22747988
:103DF0007065223A2275696E743332222C22616317
:103E000063657373223A2272227D2C7B226E616D70
:103E100065223A226D61785F6C656E677468222C4A
:103E2000226964223A3432362C2274797065223A3F
:103E30002275696E743332222C2261636365737359
:103E4000223A227277227D5D7D2C7B226E616D6528
:103E5000223A226D6F746F725F75706461746522AF
:103E60002C2274797065223A226F626A656374222B
:103E70002C226D656D62657273223A5B7B226E61E6
:103E80006D65223A2273746172745F74696D652284
:103E90002C226964223A3432372C227479706522DC
:103EA0003A2275696E743332222C22616363657322
:103EB00073223A2272227D2C7B226E616D65223A3A
:103EC00022656E645F74696D65222C226964223AF2
:103ED0003432382C2274797065223A2275696E74F6
:103EE0003332222C22616363657373223A22722279
:103EF0007D2C7B226E616D65223A226C656E677443
:103F000068222C226964223A3432392C2274797066
:103F100065223A2275696E743332222C2261636302
:103F2000657373223A2272227D2C7B226E616D654D
:103F3000223A226D61785F6C656E677468222C226C
:103F40006964223A3433302C2274797065223A2223
:103F500075696E743332222C226163636573732238
:103F60003A227277227D5D7D2C7B226E616D652207
:103F70003A2263757272656E745F636F6E74726FEE
:103F80006C6C65725F757064617465222C22747943
:103F90007065223A226F626A656374222C226D6515
:103FA0006D62657273223A5B7B226E616D65223AA7
:103FB0002273746172745F74696D65222C22696466
:103FC000223A3433312C2274797065223A22756991
:103FD0006E743332222C22616363657373223A223A
:103FE00072227D2C7B226E616D65223A22656E64A1
:103FF0005F74696D65222C226964223A3433322C55
:104000002274797065223A2275696E743332222CDB
:1040100022616363657373223A2272227D2C7B22B4
:104020006E616D65223A226C656E677468222C227F
:104030006964223A3433332C2274797065223A222F
:1040400075696E743332222C226163636573732247
:104050003A2272227D2C7B226E616D65223A226D9E
:1040600061785F6C656E677468222C226964223AFD
:104070003433342C2274797065223A2275696E7457
:104080003332222C22616363657373223A22727782
:10409000227D5D7D2C7B226E616D65223A226463F8
:1040A0005F63616C6962222C2274797065223A2206
:1040B0006F626A656374222C226D656D626572732E
:1040C000223A5B7B226E616D65223A2273746172C3
:1040D000745F74696D65222C226964223A34333529
:1040E0002C2274797065223A2275696E74333222FB
:1040F0002C22616363657373223A2272227D2C7BCA
:10410000226E616D65223A22656E645F74696D6529
:10411000222C226964223A3433362C227479706559
:10412000223A2275696E743332222C2261636365F0
:104130007373223A2272227D2C7B226E616D65227E
:104140003A226C656E677468222C226964223A34C4
:1041500033372C2274797065223A2275696E743374
:1041600032222C22616363657373223A2272227DAC
:104170002C7B226E616D65223A226D61785F6C65E1
:104180006E677468222C226964223A3433382C22F8
:1041900074797065223A2275696E743332222C224A
:1041A000616363657373223A227277227D5D7D2C91
:1041B0007B226E616D65223A2263757272656E7440
:1041C0005F73656E7365222C2274797065223A22C2
:1041D0006F626A656374222C226D656D626572730D
:1041E000223A5B7B226E616D65223A2273746172A2
:1041F000745F74696D65222C226964223A34333904
:104200002C2274797065223A2275696E74333222D9
:104210002C22616363657373223A2272227D2C7BA8
:10422000226E616D65223A22656E645F74696D6508
:10423000222C226964223A3434302C22747970653D
:10424000223A2275696E743332222C2261636365CF
:104250007373223A2272227D2C7B226E616D65225D
:104260003A226C656E677468222C226964223A34A3
:1042700034312C2274797065223A2275696E743358
:1042800032222C22616363657373223A2272227D8B
:104290002C7B226E616D65223A226D61785F6C65C0
:1042A0006E677468222C226964223A3434322C22DC
:1042B00074797065223A2275696E743332222C2229
:1042C000616363657373223A227277227D5D7D2C70
:1042D0007B226E616D65223A2270776D5F75706426
:1042E000617465222C2274797065223A226F626AA9
:1042F000656374222C226D656D62657273223A5B70
:104300007B226E616D65223A2273746172745F74F0
:10431000696D65222C226964223A3434332C22746C
:10432000797065223A2275696E743332222C2261CB
:104330006363657373223A2272227D2C7B226E6145
:104340006D65223A22656E645F74696D65222C2268
:104350006964223A3434342C2274797065223A220A
:1043600075696E743332222C226163636573732224
:104370003A2272227D2C7B226E616D65223A226C7C
:10438000656E677468222C226964223A3434352CB5
:104390002274797065223A2275696E743332222C48
:1043A00022616363657373223A2272227D2C7B2221
:1043B0006E616D65223A226D61785F6C656E67741F
:1043C00068222C226964223A3434362C22747970A3
:1043D00065223A2275696E743332222C226163633E
:1043E000657373223A227277227D5D7D5D7D2C7B21
:1043F000226E616D65223A227761746368646F672B
:104400005F66656564222C226964223A3434372C55
:104410002274797065223A2266756E6374696F6ED4
:10442000222C22696E70757473223A5B5D2C226FA8
:10443000757470757473223A5B5D7D5D7D2C7B2293
:104440006E616D65223A226178697331222C227483
:10445000797065223A226F626A656374222C226D3C
:10446000656D62657273223A5B7B226E616D6522B7
:104470003A226572726F72222C226964223A3434B5
:10448000382C2274797065223A2275696E74333241
:10449000222C22616363657373223A227277227D34
:1044A0002C7B226E616D65223A22737465705F64A5
:1044B00069725F616374697665222C226964223AAD
:1044C0003434392C2274797065223A22626F6F6C11
:1044D000222C22616363657373223A2272227D2C3F
:1044E0007B226E616D65223A226C6173745F647227
:1044F000765F6661756C74222C226964223A3435C9
:10450000302C2274797065223A2275696E743332C8
:10451000222C22616363657373223A2272227D2CFE
:104520007B226E616D65223A227374657073222C52
:10453000226964223A3435312C2274797065223A2A
:1045400022696E743634222C226163636573732290
:104550003A2272227D2C7B226E616D65223A2263A3
:10456000757272656E745F7374617465222C226952
:1045700064223A3435322C2274797065223A2275DD
:10458000696E7438222C22616363657373223A2248
:1045900072227D2C7B226E616D65223A22726571DA
:1045A0007565737465645F7374617465222C226928
:1045B00064223A3435332C2274797065223A22759C
:1045C000696E7438222C22616363657373223A2208
:1045D0007277227D2C7B226E616D65223A2269738F
:1045E0005F686F6D6564222C226964223A34353429
:1045F0002C2274797065223A22626F6F6C222C2211
:10460000616363657373223A227277227D2C7B2269
:104610006E616D65223A22636F6E666967222C2295
:1046200074797065223A226F626A656374222C2263
:104630006D656D62657273223A5B7B226E616D659A
:10464000223A22737461727475705F6D6F746F7249
:104650005F63616C6962726174696F6E222C22699A
:1046600064223A3435352C2274797065223A2262FC
:104670006F6F6C222C22616363657373223A22721E
:1046800077227D2C7B226E616D65223A22737461E4
:10469000727475705F656E636F6465725F696E6476
:1046A00065785F736561726368222C226964223ABF
:1046B0003435362C2274797065223A22626F6F6C21
:1046C000222C22616363657373223A227277227D02
:1046D0002C7B226E616D65223A227374617274754F
:1046E000705F656E636F6465725F6F666673657435
:1046F0005F63616C6962726174696F6E222C2269FA
:1047000064223A3435372C2274797065223A226259
:104710006F6F6C222C22616363657373223A22727D
:1047200077227D2C7B226E616D65223A2273746143
:10473000727475705F636C6F7365645F6C6F6F70BC
:104740005F636F6E74726F6C222C226964223A343C
:1047500035382C2274797065223A22626F6F6C2290
:104760002C22616363657373223A227277227D2C57
:104770007B226E616D65223A22737461727475706A
:104780005F686F6D696E67222C226964223A343546
:10479000392C2274797065223A22626F6F6C222C58
:1047A00022616363657373223A227277227D2C7BC8
:1047B000226E616D65223A22656E61626C655F737F
:1047C0007465705F646972222C226964223A3436FF
:1047D000302C2274797065223A22626F6F6C222C21
:1047E00022616363657373223A227277227D2C7B88
:1047F000226E616D65223A22737465705F6469721E
:104800005F616C776179735F6F6E222C226964221D
:104810003A3436312C2274797065223A22626F6FF5
:104820006C222C22616363657373223A22727722B1
:104830007D2C7B226E616D65223A22656E61626C11
:10484000655F73656E736F726C6573735F6D6F64B4
:1048500065222C226964223A3436322C2274797013
:1048600065223A22626F6F6C222C2261636365734A
:1048700073223A227277227D2C7B226E616D652233
:104880003A227761746368646F675F74696D656FFE
:104890007574222C226964223A3436332C227479BE
:1048A0007065223A22666C6F6174222C2261636308
:1048B000657373223A227277227D2C7B226E616DA2
:1048C00065223A22656E61626C655F776174636828
:1048D000646F67222C226964223A3436342C2274A5
:1048E000797065223A22626F6F6C222C22616363B9
:1048F000657373223A227277227D2C7B226E616D62
:1049000065223A22737465705F6770696F5F7069C2
:104910006E222C226964223A3436352C2274797046
:1049200065223A2275696E743136222C22616363E6
:10493000657373223A227277227D2C7B226E616D21
:1049400065223A226469725F6770696F5F70696E91
:10495000222C226964223A3436362C22747970650E
:10496000223A2275696E743136222C2261636365A6
:104970007373223A227277227D2C7B226E616D65E1
:10498000223A2263616C6962726174696F6E5F6C56
:104990006F636B696E222C2274797065223A226FE4
:1049A000626A656374222C226D656D626572732282
:1049B0003A5B7B226E616D65223A22637572726585
:1049C0006E74222C226964223A3436372C22747990
:1049D0007065223A22666C6F6174222C22616363D7
:1049E000657373223A227277227D2C7B226E616D71
:1049F00065223A2272616D705F74696D65222C22A6
:104A00006964223A3436382C2274797065223A224D
:104A1000666C6F6174222C22616363657373223A42
:104A2000227277227D2C7B226E616D65223A227282
:104A3000616D705F64697374616E6365222C2269B5
:104A400064223A3436392C2274797065223A22660F
:104A50006C6F6174222C22616363657373223A2246
:104A60007277227D2C7B226E616D65223A22616312
:104A700063656C222C226964223A3437302C22740C
:104A8000797065223A22666C6F6174222C22616310
:104A900063657373223A227277227D2C7B226E61CA
:104AA0006D65223A2276656C222C226964223A34A2
:104AB00037312C2274797065223A22666C6F6174EA
:104AC000222C22616363657373223A227277227DFE
:104AD0005D7D2C7B226E616D65223A2273656E735B
:104AE0006F726C6573735F72616D70222C227479C2
:104AF0007065223A226F626A656374222C226D65AA
:104B00006D62657273223A5B7B226E616D65223A3B
:104B10002263757272656E74222C226964223A34A3
:104B200037322C2274797065223A22666C6F617478
:104B3000222C22616363657373223A227277227D8D
:104B40002C7B226E616D65223A2272616D705F74FA
:104B5000696D65222C226964223A3437332C227421
:104B6000797065223A22666C6F6174222C2261632F
:104B700063657373223A227277227D2C7B226E61E9
:104B80006D65223A2272616D705F64697374616E43
:104B90006365222C226964223A3437342C227479DA
:104BA0007065223A22666C6F6174222C2261636305
:104BB000657373223A227277227D2C7B226E616D9F
:104BC00065223A22616363656C222C226964223A71
:104BD0003437352C2274797065223A22666C6F6105
:104BE00074222C22616363657373223A22727722E6
:104BF0007D2C7B226E616D65223A2276656C222CBB
:104C0000226964223A3437362C2274797065223A4C
:104C100022666C6F6174222C226163636573732258
:104C20003A227277227D2C7B226E616D65223A22B8
:104C300066696E6973685F64697374616E63652227
:104C40002C226964223A3437372C22747970652219
:104C50003A22666C6F6174222C2261636365737300
:104C6000223A227277227D2C7B226E616D65223A78
:104C70002266696E6973685F6F6E5F76656C222C61
:104C8000226964223A3437382C2274797065223ACA
:104C900022626F6F6C222C22616363657373223A08
:104CA000227277227D2C7B226E616D65223A22660C
:104CB000696E6973685F6F6E5F64697374616E6358
:104CC00065222C226964223A3437392C2274797097
:104CD00065223A22626F6F6C222C226163636573D6
:104CE00073223A227277227D2C7B226E616D6522BF
:104CF0003A2266696E6973685F6F6E5F656E635FA7
:104D0000696478222C226964223A3438302C227467
:104D1000797065223A22626F6F6C222C2261636384
:104D2000657373223A227277227D5D7D2C7B226E21
:104D3000616D65223A2267656E6572616C5F6C6FAA
:104D4000636B696E222C2274797065223A226F623D
:104D50006A656374222C226D656D62657273223AF6
:104D60005B7B226E616D65223A2263757272656E9D
:104D700074222C226964223A3438312C22747970DE
:104D800065223A22666C6F6174222C22616363652E
:104D90007373223A227277227D2C7B226E616D65BD
:104DA000223A2272616D705F74696D65222C2269EE
:104DB00064223A3438322C2274797065223A2266A1
:104DC0006C6F6174222C22616363657373223A22D3
:104DD0007277227D2C7B226E616D65223A22726190
:104DE0006D705F64697374616E6365222C226964FF
:104DF000223A3438332C2274797065223A22666C58
:104E00006F6174222C22616363657373223A22728C
:104E100077227D2C7B226E616D65223A226163636D
:104E2000656C222C226964223A3438342C2274793D
:104E30007065223A22666C6F6174222C2261636372
:104E4000657373223A227277227D2C7B226E616D0C
:104E500065223A2276656C222C226964223A343823
:104E6000352C2274797065223A22666C6F61742247
:104E70002C22616363657373223A227277227D2C40
:104E80007B226E616D65223A2266696E6973685F86
:104E900064697374616E6365222C226964223A34FA
:104EA00038362C2274797065223A22666C6F6174F0
:104EB000222C22616363657373223A227277227D0A
:104EC0002C7B226E616D65223A2266696E69736879
:104ED0005F6F6E5F76656C222C226964223A3438EB
:104EE000372C2274797065223A22626F6F6C222C03
:104EF00022616363657373223A227277227D2C7B71
:104F0000226E616D65223A2266696E6973685F6F11
:104F10006E5F64697374616E6365222C226964221A
:104F20003A3438382C2274797065223A22626F6FD5
:104F30006C222C22616363657373223A227277229A
:104F40007D2C7B226E616D65223A2266696E6973E3
:104F5000685F6F6E5F656E635F696478222C22699B
:104F600064223A3438392C2274797065223A2262EC
:104F70006F6F6C222C22616363657373223A227215
:104F800077227D5D7D2C7B226E616D65223A2263E6
:104F9000616E222C2274797065223A226F626A65F2
:104FA0006374222C226D656D62657273223A5B7B9D
:104FB000226E616D65223A226E6F64655F696422BC
:104FC0002C226964223A3439302C2274797065229B
:104FD0003A2275696E743332222C226163636573E1
:104FE00073223A227277227D2C7B226E616D6522BC
:104FF0003A2269735F657874656E646564222C2259
:105000006964223A3439312C2274797065223A224B
:10501000626F6F6C222C22616363657373223A2284
:105020007277227D2C7B226E616D65223A22686543
:10503000617274626561745F726174655F6D732221
:105040002C226964223A3439322C22747970652218
:105050003A2275696E743332222C22616363657360
:1050600073223A227277227D2C7B226E616D65223B
:105070003A22656E636F6465725F726174655F6D1D
:1050800073222C226964223A3439332C22747970C9
:1050900065223A2275696E743332222C2261636371
:1050A000657373223A227277227D2C7B226E616DAA
:1050B00065223A226D6F746F725F6572726F725FF4
:1050C000726174655F6D73222C226964223A3439EF
:1050D000342C2274797065223A2275696E743332E9
:1050E000222C22616363657373223A227277227DD8
:1050F0002C7B226E616D65223A22656E636F64655A
:10510000725F6572726F725F726174655F6D732238
:105110002C226964223A3439352C22747970652244
:105120003A2275696E743332222C2261636365738F
:1051300073223A227277227D2C7B226E616D65226A
:105140003A22636F6E74726F6C6C65725F65727217
:105150006F725F726174655F6D73222C22696422C5
:105160003A3439362C2274797065223A2275696E88
:10517000743332222C22616363657373223A227284
:1051800077227D2C7B226E616D65223A2273656EDB
:10519000736F726C6573735F6572726F725F726149
:1051A00074655F6D73222C226964223A3439372C7E
:1051B0002274797065223A2275696E743332222C1A
:1051C00022616363657373223A227277227D2C7B9E
:1051D000226E616D65223A22656E636F6465725F4F
:1051E000636F756E745F726174655F6D73222C22DC
:1051F0006964223A3439382C2274797065223A2253
:1052000075696E743332222C226163636573732275
:105210003A227277227D2C7B226E616D65223A22C2
:1052200069715F726174655F6D73222C22696422FB
:105230003A3439392C2274797065223A2275696EB4
:10524000743332222C22616363657373223A2272B3
:1052500077227D2C7B226E616D65223A2273656E0A
:10526000736F726C6573735F726174655F6D7322C7
:105270002C226964223A3530302C227479706522F0
:105280003A2275696E743332222C2261636365732E
:1052900073223A227277227D2C7B226E616D652209
:1052A0003A226275735F76695F726174655F6D73D0
:1052B000222C226964223A3530312C2274797065AF
:1052C000223A2275696E743332222C22616363653F
:1052D0007373223A227277227D5D7D5D7D2C7B2265
:1052E0006E616D65223A226D6F746F72222C22748A
:1052F000797065223A226F626A656374222C226D8E
:10530000656D62657273223A5B7B226E616D652208
:105310003A226C6173745F6572726F725F74696D4B
:1053200065222C226964223A3530322C227479703D
:1053300065223A22666C6F6174222C226163636578
:105340007373223A227277227D2C7B226E616D6507
:10535000223A226572726F72222C226964223A35D7
:1053600030332C2274797065223A2275696E743656
:1053700034222C22616363657373223A227277228E
:105380007D2C7B226E616D65223A2269735F6172AA
:105390006D6564222C226964223A3530342C2274E3
:1053A000797065223A22626F6F6C222C22616363EE
:1053B000657373223A2272227D2C7B226E616D65A9
:1053C000223A2269735F63616C6962726174656419
:1053D000222C226964223A3530352C22747970658A
:1053E000223A22626F6F6C222C22616363657373B1
:1053F000223A2272227D2C7B226E616D65223A2236
:1054000063757272656E745F6D6561735F7068411C
:10541000222C226964223A3530362C227479706548
:10542000223A22666C6F6174222C22616363657379
:1054300073223A2272227D2C7B226E616D65223AA4
:105440002263757272656E745F6D6561735F7068FB
:1054500042222C226964223A3530372C227479702A
:1054600065223A22666C6F6174222C226163636547
:105470007373223A2272227D2C7B226E616D65222B
:105480003A2263757272656E745F6D6561735F70E9
:105490006843222C226964223A3530382C227479F0
:1054A0007065223A22666C6F6174222C22616363FC
:1054B000657373223A2272227D2C7B226E616D65A8
:1054C000223A2244435F63616C69625F70684122E3
:1054D0002C226964223A3530392C22747970652285
:1054E0003A22666C6F6174222C2261636365737368
:1054F000223A227277227D2C7B226E616D65223AE0
:105500002244435F63616C69625F706842222C22AF
:105510006964223A3531302C2274797065223A223E
:10552000666C6F6174222C22616363657373223A27
:10553000227277227D2C7B226E616D65223A224495
:10554000435F63616C69625F706843222C22696407
:10555000223A3531312C2274797065223A22666CF8
:105560006F6174222C22616363657373223A227225
:1055700077227D2C7B226E616D65223A22495F6223
:105580007573222C226964223A3531322C227479C7
:105590007065223A22666C6F6174222C226163630B
:1055A000657373223A2272227D2C7B226E616D65B7
:1055B000223A2270686173655F63757272656E74FA
:1055C0005F7265765F6761696E222C226964223A98
:1055D0003531332C2274797065223A22666C6F6102
:1055E00074222C22616363657373223A22727722DC
:1055F0007D2C7B226E616D65223A2265666665634D
:10560000746976655F63757272656E745F6C696DDF
:10561000222C226964223A3531342C227479706547
:10562000223A22666C6F6174222C22616363657377
:1056300073223A2272227D2C7B226E616D65223AA2
:10564000226D61785F616C6C6F7765645F63757202
:1056500072656E74222C226964223A3531352C220F
:1056600074797065223A22666C6F6174222C226113
:105670006363657373223A2272227D2C7B226E61F2
:105680006D65223A226D61785F64635F63616C6966
:1056900062222C226964223A3531362C22747970C8
:1056A00065223A22666C6F6174222C226163636505
:1056B0007373223A2272227D2C7B226E616D6522E9
:1056C0003A226665745F746865726D6973746F728F
:1056D000222C2274797065223A226F626A656374A3
:1056E000222C226D656D62657273223A5B7B226E9D
:1056F000616D65223A2274656D70657261747572B0
:1057000065222C226964223A3531372C2274797053
:1057100065223A22666C6F6174222C226163636594
:105720007373223A2272227D2C7B226E616D652278
:105730003A22636F6E666967222C22747970652243
:105740003A226F626A656374222C226D656D626510
:105750007273223A5B7B226E616D65223A22746518
:105760006D705F6C696D69745F6C6F776572222C08
:10577000226964223A3531382C2274797065223AD4
:1057800022666C6F6174222C2261636365737322DD
:105790003A227277227D2C7B226E616D65223A223D
:1057A00074656D705F6C696D69745F75707065723A
:1057B000222C226964223A3531392C2274797065A1
:1057C000223A22666C6F6174222C226163636573D6
:1057D00073223A227277227D2C7B226E616D6522C4
:1057E0003A22656E61626C6564222C226964223AF9
:1057F0003532302C2274797065223A22626F6F6CD8
:10580000222C22616363657373223A227277227DB0
:105810005D7D5D7D2C7B226E616D65223A226D6F10
:10582000746F725F746865726D6973746F72222C25
:105830002274797065223A226F626A656374222C41
:10584000226D656D62657273223A5B7B226E616DBB
:1058500065223A2274656D70657261747572652295
:105860002C226964223A3532312C227479706522F7
:105870003A22666C6F6174222C22616363657373D4
:10588000223A2272227D2C7B226E616D65223A22A1
:10589000636F6E666967222C2274797065223A22E2
:1058A0006F626A656374222C226D656D6265727326
:1058B000223A5B7B226E616D65223A226770696FC6
:1058C0005F70696E222C226964223A3532322C22B2
:1058D00074797065223A2275696E743136222C22F1
:1058E000616363657373223A227277227D2C7B2277
:1058F0006E616D65223A22706F6C795F636F6566C9
:1059000066696369656E745F30222C226964223A8D
:105910003532332C2274797065223A22666C6F61BD
:1059200074222C22616363657373223A2272772298
:105930007D2C7B226E616D65223A22706F6C795FDF
:10594000636F656666696369656E745F31222C22D8
:105950006964223A3532342C2274797065223A22F5
:10596000666C6F6174222C22616363657373223AE3
:10597000227277227D2C7B226E616D65223A227025
:105980006F6C795F636F656666696369656E745F86
:1059900032222C226964223A3532352C22747970F5
:1059A00065223A22666C6F6174222C226163636502
:1059B0007373223A227277227D2C7B226E616D6591
:1059C000223A22706F6C795F636F656666696369FE
:1059D000656E745F33222C226964223A3532362C8C
:1059E0002274797065223A22666C6F6174222C22CF
:1059F000616363657373223A227277227D2C7B2266
:105A00006E616D65223A2274656D705F6C696D69B7
:105A1000745F6C6F776572222C226964223A35328A
:105A2000372C2274797065223A22666C6F61742279
:105A30002C22616363657373223A227277227D2C74
:105A40007B226E616D65223A2274656D705F6C69B0
:105A50006D69745F7570706572222C226964223AD8
:105A60003532382C2274797065223A22666C6F6167
:105A700074222C22616363657373223A2272772247
:105A80007D2C7B226E616D65223A22656E61626CAF
:105A90006564222C226964223A3532392C227479C9
:105AA0007065223A22626F6F6C222C2261636365FB
:105AB0007373223A227277227D5D7D5D7D2C7B227D
:105AC0006E616D65223A2263757272656E745F63F2
:105AD0006F6E74726F6C222C2274797065223A2278
:105AE0006F626A656374222C226D656D62657273E4
:105AF000223A5B7B226E616D65223A22705F67619C
:105B0000696E222C226964223A3533302C22747952
:105B10007065223A22666C6F6174222C2261636385
:105B2000657373223A2272227D2C7B226E616D6531
:105B3000223A22695F6761696E222C226964223AE7
:105B40003533312C2274797065223A22666C6F618C
:105B500074222C22616363657373223A2272227D60
:105B60002C7B226E616D65223A22495F6D656173FF
:105B7000757265645F7265706F72745F66696C746C
:105B800065725F6B222C226964223A3533322C22F3
:105B900074797065223A22666C6F6174222C2261DE
:105BA0006363657373223A227277227D2C7B226EA7
:105BB000616D65223A2249645F736574706F696E26
:105BC00074222C226964223A3533332C2274797082
:105BD00065223A22666C6F6174222C2261636365D0
:105BE0007373223A2272227D2C7B226E616D6522B4
:105BF0003A2249715F736574706F696E74222C224A
:105C00006964223A3533342C2274797065223A2241
:105C1000666C6F6174222C22616363657373223A30
:105C20002272227D2C7B226E616D65223A2256649F
:105C30005F736574706F696E74222C226964223AF6
:105C40003533352C2274797065223A22666C6F6187
:105C500074222C22616363657373223A2272227D5F
:105C60002C7B226E616D65223A2256715F736574DA
:105C7000706F696E74222C226964223A3533362C97
:105C80002274797065223A22666C6F6174222C222C
:105C9000616363657373223A2272227D2C7B226ECC
:105CA000616D65223A227068617365222C226964F5
:105CB000223A3533372C2274797065223A22666C89
:105CC0006F6174222C22616363657373223A2272BE
:105CD000227D2C7B226E616D65223A227068617391
:105CE000655F76656C222C226964223A3533382C44
:105CF0002274797065223A22666C6F6174222C22BC
:105D0000616363657373223A2272227D2C7B226E5B
:105D1000616D65223A2249616C7068615F6D6561F1
:105D20007375726564222C226964223A3533392CEA
:105D30002274797065223A22666C6F6174222C227B
:105D4000616363657373223A2272227D2C7B226E1B
:105D5000616D65223A2249626574615F6D656173A8
:105D600075726564222C226964223A3534302C2203
:105D700074797065223A22666C6F6174222C2261FC
:105D80006363657373223A2272227D2C7B226E61DB
:105D90006D65223A2249645F6D6561737572656451
:105DA000222C226964223A3534312C2274797065B0
:105DB000223A22666C6F6174222C226163636573E0
:105DC00073223A2272227D2C7B226E616D65223A0B
:105DD0002249715F6D65617375726564222C226959
:105DE00064223A3534322C2274797065223A226664
:105DF0006C6F6174222C22616363657373223A2293
:105E000072227D2C7B226E616D65223A22706F7743
:105E10006572222C226964223A3534332C2274793B
:105E20007065223A22666C6F6174222C2261636372
:105E3000657373223A2272227D2C7B226E616D651E
:105E4000223A22765F63757272656E745F636F6E5D
:105E500074726F6C5F696E74656772616C5F6422E7
:105E60002C226964223A3534342C227479706522EC
:105E70003A22666C6F6174222C22616363657373CE
:105E8000223A227277227D2C7B226E616D65223A46
:105E900022765F63757272656E745F636F6E747283
:105EA0006F6C5F696E74656772616C5F71222C2222
:105EB0006964223A3534352C2274797065223A228D
:105EC000666C6F6174222C22616363657373223A7E
:105ED000227277227D2C7B226E616D65223A2266CA
:105EE000696E616C5F765F616C706861222C2269FB
:105EF00064223A3534362C2274797065223A22664F
:105F00006C6F6174222C22616363657373223A2281
:105F100072227D2C7B226E616D65223A2266696E4B
:105F2000616C5F765F62657461222C226964223A3B
:105F30003534372C2274797065223A22666C6F6191
:105F400074222C22616363657373223A2272227D6C
:105F50005D7D2C7B226E616D65223A226E5F6576D7
:105F6000745F63757272656E745F6D65617375726F
:105F7000656D656E74222C226964223A3534382CA2
:105F80002274797065223A2275696E743332222C3C
:105F900022616363657373223A2272227D2C7B2215
:105FA0006E616D65223A226E5F6576745F70776D03
:105FB0005F757064617465222C226964223A3534FD
:105FC000392C2274797065223A2275696E743332E5
:105FD000222C22616363657373223A2272227D2C24
:105FE0007B226E616D65223A22636F6E666967225D
:105FF0002C2274797065223A226F626A656374227A
:106000002C226D656D62657273223A5B7B226E6134
:106010006D65223A227072655F63616C69627261BC
:10602000746564222C226964223A3535302C22743E
:10603000797065223A22626F6F6C222C2261636351
:10604000657373223A227277227D2C7B226E616DFA
:1060500065223A22706F6C655F7061697273222CE1
:10606000226964223A3535312C2274797065223ADE
:1060700022696E743332222C22616363657373224A
:106080003A227277227D2C7B226E616D65223A2244
:1060900063616C6962726174696F6E5F637572725D
:1060A000656E74222C226964223A3535322C2274B2
:1060B000797065223A22666C6F6174222C226163CA
:1060C00063657373223A227277227D2C7B226E6184
:1060D0006D65223A22726573697374616E63655FE0
:1060E00063616C69625F6D61785F766F6C74616724
:1060F00065222C226964223A3535332C227479705A
:1061000065223A22666C6F6174222C22616363659A
:106110007373223A227277227D2C7B226E616D6529
:10612000223A2270686173655F696E647563746199
:106130006E6365222C226964223A3535342C227430
:10614000797065223A22666C6F6174222C22616339
:1061500063657373223A227277227D2C7B226E61F3
:106160006D65223A2270686173655F726573697349
:1061700074616E6365222C226964223A3535352CB0
:106180002274797065223A22666C6F6174222C2227
:10619000616363657373223A227277227D2C7B22BE
:1061A0006E616D65223A22746F727175655F636FFF
:1061B0006E7374616E74222C226964223A3535360E
:1061C0002C2274797065223A22666C6F6174222CDD
:1061D00022616363657373223A227277227D2C7B7E
:1061E000226E616D65223A226D6F746F725F7479F1
:1061F0007065222C226964223A3535372C22747955
:106200007065223A2275696E7438222C22616363AC
:10621000657373223A227277227D2C7B226E616D28
:1062200065223A2263757272656E745F6C696D22C5
:106230002C226964223A3535382C22747970652213
:106240003A22666C6F6174222C22616363657373FA
:10625000223A227277227D2C7B226E616D65223A72
:106260002263757272656E745F6C696D5F6D6172C9
:1062700067696E222C226964223A3535392C2274E2
:10628000797065223A22666C6F6174222C226163F8
:1062900063657373223A227277227D2C7B226E61B2
:1062A0006D65223A22746F727175655F6C696D223B
:1062B0002C226964223A3536302C2274797065229A
:1062C0003A22666C6F6174222C226163636573737A
:1062D000223A227277227D2C7B226E616D65223AF2
:1062E00022696E7665727465725F74656D705F6C3D
:1062F000696D69745F6C6F776572222C2269642204
:106300003A3536312C2274797065223A22666C6FE8
:106310006174222C22616363657373223A2272775F
:10632000227D2C7B226E616D65223A22696E766534
:10633000727465725F74656D705F6C696D69745FAE
:106340007570706572222C226964223A3536322CBF
:106350002274797065223A22666C6F6174222C2255
:10636000616363657373223A227277227D2C7B22EC
:106370006E616D65223A227265717565737465642C
:106380005F63757272656E745F72616E6765222CF1
:10639000226964223A3536332C2274797065223AA8
:1063A00022666C6F6174222C2261636365737322B1
:1063B0003A227277227D2C7B226E616D65223A2211
:1063C00063757272656E745F636F6E74726F6C5F0B
:1063D00062616E647769647468222C226964223A6F
:1063E0003536342C2274797065223A22666C6F61DE
:1063F00074222C22616363657373223A22727722BE
:106400007D2C7B226E616D65223A226163696D5F2E
:106410006761696E5F6D696E5F666C7578222C22AC
:106420006964223A3536352C2274797065223A2215
:10643000666C6F6174222C22616363657373223A08
:10644000227277227D2C7B226E616D65223A226159
:1064500063696D5F6175746F666C75785F6D696E89
:106460005F4964222C226964223A3536362C227424
:10647000797065223A22666C6F6174222C22616306
:1064800063657373223A227277227D2C7B226E61C0
:106490006D65223A226163696D5F6175746F666C28
:1064A00075785F656E61626C65222C226964223AA0
:1064B0003536372C2274797065223A22626F6F6C00
:1064C000222C22616363657373223A227277227DE4
:1064D0002C7B226E616D65223A226163696D5F617A
:1064E00075746F666C75785F61747461636B5F67F8
:1064F00061696E222C226964223A3536382C227466
:10650000797065223A22666C6F6174222C22616375
:1065100063657373223A227277227D2C7B226E612F
:106520006D65223A226163696D5F6175746F666C97
:1065300075785F64656361795F6761696E222C229B
:106540006964223A3536392C2274797065223A22F0
:10655000666C6F6174222C22616363657373223AE7
:10656000227277227D2C7B226E616D65223A225247
:106570005F774C5F46465F656E61626C65222C22D8
:106580006964223A3537302C2274797065223A22B8
:10659000626F6F6C222C22616363657373223A22EF
:1065A0007277227D2C7B226E616D65223A226245D4
:1065B0004D465F46465F656E61626C65222C2269BE
:1065C00064223A3537312C2274797065223A22627E
:1065D0006F6F6C222C22616363657373223A22729F
:1065E00077227D2C7B226E616D65223A22495F62A3
:1065F00075735F686172645F6D696E222C226964D5
:10660000223A3537322C2274797065223A22666C30
:106610006F6174222C22616363657373223A227264
:1066200077227D2C7B226E616D65223A22495F6262
:1066300075735F686172645F6D6178222C22696492
:10664000223A3537332C2274797065223A22666CEF
:106650006F6174222C22616363657373223A227224
:1066600077227D2C7B226E616D65223A22495F6C18
:1066700065616B5F6D6178222C226964223A35373F
:10668000342C2274797065223A22666C6F61742210
:106690002C22616363657373223A227277227D2C08
:1066A0007B226E616D65223A2264635F63616C696F
:1066B000625F746175222C226964223A3537352C69
:1066C0002274797065223A22666C6F6174222C22E2
:1066D000616363657373223A227277227D5D7D5D0B
:1066E0007D2C7B226E616D65223A22636F6E74721F
:1066F0006F6C6C6572222C2274797065223A226F5D
:10670000626A656374222C226D656D626572732204
:106710003A5B7B226E616D65223A226572726F72FE
:10672000222C226964223A3537362C22747970651E
:10673000223A2275696E7438222C22616363657374
:1067400073223A227277227D2C7B226E616D652244
:106750003A226C6173745F6572726F725F74696DF7
:1067600065222C226964223A3537372C22747970DD
:1067700065223A22666C6F6174222C226163636524
:106780007373223A227277227D2C7B226E616D65B3
:10679000223A22696E7075745F706F73222C2269C1
:1067A00064223A3537382C2274797065223A226691
:1067B0006C6F6174222C22616363657373223A22C9
:1067C0007277227D2C7B226E616D65223A22696E82
:1067D0007075745F76656C222C226964223A3537B5
:1067E000392C2274797065223A22666C6F617422AA
:1067F0002C22616363657373223A227277227D2CA7
:106800007B226E616D65223A22696E7075745F74C9
:106810006F72717565222C226964223A3538302CEA
:106820002274797065223A22666C6F6174222C2280
:10683000616363657373223A227277227D2C7B2217
:106840006E616D65223A22706F735F736574706F4D
:10685000696E74222C226964223A3538312C2274F4
:10686000797065223A22666C6F6174222C22616312
:1068700063657373223A2272227D2C7B226E616DD6
:1068800065223A2276656C5F736574706F696E7409
:10689000222C226964223A3538322C2274797065B0
:1068A000223A22666C6F6174222C226163636573E5
:1068B00073223A2272227D2C7B226E616D65223A10
:1068C00022746F727175655F736574706F696E7431
:1068D000222C226964223A3538332C22747970656F
:1068E000223A22666C6F6174222C226163636573A5
:1068F00073223A2272227D2C7B226E616D65223AD0
:10690000227472616A6563746F72795F646F6E6519
:10691000222C226964223A3538342C22747970652D
:10692000223A22626F6F6C222C226163636573735B
:10693000223A2272227D2C7B226E616D65223A22E0
:1069400076656C5F696E7465677261746F725F748F
:106950006F72717565222C226964223A3538352CA4
:106960002274797065223A22666C6F6174222C223F
:10697000616363657373223A227277227D2C7B22D6
:106980006E616D65223A22616E7469636F67676933
:106990006E675F76616C6964222C226964223A35E5
:1069A00038362C2274797065223A22626F6F6C221D
:1069B0002C22616363657373223A227277227D2CE5
:1069C0007B226E616D65223A226175746F74756EFB
:1069D000696E675F7068617365222C226964223A70
:1069E0003538372C2274797065223A22666C6F61D3
:1069F00074222C22616363657373223A22727722B8
:106A00007D2C7B226E616D65223A22636F6E666912
:106A100067222C2274797065223A226F626A65635C
:106A200074222C226D656D62657273223A5B7B2243
:106A30006E616D65223A226761696E5F7363686596
:106A400064756C696E675F7769647468222C22696B
:106A500064223A3538382C2274797065223A2266DD
:106A60006C6F6174222C22616363657373223A2216
:106A70007277227D2C7B226E616D65223A22656ED3
:106A800061626C655F76656C5F6C696D6974222C00
:106A9000226964223A3538392C2274797065223A99
:106AA00022626F6F6C222C22616363657373223ADA
:106AB000227277227D2C7B226E616D65223A2265DF
:106AC0006E61626C655F746F727175655F6D6F6426
:106AD000655F76656C5F6C696D6974222C226964F0
:106AE000223A3539302C2274797065223A22626F4D
:106AF0006F6C222C22616363657373223A22727772
:106B0000227D2C7B226E616D65223A22656E616268
:106B10006C655F6761696E5F7363686564756C69F6
:106B20006E67222C226964223A3539312C2274791D
:106B30007065223A22626F6F6C222C22616363655A
:106B40007373223A227277227D2C7B226E616D65EF
:106B5000223A22656E61626C655F6F766572737052
:106B60006565645F6572726F72222C226964223AD5
:106B70003539322C2274797065223A22626F6F6C3B
:106B8000222C22616363657373223A227277227D1D
:106B90002C7B226E616D65223A22636F6E74726F78
:106BA0006C5F6D6F6465222C226964223A3539333B
:106BB0002C2274797065223A2275696E7438222C01
:106BC00022616363657373223A227277227D2C7B84
:106BD000226E616D65223A22696E7075745F6D6F09
:106BE0006465222C226964223A3539342C22747966
:106BF0007065223A2275696E7438222C22616363B3
:106C0000657373223A227277227D2C7B226E616D2E
:106C100065223A22706F735F6761696E222C226968
:106C200064223A3539352C2274797065223A22660D
:106C30006C6F6174222C22616363657373223A2244
:106C40007277227D2C7B226E616D65223A227665F9
:106C50006C5F6761696E222C226964223A3539368D
:106C60002C2274797065223A22666C6F6174222C32
:106C700022616363657373223A227277227D2C7BD3
:106C8000226E616D65223A2276656C5F696E74656D
:106C9000677261746F725F6761696E222C2269642A
:106CA000223A3539372C2274797065223A22666C83
:106CB0006F6174222C22616363657373223A2272BE
:106CC00077227D2C7B226E616D65223A2276656C7F
:106CD0005F696E7465677261746F725F6C696D690C
:106CE00074222C226964223A3539382C2274797046
:106CF00065223A22666C6F6174222C22616363659F
:106D00007373223A227277227D2C7B226E616D652D
:106D1000223A2276656C5F6C696D6974222C226957
:106D200064223A3539392C2274797065223A226608
:106D30006C6F6174222C22616363657373223A2243
:106D40007277227D2C7B226E616D65223A227665F8
:106D50006C5F6C696D69745F746F6C6572616E6392
:106D600065222C226964223A3630302C22747970E4
:106D700065223A22666C6F6174222C22616363651E
:106D80007373223A227277227D2C7B226E616D65AD
:106D9000223A2276656C5F72616D705F7261746514
:106DA000222C226964223A3630312C2274797065A3
:106DB000223A22666C6F6174222C226163636573D0
:106DC00073223A227277227D2C7B226E616D6522BE
:106DD0003A22746F727175655F72616D705F726176
:106DE0007465222C226964223A3630322C2274795E
:106DF0007065223A22666C6F6174222C2261636393
:106E0000657373223A227277227D2C7B226E616D2C
:106E100065223A2263697263756C61725F7365748F
:106E2000706F696E7473222C226964223A36303393
:106E30002C2274797065223A22626F6F6C222C22A8
:106E4000616363657373223A227277227D2C7B2201
:106E50006E616D65223A2263697263756C61725F5F
:106E6000736574706F696E745F72616E6765222CF2
:106E7000226964223A3630342C2274797065223AC1
:106E800022666C6F6174222C2261636365737322C6
:106E90003A227277227D2C7B226E616D65223A2226
:106EA00073746570735F7065725F63697263756C2C
:106EB00061725F72616E6765222C226964223A36C4
:106EC00030352C2274797065223A22696E7433321F
:106ED000222C22616363657373223A227277227DCA
:106EE0002C7B226E616D65223A22686F6D696E6738
:106EF0005F7370656564222C226964223A363036ED
:106F00002C2274797065223A22666C6F6174222C8F
:106F100022616363657373223A227277227D2C7B30
:106F2000226E616D65223A22696E65727469612212
:106F30002C226964223A3630372C2274797065220B
:106F40003A22666C6F6174222C22616363657373ED
:106F5000223A227277227D2C7B226E616D65223A65
:106F600022617869735F746F5F6D6972726F7222EC
:106F70002C226964223A3630382C227479706522CA
:106F80003A2275696E7438222C22616363657373CB
:106F9000223A227277227D2C7B226E616D65223A25
:106FA000226D6972726F725F726174696F222C2236
:106FB0006964223A3630392C2274797065223A227B
:106FC000666C6F6174222C22616363657373223A6D
:106FD000227277227D2C7B226E616D65223A2274AB
:106FE0006F727175655F6D6972726F725F726174D5
:106FF000696F222C226964223A3631302C2274794E
:107000007065223A22666C6F6174222C2261636380
:10701000657373223A227277227D2C7B226E616D1A
:1070200065223A226C6F61645F656E636F6465729E
:107030005F61786973222C226964223A3631312CDF
:107040002274797065223A2275696E7438222C2276
:10705000616363657373223A227277227D2C7B22EF
:107060006E616D65223A22696E7075745F66696C37
:107070007465725F62616E647769647468222C2241
:107080006964223A3631322C2274797065223A22B0
:10709000666C6F6174222C22616363657373223A9C
:1070A000227277227D2C7B226E616D65223A2261ED
:1070B0006E7469636F6767696E67222C22747970DA
:1070C00065223A226F626A656374222C226D656DB7
:1070D00062657273223A5B7B226E616D65223A2291
:1070E000696E646578222C226964223A3631332C29
:1070F0002274797065223A2275696E743332222CBB
:1071000022616363657373223A2272227D2C7B2293
:107110006E616D65223A227072655F63616C6962AF
:107120007261746564222C226964223A3631342CEF
:107130002274797065223A22626F6F6C222C226170
:107140006363657373223A227277227D2C7B226EF1
:10715000616D65223A2263616C69625F616E746978
:10716000636F6767696E67222C226964223A363141
:10717000352C2274797065223A22626F6F6C222C52
:1071800022616363657373223A2272227D2C7B2213
:107190006E616D65223A2263616C69625F706F7324
:1071A0005F7468726573686F6C64222C2269642254
:1071B0003A3631362C2274797065223A22666C6F29
:1071C0006174222C22616363657373223A227277A1
:1071D000227D2C7B226E616D65223A2263616C698F
:1071E000625F76656C5F7468726573686F6C642249
:1071F0002C226964223A3631372C22747970652248
:107200003A22666C6F6174222C226163636573732A
:10721000223A227277227D2C7B226E616D65223AA2
:1072200022636F6767696E675F726174696F222C92
:10723000226964223A3631382C2274797065223AF8
:1072400022666C6F6174222C226163636573732202
:107250003A2272227D2C7B226E616D65223A226178
:107260006E7469636F6767696E675F656E61626C94
:107270006564222C226964223A3631392C227479D1
:107280007065223A22626F6F6C222C226163636503
:107290007373223A227277227D5D7D2C7B226E6190
:1072A0006D65223A226D656368616E6963616C5F2A
:1072B000706F7765725F62616E647769647468226B
:1072C0002C226964223A3632302C2274797065227D
:1072D0003A22666C6F6174222C226163636573735A
:1072E000223A227277227D2C7B226E616D65223AD2
:1072F00022656C656374726963616C5F706F77653A
:10730000725F62616E647769647468222C226964BA
:10731000223A3632312C2274797065223A22666C18
:107320006F6174222C22616363657373223A227247
:1073300077227D2C7B226E616D65223A2273706903
:107340006E6F75745F6D656368616E6963616C5FB4
:10735000706F7765725F7468726573686F6C6422B2
:107360002C226964223A3632322C227479706522DA
:107370003A22666C6F6174222C22616363657373B9
:10738000223A227277227D2C7B226E616D65223A31
:10739000227370696E6F75745F656C656374726972
:1073A00063616C5F706F7765725F74687265736834
:1073B0006F6C64222C226964223A3632332C227498
:1073C000797065223A22666C6F6174222C226163A7
:1073D00063657373223A227277227D5D7D2C7B2256
:1073E0006E616D65223A226175746F74756E696E97
:1073F00067222C2274797065223A226F626A656373
:1074000074222C226D656D62657273223A5B7B2259
:107410006E616D65223A226672657175656E63797B
:10742000222C226964223A3632342C227479706517
:10743000223A22666C6F6174222C22616363657349
:1074400073223A227277227D2C7B226E616D652237
:107450003A22706F735F616D706C69747564652238
:107460002C226964223A3632352C227479706522D6
:107470003A22666C6F6174222C22616363657373B8
:10748000223A227277227D2C7B226E616D65223A30
:107490002276656C5F616D706C6974756465222C11
:1074A000226964223A3632362C2274797065223A87
:1074B00022666C6F6174222C226163636573732290
:1074C0003A227277227D2C7B226E616D65223A22F0
:1074D000746F727175655F616D706C6974756465E8
:1074E000222C226964223A3632372C227479706554
:1074F000223A22666C6F6174222C22616363657389
:1075000073223A227277227D5D7D2C7B226E616D23
:1075100065223A226D656368616E6963616C5F70B4
:107520006F776572222C226964223A3632382C2217
:1075300074797065223A22666C6F6174222C226124
:107540006363657373223A2272227D2C7B226E6103
:107550006D65223A22656C656374726963616C5F64
:10756000706F776572222C226964223A3632392C88
:107570002274797065223A22666C6F6174222C2223
:10758000616363657373223A2272227D2C7B226EC3
:10759000616D65223A226D6F76655F696E63726513
:1075A0006D656E74616C222C226964223A36333028
:1075B0002C2274797065223A2266756E6374696F45
:1075C0006E222C22696E70757473223A5B7B226E78
:1075D000616D65223A22646973706C6163656D65E3
:1075E0006E74222C226964223A3633312C2274794B
:1075F0007065223A22666C6F6174222C226163638B
:10760000657373223A227277227D2C7B226E616D24
:1076100065223A2266726F6D5F696E7075745F7075
:107620006F73222C226964223A3633322C22747909
:107630007065223A22626F6F6C222C22616363654F
:107640007373223A227277227D5D2C226F757470DB
:10765000757473223A5B5D7D2C7B226E616D6522B1
:107660003A2273746172745F616E7469636F6767E5
:10767000696E675F63616C6962726174696F6E22C3
:107680002C226964223A3633332C227479706522B5
:107690003A2266756E6374696F6E222C22696E7071
:1076A000757473223A5B5D2C226F757470757473F8
:1076B000223A5B5D7D2C7B226E616D65223A2272DF
:1076C000656D6F76655F616E7469636F6767696E1C
:1076D000675F62696173222C226964223A3633340F
:1076E0002C2274797065223A2266756E6374696F14
:1076F0006E222C22696E70757473223A5B5D2C22A7
:107700006F757470757473223A5B7B226E616D6560
:10771000223A2276616C222C226964223A36333571
:107720002C2274797065223A22666C6F6174222C67
:1077300022616363657373223A2272227D5D7D2C20
:107740007B226E616D65223A226765745F616E749B
:1077500069636F6767696E675F76616C7565222C18
:10776000226964223A3633362C2274797065223AC3
:107770002266756E6374696F6E222C22696E707555
:107780007473223A5B7B226E616D65223A22696EC8
:10779000646578222C226964223A3633372C2274AD
:1077A000797065223A2275696E743332222C226117
:1077B0006363657373223A227277227D5D2C226F98
:1077C000757470757473223A5B7B226E616D6522ED
:1077D0003A2276616C222C226964223A3633382CA4
:1077E0002274797065223A22666C6F6174222C22B1
:1077F000616363657373223A2272227D5D7D5D7DD4
:107800002C7B226E616D65223A22656E636F646522
:1078100072222C2274797065223A226F626A656343
:1078200074222C226D656D62657273223A5B7B2235
:107830006E616D65223A226572726F72222C226926
:1078400064223A3633392C2274797065223A2275D3
:10785000696E743136222C22616363657373223A38
:10786000227277227D2C7B226E616D65223A22691D
:10787000735F7265616479222C226964223A36341E
:10788000302C2274797065223A22626F6F6C222C40
:1078900022616363657373223A2272227D2C7B22FC
:1078A0006E616D65223A22696E6465785F666F75F8
:1078B0006E64222C226964223A3634312C22747987
:1078C0007065223A22626F6F6C222C2261636365BD
:1078D0007373223A2272227D2C7B226E616D6522A7
:1078E0003A22736861646F775F636F756E74222CE0
:1078F000226964223A3634322C2274797065223A35
:1079000022696E743332222C2261636365737322A1
:107910003A2272227D2C7B226E616D65223A2263AF
:107920006F756E745F696E5F637072222C2269647A
:10793000223A3634332C2274797065223A22696EE9
:10794000743332222C22616363657373223A22728C
:10795000227D2C7B226E616D65223A22696E7465F0
:1079600072706F6C6174696F6E222C226964223AA6
:107970003634342C2274797065223A22666C6F6139
:1079800074222C22616363657373223A2272227D12
:107990002C7B226E616D65223A22706861736522CC
:1079A0002C226964223A3634352C2274797065228F
:1079B0003A22666C6F6174222C2261636365737373
:1079C000223A2272227D2C7B226E616D65223A2240
:1079D000706F735F657374696D617465222C2269C1
:1079E00064223A3634362C2274797065223A226643
:1079F0006C6F6174222C22616363657373223A2277
:107A000072227D2C7B226E616D65223A22706F732B
:107A10005F657374696D6174655F636F756E7473B0
:107A2000222C226964223A3634372C22747970650C
:107A3000223A22666C6F6174222C22616363657343
:107A400073223A2272227D2C7B226E616D65223A6E
:107A500022706F735F63697263756C6172222C228E
:107A60006964223A3634382C2274797065223A22BD
:107A7000666C6F6174222C22616363657373223AB2
:107A80002272227D2C7B226E616D65223A22706FFC
:107A9000735F6370725F636F756E7473222C2269FB
:107AA00064223A3634392C2274797065223A22667F
:107AB0006C6F6174222C22616363657373223A22B6
:107AC00072227D2C7B226E616D65223A2264656C88
:107AD00074615F706F735F6370725F636F756E74F4
:107AE00073222C226964223A3635302C2274797044
:107AF00065223A22666C6F6174222C226163636591
:107B00007373223A2272227D2C7B226E616D652274
:107B10003A2268616C6C5F7374617465222C22690F
:107B200064223A3635312C2274797065223A2275F6
:107B3000696E7438222C22616363657373223A2262
:107B400072227D2C7B226E616D65223A2276656CF5
:107B50005F657374696D617465222C226964223AD1
:107B60003635322C2274797065223A22666C6F6148
:107B700074222C22616363657373223A2272227D20
:107B80002C7B226E616D65223A2276656C5F65738F
:107B900074696D6174655F636F756E7473222C22F6
:107BA0006964223A3635332C2274797065223A2280
:107BB000666C6F6174222C22616363657373223A71
:107BC0002272227D2C7B226E616D65223A226361D6
:107BD0006C69625F7363616E5F726573706F6E7301
:107BE00065222C226964223A3635342C227479704D
:107BF00065223A22666C6F6174222C226163636590
:107C00007373223A2272227D2C7B226E616D652273
:107C10003A22706F735F616273222C226964223A88
:107C20003635352C2274797065223A22696E7433A8
:107C300032222C22616363657373223A22727722A7
:107C40007D2C7B226E616D65223A227370695F65BF
:107C500072726F725F72617465222C226964223ABB
:107C60003635362C2274797065223A22666C6F6143
:107C700074222C22616363657373223A2272227D1F
:107C80002C7B226E616D65223A22636F6E66696796
:107C9000222C2274797065223A226F626A656374BD
:107CA000222C226D656D62657273223A5B7B226EB7
:107CB000616D65223A226D6F6465222C226964220F
:107CC0003A3635372C2274797065223A2275696EFE
:107CD000743136222C22616363657373223A2272F7
:107CE00077227D2C7B226E616D65223A2275736549
:107CF0005F696E646578222C226964223A363538D1
:107D00002C2274797065223A22626F6F6C222C22C9
:107D1000616363657373223A227277227D2C7B2222
:107D20006E616D65223A22696E6465785F6F666682
:107D3000736574222C226964223A3635392C2274F8
:107D4000797065223A22666C6F6174222C2261631D
:107D500063657373223A227277227D2C7B226E61D7
:107D60006D65223A227573655F696E6465785F6F31
:107D70006666736574222C226964223A3636302C8A
:107D80002274797065223A22626F6F6C222C226114
:107D90006363657373223A227277227D2C7B226E95
:107DA000616D65223A2266696E645F6964785F6F0F
:107DB0006E5F6C6F636B696E5F6F6E6C79222C22E5
:107DC0006964223A3636312C2274797065223A225F
:107DD000626F6F6C222C22616363657373223A2297
:107DE0007277227D2C7B226E616D65223A22616260
:107DF000735F7370695F63735F6770696F5F7069EA
:107E00006E222C226964223A3636322C2274797022
:107E100065223A2275696E743136222C22616363C1
:107E2000657373223A227277227D2C7B226E616DFC
:107E300065223A22637072222C226964223A363615
:107E4000332C2274797065223A22696E743332229F
:107E50002C22616363657373223A227277227D2C30
:107E60007B226E616D65223A2270686173655F6F77
:107E70006666736574222C226964223A3636342C85
:107E80002274797065223A22696E743332222C2270
:107E9000616363657373223A227277227D2C7B22A1
:107EA0006E616D65223A2270686173655F6F666608
:107EB0007365745F666C6F6174222C226964223A68
:107EC0003636352C2274797065223A22666C6F61E1
:107ED00074222C22616363657373223A22727722C3
:107EE0007D2C7B226E616D65223A22646972656326
:107EF00074696F6E222C226964223A3636362C223F
:107F000074797065223A22696E743332222C2261B0
:107F10006363657373223A227277227D2C7B226E13
:107F2000616D65223A227072655F63616C6962728D
:107F300061746564222C226964223A3636372C2219
:107F400074797065223A22626F6F6C222C22616311
:107F500063657373223A227277227D2C7B226E61D5
:107F60006D65223A22656E61626C655F706861734F
:107F7000655F696E746572706F6C6174696F6E2293
:107F80002C226964223A3636382C227479706522A4
:107F90003A22626F6F6C222C2261636365737322D5
:107FA0003A227277227D2C7B226E616D65223A2205
:107FB00062616E647769647468222C226964223A73
:107FC0003636392C2274797065223A22666C6F61DC
:107FD00074222C22616363657373223A22727722C2
:107FE0007D2C7B226E616D65223A2263616C696231
:107FF0005F72616E6765222C226964223A363730DF
:108000002C2274797065223A22666C6F6174222C7E
:1080100022616363657373223A227277227D2C7B1F
:10802000226E616D65223A2263616C69625F7363DF
:10803000616E5F64697374616E6365222C2269648A
:10804000223A3637312C2274797065223A22666CD6
:108050006F6174222C22616363657373223A22720A
:1080600077227D2C7B226E616D65223A2263616CE2
:1080700069625F7363616E5F6F6D656761222C2259
:108080006964223A3637322C2274797065223A229A
:10809000666C6F6174222C22616363657373223A8C
:1080A000227277227D2C7B226E616D65223A2269D5
:1080B000676E6F72655F696C6C6567616C5F686144
:1080C0006C6C5F7374617465222C226964223A3689
:1080D00037332C2274797065223A22626F6F6C22DA
:1080E0002C22616363657373223A227277227D2C9E
:1080F0007B226E616D65223A2268616C6C5F706FE5
:108100006C6172697479222C226964223A363734A0
:108110002C2274797065223A2275696E7438222C8B
:1081200022616363657373223A227277227D2C7B0E
:10813000226E616D65223A2268616C6C5F706F6CB3
:1081400061726974795F63616C696272617465649C
:10815000222C226964223A3637352C2274797065D4
:10816000223A22626F6F6C222C2261636365737303
:10817000223A227277227D2C7B226E616D65223A33
:108180002273696E636F735F6770696F5F70696E8A
:108190005F73696E222C226964223A3637362C22AC
:1081A00074797065223A2275696E743136222C22F8
:1081B000616363657373223A227277227D2C7B227E
:1081C0006E616D65223A2273696E636F735F6770CB
:1081D000696F5F70696E5F636F73222C226964221E
:1081E0003A3637372C2274797065223A2275696ED7
:1081F000743136222C22616363657373223A2272D2
:1082000077227D5D7D2C7B226E616D65223A227323
:1082100065745F6C696E6561725F636F756E742201
:108220002C226964223A3637382C22747970652200
:108230003A2266756E6374696F6E222C22696E70C5
:10824000757473223A5B7B226E616D65223A2263FC
:108250006F756E74222C226964223A3637392C22CB
:1082600074797065223A22696E743332222C22614D
:108270006363657373223A227277227D5D2C226FCD
:10828000757470757473223A5B5D7D5D7D2C7B2205
:108290006E616D65223A226163696D5F6573746911
:1082A0006D61746F72222C2274797065223A226F8C
:1082B000626A656374222C226D656D626572732239
:1082C0003A5B7B226E616D65223A22726F746F7227
:1082D0005F666C7578222C226964223A3638302C1D
:1082E0002274797065223A22666C6F6174222C22A6
:1082F000616363657373223A2272227D2C7B226E46
:10830000616D65223A22736C69705F76656C222C10
:10831000226964223A3638312C2274797065223A07
:1083200022666C6F6174222C226163636573732211
:108330003A2272227D2C7B226E616D65223A227078
:10834000686173655F6F6666736574222C22696469
:10835000223A3638322C2274797065223A22666CC1
:108360006F6174222C22616363657373223A2272F7
:10837000227D2C7B226E616D65223A2273746174BA
:108380006F725F70686173655F76656C222C22691D
:1083900064223A3638332C2274797065223A226688
:1083A0006C6F6174222C22616363657373223A22BD
:1083B00072227D2C7B226E616D65223A227374617C
:1083C000746F725F7068617365222C226964223A4F
:1083D0003638342C2274797065223A22666C6F61CB
:1083E00074222C22616363657373223A2272227DA8
:1083F0002C7B226E616D65223A22636F6E6669671F
:10840000222C2274797065223A226F626A65637445
:10841000222C226D656D62657273223A5B7B226E3F
:10842000616D65223A22736C69705F76656C6F636B
:10843000697479222C226964223A3638352C2274E8
:10844000797065223A22666C6F6174222C22616316
:1084500063657373223A227277227D5D7D5D7D2C88
:108460007B226E616D65223A2273656E736F726C4A
:108470006573735F657374696D61746F72222C220A
:1084800074797065223A226F626A656374222C22C5
:108490006D656D62657273223A5B7B226E616D65FC
:1084A000223A226572726F72222C226964223A3655
:1084B00038362C2274797065223A2275696E7438C8
:1084C000222C22616363657373223A227277227DC4
:1084D0002C7B226E616D65223A2270686173652281
:1084E0002C226964223A3638372C2274797065223E
:1084F0003A22666C6F6174222C2261636365737328
:10850000223A2272227D2C7B226E616D65223A22F4
:10851000706C6C5F706F73222C226964223A36385B
:10852000382C2274797065223A22666C6F6174224D
:108530002C22616363657373223A2272227D2C7B45
:10854000226E616D65223A2270686173655F76659F
:108550006C222C226964223A3638392C22747970C4
:1085600065223A22666C6F6174222C226163636516
:108570007373223A2272227D2C7B226E616D6522FA
:108580003A2276656C5F657374696D617465222C3F
:10859000226964223A3639302C2274797065223A85
:1085A00022666C6F6174222C22616363657373228F
:1085B0003A2272227D2C7B226E616D65223A226303
:1085C0006F6E666967222C2274797065223A226F79
:1085D000626A656374222C226D656D626572732216
:1085E0003A5B7B226E616D65223A226F627365721F
:1085F0007665725F6761696E222C226964223A3661
:1086000039312C2274797065223A22666C6F61745C
:10861000222C22616363657373223A227277227D72
:108620002C7B226E616D65223A22706C6C5F6261F8
:108630006E647769647468222C226964223A363940
:10864000322C2274797065223A22666C6F61742232
:108650002C22616363657373223A227277227D2C28
:108660007B226E616D65223A22706D5F666C757853
:108670005F6C696E6B616765222C226964223A36F1
:1086800039332C2274797065223A22666C6F6174DA
:10869000222C22616363657373223A227277227DF2
:1086A0005D7D5D7D2C7B226E616D65223A22747248
:1086B00061705F7472616A222C2274797065223A4B
:1086C000226F626A656374222C226D656D62657229
:1086D00073223A5B7B226E616D65223A22636F6E74
:1086E000666967222C2274797065223A226F626A69
:1086F000656374222C226D656D62657273223A5B2C
:108700007B226E616D65223A2276656C5F6C696DC5
:108710006974222C226964223A3639342C22747905
:108720007065223A22666C6F6174222C2261636349
:10873000657373223A227277227D2C7B226E616DE3
:1087400065223A22616363656C5F6C696D697422AE
:108750002C226964223A3639352C227479706522CC
:108760003A22666C6F6174222C22616363657373B5
:10877000223A227277227D2C7B226E616D65223A2D
:1087800022646563656C5F6C696D6974222C226973
:1087900064223A3639362C2274797065223A226680
:1087A0006C6F6174222C22616363657373223A22B9
:1087B0007277227D5D7D5D7D2C7B226E616D6522F1
:1087C0003A226D696E5F656E6473746F70222C223D
:1087D00074797065223A226F626A656374222C2272
:1087E0006D656D62657273223A5B7B226E616D65A9
:1087F000223A22656E6473746F705F73746174657E
:10880000222C226964223A3639372C227479706519
:10881000223A22626F6F6C222C226163636573734C
:10882000223A2272227D2C7B226E616D65223A22D1
:10883000636F6E666967222C2274797065223A2212
:108840006F626A656374222C226D656D6265727356
:10885000223A5B7B226E616D65223A226770696FF6
:108860005F6E756D222C226964223A3639382C22CB
:1088700074797065223A2275696E743136222C2221
:10888000616363657373223A227277227D2C7B22A7
:108890006E616D65223A22656E61626C6564222CA0
:1088A000226964223A3639392C2274797065223A69
:1088B00022626F6F6C222C22616363657373223AAC
:1088C000227277227D2C7B226E616D65223A226FA7
:1088D0006666736574222C226964223A3730302C24
:1088E0002274797065223A22666C6F6174222C22A0
:1088F000616363657373223A227277227D2C7B2237
:108900006E616D65223A2269735F61637469766591
:108910005F68696768222C226964223A3730312CFB
:108920002274797065223A22626F6F6C222C226168
:108930006363657373223A227277227D2C7B226EE9
:10894000616D65223A226465626F756E63655F6D65
:1089500073222C226964223A3730322C22747970C7
:1089600065223A2275696E743332222C2261636368
:10897000657373223A227277227D5D7D5D7D2C7B4B
:10898000226E616D65223A226D61785F656E647357
:10899000746F70222C2274797065223A226F626A99
:1089A000656374222C226D656D62657273223A5B79
:1089B0007B226E616D65223A22656E6473746F70FE
:1089C0005F7374617465222C226964223A373033F4
:1089D0002C2274797065223A22626F6F6C222C22ED
:1089E000616363657373223A2272227D2C7B226E4F
:1089F000616D65223A22636F6E666967222C22746C
:108A0000797065223A226F626A656374222C226D46
:108A1000656D62657273223A5B7B226E616D6522C1
:108A20003A226770696F5F6E756D222C226964222D
:108A30003A3730342C2274797065223A2275696E87
:108A4000743136222C22616363657373223A227279
:108A500077227D2C7B226E616D65223A22656E61E4
:108A6000626C6564222C226964223A3730352C22EC
:108A700074797065223A22626F6F6C222C226163D6
:108A800063657373223A227277227D2C7B226E619A
:108A90006D65223A226F6666736574222C226964C2
:108AA000223A3730362C2274797065223A22666C6D
:108AB0006F6174222C22616363657373223A2272A0
:108AC00077227D2C7B226E616D65223A2269735F6D
:108AD0006163746976655F68696768222C226964DE
:108AE000223A3730372C2274797065223A22626F2D
:108AF0006F6C222C22616363657373223A22727752
:108B0000227D2C7B226E616D65223A226465626F44
:108B1000756E63655F6D73222C226964223A37306B
:108B2000382C2274797065223A2275696E7433325A
:108B3000222C22616363657373223A227277227D4D
:108B40005D7D5D7D2C7B226E616D65223A226D65B7
:108B50006368616E6963616C5F6272616B65222C30
:108B60002274797065223A226F626A656374222CDE
:108B7000226D656D62657273223A5B7B226E616D58
:108B800065223A22636F6E666967222C22747970BF
:108B900065223A226F626A656374222C226D656DCC
:108BA00062657273223A5B7B226E616D65223A22A6
:108BB0006770696F5F6E756D222C226964223A3787
:108BC00030392C2274797065223A2275696E7431BD
:108BD00036222C22616363657373223A22727722F4
:108BE0007D2C7B226E616D65223A2269735F616321
:108BF000746976655F6C6F77222C226964223A373C
:108C000031302C2274797065223A22626F6F6C22A7
:108C10002C22616363657373223A227277227D5D31
:108C20007D2C7B226E616D65223A22656E676167DD
:108C300065222C226964223A3731312C22747970F2
:108C400065223A2266756E6374696F6E222C226902
:108C50006E70757473223A5B5D2C226F757470753B
:108C60007473223A5B5D7D2C7B226E616D65223AC6
:108C70002272656C65617365222C226964223A3721
:108C800031322C2274797065223A2266756E6374D3
:108C9000696F6E222C22696E70757473223A5B5D67
:108CA0002C226F757470757473223A5B5D7D5D7DE7
:108CB0002C7B226E616D65223A227461736B5F7446
:108CC000696D6573222C2274797065223A226F6275
:108CD0006A656374222C226D656D62657273223A37
:108CE0005B7B226E616D65223A22746865726D69E4
:108CF00073746F725F757064617465222C2274796D
:108D00007065223A226F626A656374222C226D6557
:108D10006D62657273223A5B7B226E616D65223AE9
:108D20002273746172745F74696D65222C226964A8
:108D3000223A3731332C2274797065223A227569D0
:108D40006E743332222C22616363657373223A227C
:108D500072227D2C7B226E616D65223A22656E64E3
:108D60005F74696D65222C226964223A3731342C94
:108D70002274797065223A2275696E743332222C1E
:108D800022616363657373223A2272227D2C7B22F7
:108D90006E616D65223A226C656E677468222C22C2
:108DA0006964223A3731352C2274797065223A226F
:108DB00075696E743332222C22616363657373228A
:108DC0003A2272227D2C7B226E616D65223A226DE1
:108DD00061785F6C656E677468222C226964223A40
:108DE0003731362C2274797065223A2275696E7497
:108DF0003332222C22616363657373223A227277C5
:108E0000227D5D7D2C7B226E616D65223A22656E2E
:108E1000636F6465725F757064617465222C22747F
:108E2000797065223A226F626A656374222C226D22
:108E3000656D62657273223A5B7B226E616D65229D
:108E40003A2273746172745F74696D65222C2269B1
:108E500064223A3731372C2274797065223A2275B0
:108E6000696E743332222C22616363657373223A14
:108E70002272227D2C7B226E616D65223A22656E04
:108E8000645F74696D65222C226964223A37313837
:108E90002C2274797065223A2275696E74333222FD
:108EA0002C22616363657373223A2272227D2C7BCC
:108EB000226E616D65223A226C656E677468222CA1
:108EC000226964223A3731392C2274797065223A4A
:108ED0002275696E743332222C2261636365737369
:108EE000223A2272227D2C7B226E616D65223A220B
:108EF0006D61785F6C656E677468222C22696422EC
:108F00003A3732302C2274797065223A2275696EB4
:108F1000743332222C22616363657373223A2272A6
:108F200077227D5D7D2C7B226E616D65223A2273F6
:108F3000656E736F726C6573735F657374696D6171
:108F4000746F725F757064617465222C227479701D
:108F500065223A226F626A656374222C226D656D08
:108F600062657273223A5B7B226E616D65223A22E2
:108F700073746172745F74696D65222C2269642256
:108F80003A3732312C2274797065223A2275696E33
:108F9000743332222C22616363657373223A227226
:108FA000227D2C7B226E616D65223A22656E645FA4
:108FB00074696D65222C226964223A3732322C2280
:108FC00074797065223A2275696E743332222C22CC
:108FD000616363657373223A2272227D2C7B226E59
:108FE000616D65223A226C656E677468222C226975
:108FF00064223A3732332C2274797065223A227512
:10900000696E743332222C22616363657373223A72
:109010002272227D2C7B226E616D65223A226D6167
:10902000785F6C656E677468222C226964223A3717
:1090300032342C2274797065223A2275696E743349
:1090400032222C22616363657373223A2272772283
:109050007D5D7D2C7B226E616D65223A22656E649A
:1090600073746F705F757064617465222C227479FB
:109070007065223A226F626A656374222C226D65E4
:109080006D62657273223A5B7B226E616D65223A76
:109090002273746172745F74696D65222C22696435
:1090A000223A3732352C2274797065223A2275695A
:1090B0006E743332222C22616363657373223A2209
:1090C00072227D2C7B226E616D65223A22656E6470
:1090D0005F74696D65222C226964223A3732362C1E
:1090E0002274797065223A2275696E743332222CAB
:1090F00022616363657373223A2272227D2C7B2284
:109100006E616D65223A226C656E677468222C224E
:109110006964223A3732372C2274797065223A22F8
:1091200075696E743332222C226163636573732216
:109130003A2272227D2C7B226E616D65223A226D6D
:1091400061785F6C656E677468222C226964223ACC
:109150003732382C2274797065223A2275696E7420
:109160003332222C22616363657373223A22727751
:10917000227D5D7D2C7B226E616D65223A226361CA
:109180006E5F686561727462656174222C22747905
:109190007065223A226F626A656374222C226D65C3
:1091A0006D62657273223A5B7B226E616D65223A55
:1091B0002273746172745F74696D65222C22696414
:1091C000223A3732392C2274797065223A22756935
:1091D0006E743332222C22616363657373223A22E8
:1091E00072227D2C7B226E616D65223A22656E644F
:1091F0005F74696D65222C226964223A3733302C02
:109200002274797065223A2275696E743332222C89
:1092100022616363657373223A2272227D2C7B2262
:109220006E616D65223A226C656E677468222C222D
:109230006964223A3733312C2274797065223A22DC
:1092400075696E743332222C2261636365737322F5
:109250003A2272227D2C7B226E616D65223A226D4C
:1092600061785F6C656E677468222C226964223AAB
:109270003733322C2274797065223A2275696E7404
:109280003332222C22616363657373223A22727730
:10929000227D5D7D2C7B226E616D65223A22636F9B
:1092A0006E74726F6C6C65725F7570646174652248
:1092B0002C2274797065223A226F626A6563742287
:1092C0002C226D656D62657273223A5B7B226E6142
:1092D0006D65223A2273746172745F74696D6522E0
:1092E0002C226964223A3733332C22747970652238
:1092F0003A2275696E743332222C2261636365737E
:1093000073223A2272227D2C7B226E616D65223A95
:1093100022656E645F74696D65222C226964223A4D
:109320003733342C2274797065223A2275696E7451
:109330003332222C22616363657373223A227222D4
:109340007D2C7B226E616D65223A226C656E67749E
:1093500068222C226964223A3733352C22747970C2
:1093600065223A2275696E743332222C226163635E
:10937000657373223A2272227D2C7B226E616D65A9
:10938000223A226D61785F6C656E677468222C22C8
:109390006964223A3733362C2274797065223A2276
:1093A00075696E743332222C226163636573732294
:1093B0003A227277227D5D7D2C7B226E616D652263
:1093C0003A226F70656E5F6C6F6F705F636F6E7463
:1093D000726F6C6C65725F757064617465222C22AB
:1093E00074797065223A226F626A656374222C2256
:1093F0006D656D62657273223A5B7B226E616D658D
:10940000223A2273746172745F74696D65222C2232
:109410006964223A3733372C2274797065223A22F4
:1094200075696E743332222C226163636573732213
:109430003A2272227D2C7B226E616D65223A226572
:109440006E645F74696D65222C226964223A373339
:10945000382C2274797065223A2275696E74333221
:10946000222C22616363657373223A2272227D2C5F
:109470007B226E616D65223A226C656E677468228C
:109480002C226964223A3733392C22747970652290
:109490003A2275696E743332222C226163636573DC
:1094A00073223A2272227D2C7B226E616D65223AF4
:1094B000226D61785F6C656E677468222C22696426
:1094C000223A3734302C2274797065223A22756939
:1094D0006E743332222C22616363657373223A22E5
:1094E0007277227D5D7D2C7B226E616D65223A2232
:1094F0006163696D5F657374696D61746F725F75C7
:109500007064617465222C2274797065223A226F2E
:10951000626A656374222C226D656D6265727322C6
:109520003A5B7B226E616D65223A227374617274BC
:109530005F74696D65222C226964223A3734312CBC
:109540002274797065223A2275696E743332222C46
:1095500022616363657373223A2272227D2C7B221F
:109560006E616D65223A22656E645F74696D652275
:109570002C226964223A3734322C227479706522A5
:109580003A2275696E743332222C226163636573EB
:1095900073223A2272227D2C7B226E616D65223A03
:1095A000226C656E677468222C226964223A373413
:1095B000332C2274797065223A2275696E743332C5
:1095C000222C22616363657373223A2272227D2CFE
:1095D0007B226E616D65223A226D61785F6C656EEB
:1095E000677468222C226964223A3734342C22743E
:1095F000797065223A2275696E743332222C2261A9
:109600006363657373223A227277227D5D7D2C7BC2
:10961000226E616D65223A226D6F746F725F757094
:1096200064617465222C2274797065223A226F621B
:109630006A656374222C226D656D62657273223ACD
:109640005B7B226E616D65223A2273746172745F76
:1096500074696D65222C226964223A3734352C22D4
:1096600074797065223A2275696E743332222C2225
:10967000616363657373223A2272227D2C7B226EB2
:10968000616D65223A22656E645F74696D65222C96
:10969000226964223A3734362C2274797065223A72
:1096A0002275696E743332222C2261636365737391
:1096B000223A2272227D2C7B226E616D65223A2233
:1096C0006C656E677468222C226964223A373437DD
:1096D0002C2274797065223A2275696E74333222B5
:1096E0002C22616363657373223A2272227D2C7B84
:1096F000226E616D65223A226D61785F6C656E67DE
:109700007468222C226964223A3734382C22747906
:109710007065223A2275696E743332222C2261639D
:1097200063657373223A227277227D5D7D2C7B22E2
:109730006E616D65223A2263757272656E745F6345
:109740006F6E74726F6C6C65725F75706461746556
:10975000222C2274797065223A226F626A656374E2
:10976000222C226D656D62657273223A5B7B226EDC
:10977000616D65223A2273746172745F74696D65FC
:10978000222C226964223A3734392C22747970658C
:10979000223A2275696E743332222C22616363652A
:1097A0007373223A2272227D2C7B226E616D6522B8
:1097B0003A22656E645F74696D65222C22696422A9
:1097C0003A3735302C2274797065223A2275696EE9
:1097D000743332222C22616363657373223A2272DE
:1097E000227D2C7B226E616D65223A226C656E674C
:1097F0007468222C226964223A3735312C2274791C
:109800007065223A2275696E743332222C226163AC
:1098100063657373223A2272227D2C7B226E616D06
:1098200065223A226D61785F6C656E677468222CE0
:10983000226964223A3735322C2274797065223AD3
:109840002275696E743332222C22616363657373EF
:10985000223A227277227D5D7D2C7B226E616D65BE
:10986000223A2264635F63616C6962222C227479FC
:109870007065223A226F626A656374222C226D65DC
:109880006D62657273223A5B7B226E616D65223A6E
:109890002273746172745F74696D65222C2269642D
:1098A000223A3735332C2274797065223A22756951
:1098B0006E743332222C22616363657373223A2201
:1098C00072227D2C7B226E616D65223A22656E6468
:1098D0005F74696D65222C226964223A3735342C15
:1098E0002274797065223A2275696E743332222CA3
:1098F00022616363657373223A2272227D2C7B227C
:109900006E616D65223A226C656E677468222C2246
:109910006964223A3735352C2274797065223A22EF
:1099200075696E743332222C22616363657373220E
:109930003A2272227D2C7B226E616D65223A226D65
:1099400061785F6C656E677468222C226964223AC4
:109950003735362C2274797065223A2275696E7417
:109960003332222C22616363657373223A22727749
:10997000227D5D7D2C7B226E616D65223A226375AE
:109980007272656E745F73656E7365222C227479D2
:109990007065223A226F626A656374222C226D65BB
:1099A0006D62657273223A5B7B226E616D65223A4D
:1099B0002273746172745F74696D65222C2269640C
:1099C000223A3735372C2274797065223A2275692C
:1099D0006E743332222C22616363657373223A22E0
:1099E00072227D2C7B226E616D65223A22656E6447
:1099F0005F74696D65222C226964223A3735382CF0
:109A00002274797065223A2275696E743332222C81
:109A100022616363657373223A2272227D2C7B225A
:109A20006E616D65223A226C656E677468222C2225
:109A30006964223A3735392C2274797065223A22CA
:109A400075696E743332222C2261636365737322ED
:109A50003A2272227D2C7B226E616D65223A226D44
:109A600061785F6C656E677468222C226964223AA3
:109A70003736302C2274797065223A2275696E74FB
:109A80003332222C22616363657373223A22727728
:109A9000227D5D7D2C7B226E616D65223A2270777E
:109AA0006D5F757064617465222C22747970652213
:109AB0003A226F626A656374222C226D656D62655D
:109AC0007273223A5B7B226E616D65223A22737457
:109AD0006172745F74696D65222C226964223A3761
:109AE00036312C2274797065223A2275696E74338E
:109AF00032222C22616363657373223A2272227DC3
:109B00002C7B226E616D65223A22656E645F7469FA
:109B10006D65222C226964223A3736322C22747900
:109B20007065223A2275696E743332222C22616389
:109B300063657373223A2272227D2C7B226E616DE3
:109B400065223A226C656E677468222C2269642251
:109B50003A3736332C2274797065223A2275696E51
:109B6000743332222C22616363657373223A22724A
:109B7000227D2C7B226E616D65223A226D61785FB9
:109B80006C656E677468222C226964223A37363419
:109B90002C2274797065223A2275696E74333222F0
:109BA0002C22616363657373223A227277227D5D92
:109BB0007D5D7D2C7B226E616D65223A227761741A
:109BC0006368646F675F66656564222C226964223E
:109BD0003A3736352C2274797065223A2266756ED2
:109BE0006374696F6E222C22696E70757473223AE9
:109BF0005B5D2C226F757470757473223A5B5D7DAA
:109C00005D7D2C7B226E616D65223A2274657374D2
:109C10005F66756E6374696F6E222C226964223AE6
:109C20003736362C2274797065223A2266756E6357
:109C300074696F6E222C22696E70757473223A5BA0
:109C40007B226E616D65223A2264656C7461222C00
:109C5000226964223A3736372C2274797065223AA9
:109C600022696E743332222C22616363657373221E
:109C70003A227277227D5D2C226F75747075747331
:109C8000223A5B7B226E616D65223A22636E7422FA
:109C90002C226964223A3736382C22747970652276
:109CA0003A22696E743332222C22616363657373C6
:109CB000223A2272227D5D7D2C7B226E616D6522AF
:109CC0003A226765745F6164635F766F6C74616785
:109CD00065222C226964223A3736392C2274797035
:109CE00065223A2266756E6374696F6E222C226952
:109CF0006E70757473223A5B7B226E616D65223AD9
:109D0000226770696F222C226964223A3737302C1F
:109D10002274797065223A2275696E743332222C6E
:109D200022616363657373223A227277227D5D2C10
:109D3000226F757470757473223A5B7B226E616D4D
:109D400065223A22766F6C74616765222C22696401
:109D5000223A3737312C2274797065223A22666CA8
:109D60006F6174222C22616363657373223A2272DD
:109D7000227D5D7D2C7B226E616D65223A227361AE
:109D800076655F636F6E66696775726174696F6E21
:109D9000222C226964223A3737322C22747970657A
:109DA000223A2266756E6374696F6E222C22696E88
:109DB00070757473223A5B5D2C226F7574707574C4
:109DC00073223A5B7B226E616D65223A2273756362
:109DD00063657373222C226964223A3737332C224D
:109DE00074797065223A22626F6F6C222C22616353
:109DF00063657373223A2272227D5D7D2C7B226E15
:109E0000616D65223A2265726173655F636F6E668C
:109E1000696775726174696F6E222C226964223AD7
:109E20003737342C2274797065223A2266756E6356
:109E300074696F6E222C22696E70757473223A5B9E
:109E40005D2C226F757470757473223A5B5D7D2C86
:109E50007B226E616D65223A227265626F6F742299
:109E60002C226964223A3737352C227479706522A6
:109E70003A2266756E6374696F6E222C22696E7069
:109E8000757473223A5B5D2C226F757470757473F0
:109E9000223A5B5D7D2C7B226E616D65223A2265E4
:109EA0006E7465725F6466755F6D6F6465222C22E7
:109EB0006964223A3737362C2274797065223A2247
:109EC00066756E6374696F6E222C22696E7075748C
:109ED00073223A5B5D2C226F757470757473223A2D
:109EE0005B5D7D2C7B226E616D65223A2267657415
:109EF0005F696E746572727570745F737461747586
:109F000073222C226964223A3737372C22747970F5
:109F100065223A2266756E6374696F6E222C22691F
:109F20006E70757473223A5B7B226E616D65223AA6
:109F3000226972716E222C226964223A3737382CDA
:109F40002274797065223A22696E743332222C228F
:109F5000616363657373223A227277227D5D2C22DE
:109F60006F757470757473223A5B7B226E616D65D8
:109F7000223A22737461747573222C226964223A26
:109F80003737392C2274797065223A2275696E74DC
:109F90003332222C22616363657373223A22722268
:109FA0007D5D7D2C7B226E616D65223A2267657432
:109FB0005F646D615F737461747573222C226964D0
:109FC000223A3738302C2274797065223A2266752D
:109FD0006E6374696F6E222C22696E7075747322C1
:109FE0003A5B7B226E616D65223A22737472656101
:109FF0006D5F6E756D222C226964223A3738312CE0
:10A000002274797065223A2275696E7438222C2286
:10A01000616363657373223A227277227D5D2C221D
:10A020006F757470757473223A5B7B226E616D6517
:10A03000223A22737461747573222C226964223A65
:10A040003738322C2274797065223A2275696E7421
:10A050003332222C22616363657373223A227222A7
:10A060007D5D7D2C7B226E616D65223A2267657471
:10A070005F6770696F5F737461746573222C226906
:10A0800064223A3738332C2274797065223A22667A
:10A09000756E6374696F6E222C22696E70757473AD
:10A0A000223A5B5D2C226F757470757473223A5B73
:10A0B0007B226E616D65223A22737461747573221E
:10A0C0002C226964223A3738342C22747970652244
:10A0D0003A2275696E743332222C22616363657390
:10A0E00073223A2272227D5D7D2C7B226E616D652A
:10A0F000223A226765745F6472765F6661756C747C
:10A10000222C226964223A3738352C227479706502
:10A11000223A2266756E6374696F6E222C22696E14
:10A1200070757473223A5B5D2C226F757470757450
:10A1300073223A5B7B226E616D65223A22647276ED
:10A140005F6661756C74222C226964223A37383656
:10A150002C2274797065223A2275696E7436342225
:10A160002C22616363657373223A2272227D5D7DC6
:10A170002C7B226E616D65223A22636C6561725F91
:10A180006572726F7273222C226964223A373837F3
:10A190002C2274797065223A2266756E6374696F39
:10A1A0006E222C22696E70757473223A5B5D2C22CC
:10A1B0006F757470757473223A5B5D7D5D0000008D
:10A1C000249B030894EC0020389B030894EC0020A7
:10A1D000489B030894EC0020649B030894EC002047
:10A1E000749B030894EC0020D09B030894EC00209F
:10A1F000849B030894EC0020A09B030894EC0020AF
:10A20000B89B030894EC0020C89B030894EC002042
:10A21000A4A7030894EC0020E49B030894EC00201E
:10A22000F49B030894EC0020009C0308C8E800207D
:10A230000C9C03087CE900201C9C0308C0EA002059
:10A24000009C0308C8E8002004A003087CE9002063
:10A25000249C030890E900202C9C03087CE9002042
:10A260003C9C030868E90020489C0308B4EC0020EB
:10A270001C9C0308D8EA0020589C030890E90020A1
:10A28000649C030890E90020709C030890E900207A
:10A290001C9C0308F0EA00207C9C030890E9002045
:10A2A0008C9C030890E900209C9C030890E9002006
:10A2B000AC9C030800E80020B49C0308E4EC0020F8
:10A2C000BC9C0308E4EC0020C49C0308E4EC0020E0
:10A2D000D09C0308E4EC00201C9C030808EB002041
:10A2E000E09C030890E90020F09C0308E4EC0020C7
:10A2F000FC9C0308E4EC0020089D0308E4EC00202B
:10A30000189D0308E4EC00202C9D0308E4EC0020D9
:10A310001C9C030820EB002090A0030814E80020F8
:10A320003C9D03087CE900204C9D030890E9002037
:10A33000489D03087CE900205C9D03087CE900201F
:10A34000749D0308C8E80020889D0308A0E8002049
:10A35000089D0308A0E800208C9D030890E90020D8
:10A36000A09D0308A0E80020AC9D03087CE9002024
:10A37000BC9D03087CE90020909C030890E9002024
:10A38000D89D030890E90020E49D030890E900208F
:10A39000F89D030890E900200C9E03087CE900204A
:10A3A000289E03083CE80020389E03087CE9002032
:10A3B000549E0308C8E80020689E0308C8E80020EF
:10A3C000AC9C030828E800207C9E0308B4EC002025
:10A3D000889E0308B4EC0020949E03087CEC0020C7
:10A3E000A49E03087CEC0020B49E0308E4EC00204B
:10A3F000B49C0308E4EC0020C49E0308E4EC0020B5
:10A40000D49E0308E4EC0020E89E0308E4EC00205E
:10A41000F89E0308E4EC0020089F0308E4EC002009
:10A42000209F0308C4EC0020D09C0308E4EC00202B
:10A430002C9F0308E4EC0020409F0308E4EC00207C
:10A44000549F0308A0E800205C9F0308E4EC002070
:10A450001C9C030838EB00206C9F030890E9002047
:10A46000789F030890E90020889F030890E9002066
:10A47000989F030890E9002060980308A4EC00204E
:10A48000AC9D03087CE90020AC9F0308B4EC0020DD
:10A49000C09F030890E90020D49F030890E90020A2
:10A4A000E89F0308E4EC0020F89F03087CE9002003
:10A4B0000CA0030890E9002024A003087CE90020F8
:10A4C00038A003087CE9002058A003087CE900209C
:10A4D00070A003087CE9002088A0030864E800203D
:10A4E00098A0030850E80020A4A0030890E90020E9
:10A4F000B0A0030890E90020BCA0030890E9002068
:10A50000D0A0030890E90020589C030890E900209F
:10A51000E8A0030890E90020FCA0030890E90020CF
:10A520000CA1030890E9002020A103087CE9002089
:10A5300034A1030890E900204CA10308A0E8002002
:10A5400068A1030890E9002078A1030890E90020A1
:10A5500080A103083CE8002090A1030890E90020B6
:10A56000A0A1030890E90020B4A103083CE8002062
:10A57000C8A1030890E90020E0A1030868EB0020CF
:10A58000ECA1030890E9002008A2030890E900204C
:10A5900024A2030890E9002048A2030890E90020C3
:10A5A000AC9C030878E800206CA2030890E9002026
:10A5B0007CA2030890E9002088A2030890E900200B
:10A5C00094A2030890E90020A4A20308E4EC002070
:10A5D000B4A20308E4EC0020C4A20308E4EC0020C9
:10A5E000D4A20308B4EC0020E4A2030890E9002000
:10A5F000FCA203087CE9002010A3030890E90020D6
:10A600001C9C03085CEB002024A3030850EB0020F3
:10A6100030A30308E4EC002044A30308E4EC00208A
:10A62000AC9D03087CE9002058A30308A0E80020A3
:10A6300064A3030890E9002078A3030890E90020B0
:10A6400098A3030890E90020ACA3030890E9002038
:10A65000C0A3030890E90020D0A303088CE80020E1
:10A66000DCA3030890E90020E8A3030890E9002098
:10A67000FCA3030890E9002008A4030890E9002047
:10A6800024A4030890E9002040A4030890E90020D6
:10A6900058A4030890E9002074A4030890E900205E
:10A6A00088A4030890E90020A0A403087CE9002006
:10A6B000B8A4030890E90020D4A4030890E900207E
:10A6C000F0A403087CE9002000A503087CE9002031
:10A6D00010A5030890E9002020A5030890E90020B8
:10A6E00030A5030890E900203CA5030890E900206C
:10A6F0004CA50308E4EC002054A50308E4EC00207A
:10A700005CA5030890E9002078A50308E4EC00208C
:10A7100084A50308E4EC002090A50308E4EC0020E5
:10A720009CA50308E4EC0020B49C0308E4EC0020A2
:10A73000C49C0308E4EC0020A8A50308E4EC002076
:10A74000B8A50308E4EC0020C8A50308E4EC002049
:10A75000D4A50308E4EC0020E0A50308E4EC002005
:10A76000E8A5030890E9002008A6030890E9002066
:10A7700028A60308E4EC002038A60308E4EC002037
:10A7800068AA0308C8E8002048A6030890E900204A
:10A790005CA6030890E9002070A6030890E9002059
:10A7A00084A6030890E9002098A6030890E90020F9
:10A7B000ACA6030890E9002004A003087CE900206F
:10A7C000C0A60308E4EC00201C9C0308A4EB0020B6
:10A7D00098A6030890E90020ACA6030890E90020A1
:10A7E00004A003087CE90020C0A60308E4EC0020D4
:10A7F0001C9C0308BCEB00206CA2030890E900201D
:10A80000AC9C0308B4E80020CCA60308B4EC0020FC
:10A81000D8A60308B4EC0020E8A60308E4EC002066
:10A82000FCA60308E4EC002010A70308E4EC0020D9
:10A8300024A7030890E9002034A7030890E900202A
:10A8400044A7030890E9002054A70308E4EC002083
:10A850005CA7030890E9002074A70308E4EC00203B
:10A860008CA70308E4EC0020A0A70308E4EC002078
:10A87000B0A70308B0EB0020C0A7030898EB0020A6
:10A88000D4A703088CEB0020E4A70308A4EC002065
:10A8900000A80308A4EC00201C9C030880EB002007
:10A8A00014A8030868E900201CA803087CE900201C
:10A8B00028A8030868E900203CA8030868E90020EC
:10A8C0004CA8030868E9002060A8030868E9002094
:10A8D00078A8030868E9002094A8030868E9002024
:10A8E000B0A8030868E90020C8A8030868E90020A8
:10A8F000D4A8030868E90020E8A8030868E9002054
:10A9000098A7030890E90020F8A8030890E9002020
:10A9100004A9030890E9002014A9030890E9002085
:10A920001CA9030890E9002020A9030890E9002051
:10A9300030A903087CE9002040A903087CE9002035
:10A9400054A903087CE9002098A7030890E9002097
:10A95000F8A8030890E9002004A9030890E9002062
:10A9600014A9030890E900201CA9030890E900201D
:10A9700068A903087CE9002084A903087CE9002079
:10A98000A4A903087CE90020C8A903087CE90020E9
:10A99000E4A903087CE90020F4A903087CE900206D
:10A9A00004AA03087CE9002018AA03087CE9002017
:10A9B00030AA030890E9002044AA03087CE900209B
:10A9C00054AA0308C8E8002064AA0308C8E80020C5
:10A9D00074AA0308ECEB002088AA0308E0EB00202F
:10A9E00098AA0308E0EB002074AF0308D4EB002022
:10A9F000AC9C0308F0E80020A8AA0308B4EC0020EF
:10AA0000B8AA0308A4EC0020C8AA03080CEC002094
:10AA1000D0AA0308FCEB0020E0AA0308DCE8002031
:10AA2000F0AA03087CE900201C9C0308C8EB002066
:10AA3000FCAA030874EB002004AB030844EB0020DD
:10AA400010AB03082CEB002018AB030814EB00201C
:10AA500028AB0308FCEA002040AB0308E4EA00202E
:10AA60004CAB0308CCEA002058AB0308CCEA00202A
:10AA700064AB0308B4EA002078AB0308A8EA00201E
:10AA800084AB030818E9002090AB030890E900208C
:10AA900094AB030890E9002098AB03087CE9002000
:10AAA000A8AB03087CE90020B8AB03087CE90020D0
:10AAB000C8AB030868E90020D8AB030868E90020A8
:10AAC000E8AB030868E90020F8AB03087CE9002044
:10AAD00008AC03087CE9002018AC03082CE900202E
:10AAE0002CAC03082CE900203CAC03082CE9002026
:10AAF0004CAC03082CE900205CAC030890E9002072
:10AB000070AC030890E9002084AC03087CE90020C5
:10AB10009CAC030890E90020BCAC030890E900203D
:10AB2000DCAC03087CE90020FCAC030890E90020C1
:10AB30001CAD030890E9002038AD030890E900201F
:10AB400050AD030890E9002068AD030868E90020D3
:10AB500078AD030824EC002090AD030824EC00201D
:10AB6000A8AD030804E90020B4AD030804E90020FF
:10AB7000C0AD030804E90020CCAD030804E90020BF
:10AB8000D8AD030804E90020E4AD030804E900207F
:10AB9000F0AD030804E90020FCAD030804E900203F
:10ABA00008AE030804E9002014AE030804E90020FD
:10ABB00020AE030804E900202CAE030804E90020BD
:10ABC00038AE030804E9002044AE030804E900207D
:10ABD00050AE030804E900205CAE030804E900203D
:10ABE00068AE030824EC00207CAE030824EC0020AF
:10ABF00090AE030824EC0020A4AE030824EC00204F
:10AC0000B8AE030868E9002020AC030840E9002042
:10AC1000AC9C030854E900201C9C03083CEC002079
:10AC2000D4B20308A4EC0020C4AE0308C4EC002096
:10AC3000CCAE0308A4EC0020DCAE0308A4EC00209A
:10AC4000E4AE0308A4EC0020DCAE0308A4EC002072
:10AC5000F0AE0308A4EC0020F8AE0308A4EC00203A
:10AC600008AF0308A4EC002010AF0308A4EC0020F8
:10AC700020AF0308A4EC002038AF0308A4EC0020A8
:10AC80004CAF0308A4EC002064AF0308A4EC002040
:10AC900078AF0308A4EC002090AF0308A4EC0020D8
:10ACA000A8AF0308A4EC0020B8AF0308A4EC002070
:10ACB000C8AF0308A4EC0020D8AF0308A4EC002020
:10ACC000ECAF0308A4EC0020FCAF0308A4EC0020C8
:10ACD00010B003087CEC00201CB003087CEC0020C2
:10ACE00028B003087CEC002034B003087CEC002082
:10ACF00044B003087CEC002050B003087CEC00203A
:10AD000048AF03086CEC00205CB0030860EC002046
:10AD100060B00308A4EC00206CB00308A4EC002091
:10AD20007CB00308A4EC002078B0030868E9002098
:10AD300084B0030894EC002090B0030894EC002049
:10AD4000A4B0030894EC0020B8B0030894EC0020F1
:10AD5000AC9C0308A4E90020C8B00308E4EC002080
:10AD6000D8B00308E4EC0020E0B0030890E900202C
:10AD7000F8B00308D4EC002008B10308C4EC0020AC
:10AD80001CB10308C4EC002030B10308C4EC00205F
:10AD900044B10308C4EC002058B10308C4EC0020FF
:10ADA0006CB10308C4EC002080B10308C4EC00209F
:10ADB00098B10308B4EC0020B0B10308B4EC002053
:10ADC000CCB10308E4EC0020E4B10308A4EC0020BB
:10ADD000F4B10308A4EC002008B203087CE90020C9
:10ADE00078AB030888EC00201CB2030854EC002068
:10ADF0002CB20308A4EC002040B20308B4EC0020FD
:10AE000050B2030848EC002074AF030830EC002077
:10AE100060B2030868E9002070B20308B4EC0020B7
:10AE20001C9C030818EC00207CB203089CEA00205C
:10AE300084B203089CEA002031354F44726976657C
:10AE40003354797065496E666F49364F447269763E
:10AE5000654500008CC8040838AE0408F4BB03083C
:10AE60003231466962726550726F706572747954DE
:10AE7000797065496E666F493850726F706572748B
:10AE800079494B664545000004C9040860AE0408D2
:10AE9000000000000200000018BC030802000000CF
:10AEA000F4BB030802040000323146696272655047
:10AEB000726F706572747954797065496E666F4906
:10AEC0003850726F7065727479494B79454500004E
:10AED00004C90408A8AE0408000000000200000035
:10AEE00018BC030802000000F4BB030802040000C1
:10AEF0003231466962726550726F7065727479544E
:10AF0000797065496E666F493850726F70657274FA
:10AF100079494B684545000004C90408F0AE0408AF
:10AF2000000000000200000018BC0308020000003E
:10AF3000F4BB0308020400003231466962726550B6
:10AF4000726F706572747954797065496E666F4975
:10AF50003850726F7065727479494B6245450000D4
:10AF600004C9040838AF0408000000000200000013
:10AF700018BC030802000000F4BB03080204000030
:10AF80003231466962726550726F706572747954BD
:10AF9000797065496E666F493850726F706572746A
:10AFA00079494B6D4545000004C9040880AF040889
:10AFB000000000000200000018BC030802000000AE
:10AFC000F4BB03080204000032334F447269766513
:10AFD0005461736B54696D657354797065496E661D
:10AFE0006F49395461736B54696D65734500000096
:10AFF0008CC80408C8AF0408F4BB030832334F44BC
:10B00000726976655461736B54696D6572547970B9
:10B0100065496E666F49395461736B54696D657229
:10B02000450000008CC80408FCAF0408F4BB03080A
:10B0300032354F447269766553797374656D537414
:10B0400061747354797065496E666F493133537911
:10B050007374656D53746174735F74450000000010
:10B060008CC8040830B00408F4BB030832314669C8
:10B0700062726550726F7065727479547970654947
:10B080006E666F493850726F7065727479494B6C97
:10B090004545000004C904086CB004080000000025
:10B0A0000200000018BC030802000000F4BB030803
:10B0B0000204000032384F44726976655379737424
:10B0C000656D537461747355736254797065496E1C
:10B0D000666F49313055534253746174735F7445E0
:10B0E000000000008CC80408B4B00408F4BB0308D6
:10B0F00032384F447269766553797374656D537451
:10B1000061747349324354797065496E666F493191
:10B110003049324353746174735F7445000000001A
:10B120008CC80408F0B00408F4BB030832364F445E
:10B13000726976654F7363696C6C6F73636F70656A
:10B1400054797065496E666F4931324F7363696C2B
:10B150006C6F73636F706545000000008CC8040855
:10B160002CB10408F4BB030831374F44726976658B
:10B1700043616E54797065496E666F49394F447208
:10B1800069766543414E45008CC8040868B10408DF
:10B19000F4BB030832334F447269766543616E43F2
:10B1A0006F6E66696754797065496E666F494E398E
:10B1B0004F447269766543414E38436F6E666967E6
:10B1C0005F744545000000008CC8040894B1040871
:10B1D000F4BB030832314F447269766533436F6EB6
:10B1E00066696754797065496E666F493133426F9D
:10B1F000617264436F6E6669675F744500000000AA
:10B200008CC80408D4B10408F4BB030832324F449C
:10B2100072697665456E64706F696E745479706595
:10B22000496E666F49313250574D4D617070696E8D
:10B23000675F7445000000008CC804080CB2040865
:10B24000F4BB030831384F447269766541786973FD
:10B2500054797065496E666F493441786973450069
:10B260008CC8040844B20408F4BB030832314669B0
:10B2700062726550726F7065727479547970654945
:10B280006E666F493850726F7065727479494B7889
:10B290004545000004C904086CB204080000000021
:10B2A0000200000018BC030802000000F4BB030801
:10B2B000020400003231466962726550726F706537
:10B2C00072747954797065496E666F493850726F3F
:10B2D0007065727479494B4E31304F4472697665AE
:10B2E000496E74663841786973496E74663941787D
:10B2F00069735374617465454545000004C90408C9
:10B30000B4B20408000000000200000018BC0308EA
:10B3100002000000F4BB03080204000032344F4472
:10B320007269766541786973436F6E6669675479AF
:10B330007065496E666F494E344178697338436F62
:10B340006E6669675F744545000000008CC804089C
:10B350001CB30408F4BB030834314F4472697665AA
:10B3600041786973436F6E66696743616C696272A5
:10B370006174696F6E4C6F636B696E547970654967
:10B380006E666F494E344178697331344C6F636B2C
:10B39000696E436F6E6669675F7445450000000023
:10B3A0008CC8040858B30408F4BB030833304F4476
:10B3B00072697665417869734C6F636B696E436F30
:10B3C0006E66696754797065496E666F494E34419F
:10B3D00078697331344C6F636B696E436F6E666965
:10B3E000675F7445450000008CC80408ACB30408CE
:10B3F000F4BB030832374F4472697665417869734C
:10B4000043616E436F6E66696754797065496E6615
:10B410006F494E3441786973313143414E436F6E09
:10B420006669675F744545008CC80408F4B3040876
:10B43000F4BB030831394F44726976654D6F746F00
:10B440007254797065496E666F49354D6F746F72CD
:10B45000450000008CC8040834B40408F4BB030899
:10B4600034354F44726976654F6E626F6172645411
:10B470006865726D6973746F7243757272656E740C
:10B480004C696D6974657254797065496E666F496F
:10B4900033314F6E626F617264546865726D6973A7
:10B4A000746F7243757272656E744C696D69746500
:10B4B000724500008CC8040860B40408F4BB03089B
:10B4C00035314F44726976654F6E626F61726454B4
:10B4D0006865726D6973746F7243757272656E74AC
:10B4E0004C696D69746572436F6E666967547970F3
:10B4F00065496E666F494E33314F6E626F6172649B
:10B50000546865726D6973746F7243757272656E9B
:10B51000744C696D6974657238436F6E6669675FF4
:10B52000744545008CC80408C0B40408F4BB030883
:10B5300034364F44726976654F6666626F61726435
:10B54000546865726D6973746F7243757272656E5B
:10B55000744C696D6974657254797065496E666F73
:10B560004933324F6666626F617264546865726D0A
:10B570006973746F7243757272656E744C696D692C
:10B5800074657245000000008CC8040830B50408DA
:10B59000F4BB030835324F44726976654F666662C4
:10B5A0006F617264546865726D6973746F7243750C
:10B5B0007272656E744C696D69746572436F6E6604
:10B5C000696754797065496E666F494E33324F66CC
:10B5D00066626F617264546865726D6973746F72CC
:10B5E00043757272656E744C696D69746572384327
:10B5F0006F6E6669675F7445450000008CC804087B
:10B6000094B50408F4BB030833334F44726976657C
:10B610004D6F746F7243757272656E74436F6E74A2
:10B62000726F6C54797065496E666F493233466942
:10B63000656C644F7269656E746564436F6E747295
:10B640006F6C6C65724500008CC8040808B604086D
:10B65000F4BB030832354F44726976654D6F746FE1
:10B6600072436F6E66696754797065496E666F499B
:10B670004E354D6F746F7238436F6E6669675F74D5
:10B68000454500008CC8040854B60408F4BB030800
:10B6900032344F4472697665436F6E74726F6C6CAE
:10B6A000657254797065496E666F493130436F6ECB
:10B6B00074726F6C6C657245000000008CC80408E1
:10B6C00090B60408F4BB030833304F4472697665C2
:10B6D000436F6E74726F6C6C6572436F6E666967F0
:10B6E00054797065496E666F494E3130436F6E74A0
:10B6F000726F6C6C657238436F6E6669675F744514
:10B70000450000008CC80408C8B60408F4BB030850
:10B7100034314F4472697665436F6E74726F6C6C2E
:10B720006572436F6E666967416E7469636F6767C0
:10B73000696E6754797065496E666F494E31304362
:10B740006F6E74726F6C6C65723133416E746963C5
:10B750006F6767696E675F74454500008CC80408B1
:10B7600010B70408F4BB030833344F44726976659C
:10B77000436F6E74726F6C6C65724175746F747523
:10B780006E696E6754797065496E666F494E3130E7
:10B79000436F6E74726F6C6C657231324175746F89
:10B7A00074756E696E675F74454500008CC8040847
:10B7B00068B70408F4BB030832314F4472697665F8
:10B7C000456E636F64657254797065496E666F4942
:10B7D00037456E636F646572450000008CC80408CD
:10B7E000B8B70408F4BB030832374F447269766572
:10B7F000456E636F646572436F6E666967547970F6
:10B8000065496E666F494E37456E636F6465723881
:10B81000436F6E6669675F74454500008CC8040815
:10B82000E8B70408F4BB030832374F447269766501
:10B830004163696D457374696D61746F7254797099
:10B8400065496E666F4931334163696D457374694B
:10B850006D61746F724500008CC8040828B8040834
:10B86000F4BB030833334F44726976654163696DF5
:10B87000457374696D61746F72436F6E6669675466
:10B88000797065496E666F494E31334163696D4524
:10B890007374696D61746F7238436F6E6669675F48
:10B8A000744545008CC8040864B80408F4BB030858
:10B8B00033334F447269766553656E736F726C658E
:10B8C0007373457374696D61746F725479706549EF
:10B8D0006E666F49313953656E736F726C65737341
:10B8E000457374696D61746F724500008CC80408FB
:10B8F000B0B80408F4BB030833394F447269766565
:10B9000053656E736F726C657373457374696D61A3
:10B91000746F72436F6E66696754797065496E66BD
:10B920006F494E313953656E736F726C6573734531
:10B930007374696D61746F7238436F6E6669675FA7
:10B94000744545008CC80408F8B80408F4BB030823
:10B9500033354F447269766554726170657A6F69E8
:10B9600064616C5472616A6563746F727954797042
:10B9700065496E666F49323154726170657A6F69DC
:10B9800064616C5472616A6563746F72794500001A
:10B990008CC8040850B90408F4BB030834314F4480
:10B9A0007269766554726170657A6F6964616C540E
:10B9B00072616A6563746F7279436F6E666967540A
:10B9C000797065496E666F494E32315472617065A7
:10B9D0007A6F6964616C5472616A6563746F7279BD
:10B9E00038436F6E6669675F744545008CC804080C
:10B9F0009CB90408F4BB030832314F447269766580
:10BA0000456E6473746F7054797065496E666F49E2
:10BA100037456E6473746F70450000008CC804086D
:10BA2000F8B90408F4BB030832374F4472697665ED
:10BA3000456E6473746F70436F6E66696754797096
:10BA400065496E666F494E37456E6473746F703822
:10BA5000436F6E6669675F74454500008CC80408D3
:10BA600028BA0408F4BB030832394F44726976657A
:10BA70004D656368616E6963616C4272616B6554A8
:10BA8000797065496E666F4931354D656368616EE1
:10BA90006963616C4272616B654500008CC8040883
:10BAA00068BA0408F4BB030833354F4472697665FD
:10BAB0004D656368616E6963616C4272616B654379
:10BAC0006F6E66696754797065496E666F494E316D
:10BAD000354D656368616E6963616C4272616B6567
:10BAE00038436F6E6669675F744545008CC804080B
:10BAF000A8BA0408F4BB030832374F44726976656C
:10BB0000417869735461736B54696D6573547970CE
:10BB100065496E666F494E34417869733954617373
:10BB20006B54696D65734545000000008CC80408BE
:10BB3000F8BA0408F4BB03080000000054AE04087F
:10BB4000953C03080000000088AE0408BD3E0308D1
:10BB5000892B02086D3C0308FCFFFFFF88AE040838
:10BB60008D3C030800000000D0AE0408D93D030856
:10BB7000892B0208453C0308FCFFFFFFD0AE0408F8
:10BB8000653C03080000000018AF0408FD3D0308F1
:10BB9000892B02081D3C0308FCFFFFFF18AF0408B7
:10BBA0003D3C03080000000060AF04081D3E030890
:10BBB000892B0208F53B0308FCFFFFFF60AF040878
:10BBC000153C030800000000A8AF0408353E030838
:10BBD000892B0208CD3B0308FCFFFFFFA8AF040838
:10BBE000ED3B030800000000F0AF0408A93B030888
:10BBF0000000000024B00408693B030800000000B6
:10BC000060B00408D53A03080000000094B00408AE
:10BC1000553E0308892B0208AD3A0308FCFFFFFFDD
:10BC200094B00408CD3A030800000000E4B0040812
:10BC3000853A03080000000020B104084D3A0308CB
:10BC4000000000005CB10408313A03080000000065
:10BC500088B10408053A030800000000C8B10408D0
:10BC6000CD3903080000000000B204088138030841
:10BC70000000000038B2040841380308000000004A
:10BC800060B204085D3703080000000094B20408A5
:10BC9000753E0308892B020835370308FCFFFFFFB8
:10BCA00094B204085537030800000000FCB20408F1
:10BCB000993E0308892B02080D370308FCFFFFFF9C
:10BCC000FCB204082D370308000000004CB3040840
:10BCD0006D36030800000000A0B3040831360308E5
:10BCE00000000000E8B30408D1350308000000009C
:10BCF00028B40408653503080000000054B40408A3
:10BD00009134030800000000B4B404086D34030843
:10BD10000000000024B504082D34030800000000D2
:10BD200088B504080934030800000000FCB50408C5
:10BD3000A13303080000000048B60408DD32030800
:10BD40000000000084B60408CD31030800000000A4
:10BD5000BCB60408E13003080000000004B7040882
:10BD6000A52F0308000000005CB704081D2F03087E
:10BD700000000000ACB70408E92E03080000000032
:10BD8000DCB70408192E0308000000001CB80408E2
:10BD9000F52C03080000000058B80408A52C03087F
:10BDA00000000000A4B80408852C0308000000006F
:10BDB000ECB80408252C03080000000044B904086E
:10BDC000F52B03080000000090B90408E12B0308DC
:10BDD00000000000ECB90408B12B030800000000CB
:10BDE0001CBA04088D2B0308000000005CBA04088C
:10BDF000152B0308000000009CBA0408012B03085F
:10BE000000000000ECBA0408C92A03080000000082
:10BE10002CBB0408752A03084E35666962726531C9
:10BE20003753746D3332556172745478537472653C
:10BE3000616D45008CC8040818BE0408B4B403083A
:10BE40004E356669627265313753746D33325561B0
:10BE50007274527853747265616D45008CC8040821
:10BE600040BE040890B403084E35666962726532BC
:10BE7000364173796E6353747265616D53696E6B8D
:10BE80004D756C7469706C65786572494C6A3245A1
:10BE9000454500008CC8040868BE0408B4B4030813
:10BEA0000000000034BE0408A56903080569030802
:10BEB000000000005CBE0408096903080569030866
:10BEC0000000000094BE0408056A0308D16A030854
:10BED000001000004E356669627265313653746D2C
:10BEE0003332557362547853747265616D45000046
:10BEF0008CC80408D4BE0408B4B403084E3566697F
:10BF0000627265313653746D3332557362527853B1
:10BF1000747265616D4500008CC80408FCBE04089D
:10BF200090B4030800000000F0BE0408AD730308DD
:10BF3000A97303080000000018BF04083D7403083B
:10BF4000A9730308001000000600000001060500A8
:10BF500000000000920E493CB10AC93C2BC3163DBB
:10BF60002EFB483D752B7B3D04A9963D80B6AF3D29
:10BF700036BDC83D2FBCE13D73B2FA3D87CF093EC7
:10BF80008340163EB5AB223EA2102F3ECF6E3B3E05
:10BF9000C2C5473E0115543E135C603E7F9A6C3E1D
:10BFA000CCCF783EC07D823E938E883E229A8E3ED4
:10BFB00032A0943E86A09A3EE59AA03E128FA63EFD
:10BFC000D47CAC3EEF63B23E2A44B83E491DBE3E2F
:10BFD00015EFC33E53B9C93ECA7BCF3E4136D53E6D
:10BFE00080E8DA3E4F92E03E7533E63EBBCBEB3E57
:10BFF000EA5AF13ECBE0F63E275DFC3EE4E7003F27
:10C000003D9C033F824B063F9BF5083F6B9A0B3FDD
:10C01000DA390E3FCDD3103F2A68133FD9F6153FCA
:10C02000C07F183FC6021B3FD17F1D3FCBF61F3F8D
:10C030009967223F25D2243F5636273F1594293F42
:10C040004AEB2B3FDE3B2E3FBB85303FC9C8323F1A
:10C05000F304353F233A373F4268393F3B8F3B3F3C
:10C06000F9AE3D3F67C73F3F70D8413F01E2433FD4
:10C0700003E4453F65DE473F12D1493FF8BB4B3FE4
:10C08000029F4D3F207A4F3F3D4D513F4918533F4E
:10C0900031DB543FE595563F5348583F6AF2593FCC
:10C0A0001A945B3F532D5D3F05BE5E3F2146603FC6
:10C0B00097C5613F5A3C633F59AA643F880F663F6A
:10C0C000D86B673F3CBF683FA7096A3F0C4B6B3F8B
:10C0D0005E836C3F93B26D3F9ED86E3F73F56F3FAA
:10C0E0000809713F5213723F4714733FDD0B743FD1
:10C0F0000BFA743FC6DE753F07BA763FC58B773FB4
:10C10000F853783F9812793F9DC7793F02737A3F81
:10C11000BE147B3FCDAC7B3F283B7C3FC9BF7C3FFF
:10C12000AC3A7D3FCCAB7D3F23137E3FB0707E3F6A
:10C130006DC47E3F580E7F3F6D4E7F3FAB847F3F87
:10C140000FB17F3F97D37F3F43EC7F3F11FB7F3F92
:10C150000000803F11FB7F3F43EC7F3F97D37F3F41
:10C160000FB17F3FAB847F3F6D4E7F3F580E7F3FC7
:10C170006DC47E3FB0707E3F23137E3FCCAB7D3FCE
:10C18000AC3A7D3FC9BF7C3F283B7C3FCDAC7B3F79
:10C19000BE147B3F02737A3F9DC7793F9812793F67
:10C1A000F853783FC58B773F07BA763FC6DE753FB9
:10C1B0000BFA743FDD0B743F4714733F5213723F09
:10C1C0000809713F73F56F3F9ED86E3F93B26D3F84
:10C1D0005E836C3F0C4B6B3FA7096A3F3CBF683FD7
:10C1E000D86B673F880F663F59AA643F5A3C633F4C
:10C1F00097C5613F2146603F05BE5E3F532D5D3FC1
:10C200001A945B3F6AF2593F5348583FE595563FB1
:10C2100031DB543F4918533F3D4D513F207A4F3F4A
:10C22000029F4D3FF8BB4B3F12D1493F65DE473F70
:10C2300003E4453F01E2433F70D8413F67C73F3FBA
:10C24000F9AE3D3F3B8F3B3F4268393F233A373F92
:10C25000F304353FC9C8323FBB85303FDE3B2E3F3C
:10C260004AEB2B3F1594293F5636273F25D2243FD2
:10C270009967223FCBF61F3FD17F1D3FC6021B3F70
:10C28000C07F183FD9F6153F2A68133FCDD3103F22
:10C29000DA390E3F6B9A0B3F9BF5083F824B063F06
:10C2A0003D9C033FE4E7003F275DFC3ECBE0F63ECC
:10C2B000EA5AF13EBBCBEB3E7533E63E4F92E03E91
:10C2C00080E8DA3E4136D53ECA7BCF3E53B9C93EFF
:10C2D00015EFC33E491DBE3E2A44B83EEF63B23E51
:10C2E000D47CAC3E128FA63EE59AA03E86A09A3E34
:10C2F00032A0943E229A8E3E938E883EC07D823E2E
:10C30000CCCF783E7F9A6C3E135C603E0115543E64
:10C31000C2C5473ECF6E3B3EA2102F3EB5AB223E7C
:10C320008340163E87CF093E73B2FA3D2FBCE13DF4
:10C3300036BDC83D80B6AF3D04A9963D752B7B3D0B
:10C340002EFB483D2BC3163DB10AC93C920E493C19
:10C3500000000000920E49BCB10AC9BC2BC316BD37
:10C360002EFB48BD752B7BBD04A996BD80B6AFBD25
:10C3700036BDC8BD2FBCE1BD73B2FABD87CF09BEC3
:10C38000834016BEB5AB22BEA2102FBECF6E3BBE01
:10C39000C2C547BE011554BE135C60BE7F9A6CBE19
:10C3A000CCCF78BEC07D82BE938E88BE229A8EBED0
:10C3B00032A094BE86A09ABEE59AA0BE128FA6BEF9
:10C3C000D47CACBEEF63B2BE2A44B8BE491DBEBE2B
:10C3D00015EFC3BE53B9C9BECA7BCFBE4136D5BE69
:10C3E00080E8DABE4F92E0BE7533E6BEBBCBEBBE53
:10C3F000EA5AF1BECBE0F6BE275DFCBEE4E700BF23
:10C400003D9C03BF824B06BF9BF508BF6B9A0BBFD9
:10C41000DA390EBFCDD310BF2A6813BFD9F615BFC6
:10C42000C07F18BFC6021BBFD17F1DBFCBF61FBF89
:10C43000996722BF25D224BF563627BF159429BF3E
:10C440004AEB2BBFDE3B2EBFBB8530BFC9C832BF16
:10C45000F30435BF233A37BF426839BF3B8F3BBF38
:10C46000F9AE3DBF67C73FBF70D841BF01E243BFD0
:10C4700003E445BF65DE47BF12D149BFF8BB4BBFE0
:10C48000029F4DBF207A4FBF3D4D51BF491853BF4A
:10C4900031DB54BFE59556BF534858BF6AF259BFC8
:10C4A0001A945BBF532D5DBF05BE5EBF214660BFC2
:10C4B00097C561BF5A3C63BF59AA64BF880F66BF66
:10C4C000D86B67BF3CBF68BFA7096ABF0C4B6BBF87
:10C4D0005E836CBF93B26DBF9ED86EBF73F56FBFA6
:10C4E000080971BF521372BF471473BFDD0B74BFCD
:10C4F0000BFA74BFC6DE75BF07BA76BFC58B77BFB0
:10C50000F85378BF981279BF9DC779BF02737ABF7D
:10C51000BE147BBFCDAC7BBF283B7CBFC9BF7CBFFB
:10C52000AC3A7DBFCCAB7DBF23137EBFB0707EBF66
:10C530006DC47EBF580E7FBF6D4E7FBFAB847FBF83
:10C540000FB17FBF97D37FBF43EC7FBF11FB7FBF8E
:10C55000000080BF11FB7FBF43EC7FBF97D37FBF3D
:10C560000FB17FBFAB847FBF6D4E7FBF580E7FBFC3
:10C570006DC47EBFB0707EBF23137EBFCCAB7DBFCA
:10C58000AC3A7DBFC9BF7CBF283B7CBFCDAC7BBF75
:10C59000BE147BBF02737ABF9DC779BF981279BF63
:10C5A000F85378BFC58B77BF07BA76BFC6DE75BFB5
:10C5B0000BFA74BFDD0B74BF471473BF521372BF05
:10C5C000080971BF73F56FBF9ED86EBF93B26DBF80
:10C5D0005E836CBF0C4B6BBFA7096ABF3CBF68BFD3
:10C5E000D86B67BF880F66BF59AA64BF5A3C63BF48
:10C5F00097C561BF214660BF05BE5EBF532D5DBFBD
:10C600001A945BBF6AF259BF534858BFE59556BFAD
:10C6100031DB54BF491853BF3D4D51BF207A4FBF46
:10C62000029F4DBFF8BB4BBF12D149BF65DE47BF6C
:10C6300003E445BF01E243BF70D841BF67C73FBFB6
:10C64000F9AE3DBF3B8F3BBF426839BF233A37BF8E
:10C65000F30435BFC9C832BFBB8530BFDE3B2EBF38
:10C660004AEB2BBF159429BF563627BF25D224BFCE
:10C67000996722BFCBF61FBFD17F1DBFC6021BBF6C
:10C68000C07F18BFD9F615BF2A6813BFCDD310BF1E
:10C69000DA390EBF6B9A0BBF9BF508BF824B06BF02
:10C6A0003D9C03BFE4E700BF275DFCBECBE0F6BEC8
:10C6B000EA5AF1BEBBCBEBBE7533E6BE4F92E0BE8D
:10C6C00080E8DABE4136D5BECA7BCFBE53B9C9BEFB
:10C6D00015EFC3BE491DBEBE2A44B8BEEF63B2BE4D
:10C6E000D47CACBE128FA6BEE59AA0BE86A09ABE30
:10C6F00032A094BE229A8EBE938E88BEC07D82BE2A
:10C70000CCCF78BE7F9A6CBE135C60BE011554BE60
:10C71000C2C547BECF6E3BBEA2102FBEB5AB22BE78
:10C72000834016BE87CF09BE73B2FABD2FBCE1BDF0
:10C7300036BDC8BD80B6AFBD04A996BD752B7BBD07
:10C740002EFB48BD2BC316BDB10AC9BC920E49BC15
:10C75000000000804E31305F5F63787861626976F7
:10C760003131375F5F636C6173735F747970655FDC
:10C77000696E666F450000008CC8040854C7040841
:10C78000C0C804080000000078C7040869790308DD
:10C790007D7903086187030861870308F979030835
:10C7A00029790308DD790308997903085D7903087D
:10C7B000537439657863657074696F6E00000000AA
:10C7C0008CC70408B0C70408537431336261645FD6
:10C7D000657863657074696F6E0000008CC804082A
:10C7E000C8C70408C0C704084E31305F5F6378785B
:10C7F000616269763131355F5F666F726365645F70
:10C80000756E77696E6445008CC70408E8C7040834
:10C810004E31305F5F637878616269763131395FBC
:10C820005F666F726569676E5F657863657074696E
:10C830006F6E45008CC7040810C804080000000093
:10C84000DCC70408B57E0308C17E0308B97E03086F
:10C850004E31305F5F637878616269763132305F84
:10C860005F73695F636C6173735F747970655F692F
:10C870006E666F45000000008CC8040850C80408AC
:10C8800078C704080000000078C80408418603083F
:10C89000558603086187030861870308F97903084F
:10C8A0002979030831870308AD86030871860308D8
:10C8B000537439747970655F696E666F00000000AB
:10C8C0008CC70408B0C804084E31305F5F637878C5
:10C8D000616269763132315F5F766D695F636C6189
:10C8E00073735F747970655F696E666F45000000F1
:10C8F0008CC80408C8C8040878C7040800000000F1
:10C90000F0C8040891870308A58703086187030816
:10C9100061870308F979030829790308018C030862
:08C9200041880308C1870308E8
:10C92800C9040181B0B0AB800000000008B10181EA
:10C93800B0B000840000000035B7FE7FB0AF1A0029
:10C94800FFFF011A5C04CA090068048A0A00780417
:10C95800860A007E04DE0900A801B608000000006F
:10C96800C9010181B0B0AC800000000081C901811B
:10C97800B0A908B100000000F5B6FE7FB0B0A8006D
:10C98800FFFF0100C9060181B0B0AD8100000000C1
:10C99800DDB6FE7FB0AB0800FFFF011CB00104B498
:10C9A8000600A00404AA0600A0052800009C0604AE
:10C9B800B40600B0060C0000B5B6FE7F80C90401BD
:10C9C800B0B0B0ADFFFF0112820192020000CA03AD
:10C9D800048C0800AE04E8030000000008B10181DF
:10C9E800B0B000840000000085B6FE7FB0B0AA0099
:10C9F800FFFF010C12020000261A740078040000E0
:10CA0800C9010181B0B0A8800000000061B6FE7FB6
:10CA1800AB08B100FFFF010848044E0052040000B3
:10CA2800C90A0181B0B0A9800000000041B6FE7FAC
:10CA380001AC0900FFFF010CCC01AA029A0400A472
:10CA48000404000029B6FE7FB0AB0800FFFF010B0D
:10CA5800488202EC0200F6020400000011B6FE7FD4
:10CA6800AA80C900FFFF010BD80104C80500D20540
:10CA78000A000000F9B5FE7FB0A90600FFFF010C0F
:10CA8800200400003804600052180000E1B5FE7F61
:10CA9800B0AC0B00FFFF010A54049601009C01048E
:10CAA80000000000C9B5FE7FB0AC0B00FFFF010A13
:10CAB80066048602008C020400000000B1B5FE7F07
:10CAC800B0AE0B00FFFF010B8E0104AE0300B403F0
:10CAD8000400000081C90181B0A908B1000000006C
:10CAE80008B10181B0B0008400000000C9060181CE
:10CAF800B0B0AF830000000085C90181B0AB08B1B8
:10CB08000000000069B5FE7FB0B0A800FFFF01116A
:10CB1800AA030EB80300BC03040000C2031AB8033A
:10CB280000000000C9080181B0B0AB80000000001F
:10CB380008B10181B0B000840000000031B5FE7F6B
:10CB4800B0AA0100FFFF010B34C601820200860271
:10CB58000400000019B5FE7FAB08B100FFFF010813
:10CB680018163E004204000005B5FE7FAB08B10070
:10CB7800FFFF0108200C540060040000C916018161
:10CB8800B0B0AF8200000000E5B4FE7FB0AF020095
:10CB9800FFFF0142FA010AEA0800BC020CDC0800A7
:10CBA80084031ACA0800E0030EBC08009E0404AE01
:10CBB8000800E00404A00800960504920800DA05BD
:10CBC80004840800920604F60700E40604E8070057
:10CBD800A407D8010000000095B4FE7FB0AF2A007A
:10CBE800FFFF010F0A440000E20202B00300DE0367
:10CBF8000400000008B10181B0B00084000000000A
:10CC080008B10181B0B000840000000008B10181C2
:10CC1800B0B000840000000008B10181B0B0008409
:10CC28000000000008B10181B0B0008400000000DD
:10CC380008B10181B0B000840000000008B1018192
:10CC4800B0B000840000000008B10181B0B00084D9
:10CC580000000000C9030181B0B0AC8000000000F2
:10CC6800C9020181B0B0A9800000000008B10181AB
:10CC7800B0B000840000000008B10181B0B00084A9
:10CC88000000000008B10181B0B00084000000007D
:10CC980008B10181B0B000840000000008B1018132
:10CCA800B0B000840000000008B10181B0B0008479
:10CCB8000000000008B10181B0B00084000000004D
:10CCC80008B10181B0B000840000000008B1018102
:10CCD800B0B000840000000008B10181B0B0008449
:10CCE8000000000008B10181B0B00084000000001D
:10CCF80008B10181B0B000840000000008B10181D2
:10CD0800B0B000840000000008B10181B0B0008418
:10CD18000000000008B10181B0B0008400000000EC
:10CD280008B10181B0B000840000000008B10181A1
:10CD3800B0B000840000000008B10181B0B00084E8
:10CD480000000000C9080181B000848000000000D4
:10CD580008B10181B0B000840000000008B1018171
:10CD6800B0B000840000000008B10181B0B00084B8
:10CD78000000000008B10181B0B00084000000008C
:10CD880008B10181B0B000840000000008B1018141
:10CD9800B0B000840000000008B10181B0B0008488
:10CDA8000000000008B10181B0B00084000000005C
:10CDB80008B10181B0B000840000000008B1018111
:10CDC800B0B000840000000008B10181B0B0008458
:10CDD8000000000008B10181B0B00084000000002C
:10CDE80008B10181B0B000840000000008B10181E1
:10CDF800B0B000840000000008B10181B0B0008428
:10CE08000000000008B10181B0B0008400000000FB
:10CE180008B10181B0B000840000000008B10181B0
:10CE2800B0B000840000000008B10181B0B00084F7
:10CE38000000000008B10181B0B0008400000000CB
:10CE48002DB2FE7FB0AF1400FF1019011020A80703
:10CE58000000A60804AA0801B208040000010000A6
:10CE68000000000009B2FE7F8408B101B0B0B00034
:10CE7800FF100D0104020608010100000000000077
:10CE880008B10181B0B000840000000008B1018140
:10CE9800B0B0008400000000D5B1FE7FB0AF020042
:10CEA800FF1019010E320A3C017A3CBC0100C40192
:10CEB800040000010000000000000000B1B1FE7F86
:10CEC800A908B100FFFF010008B10181B0B00084DA
:10CED8000000000008B10181B0B00084000000002B
:10CEE8009834FB7F01000000FCECFB7FB0A90280B6
:10CEF8008CEDFB7FB0B0A880DCEDFB7F010000006B
:10CF0800E8EDFB7FB0B0AA8018EEFB7FAE75B2806B
:10CF1800E8EEFB7F01000000E4EEFB7FAB3F3A80C8
:10CF280044EFFB7F010000004CEFFB7FB0B0AA800C
:10CF380084EFFB7F0100000038F0FB7FAA0FB2806E
:10CF4800B4F0FB7FB0AF088050F3FB7F0100000016
:10CF580054F3FB7FAC3F03803CF6FB7F01000000ED
:10CF680018F8FB7F008404802CF8FB7F0100000088
:10CF780028F8FB7FB0AD04801CFBFB7FB0A80380C2
:10CF880040FBFB7F44FFFF7F44FBFB7F48FFFF7FA5
:10CF980050FBFB7F01000000C4FFFB7FB0A80380AB
:10CFA8006000FC7F010000007400FC7FB0AF1080BF
:10CFB8004001FC7FB0A801807401FC7FB0AA0D80FD
:10CFC800D401FC7FB0A80180E002FC7F01000000D2
:10CFD800C803FC7F4CF9FF7F0405FC7F01000000BB
:10CFE8001C05FC7F48F9FF7F4805FC7FB0AA01803B
:10CFF8007007FC7F01000000A808FC7FB0B0A88083
:10D008004809FC7FB0AF0A80240BFC7F01000000B8
:10D01800400BFC7F24F9FF7F8410FC7F0100000097
:10D02800A0AAFC7FB0AB048014ABFC7FB0AE078035
:10D038004CACFC7F01000000B4ADFC7FB0AA0780B7
:10D04800B8AEFC7F01000000D8AEFC7FB0AB068014
:10D0580010B1FC7F0100000064B2FC7FB0AE0B8011
:10D0680000B4FC7F0100000080B4FC7FB0A80580FC
:10D07800B0B4FC7F010000007CB7FC7FAD08B18034
:10D08800BCB7FC7F0100000030B9FC7FA908B18063
:10D0980074B9FC7FAB08B18070BAFC7FB0AA03807A
:10D0A800E4BAFC7F0100000014BDFC7FB4F8FF7FE8
:10D0B800B4BDFC7F01000000ECBDFC7FB0F8FF7F31
:10D0C800CCBFFC7FB0A80580F4BFFC7F0100000046
:10D0D8008CC0FC7FA4F8FF7F98C0FC7F0100000093
:10D0E800A4C4FC7FB0A80580E0C4FC7F0084048051
:10D0F80008C5FC7F0100000054C5FC7FB0B0A880C3
:10D10800B8C5FC7FA908B1802CC6FC7F01000000CF
:10D118004CC6FC7F70F8FF7FC4C8FC7F74F8FF7FA3
:10D1280000CCFC7FB0A90280ACCCFC7FAC80C9806D
:10D13800C0CEFC7FB0A8018040CFFC7F7CF8FF7F89
:10D1480050D3FC7F98F8FF7F50D3FC7F010000008C
:10D15800B4D5FC7FB0B0A880D0D5FC7F010000001A
:10D16800BCD7FC7F84F8FF7F38D8FC7FA908B18042
:10D1780070D8FC7F01000000E8D8FC7F84F8FF7FAE
:10D1880050D9FC7F01000000B8D9FC7F80F8FF7FF0
:10D1980010DAFC7FA880C980A0DAFC7F01000000BB
:10D1A80048DBFC7F7CF8FF7F4CDCFC7FB0A9088063
:10D1B8003CDDFC7FA880C980B8DDFC7F70F8FF7F6C
:10D1C800ECDFFC7F01000000BCE0FC7F78F8FF7F0B
:10D1D80044E2FC7FB0B0A8808CE2FC7F80F8FF7F3F
:10D1E80084E5FC7F01000000ECE5FC7FA880C98095
:10D1F8006CE6FC7F01000000E0E6FC7FB0AA01803D
:10D2080054E7FC7FB0A80180A8E7FC7F010000007C
:10D2180064EAFC7FB0B0A88008EBFC7F0100000046
:10D2280004EBFC7F008402803CEBFC7F01000000E3
:10D23800BCEBFC7F40F8FF7F28ECFC7F50F8FF7FB9
:10D24800C0ECFC7F60F8FF7FD0EDFC7F70F8FF7FBB
:10D2580098EFFC7FB0B0AE8084F3FC7F0100000043
:10D2680040F4FC7FA908B18098F4FC7FB0A9048041
:10D278005CF5FC7F0100000010F6FC7FB0A801807F
:10D2880060F6FC7FB0B0A88018F7FC7F01000000B2
:10D29800C4F7FC7FAC82C98064FDFC7F01000000FC
:10D2A80010FEFC7F30F8FF7FFCFFFC7F01000000D0
:10D2B8003C03FD7F2CF8FF7F9403FD7F01000000F5
:10D2C800DC03FD7F28F8FF7F000FFD7F01000000D1
:10D2D8006810FD7F24F8FF7FB012FD7F0100000079
:10D2E800C812FD7F20F8FF7FA414FD7FB0B0B08086
:10D2F800A414FD7F30F8FF7F5815FD7F0100000062
:10D308002017FD7FA881C9804419FD7F0100000016
:10D31800B81BFD7FB0AD08801C1CFD7FB0AB028040
:10D32800F01CFD7FB0B0A8806C1DFD7F01000000DF
:10D33800181FFD7FFCF7FF7F1C1FFD7FA908B18028
:10D34800381FFD7F01000000981FFD7FAB08B180EA
:10D358001820FD7F010000007020FD7FB0AF028023
:10D36800E824FD7FD8F7FF7FF425FD7F010000004A
:10D37800F425FD7FA908B1800027FD7F010000008A
:10D388007427FD7FB0B0A8809027FD7FB0AF0480E0
:10D39800E428FD7FC0F7FF7F2829FD7FB0B0AA8071
:10D3A8007429FD7FC4F7FF7FDC29FD7FB0B0A8801A
:10D3B8002C2AFD7FA908B180842AFD7FC0F7FF7F52
:10D3C8007034FD7F010000007436FD7FBCF7FF7FDD
:10D3D800F83AFD7F01000000303FFD7FB0B0A88023
:10D3E8006440FD7F01000000A845FD7FAB08B180C7
:10D3F8006C46FD7FB0B0A880B046FD7F03AB1680B9
:10D408003847FD7FB0B0A8807047FD7FB0AB04807F
:10D41800B047FD7F01000000B047FD7FB0AB04803E
:10D42800F447FD7FB0AC03803848FD7FB0AB048083
:10D43800C848FD7FB0AF04806049FD7FB0AB048071
:10D44800A449FD7FB0AA0380E049FD7FB0AB04800A
:10D45800D84AFD7FB0A90680404BFD7FB0B0A880B8
:10D46800544BFD7FB0AB0480D04BFD7FB0AA058044
:10D47800384CFD7F64F7FF7F4C4EFD7FB0B0AC8029
:10D488009850FD7F01000000D850FD7FB0A90880AA
:10D498002451FD7FB0A809805C51FD7FB0AB0A80A4
:10D4A800B452FD7F01000000B052FD7FB0B0A880EB
:10D4B8001053FD7FB0A906805453FD7F0100000082
:10D4C8008453FD7FB0AF0E806455FD7FB0B0AC8053
:10D4D8000C56FD7F20F7FF7F0C56FD7F24F7FF7F5A
:10D4E8001C56FD7F28F7FF7F2C56FD7F2CF7FF7F0A
:10D4F8003C56FD7F010000004056FD7F28F7FF7F66
:10D508005056FD7F2CF7FF7F6056FD7F010000001D
:10D51800405BFD7FAB08B1808C5BFD7FB0B0AA801B
:10D52800A45BFD7FB0B0B080A45BFD7FB0A9028092
:10D53800C85BFD7FB0B0B080C85BFD7FB0B0A8808D
:10D54800D85BFD7FB0B0B080D85BFD7FB0B0AA805B
:10D55800F05BFD7FB0B0B080F05BFD7FB0B0AA801B
:10D56800085CFD7FB0B0B080085CFD7FB0B0AA80D9
:10D57800205CFD7FB0B0B080205CFD7FB0B0AA8099
:10D58800385CFD7FB0B0B080385CFD7FB0F6FF7FBF
:10D598003C5CFD7FB0B0B0803C5CFD7FB0B0AA8041
:10D5A800545CFD7FB0B0B080545CFD7FB0B0AA8001
:10D5B8006C5CFD7FB0B0B0806C5CFD7FB0B0AA80C1
:10D5C800845CFD7FB0B0B080845CFD7FB0B0AA8081
:10D5D8009C5CFD7FB0B0B0809C5CFD7FB0A90280F0
:10D5E800B85CFD7FB0B0B080B85CFD7FB0B0AA80F9
:10D5F800D05CFD7FB0B0B080D05CFD7FB0B0AA80B9
:10D60800E85CFD7FB0B0B080E85CFD7FB0B0AA8078
:10D61800005DFD7FB0B0B080005DFD7FB0B0AA8036
:10D62800185DFD7FB0B0B080185DFD7FB0B0AA80F6
:10D63800305DFD7FB0B0B080305DFD7FB0B0AA80B6
:10D64800485DFD7FB0B0B080485DFD7FB0B0AA8076
:10D65800605DFD7FB0B0B080605DFD7FB0B0AA8036
:10D66800785DFD7FB0B0B080785DFD7FB0B0AA80F6
:10D67800905DFD7FB0B0B080905DFD7F010000003F
:10D688005C5EFD7FA880C980AE5EFD7FA908B18081
:10D69800CC5EFD7FA880C980405FFD7F010000004F
:10D6A800BC60FD7FB0AB02802C61FD7FB0AE038013
:10D6B800EC61FD7FB0AB02801C62FD7FB0B0B08032
:10D6C8001C62FD7FB0B0AC807062FD7FA908B1809C
:10D6D800F062FD7FB0AC03807864FD7F6CF5FF7F5E
:10D6E8007C64FD7FA908B180AC64FD7FB0A902808D
:10D6F800E864FD7FB0B0AA805065FD7FB0AC0380C0
:10D70800D465FD7F50F5FF7F7066FD7FB0AC038068
:10D718006068FD7FB0AB06806469FD7FB0AC0380B4
:10D72800886DFD7F3CF5FF7FC46DFD7FB0B0B08094
:10D73800C46DFD7FB0AA0180F06DFD7FB0B0B080F0
:10D74800F06DFD7FB0AA01801C6EFD7FB0B0B08087
:10D758001C6EFD7FB0AA0180486EFD7FB0B0B0801E
:10D76800486EFD7FB0AA0180746EFD7FB0B0B080B6
:10D77800746EFD7FB0AA0180A06EFD7FB0B0B0804E
:10D78800A06EFD7FB0AA0180CC6EFD7FB0B0B080E6
:10D79800CC6EFD7FA880C980206FFD7F010000004E
:10D7A800506FFD7FB0B0A880BC6FFD7FB0B0AE8079
:10D7B800FC70FD7F010000001071FD7FB0F4FF7F59
:10D7C8001871FD7F010000001C71FD7FACF4FF7F24
:10D7D8002471FD7F010000002871FD7FA8F4FF7F00
:10D7E8003071FD7F010000003071FD7FA4F4FF7FE0
:10D7F8003871FD7F010000006071FD7FA0F4FF7F9C
:10D808006471FD7F010000006871FD7F9CF4FF7F5B
:10D818006C71FD7F010000007071FD7F98F4FF7F3F
:10D828007471FD7FB0B0A8808471FD7F94F4FF7F90
:10D838008871FD7F010000009071FD7F90F4FF7FEB
:10D848009871FD7F01000000B871FD7F8CF4FF7FA7
:10D85800BC71FD7F01000000C471FD7F88F4FF7F6B
:10D86800CC71FD7F01000000D471FD7F84F4FF7F3F
:10D87800DC71FD7F01000000E071FD7F80F4FF7F17
:10D88800E871FD7F01000000EC71FD7F7CF4FF7FF3
:10D89800F471FD7F01000000F871FD7F78F4FF7FCF
:10D8A800FC71FD7F01000000FC71FD7F74F4FF7FB7
:10D8B8000472FD7F010000000472FD7F70F4FF7F99
:10D8C8000C72FD7F010000000C72FD7F6CF4FF7F7D
:10D8D8001472FD7F010000004872FD7F68F4FF7F2D
:10D8E800A0ADFD7FB0A90280F4ADFD7FB0B0B080DF
:10D8F800F4ADFD7FB0A9028050AEFD7FB0B0B0801E
:10D9080050AEFD7FB0A8018070AEFD7FB0A9028047
:10D91800C4AEFD7FB0B0B080C4AEFD7FB0A90280B8
:10D9280018AFFD7FB0B0B08018AFFD7F01000000D8
:10D938002CAFFD7FB0A9028080AFFD7FB0B0B08072
:10D9480080AFFD7FB0A90280D4AFFD7FB0B0B080BA
:10D95800D4AFFD7FB0A9028028B0FD7FB0B0B08001
:10D9680028B0FD7FB0A902807CB0FD7FB0B0B08048
:10D978007CB0FD7FB0A90280D0B0FD7FB0B0B08090
:10D98800D0B0FD7FB0A9028024B1FD7FB0B0B080D7
:10D9980024B1FD7FB0A9028078B1FD7FB0B0B0801E
:10D9A80078B1FD7FB0A90280CCB1FD7FB0B0B08066
:10D9B800CCB1FD7FB0A9028020B2FD7FB0B0B080AD
:10D9C80020B2FD7F0100000024B2FD7F84F3FF7FB9
:10D9D8002CB2FD7F0100000030B2FD7F80F3FF7F95
:10D9E80038B2FD7F010000003CB2FD7F7CF3FF7F71
:10D9F80044B2FD7F0100000044B2FD7F78F3FF7F51
:10DA08004CB2FD7F0100000074B2FD7F74F3FF7F0C
:10DA180078B2FD7F010000007CB2FD7F70F3FF7FCC
:10DA280080B2FD7F0100000084B2FD7F6CF3FF7FB0
:10DA380088B2FD7FB0B0A88098B2FD7F68F3FF7F01
:10DA48009CB2FD7F01000000A4B2FD7F64F3FF7F5C
:10DA5800ACB2FD7F01000000CCB2FD7F60F3FF7F18
:10DA6800D0B2FD7F01000000D8B2FD7F5CF3FF7FDC
:10DA7800E0B2FD7F01000000E8B2FD7F58F3FF7FB0
:10DA8800F0B2FD7F01000000F4B2FD7F54F3FF7F88
:10DA9800FCB2FD7F0100000000B3FD7F50F3FF7F63
:10DAA80008B3FD7F010000000CB3FD7F4CF3FF7F3E
:10DAB80010B3FD7F0100000010B3FD7F48F3FF7F26
:10DAC80018B3FD7F0100000018B3FD7F44F3FF7F0A
:10DAD80020B3FD7F0100000020B3FD7F40F3FF7FEE
:10DAE80028B3FD7F0100000094B5FD7FB0AC0F8026
:10DAF800DC46FE7F01000000EC46FE7FB0A90280F4
:10DB08003C49FE7F01000000C862FE7FB0A9028088
:10DB1800E462FE7FB0B0AA80FC62FE7FB0B0A8804D
:10DB28000C63FE7FB0B0AA804463FE7FB0A9028078
:10DB38006063FE7FB0B0AA807863FE7F01000000BA
:10DB48007463FE7FB0A902809863FE7FB0AD168033
:10DB58004C66FE7FB0AD1880AC67FE7FB0A9088028
:10DB68003068FE7FB0A805805868FE7F010000007D
:10DB7800DC68FE7FB0AF1280C069FE7F0100000044
:10DB8800C469FE7FB0AD1680146BFE7FB0AE2B80EB
:10DB9800DC6FFE7FB0B0AA80A870FE7FAB3F088024
:10DBA8003871FE7FAA05B280D071FE7FB0AA0580C9
:10DBB8001473FE7FB0A906809C73FE7FB0A9028013
:10DBC800E474FE7FB0AD1880A876FE7FB0AD1A80F1
:10DBD8006078FE7FB0AD1680B079FE7FB0AA018074
:10DBE800087AFE7F010000001C8AFE7FAD3F04809A
:10DBF800908BFE7FB0AE0780DC8CFE7F01000000BA
:10DC0800248DFE7FB0A90680948DFE7FB0AB048082
:10DC1800EC8DFE7FB0AA0580B08EFE7F010000006B
:10DC2800F88EFE7FB0A90880708FFE7F010000008B
:10DC3800B88FFE7FB0AF0C809491FE7FB0A90680AC
:10DC4800E891FE7F010000001093FE7FB0B0AA802B
:10DC58009893FE7F010000000894FE7FB0B0AC806E
:10DC68008094FE7FC4F1FF7FA094FE7F0100000036
:10DC7800C894FE7FB0AF10809C96FE7F0100000024
:10DC88002497FE7FB0AB0480AC97FE7FB0AA0180DA
:10DC98003C98FE7FB0AF0A80A09AFE7F010000008A
:10DCA800EC9AFE7FB0A80580189BFE7F010000005B
:10DCB800709CFE7FB0AA03809C9CFE7F0100000040
:10DCC800609DFE7FB0AC0980289EFE7F01000000A9
:10DCD80054A0FE7FB0AB0280FCA0FE7F01000000D4
:10DCE800F8A1FE7FB0B0AA80B0A2FE7F48F1FF7F06
:10DCF800ECA2FE7FAB08B18074A3FE7F44F1FF7FE6
:10DD0800ACA7FE7F60F1FF7FB4A7FE7F0100000093
:10DD1800C0A7FE7F6CF1FF7FC0A7FE7F70F1FF7F79
:10DD2800CCA7FE7F01000000E4A7FE7FB0B0A8806A
:10DD380020A8FE7F010000005CA8FE7FB0B0AA808A
:10DD480088A8FE7FB0B0A880F0A8FE7F0100000080
:10DD5800D8A9FE7FB0B0AC80FCA9FE7F010000000E
:10DD680058AAFE7FB0AF0280D0AAFE7FB0AF128063
:10DD780088AEFE7FB0AF0880C0AFFE7F0100000014
:10DD880018B0FE7F14F1FF7FE4B0FE7F30F1FF7F13
:08DD980058B1FE7F01000000FC
:10DDA0007D8F03082902000859DB000839080208A2
:10DDB0004D14020845240308F1550308716E030849
:08DDC000C9770308217C030868
:04DDC800010200084C
:10DDCC000000000306380000000000000000000006
:10DDDC000000000000000000000000000000000037
:10DDEC000000000000000000000000000000000027
:10DDFC000000000000000000000000000000000017
:10DE0C000000000000000000000000000000000006
:10DE1C0000000000000000000000000000000000F6
:10DE2C0000000000000000000000000000000000E6
:10DE3C0000000000000000000000000000000000D6
:10DE4C0000000000000000000000000000000000C6
:10DE5C0000000000000000000000000000000000B6
:10DE6C0000000000000000000000000000000000A6
:10DE7C000000000000000000000000000000000096
:10DE8C000000000000000000000000000000000086
:10DE9C000000000000000000000000000000000076
:10DEAC000000000000000000000000000000000066
:10DEBC000000000000000000000000000000000056
:10DECC000000000000000000000000000000000046
:10DEDC000000000000000000000000000000000036
:10DEEC000000000000000000000000000000000026
:10DEFC000000000000000000000000000000000016
:10DF0C000000000000000000000000000000000005
:10DF1C0000000000000000000000000000000000F5
:10DF2C0000000000000000000000000000000000E5
:10DF3C0000000000000000000000000000000000D5
:10DF4C0000000000000000000000000000000000C5
:10DF5C0000000000000000000000000000000000B5
:10DF6C0000000000000000000000000000000000A5
:10DF7C000000000000000000000000000000000095
:10DF8C000000000000000000000000000000000085
:10DF9C000000000000000000000000000000000075
:10DFAC000000000000000000000000000000000065
:10DFBC000000000000000000000000000000000055
:10DFCC000000000000000000000000000000000045
:10DFDC0000000000000000002002002000000000F3
:10DFEC0000000000540E0020BC0E0020240F002066
:10DFFC000000000000000000000000000000000015
:10E00C000000000000000000000000000000000004
:10E01C0000000000000000000000000000000000F4
:10E02C0000000000000000000000000000000000E4
:10E03C0000000000000000000000000000000000D4
:10E04C0000000000000000000000000000000000C4
:10E05C0000000000000000000000000000000000B4
:10E06C0000000000000000000000000000000000A4
:10E07C000000000000000000010000000000000093
:10E08C000E33CDAB34126DE6ECDE05000B00000058
:10E09C000000000000000000000000000000000074
:10E0AC000000000000000000000000000000000064
:10E0BC000000000000000000000000000000000054
:10E0CC000000000000000000000000000000000044
:10E0DC000000000000000000000000000000000034
:10E0EC000000000000000000000000000000000024
:10E0FC000000000000000000000000000000000014
:10E10C000000000003000000540E0020430000003B
:10E11C0000000000000000000000000000000000F3
:10E12C0000000000000000000000000043000000A0
:10E13C0000000000000000000000000000000000D3
:10E14C000000000000000000000000004300000080
:10E15C0000000000000000000000000000000000B3
:10E16C000000000000000000000000004300000060
:10E17C000000000000000000000000000000000093
:10E18C000000000000000000000000004300000040
:10E19C000000000000000000000000000000000073
:10E1AC000000000000000000000000004300000020
:10E1BC000000000000000000000000000000000053
:10E1CC000000000000000000000000004300000000
:10E1DC000000000000000000000000000000000033
:10E1EC00000000000000000000000000218B00086F
:10E1FC00156E000800000000A891030814B3030872
:10E20C00ECB30308ECB30308ECB30308ECB303085A
:10E21C00ECB30308ECB30308ECB30308ECB303084A
:10E22C00ECB30308FFFFFFFFFFFFFFFFFFFFFFFF44
:10E23C00FFFF00000100415343494900000000006A
:10E24C0000000000000000000000000000000000C2
:10E25C000000000000004153434949000000000049
:10E26C0000000000000000000000000000000000A2
:10E27C000000000000000000900F002000000000D3
:10E28C000000000000000000C0040020C0040020BA
:10E29C00C8040020C8040020D0040020D0040020B2
:10E2AC00D8040020D8040020E0040020E004002062
:10E2BC00E8040020E8040020F0040020F004002012
:10E2CC00F8040020F80400200005002000050020C0
:10E2DC00080500200805002010050020100500206E
:10E2EC00180500201805002020050020200500201E
:10E2FC0028050020280500203005002030050020CE
:10E30C00380500203805002040050020400500207D
:10E31C00480500204805002050050020500500202D
:10E32C0058050020580500206005002060050020DD
:10E33C00680500206805002070050020700500208D
:10E34C00780500207805002080050020800500203D
:10E35C0088050020880500209005002090050020ED
:10E36C009805002098050020A0050020A00500209D
:10E37C00A8050020A8050020B0050020B00500204D
:10E38C00B8050020B8050020C0050020C0050020FD
:10E39C00C8050020C8050020D0050020D0050020AD
:10E3AC00D8050020D8050020E0050020E00500205D
:10E3BC00E8050020E8050020F0050020F00500200D
:10E3CC00F8050020F80500200006002000060020BB
:10E3DC000806002008060020100600201006002069
:10E3EC001806002018060020200600202006002019
:10E3FC0028060020280600203006002030060020C9
:10E40C003806002038060020400600204006002078
:10E41C004806002048060020500600205006002028
:10E42C0058060020580600206006002060060020D8
:10E43C006806002068060020700600207006002088
:10E44C007806002078060020800600208006002038
:10E45C0088060020880600209006002090060020E8
:10E46C009806002098060020A0060020A006002098
:10E47C00A8060020A8060020B0060020B006002048
:10E48C00B8060020B8060020C0060020C0060020F8
:10E49C00C8060020C8060020D0060020D0060020A8
:10E4AC00D8060020D8060020E0060020E006002058
:10E4BC00E8060020E8060020F0060020F006002008
:10E4CC00F8060020F80600200007002000070020B6
:10E4DC000807002008070020100700201007002064
:10E4EC001807002018070020200700202007002014
:10E4FC0028070020280700203007002030070020C4
:10E50C003807002038070020400700204007002073
:10E51C004807002048070020500700205007002023
:10E52C0058070020580700206007002060070020D3
:10E53C006807002068070020700700207007002083
:10E54C007807002078070020800700208007002033
:10E55C0088070020880700209007002090070020E3
:10E56C009807002098070020A0070020A007002093
:10E57C00A8070020A8070020B0070020B007002043
:10E58C00B8070020B8070020C0070020C0070020F3
:10E59C00C8070020C8070020D0070020D0070020A3
:10E5AC00D8070020D8070020E0070020E007002053
:10E5BC00E8070020E8070020F0070020F007002003
:10E5CC00F8070020F80700200008002000080020B1
:10E5DC00080800200808002010080020100800205F
:10E5EC00180800201808002020080020200800200F
:10E5FC0028080020280800203008002030080020BF
:10E60C00380800203808002040080020400800206E
:10E61C00480800204808002050080020500800201E
:10E62C0058080020580800206008002060080020CE
:10E63C00680800206808002070080020700800207E
:10E64C00780800207808002080080020800800202E
:10E65C0088080020880800209008002090080020DE
:10E66C009808002098080020A0080020A00800208E
:10E67C00A8080020A8080020B0080020B00800203E
:10E68C00B8080020B8080020FFFFFFFF00000200C0
:10E69C00AAAAAAAA00000000FF00000000000000C7
:10E6AC00FF00000000000000FF000000040000005C
:10E6BC00080000000A00000002000000000000003A
:10E6CC00FF00000004000000080000000A00000029
:10E6DC000200000000000000FF0000000500000028
:10E6EC00070000000A00000002000000000000000B
:10E6FC00FF00000005000000070000000A000000F9
:10E70C000200000000000000FF00000000000000FC
:10E71C00FF00000000000000FF00000000000000EF
:10E72C00FF00000000000000FF00000000000000DF
:10E73C00FF00000000000000FF00000000000000CF
:10E74C00FF00000000000000FF00000000000000BF
:10E75C00FF00000000000000FF00000000000000AF
:10E76C00FF00000000000000FF0000000B00000094
:10E77C000200000000000000FF000000000000008C
:10E78C00FF0000000B000000020000000000000071
:10E79C00FF00000000000000FF000000000000006F
:10E7AC00FF00000000000000FF000000000000005F
:10E7BC00FF00000008000000040000000C00000036
:10E7CC000200000000000000FF0000000800000034
:10E7DC00040000000C00000002000000000000001B
:10E7EC00FF00000000000000FF000000000000001F
:10E7FC00FF00000000000000FF0000000700000008
:10E80C0009000000080000000400000000000000E7
:10E81C00FF000000070000000900000008000000D5
:10E82C000400000000000000FF00000000000000D9
:10E83C00320000000000000000000000000000009A
:10E84C0000000000000000000000000000000000BC
:10E85C00000000000000000000000000320000007A
:10E86C00000000000000000000000000000000009C
:10E87C00000000000000000000000000000000008C
:10E88C00000000000000000032000000000000004A
:10E89C00000000000000000000000000000000006C
:10E8AC00000000000000000000000000000000005C
:10E8BC00000000003200000000000000000000001A
:10E8CC00000000000000000000000000000000003C
:10E8DC00000000000000000000000000209A002052
:10E8EC00609A002071F0000859F0000889F00008C7
:10E8FC004DF000080000000004030904120100029E
:10E90C00EF0201400912320D000301020301000065
:10E91C00A1F40008ADF40008B9F40008F1F4000803
:10E92C00D5F400080DF5000829F5000812034D0078
:10E93C0053004600540031003000300050000000FD
:10E94C00006400400800000000000000000000030C
:10E95C0000000F0000003000000101010000000069
:10E96C0000000000000000000024F4000100000082
:10E97C0009026A00030100C032080B000202020106
:10E98C000009040000010202010005240010010529
:10E99C00240100010424020205240600010705825B
:10E9AC000308001009040100020A00000007050119
:10E9BC000240000007058102400000080B02010024
:10E9CC000000060904020002000100000705030212
:10E9DC00400000070583024000000000A9790108EF
:10E9EC004D79010869780108000000007177010871
:10E9FC00F5770108B5770108000000000000000061
:10EA0C0000000000417A01089D770108357A010861
:10EA1C00A977010845F500080A060002000000402D
:10EA2C000100000000F80120F8F90020000040412E
:10EA3C00000000000A00000000400000000200007E
:10EA4C0000000C0800000C08000000000B00000087
:10EA5C00004000000002000000000E0800000E083C
:08EA6C00C5840308550C0008E5
:040000050800CB61C3
:00000001FF
