:020000040800F2
:100000000000022061CB0008D1F0000855F1000883
:1000100069F1000889F1000891F100080000000072
:1000200000000000000000000000000061CC00089B
:1000300099F1000800000000F1CC00089DF10008D3
:10004000B5CB0008B5CB0008B5CB0008B5CB000890
:10005000B5CB0008B5CB00081DDD01083DDD01086A
:100060005DDD01087DDD01089DDD0108A1F10008CD
:10007000B5CB0008ADF10008B5CB0008B9F1000818
:10008000C5F10008D1F10008B5CB0008E9F100087E
:10009000F5F1000801F200080DF20008BDDD0108CD
:1000A000B5CB0008B5CB0008B5CB0008B5CB000830
:1000B000B5CB0008B5CB0008B5CB0008A9D800081F
:1000C000B5D80008B5CB0008B5CB0008B5CB000803
:1000D000B5CB0008B5CB000819F20008B5CB000875
:1000E00041DE0108B5CB0008B5CB0008B5CB000850
:1000F0001DD6000825F20008B5CB0008DDF1000888
:10010000B5CB0008B5CB000811D6000841F20008B5
:100110004DF20008B5CB0008B5CB0008B5CB000800
:10012000B5CB0008B5CB0008B5CB0008B5CB0008AF
:10013000B5CB00080000000000000000B5CB0008AF
:10014000B5CB0008B5CB0008B5CB0008C1D8000876
:10015000B5CB0008B5CB0008B5CB0008B5CB00087F
:10016000B5CB0008B5CB0008B5CB0008B5CB00086F
:10017000B5CB0008C5D60008000000000000000054
:08018000B5CB0008B5CB000867
:1001C0000348044B834202D0034B03B118477047E6
:1001D000100B0020100B0020000000000548064B0B
:1001E0001B1AD90F01EBA301491002D0034B03B135
:1001F00018477047100B0020100B00200000000073
:1002000010B5064C237843B9FFF7DAFF044B13B15E
:100210000448AFF300800123237010BD100B0020B1
:10022000000000002898020808B5044B1BB10449DF
:100230000448AFF30080BDE80840CFE700000000AD
:10024000140B00202898020810EE103AC3F3C7528E
:100250007F3A162A194615DC002A0CDB0C4810419F
:10026000184205D04FF4800313410B4423EA0003E6
:1002700000EE103A7047013203F00043F8D143F02A
:100280007E53F5E7802AF3D130EE000A704700BFB5
:10029000FFFF7F0010EE102AC2F3C7537F3B162BDF
:1002A00022F0004129DC002B104618DB1A491941C5
:1002B0000A4221D0DFED197A70EE277AF5EEC07A86
:1002C000F1EE10FA18DD002A04DA4FF4000242FAC7
:1002D00003F3184420EA010300EE103A7047DFED03
:1002E0000F7A70EE277AF5EEC07AF1EE10FA03DDA0
:1002F000002A08DB9FED0A0A7047B1F1FF4FFBD3DC
:1003000030EE000A7047DFED077A0029BFEE000AE1
:1003100008BFB0EE670A7047FFFF7F00CAF249715D
:10032000000000000000008010B4044C03460A46A0
:1003300020685DF8044B194601F0F4BF1802002054
:1003400000B5054B83B0014601AA186801F0EAFF29
:1003500003B05DF804FB00BF18020020000000009D
:10036000000000000000000000000000000000008D
:10037000000000000000000000000000000000007D
:1003800030B490F800F020F007016FF0000C10F08E
:10039000070491F820F040F048804FF000046FF01F
:1003A0000700D1E9002391F840F000F1080082FA3B
:1003B0004CF2A4FA8CF283FA4CF3A2FA8CF34BBB06
:1003C000D1E9022382FA4CF200F10800A4FA8CF27F
:1003D00083FA4CF3A2FA8CF3E3B9D1E9042382FA4D
:1003E0004CF200F10800A4FA8CF283FA4CF3A2FA62
:1003F0008CF37BB9D1E9062301F1200182FA4CF29A
:1004000000F10800A4FA8CF283FA4CF3A2FA8CF300
:10041000002BC6D0002A04BF04301A4612BAB2FA22
:1004200082F200EBD20030BC7047D1E9002304F027
:100430000305C4F100004FEAC50514F0040F91F85C
:1004400040F00CFA05F562EA05021CBF63EA0503F9
:1004500062464FF00004AAE7830730B547D0541E28
:10046000002A3ED0CAB2034601E0013C39D303F86A
:10047000012B9D07F9D1032C2CD9CDB205EB052515
:100480000F2C05EB054535D9A4F1100222F00F0C15
:1004900003F1100EE6444FEA121C1A46C2E9005559
:1004A000C2E9025510327245F8D10CF1010214F084
:1004B0000C0F03EB021204F00F0C13D0ACF1040389
:1004C00023F003030433134442F8045B9342FBD14B
:1004D0000CF003042CB1C9B21C4403F8011BA34265
:1004E000FBD130BD64461346002CF4D1F9E7034636
:1004F0001446C0E71A46A446E0E700BF0EB470B544
:100500009DB021AC00254FF4017254F8046BADF896
:1005100014201B9502900690FFF732FF0B4B0A93B5
:100520000B4B03904FF6FF710790ADF8161018684B
:100530000E953246234602A91395019400F092FBD2
:100540001DB0BDE8704003B0704700BF69210008CE
:10055000180200200CB4F0B59DB022AC00254FF479
:1005600001730646084654F8047BADF81430029136
:1005700006911B95FFF704FF0346039307930A4B6D
:100580000A934FF6FF73ADF816303A4630462346CD
:1005900002A90E951395019400F064FB1DB0BDE80F
:1005A000F04002B0704700BF6921000811F0FF0160
:1005B000034600F0030239D08ABB026810B501EB94
:1005C000012E0EEB0E4E8EEA0204A2F1013323EA55
:1005D0000203A4F1013222EA0402134313F0803F24
:1005E0000FD150F8044F84EA0E0CA4F10133ACF1A2
:1005F000013223EA040322EA0C02134313F0803F82
:10060000EFD0037823B936E010F8013F002B32D049
:100610009942F9D110BD8A4228D09A0729D01A7878
:1006200018460133002AF6D110467047CAB902684D
:10063000A2F1013323EA020313F0803F08D150F8FE
:10064000042FA2F1013323EA020313F0803FF6D016
:1006500003785BB110F8013F002BFBD1704799077D
:1006600005D0184613F8012B002AF8D17047184618
:10067000DDE71846A1E7184610BD00BF00000000E6
:1006800002780B78012A28BF9A4240F0D8806DE9A1
:10069000044540EA0104CDE902676FF0000C4FEA1F
:1006A00044721AB380EA010414F0070F6BD100F012
:1006B000070420F0070004F0030521F007014FEACA
:1006C000C505F0E8042314F0040FF1E804670CFA00
:1006D00005F462EA040266EA04060BD063EA040346
:1006E000624667EA0407664604E000BFF0E80423B8
:1006F000F1E8046782FA4CF582EA0604A4FA8CF465
:100700006CBB83FA4CF583EA0705A5FA8CF595B91D
:1007100050E9022351E9026782FA4CF582EA0604A5
:10072000A4FA8CF483FA4CF583EA0705A5FA8CF554
:100730002543DBD09CB92DBAB5FA85F424F0070423
:1007400027FA04F1DDE9026723FA04F303F0FF005E
:1007500001F0FF01FDE80445A0EB0100704724BA59
:10076000B4FA84F424F0070426FA04F1DDE9026700
:1007700022FA04F202F0FF0001F0FF01FDE8044557
:10078000A0EB0100704714F0030F3CD110F00304FC
:1007900028D150F8082B51F8083B82FA4CF582EA30
:1007A0000305A5FA8CF55DB950F8042C51F8043C0A
:1007B00082FA4CF582EA0305A5FA8CF5002DE8D003
:1007C0002DBAB5FA85F424F0070423FA04F122FACD
:1007D00004F202F0FF0001F0FF01FDE80445A0EB88
:1007E000010070474FEAC40420F0030050F8082BC2
:1007F00021F0030151F8083B0CFA04F462EA040208
:1008000063EA0403C9E710F003041DD0A1EB04015F
:1008100020F00300E40750F8042B06D012D28B78A6
:100820005FFAA2F4E41A06D12BB1CB785FFAB2F4E6
:10083000E41A00D133B920465DF8104B7047A2EBA3
:100840000300704701F1040150F8042BCC0721F09C
:10085000030151F8043B48D824D222F07F4482FAA5
:100860004CF594EA1325A5FA8CF50AD165B951F82F
:10087000043B84EA0204B4EB036F0ED150F8042B5E
:10088000EBE74FEA132355E035F07F454DD108786B
:10089000FDE80445C0F1000070474FEA126203F022
:1008A000FF0347E002EA1C4482FA4CF594EA134540
:1008B000A5FA8CF50AD165B951F8043B84EA020423
:1008C000B4EB034F0CD150F8042BEBE74FEA134382
:1008D00030E015EA1C4528D10B884FEA124229E086
:1008E0004FEA124203EA1C4324E002F0FF0482FABA
:1008F0004CF594EA1365A5FA8CF50AD165B951F85F
:10090000043B84EA0204B4EB032F09D150F8042B12
:10091000EBE74FEA13630DE015F0FF0F05D10B680D
:100920004FEA122223F07F4304E04FF00000FDE87D
:100930000445704712BA1BBA82FA4CF482EA0304E7
:10094000A4FA8CF5B5FA85F402FA04F203FA04F37A
:100950004FEA1260FDE80445A0EB1360704700BF4A
:100960002DE9F047074649480E46354616F801EB93
:1009700010F80EC01CF0080CF7D1BEF12D0F5AD0A4
:10098000BEF12B0F03BF96F800E06446AE1C644630
:100990004BB9BEF1300F5CD00A23DFF8F4804FF082
:1009A000050A99460AE0102B4AD04FF0FF38B8FBF1
:1009B000F3F803FB08FA6FEA0A0A9946002528466D
:1009C00005E02CD009FB00C0012516F801EBAEF1C3
:1009D000300CBCF1090F06D9AEF1410CBCF1190F76
:1009E0000BD8AEF1370C634510DDB5F1FF3FECD00D
:1009F0004045E6D94FF0FF35E7E7AEF1610CBCF1B9
:100A0000190F03D8AEF1570C6345EEDC6B1C0BD00D
:100A100004B140420AB165B91160BDE8F087D44520
:100A2000D0DD4FF0FF35D0E722233B602846002A77
:100A3000F3D0711EF0E796F800E00124AE1CA7E7A2
:100A4000BEF1300F11D04FF00F0A6FF07048994689
:100A5000B4E7337803F0DF03582B0BD008234FF0B3
:100A6000070A6FF060489946A8E7307800F0DF0089
:100A70005828E8D14FF0100996F801E04FF00F0A1E
:100A800002366FF070484B4698E700BFB1990208F4
:100A90009999991964E700BF10B4044C8446134631
:100AA00020685DF8044B0A46614659E718020020A9
:100AB00010B4044C8446134620685DF8044B0A4683
:100AC00061464DE718020020002A3ED030B584462A
:100AD0000446084380070B462ED1032A07D82BE093
:100AE000043A25D01EF0803F22D1032A22D9206863
:100AF000194653F8045BA0F1013EA842A4462EEA31
:100B0000000E04F10404EBD09CF800000C78844241
:100B10001DD1E64668B11EF8010F11F8014FA2EB96
:100B20000E03A04203F1FF3311D11CEB0303F1D1FB
:100B3000002030BDA44619469CF800000C78A04265
:100B400005D1012AF4D0E646E4E710467047001BC1
:100B500030BD00BF88420ED98B1883420BD900EB01
:100B6000020C002A6ED0624613F801CD02F801CDC6
:100B70009942F9D170470F2A0FD8034602F1FF3C82
:100B8000002A5FD00CF1010C013B8C4411F8012BC1
:100B900003F8012F6145F9D1704740EA01039B0733
:100BA00051D1A2F1100370B501F1200C23F00F0513
:100BB00001F1100E00F11004AC441B095EF8105C4A
:100BC00044F8105C5EF80C5C44F80C5C5EF8085C61
:100BD00044F8085C5EF8045C44F8045C0EF1100E06
:100BE000E64504F11004E9D1013312F00C0F01EBDA
:100BF000031102F00F0400EB031328D0043C24F08F
:100C000003064FEA940C1E441C1F8E465EF8045BDC
:100C100044F8045FB442F9D10CF1010402F003027C
:100C200003EB840301EB840102F1FF3C4AB10CF1B8
:100C3000010C013B8C4411F8012B03F8012F614595
:100C4000F9D170BD704702F1FF3C03469AE7224696
:100C5000EAE700BF08B5062003F038F801200BF0E2
:100C60007DFF00BF2DE9F04F8946B1F90C10ADF5BD
:100C70002F7D804688040693D9F8643007D441F468
:100C8000005123F40053A9F80C10C9F86430C3F3E1
:100C900040319B0400F1C080164616F8013B1193C9
:100CA000002B00F0F486DFF854A70A918E460591D8
:100CB0008B46039107911AF8034014F008046FD192
:100CC000252B5DD131782246A1F12503701C532BD1
:100CD00061D8DFE813F0540060006000600060003D
:100CE000530460006000600060006000A500A50083
:100CF000A500A500A500A500A500A500A500A500CC
:100D000060006000600060006000600060006000E3
:100D100060006000C303B0006000B00060006000CD
:100D2000600060003F0460006000B7036000600086
:100D3000600060006000600060006000950360007B
:100D400060004804600060006000600060006000B7
:100D50006000CC03D603B000B000B000D803E003BD
:100D6000600060001A046000260473063B04600003
:100D70006000C003600075066000600095030646D1
:100D8000D9F80430002B3BDDD9F8003016F8012CDF
:100D90001978914221D003980DF52F7DBDE8F08F91
:100DA000D9F804200FE0D9F800301A781AF8022098
:100DB000170703F101030ED5D9F80420013AC9E958
:100DC00000320BF1010B002AEDDC4946404601F0F0
:100DD0001DFE0028E7D002960AE00133C9F8003072
:100DE000D9F804300296013B0BF1010BC9F804302D
:100DF000029E16F8013B1193002B7FF45CAFCAE70B
:100E00004946404601F002FE0028BDD0039B1BB1BD
:100E1000B9F80C305B06BED54FF0FF330393BAE749
:100E200014F08F0FB7D102EB820201EB4202303A8D
:100E30007178064648E702900425D9F80430002B63
:100E400000F3368349464046049201F0DFFD002856
:100E5000DCD114F0400F049A00F02A836B1E032BA0
:100E600000F2A286DFE813F0B1016C01B4000400C7
:100E70004046049203F034F9049A03680C93531E1D
:100E8000B3F5AE7F44F4F06440F28C846FF4AE703E
:100E900013180F9340F25D12002556ABCDE90D55A6
:100EA0002E4604950B95CDF820800993C8461F4621
:100EB000A94625461446D8F800000378A3F12B0C68
:100EC000BCF14E0F50D8DFE81CF03B024F003B0254
:100ED0004F004F0085027B007B007B007B007B0086
:100EE0007B007B007B007B004F004F004F004F00DA
:100EF0004F004F004F0041027900790079001F0236
:100F000014024F004F00C3014F004F004F004F002D
:100F100071024F006E024F004F004F0069024F00F8
:100F20004F004F0053024E024F004F004F004F0042
:100F30004F004F004F0041027900790079001F02F5
:100F400014024F004F00C3014F004F004F004F00ED
:100F500071024F006E024F004F004F0069024F00B8
:100F60004F004F0053024E020C9A92F800C09C456D
:100F700017D1AA0515D5049A0B9225F4207507F808
:100F8000013B013CD8F80430013B002B0BF1010B75
:100F9000C8F8043040F307830130C8F80000002C83
:100FA00089D1049B2C4635464E46C146DDF820804B
:100FB000002B00F0628124F480745EE12A05F0D5F4
:100FC00019EB060CEDD1664625F4C075E146D6E76F
:100FD000531EB3F5AE7F88BF6FF4AE714FF00006BD
:100FE0008CBF5718002756AB88BF40F25D124946A8
:100FF000D946B346059E089744F4586409931D46A4
:101000001746086890F800C0ACF12B034D2B5FD851
:10101000DFE813F012025E0012025E005E00BC0206
:1010200018011801180118011801180118010B0204
:101030000B025E005E005E005E005E005E005E0011
:101040004E004E004E004E004E004E005E005E0010
:101050005E005E005E005E005E005E005E005E00A0
:101060005E005E005E005E005E005E005E00FF01EE
:101070005E005E005E005E005E005E005E005E0080
:101080004E004E004E004E004E004E005E005E00D0
:101090005E005E005E005E005E005E005E005E0060
:1010A0005E005E005E005E005E005E005E00FF01AE
:1010B0000A2E0DDD24F4386405F801CB4B68013BA2
:1010C000002B4B6040F37A8201300860013F98D1D9
:1010D00005965E46CB468946E10507D5099B9D42AC
:1010E00000F2AD84099B9D423FF455AE14F010020E
:1010F00040F07482059B079F09992A704046B847C3
:10110000069BA20603F1040700F16282630700F167
:10111000758414F0010240F05A82A40740F157820E
:10112000B44B079999424046059B099900F01785F1
:1011300002F048FF0B46069A1168C1E9000349E234
:10114000D9F800100B78002A1AF8033008BF4FF0C6
:10115000FF32E00704F0100603F0080300F1768286
:10116000002E00F02983002B7FF442AED9F8043022
:101170000131013B012AC9F80010C9F8043008BF49
:101180000BF1010B3FF434AE0124154613E0D9F8FE
:1011900000301A781AF80220160703F1010312D45E
:1011A000C9F80030D9F804300134013BA542C9F830
:1011B000043000F05684002BE9DC4946404601F03B
:1011C00025FC0028E3D0A34412E6002A08BF4FF014
:1011D000FF3204F01003E0070B9300F12C83D9F8E1
:1011E00000100B980B7816ACE35C002800F092829C
:1011F000002B3FF4D0ADD9F804300131013B012A76
:10120000C9F80010C9F8043018BF164610D117E00D
:10121000D9F800301A78A25C01338AB1C9F80030DD
:10122000D9F804300135013BAE42C9F8043007D08B
:10123000002BEDDC4946404601F0E8FB0028E7D0F2
:10124000AB44D5E56C4B24F4386433F9166033E7CE
:10125000002E40F0C881049A002A40F09C8205F4D8
:10126000E06CBCF5E06F00F015842C460023354699
:101270004E46C146DDF820800493013E012E40F227
:1012800050846B1E062B40F25983E50540F1B9816D
:10129000600500F1548417F8011C652907F1FF353A
:1012A0000BF1FF3602D0452940F07E834A46404686
:1012B00001F06EFB14F0100340F06C832B70B3460A
:1012C0000D9B002B40F0A48309990022404603F0B7
:1012D00009FF069BE10757EC106B03F1040540F191
:1012E00044831B6883ED000B039B06950133039336
:1012F0007EE5290503D519EB060C3FF464AE022EFA
:101300007FF44FAE03263AE629053FF559AE05F4C2
:10131000A06CBCF5806F05D06A057FF542AE049ADB
:10132000002AA2D0A90504D4049A0B99521ACDE937
:101330000D2725F47865002245F4C07504921EE659
:1013400029067FF52EAE25F0800518E62A0503D57F
:1013500019EB060C3FF437AEB9F1010F7FF421AE63
:101360004FF002090BE6072E7FF41BAE082606E6B7
:1013700005F4186CBCF5807F7FF413AE049A012A43
:101380007FF40FAE25F480754FF0300C002207F883
:1013900001CB45F40065013C0492F0E5062E7FF494
:1013A00000AE0726EBE52A05B1D4FAE5B9F1000F46
:1013B00040F02081049A2AB905F4E06CBCF5E06F96
:1013C00000F06D83012E02D0042E7FF4EAAD0136C9
:1013D000F6B2D4E5E9057FF5F3AD049B0133049340
:1013E0000F9B25F08005002B3FF4CBAD0F9B013BFD
:1013F0000F93C7E5950A00088C990208B199020875
:10140000029044F400748D4B079310230593032539
:1014100013E504F4C063B3F5007F7FF459AE24F400
:10142000007444F4A064102646E6854B33F9166038
:10143000082E3FF73FAE4BE623067FF549AE24F07A
:10144000800439E6029044F001047C4B07930823A2
:1014500005930325F1E402900225EEE4029044F0A6
:101460000104784B07930A2305930325E5E40290D2
:1014700044F040040025D9F80430002B3FF7EEACCF
:10148000E0E40290EDE723077FF485AC717844F047
:101490000404064618E4D9F804300290002B694B86
:1014A00007934FF0000305934FF003057FF7CAAC95
:1014B000D9F800100B781AF8033018077FF5CEAC76
:1014C00016460A4606E0C9F8002013781AF80330D9
:1014D000190718D5D9F80430013B002B0BF1010B8B
:1014E000C9F8043002F10102EDDC4946404601F042
:1014F0008DFA00287FF48AACD9F8002013781AF806
:1015000003301907E6D43246A8E425077FF443AC3C
:1015100071786C2900F09C8244F001040646FFF7C4
:10152000D3BBE70602903FF563AC069B660753F812
:10153000042B00F16A82E507C2F800B004D4A407C6
:1015400002D54FEAEB715160069351E4029044F4E6
:10155000087458E721077FF41EAC717844F0020448
:101560000646FFF7B1BB014616A8049202F048FDFB
:1015700044F04004049A029001257CE722437FF462
:101580000AAC717810240646FFF79EBB23057FF551
:1015900093AD16B944F400740826620540F1C38186
:1015A00024F4B06488E50898414601F02FFA002839
:1015B0007FF4F7AC002C7FF47EACF2E4404604915B
:1015C00001F024FA049900283FF480AD80E5069BE1
:1015D0001B681860039B069701330393099BED1A60
:1015E0003544AB4404E4032E3FF4F1AE052E3FF442
:1015F000EEAED6E4B9F1020F7FF4E4AE4FF003098A
:10160000BDE414F010037FF4F3AB3B7004F4C0634B
:10161000B3F5806F7FF454AE0B9B049A93423FF472
:1016200053AE9A1A0DF2AB239F4228BF0DF2AA27A0
:101630000549384601F08AF946E600BF950A0008D8
:101640008C990208A91E0008C0B90208002E40F0BB
:10165000A481069F57F804CB002B52D10025069792
:1016600064462F460496154603F040FEB8423FF408
:10167000CDABD9E9003113F8010B0139C9E90031CB
:101680000A9B56AA032BD055099207F1010714AE05
:1016900002D13368042B04D0082200213046FEF723
:1016A000DBFE099A00963B462146404600F098FD35
:1016B000421C0A903FF4AAAB002840F0D58120607C
:1016C00000F08AFD002840F01582BB44013D049BD8
:1016D000002B40F0EA8104341F46D9F80430002B77
:1016E00040F3F981D9F800301B781AF803301B0752
:1016F00001D4002DB8D1049E069FA446002E40F0D0
:10170000AD81039B0697013303930023CCF800308F
:10171000FFF76EBB069F57F8040B002B3FF43BAB63
:10172000D9F80430013BC9F804304B1CC9F800302B
:1017300006460B7806F8013B012A23D08518049051
:1017400011E0D9F800100B78E35C7BB3D9F80430D2
:10175000013BC9F804304B1CC9F800300B7806F87F
:10176000013BAE4222D0D9F80430002BE9DC4946D7
:10177000404601F04BF90028E3D00498B0423FF412
:1017800045AB351A039B0697013303930023AB4403
:101790003370FFF72DBB2C4635464E46C146DDF86B
:1017A000208008E400230F93FFF776BB0498351AD6
:1017B000002DE7D1FFF7EFBA069F57F8046B002B17
:1017C00040F0CB81D9F80430013BC9F804304B1C00
:1017D000C9F8003034460B7804F8013B012A00F0C8
:1017E000C381B51813E0D9F800301A781AF802202E
:1017F000100716D4D9F80420013AC9F804205A1C5D
:10180000C9F800201B7804F8013BAC4209D0D9F894
:101810000430002BE7DC4946404601F0F7F8002889
:10182000E1D0A61BB344039B069701330393002327
:101830002370FFF7DDBA002B40F0DE80069B53F8E3
:10184000047B06930A9CCDF820B000259346CDF882
:10185000108003F04BFDA8423FF4D8AAD9E900322A
:1018600056A813F8011B4155013A032CC9E900326F
:1018700005F101050DF1480803D1D8F80030042B1B
:1018800004D0082200214046FEF7E6FD39460498C0
:10189000CDF800802B4656AA00F0A2FC411C04465D
:1018A0003FF4B4AA002840F0BD803860064614AB6F
:1018B0000822002118460993FEF7CEFDB749099B7F
:1018C00004983246D1F8E06010A9B04701280CBF57
:1018D0009DF84060002616AB9B5D002B00F0E78072
:1018E000089B032C2B44089300F0A3800BF1FF3BD3
:1018F0000B9B03B90437D9F80430002B4FF00005D7
:101900006BDDBBF1000FA4D1DDF820B0DDF8108055
:101910000A940B9B002B7FF46BAA3B60039B013363
:101920000393FFF765BA089B24F4607413B1013B7D
:10193000089301370BF1010BFFF7C0BB022D40F2FA
:101940001E81032D3FF4A1AC043DEEB2F5433D44AE
:1019500017F8011D4A46404601F01AF8AF42F7D188
:101960000BF1FF3BABEB060B8FE4069BA2071B685A
:10197000049347D432463B463046394609F0F8FCDA
:10198000002840F0F4803046394609F04FFD049BB2
:101990001860A9E4B346FFF72BBA002B7FF428AAFE
:1019A000069F0DF1440C59E64A46404600F0F0FF10
:1019B000ABF1020617F8021CBD1E77E4029044E565
:1019C000774B07930A23029005930325FFF735BA57
:1019D000D9F80430002B3FF73CAF0498494601F09A
:1019E00015F800288DD0DDF820B0DDF810800A94BD
:1019F000002D8ED0FFF70ABA11AF23E7069B1B68B4
:101A00001880E7E583ED000B6EE4A2F800B09BE5DB
:101A10000E9F0A230022791C404600F045FA0D9BD8
:101A2000C21AFFE5821CD3D03E68731C7FF43FAF1F
:101A300051E7D8F80030042B7FF458AF58E715F879
:101A4000011C4A464046013D00F0A2FFFFF74ABB99
:101A5000B17844F002040236FFF736B90697FFF773
:101A6000C7B9AB44FFF7C4B90A9B02333FF435AEA4
:101A7000206800F0B1FB00283CD10A9B032BBB443B
:101A80007FF424AE3368042B7FF420AE1FE603936B
:101A9000FFF781B925F4F0650126FFF770BA25F448
:101AA000F0654FF00109FFF76ABA002715E6DDF887
:101AB00020B0DDF810800A94002D3FF42AAF56AB19
:101AC0005C19013D14F8011D4A46404600F060FFD4
:101AD000002DF6D11DE74946404600F097FF00284B
:101AE0003FF400AE3D46049E069FA446002D7FF4C1
:101AF0008DA903E63D46049E069FA446002D3FF4B3
:101B0000FDAD099CCDF810C02C44013D14F8011D19
:101B10004A46404600F03CFF002DF6D1DDF810C0EB
:101B2000ECE5099CA7427FF636A917F8011D4A4645
:101B3000404600F02DFFA742F7D1FFF72CB9099CD2
:101B4000A7427FF628A917F8011D4A46404600F033
:101B50001FFFA742F7D1FFF71EB9344663E605F031
:101B60001FFB0B46FFF7E7BA0BF1010B5BE60D48D5
:101B700002F064F9049B83ED000AFFF7B5BB099BF3
:101B80009F427FF608A917F8011D4A46404600F01B
:101B9000FFFE099B9F42F6D1FFF7FDB84C030020E2
:101BA000950A0008A0BA0208012A38BF012204F0F1
:101BB000100714F00104164615D1002F6BD1069CB6
:101BC000134654F8041BCDF800900122404600F063
:101BD00039FF00283FF41AA9039B0694013383447C
:101BE0000393FFF705B9002F46D000230493002587
:101BF0002C460A9DCDF8208003F078FBA0423FF4EC
:101C000005A9D9E9003156AA13F8010B105501397D
:101C1000032D04F10108C9E9003114AC02D1226896
:101C2000042A04D0082200212046FEF715FC56AAFB
:101C3000049908980094434600F0D2FA421C0546E5
:101C40003FF4E4A800283CD1C344013E27B9049BDB
:101C50001F60049B04330493D9F80430002B4FF029
:101C600000043FDD002EC7D1DDF820800A95002F4B
:101C70003FF454AEFFF7BCB8069B53F8042B049214
:101C80000693B4E7C9F80010404649461C44F61ACA
:101C900000F0BCFE78B9D9E900239E4202EB0301B3
:101CA000F0DC9B1B32443444C9F80430C9F80020EE
:101CB000A344FFF79DB8002C3FF4A8A8A344FFF766
:101CC00097B8831C09D00328C34402D12368042B8E
:101CD00000D0013E002FBCD0BEE7D9F80410002987
:101CE000444689DC0898494600F090FE0028B9D0A7
:101CF000DDF820800A95002C7FF488A8002F3FF49F
:101D00000DAEFFF775B800BF13460A460146022024
:101D100000F0D6BA032A30B415D941EA0004A4076A
:101D200084460B4604D0541E0FE0043A032A08D917
:101D30001946604653F8044B5CF8045BA542F4D0A6
:101D4000F1E760461946541E7AB1431E0139021963
:101D500001E09A4209D013F8010F11F801CF604554
:101D6000F7D0A0EB0C0030BC7047002030BC7047AF
:101D7000242B2DE9F84F43D8012B41D08046494808
:101D80001F468E4675461EF801BB10F80B4014F036
:101D90000804F7D1BBF12D0F6FD0BBF12B0F08BF9B
:101DA0009EF800B06FF0004908BF05F1020E73BB4A
:101DB000BBF1300F4BD00A273B460025B9FBF7F6A5
:101DC000284607FB169A05E03AD007FB00C001251C
:101DD0001EF801BBABF1300CBCF1090F06D9ABF119
:101DE000410CBCF1190F19D8ABF1370C63451EDD5E
:101DF000B5F1FF3FECD08642E6D24FF0FF35E7E782
:101E000005F0F4F8162303600020BDE8F88F102BCE
:101E1000D3D1BBF1300F23D01F46CEE7ABF1610C1D
:101E2000BCF1190F03D8ABF1570C6345E0DC6B1C18
:101E30002BD054B9002AE8D085BB1160BDE8F88FDB
:101E4000E245C2DA4FF0FF35C2E74042F2E79EF8C2
:101E5000003003F0DF03582B08D008273B46ACE7DF
:101E60009EF8000000F0DF005828D5D110279EF81A
:101E700001B03B460EF1020E9FE79EF800B04FF016
:101E8000004905F1020E012491E72223C8F8003031
:101E900032B10EF1FF3148461160CFE78146F8E7D5
:101EA0004846B2E7B199020862E700BF10B4044C9B
:101EB0008446134620685DF8044B0A46614657E79E
:101EC0001802002010B4044C8446134620685DF8C4
:101ED000044B0A4661464BE71802002008B410B5CF
:101EE000002A9DB0044636DB4FF40273ADF814307F
:101EF0004FF000031B930291069120AB17D0013ADB
:101F00004FF6FF7104920792ADF816101F9A0193D5
:101F100002A903F065FA421C01DA8B232360029BBD
:101F200000221A701DB0BDE8104001B070474FF696
:101F3000FF7104920792ADF816101F9A019302A93F
:101F400003F04EFA431C01DA8B2323601DB0BDE879
:101F5000104001B070478B2303604FF0FF30F5E76E
:101F60000CB410B5214B00291C689CB038DB4FF035
:101F700000034FF402721B93ADF8142002900690F8
:101F80001FAB18D001394FF6FF7204910791ADF8DD
:101F9000162002A91E9A0193204603F021FA421C42
:101FA00001DA8B232360029B00221A701CB0BDE86B
:101FB000104002B070474FF6FF7204910791ADF8E0
:101FC000162002A91E9A0193204603F009FA431C29
:101FD00001DA8B2323601CB0BDE8104002B07047CB
:101FE0008B2323604FF0FF30F5E700BF180200207D
:101FF000024B0146186805F003B900BF1802002023
:10200000024B0146186806F03DBC00BF18020020D4
:10201000844641EA000313F003036DD1403A41D3F3
:1020200051F8043B40F8043B51F8043B40F8043BB2
:1020300051F8043B40F8043B51F8043B40F8043BA2
:1020400051F8043B40F8043B51F8043B40F8043B92
:1020500051F8043B40F8043B51F8043B40F8043B82
:1020600051F8043B40F8043B51F8043B40F8043B72
:1020700051F8043B40F8043B51F8043B40F8043B62
:1020800051F8043B40F8043B51F8043B40F8043B52
:1020900051F8043B40F8043B51F8043B40F8043B42
:1020A000403ABDD2303211D351F8043B40F8043BE2
:1020B00051F8043B40F8043B51F8043B40F8043B22
:1020C00051F8043B40F8043B103AEDD20C3205D3F2
:1020D00051F8043B40F8043B043AF9D2043208D0EA
:1020E000D2071CBF11F8013B00F8013B01D30B885C
:1020F00003806046704700BF082A13D38B078DD03A
:1021000010F003038AD0C3F10403D21ADB071CBF0B
:1021100011F8013B00F8013B80D331F8023B20F875
:10212000023B7BE7043AD9D3013A11F8013B00F8AE
:10213000013BF9D20B7803704B7843708B78837036
:102140006046704710B50C46B1F90E1005F042F824
:10215000002803DB236D0344236510BDA38923F40A
:102160008053A38110BD00BF002070472DE9F041CE
:102170000C46B1F90C101F46CB05054616460BD48C
:1021800021F48051A1813B46B4F90E103246284615
:10219000BDE8F04100F00EB9B4F90E1002230022A0
:1021A00006F0CCFCB4F90C10EAE700BF10B50C4601
:1021B000B1F90E1006F0C2FCB4F90C30421C0EBF8F
:1021C00023F4805343F480532065A38110BD00BFE6
:1021D000B1F90E1001F0CCBC002104F00DBF00BF1E
:1021E00070B50D4C82B0D4F8E460069C05462AB167
:1021F0000094B047431C08D002B070BD11460123C3
:10220000064A0094B047431CF6D100228A2322607C
:102210002B6002B070BD00BF4C030020A0BA0208C2
:1022200070B51C460F4B1D680F4B82B0D3F8E460AD
:1022300051B1944663460A46009401462846B04789
:10224000431C08D002B070BD0123084A0094284600
:10225000B047431CF6D100228A2322602B6002B0D3
:1022600070BD00BF180200204C030020A0BA020875
:1022700070B50F4B0F4DAB42A3EB050607D0B61060
:10228000002455F8043B01349847A642F9D827F0BA
:10229000CBFA094D094B5E1BAB424FEAA60606D0AE
:1022A000002455F8043B01349847A642F9D870BD84
:1022B000F8DE0308F8DE0308F8DE030820DF030871
:1022C00070B4164D2C681CB365681F2D23DC38B91B
:1022D000AB1C0135656044F82310002070BC7047CA
:1022E00004EB850C0228CCF88820D4F888614FF0E4
:1022F000010202FA05F246EA0206C4F88861CCF847
:102300000831E5D1D4F88C311343C4F88C31DFE7C0
:10231000034C2C60D8E74FF0FF30DFE7300E002091
:102320002C0B00202DE9F047DFF8749007460E468D
:10233000904601F061FED9F800504DB133781C464B
:102340006BB1344602E014F8013F3BB13D2BFAD1AA
:10235000384601F053FE0020BDE8F087A41B286832
:102360000028F5D022463146FEF7AEFB28B9286892
:10237000035D3D2B00EB040A04D055F8040F002840
:10238000F0D1E5E7D9F80030EB1A9B103846C8F8D1
:10239000003001F033FE0AF10100BDE8F08700BF14
:1023A000B804002000B583B001AAFFF7BBFF03B05B
:1023B0005DF804FB38B50C46084D844611462046AE
:1023C0001A4600232B6064461DF0B6F9431C00D06A
:1023D00038BD2B68002BFBD0236038BD340E0020A5
:1023E00000207047024A0349034801F055BE00BF70
:1023F000400300207D8A0008200200200C4B416829
:10240000994210B5044601D006F038FBA168094B8B
:10241000994202D0204606F031FBE168064B994212
:1024200004D02046BDE8104006F028BB10BD00BF18
:10243000BC0C0020240D00208C0D002000207047D3
:102440002DE9F8432A4C2B49DFF8BC90DFF8BC801B
:10245000294FC4F83811002504230822294604F125
:102460005C00264EE360C4E90055C4E90455A5604C
:102470006566A561FDF7F0FF214B636708222946D9
:1024800004F1C400C4E90749C4E90987C4E91A553D
:10249000C4E91E552567C4F8CC50C4F88050E662E4
:1024A000FDF7DAFF174BC4F8DC30294604F1680366
:1024B000082204F59670C4F88430C4E92298C4E96F
:1024C0002476C4E93455C4E93855C4F8D850C4F862
:1024D0003451C4F8E850FDF7BFFF04F1D003C4E95C
:1024E0003C98C4E93E76C4F8EC30BDE8F88300BF00
:1024F000BC0C0020E5230008AD210008D121000814
:102500000900010012000200452100086D210008A9
:10251000F8B5254BD3F838310646002B3CD0234F75
:10252000D7E90134013B04D51DE05A1C04F16804CD
:1025300019D0B4F90C50013B002DF6D11C4BE360CF
:10254000C4E90155C4E9045565662560A561082202
:10255000294604F15C00FDF77FFFC4E90C55C4E98E
:1025600011552046F8BD3D680DB12F46D8E74FF410
:10257000D671304604F044FE044680B10423C0E91D
:1025800000530C302946A0604FF4D0722546FDF769
:1025900063FF3C602F46C3E7FFF752FFBFE70C2302
:1025A00038603360DDE700BFBC0C00204003002032
:1025B0000100FFFF436B03B17047044B044AD3F89B
:1025C00038314263002BF7D13AE700BFBC0C002042
:1025D000FD230008704700BF704700BF024A03494F
:1025E000002001F059BD00BF40030020E123000896
:1025F000024A0349002001F04FBD00BF4003002004
:102600003D2400089368002B00F0F8802DE9F04F7E
:10261000B1F90CC01CF0080F83B0904681460C46FF
:1026200031D00B697BB31CF00207D8F8006038D0BA
:102630000027D4F824B0E169DFF8C4A23D4655452F
:102640002B463A4628BF53464846C5B1D8470028CE
:1026500040F3CA80D8F808301B1A07442D1AC8F86E
:102660000830002B00F0B68055452B46D4F824B036
:10267000E16928BF53463A464846002DE6D1D6E9DF
:1026800000750836DBE72146484606F03DF800288D
:1026900040F0AF80B4F90CC0D8F800601CF002071D
:1026A000C6D11CF0010A63D12368A16857461846B9
:1026B0008B46002F58D01CF4007F00F0B580B94243
:1026C0000A4600F2E1801CF4906F2FD02169626904
:1026D0005D1A02EB420202EBD2726B1C52103B44B9
:1026E000934292BF93469B461A461CF4806F00F0BB
:1026F000EA801146484604F083FD002800F0F98086
:102700002A4621690090FFF783FCA289009B22F4EE
:10271000906242F08002A2815819ABEB0505C4F823
:1027200014B02361A5602060BB463A465146009232
:10273000FEF710FAA1682368009AA1EB0B011A4476
:102740003D46A16022600027D8F808305B1BAA44F0
:10275000C8F80830002B3DD02368A168B4F90CC03C
:1027600018468B46002FA6D1D6E900A708369EE76B
:102770003846BB463D460097002D41D0002846D044
:10278000009A2068A168D4E90473AA4228BF2A46A7
:10279000B84204D901EB030A524500F38580934205
:1027A00075DCE169676A5A464846B847B0F1000AE5
:1027B0001ADD009BB3EB0A0300930FD00120D8F879
:1027C0000830A3EB0A03D344A5EB0A05C8F8083088
:1027D000002BD1D1002003B0BDE8F08F2146484640
:1027E00004F0CAFB0028EAD0B4F90C3043F04003EF
:1027F000A3814FF0FF3003B0BDE8F08F0020704799
:10280000756833460836002DFAD0D3F800B02A4652
:102810000A21584602F094FD002867D00130A0EB51
:102820000B0300931A46ACE722699A4214D36269FB
:10283000BA4211D86FF00043BB4228BF3B46656ADD
:1028400093FBF2F3E16902FB03F348465246A847C3
:10285000051EC9DD7F1B77E7B94228BF39460D4603
:1028600018460A465146FEF775F9A1682368491BC8
:102870002B44A16023600029ECD12146484604F096
:102880007BFB0028E6D0AFE7BB463A464EE7594609
:102890000192FEF75FF9019AA3689B1AA36023686F
:1028A00013442360924684E759465246FEF752F994
:1028B0002368534423602146484604F05DFB00280A
:1028C0003FF477AF90E7484606F05CF903460028EE
:1028D0007FF422AF2169484605F0D4FFB4F90C30EB
:1028E0000C22C9F8002023F080037FE76A1C0092C5
:1028F00047E70C22B4F90C30C9F8002076E700BF96
:1029000000FCFF7F002301461A461846FFF7D8BC9B
:102910000CB410B59CB01EAB029106916FF0004153
:1029200004910791084953F8042B0591002402A94A
:1029300001931B9402F054FD029B1C701CB0BDE877
:10294000104002B0704700BF0802FFFF0EB430B560
:102950009CB06FF000411FAB049107910A4953F8F6
:10296000042B029000240690084D0868019302A9E8
:1029700005951B9402F034FD029B1C701CB0BDE851
:10298000304003B0704700BF180200200802FFFF6C
:1029900038B54B1C1AD09389144623F02003526893
:1029A000A381236BCDB2A3B1636B934209DD23688E
:1029B0005A1E226003F8015C636801336360284695
:1029C00038BD214601F02EF80028F0D04FF0FF3539
:1029D000F5E7236921682BB18B4203D211F8013C42
:1029E000AB420ED02346C4E90E1204F1400003228C
:1029F0002063626303F8425F0122C4E90032284683
:102A000038BD01390132C4E90012D8E710B50C46CF
:102A1000096B69B104F14003994201D005F032FF1E
:102A2000E36B63600020206313B1A36B236010BDD0
:102A3000A2892369002142F020026160A2814FF047
:102A4000FF30F3E72DE9F04F85B0834602FB03F03A
:102A50000E9C019398B38846D4E90015A842064617
:102A600022D9CDE902024FF0000904F1400A4046A4
:102A70002A46FFF7CDFA2168236B4F19C4E9007984
:102A8000194637465846A844761BDBB1534501D05A
:102A900005F0F8FEE16BC4F83090616091B10D462D
:102AA000B542A16B2160E2D332464046FFF7B0FA4F
:102AB000D4E90032921B3344C4E90032019805B0D6
:102AC000BDE8F08FDDE90202A3892844C01B43F072
:102AD0002003B0FBF2F02269A3810023C4E90023A4
:102AE00005B0BDE8F08F00BF2DE9F04F8A46B1F97F
:102AF0000C10DDB08C0407930390DAF8643007D42F
:102B000041F4005123F40053AAF80C10CAF86430C1
:102B10009804C3F3403100F1A483164616F8013B34
:102B20000D93002B00F08986DFF8A08406918E4675
:102B30008B4689460591089118F8034014F0080463
:102B40006ED1252B5DD131782746A1F12503721C6A
:102B5000532B61D8DFE813F0540060006000600080
:102B600060002F0260006000600060006000D00024
:102B7000D000D000D000D000D000D000D000D000D5
:102B8000D0006000600060006000600060006000D5
:102B90006000600060002302600060006000600070
:102BA000600060006000270260006000310160008A
:102BB0006000600060006000600060006000DC0099
:102BC000600060003A01600060006000600060002A
:102BD00060006000A001A501600060006000AC0121
:102BE000B40160006000FA016000050201061C02E9
:102BF0006000600020026000040660006000DC00ED
:102C00001646DAF80430002B5BDDDAF8003019786C
:102C100016F8012C914232D005985DB0BDE8F08FD6
:102C2000DAF80430039F0AF1400500241A460FE049
:102C3000DAF800301A7818F80220120703F10103BD
:102C40003DD5DAF80420013ACAE9003209F1010958
:102C5000002AEDDCDAF830303846194613B3AB42BF
:102C600001D005F00FFEDAF83C30CAF83040CAF85F
:102C70000430BBB1DAF83830CAF80030DAE7013393
:102C8000CAF80030DAF804300496013B09F1010972
:102C9000CAF80430049E16F8013B0D93002B7FF414
:102CA0004BAFB9E7BAF80C3043F02003AAF80C3068
:102CB000DAF81030CAF800300023CAF8043004965D
:102CC000E8E7DAF83010002900F0B9820AF1400391
:102CD000994202D0039805F0D5FDDAF83C30CAF8E5
:102CE00004300022CAF83020002B00F0A882DAF865
:102CF0003830CAF800308AE714F08F0F8CD107EB18
:102D0000870701EB4701A1F13007717816461CE7F0
:102D1000049244F40074AB4B0893102306930323EE
:102D2000DAF80410002900F3D880DAF8301000290E
:102D300000F085820AF14000814204D00398099393
:102D400005F0A0FD099BDAF83C10CAF80410002039
:102D5000CAF83000002900F07282DAF83810CAF898
:102D60000010600640F1B980022B00F0FE81032BB9
:102D700000F02E81012B37D0012F04F0100238BF54
:102D8000012714F001040A9240F02E840A9B002BC4
:102D900040F0CC82079C039854F8041BCDF800A0A7
:102DA0003B460122FFF74EFE002800F05382059BB0
:102DB00007940133814405936CE7049244F00104C5
:102DC000804B0893082306930323A9E711461CA808
:102DD00001F016F944F0400404900123DAF80410DD
:102DE0000029A2DD012BC7D1002F04F0100208BF7B
:102DF0004FF0FF3714F001040A9240F08883DAF8AC
:102E000000600A9A31781CAD695C002A00F0CE821D
:102E100000293FF401AFDAF8041001360139012F1F
:102E2000CAF80060CAF8041000F020830AF14006D6
:102E3000CDF82490B14626461C4612E0DAF8001080
:102E40000878285C0131002800F00D83CAF80010D2
:102E5000DAF8041001340139A742CAF8041000F06E
:102E600002830029EADCDAF8303003981946002B97
:102E700000F024854B4501D005F004FDDAF83C1044
:102E8000CAF83060CAF80410002900F01785DAF893
:102E90003810CAF80010D3E7049244F0400400232D
:102EA0009CE70492484B08930A230693032337E7D1
:102EB00023077FF4B1AE717844F00404164644E66B
:102EC000DAF804300492002B3F4B08934FF00003D4
:102ED00006934FF003037FF728AFDAF8000001787C
:102EE00018F8011009077FF53FAF0AF14006099471
:102EF000002534464E46994608E00130CAF80000E5
:102F0000017818F801100A0740F19581DAF80410E9
:102F10000139002906F10106CAF80410EDDCDAF8DF
:102F2000303003981946002B00F08981A34201D06C
:102F300005F0A8FCDAF83C10CAF83050CAF80410C2
:102F4000002900F07C81DAF83800D7E720077FF409
:102F500063AE71786C2900F0508444F00104164689
:102F6000F3E5E70604923FF595AE079A660752F837
:102F7000043B079200F10084E50700F15A84A4079E
:102F800040F157844FEAE972C3F800905A6081E635
:102F9000049244F40874BEE604920223C0E604924C
:102FA00044F001047EE721077FF436AE717844F0E7
:102FB00002041646C9E527437FF42EAE717810242B
:102FC0001646C2E5950A0008A91E0008B199020834
:102FD0007B1E262B44F4586440F24781A7F1270357
:102FE0000B932727002312AE1A4609930AF14003D8
:102FF00035460A933346069EDAF8001091F800C071
:10300000ACF12B004D283AD8DFE800F07E397E394C
:1030100039896D6D6D6D6D6D6D83833939393939D0
:10302000393927272727272739393939393939397C
:1030300039393939393939393973393939393939C6
:10304000393927272727272739393939393939395C
:10305000393939393939393939730A2E0FDD24F4C0
:10306000386405F801CBDAF8040001380028CAF802
:10307000040060DD0131013FCAF80010BCD10696A2
:103080001E46E10505D5B54200F29783B5423FF4EF
:10309000C3AD14F0100240F0C980069B089F03984E
:1030A0002A703146B847079BA20603F1040700F1D6
:1030B000B780630700F15C8314F0010240F0AF8039
:1030C000A10740F1AC80B74B089903989942069B41
:1030D000314600F08B8400F075FF0B46079A1168AB
:1030E000C1E900039EE0B04824F4386430F916606A
:1030F000B7E704F4C060B0F5007FC0D124F40074D9
:1031000044F4A0641026ACE72006B8D524F080046F
:10311000A7E7A54830F91660082EA0DCAFE7200528
:103120009FD516B944F400740826600540F1AA82C0
:1031300024F4B06495E7DAF83010002900F08283B7
:103140000A98814205D00398069305F09BFB069BE5
:103150000022DAF83C10CAF83020CAF8041000291E
:1031600000F07083DAF8381085E7DAF800000378A9
:10317000002F18F8035008BF4FF0FF37E10704F0A5
:10318000100205F0080573D4002A00F07181002DAB
:103190007FF480ADDAF804300130013B012FCAF82A
:1031A0000000CAF8043008BF09F101093FF472AD0C
:1031B0000AF14006324601242E46154614E0DAF89C
:1031C0000030197818F80110090703F1010300F124
:1031D000E780CAF80030DAF804300134013BA74236
:1031E000CAF8043000F00F83002BE8DCDAF8303046
:1031F00003981946002B00F0A083AB4201D005F0E4
:1032000041FBDAF83C30CAF83060CAF80430002BD1
:1032100000F09383DAF83830CAF80030D1E7079B22
:103220001B681860059B079701330593099BAD1B2D
:103230001D44A9442EE54B46099CB14694E5DAF8B5
:103240001010BAF80C300022CAE9001243F0200333
:10325000AAF80C30059B23B1BAF80C305B067FF559
:10326000DBAC4FF0FF330593D6E400230B93B9E6B4
:10327000002A00F01E82002D7FF40CAD079C0DF19A
:10328000340C00250A945E462C460792654602F0EF
:103290002DF8A042DED0DAE900210DF1480B12F83A
:1032A000010B0BF80400631C0139032ECAE900214D
:1032B000099310AC02D12368042B04D0082200210A
:1032C0002046FDF7C9F85A46099B03980094294601
:1032D000FEF786FF421C0646BCD0002840F09682CE
:1032E0002860FEF779FF002840F05C83099B994431
:1032F000013F079B002B40F0A38204351C46DAF8FF
:103300000420002A40F3ED82DAF80020127818F841
:103310000220100701D4002FB9D10A9C079AAC46AD
:10332000B346002A00F0CB810794B3E4DAE9001336
:10333000BB4280F25483DAF8302018460AF1400686
:10334000CDE9099B13462546A346B14602461144E2
:10335000CAF800105E463C46039819469344BF1ACB
:10336000002B00F032824B4501D005F08BFADAF8E1
:103370003C20CAF83050CAF80420002A00F0258208
:10338000DAF83810CAF8001097424FF00003DEDC7C
:10339000DDE9099B13463444DB1B3944CAE90013B9
:1033A000A14477E4950A0008B49A0208079A52F8F3
:1033B000040B00293FF430ACDAF804100139CAF8E4
:1033C0000410711CCAF800100446317804F8011B7F
:1033D000012F40D0C619CDF81C900AF14007B14624
:1033E00009900A9E0B9211E0DAF800100878285C28
:1033F00048B3DAF804000138CAF80400481CCAF8D7
:103400000000097804F8011B4C451CD0DAF80410C0
:103410000029E9DCDAF8303003981946002B00F077
:103420003682BB4201D005F02DFADAF83C10CAF81A
:103430003060CAF80410002900F02982DAF8381048
:10344000CAF80010D2E70998DDF81C900B9A231AED
:10345000002B3FF4E1AB9944059B079201330593A0
:103460000023237016E4DDF824902346994411E4E8
:10347000079951F8042B002D40F0B382DAF804309C
:10348000013BCAF80430431CCAF8003014460378E4
:1034900004F8013B012F00F0A682D61907910AF12A
:1034A0004007099216E0DAF80010087818F80000D2
:1034B000020701F1010300F1F080DAF80400CAF814
:1034C00000300138CAF80400097804F8011BB4423E
:1034D00000F0E380DAF804100029E4DCDAF8303098
:1034E00003981946002B00F01682BB4201D005F06C
:1034F000C9F9DAF83C10CAF83050CAF804100029AB
:1035000000F00982DAF83810CAF80010CDE7002A76
:1035100040F02081079B53F8042B09920793002465
:103520005D4601F0E3FEA0423FF494AEDAE90032DA
:1035300012A813F8011B0155013A032DCAE9003204
:1035400004F101040DF1380B03D1DBF80030042B3A
:1035500004D0082200215846FCF77EFF099E0398FC
:10356000CDF800B0234612AA3146FEF739FE431CBF
:1035700005463FF46FAE002840F0028130600646F9
:1035800010AB0822002118460B93FCF765FFB549E4
:103590000B9B03983246D1F8E0600CA9B047012894
:1035A0000CBF9DF8306000261CAB9B5D002B00F02B
:1035B0005D81032DA14400F0FA80013F0A9B13B9FD
:1035C000099B04330993DAF80430002B4FF0000410
:1035D00040F3A580002FA4D1AB460A9B002B7FF4BB
:1035E00059AB099A136048E0002A40F0908007998F
:1035F00051F8042B099207911C4612AE0B9301F06F
:1036000075FEA0423FF426AEDAE9002112F8010B64
:1036100030550139BBF1030FCAE9002104F101045F
:1036200010AD02D12B68042B04D0082200212846BB
:10363000FCF712FF09990398009523463246FEF7DE
:10364000CFFDB0F1FF3F83463FF404AE002840F0C9
:103650009F800A9BA144013F23B9099A1360099BEB
:1036600004330993DAF804200B9C002A34DD002F80
:10367000C5D10A9B002B7FF40DAB059B013305934D
:10368000FFF708BB0B9824F4607410B101380B905D
:103690000137099801300990E5E4099A0799A31ABE
:1036A0009944059B07910133059300232370FFF78D
:1036B000F1BA079C54F804CB002D3FF4E2AD059B12
:1036C0000794013305930023CCF80030FFF7E2BAEA
:1036D000DAF80420002A92DCDAF83010002900F031
:1036E0004E810AF14002914202D0039805F0CAF8D7
:1036F000DAF83C20CAF804200023CAF83030002A47
:1037000000F03D81DAF83820CAF80020AFE7002247
:10371000099271E7DAF80430002B3FF702AFDAF8CC
:103720003010002900F019810AF14003994202D0BB
:10373000039805F0A7F8DAF83C30CAF80430002204
:10374000CAF83020002B00F00881DAF83830CAF8C7
:1037500000303FE70DAB0993E1E60492FFF730BB81
:10376000414B08930A23069304920323FFF7D8BA28
:10377000079B1B68188055E5A3F80090FFF78ABAED
:10378000861CC7D0099B1E68701C7FF4F9AE0BE73E
:1037900010F1020F9CD00328A14402D12A68042A08
:1037A00000D0013F0A9B002B3FF459AF5AE7DBF8EA
:1037B0000030042B7FF401AF00E715F8011C0398DB
:1037C0005246013DFFF7E4F860E4BAF80C30DDF84A
:1037D000249043F02003AAF80C30DAF81030CAF82D
:1037E00000305C460023DDF828B0CAF80430002C15
:1037F0003FF430ADA144FFF74DBAB17844F0020474
:103800000236FFF7A2B9B944FFF744BA831C00F0AF
:10381000C7802868FEF7E0FC002840F0C380099BC1
:10382000032E99447FF464AD2268042A7FF460ADCE
:103830005FE5C3F80090FFF72DBA0593FFF7ECB9E9
:1038400000245CE506961E46BAF80C3043F02003CF
:10385000AAF80C30DAF81030CAF800300023CAF8A1
:1038600004300EE44C030020950A0008AB46002CFF
:103870003FF4B3AE12AB039E1D19013C15F8011DB8
:1038800052463046FFF784F8002CF6D1A5E6BAF888
:103890000C300998DDF81C900B9A43F02003AAF82D
:1038A0000C30DAF81030CAF80030A0424FF00003B4
:1038B000CAF804303FF4CEAC231ACCE5BAF80C2099
:1038C000DDF8249042F02002AAF80C20DAF810204B
:1038D000CAF8002023460022CAF804209944FFF7C2
:1038E000D9B9DAF83010002900F085800AF14002D9
:1038F000914202D0039804F0C5FFDAF83C20CAF8E0
:1039000004200021CAF83010002A74D0DAF83820D8
:10391000CAF80020FAE4099A0799A31A9944BAF858
:103920000C3043F02003AAF80C30DAF81030CAF853
:1039300000300023CAF80430B3E6BAF80C3043F084
:103940002003AAF80C30DAF81030CAF8003000234F
:10395000A144CAF80430FFF79DB9BAF80C3043F01F
:103960002003AAF80C30DAF81030CAF8003000232F
:10397000AB46CAF80430002C3FF42FAE6AE4BAF824
:103980000C3043F02003AAF80C30DAF81030CAF8F3
:1039900000300023CAF80430002C3FF46AAE59E42A
:1039A000099CACE4AC46DDE909545B46079AB34692
:1039B0001E46002D3FF4B5AC2E4407943446039EBA
:1039C00009926746013D14F8011D52463046FEF744
:1039D000DFFF002DF6D1079C099ABC46A1E43C46C6
:1039E000DAE414465DE609F101095AE603F0D8FB72
:1039F0000B46FFF773BBBAF80C30079A43F020036D
:103A0000AAF80C30DAF81030CAF80030AC460023BF
:103A10002546B3460A9CCAF80430002D7FF41AAC40
:103A20007FE400BF01F140032DE9F0410C46096B32
:103A3000994214D0666B77003A4605F0A3F8054624
:103A400030B300EB0608014632464046FEF7E0FA86
:103A5000C4E90C57C4F800800020BDE8F0814FF4A1
:103A6000806103F0CDFB98B194F842304FF480624E
:103A7000C4E90C0280F8FF3394F8413080F8FE333B
:103A800094F8402080F8FD2300F2FD332360E3E743
:103A90004FF0FF30E1E700BF70B54C1C2BD00E4655
:103AA0000546144610B1436B002B4CD0B4F90C30D2
:103AB00023F020025807A28106D4D9061BD51B0784
:103AC00034D442F00402A281226B6368F6B2AAB138
:103AD000626B9A4209DD23685A1E226003F8016C6A
:103AE000636801336360304670BD21462846FFF7A6
:103AF00099FF0028EFD04FF0FF36F4E722692168E4
:103B00002AB18A4203D211F8012CB2421ED02246B9
:103B1000C4E90E1304F1400003232063636302F839
:103B2000426F0123C4E90023304670BD2146284678
:103B300003F022FA0028DED1B4F90C20A06022F0B4
:103B40000802A061BDE7FEF735FDAFE7013901339B
:103B5000C4E90013C7E700BF10B4044C03460A468B
:103B600020685DF8044B1946FFF796BF1802002045
:103B700038B5074D0022044608462A6008F0B6FF13
:103B8000431C00D038BD2B68002BFBD0236038BD10
:103B9000340E002038B5D0F818410CB1002038BDE3
:103BA0008021054603F02CFB0246C5F8180130B110
:103BB000031F7C3243F8044F9342FBD1EEE74FF0F2
:103BC000FF3038BD30B51F2983B0054609D8D0F87D
:103BD00018310C4653B153F8240043F8242003B0A5
:103BE00030BD162303604FF0FF30F8E780210192CB
:103BF00003F006FB019AC5F8180103460028F2D02D
:103C0000011F00F17C05002041F8040FA942FBD1FF
:103C1000E1E700BF1F2938B505461FD8D0F81821A5
:103C20000C466AB152F8213053B1012B06D0591C11
:103C300010D0002142F8241020469847002038BDBB
:103C4000284602F0C3FD224601462846BDE838401A
:103C500002F0A6BD16230360012038BD16230360C1
:103C60004FF0FF3038BD00BF1F292CD838B5D0F831
:103C700018310C460546A3B153F8242003EB840306
:103C80004AB1511C0BD0012A07D0002520461D60E7
:103C90009047284638BD012038BD032038BD02209A
:103CA00038BD802103F0ACFA0346C5F8180138B1DD
:103CB000021F00217C3042F8041F8242FBD1DBE767
:103CC0004FF0FF3038BD4FF0FF30704738B5144B20
:103CD0001F281D681ED8D5F81821044662B152F875
:103CE00020304BB1012B05D0591C0FD0002142F8D8
:103CF00020109847002038BD284602F067FD224674
:103D000001462846BDE8384002F04ABD16232B6024
:103D1000012038BD16232B604FF0FF3038BD00BFA7
:103D200018020020124B1F2870B51E6809D8D6F85B
:103D3000183104460D464BB153F8240043F8245083
:103D400070BD162333604FF0FF3070BD80213046C8
:103D500003F056FA0346C6F818010028F3D0021FF4
:103D600000217C3042F8041F8242FBD1E4E700BF0F
:103D70001802002038B50C4B1D68D5F818410CB15D
:103D8000002038BD8021284603F03AFAC5F8180112
:103D900038B1031F00F17C0243F8044F9342FBD17A
:103DA000EEE74FF0FF3038BD1802002038B5184B51
:103DB0001F281D6828D80446D5F81801A0B150F86E
:103DC000243000EB84004BB15A1C0BD0012B07D0E0
:103DD0000025056020469847284638BD012038BD9B
:103DE000032038BD022038BD8021284603F008FAA0
:103DF000C5F8180140B1031F00F17C01002243F80F
:103E0000042F8B42FBD1DAE74FF0FF3038BD00BF03
:103E10001802002038B5074D074C2C1BA41005D004
:103E2000013C55F8043D9847002CF9D1BDE83840D5
:103E300025F000BD24DF030820DF03089FED010A01
:103E4000704700BF0000C07F2DE9F04F85B092465B
:103E50005B4A039089461E460D46294615F8014BDC
:103E6000135D13F00803F8D12D2C7DD02B2C41D0FD
:103E700002934FF0FF326FF00043CDE90023002E94
:103E800043D1302C79D00A27B0463E46DDE9000107
:103E90003A46434607F078FC00238E46834619468F
:103EA0001846A44610E08E4508BF83454CD000FB61
:103EB00008F307FB0133A0FB07010B44201843EB79
:103EC000E471012315F801CBACF13004092C05D9BC
:103ED000ACF14104192C1ED8ACF13704A64222DD06
:103EE000B3F1FF3FEED083457EEB0103DBD24FF011
:103EF000FF33E7E72C7802938D1C6FF000434FF0FF
:103F0000FF31CDE90013002EBBD0102E3ED0374636
:103F10004FEAE678BAE7ACF16104192C03D8ACF1AA
:103F20005704A642DCDC5A1C13D0029A12B140425C
:103F300061EB4101BAF1000F03D0002B3DD1CAF86B
:103F4000009005B0BDE8F08FA242B0DA4FF0FF3329
:103F5000B8E7039A22231360BAF1000F28D0DDE9F5
:103F6000000105F1FF39EAE700934FF0004001231B
:103F70002C78CDE901038D1C81E72B7803F0DF035A
:103F8000582B0ED00827B0463E467FE7302C03D092
:103F900037464FF0000879E72B7803F0DF03582B02
:103FA000F6D110276C784FF0000802353E466DE7D9
:103FB000DDE9000105B0BDE8F08FCDE90001CEE7F5
:103FC000B199020840E700BF10B4044C8446134680
:103FD00020685DF8044B0A46614635E71802002068
:103FE00010B4044C8446134620685DF8044B0A461E
:103FF000614629E718020020704700BF704700BFE4
:1040000070B50C785E2C864624D00023481C9C4654
:10401000002263F3070263F30F2263F3174263F393
:104020001F620EF58071734643F8042B8B42FBD15F
:1040300074B18CF001010EF80410451C15F8013C18
:104040002D2B0ED05D2B0AD01BB11C462846F2E763
:10405000013870BD01234C78881C9C46D8E728465F
:1040600070BD90F801C0BCF15D0FEED06445ECDC92
:10407000661C02300EEB060202F8011BA2EB0E03D7
:10408000013B9C45F8DCACEB0403013B6445A8BF55
:1040900000230235F418D1E72DE9F8430746884696
:1040A00016464FF00009D6E90154013D10D4A3890A
:1040B000012B08D9B4F90E3001332146384602D01D
:1040C000C04749EA0009013D6B1C04F16804EED1C8
:1040D0003668002EE7D14846BDE8F883F0307047D7
:1040E000004870473C040020004870473C04002012
:1040F0002DE9F04F2DED028B9DB0884600210792EF
:10410000189100220021CDE90412834641461791FF
:104110000F4611F8012B2D2A5ED801A050F822F08D
:10412000F3420008D9410008D9410008D9410008EC
:10413000D9410008D9410008D9410008D9410008F7
:10414000D94100080F4100080F4100080F41000845
:104150000F4100080F410008D9410008D94100086B
:10416000D9410008D9410008D9410008D9410008C7
:10417000D9410008D9410008D9410008D9410008B7
:10418000D9410008D9410008D9410008D9410008A7
:10419000D9410008D9410008D9410008D941000897
:1041A0000F410008D9410008D9410008D941000851
:1041B000D9410008D9410008D9410008D941000877
:1041C000D9410008D9410008D94100089B4800089E
:1041D000D9410008AF48000800210891302A00F0BA
:1041E0009780002309932F2A144640F202854FF04E
:1041F000000938464E464D4613E00130082D179011
:10420000C8BF09EB89090478C6BF02EB4902A2F1D5
:104210003009A3F130062F2C05F10105224640F3A9
:10422000B88006EB8603392C02EB4303E5DDB04989
:104230000122FCF749FC00287BD1179A1346013272
:1042400017925C78002D40F0A285302C40F09C85C0
:1042500013461846013317931C78302CF9D0C2F15D
:1042600001031844A4F13103082B36D8179F431CCF
:10427000A4F1300E0D9301253C464FF0000A06EBE9
:1042800086060EEB46060020631C17936478A4F1A3
:104290003002092A00F2F182179C01309646002A6A
:1042A000F2D00128D8BF05F1010C40F3FB8600EBEA
:1042B000050C0CF1FF3103E05E00A94200F0F2862C
:1042C000082D06EB860305F10105F5DD102DDCBF99
:1042D00009EB89094FEA4909EFE7652C40F0EA82CA
:1042E00000230122CDE90C239A46099B034340F0A9
:1042F000D282079B9FED7C8B0BB1C3F80080B0EEA0
:10430000480AF0EE680A1DB0BDEC028BBDE8F08FE4
:104310007A7802F0DF02582A00F02E8401371797CE
:104320003A78302AFAD0002A00F08F8201230993CC
:1043300059E70020CDE90C00AA46652C36D0452C63
:1043400034D000230E93002D7CD1099B034340F011
:104350007C820C9B002BCCD1692C00F0778400F37D
:104360007084492C00F072844E2CC2D1614917A888
:1043700004F0ECFD0028BCD0179B1B78282B00F024
:1043800083855D4804F0E4FEB0EE408AF0EE608A7A
:104390005DE257490122FCF797FB0028C9D1179B22
:1043A0000D905A1C17925C78AA4670E7002D9CD09D
:1043B000DDF85C8008F10103179398F801402B2C7D
:1043C00000F066822D2C00F05B824FF0000CA4F10F
:1043D0003001092900F24C82302C179B0AD101339D
:1043E00017931C78302CFAD0A4F13102082AA8D8EF
:1043F000A4F130015A1C17925C782F2C40F30D84E5
:1044000096460E9308E0013217929EF801402F2C39
:10441000A3F1300106DD964601EB8103392C04EB54
:104420004303F0DD0E9BD21A082A40F3F68344F6CC
:104430001F630E93BCF1000F85D00E9B5B420E9361
:10444000002D82D0DDE90D23BAF1000F08BFAA4686
:104450009B1A102D30460C932C46A8BF102406F052
:1044600073FC092D02460B46CDE9042316DD234BD0
:1044700003EBC40353E9122306F0E0FC024648466E
:104480009046894606F060FC02460B464046494687
:1044900006F01EFB0F2DCDE9040131DC0C9B002B37
:1044A00000F039830C9B40F36882162B40F3BC83E9
:1044B0000C9AC5F12503934222DB104CC5F10F0580
:1044C00004EBC501DDE90423D1E9000106F0B6FCE7
:1044D0000C9B5D1B04EBC504D4E9002306F0AEFC85
:1044E00041EC180BB3E100BF000000000000000029
:1044F000C8B90208C4B60208A0BA0208589C02084B
:104500000C9B2C1B1C44002C40F3DA8114F00F0090
:104510000AD03B4901EBC001DDE90423D1E90001E8
:1045200006F08CFCCDE9040134F00F034BD0B3F559
:104530009A7F00F3A083102BDFF8D8E04FEA231412
:1045400040F3E884DDE904234FF0000C0997F046BE
:10455000E146774614F0010F1046194607D0D8E916
:10456000002306F06BFC4FF0010C02460B46641072
:10457000012C09F1010908F10808EBD1BE46099F99
:10458000BCF1000F01D0CDE90423059BA3F15473C6
:104590000EEBC9010593DDE90423D1E9000106F022
:1045A0004DFC184BCDE904010B400A4616498B42DD
:1045B00000F2618315498B4240F24484144C4FF061
:1045C000FF33CDE904340023099300962B4652466D
:1045D0003946584604F07AFE1290002800F04B83CA
:1045E000DDE90D329B1A0C9A002AA8BF00230D9317
:1045F0004FF0000922EAE2731393CA46E6E000BFD7
:10460000589C02080000F07F0000A07C0000907C15
:10461000FFFFEF7F489D0208D21A1F2AA4EB020475
:1046200000F33B82012303FA02F500231093099B58
:1046300026444444A0451E444346A8BF2346B342F3
:10464000A8BF3346002B03DDE41AF61AA8EB0308D3
:104650000D9B002B00F3CA81002C00F3E0810C9B22
:10466000002B00F31082002E00F30282B8F1000F3D
:1046700008DD51464246584605F012F882460028A9
:1046800000F0FF8118993A46584605F0A3F8814694
:10469000002800F0F6810023C268C36051460E92E4
:1046A00005F076F80028C0F20284059E00F07C83B5
:1046B0005146484605F03AFA55EC104B00224FF0AF
:1046C00080432046294606F035FE002800F07E8112
:1046D0000E9B002B40F0EE81049B002B40F0788273
:1046E000C6F31303002B40F01982B14B0022204681
:1046F000294606F015FE002840F04D83AD4B002200
:104700002046294606F09AFB0A460146CDE91012DA
:1047100002F100430A900B93DFF8A082A64B06EA51
:1047200008089845DDE90A4500F0CB81099B1BB3D9
:10473000B8F1D46F20D89AA3D3E90023DDE91001A2
:1047400006F0F8FDA0B1DDE9100106F04FFE0128EA
:1047500038BF012006F0F8FA0E9BCDE91001002BBE
:1047600040F08F8201F1004314901593DDE9144568
:1047700005F1D663A3EB0805B0EE480AF0EE680A2F
:1047800005F0E4F8204653EC102B294606F056FBC2
:1047900053EC182B06F09CF9CDE904010C46099B5B
:1047A00023B9864B2340984500F0C181189958469B
:1047B00004F032FD3946584604F02EFD5146584665
:1047C00004F02AFD4946584604F026FD129C58463E
:1047D000616804F0FBFC0746002800F05281226962
:1047E0000232920004F10C010C30FDF711FC9DED3A
:1047F000048B1AAA19A95846B0EE480AF0EE680AC6
:1048000005F034F91890002800F012810121584673
:1048100004F008FE8246002800F03381199B002B2B
:10482000C0F221810D9A139E03EB0208099A1A9C8B
:104830009B1A2344624A013B9342C4F13604FFF6BB
:10484000EBAE002310930125F1E69FED578B079AFD
:104850000AB1179B1360089B002B3FF450AD18EE74
:10486000901A18EE102A01F1004343EC182B46E58C
:104870000023CDF85C800E9365E501230C935CE585
:104880004FF0010C08F10203179398F802409EE5DF
:104890004FF0000CF6E700258AE500220892791C0B
:1048A00017917A78002A3FF424AD0F4696E401224E
:1048B0000892F4E7452C3FF413AD01230C9344E533
:1048C0003FF481AE644214F00F020AD03D4B03EB7B
:1048D000C203DDE90401D3E9002306F0D9FBCDE9E9
:1048E000040124113FF46FAE1F2C40DC14F01003C0
:1048F00018BF6A230993DDE90423DFF8CC804FF069
:10490000000C14F0010F1046194607D0D8E9002317
:1049100006F094FA4FF0010C02460B46641008F1C1
:104920000808EED1BCF1000F01D0CDE90423099BAA
:10493000A3B1DDE90401C1F30A52C2F16B03002BFC
:104940000ADD1F2B40F327830020342B049040F313
:104950008E834FF05C7305936A230993DDE90401AC
:104960000022002306F0D2FC00283FF42EAE2223C2
:104970009FED0D8BCBF8003069E71633FFF6C0AD25
:10498000DDE90D329A1A0F4B03EBC203DDE9040196
:10499000D3E9002306F07CFB41EC180B57E700BF7E
:1049A0000000C0FFFFFFDF4100000000000000002A
:1049B0000000F03F0000E03F0000E07F0000F07FDB
:1049C00002FCFFFF589C0208009B0208BE4B2046D9
:1049D0002946002206F032FA0E9BCDE91001002B89
:1049E00063D101F100430A900B9395E651461A46B4
:1049F000584604F0FBFD8246002842D00146189A32
:104A0000584604F03DFD00283BD00E9018995846BA
:104A100004F002FC0E9B1893002C7FF720AE18992F
:104A20002246584604F03CFE189000287FF417AE4A
:104A300005469FED978B2223CBF800302946584638
:104A400004F0EAFB3946584604F0E6FB5146584666
:104A500004F0E2FB1299584604F0DEFB4946584642
:104A600004F0DAFBF3E6139ADDF83480D61ADDE6BB
:104A700039463246584604F013FE074600287FF4B4
:104A8000F5AD189DD5E73946139A584604F0AEFDAA
:104A9000074600287FF4E7ADF3E78C4AD31A0122DA
:104AA00002FA03F310931546C1E59DED107B8DEDE1
:104AB0000A7B31E69FED787B8DED0A7B8DED107BD7
:104AC0002AE6A6F154730593DDE9044545EC104B45
:104AD00004F03CFFDDE90A2351EC100B06F0AEF9BF
:104AE00022462B4605F0F4FF794A7A4B0A409A4257
:104AF000CDE9040179D918EE902A03F154739A4252
:104B000003D118EE103A0133BBD0734C4FF0FF3392
:104B1000CDE904344AE69DED048B98E69FED607B79
:104B20008DED0A7B9FED5C7B8DED107BF4E5DDE97F
:104B300010562846314606F053FE06F051F902465B
:104B40000B462846314605F0C1FF0E9D049EC4F376
:104B50001304354302460B462543CDE90E2325D1E8
:104B600051A3D3E9002306F0DBFB00283FF41EAE7F
:104B70009DED048B189D61E70293089B019318AB90
:104B80000093564A19AB17A9584601F073FE10F06E
:104B90000F0504463FF459AE062D40F0A9800137B9
:104BA00000239FED438B1797089350E642A3D3E968
:104BB000002306F0B5FB0028DAD1DDE90E0140A3A1
:104BC000D3E9002306F0CAFB00283FF4EFADCFE79E
:104BD000049B012BA2D1002EA0D1189C22239FED73
:104BE000348B2546CBF8003028E701F15474059446
:104BF000D5E53B4901223846FBF766FF002800F067
:104C0000BA804FF000094E464846CDF834904D46E4
:104C1000CDF83090CA46FFF792BB44F61F63994225
:104C2000A8BF19460E9105E40C982E4901EBC0016E
:104C3000DDE90423D1E9000106F000F941EC180B8D
:104C400005E66E2C3FF492ABFFF753BB264917A83D
:104C500004F07CF900283FF44CAB179B2349013B3F
:104C600017A8179304F072F910B9179B0133179323
:104C70009FED078BEBE522239FED058BCBF80030F2
:104C8000E5E59DED107B8DED147B6FE5AFF30080C6
:104C9000000000000000F07F000000000000F03F76
:104CA000000000000000F0BF9535A094FFFFCF3F4B
:104CB00000000000000000009535A094FFFFDF3FDA
:104CC00035E5AF350000E03F0000E03FE2FBFFFFCD
:104CD0000000F07FFFFF9F7CFFFFEF7FD89A020864
:104CE000C8B90208589C0208CCB90208D0B9020819
:104CF000189A3AB135211AA804F068FF1899584655
:104D000004F08AFA013D199B042D00F2DE81DFE8F0
:104D100005F0032C291E03001A9A049203F2334271
:104D20001B9B23F4801343EA02530593E20502D54B
:104D300043F000430593B64A1A409DED048B002AC8
:104D40007FF485AD02F052F9222303607FE54FF036
:104D5000FF326FF00043CDE90423E3057FF5DBAEBE
:104D6000059BE5E7AA4B0593F7E7DDE91A121B9BC4
:104D7000CDE90412DAE7179A1346013217925C78EC
:104D800006468146FFF761BA0020FFF76BBAAA46D4
:104D90000D90FFF77CBA9FED9A7B8DED0A7B9FED1E
:104DA0009A7B8DED107BB7E40E9BDDF840C09949EE
:104DB000A846C6F31302002B49D08A4200F0F380C4
:104DC000BCF1000F37D1049B1D4237D0B0EE480A2A
:104DD000F0EE680A04F0BAFD099B51EC100B002BB1
:104DE00000F04D81C6F30A53C3F16B03002B07DDBE
:104DF0001C0504F17F53002203F5401306F01EF852
:104E000002460B4651EC180B05F062FE41EC180B04
:104E1000814B51EC180B002206F010F841EC180BF6
:104E20007B4B18EE902A1340002B7FF4A3AE222375
:104E3000CBF800309EE61CEA060FC7D1099B002B79
:104E4000E6D197E602F154730593FFF7BCBB002A45
:104E500064D1DDE90401002840F09680099B002B15
:104E600040F0F48021F00044240D2405A4F58014C2
:104E70006FEA14536FEA035305934FF0FF33049323
:104E80009DED048B189DD9E5644917A81AAA04F072
:104E900079F805287FF475AA1B9B43F0FF4343F480
:104EA000E00305931A9B04939DED048BCFE4DDE9A9
:104EB00004010E9B0343C1D1C1F31303002BBDD1E9
:104EC00021F00044240D2405B4F1D66F2546B5D950
:104ED000D9F814301BB9D9F81030012BAEDD494692
:104EE0000122584604F0DCFB5146814604F050FC98
:104EF0000028A3DD099B002BB8D0A5F580156FEA2B
:104F000015536FEA035305934FF0FF3304939DED60
:104F1000048B7DE74FF00009FFF737BBBCF1000FB2
:104F20002DD1049B1D4289D0B0EE480AF0EE680AEC
:104F300004F00CFD099B51EC100B002B72D0C6F352
:104F40000A53C3F16B03002B07DD1C0504F17F53EB
:104F5000002203F5401305F071FF02460B4651ECA9
:104F6000180B05F0B3FD02460B4643EC182B00224C
:104F7000002306F0CBF900283FF44AAF2DE61CEAE7
:104F8000060F3FF45BAFCFE7BCF1000FF7D128422B
:104F90003FF454AFC8E74FF0FF3202FA03F3049A2C
:104FA0001A400492D8E4099B0499B3B1184A3240DC
:104FB000B2F1D46F11D8120DC2F16B024FF0FF3075
:104FC00000FA02F291420BD0BCF1000F7FF433AF34
:104FD00011EA080F3FF432AFF8E64FF0FF32F1E785
:104FE0000F4A964255D00A4A324002F58013059383
:104FF000002304939DED048B20E700BFAFF30080F6
:10500000000000000000E0BF000000000000E03FE2
:105010000000F07FFFFF0F0000005039EC9A0208FB
:10502000FFFFEF7F02460B4651EC180B05F04EFDDB
:10503000189C02460B4643EC182B00220023254601
:1050400006F064F900283FF4F9ACC7E5244D35407B
:10505000B5F1D66F3FF651AFB5F15C7F3FF6D8AEF4
:1050600022239FED1B8B189DCBF80030E6E4C2F1A4
:105070004B024FF0FF3393400B4005936CE4024624
:105080000B4651EC180B05F023FD189D41EC180B55
:10509000D4E40131A7D122239FED0F8B189DCBF8CB
:1050A0000030CBE40D9B082D03440D9302DC6546D4
:1050B000FFF7E5B8BCF1100FDCBF09EB890902EB83
:1050C000490965460020FFF7DFB800232EE600BF40
:1050D0000000000000000000000000000000F07F61
:1050E0000000F07F014BFFF703B800BF4C03002026
:1050F00010B4054C8446134620685DF8044B0A46FC
:105100006146FEF7F5BF00BF1802002010B4054C41
:10511000054B84460A4620685DF8044B6146FEF75D
:10512000E7BF00BF180200204C0300202DE9F0412A
:10513000DFF8A480044613462DED028B0A46D8F80A
:1051400000002146FEF7D4FF55EC104B22462B46BB
:105150002046294606F00CF950BB2046294606F0A9
:1051600065F908EE100ADFED197AB0EEC87AB4EEF0
:10517000677AF1EE10FA15DD25F00047144B4FF079
:10518000FF322046394606F0F3F838B9104B4FF09D
:10519000FF322046394606F0CDF818B1D8F8003075
:1051A00022221A60B0EE480ABDEC028BBDE8F08105
:1051B000002D084804DAFEF741FEB1EE408AF1E71F
:1051C000BDEC028BBDE8F041FEF738BEFFFF7F7FEC
:1051D000FFFFEF7FA0BA0208180200202DE97043FC
:1051E0002C4E2D4B04460A462DED028B214630688D
:1051F000FEF77EFF55EC104B22462B4620462946F3
:1052000006F0B6F8C0BB2046294606F00FF908EEB6
:10521000100ADFED227AB0EEC87AB4EE677AF1EECA
:1052200010FA1ADD25F000491D4B4FF0FF322046E1
:10523000494606F09DF838B9194B204649464FF0CB
:10524000FF3206F077F840B1336822221A60B0EEE0
:10525000480ABDEC028BBDE8708318EE103A13F0DB
:10526000FF4FF4D10F4B2B40002BEDD1B0EE480A8D
:10527000BDEC028BBDE87083002D0B4804DAFEF70D
:10528000DDFDB1EE408AE2E7BDEC028BBDE8704384
:10529000FEF7D4BD180200204C030020FFFF7F7FE3
:1052A000FFFFEF7F0000F07FA0BA020842B110B507
:1052B0000B4910461446FBF7E3F918B9094810BD2D
:1052C0000848704707492046FBF7DAF90028F5D06F
:1052D00005492046FBF7D4F90028EFD0002010BD87
:1052E000DCB90208D8B90208A0BA0208014B93F849
:1052F000280170474C03002041B110B50C462046F0
:105300000A49FBF7BDF918B9094810BD08487047AC
:1053100007492046FBF7B4F90028F5D00549204697
:10532000FBF7AEF90028EFD0002010BDDCB9020871
:10533000D8B90208A0BA020800000000000000006E
:1053400001F0FF01102A2BDB10F0070F08D010F836
:10535000013B013A8B422DD010F0070F42B3F6D13A
:10536000F0B441EA012141EA014122F007047FF053
:1053700000070023F0E80256083C85EA010586EAAA
:10538000010685FA47F5A3FA87F586FA47F6A5FAE6
:1053900087F68EB9EED1F0BC01F0FF0102F00702F2
:1053A00032B110F8013B013A83EA010313B1F8D19D
:1053B0000020704701387047002D06BF354603387E
:1053C000073815F0010F07D1013015F4807F02BFB7
:1053D000013015F4C03F0130F0BC0138704700BF08
:1053E0002DE9F04FBFB00C46079192460993089003
:1053F000FEF776FE036810931846FAF7C1FFA389FB
:105400000F901E0603D52369002B00F0A8869FEDA0
:10541000A47B0023CDE92233CDE911338DED0C7B44
:105420002EAA0E93219291460593D3469BF8003005
:10543000002B00F042815C4604E014F8013F002B91
:1054400000F01981252BF8D1B4EB0B0540F0168143
:105450002378002B00F031814FF000038DF8673086
:1054600000276378049704F1010B4FF0FF3A0BF12A
:10547000010B9846A8F12003582B00F22B81DFE89E
:1054800013F05202290129014D02290129012901A4
:1054900029012901290115024702290120022502BB
:1054A0002901420259005900590059005900590078
:1054B000590059005900290129012901290129010F
:1054C000290129012901290129016800A4012901D3
:1054D000A40129012901290129017D0229012901AC
:1054E000950029012901290129012901A600290185
:1054F000290146062901290129012901290129013A
:1055000029012901290129016F026A00A401A401CE
:10551000A4016A026A00290129015D022901B90278
:105520009700A802A302290182022901A8002901EB
:1055300029016606A8F1300300221BF8018B02EB5B
:10554000820203EB4202A8F13003092BF5D9049241
:1055500090E747F01007BD0640F17781099B0733BC
:1055600023F007031A46596852F8083B09920A4685
:105570000029C0F29581BAF1000F9DF8674007DB62
:1055800027F08001029153EA020100F0B283029FEA
:105590000A2B72F1000180F06D8630338DF8B73040
:1055A0000123029706930DF1B70550E047F010076D
:1055B00017F0200200F06081099B073323F00703F6
:1055C00019465A6851F8083B099100210FE047F04D
:1055D000100717F0200200F04581099B073323F0E4
:1055E000070319465A6851F8083B09910121002424
:1055F000BAF1000F8DF8674007DB27F080000290BA
:1056000053EA020000F07683029F0129C0D00229EC
:1056100000F0F1822EAD03F00701DB0843EA42738C
:10562000D208303153EA0206284605F8011DF2D1AE
:10563000FB0740F1EE82302900F0EB823023023884
:1056400005F8013C2EAB1B1A029706930546069BF4
:105650005345B8BF5346039300230B9314B1039BE8
:1056600001330393029B13F0020345D0039B0233E3
:105670000393022340E0B4EB0B051ED0239B2B4485
:105680002393229B0133072BC9E900B522930BDC3E
:1056900009F10809059B2B440593D9E6AFF3008077
:1056A0000000000000000000DDE9071021AA03F05F
:1056B0000FFC30B90DF1B809ECE7239B002B40F04B
:1056C0003C87079B9B895B0601F10C8005983FB0E6
:1056D000BDE8F08FB8F1000FEFD000238DF86730F0
:1056E00001238DF890800393069324AD4FF0000AB8
:1056F0000297CDF82CA05346029A239C12F0840204
:105700000A9205D1DDE90312561A002E00F3048334
:105710009DF867208AB1229A0DF1670101320134A8
:10572000C9F80010072A4FF0010123942292C9F80A
:10573000041000F32A8309F1080983B1229A1AA9F7
:1057400001320234C9F80010072A4FF002012394F5
:105750002292C9F8041000F3268309F108090A9B74
:10576000802B00F0BD81069BAAEB0306002E00F300
:10577000F981029BDE0500F14A81069BC9F80430DD
:105780001C44229BC9F800500133072B2394229319
:1057900000F3588209F10809029B5A0705D5DDE993
:1057A00003239D1A002D00F30A83DDE904230399E6
:1057B0008A42ACBF9B185B180593002C40F02E82E8
:1057C000002322930DF1B80930E6099B073323F03B
:1057D0000703B3EC027B55EC174B099325F000430C
:1057E00015938DED147ADDE91401B74B4FF0FF32BC
:1057F0008DED0C7B05F0BCFD002840F01084DDE948
:105800001401B14B4FF0FF3205F094FD002840F039
:105810000684002200232046294605F081FD002849
:1058200040F025869DF86740A84D27F0800302933D
:10583000A74BB8F1470FD8BF1D464FF0000A03230E
:1058400003930693CDF82CA008E7099AFC0652F8BA
:10585000043B09921FD478061DD543F3C03211468C
:105860001BB285E6099951F8043B099117F0100124
:1058700000F0CD830121BAE6099951F8043B099162
:1058800017F010017FF4A1AE17F040023FF49DAE77
:105890000A469BB299E6DA1711460029BFF66BAEAD
:1058A0005B4262EB42022D240121A1E6099B53F8E1
:1058B000042B0492002A80F2A283049A0993524294
:1058C00004929BF8003047F00407D0E55A4612F8DE
:1058D000018BB8F12A0F00F04E87A8F13003092B95
:1058E00098BF4FF0000A00F2B98612F8018B0AEB5C
:1058F0008A0A03EB4A0AA8F13003092BF5D94AEAD0
:10590000EA7A9346B6E59BF8003047F08007AEE5AB
:105910002B238DF867309BF80030A8E59BF800300A
:1059200047F00107A3E59DF867209BF80030002AA7
:105930007FF49DAD20228DF8672098E59BF800301C
:105940006C2B03BF9BF8013047F020070BF1010BD4
:1059500047F010078BE59BF8003047F0400786E5DD
:10596000099B00228DF8672053F8042B099301232B
:105970008DF890200393069324ADB7E69BF8003092
:1059800047F0080773E5099C54F8045B00268DF87E
:105990006760002D00F01285BAF1000FC0F21A8482
:1059A000524631462846FFF7CBFC002800F04586DA
:1059B000431B069323EAE3730994B2469DF86740BC
:1059C000029703930B9649E69BF8003047F02007B7
:1059D0004DE5099A52F8043B099247F63002ADF8BA
:1059E00068203C4A119247F00207002202214FF042
:1059F0007808FCE5BD0640F18183099B059A1B6888
:105A00001A60D2175A60099B043309930EE5B8F166
:105A1000650F40F32381DDE90C010022002305F02E
:105A200075FC002800F00782229B2B4AC9F8002051
:105A3000013301340122072B23942293C9F8042057
:105A400000F3958409F108091B9B0E9A934203DB2E
:105A5000029BDD077FF5A0AE0F9B109A1C44C9E99D
:105A60000023229B23940133072B229300F3998474
:105A700009F108090E9B5D1E002D7FF78DAE102DDC
:105A8000229B164F40F3D380DDE907A8102605E0DE
:105A900009F10809103D102D40F3C980013310347D
:105AA000072BC9E90076CDE92234F1DD21AA514660
:105AB000404603F00DFA00287FF403AEDDE92234FE
:105AC0000DF1B809E6E700BFFFFFEF7FE8B9020874
:105AD000E4B90208F4B902084CB90208389B02087C
:105AE000DDE903239E1A002E7FF73DAE102E229B88
:105AF000B74F24DD4A462146A946DDE9075404E0B4
:105B0000103E102E02F1080216DD01331031102074
:105B1000072BCDE9223117605060F1DD21AA29461B
:105B2000204603F0D5F900287FF4CBAD103E102EAF
:105B3000DDE922312EAAE8DC4D460C4691460133C0
:105B40003444072BCDE92234C9F80070C9F8046049
:105B500000F31A84069BAAEB0306002E09F108093C
:105B60007FF707AE102E229B994F2CDD4A46214627
:105B7000B1464FF0100A2E46DDE9075406E0A9F1C0
:105B80001009B9F1100F02F1080218DD0133904835
:105B90001031072BC2E9000ACDE92231EFDD21AA3D
:105BA0002946204603F094F900287FF48AADA9F134
:105BB0001009B9F1100FDDE922312EAAE6DC3546D5
:105BC0000C464E46914601333444072BCDE922342E
:105BD000C9F80070C9F8046000F3EA8109F1080906
:105BE000C7E50129029F4FF000033FF4D6AC02291C
:105BF0001A467FF40FAD11982EAD03F00F011B096B
:105C0000415C05F8011D43EA0273120953EA0201DF
:105C1000F3D12EAB5B1B0297069318E5DDE9071065
:105C200021AA03F055F900283FF4CAAD49E5013334
:105C30002C44072BC9F80070C9F80450CDE9223470
:105C40007FF7A8ADDDE9071021AA03F041F900288C
:105C50007FF437AD239C0DF1B8099DE50E9B229E84
:105C6000012B04F1010406F1010609F1080840F3D3
:105C70005B810123072ECDE92264C9F80050C9F8E1
:105C8000043000F3A2810F9B109A01361C44072EAA
:105C9000C8E90023CDE9226400F3A48108F10808D3
:105CA0000E9BDDE90C0103F1FF390022002305F012
:105CB0002DFB002840F05381013601354C44072E5E
:105CC000CDE92264C8F80050C8F8049000F33A8186
:105CD00008F10808129BC8F8043001361C44072E4E
:105CE0001DABCDE92264C8F80030ABDC08F108092F
:105CF00052E50121BAF1000F7FF473AF002940F0A3
:105D00000E8117F00103069300F07E8130238DF899
:105D1000B7300DF1B7059AE4102E229A2D4F26DDEB
:105D200049462046A9461393DDE9075404E0103E96
:105D3000102E01F1080116DD013210301023072A60
:105D4000CDE922200F604B60F1DD21AA29462046D3
:105D500003F0BEF800287FF4B4AC103E102EDDE94D
:105D600022202EA9E8DC139B4D46044689460132C9
:105D70003444072ACDE92224C9F80070C9F8046028
:105D800000F3B28209F10809C2E4DDE9071021AA93
:105D9000139303F09DF800287FF493AC239C139B8E
:105DA0000DF1B809C9E4DDE9071021AA03F090F864
:105DB00000287FF486AC239C0DF1B809CFE4102DA8
:105DC000229B044F24DDDDE907A8102609E000BF6F
:105DD000389B0208289B0208103D102D09F1080984
:105DE00016DD01331034072BC9E90076CDE92234E2
:105DF000F2DD21AA5146404603F06AF800287FF4FC
:105E000060AC103D102DDDE922340DF1B809E8DC5D
:105E100001332C44072BC9E90075CDE922347FF703
:105E2000C4ACDDE9071021AA03F052F800287FF482
:105E300048AC239CB9E41B99002940F364820B9F72
:105E40000E9B9F42A8BF1F46002F0BDD229B0133F4
:105E50003C44072BC9E900572394229300F3CF83D6
:105E600009F108090B9E002FA8BFF61B002E00F3B6
:105E700085811B9B0E9A934280F26C810F9A109938
:105E80001444C9E90012229A23940132072A22926B
:105E900000F3F28209F108090E9A0B99D31A561AE7
:105EA0009E42A8BF1E46002E0EDD229AC9F804604D
:105EB00001320D443444072AC9F800502394229239
:105EC00000F3A98309F10809002EACBF9D1B1D46F4
:105ED000002D7FF761AC102D229BBB4F7FF7A7AE43
:105EE000DDE907A8102605E009F10809103D102D8D
:105EF0007FF79DAE01331034072BC9E90076CDE959
:105F00002234F1DD21AA5146404602F0E1FF00288B
:105F10007FF4D7ABDDE922340DF1B809E6E7CDF81F
:105F200018A02EADFFF793BB029BD9073FF5A1AE9A
:105F30000123072ECDE92264C9F80050C9F80430C6
:105F40007FF7C8AEDDE9071021AA02F0C1FF0028E3
:105F50007FF4B7ABDDE922640DF1B808BAE60E9B19
:105F6000012B7FF7B7AE112B974F40F36582DDF819
:105F700020A0102507E008F10808A9F11009B9F1DF
:105F8000100F40F3598201361034072EC8E900750E
:105F9000CDE92264EFDD079921AA504602F098FF6F
:105FA00000287FF48EABDDE922640DF1B808E4E748
:105FB000DDE9071021AA02F08BFF00287FF481ABF6
:105FC000239C0DF1B809FFF7D4BBDDE9071021AA26
:105FD00002F07EFF00287FF474ABDDE922640DF14E
:105FE000B80850E6DDE9071021AA02F071FF002889
:105FF0007FF467ABDDE922640DF1B80850E6099340
:106000009BF80030FFF733BA2EADFFF720BB17F037
:1060100040021CBF0A469BB20121FFF7E8BADDE946
:106020000C0102460B4605F0A3F9002840F05F83FF
:10603000BAF1FF3F28F0200600F0FC82472E04D181
:10604000BAF1000F08BF4FF0010ADDE90C0147F477
:10605000807200290292C0F229829DED0C7B8DEDA9
:10606000167B00230A93B8F1650F00F0F28200F36B
:106070002482B8F1450F00F0EC821FAB01931CABFA
:10608000009302219DED160B08981BAB524601F0C0
:10609000F9FBF907054640F1A88000EB0A04DDE9A9
:1060A00016010022002305F031F9002840F0258276
:1060B0001F9BA34206D230215A1C1F9219701F9BAE
:1060C0009C42F9D81B9A0B925B1B472E0E9300F053
:1060D0009180B8F1660F40F093800B9A07F00103AE
:1060E000002A43EA0A0340F36182002B40F019833F
:1060F0000B9B039306934FF0660814E2FC066FD4E3
:1061000078066DD5099B059A1B681A807BE42F4B96
:10611000119317F0200200F09F80099B073323F0B2
:10612000070319465A6851F8083B0991F90740F1ED
:10613000908053EA020100F08C8030218DF86810C5
:106140008DF8698047F002070221FFF750BA204B13
:106150001193DEE7029AD0077FF59EAE8EE608988F
:10616000402101F04DF8079B18601861002800F0ED
:10617000B682079A40235361FFF749B9102E229B3C
:10618000114F40F3668122464FF01008DDE9074ABF
:1061900005E009F10809103E102E40F35981013342
:1061A0001032072BC9E90078CDE92232F1DD21AAAE
:1061B0002146504602F08CFE00287FF482AADDE9D9
:1061C00022320DF1B809E6E7389B02086C9F0208FD
:1061D000F4B902082846FAF7D3F80346FFF7E9BBFB
:1061E000099B059A1B681A600DE41F9B1B1A0E93EE
:1061F0001B9B0B930B9BDA1C80F28381A8F1020896
:106200000B9B8DF87480591E00291B91B6BFC3F1FA
:1062100001012B232D2309298DF8753000F39C8172
:10622000302330318DF8763004238DF877101293B7
:106230000E9A129B012A1344069340F31482069B84
:106240000F9A1344069323EAE373039300230B93FB
:1062500069E10221FFF7CBB9099951F8043B099193
:1062600017F010017FF462AF17F040021CBF9BB221
:106270000A465BE7CDE90287B34E2EAD4FF0050E1F
:10628000991841F10001A6FB010727F0030000EB7C
:106290009700091A581A9846944662F100034FF085
:1062A000CC3202FB00F206FB0322A0FB063003F017
:1062B00001070244A7FB0E074018B8F10A0F4FEA86
:1062C000530300F130007CF1000C43EAC27305F87F
:1062D000010D4FEA5202D3D2DDE902872EAB5B1BE0
:1062E00002970693FFF7B3B9DDE9071021AA1393CC
:1062F00002F0EEFD00287FF4E4A9239C139B0DF12E
:10630000B809FFF705BA229B904AC9F8002001336B
:1063100001340122072B23942293C9F8042000F3AF
:10632000B88009F10809002952D1029B0E9A03F0A6
:10633000010313433FF430AA0F9B10991A19C9E9BE
:106340000013229B23920133072B229300F3378102
:1063500009F108090E99C9F8005001338C18072B70
:10636000CDE92234C9F804107FF714AA6AE4DDE904
:10637000071021AA02F0ACFD00287FF4A2A9239CFB
:106380000DF1B809FFF760BBDDE9071021AA02F0A3
:106390009FFD00287FF495A9239C0DF1B809FFF714
:1063A000E2B9DDE9071021AA02F092FD00287FF48E
:1063B00088A9239C0DF1B809FFF75CBB5346062B57
:1063C00028BF0623624D069309940393FFF78EB905
:1063D0000F9B10981A19C9E90003229B23920133DD
:1063E000072B229300F3EB8009F108090029B1DAA9
:1063F0004E421031574F80F23F81DDE907A810244B
:1064000005E009F10809103E102E40F335810133F3
:106410001032072BC9E90074CDE92232F1DD21AA3F
:106420005146404602F054FD00287FF44AA9DDE9B8
:1064300022320DF1B809E6E701364C44072ECDE9CA
:106440002264C8F80070C8F804907FF741AC79E581
:10645000144601333444072BCDE92234C9F80070C7
:10646000C9F8046000F3B98009F1080901E52D2499
:106470008DF86740FFF7D8B9DDE9071021AA02F0CF
:1064800027FD00287FF41DA91B9B239C0DF1B80953
:1064900002E5DDE9071021AA02F01AFD00287FF4C9
:1064A00010A91B99239C0DF1B8093CE701F10043A9
:1064B00017932D2316900A93D5E5B8F1660F7FF454
:1064C000DCADCDF80CA00321039C08981FAB019311
:1064D0001CAB009322469DED160B1BAB01F0D2F9CD
:1064E000B8F1660F054604447FF4D9AD2B78302B04
:1064F00000F0E7801B9B1C44D1E51B9A0B922346BE
:10650000E2E59A45FFF67AAE0E9B0B9A934200F3B2
:10651000CB80FE070B9B00F1FB8023EAE372039222
:1065200006934FF067080A9B002B62D02D238DF84D
:1065300067304FF0000AFFF792B8DDE9071021AA93
:1065400002F0C6FCFFF7BDB8CDCCCCCC4CB90208EC
:1065500008BA0208389B02080DF183048D4E2346C9
:106560001846A6FB0123DB0803EB8302A1EB4202E2
:10657000303200F8012C0A46632A194600F1FF3335
:10658000EEDC303103F8011C831EA34280F0FE8054
:106590000DF1750213F8011B02F8011FA342F9D196
:1065A0003EAB181AA0F17103129341E6002B40F0A4
:1065B000D080012303934FF066080693B3E7DDE92B
:1065C000071021AA02F084FC00287FF47AA8DDE9F4
:1065D00022321B990DF1B80908E7DDE9071021AA5D
:1065E00002F076FC00287FF46CA8239C0DF1B8091A
:1065F0003FE4DDF828A09DF86740FFF72FB8DDE9FC
:10660000071021AA02F064FC00287FF45AA8239CFA
:106610000DF1B80926E4DDE9071021AA02F058FCC3
:1066200000287FF44EA81B9B0E9A239CD31A0DF1D1
:10663000B80949E44FF0060A07E50994CDF80CA023
:10664000CDF818A09DF86740029782460B90FFF79F
:1066500005B80AF101030393022135E793464FF091
:10666000000AFEF707BF17F001020B927FF4E7ADB7
:1066700023EAE373039356E701333244072BCDE952
:106680002232C9F80070C9F804607FF761AEDDE915
:10669000071021AA02F01CFC00287FF412A8DDE9F3
:1066A00022320DF1B80955E6DDE90E3213440B9A9A
:1066B0000693002A41DD23EAE37303934FF0670852
:1066C00031E7DDE916010022002304F01FFE002857
:1066D0004BD01B9B0B931C44631B0E93FDE4089A49
:1066E0000C2313604FF0FF330593FEF7EFBF0D9BB4
:1066F000294D002BB8BF2D2427F080030293A8BF9B
:106700009DF86740254BB8BF8DF86740FFF791B8FB
:106710000F9A1344069323EAE37303934FF0670839
:1067200001E70F9B0AEB030808EB0203069323EA39
:10673000E37303934FF06608F5E60B9B069AC3F1EB
:1067400001031A4422EAE273069203934FF06708AA
:10675000E9E60F9B03F1010808EB0A03069323EA1D
:10676000E37303934FF06608DDE6039BC3F1010377
:106770001B931C4493E409999BF8013051F804AB36
:10678000099193464AEAEA7AFEF771BE0223129310
:106790004EE500BFCDCCCCCCF0B90208ECB9020874
:1067A00070B50C46084D03460026204611461C468F
:1067B0002E6006F0BBF9431C00D070BD2B68002B87
:1067C000FBD0236070BD00BF340E002006F09EB9E0
:1067D0002DE9F0410469B4EB611F05DC002303617E
:1067E00000234361BDE8F08100F114054E1111F062
:1067F0001F0C05EB840E05EB860321D055F82610FF
:1068000004339E4521FA0CF1CCF120082DD92F46F6
:106810001A6802FA08F20A4347F8042B53F8041BDB
:106820009E4521FA0CF1F3D8A31B9B00053B9B0866
:10683000013305EB830445F8231079B104340DE0EE
:106840009E4588BF00F11002C8D953F8041B42F8D6
:10685000041F9E45F9D8A41B05EB8404631B9B1001
:10686000AC420361BCD0BDE8F08141610029B5D0E4
:106870002C46E3E72DE9F04F0F6885B0CDE9002005
:10688000BA780393302A894640F0EC81FB1C1A78D1
:10689000302A1C4603F10103F9D0E71B023FDFF861
:1068A000008318F80230002B00F0EE80237818F8EF
:1068B00003304FF0000A5546002B00F06D8126464C
:1068C00016F8013F18F80330002BF9D1B349012223
:1068D0003046FAF7F9F8834600284CD03278002D7C
:1068E00000F0A181AB1B4FEA830B02F0DF02502ABC
:1068F00035464CD0C9F80060BAF1000F74D12A1B9C
:10690000013A072A514604DD5210072A01F101011C
:10691000FADC019802F05AFC8246002800F05F82FF
:1069200000F11406A542029666D90027B9460DE08B
:10693000202F1AD03A4604372B7818F8033003F08A
:106940000F03934049EA0309A54258D015F8013DC9
:106950002E2BEDD1A542EBD3904901222846FAF720
:10696000B3F80028F0D0202FE4D1002246F8049B91
:1069700004279146E0E7002D00F06581327802F0AF
:10698000DF02AB1B502A4FEA830B3546B2D16A783F
:106990002B2A00F046812D2A40F0D3800120AA78CE
:1069A00018F802104A1E182A05F1020600F2D380D8
:1069B000727818F80220103901365AB90CE001EB50
:1069C000810116F8013F02EB4102A2F1100118F813
:1069D00003200AB1192AF2DD00B149428B44C9F8FB
:1069E0000060BAF1000F8AD0002F0CBF06250025E9
:1069F000284605B0BDE8F08F029E4FF0000946F82A
:106A0000049B029BF61AB610CAF81060484602F0C2
:106A1000B7FC009B76011C68361AA64274DCC0F2F3
:106A200004810027009B9A685A45C0F23B81009B75
:106A30005A685A454BDDA2EB0B0B5C4500F38D8089
:106A4000DB68022B00F0DD80032B00F04A81012B74
:106A500040F0DB805C4540F0D880012C08D0611EFE
:106A6000504603F0E1F8002800F0CF80009B5A6800
:106A700003990A60029A0123CAF8103013600E9B32
:106A80006225C3F800A0B3E7444901222046FAF783
:106A90001BF88246002840F08580637818F80320B0
:106AA000651C002A00F08080302B2C4640F02481A9
:106AB00014F8013F302BFBD018F80330B3FA83FAF7
:106AC00001274FEA5A1A002B7FF4F9AE64E0012542
:106AD00087B1009BDA68022A6ED0032A70D0012A9F
:106AE00006D1B90704D5029B1A681743FA076AD47E
:106AF00045F010050E9BC3F800A0039B2846C3F881
:106B000000B005B0BDE8F08F361B3146504603F0AB
:106B10008BF8074678B1711E4A11029B012753F882
:106B2000220001F01F0207FA02F2024203D0B9422A
:106B300000F3C980022731465046FFF749FEB344AF
:106B400070E718F802104A1E182A05F101064FF0E6
:106B500000007FF62DAF2E46CCE60BF1FF36002F5E
:106B600040F0A980002E40F0A8807311029A06F030
:106B70001F0652F823200123B340134259465046C2
:106B800018BF47F00207FFF723FE009BA4EB0B049E
:106B90000225D3F804B09BE7264697E6C8B9020859
:106BA000489B02082378254603F0DF03502B00F0B2
:106BB0009380C9F8005017E70F9BC3F101030F93AF
:106BC0000F9B002B94D0DAF81070029A4FEA8709D5
:106BD000904602EB8706002003E0964242F8040C40
:106BE00043D9944652F8041B4B1CF6D00131022DB8
:106BF000CCF8001079D014F01F0440F0A5802125B6
:106C000078E70F9B002B3FF433AF0198514602F019
:106C100003FB50250E9A00232846136005B0BDE8FB
:106C2000F08F0020BBE6AB465FE6A61B51460198FD
:106C3000324602F035FD00F11403ABEB060B824641
:106C400002930027EEE6727818F80210751C2E46A3
:106C500000293FF44AAE16F8012F18F80230002B35
:106C6000F9D13FE6BC1C002719E6DAF80820974264
:106C700044DA0AEB87017A1C0120022DCAF81020A1
:106C8000DDF80880486130D0002A6ADC0022CAF8AA
:106C900010200022CAF81420009B9A680BF1010B07
:106CA0005A45ACDA0198514602F0B6FA0E9A002322
:106CB000A32513609CE6012757E73146504602F0B2
:106CC000B3FF074651E7B11E504602F0ADFF002862
:106CD0003FF430AF03272EE74FF0000B4FF0010ACF
:106CE00055E60F9B002B90D0C2E6009B1A68013A34
:106CF000A24260D02225FDE60127E0E5DAF8041083
:106D00000198013102F062FA064600286DD0DAF8E7
:106D10001020023292000AF10C010C30FBF778F9D6
:106D20005146019802F078FA3269012006EB82019F
:106D3000022D0244326106F114084861B246D4D0F3
:106D40009742BFF658AF9FE7C144C4F1200459F8F9
:106D5000040C02F015FBA042BFF651AFDAF8102088
:106D600092E708EB82040AF11800DAF81420844252
:106D70004FEA52022BD94546036842EAC37245F8EE
:106D8000042B50F8042B84424FEA5202F4D8A4EBAF
:106D90000A0119398908013148F8212008EB8101DD
:106DA00002B10431A1EB080292104145CAF810204B
:106DB0007FF472AF6DE7621104F01F0458F82210DF
:106DC0000122A2400A4214BF2125222592E6C8F8DA
:106DD00000200AB14146E4E7CAF8102059E7064B03
:106DE00006485246E42102F0CBF9034B03483246F1
:106DF000842102F0C5F900BF10BA020824BA0208C3
:106E000010B4034CD4F8E440A4465DF8044B60474A
:106E10004C03002082B049B15AB16BB113780B60BA
:106E20001278101E18BF012002B0704701A9002A75
:106E3000F3D1104602B070476FF00100F4E700BFD5
:106E4000B1F90C202DE9F04116070C4680464ED4CE
:106E5000496842F400630029A38163DDA56A002D1F
:106E600042D0002112F48052D8F80060C8F8001017
:106E7000E16964D101234046A847451C02466ED013
:106E8000B4F90C30A56AE169580705D56368D21AD0
:106E9000236B0BB1E36BD21A00234046A847431C77
:106EA0004FD1D8F80010B4F90C301D2940D8314A20
:106EB000CA40D7073CD52269226023F40062A28130
:106EC000DD044FF00002626001D5002945D0216B3E
:106ED000C8F8006041B104F14003994202D0404635
:106EE00001F0D0FC002323630020BDE8F0810E698F
:106EF000002EF9D00D680E6092070CBF4B6900237D
:106F0000AD1B8B600BE02B463246E169676A404659
:106F1000B847B0F1000CA5EB0C05664406DD002D6A
:106F2000F1DCE1E7E16B002998DCDDE7B4F90C3036
:106F300043F04003A3814FF0FF30BDE8F081226DA4
:106F4000A2E7B4F90C302269226023F40062A28126
:106F5000DB044FF000026260B9D52065B7E7D8F8CE
:106F60000030002B8CD01D2B01D0162BDED1C8F8A1
:106F70000060B9E70100402010B5044682B008B1B6
:106F8000436B53B1B1F90C0008B902B010BD2046F3
:106F900002B0BDE81040FFF753BF0191FBF70AFBB9
:106FA0000199EFE7A0B138B50C4B1D6804460DB14F
:106FB0006B6B4BB1B4F90C0000B938BD21462846C3
:106FC000BDE83840FFF73CBF2846FBF7F3FAF1E78E
:106FD000034A04490448FDF75FB800BF18020020C7
:106FE00040030020796F000820020020014B186840
:106FF000704700BF18020020FF289DBF024B185C9D
:1070000000F0080000207047B19902082DE9F04F08
:1070100085B08B460192604A03901E460D46294674
:1070200015F8014B135D13F00803F8D12D2C7ED019
:107030002B2C03BF2C7802938D1C02936EB9302C3D
:1070400000F086804FF00A09B246DFF850814FF019
:10705000050C4FF099374E4617E0102E6CD04FEAD2
:10706000E67A324653464FF0FF304FF0FF3104F0DE
:107070008BFB32460746884653464FF0FF304FF0B1
:10708000FF3104F081FBB1469446002210461146C0
:1070900010E0414508BFB84239D000FB0AF209FBB5
:1070A0000121A0FB09021144181841EBE3710122F0
:1070B00015F8014BA4F13003092B05D9A4F14103C4
:1070C000192B0CD8A4F137039E4210DD541CEFD0CD
:1070D000874278EB0102DCD24FF0FF32E8E7A4F1FF
:1070E0006103192B03D8A4F157039E42EEDC531C15
:1070F00012D0029B13B1404261EB4101019B1BB1D5
:1071000092B9019BC3F800B005B0BDE8F08F6345AC
:10711000C3DD4FF0FF32CBE7039922230B60019BC5
:1071200010461146002BEFD005F1FF3BE9E70123A4
:107130002C7802938D1C81E7302C19D04FF00F0C66
:107140004FF0FF376FF07048B1464FF0000A9CE7F0
:107150002B7803F0DF03582B0FD04FF00809B2460D
:107160004FF0070C4FF0FF376FF060484E468CE74A
:107170002B7803F0DF03582BE0D14FF010096C7827
:107180004FF00F0C02354FF0FF376FF070484FF0A3
:10719000000A4E4679E700BFB199020899999919FA
:1071A00034E700BF10B4044C8446134620685DF8F1
:1071B000044B0A46614629E71802002010B4044C2B
:1071C0008446134620685DF8044B0A4661461DE775
:1071D0001802002038B50C46084D8446114620465A
:1071E0001A4600232B60644605F0B0FC431C00D017
:1071F00038BD2B68002BFBD0236038BD340E002037
:107200002DE9F04F01F10B05162D83B0064623D86A
:10721000102900F2AF8001F057FE1025182302203C
:10722000C04F3B44A3F108025C68944200F0248103
:107230006368E268A16823F00303CA602344304610
:1072400091605A6842F001025A6001F03FFE083432
:10725000204603B0BDE8F08F35F0070500F18A80C5
:10726000A94200F2878001F02FFEB5F5FC7FC0F047
:107270006B816B0A00F08280042B00F22381AB0942
:1072800003F1390003F1380EC300A64F3B44A3F1CC
:10729000080C5C68A44507D10DE0002AE16880F283
:1072A000E5808C4507D00C46636823F003035A1B26
:1072B0000F2AF2DD7046DFF870823C69444500F029
:1072C000C280636823F0030CACEB05030F2B00F3C3
:1072D0003F81002BC7E9048880F22A81BCF5007F3A
:1072E000D7F804E080F0CE804FEADC0101314FEAAC
:1072F0005C1C012303FA0CF357F83120A2604EEA1C
:10730000030E07EBC103083BE360C7F804E047F84E
:107310003140D46083104FF0010C0CFA03FCF445AB
:1073200032D81CEA0E0F08D120F003004FEA4C0CB3
:107330001CEA0E0F00F10400F8D007EBC00AD64695
:107340008146DEF80C300BE0596821F003014A1B3E
:107350000F2A1C46DB6800F3C180002A80F2D5802A
:107360009E45F1D109F1010919F0030F0EF1080E44
:10737000E7D116E10C233360002469E74FF4007372
:1073800040204FF03F0E80E7BC68636823F003099C
:10739000A94503D3A9EB05030F2B57DCDFF88CB10C
:1073A000DBF8002004EB09031032082002EB05088B
:1073B000009301F0D9FBD7F808140131024605D03B
:1073C00008F1FF388044414201EA0808414630464E
:1073D000019201F0A9FDB0F1FF3F019A824600F051
:1073E000D280009B834200F2CC80DBF80410414441
:1073F000CBF80410084602F1FF3C40F0F4801AEA92
:107400000C0F40F0F080D7F808A0C84448F0010005
:10741000CAF80400DBF82C208A42DBF8302038BFA1
:10742000CBF82C108A4238BFCBF83010544620F0ED
:107430000308A845A8EB050301D30F2B06DC304653
:1074400001F044FD98E7D7F804E063E7621943F0E0
:10745000010345F0010565603046BA60536001F0F4
:1074600035FD0834204603B0BDE8F08FA268234400
:10747000D16030468A60E4E6DC68A3427FF4D8AE8F
:10748000023018E7BCF5206F4FEA5C2272D3142A51
:1074900000F2088102F15C03DB005B32F918FB5853
:1074A0000839994203D1E4E09B68994204D05A68B4
:1074B00022F003026245F7D8D968C4E902318C6032
:1074C000DC6027E7142B61D9542B00F2F4802B0BDE
:1074D00003F16F0003F16E0EC300D6E6D4F808C0C6
:1074E0003046661945F001056560CCF80C30C3F8EC
:1074F00008C042F00103C7E90466C6E90288736068
:10750000625001F0E3FC0834A2E6214430464A68A8
:1075100042F001024A6054F8082FD3609A6001F0EB
:10752000D5FC95E6C0040020C8040020FC0D002016
:10753000A4443046DCF8043043F00103CCF80430B6
:1075400001F0C4FC083483E6E80805F1080367E6A7
:10755000621943F0010145F0010565603046C7E955
:107560000422C2E90288516044F80C3001F0AEFCFC
:1075700008346DE64FEA9C1202F13903DB00383221
:107580008CE7BC4228D0BC68606850E703F15C001F
:1075900003F15B0EC30078E65AF80839534540F012
:1075A000D78010F0030F00F1FF30F5D17B6823EA9C
:1075B0000C037B604FEA4C0C9C453FF6E5AEBCF1FA
:1075C000000F04D1E0E64FEA4C0C09F104091CEA73
:1075D000030FF8D04846B0E6DBF804004044CBF88F
:1075E000040002F1FF3CD7F8081401316DD0009B74
:1075F000AAEB03031844CBF804001AF00703009326
:1076000041D0C3F108018A44D0440A4408EA0C017D
:10761000521A02EA0C013046019101F085FC421C2D
:107620006FD00199A0EB0A0000EB0108DBF8042001
:10763000C7F808A048F001001144BC42CAF8040091
:10764000CBF804103FF4E6AEB9F10F0F40D96268F1
:10765000A9F10C0020F0070002F001020243626071
:10766000052322180F28C2E9013352D8DAF80400A2
:10767000D0E692104FF0010C0CFA02F24EEA020E24
:10768000C7F804E019E70AEB080101EA0C01521AF5
:1076900002EA0C013046019101F046FC431CC0D1C6
:1076A0000099C3E7542A17D84FEA1C3202F16F033E
:1076B000DB006E32F2E6B3F5AA7F17D8EB0B03F1CD
:1076C000780003F1770EC300DFE5C7F808A494E75C
:1076D0000123CAF80430B2E6B2F5AA7F23D84FEAF4
:1076E000DC3202F17803DB007732D7E640F2545205
:1076F000934223D8AB0C03F17D0003F17C0EC30051
:10770000C3E5009BA3F108029044A8EB0A080021FE
:107710008CE704F10801304601F0B4F8DBF80410FE
:10772000D7F808A0A2E740F254539A420CD84FEA87
:107730009C4202F17D03DB007C32AFE64FF47E73A6
:107740007F204FF07E0EA0E54FF47E737E22A5E6EB
:107750007B682FE7000000002DE9F04F03690C69FA
:10776000A34283B0C0F28A80013C01F1140500F10C
:10777000140855F8243058F8242001339A428E46D4
:1077800081464FEA840105EB840708EB840AB2FBCB
:10779000F3F63AD3CDE900150022AC464046134635
:1077A0005CF8041B05681FFA81FB06FB0B22090C21
:1077B0004FEA124B06FB01BB92B2A9B2891A1944D7
:1077C0001FFA8BF3C3EB214303EB154389B241EA64
:1077D0000341674540F8041B4FEA1B424FEA23432D
:1077E000DED2DDE9001558F8013073B9AAF1040AB8
:1077F000D04504D307E0D04504F1FF3403D25AF852
:107800000439002BF7D0C9F810407146484601F002
:10781000BFFF00282EDB4146002255F8040BD1F8AB
:1078200000C01FFA80FE1FFA8CF3A3EB0E03134473
:10783000020CC2EB234202EB1C429BB243EA02431E
:10784000AF4241F8043B4FEA2242E6D258F82420E6
:1078500008EB84036AB9043B434504D807E0984524
:1078600004F1FF3403D253F80429002AF7D0C9F8F1
:1078700010400136304603B0BDE8F08F002003B061
:10788000BDE8F08F2DE9F04F9DB0CDE90A320291AD
:10789000816B269D04908DED060B57EC106B49B162
:1078A000C26B4A600123934004468B6001F0B4FC34
:1078B0000023A363B7F10009B4BF012300232B60A9
:1078C000774BBCBF29F00049CDF81C9033EA09037F
:1078D00000F0AA809DED067B002251EC170B0023DF
:1078E0008DED007B03F012FD804668B10A9A0123FA
:1078F0001360279B13B1279A6A4B13606A4B059359
:1079000005981DB0BDE8F08F9DED000B04981AAAF4
:107910001BA902F0ABF85FEA1955824640F09A8045
:10792000DDE91A85454405F23243202B40F38C8370
:10793000C3F1400309FA03F905F2124326FA03F3EF
:1079400049EA030003F000FA0123013DA1F1F871B7
:107950001293564B002203F0B9F84BA3D3E900234E
:1079600003F06CFA4AA3D3E9002303F0B1F806460A
:1079700028460F4603F0F8F947A3D3E9002303F0A4
:107980005DFA02460B463046394603F0A1F806463A
:107990000F4603F003FD0022044609900023304601
:1079A000394603F0BDFC002840F02483099CA8EB75
:1079B000050808F1FF33162C089300F28C813C4B2C
:1079C00003EBC403D3E90023DDE9000103F0A8FCC5
:1079D000002873D0631E099300231193089B002B8A
:1079E000C0F27F8100230C93099B002B6CDA099B6A
:1079F0000C9A0D93D21A0C925A4200230993029BBF
:107A00001092092B6AD8052B40F32383043B029381
:107A10000025029B023B032B00F23886DFE813F0BF
:107A200070046D04650449040A9AC9F3130942F20B
:107A30000F7359EA060913601CD1279B002B00F035
:107A400045861C4B05930833279A059813601DB093
:107A5000BDE8F08FDDE90012C2F31303084643F0DE
:107A60007F51CDF84880A5F2FF35DDF8688041F4FC
:107A700040116EE7279B002B40F0F6830E4B0593D9
:107A80003EE700BFAFF3008061436F63A787D23F3B
:107A9000B3C8608B288AC63FFB799F501344D33FFD
:107AA0000000F07F4DB902084CB902080000F83F11
:107AB000589C020858BA020864BA0208B8F1000FCC
:107AC00040F3A38411900C90DDE90832134408932D
:107AD00000231093029B0D92092B94D900230125BA
:107AE00002930E954FF0FF3B0B93049BCDF84CB0E7
:107AF0000021D963049801F069FB0590002800F08B
:107B0000CE85DDE90432BBF10E0F9A6300F21881D5
:107B1000002D00F015810D99002940F34684B34BE8
:107B200001F00F0203EBC203C805D3E900894FEA55
:107B3000211540F10884AE4BDDE90001D3E90823AB
:107B400003F0A6FACDE9140105F00F0503277DB176
:107B5000A74EE90708D540464946D6E9002303F079
:107B60006DF90137804689466D1006F10806F0D19F
:107B700042464B46DDE9140103F08AFA8046894605
:107B8000119B43B19B4B00224046494603F0C8FB82
:107B9000002840F00B85384603F0E6F842464B4695
:107BA00003F04CF9944B002202F092FFA1F15073C4
:107BB000CDE914011593BBF1000F00F0A8800D9BD7
:107BC000CDE918B34946404603F0E8FB189A874BC5
:107BD00003EBC20313ED027B05468DED167B03F02C
:107BE000C3F80B4602464946404602F06FFF059F28
:107BF0000E9B30357E1CECB2804689463546002B04
:107C000000F06C84DDE916237C49002003F040FA83
:107C1000DDE9142302F05AFF3C7042464B4604460D
:107C20000D4603F09BFB002840F0B884CDF850A02F
:107C3000CDF858B00027AB46A246189D2AE0013780
:107C4000AF4280F2FD846E4B50465946002203F04D
:107C5000F5F86B4B002282468B464046494603F0BE
:107C6000EDF88946804603F099FB044603F07CF862
:107C700002460B464046494602F028FF303406F8DB
:107C8000014B52465B468046894603F049FB00287B
:107C900040F0D38442464B465649002002F016FF7E
:107CA00052465B4603F03CFB0028C8D0199BDDF828
:107CB00050A0059A374603F1010802E0974200F010
:107CC0009B843E4617F8013D392BF7D00133DBB2D8
:107CD0003B7045467DE101231193089B002BBFF6C5
:107CE00081AEC8F101030C93002308937CE638466B
:107CF00003F03AF842464B4603F0A0F83E4B002210
:107D000002F0E6FEA1F15073CDE9140115933D4B4D
:107D100000224046494602F0D9FEDDE914452246DC
:107D20002B4606460F4603F019FB002840F07384EB
:107D300030463946224605F1004303F0F1FA28BBEC
:107D40001B9B002BC0F290800D9A0E2A00F38C80B2
:107D5000264B0D9A03EBC20393ED007B0B9B002B8C
:107D60008DED027B19DABBF1000F16DC0ED1254B2D
:107D70000022DDE9020103F061F802460B46DDE96D
:107D8000000103F0D7FA002800F045840023059E87
:107D900000931F460B9BDD432DE2059B5D1CDDE937
:107DA0000278DDE900013A46434603F071F903F039
:107DB000F5FA064602F0D8FF3A46434603F03EF88D
:107DC00002460B46DDE9000102F080FE059A06F14D
:107DD0003003BBF1010F2F46137000F02183012502
:107DE000CDF800A0A846DDE9029A2BE0589C0208D5
:107DF000489D02080000F03F00001C400000E03FEA
:107E000000002440000014404A46534620462946BC
:107E100003F03EF903F0C2FA064602F0A5FF4A4617
:107E2000534603F00BF808F101080B4602462946B9
:107E3000204602F04BFE06F13003D84507F8013B1F
:107E400000F0EC82844B002202F0F8FF00220023B5
:107E500004460D4603F05AFA0028D5D00D9DDDF8F2
:107E600000A001353E46B4E00E9A002A40F0D880CA
:107E70000023109E0C9D0E931F4665B1089A002AA0
:107E800009DD0C99AA421346A8BF2B46C91AED1A60
:107E9000D31A0C910893109B53B10E9B13B1002E73
:107EA00040F0F7825146109A049801F09FFB8246F9
:107EB0000498012101F0B6FA099B0090002B40F0D4
:107EC000BE81029B012B40F3D4810120089A10440B
:107ED00010F01F0000F09B80C0F12003042B40F342
:107EE000E3810C9BC0F11C00034402440C93054445
:107EF00008920C9B002B05DD514604981A4601F0B0
:107F0000CFFB8246089B002B05DD009904981A469A
:107F100001F0C6FB0090119B002B40F07581BBF176
:107F2000000F40F34C810E9B002B40F0A4800D9D70
:107F30000135DDF81480009CDDF81090012607E083
:107F4000514600230A22484601F070F90136824664
:107F500021465046FFF700FCB34500F1300008F819
:107F6000010BEDDCBBF1000F059BCCBF5E4601268B
:107F7000814603EB060B002451460122049801F0D0
:107F80008FFB0099824601F003FC002840F3EE814C
:107F9000059A02E0934500F003825E460BF1FF3B39
:107FA00016F8013C392BF5D001338BF80030DDF8A1
:107FB00010800099404601F02FF957B12CB1BC4216
:107FC00003D02146404601F027F90498394601F0D4
:107FD00023F90498514601F01FF9002333700A9BDE
:107FE0001D60279B002B3FF48BAC05981E601DB0D5
:107FF000BDE8F08F204602F0B7FE32463B4603F064
:1080000085F900287FF4D2AC631E0993CEE41C23CB
:108010000C9A1A440C92089A1A441D44089268E774
:10802000029A012A40F3AD81109B0BF1FF36B34257
:10803000C0F26981BBF1000FA3EB060680F2EF826C
:108040000C9BA3EB0B056CE1C3F1200306FA03F0D4
:1080500078E40125DDE400BF000024403946002318
:1080600004980A2201F0E2F8139B002B074640F324
:10807000FF820D969B46002D05DD394604982A4661
:1080800001F00EFB0746099B002B40F0E681B84645
:10809000059E731E03EB0B04069B03F00103CDE961
:1080A0000B43049C00995046FFF756FB3946834624
:1080B000504601F06DFB009905464246204601F00E
:1080C00089FBC3680BF130090146ABBB09905046F0
:1080D00001F05EFB09990890204601F09DF8089A8E
:1080E000002A54D1029B1BB90C9B002B00F0AE82DE
:1080F000002D3FDB0B9BB3469E420BF8019B00F02B
:10810000C381514600230A22204601F08FF84745DB
:10811000824639464FF000034FF00A02204630D025
:1081200001F084F84146074600230A22204601F068
:108130007DF85E468046B5E7049801F06DF8002DA5
:1081400006DB069B03F00102029B1D432A4329D153
:1081500051460122049801F0A3FA0099824601F0E9
:1081600017FB002840F3F680B9F1390F00F049827F
:108170000BF131090D9D06F8019B3C460135474640
:1081800015E701F053F85E46074680468AE7002D62
:10819000C0F29382029B1D430C9B1D4300F08D8215
:1081A000002AA7DDB9F1390F00F02B820D9D09F1EE
:1081B00001033C4606F8013B01354746F7E6029BC2
:1081C000022B7FF7B0AEBBF1000F40F02581009984
:1081D00004985B46052201F029F8014600905046BC
:1081E00001F0D6FA002840F31781059E0D9D31233A
:1081F00006F8013B01350099049801F00DF80135AE
:10820000002F7FF4E2AEE4E60099504601F0C0FA98
:108210000028BFF684AE5146002304980D9C0A2224
:1082200001F004F80E9B661E8246002B7FF416AF09
:10823000139B002B40F311820D9D9B4679E601466E
:108240001A46049801F0D2F9029B0090012B6EDDD2
:1082500000230993009A136902EB8303186901F064
:108260008FF8C0F1200031E6984B05930333FFF7F8
:10827000EBBB069B002B7FF428AEDDE90612C2F3B0
:108280001303002B7FF421AE914B134033B10C9BB1
:1082900001330C93089B013308930123099A099336
:1082A000002A3FF412AED5E73FF423AEC0F13C0301
:1082B000AEE601230E930B9B0D9A134403F1010BC1
:1082C0005E46012E1393B8BF0126172E40F3F981A5
:1082D000012204235B0003F11400B042114602F1B5
:1082E0000102F7D9049BD96304E401230E930B9E8A
:1082F000002E36DD1396B346E7E700230E93DAE748
:1083000000230E93F3E7109B099A1096F31A1A4470
:10831000089B09925B4408930C9B1D465B440C939D
:1083200000260498012101F07DF80746A5E5069B8B
:10833000002B8DD1DDE90601C1F313030A46002BA2
:10834000A2D0099086E79DED007B02278DED147B7E
:10835000FFF7FDBB7FF40EAF19F0010F7FF404AF00
:1083600008E701230B939B46FFF7BFBB03D119F02E
:10837000010F7FF40DAE5E461BF8013D302BFAD0A5
:1083800015E6129A002A00F09C8003F23343089A03
:10839000109E1A4408920C9A15461A440C92C0E793
:1083A000059A31230135137001E600F0FA800D9A29
:1083B000484B554205F00F0203EBC203D3E90023FB
:1083C000DDE9000102F03AFD2D11CDE9140100F0C4
:1083D0005881414E0023022780468946EA0709D585
:1083E000D6E900234046494602F028FD0137804681
:1083F000894601236D1006F10806EFD1002B7FF4AA
:10840000BFABDDE91489FFF7BBBBC8F101030890DE
:108410000C931190FFF758BB059EBBE4DDF800A05C
:1084200002460B4602F054FB0D9DCDE900010135DB
:1084300002460B46DDE90201A84602F071FF40B991
:10844000DDE90023DDE9020102F060FF18B1F30766
:1084500001D5059A35E43E46BBE57968049800F0FD
:10846000B5FE0546002800F021813B6902339A00E1
:1084700007F10C010C30F9F7CBFD049829460122D5
:1084800001F00EF9804603E60D9D3C460135474656
:1084900072E5049C39463246204601F0A7F8524660
:1084A00001460746204600F0EBFF51468046204635
:1084B00000F0B2FE109B9B1BC24610933FF4F8AC39
:1084C000F0E41A9BC3F1360361E700BF64BA020807
:1084D0000000F07F589C0208489D0208DDE9162341
:1084E000DDE9140102F0AAFC059B1C70189B012B0E
:1084F000CDE90E0100F0C380189F059B12961F4422
:108500007A4B00224046494602F098FC0D4604464C
:1085100002F044FF814602F027FC09F130090246CF
:108520000B462046294602F0D1FA06F8019BBE42CE
:1085300080468946E4D1129D6D4B0022DDE90E0193
:1085400002F0C6FA02460B464046494602F006FFD4
:1085500000286CD1DDE90E236549002002F0B6FA4F
:1085600002460B464046494602F0DAFE80B91B9BA4
:10857000002BFFF67DAC0D9B0E2B3FF779AC5D4BCE
:108580000D9A03EBC20393ED007B8DED027B06E4B5
:108590003E46013F16F8013C302BF9D0199D0135BC
:1085A00017E5DDE900890227FFF7EABABBF1000F02
:1085B0003FF49DAB139C002C7FF7C2AB0D9B013B9E
:1085C0000022404649461993484B02F037FC80464A
:1085D0008946781C02F0C8FB42464B4602F02EFC4E
:1085E000454B002202F074FAA1F15073CDE9140159
:1085F00018941593FFF7E6BA08F101083123FFF745
:1086000067BB0D9D059AB34639233C460BF8013BE9
:1086100001354746C1E4002300931F46E5E5089B6A
:108620005B4408930C9B1D465B440C9379E6199BB5
:10863000059A03F10108FFF744BBDDF850A0ADE750
:10864000DDF850A0DDF858B0FFF77ABBB9F1390F6B
:10865000D7D0002D3FF78CAD8CE5029B022B03DCBD
:108660000D9DDDF84CB064E4DDF84CB00D96AAE544
:10867000029B022BF8DCDDF84CB00D96FBE437468C
:108680005AE7DDE914890227FFF77ABA049B00252F
:10869000DD632946184600F099FD0590D0B9174BC7
:1086A0001748002240F2AF1100F06AFD134B144846
:1086B0002A4640F2EF2100F063FD002A3FF748AD63
:1086C00058E5049B0021D963FFF714BA0D4B0593BD
:1086D000FFF716B9DDE904329A634FF0FF33012248
:1086E0000B9513930E929B46FFF72ABB0000244084
:1086F0000000E03F589C020800001C4010BA02082D
:1087000068BA020858BA020838B52F4B1B680546EC
:108710000C4613B15A6B002A4BD0B4F90C30180731
:108720001CD5226922B313F0010107D06169002032
:108730004942A060A1613AB1002038BD980758BFF6
:108740006169A160002AF7D1190658BF1046F4D517
:1087500043F04003A3814FF0FF3038BDD9062CD53C
:108760005A0712D4226943F00803A381002ADAD100
:1087700003F42071B1F5007FD5D02146284601F0E1
:1087800081FAB4F90C302269CDE7216B51B104F1C3
:108790004002914204D0284600F074F8B4F90C303D
:1087A0000022226322690021C4E9002123F024036E
:1087B000D9E71846F9F7FEFEAFE7092243F0400378
:1087C0002A60A381C7E700BF180200202DE9F84303
:1087D00006460820894600F0C7F9DFF8A480054660
:1087E000304600F071FBD8F808305F6827F00307C7
:1087F000A7F11104A4EB09042C44B4FBF5F4013CEB
:1088000005FB04F4A54208DC0021304600F08CFB97
:10881000D8F808303B44984205D0304600F056FB6B
:108820000020BDE8F8836142304600F07DFB013056
:108830000FD0114AD8F808303F1B47F001075F609E
:10884000136830461B1B136000F040FB0120BDE89D
:10885000F8830021304600F067FBD8F80820831A1F
:108860000F2BDADD43F001035360044B02491B6810
:10887000C01A0860D1E700BF000E0020C808002021
:10888000C004002000297CD02DE9F0410C46804630
:1088900000F01AFB54F8043C754FA4F1080523F0CE
:1088A00001016818BE684268864222F0030200F0A7
:1088B0008380DE07426000EB020C33D454F8084C8E
:1088C000DCF804302D1B2144AC6807F1080C64452A
:1088D00003F0010364D0D5F80CE0C4F80CE0CEF846
:1088E0000840002B00F0818041F001036B600160C3
:1088F000B1F5007F22D27868CB0801224909013303
:108900008A40024357F833107A6007EBC302083AF3
:10891000C5E9021247F83350CD604046BDE8F0414A
:1089200000F0D4BADCF80430DB072BD541F00103AA
:10893000B1F5007F44F8043C0160DCD3B1F5206F51
:108940004FEA512353D28B0903F1390003F1380266
:10895000C300F818FB580838984203D161E09B68BF
:10896000984204D05A6822F003028A42F7D8D868A5
:10897000C5E902308560DD604046BDE8F04100F0A9
:10898000A5BA7047114407F1080C836863453FD0CE
:10899000C268DA60936041F001036B606950A7E739
:1089A000002B5FD10A44D0E90213CB60996042F0FA
:1089B00001036B60AA50B0E7DB070A4407D454F800
:1089C000083CED1A1A44D5E90213CB60996042F0D5
:1089D00001036B60274BBD601B6893429DD8264BFB
:1089E00040461968FFF7F2FE97E71144CDE7142BD4
:1089F00008D9542B1DD80B0B03F16F0003F16E0245
:108A0000C300A6E703F15C0003F15B02C300A0E72B
:108A100041F00103C7E90455C5E902CC6B60695018
:108A20007BE779689210012404FA02F20A437A6023
:108A30009EE7B3F5AA7F06D8CB0B03F1780003F1CC
:108A40007702C30085E740F25452934206D88B0C5C
:108A500003F17D0003F17C02C3007AE74FF47E73DB
:108A60007E2276E741F001036B60016055E700BFAD
:108A7000C0040020CC080020FC0D002070B539B1E6
:108A800006460C4608B1436B83B3B4F90C3013B9F6
:108A90000025284670BD21463046FEF7D1F9E36A2D
:108AA000054633B1E169304698470028B8BF4FF01A
:108AB000FF35A3891B061CD4216B41B104F140038F
:108AC000994202D03046FFF7DDFE00232363616C3C
:108AD00021B13046FFF7D6FE00236364F9F77AFD33
:108AE0000023A381F9F778FD284670BDF9F762FDF0
:108AF000CBE721693046FFF7C5FEDDE7024B0146B3
:108B00001868FFF7BBBF00BF1802002010B4034C69
:108B1000D4F8E040A4465DF8044B60474C030020C5
:108B200049B1FF2A02D80A70012070478A230360E6
:108B30004FF0FF3070470846704700BF38B50C460D
:108B4000084D8446114620461A4600232B60644691
:108B500003F0F4FF431C00D038BD2B68002BFBD082
:108B6000236038BD340E0020082802D14FF4805015
:108B7000704708B5FEF73AFA162303604FF0FF304E
:108B800008BD00BF2DE9F84F1646002900F0968079
:108B90000C46804606F10B0500F096F954F8041CCB
:108BA000162DA4F1080921F0030758D81025AE426C
:108BB00058D8AF4260DABE4B9A6809EB070C6245A1
:108BC000DCF8040000F0908020F0010363445B684F
:108BD000DB0768D420F003003B189D4247DDCB073C
:108BE00012D454F8083CA9EB030BDBF8043023F053
:108BF0000302104400EB070A554540F3F68007EBEB
:108C0000020A554540F3CC8031464046FEF7F8FA5B
:108C10000646002800F0208154F8043C23F00103AC
:108C20004B44A0F10802934200F0B4803A1F242A7A
:108C300000F2D780132A00F2A28003462246116870
:108C400019605168596092689A6021464046FFF762
:108C500019FE404600F03AF93046BDE8F88F35F08D
:108C60000705A4D50C23C8F80030002618E01F46DD
:108C7000DCE90223D3609A60D9F804307A1B0F2A0A
:108C800003F0010309EB07001DD83B43C9F804308A
:108C9000436843F001034360404600F017F926465D
:108CA0003046BDE8F88FC907AED454F8083CA9EBAC
:108CB000030BDBF8043023F00302A0E7BDE8F84F14
:108CC0001146FEF79DBA09EB05012B4342F0010264
:108CD000C9F804304A60436843F001034360083137
:108CE0004046FFF7CFFDD7E720F00300C21905F19A
:108CF000100C624580F29180CA0785D454F8082C84
:108D0000A9EB020BDBF8042022F00302104400EB75
:108D1000070AD4453FF773AF5E46DBF80C1056F8F0
:108D2000080F3A1F242AC160886000F2AE80132A1F
:108D300040F2A9802168CBF808106168CBF80C10CC
:108D40001B2A00F2A88008340BF110022168116080
:108D500061685160A16891600BEB0501AAEB050207
:108D600042F0010299604A60DBF8043003F001032D
:108D70002B434046CBF8043000F0A8F890E7236876
:108D80000360636843601B2A3CD804F1080200F1C9
:108D9000080354E750F8043C23F003031F446BE737
:108DA0003A1F5E46DBF80C3056F8081F242ACB60C9
:108DB000996022D8132A1ED92368CBF8083063683B
:108DC000CBF80C301B2A3BD808340BF11003226877
:108DD0001A6062685A60A2689A6034465746D9465B
:108DE0004AE72146F7F7B6FE2FE7DCE902133A1F00
:108DF000CB609960D5E73346E9E721463046F7F77F
:108E0000A9FEEAE7A3688360E368C360242A27D049
:108E100004F1100200F1100311E709EB050199605C
:108E2000531B43F001034B6054F8043C03F001036F
:108E30002B43404644F8043C00F048F826462FE710
:108E4000A368CBF81030E368CBF81430242A10D094
:108E500010340BF11803BAE7404600F037F804E786
:108E6000236903616169416104F1180200F118038B
:108E7000E5E62369CBF818306369CBF81C30183469
:108E80000BF12003A3E7324660E721463046F7F7AF
:108E900061FE074B60E7A168CBF81010E168CBF8E2
:108EA0001410242A06D010340BF118024EE700BF2C
:108EB000C00400202269CBF818206269CBF81C207E
:108EC00018340BF1200241E7704700BF704700BF24
:108ED0002DE9F843154692682C68FAB18046894618
:108EE000083401E00834CFB16B68591E002B1746D7
:108EF000696013DD54F8046C002EF3D0334654F847
:108F0000082C4946404600F091FF431C07D0AA6850
:108F1000921B1746AA600834002FE5D100200023D9
:108F2000C5E90133BDE8F88338B5074D0022044692
:108F300008462A600EF05EF9431C00D038BD2B684D
:108F4000002BFBD0236038BD340E002010B4046821
:108F5000013409E014F8013BA3F1410CBCF1190FF5
:108F600098BF2033934208D111F8012B002AF1D188
:108F7000046001205DF8044B704700205DF8044B4D
:108F8000704700BF09682DE9F04F4B1102EB8303D6
:108F900011F01F0B07460CBF1846181D3C680CBF8C
:108FA0001D1F1D46002340F8043C617885B0013444
:108FB000002900F0A8809E469A461E460B460146B0
:108FC0001046DFF8889101975A46A846AC4683467A
:108FD00010E0202B00F28F80564508DDE04502D9D5
:108FE000BEF1070F5FDDE34554D34FF0080E14F8D0
:108FF000013FB3B119F80370002FEAD00EF1010E52
:10900000BEF1080F06F101063ADCDCF800301B0166
:1090100007F00F071F43CCF8007014F8013F002B36
:10902000E8D15B46084693461A46002E6BD0C445ED
:1090300002D2BEF1070F73DD62454DD2111F6346A8
:1090400053F8044B41F8044FAB42F9D9A5EB0C039C
:1090500023F00303691C04330CF1010C8C4588BF19
:1090600004231344002143F8041BAB42FBD950F8FE
:10907000043C002B4DD1AA4249D055F8043DF8E7F5
:10908000E345B4D200234CF8043C4FF0010EACF1A0
:10909000040CBDE70023ACF104084CF8043CB246D4
:1090A000C4469E46A3E7CEF108008000CDE9022C1D
:1090B000DCF800306746C0F1200E8446786800FA7C
:1090C0000EF21A4320FA0CF33A6047F8043FB84511
:1090D000F4D8DDE9022C86E750F8043CBBF1000F20
:1090E000C7D0CBF1200B4FF0FF3121FA0BF10B4031
:1090F00040F8043CBDE70846194629295B46019F14
:1091000093461A4609D0042005B0BDE8F08F01232C
:109110002B60052005B0BDE8F08F01343C6084E78A
:10912000CEF10803DCF800109B00C3F1200E664668
:109130000C46776807FA0EF1214327FA03F43160F1
:1091400046F8044FB045F4D876E700BF489B0208C4
:109150009FED010B704700BF000000000000F87F8A
:10916000936810B514461BB918460023636010BD00
:10917000F9F748FA0023A3600023636010BD00BF25
:1091800000B50B4C25681446EE681A4685B00346B8
:109190000D464CB107490095CDE90114304606490A
:1091A00000F0B2FEF7F756FD04490C46F3E700BFA6
:1091B0001802002094BA0208A4BA0208A0BA020851
:1091C00008B513460022FFF7DBFF00BF436C70B504
:1091D00005460C464BB153F8240080B1026843F8B1
:1091E00024200023C0E9033370BD2122042100F0B4
:1091F000E7FD034668640028EDD1002070BD012121
:1092000001FA04F6721D9200284600F0D9FD0028EC
:10921000F3D0C0E90146E4E731B1436C4A6853F842
:109220002200086043F82210704700BF2DE9F0418A
:109230000D6907460E461C4601F1140E0020DEF8AB
:1092400000108BB202FB03434FEA134C090C02FBE4
:1092500001CC01309BB203EB0C4385424EF8043B3A
:109260004FEA1C44EBDC3CB1B368AB4207DD06EBD4
:10927000850301355C6135613046BDE8F081716878
:1092800038460131FFF7A2FF8046A8B132690232A9
:1092900006F10C0192000C30F8F7BAFE7B6C726894
:1092A00053F82210316043F82260464606EB8503EE
:1092B00001355C613561DFE7024B03484246BA2164
:1092C000FFF75EFF10BA0208D4BA02082DE9F8438E
:1092D0001746284A1E4608330C46092E82FB031205
:1092E0004FEAE3730546C3EB62033ADD4FF0010C2E
:1092F00000214FEA4C0C634501F10101F9DC2846DD
:10930000FFF764FF014670B3089B4361092F4FF0DC
:109310000103036112DC0A340927BE420BDDF61B90
:10932000264414F8013B0A22303B2846FFF77EFF13
:10933000B4420146F5D10846BDE8F88304F10908B6
:1093400004EB0709444614F8013B0A22303B284647
:10935000FFF76CFF4C450146F5D1A7F108044444E2
:10936000DBE70021CBE70A46034B0448D321FFF794
:1093700007FF00BF398EE33810BA0208D4BA0208DA
:10938000B0F5803F034636BF030400201020B3F140
:10939000807F3CBF1B020830B3F1805F3CBF1B01E4
:1093A0000430B3F1804F03D3002B06DB013070474C
:1093B0009B0003D45B0003D4202070470230704729
:1093C00003307047036813F00702014607D0DA073D
:1093D0001FD4980721D55B080B600120704798B215
:1093E000A0B11046DAB20AB908301B0A1A0704BF46
:1093F0001B0904309A0704BF9B080230DA0703D424
:109400005B0800F1010006D00B6070471B0C1020B8
:10941000E8E700207047202070479B080B6002207F
:10942000704700BF38B5436C04460D464BB15868D1
:10943000B0B102685A6000220123C0E903234561EC
:1094400038BD2122042100F0BBFC034660640028E3
:10945000EDD1094B0948002240F24511FFF790FE7B
:109460001C220121204600F0ABFC0028F1D0012293
:109470000223C0E90123DEE710BA0208D4BA0208C9
:109480002DE9F04FD1F810801569A84585B00E463A
:10949000924605DB2A46534645468A4690461E4676
:1094A000DAF80830DAF8041005EB0804A342B8BF74
:1094B0000131FFF78BFE8446002800F08B8000F11D
:1094C000140707EB840E774505D23B46002243F88C
:1094D000042B9E45FBD8143606EB88080AF11409C4
:1094E000464509EB850566D2A5EB0A03153B23F03B
:1094F00003030AF1150A043355452CBF9B464FF070
:10950000040BCDF808E00394AE46E24605E0090CF2
:109510002AD1B04507F104074AD956F8041B8DB289
:10952000002DF4D0CC463C46002301965CF8040B99
:10953000216886B28AB2000C05FB0622090C1A4487
:1095400005FB001101EB124192B242EA0142E645ED
:1095500044F8042B4FEA1143E8D8019E47F80B303A
:1095600056F8041C090CD4D03B68002248461D461E
:109570003C469446028801FB02C202EB15429BB2B4
:1095800043EA024344F8043B50F8043B25684FEAA1
:10959000134CABB201FB0C3303EB124370454FEAA3
:1095A000134CE7D3B04547F80B3007F10407B4D8A4
:1095B000DDE902E4D446002C02DC05E0013C03D0E6
:1095C0005EF8043D002BF9D06046CCF8104005B0A1
:1095D000BDE8F08F034B044862464FF4B171FFF7CA
:1095E000CFFD00BF10BA0208D4BA020812F003037C
:1095F0002DE9F041144607462CD10D46A4101CD08D
:109600003E6C86B3E3074FF0000806D4641014D014
:109610003068A8B10646E307F8D5324629463846F1
:10962000FFF72EFF35B17B6C696853F821202A6063
:1096300043F8215064100546EAD12846BDE8F08180
:10964000324631463846FFF71BFF3060C0F80080D5
:109650000646E0E7013B0F4A52F823200023FFF7BC
:10966000E5FD0546CAE701213846FFF7AFFD06468E
:1096700040B1012340F27122C0E904320023386472
:109680000360BFE7044B0548324640F24511FFF73F
:1096900077FD00BF489C020810BA0208D4BA02083D
:1096A0002DE9F0470C4690462769A368496807EB07
:1096B00062177D1C9D4206464FEA621904DD5B007D
:1096C0009D4201F10101FADC3046FFF77FFD84463F
:1096D000002851D0B9F1000F00F114000EDD09F19E
:1096E00005024FEA820E03460CEB8202002143F88A
:1096F000041B9342FBD1AEF114031844216904F119
:10970000140318F01F0803EB81012DD0C8F12009C4
:1097100086464FF0000A1A6802FA08F242EA0A0284
:109720004EF8042B53F8042B994222FA09FAF2D886
:109730000B1B153B23F00303043304F11502914284
:1097400038BF042340F803A0BAF1000F00D13D4612
:10975000736C6268CCF8105053F822102160604698
:1097600043F82240BDE8F087043853F8042B40F852
:10977000042F9942F9D8EAE7034B044862464FF4B4
:10978000EF71FFF7FDFC00BF10BA0208D4BA02085F
:109790000B6984460069C01A16D10CF1140C1431FF
:1097A0000CEB830210B401EB830301E0944508D273
:1097B00052F8044D53F8041D8C42F7D005D24FF0F7
:1097C000FF305DF8044B7047704701205DF8044B93
:1097D000704700BF2DE9F04F15460A692B69D21A70
:1097E000002A83B0884640F0878001F1140605F115
:1097F000140101EB830106EB830301E09E427ED25C
:1098000053F8044D51F8042D9442F7D075D32B46EC
:109810000024454698466968FFF7D8FC8146002831
:1098200000F089802E69C460D8F8100005F1140B8F
:1098300008F1140E09F1140A05F110020EEB800074
:109840000BEB860157464FF0000CCDF804B05EF8E4
:10985000044B52F8045F1FFA84FBABB2A3EB0B037B
:10986000240C6344C4EB154404EB23449BB243EA49
:109870000443704547F8043B4FEA244CE7D8A0EB7B
:10988000080208F115084045A2F1150234BF002076
:10989000012092080028DDF804B002F101044FEA2B
:1098A000840408BF04240BEB0405A942544433D9B3
:1098B0002746284650F8043B1CFA83FE1A0C6344E2
:1098C00002EB2E429BB243EA0243814247F8043B3B
:1098D0004FEA224CEED80139491B21F003010C4418
:1098E00023B954F8043D013E002BFAD04846C9F88C
:1098F000106003B0BDE8F08F89DA01248BE7002106
:10990000FFF764FC814678B101220023C0E90423FB
:10991000484603B0BDE8F08F00284FEA820208BF36
:1099200000220AEB0204DBE7064B07484A4640F2F6
:109930003721FFF725FC034B03484A4640F24521F7
:10994000FFF71EFC10BA0208D4BA020882B08DEDEF
:10995000000B164B019A1340A3F15073002B06DD48
:1099600000221946104641EC100B02B070475B42D2
:10997000B3F1A07F4FEA235209DA4FF400231341D9
:1099800000221946104641EC100B02B07047A2F1BC
:1099900014031E2BDABF4FF00042DA4001220023ED
:1099A0001946104641EC100B02B070470000F07FE2
:1099B000F8B5046900F1140606EB8404271F54F877
:1099C000045C2846FFF7DCFCC0F120030A280B608A
:1099D00033DDBE42A0F10B0119D254F8080C21B3BB
:1099E000C1F120078D4020FA07F215438840A4F109
:1099F000080145F07F538E4243F4401319D254F8C6
:109A00000C1CF9400843024643EC102BF8BD0B2810
:109A10000AD005FA01F141F07F53002043F44013CE
:109A2000024643EC102BF8BD002045F07F5343F471
:109A30004013024643EC102BF8BDC0F10B0C25FA85
:109A40000CF1BE4241F07F5338BF54F8081C00F1BE
:109A5000150034BF21FA0CF1002105FA00F008438B
:109A600043F44013024643EC102BF8BD2DE9F043BC
:109A70000E4683B0012159EC108B1546FFF7A6FB6B
:109A80000446002846D0C9F30A57C9F313030FB19F
:109A900043F480130193B8F1000313D101A8FFF739
:109AA00091FC019B63610122203022610FB3A7F278
:109AB00033470744C0F1350037602860204603B0C3
:109AC000BDE8F08368460093FFF77CFC019BF8B18A
:109AD0000099C0F1200203FA02F2C3400A43019345
:109AE000002B62610CBF01220222A3612261002FC0
:109AF000DDD104EB8203A0F2324030601869FFF739
:109B00003FFCC0EB42102860204603B0BDE8F08364
:109B1000009AE5E7034B0448224640F20F31FFF775
:109B20002FFB00BF10BA0208D4BA02082DE9F04397
:109B300083B0884669468146FFF73AFF01A940464F
:109B400055EC104BFFF734FFD8F81030D9F810203F
:109B5000D21ADDE900315B1A03EB4213002B59ECFA
:109B6000108B0DDD05EB03573D4642464B46204624
:109B7000294601F08DFA41EC100B03B0BDE8F083EB
:109B8000C3EB033309EB03518946EEE7172870B5A1
:109B900006460CDD0A490B4D0020002422462B46C8
:109BA00001F04CF9013EF9D141EC100B70BD064BB0
:109BB00003EBC003D3E9040141EC100B70BD00BFFF
:109BC0000000F03F00002440489C02080139491180
:109BD00001F1010C116902F1140303EB81018B42C5
:109BE00000EB8C0C16D210B5A0F1040E53F8044B08
:109BF0004EF8044F9942F9D88B1A153B23F0030312
:109C000004331844844504D9002340F8043B8445B8
:109C1000FBD810BD844505D9002340F8043B84459A
:109C2000FBD87047704700BF03694A11934200F1A7
:109C3000140009DA00EB830302E053F8042DAAB9FB
:109C40008342FAD80020704700EB8203F8DD11F060
:109C50001F01F5D010B450F8224024FA01F28A40D6
:109C6000944209D001205DF8044B704701207047F1
:109C700053F8042D002AF5D18342F9D800205DF86D
:109C8000044B70472DE9F041B1F90C300C469907AF
:109C900096B008D504F143030122C4E904322360DD
:109CA00016B0BDE8F081B4F90E100029064626DB97
:109CB0006A4600F03DF900281FDB019D05F4704560
:109CC000A5F50055B5FA85F54FF480686D094FF498
:109CD000006741463046FDF793FAE8B1B4F90C301D
:109CE000C4F8148043F0800320602061A3813DBB51
:109CF0003B43A38116B0BDE8F081B4F90C3013F0FA
:109D0000800519D04FF040080025414630462F46C7
:109D1000FDF776FA0028E1D1B4F90C309A05BFD4EA
:109D200023F0030304F1430243F002030121C4E9D9
:109D30000421A3812260B3E74FF480682F46C8E76F
:109D4000B4F90E10304600F009F910B9B4F90C302E
:109D5000CEE7A38923F0030343F001031BB2C7E757
:109D600070B50C46B1F90E10002996B015461E4686
:109D700014DB6A4600F0DCF800280FDB019901F4DF
:109D80007041A1F50051B1FA81F14FF480634909A6
:109D90004FF4006031602B6016B070BDA18911F0E6
:109DA000800106D000214023084631602B6016B0A8
:109DB00070BD4FF48063084631602B6016B070BDF3
:109DC00038B5A1FB021454BBFDF71AFA054650B38F
:109DD00050F8042C22F00302043A242A10D8132A43
:109DE00013D91B2AC0E9004416D9242AC0E9024429
:109DF0000ABFC0E9044400F1100200F1180205E0B6
:109E00002146F6F729FB284638BD02460023C2E961
:109E100000339360284638BD00F10802F6E7FDF7ED
:109E2000E5F80C2303600025284638BD2DE9F047EE
:109E30008F681D46AF420B680C46164636D8B1F9FE
:109E40000CC01CF4906F0ED13D46184631462A4690
:109E5000F6F780FEA368DF1B2368A7602B44002071
:109E60002360BDE8F0874A69096902EB42025F1A84
:109E700002EBD2726B1C52103B44934292BF91464C
:109E800099461A461CF4806F804611D01146FDF7A2
:109E9000B7F9824600B321693A46F8F7B9F8A389C1
:109EA00023F4906343F08003A38105E02F46CCE7C1
:109EB000FEF768FE824658B10AEB0703A9EB0707D5
:109EC000A760C4F810A0C4F8149023602F46BCE724
:109ED00021694046FEF7D6FCA3890C2243F04003DB
:109EE000C8F800204FF0FF30A381BAE70CB400B5EA
:109EF00083B004AB53F8042B019300F041F803B096
:109F00005DF804EB02B070470EB410B583B005AB3A
:109F1000064C53F8042B01930146206800F030F8FA
:109F200003B0BDE8104003B0704700BF1802002026
:109F300070B50C46084D03460026204611461C46C7
:109F40002E6002F0DBFD431C00D070BD2B68002B9F
:109F5000FBD0236070BD00BF340E002038B5074D24
:109F60000022044608462A6002F0D8FD431C00D0B7
:109F700038BD2B68002BFBD0236038BD340E002089
:109F80002DE9F04FADB0CDE907301C460291934664
:109F900018B1436B002B00F003850299B1F90C2036
:109FA0004B6E950405D442F4005223F400538A8189
:109FB0004B66980400F12485029BB3F90C2011072D
:109FC00040F1D3801B69002B00F0CF8002F01A0211
:109FD0000A2A00F0D9800023CDE910330DF1700971
:109FE000CDF83C900993CA4605939BF80030002BAE
:109FF00000F0F4805C4604E014F8013F002B00F010
:10A00000D280252BF8D1B4EB0B0540F0CF8023781C
:10A01000002B00F0E3804FF000038DF837304FF055
:10A02000FF320023CDE90323617804F1010B984648
:10A030000BF1010BA1F12003582B00F2DC80DFE8CB
:10A0400013F0B201DA00DA00AD01DA00DA00DA006A
:10A05000DA00DA00DA007601A701DA008101860170
:10A06000DA00A2015900590059005900590059005D
:10A07000590059005900DA00DA00DA00DA00DA0093
:10A08000DA00DA00DA00DA00DA006800DA00DA0072
:10A09000DA00DA00DA00DA00DA00DA00DA00DA00F0
:10A0A0001902DA00DA00DA00DA00DA00EA01DA008E
:10A0B000DA001D04DA00DA00DA00DA00DA00DA0089
:10A0C000DA00DA00DA00DA00DD016A00DA00DA002C
:10A0D000DA00D8016A00DA00DA00CB01DA00BD014B
:10A0E0001B047F027A02DA005902DA001904DA004E
:10A0F000DA004204A1F1300300221BF8011B02EB3D
:10A10000820203EB4202A1F13003092BF5D904923C
:10A1100090E748F0100818F0200F00F0D780079B58
:10A12000073323F007031A46596852F8083B079291
:10A130000A460029C0F2DE8003999DF837500029B5
:10A14000C0F2E38053EA020128F0800840F0DD808D
:10A15000039B002B40F0598401934C46002D00F0E6
:10A16000BE81019A01320192B9E1029D0898294607
:10A17000FEF7CAFA002840F04384B5F90C2002F03B
:10A180001A020A2A7FF427AF029BB3F90E30002B84
:10A19000FFF621AF0299089823465A462DB0BDE834
:10A1A000F04F00F059BCB4EB0B0517D0119B2B44BA
:10A1B0001193109B0133072BCAE900B5109305DCFE
:10A1C0000AF1080A059B2B44059320E70299089899
:10A1D0000FAAFEF7C5FF28B9CA46F3E7119B002B6B
:10A1E00040F00084029B9B895B0600F1098405987E
:10A1F0002DB0BDE8F08F0029F0D000238DF8373066
:10A2000001238DF84810019312AC002203920692AC
:10A2100018F08407DDE9102105D10498019D451B44
:10A22000002D00F34F829DF8370080B101320DF10F
:10A2300037000131CAF80000072A4FF00100CDE9CC
:10A240001021CAF8040000F377820AF1080A069880
:10A2500078B101320EA80231CAF80000072A4FF087
:10A260000200CDE91021CAF8040000F373820AF15C
:10A27000080A802F00F09B810398C51A002D00F377
:10A28000D58101321944072ACDE91021CAF80040CE
:10A29000CAF8043000F302820AF1080A18F0040F29
:10A2A00005D0049B019A9C1A002C00F36182DDE921
:10A2B000042301988242ACBF9B181B180593002908
:10A2C00040F0F78100231093CA468EE6079A18F0F3
:10A2D000100F52F8043B079207D118F0400F04D03A
:10A2E00043F3C03211461BB223E7DA1711460029A7
:10A2F000BFF622AF03995B4262EB42022D25002993
:10A300008DF8375001DB28F080080A2B72F100012C
:10A3100080F0F3823033DBB28DF86F30039B012B7A
:10A32000B8BF012301930DF16F04012316E7079BCA
:10A3300053F8042B0492002A80F28882049A07932F
:10A34000524204929BF8001048F0040870E6584608
:10A3500010F8011B2A2900F05A83A1F13003092BC0
:10A3600098BF002200F2478310F8011B02EB820223
:10A3700003EB4202A1F13003092BF5D942EAE27363
:10A380000393834656E69BF8001048F080084FE69A
:10A390002B239BF800108DF8373049E69BF800100E
:10A3A00048F0010844E69DF837309BF80010002B78
:10A3B0007FF43EAE20238DF8373039E618F0200FB9
:10A3C00000F04D82079B059A1B681A60D2175A60ED
:10A3D000079B0433079308E69BF800106C2903BF22
:10A3E0009BF8011048F020080BF1010B48F0100811
:10A3F0001EE69BF8001048F0400819E6079B002273
:10A400008DF8372053F8042B079301238DF848204B
:10A41000019312ACF9E648F0100111F0200200F0AF
:10A42000DE81079B073323F0070318465A6850F86C
:10A43000083B079003980025A8428DF83750C0F2DA
:10A44000A782012553EA020021F0800840F09480A1
:10A450000398002840F09E82002D40F0F38111F017
:10A46000010300F0F88130228DF86F2001930DF187
:10A470006F0434E048F0100111F0200200F0BE81BA
:10A48000079B073323F0070318465A6850F8083B28
:10A49000079003980025A8428DF83750D2DA8846F5
:10A4A0004C4603F00701DB0843EA4273D20830311F
:10A4B00053EA0205204604F8011DF2D118F0010FFD
:10A4C0006DD030296BD0039A0238302304F8013C58
:10A4D000A9EB00039A42B8BF1A460446019218F04D
:10A4E000020206923FF494AE019A023201920222D5
:10A4F00006928DE6079D039B55F8044B00218DF8CD
:10A500003710002C00F05E82002BC0F2DF811A466B
:10A510002046FAF715FF002800F06B82031B9DF818
:10A52000372023EAE3710191002A00F052820022D1
:10A530000795039215E69BF8001048F0200877E590
:10A54000079A52F8043B079247F63002ADF83820DC
:10A55000B24A099248F00208002200218DF8371013
:10A56000039900290DDB414653EA02004FF0020532
:10A5700021F080083FF46CAF012D00F05482022DD1
:10A580008ED109984C4603F00F011B09415C04F879
:10A59000011D43EA0273120953EA0201F3D1039A3F
:10A5A000A9EB04039A42B8BF1A46019297E70498B0
:10A5B000019D451B002D7FF75FAE102D984E23DDCA
:10A5C00006945046089C10279A4604E0103D102D32
:10A5D00000F1080015DD01321031072AC0E90067DB
:10A5E000CDE91021F2DD02990FAA2046FEF7B8FD51
:10A5F00000287FF4F7AD103D102DDDE9102148460D
:10A60000E9DC069C5346824601322944072ACDE9FB
:10A610001021CAF80060CAF8045000F3C5810398FD
:10A62000C51A002D0AF1080A7FF72BAE102D7C4EBB
:10A6300026DD03945046089CB24610271E4604E0CF
:10A64000103D102D00F1080016DD0132744B103161
:10A65000072AC0E90037CDE91021F1DD02990FAAE0
:10A660002046FEF77DFD00287FF4BCAD103D102D87
:10A67000DDE910214846E8DC039C33465646824615
:10A6800001322944072ACDE91021CAF80060CAF82E
:10A69000045000F3C9800AF1080AF2E5029908980B
:10A6A0000FAAFEF75DFD00287FF49CAD1199CA4604
:10A6B000F4E5029908980FAAFEF752FD00283FF42E
:10A6C00001AE8FE5102D574E28DDCDE90A745046B6
:10A6D0003746089C029E9A4604E0103D102D00F17A
:10A6E000080016DD013210311023072ACDE91021B0
:10A6F00007604360F1DD0FAA31462046FEF730FDCA
:10A7000000287FF46FAD103D102DDDE91021484683
:10A71000E8DC3E460B9C0A9F5346824601322944A0
:10A72000072ACDE91021CAF80060CAF8045000F3E6
:10A7300021810AF1080A76E5029908980A930FAA7E
:10A74000FEF70EFD00287FF44DADDDE910210A9BD8
:10A75000CA467CE50299089806930FAAFEF700FD09
:10A7600000287FF43FADDDE91021069BCA4680E555
:10A77000102C109B2B4E1FDD089FDDF80880102544
:10A7800004E0103C102C0AF1080A15DD01331031E9
:10A79000072BCAE90065CDE91031F2DD0FAA414669
:10A7A0003846FEF7DDFC00287FF41CAD103C102C71
:10A7B000DDE91031CA46E9DC01332144072BCAE93F
:10A7C0000064CDE910317FF772AD029908980FAAA5
:10A7D000FEF7C6FC00287FF405AD119967E50798E0
:10A7E00050F8043B079011F010007FF423AE11F0F5
:10A7F00040023FF41FAE9BB202461BE6079850F89A
:10A80000043B079011F010007FF443AE11F04002BA
:10A810003FF43FAE9BB202463BE600BFF4B90208EC
:10A82000809D0208709D02080299089803930FAA60
:10A83000FEF796FC00287FF4D5ACDDE91021039BE0
:10A84000CA461EE5039B01934C4648E69BF8001060
:10A850000793FFF7EDBB039A01924C463FE618F0D1
:10A86000100F38D118F0400F35D0079B059A1B68A0
:10A870001A80ADE54146D0E54146FDE56B4B0993B5
:10A8800018F020022CD0079B073323F0070318464B
:10A890005A6850F8083B079018F0010F3FF45DAE7E
:10A8A00053EA02003FF459AE8DF8391030218DF88B
:10A8B000381000218DF837100399002980F28D801F
:10A8C00048F002085DE65A4B0993D9E72046F5F7B0
:10A8D00057FD034623E6079B059A1B681A6077E538
:10A8E000079850F8043B079018F01000D4D118F0E6
:10A8F00040021CBF9BB20246CEE74E4ECDF804A0EC
:10A900004C464FF0050E991841F10001A6FB0107D6
:10A9100027F0030000EB9700091A581A9A4694464C
:10A9200062F100034FF0CC3202FB00F206FB03227F
:10A93000A0FB063003F001070244A7FB0E074018F6
:10A94000BAF10A0F4FEA530300F130007CF1000C1A
:10A9500043EAC27304F8010D4FEA5202D3D2039ABC
:10A96000DDF804A0A9EB04039A42B8BF1A4601928D
:10A97000FFF7F4BB029908980A930FAAFEF7F0FBC1
:10A9800000287FF42FACDDE910210A9BCA464AE477
:10A990008846BAE4012D7FF4F2AD00253023BBE4F4
:10A9A000F7F708FEFFF7F9BA0299089806930FAA7D
:10A9B000FEF7D6FB00287FF415ACDDE91021069BDD
:10A9C000CA4659E4062B28BF06231B4C0795019362
:10A9D0001BE4CDE9062503921AE428F0800141F03A
:10A9E0000208CEE5029908980FAAFEF7B9FBFFF717
:10A9F000F9BB039B93E5002383460393FFF71ABB40
:10AA00004FF0FF330593FFF7F2BB302384E4079B3D
:10AA10009BF8011053F8042B079342EAE272834635
:10AA20000392FFF705BB00256FE400BF6C9F02088F
:10AA3000F4B90208CDCCCCCC08BA020810B4054C4D
:10AA40008446134620685DF8044B0A466146FFF7CA
:10AA500097BA00BF1802002070B50C468989ADF581
:10AA60008D6D21F00201ADF80C101AA9009104912E
:10AA70004FF4806102910591616E1991E189ADF801
:10AA80000E10E1690791616A0991002106916946FA
:10AA90000646FFF775FA051E07DB69463046FCF7E8
:10AAA0006BFA002818BF4FF0FF35BDF80C305B067D
:10AAB00003D5A38943F04003A38128460DF58D6D8E
:10AAC00070BD00BF81F0004102E000BF83F0004391
:10AAD00030B54FEA41044FEA430594EA050F08BF39
:10AAE00090EA020F1FBF54EA000C55EA020C7FEAFD
:10AAF000645C7FEA655C00F0E2804FEA5454D4EB7A
:10AB00005555B8BF6D420CDD2C4480EA020281EA43
:10AB1000030382EA000083EA010180EA020281EA7B
:10AB20000303362D88BF30BD11F0004F4FEA0131CD
:10AB30004FF4801C4CEA113102D0404261EB4101DC
:10AB400013F0004F4FEA03334CEA133302D0524262
:10AB500063EB430394EA050F00F0A780A4F101041E
:10AB6000D5F1200E0DDB02FA0EFC22FA05F2801858
:10AB700041F1000103FA0EF2801843FA05F359413E
:10AB80000EE0A5F120050EF1200E012A03FA0EFCBD
:10AB900028BF4CF0020C43FA05F3C01851EBE371E7
:10ABA00001F0004507D54FF0000EDCF1000C7EEB04
:10ABB00000006EEB0101B1F5801F1BD3B1F5001F42
:10ABC0000CD349085FEA30004FEA3C0C04F1010461
:10ABD0004FEA445212F5800F80F09A80BCF1004F8A
:10ABE00008BF5FEA500C50F1000041EB045141EA0C
:10ABF000050130BD5FEA4C0C404141EB0101013CD5
:10AC000028BFB1F5801FE9D291F0000F04BF0146C3
:10AC10000020B1FA81F308BF2033A3F10B03B3F195
:10AC200020020CDA0C3208DD02F1140CC2F10C0225
:10AC300001FA0CF021FA02F10CE002F11402D8BF83
:10AC4000C2F1200C01FA02F120FA0CFCDCBF41EA4F
:10AC50000C019040E41AA2BF01EB0451294330BD1E
:10AC60006FEA04041F3C1CDA0C340EDC04F11404FB
:10AC7000C4F1200220FA04F001FA02F340EA0300D2
:10AC800021FA04F345EA030130BDC4F10C04C4F118
:10AC9000200220FA02F001FA04F340EA03002946F8
:10ACA00030BD21FA04F0294630BD94F0000F83F442
:10ACB000801306BF81F480110134013D4EE77FEA25
:10ACC000645C18BF7FEA655C29D094EA050F08BF71
:10ACD00090EA020F05D054EA000C04BF1946104652
:10ACE00030BD91EA030F1EBF0021002030BD5FEA96
:10ACF000545C05D14000494128BF41F0004130BDBE
:10AD000014F580043CBF01F5801130BD01F0004511
:10AD100045F0FE4141F470014FF0000030BD7FEA84
:10AD2000645C1ABF194610467FEA655C1CBF0B467F
:10AD3000024650EA013406BF52EA033591EA030F96
:10AD400041F4002130BD00BF90F0000F04BF00218E
:10AD5000704730B54FF4806404F132044FF00005C1
:10AD60004FF0000150E700BF90F0000F04BF00213A
:10AD7000704730B54FF4806404F1320410F00045A0
:10AD800048BF40424FF000013EE700BF42004FEA9B
:10AD9000E2014FEA31014FEA02701FBF12F07F4318
:10ADA00093F07F4F81F06051704732F07F4208BFCF
:10ADB000704793F07F4F04BF41F40021704730B5D6
:10ADC0004FF4607401F0004521F000411CE700BF22
:10ADD00050EA010208BF704730B54FF000050AE0A5
:10ADE00050EA010208BF704730B511F0004502D5A6
:10ADF000404261EB41014FF4806404F132045FEAA8
:10AE0000915C3FF4D8AE4FF003025FEADC0C18BF50
:10AE100003325FEADC0C18BF033202EBDC02C2F142
:10AE2000200300FA03FC20FA02F001FA03FE40EAD4
:10AE30000E0021FA02F11444BDE600BF70B54FF0D8
:10AE4000FF0C4CF4E06C1CEA11541DBF1CEA1355B6
:10AE500094EA0C0F95EA0C0F00F0DEF82C4481EA1E
:10AE6000030621EA4C5123EA4C5350EA013518BF3E
:10AE700052EA033541F4801143F4801338D0A0FB2B
:10AE800002CE4FF00005E1FB02E506F00042E0FBD8
:10AE900003E54FF00006E1FB03569CF0000F18BFDE
:10AEA0004EF0010EA4F1FF04B6F5007F64F5407486
:10AEB00004D25FEA4E0E6D4146EB060642EAC62119
:10AEC00041EA55514FEAC52040EA5E504FEACE2E86
:10AED000B4F1FD0C88BFBCF5E06F1ED8BEF1004F89
:10AEE00008BF5FEA500E50F1000041EB045170BD05
:10AEF00006F0004646EA010140EA020081EA030149
:10AF0000B4EB5C04C2BFD4EB0C0541EA045170BD44
:10AF100041F480114FF0000E013C00F3AB8014F1BE
:10AF2000360FDEBF002001F0004170BDC4F1000407
:10AF3000203C35DA0C341BDC04F11404C4F1200588
:10AF400000FA05F320FA04F001FA05F240EA0200E3
:10AF500001F0004221F0004110EBD37021FA04F619
:10AF600042EB06015EEA430E08BF20EAD37070BDD3
:10AF7000C4F10C04C4F1200500FA04F320FA05F032
:10AF800001FA04F240EA020001F0004110EBD37034
:10AF900041F100015EEA430E08BF20EAD37070BDA4
:10AFA000C4F1200500FA05F24EEA020E20FA04F37D
:10AFB00001FA05F243EA020321FA04F001F000412C
:10AFC00021FA04F220EA020000EBD3705EEA430E9D
:10AFD00008BF20EAD37070BD94F0000F0FD101F0CC
:10AFE0000046400041EB010111F4801F08BF013C05
:10AFF000F7D041EA060195F0000F18BF704703F043
:10B000000046520043EB030313F4801F08BF013DC9
:10B01000F7D043EA0603704794EA0C0F0CEA135585
:10B0200018BF95EA0C0F0CD050EA410618BF52EA3F
:10B030004306D1D181EA030101F000414FF0000045
:10B0400070BD50EA410606BF1046194652EA430653
:10B0500019D094EA0C0F02D150EA013613D195EAC7
:10B060000C0F05D152EA03361CBF104619460AD10F
:10B0700081EA030101F0004141F0FE4141F4700119
:10B080004FF0000070BD41F0FE4141F4780170BD09
:10B0900070B54FF0FF0C4CF4E06C1CEA11541DBF6E
:10B0A0001CEA135594EA0C0F95EA0C0F00F0A7F870
:10B0B000A4EB050481EA030E52EA03354FEA01319D
:10B0C00000F088804FEA03334FF0805545EA1313B0
:10B0D00043EA12634FEA022245EA111545EA106578
:10B0E0004FEA00260EF000419D4208BF964244F10F
:10B0F000FD0404F5407402D25B084FEA3202B61A2E
:10B1000065EB03055B084FEA32024FF480104FF401
:10B11000002CB6EB020E75EB030E22BFB61A754675
:10B1200040EA0C005B084FEA3202B6EB020E75EB08
:10B13000030E22BFB61A754640EA5C005B084FEA70
:10B140003202B6EB020E75EB030E22BFB61A75463D
:10B1500040EA9C005B084FEA3202B6EB020E75EB48
:10B16000030E22BFB61A754640EADC0055EA060E09
:10B1700018D04FEA051545EA16754FEA06164FEA4C
:10B18000C30343EA52734FEAC2025FEA1C1CC0D1F8
:10B1900011F4801F0BD141EA00014FF000004FF085
:10B1A000004CB6E711F4801F04BF01430020B4F146
:10B1B000FD0C88BFBCF5E06F3FF6AFAEB5EB030CFE
:10B1C00004BFB6EB020C5FEA500C50F1000041EBFB
:10B1D000045170BD0EF0004E4EEA113114EB5C04C8
:10B1E000C2BFD4EB0C0541EA045170BD41F480119B
:10B1F0004FF0000E013C90E645EA060E8DE60CEAA3
:10B20000135594EA0C0F08BF95EA0C0F3FF43BAFBF
:10B2100094EA0C0F0AD150EA01347FF434AF95EA76
:10B220000C0F7FF425AF104619462CE795EA0C0F5A
:10B2300006D152EA03353FF4FDAE1046194622E727
:10B2400050EA410618BF52EA43067FF4C5AE50EA01
:10B2500041047FF40DAF52EA43057FF4EBAE12E7F1
:10B260004FF0FF3C06E000BF4FF0010C02E000BFD2
:10B270004FF0010C4DF804CD4FEA410C7FEA6C5CB5
:10B280004FEA430C18BF7FEA6C5C1BD001B050EA58
:10B29000410C0CBF52EA430C91EA030F02BF90EA43
:10B2A000020F0020704710F1000F91EA030F58BF02
:10B2B000994208BF90422CBFD8176FEAE37040F064
:10B2C000010070474FEA410C7FEA6C5C02D150EA02
:10B2D000013C07D14FEA430C7FEA6C5CD6D152EABD
:10B2E000033CD3D05DF8040B704700BF8446104682
:10B2F00062468C461946634600E000BF01B5FFF781
:10B30000B7FF002848BF10F1000F01BD4DF808ED50
:10B31000FFF7F4FF0CBF012000205DF808FB00BF21
:10B320004DF808EDFFF7EAFF34BF012000205DF87B
:10B3300008FB00BF4DF808EDFFF7E0FF94BF0120C8
:10B3400000205DF808FB00BF4DF808EDFFF7CEFFC9
:10B3500094BF012000205DF808FB00BF4DF808ED08
:10B36000FFF7C4FF34BF012000205DF808FB00BFD9
:10B370004FEA410C7FEA6C5C02D150EA013C0AD1F1
:10B380004FEA430C7FEA6C5C02D152EA033C02D1E3
:10B390004FF0000070474FF0010070474FEA410244
:10B3A00012F5001215D211D56FF47873B3EB625217
:10B3B00012D94FEAC12343F0004343EA505311F03E
:10B3C000004F23FA02F018BF404270474FF00000D0
:10B3D000704750EA013005D111F0004008BF6FF00E
:10B3E000004070474FF00000704700BF4A0011D284
:10B3F00012F5001211D20DD56FF47873B3EB6252CF
:10B400000ED44FEAC12343F0004343EA505323FADA
:10B4100002F070474FF00000704750EA013002D14F
:10B420004FF0FF3070474FF0000070474FEA410285
:10B43000B2F1E04324BFB3F5001CDCF1FE5C0DD992
:10B4400001F0004C4FEAC0024CEA5070B2F1004FDC
:10B4500040EB830008BF20F00100704711F0804FDF
:10B4600021D113F13872BCBF01F00040704741F4A4
:10B4700080114FEA5252C2F11802C2F1200C10FAA8
:10B480000CF320FA02F018BF40F001004FEAC1238C
:10B490004FEAD32303FA0CFC40EA0C0023FA02F330
:10B4A0004FEA4303CCE77FEA625307D150EA013306
:10B4B0001EBF4FF0FE4040F44000704701F00040D6
:10B4C00040F0FE4040F40000704700BF80F00040B4
:10B4D00002E000BF81F0004142001FBF5FEA41036C
:10B4E00092EA030F7FEA226C7FEA236C6AD04FEA6C
:10B4F0001262D2EB1363C1BFD218414048404140B1
:10B50000B8BF5B42192B88BF704710F0004F40F462
:10B51000000020F07F4018BF404211F0004F41F47E
:10B52000000121F07F4118BF494292EA030F3FD04A
:10B53000A2F1010241FA03FC10EB0C00C3F120035D
:10B5400001FA03F100F0004302D5494260EB4000EC
:10B55000B0F5000F13D3B0F1807F06D340084FEA57
:10B56000310102F10102FE2A51D2B1F1004F40EB4C
:10B57000C25008BF20F0010040EA030070474900B4
:10B5800040EB0000013A28BFB0F5000FEDD2B0FA51
:10B5900080FCACF1080CB2EB0C0200FA0CF0AABF74
:10B5A00000EBC25052421843BCBFD0401843704712
:10B5B00092F0000F81F4000106BF80F40000013218
:10B5C000013BB5E74FEA41037FEA226C18BF7FEAEF
:10B5D000236C21D092EA030F04D092F0000F08BF31
:10B5E0000846704790EA010F1CBF0020704712F018
:10B5F0007F4F04D1400028BF40F00040704712F157
:10B6000000723CBF00F50000704700F0004343F0BB
:10B61000FE4040F4000070477FEA226216BF0846F1
:10B620007FEA23630146420206BF5FEA412390EAB4
:10B63000010F40F4800070474FF0000304E000BFAA
:10B6400010F0004348BF40425FEA000C08BF70475B
:10B6500043F0964301464FF000001CE050EA01021F
:10B6600008BF70474FF000030AE000BF50EA010234
:10B6700008BF704711F0004302D5404261EB410121
:10B680005FEA010C02BF84460146002043F0B64346
:10B6900008BFA3F18053A3F50003BCFA8CF2083A6B
:10B6A000A3EBC25310DB01FA02FC634400FA02FC74
:10B6B000C2F12002BCF1004F20FA02F243EB02007B
:10B6C00008BF20F00100704702F1200201FA02FCDD
:10B6D000C2F1200250EA4C0021FA02F243EB0200D0
:10B6E00008BF20EADC7070477BB972B90029BEBF81
:10B6F00000204FF0004106E008BF00281CBF6FF09B
:10B7000000414FF0FF3001F0EFB9ADF1080C6DE9E9
:10B7100004CE002909DB002B1ADB00F0B7F8DDF8B6
:10B7200004E0DDE9022304B07047404261EB4101CF
:10B73000002B1BDB00F0AAF8DDF804E0DDE90223B2
:10B7400004B0404261EB4101524263EB4303704756
:10B75000524263EB430300F099F8DDF804E0DDE9C1
:10B76000022304B0404261EB41017047524263EB57
:10B77000430300F08BF8DDF804E0DDE9022304B0B8
:10B78000524263EB4303704753B94AB9002908BFDB
:10B7900000281CBF4FF0FF314FF0FF3001F0A4B97B
:10B7A000ADF1080C6DE904CE00F070F8DDF804E0AE
:10B7B000DDE9022304B0704707EE900AF5EEC07A87
:10B7C000F1EE10FA01D400F023B8F1EE677A08B573
:10B7D00017EE900A00F01CF8404261EB410108BDF1
:10B7E00038B50022002304460D46FFF799FD28B91D
:10B7F00020462946BDE8384000F02AB8204605F129
:10B80000004100F025F8404261EB410138BD00BF26
:10B81000D0B5FFF7BBFA0C4B002206460F46FFF7E8
:10B820000DFBFFF7E3FD0446FFF78EFA074B0022FE
:10B83000FFF704FB02460B4630463946FFF746F950
:10B84000FFF7D4FD2146D0BD0000F03D0000F041DF
:10B85000D0B50C4B002206460F46FFF7EFFAFFF774
:10B86000C5FD0446FFF770FA074B0022FFF7E6FA22
:10B8700002460B4630463946FFF728F9FFF7B6FD7A
:10B880002146D0BD0000F03D0000F0412DE9F04719
:10B89000089D0E4604460F46002B4AD194468C451F
:10B8A000B2FA82F260D942B1C2F12003974020FA85
:10B8B00003F30CFA02FC1F4394404FEA1C4E1FFA9C
:10B8C0008CF6B7FBFEF1230C0EFB117743EA07431E
:10B8D00001FB06F098420AD91CEB030301F1FF3784
:10B8E00080F01581984240F21281023963441B1A9C
:10B8F000A4B2B3FBFEF00EFB103344EA034400FB9A
:10B9000006F6A6420AD91CEB040400F1FF3380F0CE
:10B910000081A64240F2FD806444023840EA0140C2
:10B92000A41B00211DB1D4400023C5E90043BDE89C
:10B93000F0878B4205D90DB1C5E900010021084609
:10B94000F5E7B3FA83F1002946D1B34202D382422C
:10B9500000F2F580841A66EB030201201746002DE1
:10B96000E5D0C5E90047E2E7002A40F09380A1EB6B
:10B970000C034FEA1C471FFA8CFE0121B3FBF7F6BC
:10B9800007FB1630230C43EA00430EFB06F09842F7
:10B9900008D91CEB030306F1FF3802D2984200F2EB
:10B9A000D08046461B1AA4B2B3FBF7F007FB103356
:10B9B00044EA03440EFB00FEA64508D91CEB040430
:10B9C00000F1FF3302D2A64500F2B6801846A4EB80
:10B9D0000E0440EA0640A5E7C1F120078B4022FA99
:10B9E00007FC4CEA030C06FA01FE20FA07F426FADB
:10B9F00007F344EA0E0400FA01F84FEA1C404FEA4C
:10BA00001449B3FBF0FE1FFA8CF600FB1E3349EA23
:10BA100003430EFB06F9994502FA01F20BD91CEB20
:10BA200003030EF1FF3A80F08580994540F2828051
:10BA3000AEF1020E6344A3EB0909A4B2B9FBF0F323
:10BA400000FB139944EA094403FB06F6A64208D911
:10BA50001CEB040403F1FF3068D2A64266D9023B16
:10BA6000644443EA0E40A41BA0FB02E6B4427346C2
:10BA7000B14652D34FD05DB1B8EB030264EB090479
:10BA800004FA07F722FA01F31F43CC40C5E900741A
:10BA900000214CE7C2F1200120FA01F30CFA02FC6C
:10BAA00026FA01F1964033434FEA1C471FFA8CFEF9
:10BAB000B1FBF7F007FB1016190C41EA064100FB39
:10BAC0000EF68E4204FA02F408D91CEB010100F1D3
:10BAD000FF382DD28E422BD902386144891B9BB28C
:10BAE000B1FBF7F607FB161143EA014306FB0EF123
:10BAF000994208D91CEB030306F1FF3814D299428E
:10BB000012D9023E63445B1A46EA004136E73946E1
:10BB1000EDE6184602E7F045ADD2BEEB020366EB58
:10BB20000C060138B146A6E74646ECE7034698E71F
:10BB30004046D3E7D6467EE76444023847E70846E6
:10BB40000DE7023E63442DE703685A004CBF43F003
:10BB5000004323F000431844704700BF2DE9F0472D
:10BB600059B301F1FF380546164647464FF0000A23
:10BB70000AEB070101EBD171491005EBC1094846F9
:10BB8000FFF7E2FF88454FEAC104034610D004F1F5
:10BB90000800B342284407D8FFF7D6FF0138B04267
:10BBA00008D201F1010AE3E78A4506D04F1EDFE71C
:10BBB000B042F9D84846BDE8F0874FF00009484642
:10BBC000BDE8F087012809D0022805D0044B0028E1
:10BBD0000CBF184600207047024870470248704763
:10BBE000A1C20008A9C20008A5C2000830B5224BB6
:10BBF00083B004468D1E43B301A92846AFF30080ED
:10BC0000F0B101992A46FFF7A9FF0146C0B1FFF73D
:10BC10009BFF4B68A064012B2BD0002B01F104008B
:10BC200025DBFFF791FF002323650368E064002B09
:10BC300012DBFFF789FF03460020236103B030BD0C
:10BC400000230920236103B030BD0C4B0C49C91AF5
:10BC5000C91018460191D5E7C3F30360FFF7B2FF9F
:10BC6000031E0CBF09200020236103B030BD012357
:10BC7000DAE700230520E0E70000000040D30308D6
:10BC8000F8DE03080368DA0710B5044606D49B07FC
:10BC900000F1500009D500F095FC2368590709D53B
:10BCA0001A070ED5DB0613D510BD00F083FC236800
:10BCB0005907F5D404F1D80000F08CFC23681A076A
:10BCC000F0D404F5AC7000F08DFC2368DB06EBD4F7
:10BCD00004F5EC70BDE8104000F0C8BC03460068F5
:10BCE00000B11844704700BF09207047704700BF7B
:10BCF00070B504460E46316C2046FFF777FF0546C7
:10BD000088B9326C62612369324621460120984726
:10BD10000828F0D0072806D12846316CFFF7E6FF47
:10BD2000301D00F03BFCFFDE2DE9F04701F1040C73
:10BD3000C768D0F8188006469146BCE80F00ADF5FC
:10BD4000767D03AC0FC4BCE80F000FC4BCE80F0045
:10BD50000FC49CE80F0002AD4FF0000E84E80F0006
:10BD6000C5F800E021E02B6C73614FF4F4722946B2
:10BD70007CA8F6F74DF933697CAA314650469847BE
:10BD80008A9BAB644946CDE9005882463346012080
:10BD90003246B847814630BB4FF4F4727CA928463E
:10BDA000F6F736F9BAF1080F1AD1296C3046FFF7C9
:10BDB0001DFF09F1090904465FFA89FA0028D2D06B
:10BDC000AB6BAB643246CDE9005833464AF0100104
:10BDD0000120B84738B920460DF5767DBDE8F087DB
:10BDE000BAF1070F05D0092420460DF5767DBDE890
:10BDF000F0874846296CFFF779FF03A800F0CEFBD7
:10BE0000806C7047F0B5CB6B0B6401F1040C0E46EF
:10BE10000546BCE80F00FBB001AC0FC4BCE80F0046
:10BE20000FC4BCE80F000FC49CE80F004FF0FF37B1
:10BE300084E80F00009706E02B696A462946984778
:10BE40000828044608D110992846FFF7CFFE00289D
:10BE5000F2D009207BB0F0BD6846FFF713FF062C37
:10BE6000F7D131462846FFF743FF00BFC160D96BC9
:10BE7000826119640022194656E700BF70B5C66892
:10BE800043690B64AEB903690A4604460D46014690
:10BE900002209847072805D008280ED129462046B9
:10BEA000FFF726FF3046296CFFF720FF281D00F022
:10BEB00075FB0122FFF738FFFFDEFFDEC2681AB113
:10BEC000CA6B0A6400222FE79CE700BF704700BFDF
:10BED000836801460BB1012018477047052915D822
:10BEE000DFE801F00A031403030501207047009AFC
:10BEF000436C13600020704743B90F2A06D800EB4B
:10BF0000820200205368009A136070470220704735
:10BF100000B585B00A46002303A900911946FFF732
:10BF2000DDFF039805B05DF804FB00BF052915D8B7
:10BF3000DFE801F00A031403030501207047009BAA
:10BF40001B6843640020704743B90F2A06D8009B42
:10BF500000EB82021B68536000207047022070478C
:10BF600010B584B0002303AC039200940A4619462E
:10BF7000FFF7DCFF04B010BD70B5D36B136402F1A2
:10BF8000040C05460C46BCE80F00ADF5107D0DF124
:10BF90005C0EAEE80F00BCE80F00AEE80F00BCE896
:10BFA0000F00AEE80F009CE80F004FF0FF368EE860
:10BFB0000F00169610E0FFF7D3FF214616A8A847FA
:10BFC000034616AA0820694683B9049B98470528AA
:10BFD00006460CD0092809D026996846FFF706FEC8
:10BFE00003460C216A4616A8002BE4D0092616A8A1
:10BFF000FFF748FE30460DF5107D70BD2DE9F04F7E
:10C000001646CA6C89B00D4652F8041B069200F021
:10C01000030C002B79D00C0C8DF81D400904E4B200
:10C02000059102EB840202218DF81C10296DBCF1F0
:10C03000020F08BFAA6B11F0010809D005A930460C
:10C0400000F0AEFB002856D1082009B0BDE8F08F03
:10C050001768002FF2D000F00801CDE90118E3467F
:10C060009A46BAF1020F4CD01788548802F104099D
:10C07000AA6C24F001030F21304603EB0208FFF7FE
:10C0800047FF80453BD827F0010202EB08038342BB
:10C0900094BF00230123640004F0020407F00107A9
:10C0A0002743012F4ED0022F35D027BBBBF1000F05
:10C0B00002D0002B40F0D38009F104021768002F52
:10C0C000CFD105A93046DDF8088000F069FB90B9B2
:10C0D000B8F1000FB8D00F213046FFF719FF0E213D
:10C0E00002463046FFF73CFF6C4A0F213046FFF70F
:10C0F00037FF072000E0092009B0BDE8F08F0023DA
:10C10000C9E7546802F10809B2E7090205918DF800
:10C110001D30032188E7D9F8004024F00048BBF126
:10C12000000F47D12BB1019B002B5CD0B8F1000F61
:10C1300059D0002C01DA09F1040908F1010209EBD8
:10C140008202BBE7BBF1000F1CD1C3B1D9F80430A8
:10C15000D9F80020991C4FEAD272CCD005F15804CE
:10C160000133049400F08E8009F10400FFF7B6FD5E
:10C1700004AB014628461CF01FFA002859D109F1EA
:10C1800008029BE70D213046FFF7C2FE2C6A84426D
:10C19000F5D1AB6A9945F2D14846FFF7D5FC0F219E
:10C1A00002463046FFF7DCFE2A4600213046FFF704
:10C1B000D7FE9EE70D213046FFF7AAFE2F6A874281
:10C1C000B7D1AB6A9945B4D100240423C5E90B4328
:10C1D0004B44C5F828806B63D9F80030A34258DB84
:10C1E00001230293A9E705F15803CDF80CB009F13A
:10C1F0000407B34600241E460BE038460496FFF7BA
:10C200006DFD0022014604AB28461CF0D5F9043729
:10C21000F8B9444504F10104EFD10D215846FFF768
:10C2200077FE049BC5F828900246C5E9082306203E
:10C2300062E704460D213046FFF76AFE049E28623D
:10C24000022C04BFEE6205F12C06C5E9096906203F
:10C2500052E75E46D9F80040DDF80CB069E7484681
:10C26000FFF772FC09F104030446AB6328461CF097
:10C27000FBF900283FF43FAF22460F213046FFF77D
:10C280006FFE36E730460D21FFF742FE2646286254
:10C29000DBE708F1010209EB82007EE72D96020838
:10C2A0000023ABE60123A9E60223A7E62DE9F0412E
:10C2B0000646C4B01446052900F2D880DFE811F024
:10C2C00012002D00D6006C0091000600836B002C3C
:10C2D00040F0CC8053F8042B42648363002044B0C8
:10C2E000BDE8F081002B40F0C180856B1FFA84FC13
:10C2F000012006F1040E00FA03F111EA0C0F2A46A0
:10C3000004D052F8041B4EF8231015460133102BAD
:10C31000F1D1A704E2D4B563E0E7012B4FEA14475B
:10C32000A4B200F08380052B40F0A08007EB040846
:10C33000B8F1200F00F29A800F2F40F29980002C64
:10C34000CCD00268500700F11881019302AD284655
:10C3500000F044F94FEA440CA7F11000B16B019BC7
:10C360000CF1FF3C05EBC0000CF1010C043801EBB3
:10C370008C0251F8044B40F8044F9142F9D1012B43
:10C3800000F0DE800F2FB16302D822A800F01AF966
:10C39000284600F01FF9A1E7032B67D1A7B207EBEE
:10C3A0001443102B4FEA144460D80368190700F1B6
:10C3B000BF8022AD284600F037F97A00B06B05EB5C
:10C3C000C404531E42B1011B625844F8042B013BC4
:10C3D0005A1CF9D100EBC700B063284600F002F9FF
:10C3E0007CE7002B42D1102C40D80368DD0600F119
:10C3F000978022AD284600F043F9B76B2946002309
:10C400004FF0010C0CFA03F22242384603F101030B
:10C4100003D050F8042B0A600746042B01F10401F5
:10C42000F0D1B763284600F021F957E73A19102AEE
:10C430001CD8102F1AD00268D00708D5304622F039
:10C44000030240F8502B019300F0B8F8019B0193D0
:10C4500022AD284600F0B2F8B26B019B002C58D1F7
:10C460000432B263284600F0A5F837E7022036E729
:10C47000B8F1100F026865D9D40772D522F0010215
:10C4800042F0020240F8502B019300F09FF832680E
:10C49000019B12F0040F66D122AD2846019300F0F3
:10C4A00095F802A800F09AF8C7F110014900B26BA4
:10C4B000019BA8F1100C4C1E05EBC7000134043899
:10C4C00002EB840152F8044B40F8044F8A42F9D140
:10C4D000BCF1000F5AD0102F384638BF10204FEA59
:10C4E0004C0C103802AD0CF1FF3C05EBC0003BE7F3
:10C4F000304622F0010242F0020240F8502B22ADF9
:10C50000019300F063F8284600F060F8B26B24B3A2
:10C51000019B6400013C05EBC7004FF0000CCDE728
:10C5200023F01003036000F5EC7000F0A9F860E759
:10C5300023F00803036000F5AC7000F075F838E7ED
:10C5400022AD8DE7D107D3D422AD2846019300F068
:10C550003DF8B26B019B002CDBD1284600F032F88D
:10C56000BCE6540798D5304622F0040240F8D82B98
:10C57000019300F033F8019B8EE7304622F004026D
:10C5800040F8D82B019300F029F8DFE6012B3FF4A7
:10C5900067AF0F2FB2633FF6A1AEDEE700F13401C3
:10C5A00091E838009C46A6464CF8045D90E8FF0FE1
:10C5B000E54600BD90EC210B704700BF80EC210BDD
:10C5C000704700BF90EC200B704700BF80EC200B41
:10C5D000704700BFD0EC200B704700BFC0EC200BB1
:10C5E000704700BFF0EC0201F0EC0211F0EC022108
:10C5F000F0EC0231F0EC0241F0EC0251F0EC02619F
:10C60000F0EC0271F0EC0281F0EC0291F0EC02A18E
:10C61000F0EC02B1F0EC02C1F0EC02D1F0EC02E17E
:10C62000F0EC02F1704700BFE0EC0201E0EC021117
:10C63000E0EC0221E0EC0231E0EC0241E0EC0251DE
:10C64000E0EC0261E0EC0271E0EC0281E0EC0291CE
:10C65000E0EC02A1E0EC02B1E0EC02C1E0EC02D1BE
:10C66000E0EC02E1E0EC02F1704700BFB0FC0181B8
:10C67000B0FC0191B0FC01A1B0FC01B1704700BF5A
:10C68000A0FC0181A0FC0191A0FC01A1A0FC01B1D2
:10C69000704700BFEC4600B52DE900502DE9FF1FA3
:10C6A0004FF000032DE90C0001A9FFF7ABFBDDF80B
:10C6B00040E012B0704700BFEC4600B52DE90050D5
:10C6C0002DE9FF1F4FF000032DE90C0001A9FFF732
:10C6D000D5FBDDF840E012B0704700BFEC4600B576
:10C6E0002DE900502DE9FF1F4FF000032DE90C004C
:10C6F00001A9FFF7E3FBDDF840E012B0704700BF8F
:10C70000EC4600B52DE900502DE9FF1F4FF0000366
:10C710002DE90C0001ABFFF7A9FBDDF840E012B0FA
:10C72000704700BFEC4600B52DE900502DE9FF1F12
:10C730004FF000032DE90C0001AAFFF71DFCDDF806
:10C7400040E012B0704700BF027A03467AB9427ADD
:10C75000A2B14168013A10B44272086803220C1D6C
:10C760001A7202025C60000E10BC1A60704700680A
:10C77000013A1A7202021A60000E7047B020704728
:10C7800000B585B003AA0023009219460C22FFF7DA
:10C79000A5FB039805B05DF804FB00BFF0E700BF00
:10C7A0002DE9F043064685B00D464FF000082846B7
:10C7B000FFF7CAFFB028044600F01C8107065BD5CE
:10C7C00000F0F003A02B1AD030D8802B00F082802C
:10C7D000902B27D100F00D030D2B23D002AF0023A7
:10C7E00000F00F02194600973046FFF777FB002351
:10C7F00000970D2219463046FFF798FBD7E7C34351
:10C8000003F007034FF47F621A41010702F47F62CD
:10C8100001D542F48042002319463046FFF746FD19
:10C820000028C4D0092005B0BDE8F083B02B68D043
:10C83000C02B3DD1C62800F0CA80C72800F0DF8099
:10C8400000F0F803C02B00F0EC80C82800F0F7805F
:10C85000C928E7D12846FFF777FF020300F00F0051
:10C8600002F4702201300243012105233046FFF714
:10C870001DFD00289BD0D5E78300DBB21F1D0DF105
:10C88000080900231946CDF800900D223046FFF725
:10C8900025FB029BCDF8009060064CBFDF1BFF1804
:10C8A00000230D22194630460297FFF73FFB7EE733
:10C8B00000F0F803D02BB5D100F0070201320523B8
:10C8C00042F4002201213046FFF7F0FC00283FF43B
:10C8D0006EAFA7E72846FFF737FF24022043B0F5E5
:10C8E000004F9FD004010023A2B219463046FFF743
:10C8F000DDFC002896D114F4004F18BF4FF001085A
:10C9000055E7A0F1B103042B00F2B580DFE803F096
:10C910005529160C030003AA0023009219460D2284
:10C920003046FFF7DBFA42E700231A46052130467E
:10C93000FFF7BCFC00283FF43AAF73E72846FFF747
:10C9400003FF020300F00F00013002F47022012304
:10C95000024319463046FFF7A9FC00283FF427AFF1
:10C9600060E700230DF108090D221946CDF800906B
:10C970003046FFF7B3FA2846FFF7E6FE0206029CB0
:10C980004FF002070BD500F07F00B8400444284662
:10C990000294FFF7D9FE030607F10707F3D4B84066
:10C9A000002304F501740444CDF800900D221946CB
:10C9B00030460294FFF7BAFAF9E62846FFF7C4FEBC
:10C9C000431EDBB20E2B02467FF625AF2AE7284630
:10C9D000FFF7BAFE020300F00F00013002F47022EC
:10C9E0000323024319463046FFF760FC00283FF45A
:10C9F000DEAE17E7B8F1000F2DD0002013E7284670
:10CA0000FFF7A2FE431EDBB20E2B02463FF60AAF33
:10CA1000002304213046FFF749FC00283FF4C7AE4D
:10CA200000E700F00F020132032342F420221946EE
:10CA30003046FFF73BFC00283FF4B9AEF2E628464B
:10CA4000FFF782FE00F0F00200F00F031032013316
:10CA500043EA023208E702AC4346414600940E2204
:10CA60003046FFF73BFA0F220094434641463046DA
:10CA7000FFF75CFAC1E700F0FC03B42B3FF4D2AE41
:10CA800000F007020132012342F400221946304629
:10CA9000FFF70CFC00283FF48AAEC3E610B5C26C69
:10CAA000536884B04FF0030C08321C0208461B0E7A
:10CAB00001A9019402928DF80CC08DF80D30FFF79A
:10CAC0006FFE04B010BD00BF08B5FFF767FE806CB5
:10CAD00008BD00BF08B5FFF761FEC06CC37900EB6D
:10CAE0008300083008BD00BF704700BF024B5822CA
:10CAF0001A604FF0FF307047340E0020024B58226E
:10CB00001A604FF0FF307047340E0020024B58225D
:10CB10001A604FF0FF307047340E0020024B58224D
:10CB20001A600020704700BF340E0020024B5822CC
:10CB30001A604FF0FF307047340E0020024B58222D
:10CB40001A604FF0FF307047340E0020024B58221D
:10CB50001A604FF0FF307047340E0020FEE700BF30
:10CB6000DFF838D0002103E00D4B5B58435004310F
:10CB70000C480D4B42189A42F6D30C4A02E00023AF
:10CB800042F8043B0A4B9A42F9D302F0CBFB0FF078
:10CB900021FFF5F76DFB0FF079FF704700000220D1
:10CBA00024DF030800000020100B0020100B0020E1
:10CBB000FCF60020FEE7000008480068006880F3EB
:10CBC00008884FF0000080F3148862B661B6BFF3A6
:10CBD0004F8FBFF36F8F00DF00BF000008ED00E054
:10CBE000DFF80C00016841F470010160704700003B
:10CBF00088ED00E00E4B1B6882B0002201330192E9
:10CC000008D04FF0500383F31188BFF36F8FBFF349
:10CC10004F8FFEE74FF0500383F31188BFF36F8F00
:10CC2000BFF34F8F019B002BFCD002B0704700BFB9
:10CC3000D008002010B44FF08073074C40F8043C3B
:10CC400021F001016FF0020340E9034140E909329C
:10CC50005DF8044B44387047F5CB00080000000035
:10CC6000074B19680868B0E8F04F80F30988BFF3F4
:10CC70006F8F4FF0000080F311887047AFF3008092
:10CC8000B8A000204FF0500383F31188BFF36F8FDB
:10CC9000BFF34F8F0B4A13680133012B136000D091
:10CCA00070474FF0E023D3F8043DDBB2002BF7D000
:10CCB0004FF0500383F31188BFF36F8FBFF34F8F93
:10CCC000FEE700BFD0080020084A136843B94FF0C0
:10CCD000500383F31188BFF36F8FBFF34F8FFEE7CD
:10CCE000013B13600BB983F311887047D008002013
:10CCF000EFF30980BFF36F8F154B1A681EF0100F0A
:10CD000008BF20ED108A20E9F04F10602DE90900DE
:10CD10004FF0500080F31188BFF34F8FBFF36F8F38
:10CD200008F07CFB4FF0000080F3118809BC196803
:10CD30000868B0E8F04F1EF0100F08BFB0EC108A82
:10CD400080F30988BFF36F8F704700BFAFF3008097
:10CD5000B8A0002008B54FF0500383F31188BFF34B
:10CD60006F8FBFF34F8F08F0DBF928B14FF0E0234E
:10CD70004FF08052C3F8042D002383F3118808BDBF
:10CD80004FF0E02200230649136193610B680549C7
:10CD9000A1FB03139B090720013B536110617047FE
:10CDA000100A0020D34D62104FF0E0233D4AD3F823
:10CDB000001D914241D0D3F8002D3B4B9A4233D015
:10CDC00030B53A4B3A4C1A783A4883B0FF21D2B288
:10CDD000019219701B78DBB28DF803309DF8033097
:10CDE0009DF8032003F05003072112062370016011
:10CDF00048BF06220FD59DF803305B00DBB28DF8EB
:10CE000003309DF803301B06114602F1FF32F2D4C5
:10CE100003291BD001604FF0500383F31188BFF347
:10CE20006F8FBFF34F8FFEE74FF0500383F31188EE
:10CE3000BFF36F8FBFF34F8FFEE74FF0500383F3C5
:10CE40001188BFF36F8FBFF34F8FFEE7019B174A27
:10CE50004FF0E0244FF44071DBB201601370D4F85E
:10CE6000203D43F47003C4F8203DD4F8203D43F046
:10CE70007043C4F8203DFFF783FF0F4B00251D6072
:10CE8000FFF7AEFED4F8343F43F04043C4F8343FDC
:10CE9000FFF792FE08F0C2FAFFF7ACFE284603B097
:10CEA00030BD00BF71C20F4170C20F4100E400E00D
:10CEB0003C0E0020380E0020D0080020EFF3058340
:10CEC0000F2B0ED91149124A5B5C12789A4208D98D
:10CED0004FF0500383F31188BFF36F8FBFF34F8F71
:10CEE000FEE74FF0E0230B4AD3F80C3D126803F441
:10CEF000E063934208D94FF0500383F31188BFF3E6
:10CF00006F8FBFF34F8FFEE7704700BFF0E300E085
:10CF10003C0E0020380E002001207047B6EE000ABB
:10CF2000704700BFB6EE000A704700BF9FED010AD0
:10CF3000704700BF5E74513F9FED010A704700BF0C
:10CF40005E74513F90F82C00A0F10200B0FA80F01E
:10CF50004009704790F82800A0F10200B0FA80F074
:10CF60004009704790F82C302BB1C36923B11B697D
:10CF7000028C1A4200D07047002380F82C30704792
:10CF80002DE9F04F074691B041F400464FF0010AF9
:10CF90004FF47A7B27F8286FCDE90CAB00230B9375
:10CFA0000A9700F10C092A4D0F92044699E80300F4
:10CFB0000DF1200805F10C0E88E80300BEE80F0013
:10CFC000EC46ACE80F009EE80F008CE80F0095E8F7
:10CFD0000E00A06811F0C2FA20B90025284611B051
:10CFE000BDE8F08F50460AF06FFA0A97CDF834B0DA
:10CFF0002685CDF830A099E8030004F12A030B93AD
:10D0000005F10C074FF6FF7388E8030063850FCF27
:10D010006E460FC697E80F0086E80F0095E80E00F1
:10D02000A06811F09BFA05460028D6D050460AF0B9
:10D030004BFA638D4BF6EF629342CED00F9A002AE3
:10D04000CCD0C3F30A032846138011B0BDE8F08F9B
:10D05000189E020810B582B001AA00210446FFF70D
:10D060008FFF88B10DF106024FF400612046FFF7F3
:10D0700087FF48B1BDF80600BDF80430000400F495
:10D080000000184302B010BD4FF0FF3002B010BDD9
:10D09000704700BF704700BF0448054A036D1B6816
:10D0A000934200D170475030184700BFA08E002037
:10D0B00095D000080448054A836B1B68934200D151
:10D0C00070473830184700BF408F002091D00008CB
:10D0D000494A136813F0040331D0F0B5474E336862
:10D0E0002DED028B03F00603062B85B004D0002043
:10D0F00005B0BDEC028BF0BD414F3B6803F0060369
:10D10000062BF4D10546D06B0C460AF04FFC3D4887
:10D11000FFF718FFA8B93C48FFF714FF002833D1E8
:10D1200035483649364A6FF0040404606FF0260330
:10D1300001200B60136005B0BDEC028BF0BD1846FA
:10D140007047F26B314968460BF08AFA2F49FA6B47
:10D150009DED008A02A80BF083FA9DF80430002BA5
:10D16000D9D09DF80C30002BD5D09DED027A2B7BC9
:10D17000F1EE487A77EEC77A5BB3C5ED007A85EDBC
:10D18000018A85ED027AC6E71C4B2149DA6C6846B4
:10D190000BF066FA1A4B1E49DA6C9DED008A02A864
:10D1A0000BF05EFA9DF80430002BB9D09DF80C30DE
:10D1B000002BB5D09DED027A237BF1EE487A77EE15
:10D1C000C77A7BB1C4ED007A84ED018A84ED027ADE
:10D1D000A6E70123C5ED007A85ED018A85ED027A87
:10D1E0002B7398E70123C4ED007A84ED018A84ED66
:10D1F000027A237394E700BF002001400021014020
:10D2000000220140E08F0020B08F0020408B0020E2
:10D21000F08C002010B5382104461BF049F8204658
:10D2200010BD00BF10B5502104461BF041F8204648
:10D2300010BD00BF08B502F011F901F001FA084A6B
:10D24000084B1178FF2918BF1346DA78032A00D05B
:10D25000FEE71A79062AFBD15B79382BF8D108BD95
:10D260000078FF1F0000002030B5002391B0234C50
:10D270000F93CDE90B33CDE90D3304F18805206818
:10D2800028B1A3880BA913B10B9303F0A1FB0834B9
:10D29000AC42F4D1002440F2FF72032369461848DF
:10D2A0000494CDE90023CDE9024403F091FB4EF64E
:10D2B000034369461348009303F08AFB41F6FF538A
:10D2C00069461148009303F083FB4FF4805001211D
:10D2D000CDE9060100F180400223224600F5FA3034
:10D2E0004FF480510893CDE9094403F045FD05480A
:10D2F00006A903F06DFB11B030BD00BF540E002035
:10D30000000002400004024000080240154B16498C
:10D310004FF080529A614A6C002322F440424A64E2
:10D320000B620868114A20F0010008604B638B63B0
:10D33000CB63506C20F440405064136210684FF08F
:10D34000804120F00100106053639363D3630B624C
:10D350000A6822F001020A60CB63CB6A01330B64D6
:10D36000704700BF0004024000000140000401407B
:10D3700070B5544B544C5969544D636C6E6C2068B5
:10D380002A684FF0804E13F4404FDEF80030246AD4
:10D390002D6AB4FA84FC81F480514FEA5C1CDEF8FB
:10D3A0002040C1F3003141EA8C11B5FA85FC4FEA07
:10D3B0005C1CB4FA84F44FEA541441EACC1141EAFB
:10D3C00004210CBF0124002416F4404F41EA44011B
:10D3D0006FEA00000CBF0124002441EA840100F040
:10D3E0000100D24302F00102DB4341EAC00141EAFD
:10D3F000021103F00103364C41EA431100224FF0C1
:10D40000010C0CFA02F3C3F30A03500001322BB1F2
:10D410002368C34003F00303032B2ED1102AF0D15D
:10D42000284E002301254EF6034405FA03F222425A
:10D430004FEA430003F1010305D03268C24002F015
:10D440000302032A19D1102BEFD1224E002301250C
:10D4500041F6FF5405FA03F222424FEA430003F17A
:10D46000010305D03268C24002F00302032A04D14E
:10D47000102BEFD14FF4007500E00025114B154C37
:10D480001B68226803F04073A3F18073B3FA83F33F
:10D490005B0941EA832002F04063B3F1806F40EA08
:10D4A000050000D070BD236803F04053B3F1805FE6
:10D4B000F8D163699B04F5D56369C3F3803340EA0F
:10D4C000C32070BD00040240000001400004014080
:10D4D000000002400008024008B501F04BFF01F0D7
:10D4E00061F801F0A5FB01F0F7FB00F0C9FE00F0C8
:10D4F000CFFF00F0D1FC00F007FD01F083FA01F04E
:10D500003FFC00F06FFF00F039FD00F087FD0022C6
:10D510000121062002F046FE062002F07FFE0022D6
:10D520000121072002F03EFE072002F077FE0022D4
:10D530000121082002F036FE082002F06FFE0022D2
:10D540000121092002F02EFE092002F067FE0022D0
:10D5500001210A2002F026FE0A2002F05FFE0022CE
:10D560000121172002F01EFE172002F057FE0022B4
:10D570000121282002F016FE282002F04FFE002292
:10D5800005214D2002F00EFE4D2002F047FE002244
:10D5900011462C2002F006FE2C2002F03FFE094B23
:10D5A000DA6842F00102DA60DA6842F00202DA6018
:10D5B0009A6842F080029A60FFF756FEFFF7A6FED7
:10D5C000012008BD002004E0034B834200D07047D7
:10D5D000024811F00BB800BFB8960020149000204C
:10D5E000034B834200D07047024810F0FFBF00BFDA
:10D5F000B896002014900020034B834200D070475F
:10D60000024810F0F3BF00BFB8960020149000202D
:10D6100001480EF09FBB00BF480E00201F4B204961
:10D620001B6820486FF0010210B51A610A6804787F
:10D63000C2F3001C644522D01B4C80F800C0236854
:10D6400003F52453043302F0100223604AB1174A51
:10D6500040F2D663CB638B634B63D36393635363B3
:10D6600010BD1348134B90F8E0221A70A0F58040CB
:10D670000FF078F9104B4D22C3F8002E10BD0F4863
:10D680004FF4002200230AF00DFFBDE810400C48C3
:10D690004FF4002200230AF005BF00BF9C90002039
:10D6A000000401403D0E0020400E0020000001401B
:10D6B00040E100201C90002000E100E0408B0020B1
:10D6C000F08C00202DE9F04F8BB002AD06ACDFF8F6
:10D6D000CC81002321462846C5E90133C4E9013342
:10D6E000D8F800600293EB600693E360FFF7F0FC6C
:10D6F000002800F0AA80624B5B6C13F4004300F03A
:10D700009D80604B5B6C13F4004300F090800DF142
:10D71000100999E803008DE8030008AF95E80C00B4
:10D720005948A6F256610AF0C9FF97E803008DE850
:10D730000300564894E80C0031460AF0BFFF31461A
:10D7400053480FF0D5FE534B534A596A490089B2EA
:10D7500013689B07FCD54F4BDFF844B15B6A9BF81D
:10D760000000DFF840A15B009BB25A1A18B1CAE969
:10D77000C513CAF81C23DAF82033934238BF134686
:10D7800021462846CAF82033FFF7A2FC002841D0E2
:10D7900099E803008DE8030006F50A5195E80C00AE
:10D7A00039482E310BF0A8F897E803008DE8030004
:10D7B00006F52455043594E80C00344829460BF04E
:10D7C0009BF806F5E941304836310BF001F906F5D2
:10D7D000F6412E480C310BF0FBF8D8F800309D4292
:10D7E00009D02948102200230AF05CFE27481022A5
:10D7F00000230AF057FE9AF8E0321BB19BF8003084
:10D8000083F0010300228AF8E0328BF800200BB08D
:10D81000BDE8F08F1C484FF0007200230AF042FE72
:10D820001A484FF0007200230AF03CFEB0E79DF862
:10D830002420F2B10693C4E9013368E79DF814206F
:10D8400082B10293C5E901335BE70F484FF00072E4
:10D8500000230AF027FE0D484FF0007200230AF063
:10D8600021FE48E701230292C5E901228DF8143018
:10D8700047E701230692C4E901228DF8243046E7E8
:10D880000000014000040140408B0020F08C00208B
:10D8900040A10020001C004000210140400E00205B
:10D8A0001C90002040E10020014803F0CDBB00BFE8
:10D8B000189F0020014803F015BB00BF189F0020EF
:10D8C000014804F025B800BF089200202DE9F04F70
:10D8D000CD48CE4ECE4DCF4CCF4AAE600023C6E9E8
:10D8E0000003CE48E86002F11801E06000F58060B6
:10D8F000C5E90021C4E90021E8614FF48042E061FC
:10D900004FF400506B612B8385F82C3022826361C9
:10D91000238384F82C3028820423C14AC148A6609E
:10D920009BB00F212B8423840BF054FB0423BC4AAF
:10D93000BD4819460BF04EFBBC4ABD4900201AF009
:10D9400033FCBC480BF06EFBBB480BF06BFBDFF805
:10D95000E482B44FB54AB949DFF8449300201AF085
:10D9600023FCCDE901789FEDB60AA94BB549009596
:10D970000622B5480AF054FC383708F15002CDE9C8
:10D9800000479FEDAF0AA34BB0490292B048A34FA6
:10D99000DFF8108306220AF043FC4FF4007306966A
:10D9A0001297ADF84C30ADF8643012AB93E8030039
:10D9B0001022ADF85C2004AD2022ADF85420189759
:10D9C000CDF85080CDF8588085E8030014AB93E87B
:10D9D000030002AC84E8030016AB93E803008DE873
:10D9E00003001AAB13E90C009A499B480BF0A2FB09
:10D9F0004023ADF83C308023ADF834304FF4004381
:10DA000006960A97ADF82C300AAA92E80300109700
:10DA1000ADF84430CDF83080CDF8388085E803008B
:10DA20000CAB93E8030084E803000EAA92E803001D
:10DA300010AB8A4D8A4C8B4F0CCB8DE803008A4982
:10DA40008A480BF077FB00238949AB800122C5E9A6
:10DA50000233C5E90633AB822960AA712961AA7530
:10DA60004B4609F18006402218460021F2F7F4FCEB
:10DA7000034640330222B34244608460C76082623E
:10DA800002638263EFD1DFF820B27A4BDFF81CA289
:10DA9000DFF81CE29FED784ADFED784A9FED785A77
:10DAA000DFED785A9FED786ADFED787ADFF804C20F
:10DAB0005A4640F20310F3EE046A4FF4806757644D
:10DAC00000244FF07E56B0EE007A4FF07A5756633E
:10DAD00016641765C2F800E01083C2ED076A82ED94
:10DAE000084AC2ED094A82ED0B5AC2ED0C5A82ED8A
:10DAF0000E6AC2ED127A82F83C40546582ED0A7AD1
:10DB000082ED137A43F8B46C43F8B06C43F8AC6C14
:10DB100043F8986C5E4E43F8A46C43F8846C43F66B
:10DB20005011FF2603F89C6C03F8906C0A44594E80
:10DB300043F8806C01274FF480780226524523F881
:10DB4000B84C43F8A0CC43ED257A43ED236A43ED6E
:10DB5000226A03F8A87C43F8784C03F8744C43ED30
:10DB60001C7A43ED1B7A03F8684C43ED197A03F8ED
:10DB7000604C43ED177A03F8584C43ED157A03F8DF
:10DB8000504C43ED137A43ED127A43ED117A43ED95
:10DB9000107A43ED0F7A43ED0E7A43ED0D7A43EDA3
:10DBA0000C7A43ED0B7A43ED0A7A43ED097A43EDA3
:10DBB000087A43ED077A43ED067A03F8124C43EDF9
:10DBC000047A43ED037A43ED017A23F8148C43F889
:10DBD000086C0B447FF471AF2F4B08952F4D0793C2
:10DBE000CDE9029BA3F12C0903230595CDF81890EC
:10DBF000DFF854B085ED017A85ED117A2C602C6444
:10DC0000DFF854A0009357E0B8960020149000204D
:10DC1000E08F0020B08F0020F49D02080008024031
:10DC2000489E0208408F0020788F002010020020BC
:10DC3000B5D00008A08E0020F08E002099D00008FA
:10DC4000FFFFF944C8910020408B00209C900020E9
:10DC5000F08C00205091002000880020E0870020F8
:10DC600000007A440118CF3A14910020A0890020C6
:10DC700008BF0208104E0020ABAA2A3EABAAAA3E5B
:10DC80009A99993F0000807F0AD7233C000000004A
:10DC900000002041000020C10009002040140020A5
:10DCA0006087002000040240C0140020608700202C
:10DCB0005CBF0208000101014FF07C53CDF810B0A9
:10DCC000CDF804A03A46AB60EB60AB64EB64214650
:10DCD0003346424809F09CFF414B03930BF5D87340
:10DCE00004930AF5D073CDE900633E4B08933E4B95
:10DCF000029309F184030793403509F15803059510
:10DD00000693394608230722384809F081FF384B2B
:10DD1000384A9A6008209884A3F8440036481A616B
:10DD200004259A611A629A6398629865186720229E
:10DD3000102032499F811C609C809E829D839D861D
:10DD40004FF40044A3F8542098852D4AA3F84C00C2
:10DD50002C4E2D4D2D489C874027A3F87440A3F8E6
:10DD600064704FF400748027A3F87C80A3F85C40B3
:10DD70001A631A649A641A651A669A669A67A3F80F
:10DD80006C70C3F88020C1E90065A3F88440886006
:10DD90001BB0BDE8F08F01231D4D5C1E04F038045C
:10DDA0002C44AC420FD11AF001FC0023194D5C1E2B
:10DDB00004F050042C44AC42F5D054F8503D1B689C
:10DDC00020469847F7E754F8383D1B6820469847A7
:10DDD000E7E70123EAE70023DEE700BFE00E0020CB
:10DDE000104E0020F0870020A08700209011002016
:10DDF000540E00200000024000080240480E00209F
:10DE000000040240D890002001000200030004003A
:10DE1000408F0020A08E002030B5014689B000223E
:10DE20002D2002F0BFF92D2002F0F8F90025164B45
:10DE300002951A6C154C42F480721A641B6C03F440
:10DE4000807301A903A80293029B04F071FC04F003
:10DE50005FFC0F4A0F4921604300A2FB03239B0C88
:10DE600040F2E732013B2046C4E903256360A56028
:10DE700005F01AFA10B1012009B030BD204605F0B6
:10DE80002FF809B030BD00BF0038024020900020BC
:10DE900083DE1B430020004010B51848184901607C
:10DEA0008CB04FF6FF71C1600321002301240422CE
:10DEB000039103A9C0E90133CDE90434CDE9063269
:10DEC000CDE90834CDE90A32036105F05DFA50B9B5
:10DED0000022002309486946CDE9002305F030FC03
:10DEE00030B90CB010BD0748D82100F011FCEFE7A5
:10DEF0000448DF2100F00CFC0CB010BD5091002054
:10DF000000040040589E020810B5194819490160E4
:10DF10008CB04FF6FF71C16003210023012404225D
:10DF2000039103A9C0E90133CDE90434CDE90632F8
:10DF3000CDE90834CDE90A32036105F025FA50B97C
:10DF4000002200230A486946CDE9002305F0F8FBCA
:10DF500030B90CB010BD0848F92100F0D9FBEFE74B
:10DF600005484FF4807100F0D3FB0CB010BD00BF2A
:10DF70001491002000080040589E020800B5244873
:10DF80002449002387B04FF0FF32C0E90013C0E9F5
:10DF90000232036105F0DCF900BB002200231C48BB
:10DFA0006946CDE9002305F0CBFB58BB0A200122CE
:10DFB000CDE90202002108220F23049114480593A1
:10DFC0000DEB020105F066FAB0B911480C2202A966
:10DFD00005F060FA40B907B05DF804FB0E4840F266
:10DFE000111100F095FBD8E70B484FF4937100F046
:10DFF0008FFB07B05DF804FB074840F2211100F0E9
:10E0000087FBE2E704484FF48C7100F081FBCDE719
:10E01000D8900020000C0040589E02080A480B4986
:10E0200008B542F603120023C0E90013C0E902322A
:10E03000036105F039F900B908BDBDE8084004489E
:10E0400040F2731100F064BB60900020001C00409F
:10E05000589E0208124A0368934282B012D0114AB5
:10E06000934201D002B070470F4B002201921A6C0C
:10E0700042F080021A641B6C03F080030193019B41
:10E0800002B07047084B002200925A6C42F0010225
:10E090005A645B6C03F001030093009B02B070476D
:10E0A00000000140001C0040003802400368B3F14A
:10E0B000804F82B012D0114A934201D002B0704713
:10E0C0000F4B002201925A6C42F002025A645B6CC0
:10E0D00003F002030193019B02B0704703F50E3376
:10E0E000002200921A6C42F001021A641B6C03F0C9
:10E0F00001030093009B02B0704700BF0004014081
:10E1000000380240124A0368934282B012D0114A8A
:10E11000934201D002B070470F4B002201921A6C5B
:10E1200042F004021A641B6C03F004030193019B88
:10E1300002B07047084B002200921A6C42F00202B3
:10E140001A641B6C03F002030093009B02B070473B
:10E150000004004000080040003802400E4B0268F6
:10E160009A4200D0704700B583B003F50B3300220C
:10E170000192196C41F0080119641B6C03F008034B
:10E18000019301213220019B02F00CF8322003B0F0
:10E190005DF804EB02F042B8000C0040D0B5324A02
:10E1A0000368934286B007D0B3F1804F21D02F4A45
:10E1B000934232D006B0D0BD4FF460420223002615
:10E1C0000027012469462A480494CDE90023CDE9BB
:10E1D000026702F0FDFB4FF4E0620223254804943D
:10E1E0006946CDE90267CDE9002302F0F1FB06B0F4
:10E1F000D0BD4FF440600221CDE9000100F1804024
:10E2000001230026002700F5FC306946CDE90267AE
:10E21000049302F0DDFB06B0D0BD002600270324E6
:10E2200080220223694613480494CDE90023CDE9F6
:10E23000026702F0CDFB0322022369460C480494D6
:10E24000CDE90023CDE9026702F0C2FB4FF4E07292
:10E250000223094804946946CDE90267CDE9002309
:10E2600002F0B6FB06B0D0BD000001400004014042
:10E2700000040240000002400008024000000000CC
:10E2800010B55548554C6022002396B040F6AC516D
:10E2900082600222C0E90043C0E90313426105F035
:10E2A00003F800285DD14FF480534B48029302A934
:10E2B00004F024FE002840F08580474805F02CF843
:10E2C00000287AD1444805F00BF8002870D12022AC
:10E2D000002341486946CDE9002305F031FA0028C2
:10E2E00061D1002000210022CDE90A0170233A48C3
:10E2F0000C9206A9CDE90632CDE9082205F0A8F96D
:10E3000000284BD13448042206A905F0A1F90028C1
:10E310003FD13148082206A905F09AF9002833D1E7
:10E3200000232D4806930C2206A905F065F930BBA1
:10E330009FED277B4FF400604FF48061CDE90E0123
:10E3400000231422244814930EA98DED127BCDE9ED
:10E35000103205F01BFA48B91F48FFF71FFF16B02F
:10E3600010BD1F48532100F0D3F99CE792211C48AF
:10E3700000F0CEF91848FFF711FF16B010BD18488D
:10E38000862100F0C5F9D3E71548802100F0C0F9D7
:10E39000C6E713487B2100F0BBF9BAE710487621A5
:10E3A00000F0B6F9AEE70E486A2100F0B1F998E73F
:10E3B0000B48632100F0ACF989E709485E2100F0C1
:10E3C000A7F97FE70648592100F0A2F975E700BFD9
:10E3D0000000000000200000C89100200000014063
:10E3E000589E020810B5284800238AB04FF0804498
:10E3F00060214FF48052C0E90043C0E9021203617A
:10E4000004F08AFF38BB002200231F486946CDE98B
:10E41000002305F095F988BB0222702000210492A8
:10E420000822CDE902010023174806930DEB0201F3
:10E4300005F00EF9E8B941F20104002312480C225C
:10E4400002A9CDE9034305F003F948B90E48FFF7E7
:10E45000A5FE0AB010BD0D48A52100F059F9D2E77C
:10E46000BC210A4800F054F90748FFF797FE0AB0AC
:10E4700010BD0648B52100F04BF9DCE70348AC219C
:10E4800000F046F9C8E700BF8C910020589E0208B2
:10E4900010B54148414C6022002392B040F6AC5187
:10E4A00082600222C0E90043C0E90313426104F024
:10E4B00033FF002841D12022002337486946CDE9A7
:10E4C000002305F03DF9002859D100200021002249
:10E4D000CDE9060170233048089202A9CDE9023245
:10E4E000CDE9042205F0B4F8002842D12A480422DC
:10E4F00002A905F0ADF8002835D1082226480DEB19
:10E50000020105F0A5F840BB9FED217B4FF40060B0
:10E510004FF48061CDE90A01002314221E481093B4
:10E520000AA98DED0E7BCDE90C3205F02FF950B91B
:10E530001948FFF733FE12B010BD194840F23911E7
:10E5400000F0E6F8B7E74FF4B171154800F0E0F8D5
:10E550001148FFF723FE12B010BD11484FF4AB7104
:10E5600000F0D6F8D0E70E4840F2511100F0D0F894
:10E57000C3E70B484FF4A67100F0CAF8B6E70848A5
:10E580004FF4A07100F0C4F89FE700BFAFF3008024
:10E5900000000000002000009C90002000040140CA
:10E5A000589E020810B582B00024244B0094196BC9
:10E5B00041F400111963186B00F4001000900098EA
:10E5C0000194186B40F4800018631B6B03F4800304
:10E5D0002246042101930B20019B01F0E3FD0B2057
:10E5E00001F01CFE22460A210D2001F0DBFD0D206A
:10E5F00001F014FE22460A210F2001F0D3FD0F2066
:10E6000001F00CFE22460A21102001F0CBFD102063
:10E6100001F004FE22460A21112001F0C3FD112061
:10E6200001F0FCFD224603212F2001F0BBFD2F202D
:10E6300002B0BDE8104001F0F1BD00BF003802405B
:10E6400070B594B02A4A2B4B00200190116C41F018
:10E6500080511164126C02F080520192019A029072
:10E660001A6842F480421A601B689FED1F7B03F416
:10E670008043029301230224029A0D934FF48001F8
:10E680000425A822072308A88DED087BCDE90E41BB
:10E69000CDE91052CDE9124303F0AEFD00B1FEE723
:10E6A0004FF4A05205904FF480530F26052103A884
:10E6B000CDE90364CDE9062303F08AFF044600B1E7
:10E6C000FEE704F01FF80C4BA3FB0030800901F0BB
:10E6D000C5FD284601F0DCFD224631464FF0FF30F3
:10E6E00001F060FD14B070BD0900000000000100E1
:10E6F0000038024000700040D34D6210034B0268A6
:10E700009A4200D0704700F0C3BE00BF0020004016
:10E71000FEE700BF000000000368B3F1A04F00D087
:10E72000704700B59FED147B89B04FF4C0500221B3
:10E73000CDE902010A2302A9114806938DED047B5D
:10E7400002F046F90F4B596B002241F080015963EA
:10E750000192586C40F4804058645B6C03F4804331
:10E76000062101934320019B01F01CFD432001F091
:10E7700055FD09B05DF804FB000000000300000037
:10E780000000024000380240F8B5D0F8EC5300F524
:10E790006F7605F2AA2704463146384607F096FF01
:10E7A00095F8AA3203F06003402B03D195F8AB3201
:10E7B000502B06D0D4F8EC033146BDE8F84007F002
:10E7C000F5BBD5F8B832B5F8B0229B680121C5E990
:10E7D000A512284639469847B5F8B03203B900B1BA
:10E7E000F8BD2846BDE8F84007F0DCBFC1EBC10327
:10E7F00000EB8303D0F8EC03D3F8042207F006BC47
:10E80000C1EBC10300EB8303D0F8EC035A6C07F0B3
:10E8100031BC00BFD0F8EC0307F0BCBC10B5C16838
:10E8200004460039D0F8EC0318BF012107F09AFC28
:10E83000D4F8EC03BDE8104007F06CBC10B50446FA
:10E84000D0F8EC0307F092FC2268D2F8003E43F0C7
:10E850000103C2F8003E236A23B1034A136943F05F
:10E860000603136110BD00BF00ED00E0D0F8EC031B
:10E8700007F086BCD0F8EC0307F09CBCD0F8EC03A2
:10E8800007F096BCD0F8EC0307F096BCD0F8EC0388
:10E8900007F094BC02780AB100207047194B10B5FC
:10E8A000C3F8EC034FF0A044C0F8C43206200221A4
:10E8B000C3E900401846C3E90312C3E90521C3E9CF
:10E8C0000722C3E90B225A6202F09EFFA0B9802101
:10E8D0000C4803F08DFC402200210A4803F062FC42
:10E8E00040220121074803F05DFC40220321054836
:10E8F00003F058FC002010BD034840F25911FFF707
:10E9000007FFE4E7089200206C9E020808B5D0F8E3
:10E91000C40202F0E7FF18B102280CBF0120032057
:10E9200008BD00BF944608B51A46D0F8C402634635
:10E9300003F018FB18B102280CBF0120032008BD0A
:10E9400008B5D0F8C40203F04FFB18B102280CBF81
:10E950000120032008BD00BF08B5D0F8C40203F0B1
:10E96000CDFB18B102280CBF0120032008BD00BF59
:10E9700008B5D0F8C40203F0EFFB18B102280CBFB1
:10E980000120032008BD00BF0A06D0F8C43206D417
:10E99000C1EBC10103EB810393F8FA01704701F069
:10E9A0007F01C1EBC10103EB810393F83A0070478B
:10E9B00008B5D0F8C40203F0C1FA18B102280CBFA0
:10E9C0000120032008BD00BF08B5D0F8C40203F041
:10E9D0006DFB18B102280CBF0120032008BD00BF49
:10E9E00008B5D0F8C40203F02FFB18B102280CBF01
:10E9F0000120032008BD00BF08B5D0F8C40203F011
:10EA00004BFB08BD10B51148114C4FF48272002326
:10EA1000C0E900424FF400610122C0E90231C0E9BF
:10EA200004324FF4007418210A22C0E90641C0E9FB
:10EA30000833C0E90A3203F0E9FE00B910BDBDE8B1
:10EA4000104004485221FFF763BE00BFB896002073
:10EA5000003C0040889E02083A4B02689A4200D06F
:10EA60007047F0B587B003F5FE33002700971A6CA6
:10EA700042F400421A641B6C03F400430221009329
:10EA80004FF4A0520126CDE90211009B019206230A
:10EA9000044601A92C48CDE904634FF4006501F058
:10EAA00097FF03962848294E019501A901F090FF90
:10EAB000274B33604023C6E90173E3684FF480625B
:10EAC000C6E9037263BB1D461A460023C6E9055218
:10EAD0001E4873624FF40032C6E9073201F0E4FBCE
:10EAE00058BB1C4DE3681C49A66400224FF48060AB
:10EAF000C5E90012C5E90222B46328619BB9194631
:10EB00000022C5E9053113486A624FF48033C5E934
:10EB1000072301F0C9FB58B9E564AC6307B0F0BD49
:10EB20004FF40052D1E74FF400634FF40051E7E790
:10EB30000A48A021FFF7ECFDEEE708488921FFF71E
:10EB4000E7FDCEE7003C0040000802405896002058
:10EB5000B8600240F895002010600240889E0208CC
:10EB60000D4B02689A4200D070470C4A136C10B5E6
:10EB700023F4004304464FF4E0511364084802F0C4
:10EB800049F8A06C01F024FCE06C01F021FCBDE828
:10EB90001040332001F050BB003C004000380240E0
:10EBA0000008024008B5096819F026FA002008BDDF
:10EBB00008B5044B00221868022107F045F8002030
:10EBC00008BD00BF6CE4002008B5044B00221868A3
:10EBD000012107F039F8002008BD00BF6CE40020D7
:10EBE000212806D14FF4E1300022082308608A80F2
:10EBF0008B710020704700BF8C46BCF1400F01466E
:10EC000013460DD8094A812BD2F8BC220CD0832B95
:10EC100006D15C32127A2AB90448624607F050BF26
:10EC200003207047012070474432F3E7489C0020DE
:10EC300030B52548254C4FF48031C0E90041244CC3
:10EC4000002301228FB00025C0E90A4583600361DB
:10EC500083610362C360C2610363426100F03CFCF4
:10EC600008BB062401250023174802936946CDE915
:10EC7000004500F0A7FD08BB012206210023CDE9D5
:10EC800005124FF480154FF480340F48099205A9FE
:10EC9000CDE90C45CDE90A330793089300F03AFE1D
:10ECA00030B90FB030BD0B485E21FFF731FDD8E71A
:10ECB00008487821FFF72CFD0FB030BD05486821CA
:10ECC000FFF726FDD8E700BF009A00200020014092
:10ECD0000100000F9C9E020830B52648264C4FF4D8
:10ECE000803100230122C0E900418FB04FF0606401
:10ECF0004FF08055C0E90A45836003618361036278
:10ED0000C360C2610363426100F0E6FB08BB0D24EF
:10ED100001250023174802936946CDE9004500F01C
:10ED200051FD08BB01220A210023CDE905124FF451
:10ED300080154FF480340F48099205A9CDE90C45A0
:10ED4000CDE90A330793089300F0E4FD30B90FB022
:10ED500030BD0A489221FFF7DBFCD8E70748AC2119
:10ED6000FFF7D6FC0FB030BD04489C21FFF7D0FC64
:10ED7000D8E700BFB8990020002101409C9E0208FE
:10ED800030B52648264C4FF4803100230122C0E9DB
:10ED900000418FB04FF060644FF08055C0E90A45E4
:10EDA0008360036183610362C360C2610363426184
:10EDB00000F092FB08BB0C240125002317480293A6
:10EDC0006946CDE9004500F0FDFC08BB01220B219E
:10EDD0000023CDE905124FF480154FF480340F481D
:10EDE000099205A9CDE90C45CDE90A3307930893AB
:10EDF00000F090FD30B90FB030BD0A48C621FFF7D2
:10EE000087FCD8E70748E021FFF782FC0FB030BD50
:10EE10000448D021FFF77CFCD8E700BF70990020A0
:10EE2000002201409C9E020870B5454A0368934247
:10EE30008AB007D0434A934240D0434A93425DD0C0
:10EE40000AB070BD0026414B01965A6C404D42F409
:10EE500080725A645B6C069603F4807301932F22D0
:10EE6000032304A904463B48CDE90423019B01F098
:10EE7000AFFD702203233848069604A9CDE9042388
:10EE800001F0A6FD354A6E624FF48063C5E90026A5
:10EE90002B614FF400624FF40053C5E90523284667
:10EEA0004FF48073C5E90266C5E9073601F0FCF945
:10EEB00000283AD1A563AC630AB070BD0024234B8F
:10EEC00002945A6C234842F400725A645B6C0694B4
:10EED0009FED197B03F40073029304A98DED047B6D
:10EEE000029B01F075FD702203231B48069404A9C0
:10EEF000CDE9042301F06CFD0AB070BD134B002472
:10EF000003945A6C42F480625A645B6C06940F203E
:10EF1000032103F48063CDE9040103930D48039BAF
:10EF200004A901F055FD0AB070BD0D484FF48A7177
:10EF3000FFF7EEFBBEE700BF2F000000030000005C
:10EF40000020014000210140002201400038024021
:10EF500010990020000802400000024010640240A6
:10EF60009C9E020810B582B00024224B00945A6C7B
:10EF700042F480425A645A6C02F480420092009A31
:10EF800001941A6C42F080521A641B6C03F0805397
:10EF900001930320019B01F0F3F8224621466FF014
:10EFA0000B0001F0FFF8224621466FF00A0001F045
:10EFB000F9F8224621466FF0090001F0F3F82246E5
:10EFC00003216FF0040001F0EDF8224621466FF0B6
:10EFD000030001F0E7F822460F216FF0010001F075
:10EFE000E1F822460F214FF0FF3002B0BDE810409B
:10EFF00001F0D8B800380240122301480B80704756
:10F00000A4090020042301480B807047A0090020B8
:10F0100010B5044C04480A46214607F06FFB204611
:10F0200010BD00BF489A0020B09E020810B5044CE5
:10F0300004480A46214607F061FB204610BD00BF88
:10F04000489A002068E7002010B5044C04480A469E
:10F05000214607F053FB204610BD00BF489A002010
:10F06000C09E020810B5044C04480A46214607F029
:10F0700045FB204610BD00BF489A0020DC9E0208D8
:10F0800010B5044C04480A46214607F037FB2046D9
:10F0900010BD00BF489A0020E89E02080020EE291B
:10F0A00008B5108002D0062905D008BD13461222EB
:10F0B00004481A8008BD0449044807F01FFB0248B1
:10F0C00008BD00BFD4090020489A0020F89E02081D
:10F0D000704700BF1B4A1C49536C10B423F44043D3
:10F0E00053644B6C0468194A8FB023F440434B645B
:10F0F0000294D0E9014303940493D0E90434C16835
:10F1000005910693D0E90613079408910993936A31
:10F110000A93D2F888200E4B0B925B6B0C930A9BE0
:10F12000C3F340238DF806300A9B0122C3F300236A
:10F130008DF807300D920D9B002BFCD10FB05DF8C0
:10F14000044B7047000001400004014000ED00E066
:10F1500000EF00E01EF0040F0CBFEFF30880EFF3A8
:10F160000980FFF7B7BF00BF0549064A4B6C23F47F
:10F1700040434B64536C23F440435364F6E700BFB1
:10F18000000001400004014008B5FFF7EDFF00BF9B
:10F1900008B5FFF7E9FF00BF704700BF06F0BEBD2E
:10F1A000014801F09FB900BFF8950020014801F027
:10F1B00099B900BF30980020014801F093B900BF11
:10F1C000D0970020014801F08DB900BF7097002052
:10F1D000014801F087B900BF10970020014801F0F5
:10F1E00081B900BF58960020014800F06DBE00BFF5
:10F1F000E8090020014800F067BE00BFE8090020D0
:10F20000014800F061BE00BFE8090020014800F09D
:10F210005BBE00BFE8090020014804F0B3BB00BF9B
:10F220009098002008B5044803F032FFBDE808407C
:10F23000024803F02DBF00BF9C90002020900020CA
:10F24000014803F041BD00BFB8960020014804F01A
:10F2500099BB00BFD098002010B5094C0949002285
:10F26000204606F063FE0849204606F077FE204659
:10F27000064907F01DFC2046BDE8104006F084BE9C
:10F28000489C0020B8090020840A00208C09002036
:10F29000224B02689A4200D0704730B589B00025F1
:10F2A00003F5EA3301951A6C42F000721A641B6C84
:10F2B0004FF44070022103F000730924CDE90201EC
:10F2C0000193002202A9164806940323CDE90423E2
:10F2D000019B01F07DFB2A462146132000F062FFCE
:10F2E000132000F09BFF2A462146142000F05AFF0D
:10F2F000142000F093FF2A462146152000F052FF0B
:10F30000152000F08BFF2A462146162000F04AFF08
:10F31000162000F083FF09B030BD00BF006400403C
:10F32000000402401049114BD1F8882042F47002C9
:10F3300010B4C1F888201A680D4C002042F0010278
:10F340001A6098601A6822F0847222F480321A607F
:10F350005C601A684FF0006422F480221A60D86062
:10F360008C605DF8044B704700ED00E0003802400F
:10F3700010300024F0B58DB0344B354E354F00249D
:10F3800001941A6B42F004021A63196B01F0040134
:10F39000019101990294196B41F080011963196B75
:10F3A00001F08001029102990394196B012211432B
:10F3B0001963196B1140039103990494196B41F07F
:10F3C00002011963196B01F002010491049905947B
:10F3D000196B41F0080119631B6B03F008030593D7
:10F3E00030464FF4C041059B01F0C6FC224638462A
:10F3F0004FF4805101F0C0FC01254FF4C04306A931
:10F400003046CDE90635CDE9084401F0E1FA48F28D
:10F410001022304606A90023CDE90623089401F006
:10F42000D7FA4FF48053384606A90693CDE907541E
:10F43000099401F0CDFA042200230748089506A993
:10F44000CDE9062301F0C4FA0DB0F0BD003802404A
:10F450000008024000040240000C024008B50B4BBB
:10F460001A6842F400721A601A6842F480621A60E4
:10F470001A6842F480721A60032000F081FE0620B0
:10F48000FEF7CAFCFFF76EFD002008BD003C0240FD
:10F49000034A044B11681B780B441360704700BF8C
:10F4A0006C9F0020140A0020014B1868704700BFB1
:10F4B0006C9F002038B50446FFF7F6FF631C054635
:10F4C00002D0044B1B781C44FFF7EEFF401BA04208
:10F4D000FAD338BD140A0020002800F09C80036C89
:10F4E00010B504463BB1236CDB060CD5002384F831
:10F4F0003C30012010BD436480F83C30FFF794FCA1
:10F50000236CDB06F2D4236C464A23F4885323F0A1
:10F51000020343F0020323645168236821F440315D
:10F52000516051686068014351605A682069A16860
:10F5300022F480725A605A6842EA00225A605A687D
:10F54000E06822F040725A605A680A435A609A682A
:10F55000A16A22F400629A609A6802439A60324A71
:10F5600091429A684FD022F07062E06A9A609A687D
:10F57000114399609A6822F040529A609A68024357
:10F580009A609A68A069216A22F002029A609A68D9
:10F5900042EA40029A605A6800293ED042F4006272
:10F5A000616A5A605A6822F460425A605A680139A6
:10F5B00042EA41325A60DA6AE169206B22F4700251
:10F5C000DA62DA6A013942EA0152DA629A686169FA
:10F5D00022F400729A609A6842EA40229A609A681D
:10F5E00022F480629A609A68002042EA81229A603E
:10F5F0006064236C23F0030343F0010323640023BE
:10F6000084F83C3010BD22F070629A609A6822F053
:10F6100040529A60B5E70120704722F400625A60B8
:10F62000C9E700BF002301400100000F70B5054687
:10F6300090F83C0082B00023012801936BD02E6823
:10F640001346012285F83C20B268D40714D4B2686E
:10F6500042F00102B260314A1068314AA2FB002038
:10F66000800C00EB40000190019A2AB1019C013C02
:10F67000019401980028F9D1B268D0073BD5286CD5
:10F6800020F4E06020F0010040F48070286472688B
:10F69000520505D52A6C22F4405242F480522A6465
:10F6A0002A6CA86B12F480521CBF6A6C22F006020E
:10F6B0006A64002285F83C200A461A49C1631A4947
:10F6C00001641A49C1646FF022013160716841F030
:10F6D00080617160B16841F48071B16006F14C01E4
:10F6E00000F0AEFE124B5B68DB0607D12B689A6810
:10F6F00012F0405F0AD0002002B070BD0D4A2B68A6
:10F700009342F8D19A6812F0405FF4D19A6842F0BF
:10F7100080429A60EFE7022002B070BD100A00201C
:10F7200083DE1B433DF700089DF70008ADF7000896
:10F730000023014000200140704700BF836B1A6C1A
:10F7400012F0500F25D11A6C196842F4007210B5EE
:10F750001A648A6812F0405F17D19A69AAB9CA6A16
:10F7600012F4700F02D08A6850050ED44A6822F055
:10F7700020024A601A6C22F480721A641A6CD20455
:10F7800003D41A6C42F001021A641846FFF7D4FF42
:10F7900010BD9B6BDB6C1847704700BF08B5806BD2
:10F7A000FFF7FAFF08BD00BF704700BF806B08B5C8
:10F7B00040230364436C43F004034364FFF7F4FF06
:10F7C00008BD00BF70B590F83C3082B00246012BF6
:10F7D0004FF00000019000F09380012382F83C304C
:10F7E0000D6813688C68092DA8B228D81E6905EB2E
:10F7F000450E4FF0070C0CFA0EFC26EA0C061E61B3
:10F800001E6904FA0EF434431C614C68062C04EBA8
:10F8100084012AD85C6B05394FF01F0C88400CFA24
:10F8200001F124EA01015963596B084358633649D1
:10F830008B422BD0002082F83C0002B070BD00EB60
:10F84000400CDE68ACF11E0C4FF0070E04FA0CF40D
:10F850000EFA0CFC26EA0C06DE60DE683443DC603F
:10F860004C68062C04EB8401D4D90C2C34D81C6BC6
:10F8700023391F26884006FA01F124EA01011963A1
:10F88000196B0843204918638B42D3D1122D30D015
:10F89000A5F11003012BCDD81C494B68102D43F462
:10F8A00000034B60C6D11A4B01F146711B6801F58C
:10F8B0002E3101F28331A1FB03139B0C03EB830375
:10F8C0005B000193019B002BB4D0019B013B019392
:10F8D000019B002BF9D1ADE7DC6A41391F26884036
:10F8E00006FA01F124EA0101D962D96A0843D86213
:10F8F0009DE7D1F8043343F48003C1F8043399E75A
:10F90000022002B070BD00BF002001400023014072
:10F91000100A002090F83C30012B00F0BF8001233A
:10F9200070B580F83C300C6803688A68092C8446FE
:10F93000A0B25FD81D6904EB440E072606FA0EF646
:10F9400025EA06051D611D6902FA0EF22A431A61B5
:10F950009A6B0E694D6822F440129A639A6B06F115
:10F96000FF3E42EA0E529A63EA1C921BD2B29E6B91
:10F9700002EB82024FF01F0E90400EFA02F226EACE
:10F9800002029A639A6B10439863CA6944488242A0
:10F9900064D0986820F470209860986802439A6058
:10F9A0009A68086A22F440129A609A6802439A6040
:10F9B0008A69002A4DD05A6842F480625A604A69C6
:10F9C00042B35A6842F480525A60022DCA6828D065
:10F9D000032D54D0012D4AD159696FF30B015961A0
:10F9E00059690A435A612F4A934224D000208CF867
:10F9F0003C0070BD00EB4005DE681E3D4FF0070E79
:10FA0000AA400EFA05F526EA0505DD60DD682A4301
:10FA1000DA609DE75A6822F480525A60022DCA6863
:10FA2000D6D199696FF30B01996199690A439A617B
:10FA30001C4A9342DAD1122C29D0103C012CD5D883
:10FA4000194A5368002043F4000353608CF83C00CB
:10FA500070BD5A6822F480625A60B0E79A6822F456
:10FA600070229A609A6822F440129A60A0E7196A9C
:10FA70006FF30B011962196A0A431A62B3E7D96975
:10FA80006FF30B01D961D9690A43DA61ABE7D2F8A8
:10FA9000043343F48003C2F80433A7E7022070471D
:10FAA00001000F00002001400023014000287BD00E
:10FAB00038B590F820300446002B72D022681368C5
:10FAC00023F002031360FFF7EFFC054604E0FFF7A5
:10FAD000EBFC401B0A285BD823685A689107F6D4D0
:10FAE0001A6842F001021A60FFF7DEFC054604E0E6
:10FAF000FFF7DAFC401B0A284AD823685A68D20765
:10FB0000F6D5227E012A1A680CBF42F0800222F04C
:10FB100080021A60627E012A1A680CBF42F040021D
:10FB200022F040021A60A27E012A1A680CBF42F03D
:10FB3000200222F020021A60E27E012A1A680CBF1D
:10FB400022F0100242F010021A60227F012A1A6885
:10FB50000CBF42F0080222F008021A60627F012AFC
:10FB60001A680CBF42F0040222F004021A60D4E9C1
:10FB70000220216902430A43606961680243013936
:10FB80000A4300200121DA61606284F8201038BD48
:10FB9000636A052243F40033636284F82020012065
:10FBA00038BDFFF775FB89E70120704790F82020EA
:10FBB000012A0AD090F82020022A034605D0426A82
:10FBC00042F4802201205A627047404BD3F8002251
:10FBD0000120024330B4C3F80022D3F8002222F4FB
:10FBE0007C52C3F80022D3F800224C6A42EA042275
:10FBF000C3F800224A69D3F81C42904024EA00046A
:10FC0000C3F81C42CD69C443002D45D1D3F80C5232
:10FC10002540C3F80C52D200CD688B8802F1804297
:10FC200002F5C84243EA0543C2F840328D680B88AA
:10FC300043EA0543C2F844328B69244A33BBD2F805
:10FC400004322340C2F804320B69C3B91F4BD3F806
:10FC500014221440C3F814420B6A012B05D11B4A2D
:10FC6000D2F81C320343C2F81C32184AD2F80032D0
:10FC700023F00103002030BCC2F800327047134A61
:10FC8000D2F814320343C2F81432E5E7D2F8043252
:10FC90000343C2F80432D7E7012DCDD1D3F80C527B
:10FCA0000543C3F80C52D2000D688B8802F18042E4
:10FCB00002F5C84243EA0543C2F840328D688B8999
:10FCC00043EA0543C2F84432B6E700BF006400408F
:10FCD00038B590F82030012B044605D0436A43F430
:10FCE00000234362012038BD0268022380F82030DF
:10FCF000136823F001031360FFF7D6FB054604E009
:10FD0000FFF7D2FB431B0A2B07D823685B6813F06D
:10FD10000103F5D16362184638BD636A052243F4D6
:10FD20000033636284F82020DCE700BF38B590F828
:10FD30002030022B044605D0436A43F4801343620B
:10FD4000012038BD0268136843F001031360FFF718
:10FD5000ABFB054604E0FFF7A7FB431B0A2B0CD8BF
:10FD600023685A68D207F6D51A68012122F00202E8
:10FD70001A6084F82010002038BD636A052243F41D
:10FD80000033636284F82020DAE700BF30B490F8D3
:10FD90002040012C0AD090F82040022C06D0436A63
:10FDA00043F480234362012030BC70470468A56897
:10FDB0006D0105D4A5682D0102D4A568ED0039D5E3
:10FDC000A0680125C0F3016085401D608B6843B3C6
:10FDD000CD682B434D6843EAC50300F118052D019A
:10FDE000635104EB00130D69C3F88451097D0129A7
:10FDF0004FEA001005D1D3F8841141F48071C3F8A3
:10FE0000841104445168C4F88C111268C4F8882124
:10FE1000D3F8802142F00102002030BCC3F88021D9
:10FE20007047CB680D6843EA455500F118031B0184
:10FE3000E550D6E7436A43F400134362B3E700BFDB
:10FE400090F82030012B05D090F82030022B01D003
:10FE500000207047036898689A689B681201C0F395
:10FE6000806048BF0130DB00F3D50130704700BF30
:10FE700090F82020012A034609D090F82020022A79
:10FE800005D0426A42F4802201205A6270471A6803
:10FE900053690B4300205361704700BF90F8202046
:10FEA000012A034609D090F82020022A05D0426A90
:10FEB00042F4802201205A6270471A68536923EA8B
:10FEC00001030020536170472DE9F84F03685C6916
:10FED000D3F804809F68D3F80CB0D3F81090D3F80F
:10FEE00018A014F0010605461FD0F90700F19B8009
:10FEF0000026F9050BD52B684FF480729A60BA057D
:10FF000000F1DE807B0540F1D18046F40056F90314
:10FF10000BD52B684FF480329A60BA0300F1D4807D
:10FF20007B0340F1C88046F40046210702D51BF050
:10FF3000100F72D1620702D51BF0080F7ED1A30704
:10FF400004D52B68DB689F0740F09880600602D5D7
:10FF500019F0100F5BD1A10602D519F0080F74D16A
:10FF6000E20603D52B681B699B077CD1A70302D54A
:10FF700018F0100F7BD1E00302D518F0080F6BD1F9
:10FF8000210440D518F0040F2B683AD0E20544BF95
:10FF90000AF001021643A70574D4610504F4006257
:10FFA0002BD51AF0040F28D046F00406002A77D08B
:10FFB0001AF0700A74D0BAF1400F00F0A88000F275
:10FFC0008780BAF1200F00F0BD80BAF1300F00F049
:10FFD000B080BAF1100F40F095809A69042122F0A8
:10FFE00070029A6146F0080659606B6A33432846EE
:10FFF0006B620EF0AFFCBDE8F88F12B11AF0700A18
:020000040801F1
:10000000D9D104225A60002EEFD1BDE8F88F2B68B9
:10001000102246F480661A619DE72B68102246F490
:100020000076DA6086E701229A60BA0735D47B074A
:1000300039D43E075BD54FF480565AE72B68082227
:10004000DA6028460EF072FC79E72B6808221A6104
:1000500028460EF079FC83E72B6808225A60284670
:100060000EF076FC8CE728460EF06CFC7EE72B68E1
:1000700010225A6028460EF069FC7CE728460EF0F4
:1000800049FC63E71AF0020F87D0600546F00206CC
:1000900004F4006285D41AB18AE70EF011FC27E758
:1000A00004225A60A1E74FF4006622E7380525D5FF
:1000B00046F480462BE738031CD546F4803634E7F7
:1000C00028460EF009FC22E728460EF011FC2CE72A
:1000D000BAF1500F24D0BAF1600F13D19A690421FC
:1000E00022F070029A6146F4807659607DE70EF046
:1000F0000BFCFDE628460EF00BFC16E728460EF03A
:1001000005FC04E79A6922F070029A6179E79A691E
:10011000042122F070029A6146F04006596064E7BB
:100120009A69042122F070029A6146F080065960B3
:100130005BE79A69042122F070029A6146F020067A
:10014000596052E79A69042122F070029A6146F0E0
:100150001006596049E700BF406A704790F82020B8
:10016000012A034609D090F82020022A05D0426ACD
:1001700042F4802201205A62704700205862704782
:100180000749CA6803024FF6FF0003F4E063024028
:10019000134343F0BF6343F40033CB60704700BFA9
:1001A00000ED00E01B4BDB68C3F3022300B5C3F195
:1001B000070EBEF1040F03F1040C28BF4FF0040E2C
:1001C000BCF1060F1CD9A3F1030C4FF0FF3303FA67
:1001D0000CF322EA03024FF0FF3303FA0EF321EA95
:1001E000030303FA0CF313431B010028DBB20ADB01
:1001F00000F1604000F5614080F800335DF804FBD9
:1002000000229446E7E7044A00F00F000244137608
:100210005DF804FB00ED00E0FCEC00E0002807DBEB
:100220004109044A00F01F000123834042F82130B5
:10023000704700BF00E100E000280CDB43090649DD
:1002400000F01F0020330122824041F82320BFF339
:100250004F8FBFF36F8F704700E100E00138B0F1BE
:10026000807F01D30120704710B44FF0E023074C8A
:1002700058614FF0F00C84F823C00022072110468B
:100280009A615DF8044B1961704700BF00ED00E012
:100290004FF0E022042813690CBF43F0040323F05D
:1002A00004031361704700BF38B50446FFF7FCF83C
:1002B000002C6BD023680222002184F8341084F8CB
:1002C00035201A6822F0010205461A6005E0FFF7A2
:1002D000EBF8431B052B37D823681A68D107F6D4EF
:1002E000D4E90120E16802430A43D4E90451A0693A
:1002F0002A430A43E1691D6802430A433149294000
:10030000256A2A430A43616A042924D01A605A697B
:1003100022F007021143D8B22B4A59611038A2FBD0
:100320000052120929496FF30903895CE1655F28CE
:1003300088BF04333F228A40A36500209A600123CE
:10034000606584F8353038BD03232022626584F867
:100350003530184638BDD4E90B5129431143196093
:100360005969A26A21F00701114341F00401002DEF
:10037000D1D068B9012A21D032F00202CBD1EA01F2
:10038000C9D540220123626584F83530012038BD8B
:10039000B0F5005F04D0022AF3D9032AEFD0BAE700
:1003A000032AB8D801A050F822F000BF8303010847
:1003B0007F03010883030108BD030108B5F1C07F75
:1003C000A9D1DEE73F8010F0ABAAAAAA20BB0208A1
:1003D00000282FD090F83530022B0246D8B228D012
:1003E00013681549D8B2103830B4A1FB004109098F
:1003F0001C68124D24F001046D5C1C600021196022
:1004000059609960D9601961212159615F286FF3A2
:10041000090388BF04333F200021A840D5659365B8
:100420009860516582F8341082F83510084630BC67
:100430007047704701207047ABAAAAAA20BB0208E8
:1004400070B490F83440856D012C0AD090F8354096
:100450004FF0010C644580F834C005D0002380F8CB
:100460003430022070BC7047022680F83560046882
:1004700000264665266826F4802626606360836829
:10048000402B0EBFA260A160E260C26D08BFE160B8
:100490003F239340AB602368026C43F01603236054
:1004A000636943F0800363611AB1236843F0080372
:1004B0002360236843F001030020236070BC704771
:1004C00090F83530022B03D080234365012070471C
:1004D0000268052380F83530136823F001030020FB
:1004E00013607047F0B583B0674A876D16680023C4
:1004F0000193C36D3D6808229A402A42044603D006
:1005000001680868400778D401229A402A4203D043
:100510002168496908066AD404229A402A4203D015
:100520002168096889075CD410229A402A4203D0C6
:1005300021680868000741D420229A402A4214D03A
:1005400021680868C00610D5BA6094F83520052ADD
:1005500063D00B6813F4802F0B687ED0190340F131
:100560008980E36B0BB120469847636D23B3636DBD
:10057000DA071AD522684549052384F8353013680F
:10058000A1FB061623F00103B60A136002E013680C
:10059000DB0704D5019B0133B3420193F7D9002255
:1005A000012384F8342084F83530E36C23B12046ED
:1005B00003B0BDE8F040184703B0F0BDBA600A6868
:1005C00012F4802F0A6822D1D20503D40A6822F0DF
:1005D00008020A60226C002AAED020469047E36DE4
:1005E000AAE7BA60626D42F0040262659CE7BA60F5
:1005F000626D42F0020262658EE7086820F0040036
:100600000860BA60626D42F0010262657CE7110326
:10061000E0D5A26C002AE0D18EE70A6822F016022B
:100620000A604A6922F080024A61226C3AB30A6881
:1006300022F008020A603F2202FA03F3216DBB6038
:100640000022012384F8342084F835300029B3D007
:10065000204603B0BDE8F040084713F4807380D112
:100660000A6822F010020A60012284F8343084F80B
:10067000352076E7636C002B7FF475AF75E7A26CCD
:10068000002AD4D1D7E700BF100A0020B5814E1B45
:100690001B4BDA68D10605D51A49CA6910200243F6
:1006A000CA61D860164BDA68920606D51549CA6940
:1006B000202042F00802CA61D860114BDA68500667
:1006C00006D51049CA69402042F00402CA61D860C8
:1006D0000B4BDA68110606D50A49CA69802042F038
:1006E0000202CA61D860064BDA68920706D505494E
:1006F000CA69022042F02002CA61D860704700BF78
:10070000003C0240709F0020064B1A69002A01DB62
:10071000002070470449054A59605A601869C00FA3
:10072000704700BF003C024023016745AB89EFCD15
:10073000034A136943F0004300201361704700BF70
:10074000003C0240014BD869704700BF709F0020F9
:10075000144B70B500220446DA61FEF7A5FE124E76
:100760000546F368D90305D5631C0FD10E4AD3683B
:10077000D803FCD40C4BDA68D20744BF0122DA60FC
:10078000094BD86810F0F20008D170BD24B1FEF713
:100790008BFE401BA042E4D9032070BDFFF778FF19
:1007A000012070BD709F0020003C02402DE9F04107
:1007B0002F4D95F818C0BCF1010F30D080461C4673
:1007C0004CF2503001230E4617462B76FFF7C0FF40
:1007D00018B100232B76BDE8F081264BB8F1000F4D
:1007E00020D0B8F1010F33D01A6922F440721A6197
:1007F000B8F1020F1A6922D042F440721A611A69E4
:1008000042F001021A61376074604CF25030FFF719
:100810009FFF184A136923F001031361D9E70220EF
:10082000BDE8F081196921F44071196119691961F4
:100830001969FAB241F0010119613270E5E742F439
:1008400000721A611A6942F001021A613760DCE72E
:10085000196921F440711961196941F480711961B4
:100860001969BAB241F0010119613280CDE700BFC8
:10087000709F0020003C02400D4B1A6922F4407228
:100880001A611A69022994BF09024FF440710A43A0
:100890001A611A6922F0F8021A611A6942EAC00064
:1008A00040F0020018611A6942F480321A61704700
:1008B000003C0240144B1A6891050FD51A6822F4C7
:1008C00000721A601A6842F400621A601A6822F410
:1008D00000621A601A6842F400721A600A4B1A68C1
:1008E00052050FD51A6822F480621A601A6842F421
:1008F00080521A601A6822F480521A601A6842F410
:1009000080621A60704700BF003C02402DE9F84346
:100910002D4F3B7E012B38D0012304464CF2503042
:1009200088463B76FFF714FF064648BB4FF0FF337F
:10093000C8F800302368012B2BD0D4E902532B4494
:10094000AB421BD9DFF8849005E0D4E902230135DE
:100950001344AB4212D9217C2846FFF78DFF4CF29D
:100960005030FFF7F5FED9F8103023F0FA03C9F83C
:1009700010300028E9D0C8F800500646FFF79AFF6B
:1009800000233B763046BDE8F88302263046BDE8BA
:10099000F8830E4D23692A6922F440722A612A697C
:1009A00042F004022A612A691B029BB2134343F4FA
:1009B00080332B614CF25030FFF7CAFE2B6923F0D5
:1009C000040306462B61D9E7709F0020003C0240DB
:1009D0002DE9F04F00230C68DFF820B285B08A467D
:1009E00003E00133102B00F0A280012202FA03F190
:1009F00031EA040201EA0407F3D1DAF80420DAF854
:100A000008505E0005FA06FC22F010080325B540E8
:100A100002F0030EB8F1020F6FEA05050EFA06FEAA
:100A200000F08880D0F8009008F1FF3809EA050945
:100A300049EA0E0EB8F1010FC0F800E040F29A80CA
:100A4000C168294041EA0C01C160D100C9D5684D97
:100A500000210391696C41F480416964696C01F47F
:100A600080410391039923F0030101F1804101F5D5
:100A70009C3103F003068D68B6004FF00F0C0CFAA2
:100A800006FC25EA0C0E5B4DA84228D005F58065D2
:100A9000A84200F08580584DA84200F08780DFF81A
:100AA00060C1604500F08980DFF858C1604500F002
:100AB0008A80DFF854C1604500F08C80DFF84CC1BB
:100AC000604500F08E80DFF848C160450CBF4FF0F4
:100AD000070C4FF0080C0CFA06F64EEA060EC1F8A9
:100AE00008E0DBF80010FD43D60354BF294039432A
:100AF000CBF80010DBF80410960354BF29403943AB
:100B0000CBF80410DBF80810D60254BF2940394353
:100B1000CBF80810DBF80C10920203F1010354BF6C
:100B200029403943102BCBF80C107FF45EAF05B091
:100B3000BDE8F08F4FEAD30900EB890903F00708FD
:100B4000D9F820700097DAF810704FEA880807FA91
:100B500008F701970F2707FA08F8009F27EA080807
:100B6000019F47EA0807C9F8207007682F4047EA45
:100B70000E070760876807EA050EDAF80C70B740C1
:100B800047EA0E078760466812099A4026EA010183
:100B90000A434260C2682A4042EA0C02C26020E76F
:100BA000012505FA06F64EEA060E98E74FF0020C0C
:100BB0000CFA06F64EEA060E91E7032505FA06F64C
:100BC0004EEA060E8BE74FF0040C0CFA06F64EEADE
:100BD000060E84E74FF0050C0CFA06F64EEA060EF8
:100BE0007DE74FF0060C0CFA06F64EEA060E76E7A5
:100BF000003802400000024000080240003C014072
:100C0000000C024000100240001402400018024094
:100C1000001C02402DE9F04F0023DFF84CA14D4E9F
:100C200083B001254FF003094FF00F0802E00133B4
:100C3000102B6DD005FA03F232EA0104F7D10468F3
:100C40005F0009FA07F74FEAD30C24EA070400EB28
:100C50008C0C046003F00704DCF820E0A40008FA20
:100C600004F42EEA0404CCF82040846824EA070443
:100C70008460446824EA02044460C46824EA0704E7
:100C800023F0030707F1804707F59C37C46003F0A2
:100C90000304D7F808C0A400D24308FA04FE504564
:100CA00001920EEA0C0C36D02B4A904237D02B4AD8
:100CB000904237D02A4A904239D02A4A904239D0BD
:100CC000DFF8A8B058453AD0DFF8A4B058453BD07B
:100CD000DFF8A0B058450CBF4FF0070B4FF0080BE2
:100CE0000BFA04F4A445A2D1BC68019A24EA0E04CC
:100CF000BC60346814403460746814407460B46834
:100D00001440B460F46801332240102BF26091D19A
:100D100003B0BDE8F08F0024A44588D1E4E705FACC
:100D200004F4F9E74FF0020B0BFA04F4F4E709FAC4
:100D300004F4F1E74FF0040B0BFA04F4ECE74FF086
:100D4000050B0BFA04F4E7E74FF0060B0BFA04F47B
:100D5000E2E700BF003C01400004024000080240FE
:100D6000000C02400010024000000240001402404B
:100D700000180240001C024002B90904816170475A
:100D8000704700BF704700BF704700BF704700BF8B
:100D9000704700BF704700BF704700BF704700BF7B
:100DA000704700BF704700BF10B590F83D20036842
:100DB000293A012A044656D990F83D20602A05D0E8
:100DC0005A6812055CBF202280F83D200022226371
:100DD00084F83E201A6822F400621A605A6812F4FD
:100DE00000621DD05A68606B22F400625A6090F86D
:100DF0003530012B56D0394B0365FFF761FB50B1FD
:100E00002268606B1368202123F00103136084F8CB
:100E10003D10036D984794F83D30282B13D010BD3A
:100E200094F83D10602924D05A69520604D5626AAC
:100E30001B69511C616213702046FFF7B1FF94F8E3
:100E40003D30282BEBD1236C5B07E8D500232449E8
:100E5000E16220222363204684F83D2084F83E305E
:100E6000FFF798FF10BD00212822016380F83D2084
:100E7000B0E7202184F83D1022645A69510605D557
:100E8000626A1B69511C6162137023681A6822F040
:100E900001021A602046FFF785FF94F83D30282BA9
:100EA000BDD1D0E7A06B0D4B0365FFF709FB002810
:100EB000B1D023685A69500605D5626A1B69511C76
:100EC0006162137023681A68A06B22F0010220216E
:100ED0001A6084F83D10036D98479CE7BD17010820
:100EE0000000FFFF70B5036855495C695A680C4201
:100EF00082B04CD0D60504F4813504D4036C002BA9
:100F000040D102B070BD016C41F0010101646FF489
:100F100080715961002D43D0016C41F002010164E0
:100F200014F4823F6FF4007159611CD090F83E5068
:100F3000428D90F83D10066B202D92B2C9B233D08D
:100F4000026C42F00402026490F83E20102A57D04E
:100F50006FF480625A6114F4843FCFD0036807E0D5
:100F600014F4823F19D114F4843FC7D0D205C5D5FB
:100F7000026C6FF4006142F0080202645961036C74
:100F8000002BBED002B0BDE87040FFF70DBF14F4D7
:100F9000813FE5D0D505BFD4B0E7D105C6D4ADE7D4
:100FA00014F4823FC2D1DEE7002AC9D101F0F70272
:100FB000212A03D02829C3D1212EC1D190F83D2068
:100FC000C16A0429D2B220D008291ED0212ABFD15B
:100FD0001C49C16202632021002280F83D1080F884
:100FE0003E205A6801906FF4806122F4E0625A60FA
:100FF00059611A680A401A60FFF7C6FE0198AAE70D
:101000001A6842F400721A60A2E7282ADED10D4A5B
:10101000C2625A6801906FF4806122F4E0625A6003
:1010200059611A6822F480621A600021202301634A
:1010300080F83D3080F83E10FFF7ACFE01988AE75B
:10104000000101000000FFFFF0B503689E695A69C6
:101050005C6890F83E1010298DB03DD0CDB2402D87
:101060003AD090491140002900F0BA80A70500F15C
:1010700071818D498D4D31401540002900F020814E
:101080008B491140002900F08781660540F1848179
:10109000002D40F0848190F83D10428D92B2C9B28B
:1010A000C2B1426A541C446212781A61428D013AFC
:1010B00092B24285428D92B262B929290AD15A6808
:1010C000212422F4806228215A60046380F83D10B4
:1010D000FFF75AFE0DB0F0BD12F0011F35D0A50587
:1010E00000F12381704D714935401140002D4ED0E3
:1010F0006F4D1540002D46D0670544D5002900F0FE
:101100006081A605E6D5C16A90F83D20212AE1D18B
:10111000428D92B2002A40F04A81042900F0F78102
:10112000082900F0F48111F5803F00F0F081596842
:1011300021F4E061596011242023046380F83E20EB
:1011400080F83D30FFF71CFEC4E75A4911400029E2
:1011500040F0E480534D1540002DC3D0A705C1D504
:1011600090F83E50C76AD0F830E090F83DC0BCF12E
:10117000220FEDB200F072810A9159690A919969C2
:101180000A910A99AEE70029BBD10DB0F0BD4A4DD6
:1011900015400DB365051FD5002900F03081A2056B
:1011A00098D5C56A428D416A92B2042A01F10104C0
:1011B00000F09B81428D92B2032A00F09F81428D04
:1011C00092B2022A00F0DB811B6944620B70438DEE
:1011D000013B9BB243857DE70029E0D10DB0F0BD16
:1011E000364D1540002D3FF444AFA5057FF541AFC6
:1011F00090F83D405A6822F4E0625A600B915A69B7
:101200000B921A6842F001021A600B9A1A6822F4D3
:1012100080621A605A681105E4B20ED590F83D203C
:10122000222A00F0568190F83D202A2A00F05181B0
:10123000426B1268526892B24285428D92B2C2B13C
:101240005A69520709D5426A1B69511C41621370E1
:10125000428D0368013A92B242855A69570608D511
:10126000426A1B69511C41621370438D013B9BB262
:101270004385036C002B40F0EC80A4F12802022A85
:1012800040F21081036B222B02D0222C7FF422AF7C
:1012900000232022036380F83D2080F83E30FFF7D2
:1012A00075FD17E7020001000400100004000100B2
:1012B0008000010008000100400001001000010052
:1012C0009E491140002952D0610550D5002D51D1C1
:1012D00090F83D10428D92B2C9B2002A3FF4FAAEA6
:1012E000426A1B69541C44621370438D013B9BB2DC
:1012F0004385438D9BB2002B7FF4ECAE2A297FF40B
:10130000E9AE026853682224282123F480635360E5
:10131000046380F83D10FFF739FDDBE6A1057FF59A
:10132000E1AE416CC9B21961DCE690F83E1040298B
:1013300000F0B1800169B1F5804F7ED0016D0029C8
:1013400040F0BB80416CC91101F0060141F0F00191
:101350001961C7E699699B6981F004011E0654BFB3
:101360008289028BC1F38001FFF712FDB2E6002DE6
:101370003FF4B0AEA2057FF5ADAE428D92B2002A29
:101380003FF4A8AE426A1B69511C41621370438D41
:10139000013B9BB243859DE6002D3FF49BAEA40527
:1013A0007FF598AE428D92B2002A3FF493AE426A26
:1013B000511C416212781A61438D013B9BB24385F7
:1013C00088E690F83D20048D90F83E10C56AD2B2B0
:1013D000C9B2002C40F08E80212A00F0FC80402908
:1013E0007FF478AE222A7FF475AE428D92B2002A45
:1013F00040F02E815A6822F480625A606AE690F8C2
:101400003D20222A7FF466AE428D92B2032A40F23A
:10141000F780426A1B69511C41621370438D013B86
:101420009BB24385438D9BB2032B7FF453AE02687E
:10143000536823F4806353604CE690F83D102129F3
:10144000416C16BF41F0010101F0FE01C9B2196102
:1014500048E60DB0BDE8F040FFF7A6BC016D11B93C
:10146000402D00F0EE80056D25B90169B1F5404FC2
:1014700000F00281418D89B2002963D1039159693D
:101480000391996903910399196841F400711960F6
:101490000021016526E6016D09BB416C01F0FE01EA
:1014A00019611FE62649C1622022036380F83D20AE
:1014B00080F83E30FFF76EFC0CE6016D01297FF4E9
:1014C00011AE416CC91101F0060141F0F101196141
:1014D00008E6826B1268526892B24285ADE6416CB2
:1014E00041F00101C9B21961FCE55A6822F4806239
:1014F0005A6069E6212A7FF472AF76E75A6822F4CF
:1015000080625A601A6822F480621A605CE65A6847
:1015100022F4E0625A601A680021202442F400722A
:101520001A60016380F83D4090F83E3080F83E102C
:10153000402B7FF407AEFFF72FFCCBE54000010006
:101540000000FFFF418D89B2012900F0AB80418D81
:1015500089B2022900F0C180196841F480611960E4
:101560005968090503D5596841F480515960002133
:1015700009915969099199690991099988E7013D8A
:10158000012D1A6840F2868042F400721A601B69CD
:1015900044620B70438D426A0168013B9BB24385F4
:1015A0000B69511C41621370438D0168013B9BB272
:1015B00043854B68002223F4407320244B6080F85D
:1015C0003D40026390F83E3080F83E20402B35D0FD
:1015D000FFF7D8FB7EE5042D99D0082D97D015F59F
:1015E000803F94D05A6822F4E0625A60112120238F
:1015F000016380F83E4080F83D30FFF7C1FB69E5AC
:10160000012A3FF667AD1A68446A22F480621A60C4
:101610005A6822F4E0625A601B69621C42622370BD
:10162000438D013B9BB22022438580F83D2001631E
:1016300090F83E3080F83E10402BC9D1FFF7AEFB4A
:1016400048E501915969019199690191019949E52B
:1016500090F83E20402A7FF4AAAE026D002A7ED187
:10166000C26C012A826C00F09680C2F307221A61D4
:10167000036D013303652DE502955969029199695E
:1016800002910299196841F480711960016D01316C
:10169000016527E522F480621A601A6842F48072BC
:1016A0001A6074E717F5803F41D0042F2FD0082F20
:1016B0002DD0BEF1120F2AD0C16A0229196814BFB9
:1016C00021F4806141F4806119600021069159691B
:1016D0000691996906910699DAE6C16A02291968A4
:1016E00039D021F480611960196841F400611960F2
:1016F00059680D0503D5596841F48051596000219E
:10170000089159690891996908910899C0E6196882
:1017100021F4806119600021079159690791996945
:1017200007910799196841F400711960B0E61968CA
:1017300021F480611960596811F4006120D01968A2
:1017400021F480611960002104915969049199691B
:10175000049104999CE641F480611960C8E7026D28
:10176000012A1ED0026D022A7FF4B4AC90F83D200D
:10177000222A1DD090F83D20212A7FF4ABAC16E63A
:10178000059159690591996905910599196841F47F
:10179000007119607CE6D2B21A61036D02330365F1
:1017A00098E4826CD2B21A61036D0133036591E44F
:1017B0001A6842F480721A608CE400BF806B026881
:1017C000116810B521F48061446B1160816B0023B6
:1017D000438523650B6590F83D1060294FF020018B
:1017E00080F83D1080F83E3006D0136823F00103E6
:1017F0001360FFF7D5FA10BD0364136823F00103EB
:101800001360FFF7CFFA10BD002868D0F0B50323AE
:1018100005468BB080F8B9332C46FCF77DFF28686D
:1018200002F0E4F954F810EBA446BCE80F006F4650
:101830000FC7BCE80F000FC79CE8030087E8030050
:101840002E1D96E80E00704602F072F900212868FD
:1018500002F0D4F900212B462A460127084682F8D7
:101860003810D18701310F29C2E9100082F8397090
:1018700082F83B00D06402F11C02F0D100222F68F4
:10188000114602F1400083F8F821DA8707EB800067
:1018900001320F2AC3E9801183F8F91183F8FB1193
:1018A000C3F80C12416003F11C03EAD10FCCEC46E3
:1018B000ACE80F000FCCACE80F0094E803008CE814
:1018C0000300384696E80E0002F0B2F901232868BA
:1018D00085F8B93302F028FD00200BB0F0BD0120DF
:1018E000704700BF90F8B833012B0FD010B50446F5
:1018F0000123006884F8B83302F008FD206802F084
:101900006DF9002384F8B833184610BD02207047E3
:101910002DE9F04F036887B004461846029302F0A1
:101920003DFD10B107B0BDE8F08F0546206802F01C
:1019300009FD0028F6D0206802F004FD10F0020F27
:1019400020681EBF436903F00203436102F0FAFC02
:10195000010300F16C8120684FF0000B02F0F2FCF3
:1019600010F4802F206840F0C08002F0EBFC0028CB
:10197000C0F22682206802F0E5FC01054CD4206804
:1019800002F0E0FCC30471D4206802F0DBFC10F428
:10199000005F20684CD102F0D5FC10F0100F2068D9
:1019A00015D0836923F010038361029B1D6A05F43F
:1019B000F013B3F5802F05F00F0600F01282B3F597
:1019C000402F00F0C681836943F01003836102F069
:1019D000B9FC070700F19781206802F0B3FCC6024A
:1019E00000F18681206802F0ADFC850200F175816E
:1019F000206802F0A7FC400000F16681206802F038
:101A0000A1FC41078ED523685D686A0700F10A8250
:101A10005A682A435A6085E7029BD3F80838DA07E8
:101A200000F1FC812068436903F400634361A7E788
:101A300002F0B8FC2068C36823F47053C36002F05E
:101A4000CBF9002840F073812268E0604FF4007306
:101A50006361D36843F41053D3602046FCF7DEFE85
:101A60002068436903F40053436194E7029B2068B4
:101A700003F500661021736823F00103736002F020
:101A800099F9616859B1029BFF2203F51063013592
:101A90008D429A60C3F8082203F12003F7D14FF07A
:101AA000FF33B361F36943F00113F361236B002B40
:101AB00040F03281736943F00B037361336943F083
:101AC0000B033361029A217CD2F80038206823F49A
:101AD000FE63C2F8003804F56F7202F07DFC2068E6
:101AE000436903F4805343614FE702F037FC8346B8
:101AF0002068BBF1000F3FF438AF029BCDE903B57E
:101B0000264603F510694FF0000AD84609E05FEA5F
:101B100058080AF1010A06F11C0609F1200900F033
:101B2000428118F0010FF2D05FFA8AF7394602F0CD
:101B300027FCC307054640F12C8102980122D0F80A
:101B4000343802FA0AF123EA0103C0F83438236971
:101B5000C9F80820934203D1D6E9102313447364D3
:101B600039462046FCF74CFE2169D4F800B0012923
:101B700000F00281280744BF0823C9F80830E906AD
:101B800044BF1023C9F808306A0644BF4023C9F88F
:101B90000830AB0744BF0223C9F808302D06584669
:101BA000B5D50BF5106C0CEB4A1CD6E91323DCF809
:101BB0001850316C1FFA85FED51A8D4228BF0D468C
:101BC000E91CBEEB910F25D9CDF814A0E2461AE02E
:101BD000336C716C9A4228BF1A46237C00931546D9
:101BE00093B258463A4602F027FB736CDAF8182095
:101BF0002B447364336D92B2E91C2B44B2EB910F0A
:101C0000336504D9F26C9342A2EB0302E0D3DDF812
:101C100014A02068002D7FF47AAFDBF8343801225D
:101C200002FA0AF223EA0203CBF834386FE720689D
:101C300002F08CFB034600283FF48DAE029A206828
:101C4000CDE9033502F53067A1464FF000081E4686
:101C50004FF0010A08E0760808F1010807F12007B3
:101C600009F11C0900F09880F207F4D55FFA88F5B5
:101C7000294602F07BFB10F0010F834619D0226940
:101C8000C7F808A0012A0CD13A69D9F80002C2F3BA
:101C90001202821AC9F81022D9F804220244C9F8A3
:101CA000042229462046FCF7A1FD2169012900F004
:101CB000BE801BF0080F7DD11BF0100F18BF102342
:101CC000206818BFBB60C6E72046FCF7DBFD206834
:101CD000436903F08043436191E620465FFA8BF14C
:101CE000FCF7C8FD2068436903F40013436180E6F4
:101CF00020465FFA8BF1FCF7C1FD2068436903F4CD
:101D0000801343616FE62046FCF784FD2068436939
:101D100003F00803436160E6D6F8843043F00B0318
:101D2000C6F88430736C43F00B037364CAE6032275
:101D30004023E260636100F0E5FC714B714A0344AB
:101D4000934200F283802268D36843F47053D360D7
:101D500083E6082204F56F710298C6EBC60602F00E
:101D600081FA04EB8602C5F30A13D2F81012206838
:101D70000B44C2F8103226E6BAF1000F7FF4FAAE37
:101D8000E36C002B7FF4F6AE584604F56F7202F058
:101D900023FBD4F800B0EDE6DDE90335B3FA83F3B5
:101DA000C3F1200BDAE5DDE903B5BBFA8BF3C3F130
:101DB000200BDAE52046FCF7E7FC0822BA607BE757
:101DC000029B03F50062D3F8043823F0010353604B
:101DD0002046FCF74BFD2068436903F00043436154
:101DE000C9E547F6F0731D423FF4EDADC6EBC606FC
:101DF00004EB8606C5F30A120298D6F804121546BB
:101E000002F030FAD6F8042220682A44C6F80422E8
:101E1000D6F810222A44C6F81022D4E52046FCF752
:101E20000DFDFFE52046FCF731FD2368F0E5B8F134
:101E3000000F7FF43EAFD4F80C22002A7FF439AFB4
:101E4000206804F56F7202F0C7FA32E72E4A2F4974
:101E5000236802448A4204D8DA6842F46052DA60A5
:101E6000FBE52B49A0F57402A2F510528A4204D872
:101E7000DA6842F45052DA60EFE52649A0F1837245
:101E8000A2F5E7428A4204D2DA6842F44052DA60AC
:101E9000E3E5214A214902448A4204D8DA6842F43F
:101EA0003052DA60D9E51E4A1E4902448A4204D201
:101EB000DA6842F42052DA60CFE51B4A1B4902443B
:101EC0008A4204D2DA6842F41052DA60C5E5184951
:101ED000A0F1B772A2F558528A4204D2DA6842F4ED
:101EE0000052DA60B9E5134A134902448A42DA68BB
:101EF00034BF42F4E05242F4C052DA60ADE500BFB4
:101F0000405327FFFF340C00401E1BFF3F420F00D1
:101F10007F4F120020D6130060B6E5FE5FE3160087
:101F200000D3CEFE40771B00C05BB3FEC091210002
:101F300020753800E05459FEE09C410090F8B83319
:101F4000012B0CD010B504460123006884F8B83387
:101F500002F0CCF9002384F8B833184610BD0220F3
:101F6000704700BF8C46090610B5044624D41C21D6
:101F700001FB0C01CCEBCC0004EB800001F5FC7103
:101F8000C0F80022002280F8F8C180F8FB3180F808
:101F9000F921022B04BF00230B7194F8B833012BF5
:101FA0001FD0012384F8B833206801F033FF0023E9
:101FB00084F8B833184610BD0CF07F0C1C2101FBCF
:101FC0000C01CCEBCC0004EB800038310264012220
:101FD00080F838C080F83B30A0F83EC080F8392047
:101FE000D7E7022010BD00BF4BB2002B10B501F0A7
:101FF0007F02044618DB1C2000FB0141DB0F81F847
:10200000F82181F8F93194F8B833012B01F5FC710E
:1020100018D0012384F8B833206801F03FFF002373
:1020200084F8B833184610BD1C2101FB0201DB0FF8
:1020300081F8382081F8393094F8B833012B01F158
:102040003801E6D1022010BD10B501F07F04C4EBC9
:10205000C40C00EB8C0C1C21CCF80C320023CCF807
:1020600004228CF8F841CCF810328CF8F93103696D
:1020700001FB0401012B08BFCCF80822006801F520
:10208000FC71DAB21CB902F057F8002010BD01F063
:1020900061FF002010BD00BF01F00F01C1EBC101C5
:1020A00000EB8100B0F81002704700BF10B501F0DE
:1020B0007F04C4EBC40C00EB8C0C1C21CCF84C301E
:1020C0000023CCF850300123CCF844208CF8384061
:1020D0008CF83930036901FB0401012B08BFCCF8EF
:1020E000482000683831DAB21CB902F025F8002027
:1020F00010BD01F02FFF002010BD00BF38B54BB25E
:10210000002B044601F07F0517DB1C2202FB0101B6
:1021100001F5FC710122DB0F8A700D704B7094F891
:10212000B833934215D0206884F8B82302F0AAF897
:1021300045B1002084F8B80338BD1C2101FB05011E
:102140003831E7E7217C206804F56F7202F044F92A
:10215000EFE7022038BD00BF38B54BB2002B044674
:1021600001F07F0217DB1C2000FB014101F5FC712F
:10217000DB0F00258D700A704B7094F8B833012B7B
:102180000ED00123206884F8B83302F097F884F861
:10219000B853284638BD1C2101FB02013831E7E75E
:1021A000022038BD10B404681204636A29B91A43C6
:1021B000A26200205DF8044B7047A06A013903EB6E
:1021C000104C0AD0002303F1400004EB80000133DF
:1021D000406899420CEB104CF5D1403104EB81047E
:1021E00042EA0C02626000205DF8044B704700BFB9
:1021F0000368002059627047002800F068812DE9CB
:10220000F0410368DD0782B004462FD59E498A68F5
:1022100002F00C02042A00F0ED808A6802F00C0241
:10222000082A00F0E3806368B3F5803F00F0EC809B
:10223000B3F5A02F00F04D81934D2A6822F480322F
:102240002A602A6822F480222A60002B40F0E18074
:10225000FDF72AF9064605E0FDF726F9801B6428FC
:1022600000F201812B689B03F6D423689F0728D5D1
:10227000854A916811F00C0F00F09A80916801F086
:102280000C01082900F09080E368002B00F00E811B
:102290007E4B7D4E01221A60FDF706F9054605E0EA
:1022A000FDF702F9401B022800F2DD803368980731
:1022B000F6D53368226923F0F80343EAC20333609A
:1022C00023681A075BD458073AD56F4A136C13F08A
:1022D000805340F089800193136C43F08053136462
:1022E000136C03F080530193019B0125684E336802
:1022F000D90540F1A880A368012B00F0B880052B18
:1023000000F02381604E326F22F001023267326F9B
:1023100022F004023267002B40F0AE80FDF7C4F8D3
:1023200041F28838074605E0FDF7BEF8C01B40457E
:1023300000F29980336F9807F6D4002D40F0D380D7
:10234000A369C3B1504DAA6802F00C02082A36D026
:10235000022B4E4B4FF000021A6600F0CA80FDF7C8
:10236000A3F8044604E0FDF79FF8001B02287AD882
:102370002B689B01F7D4002002B0BDE8F0816369AF
:102380000BB3424B404E0122C3F8802EFDF78CF870
:10239000054604E0FDF788F8401B022863D8736FF8
:1023A0009B07F7D523688EE7526856023FF56CAF5E
:1023B000354A126895073AD5E268012A37D00120DC
:1023C00002B0BDE8F081314A2F4EC2F8803EFDF7E1
:1023D0006BF8054604E0FDF767F8401B022842D879
:1023E000736F9F07F7D4DDE700257FE74A68500247
:1023F0007FF519AF244A126891037FF537AF626801
:10240000002A7FF433AFDAE71F4A136843F48033BE
:102410001360FDF749F81C4E054604E0FDF744F84B
:10242000401B64281FD833689A03F7D51DE7164967
:1024300020690A6822F0F80242EAC0020A601A071C
:102440007FF541AF9BE7336843F480733360FDF75A
:102450002BF807463368DA053FF54DAFFDF724F852
:10246000C01B0228F6D9032002B0BDE8F081064A5D
:10247000136F43F001031367FDF716F8024F06468A
:1024800041F288380BE000BF0038024000004742AC
:1024900000700040FDF708F8801B4045E3D83B6F13
:1024A0009B07F7D5002D3FF44BAF1CE02C4A2D4E77
:1024B0001360FCF7F9FF054604E0FCF7F5FF401B4D
:1024C0000228D0D833689907F7D42368F9E60120A9
:1024D0007047244B1A6842F480221A601A6842F44A
:1024E00080321A6095E71F4A136C23F080531364FF
:1024F00026E7FCF7D9FF064604E0FCF7D5FF801B72
:102500000228B0D82B689901F7D4D4E90731626A60
:102510000B4343EA8213D4E90A205208104943EAE4
:102520000063013A43EA024301226B600A66FCF74A
:10253000BBFF0C4D044604E0FCF7B6FF001B02286D
:1025400091D82B689A01F7D515E7064B1A6F42F020
:1025500004021A671A6F42F001021A678CE700BF83
:102560000000474200380240164908B58B6803F066
:102570000C03042B1BD0082B01D0134808BD4A685C
:102580004B68496813F4800302F03F0211D10E48F2
:10259000C1F38811A1FB0001F9F7F6F8094B5B685C
:1025A000C3F3014301335B00B0FBF3F008BD074800
:1025B00008BD0648C1F388110023A1FB0001F9F70B
:1025C000E3F8EBE7003802400024F40000127A0040
:1025D000002800F08680474A136803F00F038B42FF
:1025E0002DE9F0410D46044609D2CBB213701368B1
:1025F00003F00F038B4202D00120BDE8F081236875
:10260000980714D5590704D53B498A6842F4E0522B
:102610008A601A0704D538498A6842F460428A60A1
:102620003549A0688A6822F0F00202438A60DF0719
:1026300021D56268012A56D0931E012B2E4B1B68B0
:102640004CD99907D8D52C4EB36823F00303134314
:10265000B360FCF729FF41F28838074604E0FCF735
:1026600023FFC01B404543D8B368626803F00C03E6
:10267000B3EB820FF3D11F4A136803F00F03AB4291
:1026800006D9EBB21370136803F00F03AB42B3D15A
:1026900023685A0706D51849E0688A6822F4E05290
:1026A00002438A601B0707D5134A2169936823F404
:1026B000604343EAC1039360FFF756FF0E4A0F4C95
:1026C00092680F49C2F303120346A25C0620D3406E
:1026D0000B60FBF7A1FB0020BDE8F0819801B2D4AC
:1026E0008AE701207047044B1B689E03ABD483E745
:1026F000032082E7003C02400038024010BB020881
:10270000100A0020014B1868704700BF100A002013
:10271000044B05499B68054A0868C3F38223D35CD0
:10272000D840704700380240100A002008BB020859
:102730000E4B0F2202609A6802F0030242609A6810
:1027400002F0F00282609A6802F4E052C2609B6874
:10275000DB0810B403F4E053054C036123685DF813
:10276000044B03F00F030B60704700BF00380240BA
:10277000003C0240F8B507460D4614461E463A682E
:10278000936835EA03030CBF01230023A34209D059
:10279000731C09D1936835EA03030CBF012300239E
:1027A0009C42F7D10020F8BD36B1FCF77DFE069BB8
:1027B000C01AB042E3D33A685368796823F0E00363
:1027C000B1F5827F536015D0BB6AB3F5005F07D0C7
:1027D0000122002387F8512087F850300320F8BDEC
:1027E00013684DF6FF710B401360136843F40053F8
:1027F0001360EDE7BB68B3F5004F02D0B3F5806F0F
:10280000E2D1136823F040031360DDE700283BD0DA
:1028100038B590F8513000220446826203F0FF017F
:1028200063B31046D4E90131E26825680B431343D2
:10283000D4E904120B431343E269022184F85110D6
:102840001343226A29681343A26921F040012960D9
:1028500002F4007C616A120C43EA0C0302F00402E9
:1028600003430A432B606A60EB69002023F4006392
:102870000122EB61606584F8512038BD80F850106A
:10288000FCF7EAF8A06ACDE70120704798B102682A
:10289000022310B580F85130136823F0400304463A
:1028A0001360FCF75DF90023636584F8503084F809
:1028B0005130184610BD0120704700BF90F85030CD
:1028C000012B4DD010B590F851300446012B4FF03C
:1028D000010084F85000D8B238D1002937D0002A3E
:1028E00035D0032084F85100A068A2860023B0F5FB
:1028F000004F6365C4E91033E28621632268A36355
:10290000A387E38727D0A06C164B0364164BC363E1
:10291000164BC36400230365E38E0C329BB2FDF7B4
:102920008FFD23681A68520603D41A6842F04002E9
:102930001A605A6842F020025A605A6842F0020255
:102940005A60002384F85030002010BD022000237C
:1029500084F8503010BD136843F480431360D2E70D
:1029600002207047452B0108992B0108752B01089F
:1029700070B5044690F8500001286AD0012084F810
:10298000500094F85100656801285FFA80FC0DD072
:10299000B5F5827F04D00220002384F8503070BD4A
:1029A000A0680028F7D1BCF1040FF4D100294ED063
:1029B000002A4CD0002B4AD094F851002163012802
:1029C0004FF0000504BF052084F851006565E386DB
:1029D000E38794F85110E06C1F4EA38604291F4929
:1029E000A3871F4BA26318BF0B46C4E910551D49AE
:1029F000036418BF31461C4BC364E38FC163216875
:102A000005659BB20C31FDF71BFD2268A06C536875
:102A1000216B43F001035360E38E0C329BB2C0E99B
:102A20000F55C0E91355FDF70BFD23681A685206D0
:102A300003D41A6842F040021A605A6842F0200239
:102A40005A605A6842F0020200205A60A4E701204E
:102A5000A2E7022070BD00BF652C0108652B0108AC
:102A6000552B0108152C0108752B010870B58568D8
:102A700004460E461DB94368B3F5827F4ED094F8E4
:102A80005030012B53D0012384F8503094F851304A
:102A9000012BD8B238D1002E37D0002A35D00423EC
:102AA00084F85130B5F5004F4FF000036365C4E979
:102AB0001033E2872168A663A287A386E38628D025
:102AC000E06C1C4B03641C4BC3631C4BC3640023AE
:102AD0000365E38F32469BB20C31FDF7B1FC2368EE
:102AE0001A68520603D41A6842F040021A605A6803
:102AF00042F020025A605A6842F001025A600023F4
:102B000084F85030002070BD0220002384F850303B
:102B100070BD0B6823F480430B60D1E7042580F877
:102B200051501346BDE870400A46FFF721BF02200E
:102B300070BD00BF552B0108152C0108752B01082D
:102B4000704700BF08B5806BFFF7FAFF08BD00BFF4
:102B5000704700BF08B5806BFFF7FAFF08BD00BFE4
:102B6000704700BF08B5806BFFF7FAFF08BD00BFD4
:102B7000704700BF806B026808B5536823F00303F9
:102B80005360436D012143F01003436580F85110F9
:102B9000FFF7EEFF08BD00BF30B5054685B0846B7A
:102BA000FCF782FC2B681A6812F480721BD1216832
:102BB0004B6823F002034B60009064238021204681
:102BC000FFF7D8FDA0B9A36833B922680393D3688F
:102BD000039393680393039B01230022E28684F806
:102BE0005130636D83B92046FAF7EEFC05B030BD75
:102BF000636D43F020036365636D43F020036365F9
:102C0000A368002BE8D1E0E72046FFF7B1FF05B04D
:102C100030BD00BF08B50368806B1B68DB050FD4AF
:102C2000D0E900215368B1F5827F23F0030353609C
:102C300009D001230022C28780F85130436D73B957
:102C4000FAF7CEFC08BD8368B3F5004F02D0B3F5A8
:102C5000806FEED1136823F040031360E9E7FFF7BC
:102C600087FF08BD30B5054683B0846BFCF71CFCBC
:102C70002B681A6812F4807213D1009064238021AB
:102C80002046FFF777FD88B921684B68002223F0C2
:102C9000030301204B60E286E28784F85100636DF4
:102CA0006BB92046FAF7A8FC03B030BD636D43F062
:102CB00020036365636D43F020036365E4E720460A
:102CC000FFF756FF03B030BD026810B55168936836
:102CD00003F0410CBCF1010F84B004465AD09807B0
:102CE00001D508065ED413F4B07F51D088064FD5C5
:102CF00058060ED594F85100032842D0606D40F07C
:102D00000400606500200090D068009090680090FA
:102D1000009898060CD5606D40F0010060650020B9
:102D2000029090680290106820F0400010600298B5
:102D3000D80508D5636D002043F008036365039050
:102D400093680393039B636D13B3536823F0E0030D
:102D5000536001208B0784F8510029D05368E06C40
:102D600023F00303536018B1134B0365FDF7A8FB71
:102D7000A06C68B1104B036504B0BDE81040FDF7CE
:102D80009FBB00230193D368019393680193019B38
:102D900004B010BD11F0400FA1D0036C04B0BDE829
:102DA00010401847636C204604B0BDE81040184737
:102DB0002046FFF7DDFEEBE7BD2D010808B5806B6F
:102DC0000023C387C386FFF7D3FE08BD036A23F041
:102DD00001030362036A70B4446882690D6822F0DB
:102DE00073022A438D6823F002032B430E4DA84241
:102DF0000AD005F58065A84206D049684460826122
:102E000070BC416303627047CD6823F008032B4315
:102E1000D1E9056524F4407446EA050C23F0040367
:102E20004CEA0404E9E700BF00000140036A23F410
:102E300080730362036A70B44468C2690D6822F04B
:102E400073022A438D6823F4007343EA05230F4D70
:102E5000A8420AD005F58065A84206D049684460BA
:102E6000C26170BCC16303627047CD6823F4006324
:102E700043EA0523D1E9056524F4405446EA050CEC
:102E800023F4806344EA0C14E8E700BF000001402B
:102E9000036A23F480530362036A30B44468C2694E
:102EA0000D6822F4E64242EA05228D6823F40053BD
:102EB00043EA0533094DA8420AD005F58065A842CA
:102EC00006D049684460C26130BC01640362704747
:102ED0004D6924F4804444EA8514F2E7000001407F
:102EE000034600201B68DA6842F00102DA601A68C3
:102EF00042F001021A607047704700BF90F8382016
:102F0000012A70D00346026830B40220012483F8FD
:102F1000384083F8390090680C6820F47F4020F036
:102F20007700502C906000F093800ED8202C00F099
:102F3000888029D8002C7DD0102C1DD1916821F0DB
:102F4000700141F01701916016E0B4F5805F65D023
:102F500036D8602C49D0702C0ED1D1E9015094683C
:102F60002843CD6824F47F4140EA0520084390605F
:102F7000916841F0770191600020012283F83920A7
:102F800083F8380030BC7047302C4CD0402CF3D143
:102F90004868CC68116A21F00A010843116A21F0DF
:102FA00001011162916921F0F00141EA041191617E
:102FB0001062916821F0700141F047019160DBE7F8
:102FC000B4F5005FD8D1D1E9015094682843CD68A9
:102FD00024F47F4140EA052008439060916841F461
:102FE00080419160C8E7022070474C68CD68116A43
:102FF00021F0100111629069116A20F4704021F0F3
:10300000A00141EA041140EA053090611162916823
:1030100021F0700141F067019160ADE7916821F006
:1030200007019160A8E7916821F0700141F0370134
:103030009160A1E7916821F0700141F00701916072
:103040009AE7916821F0700141F02701916093E7C0
:103050004868CC68116A21F00A010843116A21F01E
:1030600001011162916921F0F00141EA04119161BD
:103070001062916821F0700141F0570191607BE787
:10308000704700BF704700BF704700BF704700BF68
:1030900003681A69910710B5044602D5DA689207E9
:1030A0005FD41A69500702D5DA68510746D41A6905
:1030B000120702D5DA6810072ED41A69D20602D593
:1030C000DA68D00618D41A69D10702D5DA68D207AF
:1030D0005DD41A69100602D5DA6811065FD41A6940
:1030E000520602D5DA68500661D41A69910602D5F3
:1030F000DA68920643D410BD6FF0100108221961FE
:103100002276DB6913F4407F204664D0FFF7BAFFD4
:10311000002223682276D6E76FF0080104221961A5
:103120002276DB699907204652D1FFF7A9FF204696
:10313000FFF7AAFF002223682276BEE76FF00401A2
:103140000222196122769B6913F4407F20463CD10C
:10315000FFF796FF2046FFF797FF002223682276AD
:10316000A5E76FF002010122196102769B699B07B6
:1031700025D0FFF787FF00222368227691E76FF0C2
:10318000200220461A61BDE8104000F029BB6FF014
:1031900001021A612046FBF7B1FA236899E76FF044
:1031A00080021A61204600F01DFB236897E76FF04C
:1031B00040021A612046FFF769FF236895E7FFF791
:1031C0005FFF2046FFF760FFD5E7FFF75BFFC4E72F
:1031D000FFF758FFAEE7FFF753FF2046FFF754FF16
:1031E00096E700BF30B42D4D8C6803680A68A8428A
:1031F00039D0B0F1804F27D0A5F57C45A84223D027
:1032000005F58065A8421FD005F58065A8421BD052
:1032100005F57845A84226D0214DA84218D005F5DD
:103220008065A84214D005F58065A84210D0A5F5A8
:103230009835A84228D005F58065A84208D005F544
:103240008065A84208D103E04D6823F070032B434A
:10325000C96823F440730B430360C4628262012394
:1032600030BC436170474D6823F070032B43CD6839
:1032700023F440732B430360C46282620B690363CF
:10328000012330BC43617047C96823F4407319437C
:10329000044B1960DC629A62E1E700BF0000014064
:1032A0000040014000180040C0B110B590F839301E
:1032B000044603F0FF0263B12146022384F839304B
:1032C00051F8040BFFF78EFF012384F839300020FA
:1032D00010BD80F83820FAF7BDFEEDE701207047F9
:1032E000C0B110B590F83930044603F0FF0263B165
:1032F0002146022384F8393051F8040BFFF772FF9E
:10330000012384F83930002010BD80F83820FFF701
:10331000F3FDEDE701207047C0B110B590F83930EA
:10332000044603F0FF0263B12146022384F83930DA
:1033300051F8040BFFF756FF012384F839300020C1
:1033400010BD80F83820FAF7B1FEEDE70120704794
:10335000C0B110B590F83930044603F0FF0263B1F4
:103360002146022384F8393051F8040BFFF73AFF65
:10337000012384F83930002010BD80F83820FAF796
:10338000EDFEEDE701207047002846D070B590F8BB
:1033900039300C46054603F0FF02002B38D0294691
:1033A000022385F8393051F8040B836823F00703B2
:1033B0008360FFF717FF81688369A669A26823F419
:1033C000407323F0030342EA06221A432369E669A5
:1033D0001B0143EA0623E6683343066A26F0AA0C7B
:1033E000266A22F47C4222F0FC0243EA06331343AD
:1033F00066696268246842EA06122143816042EAF3
:103400000C0201218361026285F83910002070BD31
:1034100080F83820FAF776FEC1E70120704700BF38
:1034200070B4046A1A4E24F001040462B042846944
:10343000056A1FD0B0F1804F1CD0A6F57C46B04283
:1034400018D006F58066B04214D006F58066B0420A
:1034500010D006F57846B0420CD006F57056B04252
:1034600008D0A6F59436B04204D024F0030242F00E
:10347000010202E024F00304224325F00A0401F0D3
:103480000A01214363F30712826170BC0162704735
:103490000000014090F83830012B79D070B502233C
:1034A0000D461646012280F8382080F8393004464F
:1034B000D1E900120068EB683EB3042EAD682FD04E
:1034C000082E4AD0066A26F480560662C66926F49B
:1034D000407646EA022663F30F36036AC6610903A3
:1034E00023F4204301F4204119430162C36923F40A
:1034F0004063C361C36943EA0523C361002001231C
:1035000084F8393084F8380070BDFFF789FF83698B
:10351000AA6823F00C038361836913438361EDE799
:10352000066A26F010060662866926F4407646EAA8
:10353000022663F30F36036A8661090123F0A003B4
:1035400001F0A00119430162836923F440638361A0
:10355000836943EA05238361D0E7066A26F480760F
:103560000662C66926F00306164363F30716036A6C
:10357000C661090223F4206301F42061194301624A
:10358000C36923F00C03C361C3692B43C361B5E76F
:1035900002207047036A23F010030362036A70B4C9
:1035A000446882690D6822F4E64242EA05228D6889
:1035B00023F0200343EA05130E4DA8420AD005F577
:1035C0008065A84206D049684460826170BC81630E
:1035D00003627047CD6823F0800343EA0513D1E905
:1035E000056524F4406446EA050C23F0400344EAF0
:1035F0008C04E8E70000014090F83830012B25D01A
:10360000022310B5044680F839300C2A0BD8DFE8C5
:1036100002F0070A0A0A150A0A0A190A0A0A110018
:103620000068FFF7D3FB0020012384F8393084F8C9
:10363000380010BD0068FFF72BFCF4E70068FFF7C7
:10364000A9FFF0E70068FFF7F1FBECE70220704705
:1036500038B590F83830012B70D00D460223012187
:10366000044680F8381080F839300C2A18D8DFE882
:1036700002F007171717361717174E1717171E00E0
:1036800000682946FFF7A2FB83692A6943F0080313
:103690008361836923F00403836183691343836136
:1036A0000020012384F8393084F8380038BD0068E0
:1036B0002946FFF7EDFBC3692A6943F40063C36140
:1036C000C36923F48063C361C36943EA0223C3610E
:1036D0000020012384F8393084F83800E6E70068D8
:1036E0002946FFF757FF83692A6943F40063836122
:1036F000836923F480638361836943EA02238361DE
:103700000020012384F8393084F83800CEE70068BF
:103710002946FFF78BFBC3692A6943F00803C3619D
:10372000C36923F00403C361C3691343C361002069
:10373000012384F8393084F83800B7E7022038BD17
:1037400090F83830012B1FD002460368022030B5B4
:1037500082F8390058680D684C6820F07000586095
:10376000586828435860996821F0800199609968E9
:103770004FF0000C21434FF0010E996082F839E0C0
:1037800082F838C0604630BD0220704790F838306B
:10379000012B23D010B4D1E9024323F44073024635
:1037A000234348680C6823F48063034323F40063D5
:1037B0000869234323F48053034348698C6923F445
:1037C0000053034323F44043106800212343436420
:1037D00082F8381008465DF8044B704702207047A5
:1037E000704700BF704700BFF8B5044690F8390035
:1037F00020282DD151B34AB394F83800012827D09E
:103800000120E28484F83800A284206BDFF84CC0E9
:10381000104F114E21621346226800254FF0210EF1
:10382000E563043284F839E0C0E90FC7C0E91365E5
:10383000FCF706FE23686FF040021A6084F83850E7
:103840005A6942F0800228465A61F8BD0120F8BD4D
:103850000220F8BD913801081D39010861380108BE
:1038600008B50368806B1B6813F480730AD1026883
:10387000C384536923F080035361D36843F040034A
:10388000D36008BD14F076F908BD00BF704700BFD3
:1038900008B5806BFFF7FAFF08BD00BF704700BF97
:1038A00090F83A30222B29D181680269836AB1F5F8
:1038B000805F10B504680AD0591C02BB626881623F
:1038C0001A70C38D013B9BB2C38543B110BDE2B9F1
:1038D0006268C2F3080223F8022B8362F1E70368EF
:1038E000DA6822F49072DA605A69202122F001022B
:1038F0005A6180F83A10FFF7D1FF10BD7047626837
:10390000816202F07F021A70DBE76268D2B223F8AC
:10391000012B8362D5E700BF704700BF08B5806BFD
:103920000368596990F83920212A0BD0596990F819
:103930003A20222A16D0C36B43F01003C363FFF76B
:10394000EBFF08BD0906F1D50022C284DA68202108
:1039500022F0C002DA6080F83910596990F83A20F4
:10396000222AE8D14A06E6D50022C285DA6822F486
:103970009072DA605A69202122F001025A6180F8BF
:103980003A10D8E703681A6870B51607DD685969F8
:1039900004460CD1910601D5AE0658D4100601D5C7
:1039A00029062DD4560601D5680645D470BD11F000
:1039B000010163D115F4907FF0D0D0070AD5EE0550
:1039C00040F19080E06B560740F00100E06346D57F
:1039D000002957D1E16B0029E8D0920602D5AE0646
:1039E00000F18A805A69E16B02F0400201F008019F
:1039F00052EA01054FD12046FFF78EFFE56370BD07
:103A000094F83920212AD1D1A168226AB1F5805FCA
:103A100077D0511C216212785A60E28C013A92B23E
:103A2000E284002AC2D1DA6822F08002DA60DA6821
:103A300042F04002DA6070BDDA68202122F04002D4
:103A4000DA60204684F8391014F094F870BDBDE8AF
:103A50007040FFF725BFEE05B4D4500712D4960787
:103A600044D50029B6D0E16B100741F00401E163B1
:103A7000B0D5E16B41F00801E163ABE7D007EAD4D0
:103A800051072CD5E16B960741F00201E163EAD4BE
:103A900011079FD5EDE7DA6822F49072DA605A696F
:103AA000202122F001025A6184F83A105A69550621
:103AB00011D55A69606B22F040025A6158B1174B18
:103AC0000365FCF7FDFC00283FF470AF606BBDE8B8
:103AD0007040036D18472046FFF71EFF70BD910729
:103AE000C1D4D5E750073FF575AFB8E710077FF5AC
:103AF00071AF0029BDD16DE72046FFF7D1FE2368E5
:103B000070E711882069C1F30801596010B90232C9
:103B1000226282E7013222627FE700BF213B010877
:103B200008B5806B0023C385C384FFF7F5FE08BD8D
:103B300084B00DF1040C8CE80E00069B012B2ED1F5
:103B4000836B0D9A23F480338363C36823F4840367
:103B500023F04003C360C368012A23F44013C36009
:103B600035D01D4B013B0CD00269002AFADA0269FC
:103B7000194B42F001020261013B02D00269D107F8
:103B8000FAD4049B012B07D1836843F006038360BA
:103B9000836843F020038360002004B07047C2684C
:103BA0000D4B42F04002C260013B0CD00269002A7A
:103BB000FADA0269084B42F001020261013B02D0CD
:103BC0000269D207FAD44FF480338363D9E7C3681C
:103BD00043F48013C360C4E7410D03000346002093
:103BE0009A6842F001029A60704700BF03460020C5
:103BF0009A6822F001029A60704700BF08B5C36856
:103C0000012923F0C043C36009D019B9C36843F048
:103C10008043C3603220FBF74DFC002008BDC36821
:103C200043F00053C3603220FBF744FC002008BD82
:103C300084B02DE9704307AC84E80E00119C0A9D06
:103C4000836B002C40F08B8043F4001383630023CC
:103C5000C0F8003E0C9BD0F80028C0F80028012BCB
:103C600000F5006C00F09280D0F8003843F00303B8
:103C7000C0F800384FF4846303614B4B013B02D022
:103C800002699606FAD410230361474B013B02D028
:103C90000269D206FAD400224FF0FF33CCF810208C
:103CA000CCF81420CCF81830CCF81C2071B300F5F7
:103CB000106396464FF090494FF0FF081E6801329E
:103CC000002EB4BFC3F80090C3F800E08A42C3F8E6
:103CD00010E0C3F8088003F12003EFD1002200F5C3
:103CE000306396464FF090494FF0FF081E6801324E
:103CF000002EB4BFC3F80090C3F800E08A42C3F8B6
:103D000010E0C3F8088003F12003EFD1DCF8103095
:103D1000012D23F48073CCF8103024D000226FF0F2
:103D20008043826143611DB9836943F0100383615D
:103D300081691E4B0D9A0B4383611AB1836943F06D
:103D400008038361012C05D1836943F0804343F06C
:103D500004038361BDE87043002004B0704743F45E
:103D60000023836373E7124BCCF83030DCF830303B
:103D700043F4803343F00303CCF8303000226FF07B
:103D80008043DCF8301082614361D1E7099B23B99D
:103D9000D0F80038C0F800386CE7D0F8003843F0AD
:103DA0000103C0F8003865E7410D030000383C808E
:103DB00000018000890141F02001064A0161013AB9
:103DC00005D0036913F02003F9D11846704703208A
:103DD000704700BF410D030000F50062D0F80808ED
:103DE00010F0060014D0936803F00603022B0ED0E7
:103DF000936803F00603062B09D0906800F00600D4
:103E0000A0F10400B0FA80F04009400070470320A0
:103E1000704700BF10B54C7891F800C00123012C09
:103E200000F5006E03FA0CF34FEA4C1219D0DEF8DD
:103E30001C4000F5306044EA0343CEF81C30835840
:103E40001B040CD48B688458C978C3F30A0323433A
:103E500043EA814343F0805343F4004383500020FE
:103E600010BDDEF81C409BB2234300F51060CEF875
:103E70001C3083581C04F2D48B688458C978C3F36F
:103E80000A03234343EA814343EA8C5343F08053BC
:103E900043F400438350002010BD00BF10B44A78A3
:103EA00091F800C0012A4FEA4C1326D000F5306289
:103EB000D118D45824F40044D4504FF00064D450A6
:103EC0004FF08044D450224B013B3DD08A68D2064B
:103ED000FAD4D0F8043843F48063C0F80438D0F83A
:103EE0001C384FF4803202FA0CF223EA0203C0F8C5
:103EF0001C3800205DF8044B704700F51062D118A3
:103F0000D45824F40044D4504FF00064D4504FF0FF
:103F10008044D4500E4B013B16D08A685400FAD42A
:103F20004FF484620A4B0261013B02D002699106A0
:103F3000FAD40123D0F81C2803FA0CF39BB222EA2E
:103F40000303C0F81C38D4E703205DF8044B704726
:103F5000410D03002DE9704F82B0CC7801944C786C
:103F60000D784B69012C4FEA451C4DD000F5306EA1
:103F70000EEB0C048D68D4F810806FF31208C4F8AF
:103F80001080D4F810806FF3DC48C4F810808BB335
:103F9000DFF8A0812B44013BB3FBF5F308EAC348EB
:103FA0009BB203FB05F5236948EA030323612369F8
:103FB000C5F312051D432561012A04BFCB68636167
:103FC000019B012B0CD1D0F8083813F4807F5EF8E8
:103FD0000C300CBF43F0005343F080534EF80C30CC
:103FE0005EF80C3043F004434EF80C30002002B071
:103FF000BDE8708F2369C5F312051D432561236950
:1040000043F400232361D7E700F5106808EB0C0E9A
:10401000002B3FD1DEF810406FF3DC44CEF81040A7
:10402000DEF8104044F40024CEF81040DEF81040D2
:10403000012A6FF31204CEF8104002D10C69CEF8B9
:104040001440019C012C55D1D0F8084814F4807F0D
:1040500058F80C400CBF44F0005444F0805448F829
:104060000C4058F80C4044F0044448F80C40002A36
:10407000BCD19BB203339A08B8D0CB6800F580500E
:1040800000EB053003EB820153F8042B02609942E8
:10409000FAD1ABE7DEF810908E686FF31209CEF814
:1040A0001090DEF810906FF3DC49CEF81090DFF836
:1040B0008490DEF810B006EB030A0AF1FF3ABAFB6F
:1040C000F6FA09EACA4949EA0B09CEF81090DEF877
:1040D00010A0019EC3F3120949EA0A09012ECEF885
:1040E000109011D0012A21D0D0F83438AC401C43B4
:1040F000C0F8344858F80C30002043F0044348F826
:104100000C3002B0BDE8708FDEF8104024F0C044DF
:10411000CEF81040DEF81040012A44F00054CEF8EA
:10412000104091D10C69CEF814408DE70B69CEF8A0
:104130001430DFE70000F81F4B7870B50C784D693C
:10414000012B4FEA441C26D000F5306000EB0C0335
:104150008C681E696FF312061E611E696FF3DC46E0
:104160001E61B5B91D6945F400251D611D69012A4F
:10417000C4F3120408BFCA6844EA05041C6108BFFE
:104180005A6150F80C3043F0044340F80C300020E2
:1041900070BD4C61E6E700F5106606EB0C039DB3BD
:1041A000D3F810E06FF3120EC3F810E0D3F810E06C
:1041B0006FF3DC4EC3F810E0D1F808E0AE453CBF29
:1041C000C1F814E07546D3F810E04EF4002EC3F8A1
:1041D00010E0D3F810E0C5F3120545EA0E051D61A5
:1041E00056F80C50012A45F0044546F80C501FD0F3
:1041F0004B69002BCBD0D0F834280123A3401343C4
:10420000C0F83438002070BD1D696FF3DC451D61B6
:104210001D6945F400251D611D696FF312051D61BF
:1042200056F80C50012A45F0044546F80C50DFD1F1
:104230000A695A61002070BD10B49DF804406CB941
:1042400003339B080AD000F5805000EB023201EBEB
:10425000830351F8040B10608B42FAD100205DF803
:10426000044B7047033292080AD000F5805C01EBE2
:104270008200DCF8003041F8043B8842F9D17047F5
:10428000084670474A780B78012A4FEA43130ED04C
:1042900000F53060C258002A03DBC25822F0804289
:1042A000C250C25842F40012C2500020704700F5BC
:1042B0001060C258002AF0DAF3E700BFCB780A7822
:1042C000497801290CBF00F5106000F530605201FB
:1042D000023B8158DBB221F40011012B815003D83D
:1042E000835843F08053835000207047D0F8003843
:1042F00023F4FE63C0F80038D0F80038090101F457
:10430000FE611943C0F800180020704708B5034645
:104310000320D3F8042822F00202C3F80428FBF794
:10432000C9F8002008BD00BF08B503460320D3F834
:10433000042842F00202C3F80428FBF7BBF800206F
:1043400008BD00BF4269806910407047D0F8183836
:1043500000F50060C0691840000C7047D0F81838AC
:1043600000F50060C069184080B2704700F5306306
:1043700003EB411300F500609A68406910407047F4
:10438000D0F81028D0F8343800EB4110CB40DB01D6
:10439000D0F80809DBB2134318407047406900F0B9
:1043A00001007047D0F8002900F500636FF30A029E
:1043B000C0F800299A6802F00602042A05D1D0F854
:1043C000002942F00302C0F800295A6842F48072C2
:1043D00000205A60704700BF10B40024C0F8104B92
:1043E000D0F8104B44F40024C0F8104BD0F8104B18
:1043F00044F01804C0F8104BD0F8104B012944F0D9
:10440000C044C0F8104B05D14FF08021C0F8142BE8
:10441000C0F8001B00205DF8044B704700F1080352
:104420004FF0FF310022C0E90131C0E903330260DF
:10443000704700BF00230361704700BF42680368F4
:1044400010B494680133C1E90124616091605DF8A2
:10445000044B08610360704730B40D686B1C10D0CA
:1044600000F108031C465B681A68AA42FAD9026880
:104470004B60013299608C606160086130BC026001
:10448000704704696368F2E7036910B4D0E9011268
:104490005C688A608442516008BF5A601A685DF89F
:1044A000044B0021013A01611A601868704700BF8F
:1044B000036C70B5856B04462BB90668013546B3AD
:1044C0001846A56370BD164682B91A464068EDF7D6
:1044D0009FFD6368216CA2680B449342636024BF14
:1044E0002368636001350020A56370BD1A46C0686B
:1044F000EDF78EFD226CE36851429B1A2268E3605F
:10450000934202D2A3680B44E360022E06D0013529
:10451000E9E7806801F0F8F8A660D2E7012D38BF1E
:1045200001250020CDE700BF70B50546F8F7AAFBCE
:1045300095F845305CB2002C14DD05F1240603E04B
:10454000631EDAB25CB26AB16B6A304653B100F0F6
:10455000C5FF0028F4D001F053F8631EDAB25CB254
:10456000002AF1D1FF2385F84530F8F7ADFBF8F7C5
:1045700089FB95F844305CB2002C14DD05F110067F
:1045800003E0631EDAB25CB26AB12B69304653B104
:1045900000F0A4FF0028F4D001F032F8631EDAB274
:1045A0005CB2002AF1D1FF2385F84430BDE87040A9
:1045B000F8F78ABB38B5E0B104460D46F8F762FB60
:1045C000D4E90F232168616003FB02F2D31A0A4485
:1045D000A2600022A2630B44FF2284F84420E3601F
:1045E00084F8452075B92369C3B9F8F76DFB01203C
:1045F00038BD4FF0500383F31188BFF36F8FBFF3C3
:104600004F8FFEE704F11000FFF708FF04F12400CC
:10461000FFF704FFF8F758FB012038BD04F1100044
:1046200000F05CFF0028E0D04FF0E0234FF0805214
:10463000C3F8042DBFF34F8FBFF36F8FD5E700BFD3
:1046400040B94FF0500383F31188BFF36F8FBFF36E
:104650004F8FFEE770B5044601FB00F048300D4671
:1046600001F096FB064648B155B100F14803C6E992
:104670000F45336001213046FFF79CFF304670BD87
:104680000346F4E7F0B585B0019200287ED00E46CF
:104690001D460446002969D0022D0BD1E36B012B86
:1046A00008D04FF0500383F31188BFF36F8FBFF32F
:1046B0004F8FFEE700F0C6FF002870D0F8F7E2FA4F
:1046C000A26BE36B9A4276D3022D74D00022174678
:1046D0000EE0F8F7F9FA2046FFF726FF00F05EFE3D
:1046E000F8F7D0FAA16BE36B99424FF0010262D365
:1046F0000198002876D0002A44D0F8F7E5FA00F0B7
:1047000001FDF8F7BFFA94F84430FF2B08BF84F896
:10471000447094F84520FF2A08BF84F84570F8F7E4
:10472000D3FA01A902A800F029FF00285ED1F8F70A
:10473000A9FAA26BE36B9A42CBD1F8F7C5FA0199BB
:1047400004F1100000F0B0FE2046FFF7EDFE00F08F
:1047500025FE0028C4D14FF0E0234FF08052C3F86B
:10476000042DBFF34F8FBFF36F8FB9E7036C002B9E
:1047700092D04FF0500383F31188BFF36F8FBFF3D4
:104780004F8FFEE702A800F0EDFEB6E74FF05003B2
:1047900083F31188BFF36F8FBFF34F8FFEE7019B49
:1047A000002B8BD04FF0500383F31188BFF36F8F32
:1047B000BFF34F8FFEE72A4631462046FFF778FECB
:1047C000636ACBB948B14FF0E0234FF08052C3F891
:1047D000042DBFF34F8FBFF36F8FF8F775FA0120E9
:1047E00005B0F0BDF8F770FA0020F9E72046FFF7B2
:1047F0009BFE00F0D3FDF7E704F1240000F06EFE0D
:104800000028EAD0DFE700BF002847D02DE9F041BB
:104810000E4617461D46044621B3022D0BD1E36B0D
:10482000012B08D04FF0500383F31188BFF36F8F33
:10483000BFF34F8FFEE7F8F741FBEFF311884FF01E
:10484000500383F31188BFF36F8FBFF34F8FA26BB9
:10485000E36B9A4212D3022D10D0002088F3118806
:10486000BDE8F081036C002BD7D04FF0500383F3E9
:104870001188BFF36F8FBFF34F8FFEE72A4694F87E
:10488000455031466DB22046FFF712FE6B1C0ED02C
:104890006B1C5BB284F845300120DFE74FF050031A
:1048A00083F31188BFF36F8FBFF34F8FFEE7636A07
:1048B000002BF1D004F1240000F010FE0028EBD012
:1048C000002FE9D001233B60E6E700BF60B3036C33
:1048D00070B5044643B14FF0500383F31188BFF322
:1048E0006F8FBFF34F8FFEE703680D462BB3F8F7CA
:1048F000E5FAEFF311864FF0500383F31188BFF30D
:104900006F8FBFF34F8FA36BE26B9A4221D994F85C
:1049100045200133FF2AA36353B21ED001335BB29B
:1049200084F84530012015E04FF0500383F31188DF
:10493000BFF36F8FBFF34F8FFEE78368002BD6D096
:104940004FF0500383F31188BFF36F8FBFF34F8F86
:10495000FEE7002086F3118870BD636A002BE1D06A
:1049600004F1240000F0BAFD0028DBD0002DD9D0DE
:1049700001232B60D6E700BFF0B585B00192002877
:1049800000F084800E460446002941D000F05AFE13
:10499000002849D0F8F776F9A56B002D7FD1019B4F
:1049A0008BB302A800F0DEFD2F46F8F78DF900F07A
:1049B000A9FBF8F767F994F84430FF2B08BF84F897
:1049C000447094F84530FF2B08BF84F84570F8F721
:1049D0007BF901A902A800F0D1FD002830D1F8F739
:1049E00051F9A36B002B38D0F8F76EF92046FFF78A
:1049F0009BFD00F0D3FCF8F745F9A56B002D4ED1D7
:104A0000019B002BD1D1F8F75FF9002005B0F0BD74
:104A1000036C002BBAD04FF0500383F31188BFF31F
:104A20006F8FBFF34F8FFEE7019B002BB2D04FF08B
:104A3000500383F31188BFF36F8FBFF34F8FFEE7EF
:104A40002046FFF771FD00F0A9FCF8F71BF9A36BF6
:104A5000002BD8D0F8F738F9CDE7F8F735F90199F8
:104A600004F1240000F020FD2046FFF75DFD00F07A
:104A700095FC0028BFD14FF0E0234FF08052C3F8DF
:104A8000042DBFF34F8FBFF36F8FB4E74FF0500388
:104A900083F31188BFF36F8FBFF34F8FFEE7226C54
:104AA00052B1E168A36811449942E16024BF2168D2
:104AB000E1603046EDF7ACFA013DA56323691BB90F
:104AC000F8F702F90120A1E704F1100000F006FD5B
:104AD0000028F5D04FF0E0234FF08052C3F8042DAA
:104AE000BFF34F8FBFF36F8FEAE700BFF0B585B01C
:104AF0000191002856D0066C044646B14FF0500391
:104B000083F31188BFF36F8FBFF34F8FFEE700F081
:104B100099FD054600284ED03546F8F7B3F8A36B4B
:104B200000278BBB019B002B00F09A80002D5CD0EE
:104B3000F8F7CAF800F0E6FAF8F7A4F894F8443069
:104B4000FF2B08BF84F8447094F84530FF2B08BF52
:104B500084F84570F8F7B8F801A902A800F00EFD36
:104B6000002834D1F8F78EF8A36B002B44D0F8F767
:104B7000ABF82046FFF7D8FC00F010FCF8F782F8FD
:104B8000A36B0125002BCDD02268013BA363002A33
:104B900000F082802369002B6DD1F8F795F8012091
:104BA00005B0F0BD4FF0500383F31188BFF36F8F52
:104BB000BFF34F8FFEE7019B002B38D04FF050031F
:104BC00083F31188BFF36F8FBFF34F8FFEE720464B
:104BD000FFF7AAFC00F0E2FBF8F754F8A36B43B927
:104BE000F8F772F82EBB0020DAE702A800F0BAFC52
:104BF0009EE7F8F769F8C1E7F8F766F8236833B37A
:104C0000019904F1240000F04FFC2046FFF78CFCD2
:104C100000F0C4FB0028B1D14FF0E0234FF08052E8
:104C2000C3F8042DBFF34F8FBFF36F8FA6E72E4657
:104C300073E7F8F727F8616A19B1236B1968C1F1B6
:104C40000701A06800F0B8FDF8F73EF8CBE7F8F7E9
:104C500019F8A06800F006FD0646F8F735F8CFE72A
:104C6000002EF1D04FF0500383F31188BFF36F8F04
:104C7000BFF34F8FFEE704F1100000F02FFC002877
:104C80008BD04FF0E0234FF08052C3F8042DBFF3D8
:104C90004F8FBFF36F8F80E700F0F2FDA06079E7E0
:104CA0002DE9F84310B30E461746044691B1F8F7C4
:104CB00005F9EFF311894FF0500383F31188BFF327
:104CC0006F8FBFF34F8FA56BCDB9284689F311883D
:104CD000BDE8F883036C002BE9D04FF0500383F359
:104CE0001188BFF36F8FBFF34F8FFEE74FF0500374
:104CF00083F31188BFF36F8FBFF34F8FFEE794F8F4
:104D00004480226C4FFA88F852B1E168A3681144DC
:104D10009942E16024BF2168E1603046EDF778F9FF
:104D2000013DB8F1FF3FA56306D008F101035BB276
:104D300084F844300120C9E72369002BFAD004F13C
:104D4000100000F0CBFB0028F4D0002FF2D001239C
:104D50003B60EFE7F8B5214B214D1E682B680446F8
:104D6000181D0F46FFF790FB40B92B681D49DB6A01
:104D700001229A400B6823EA02030B60631C0FD0E8
:104D80002B6834195C6010D2174B186829680431FD
:104D9000FFF762FB154B1A68A24200D91C60F8BDF0
:104DA000A7B92B68721E5A603EB1114B186829686A
:104DB000BDE8F8400431FFF74FBB0B4B186829687A
:104DC0000431FFF749FB094B1B68F8BD2968094806
:104DD000BDE8F8400431FFF731BB00BFB49F0020AD
:104DE000B8A00020B09F002000A00020989F0020C5
:104DF000FC9F0020BC9F002080B5174D174F184E18
:104E0000DFF860804FF0E02A4FF0805914E0F7F7A8
:104E100039FFFB68DC68201DFFF736FB3368013B78
:104E200033602B68013B2B60F7F74EFF206B01F0DE
:104E30003DF8204601F03AF82B68002BE7D1D8F86E
:104E40000030012B05D9CAF8049DBFF34F8FBFF383
:104E50006F8F07F089FCEFE7D09F0020D49F0020E0
:104E6000B89F00202CA000202DE9F0479600804636
:104E700030460D46994600F08BFF002800F08180F7
:104E80000746542000F084FF0446002876D00763CC
:104E900032463846A521EBF7DFFA236B043E1E4469
:104EA00026F00706002D7FD005F1FF3C05F10F022B
:104EB00004F133031CF8015F03F8015F0DB1944561
:104EC000F8D1002384F84330089D062D28BF06251D
:104ED0004FF0000A271DE56265643846C4F848A013
:104EE000FFF7A8FAC5F1070504F11800FFF7A2FAC9
:104EF000C4F84CA0A56184F850A0246164624A46BD
:104F000041463046F7F796FE099B206003B11C60CE
:104F1000F7F7B8FE384A394D1368013313602B6830
:104F2000002B38D0364EE06A336873B3DFF8F48074
:104F3000344A3946344F3B6801333B6017680123DC
:104F4000834000EB80003B4308EB80001360FFF7D9
:104F500075FAF7F7B9FE336873B12A68E36AD26A63
:104F60009A4209D24FF0E0234FF08052C3F8042D4B
:104F7000BFF34F8FBFF36F8F012004E0384600F07E
:104F800095FF4FF0FF30BDE8F0872B68DB6A834266
:104F900098BF2C60CAE72C601368012B07D0E06A29
:104FA000DFF88080164EC3E784F834508CE7DFF8D2
:104FB0007480464608F18C0930461436FFF72EFA05
:104FC000B145F9D1DFF86090104E4846FFF726FA58
:104FD0003046FFF723FA0E48FFF720FA0D48FFF797
:104FE0001DFA0D48FFF71AFA0C4BE06AC3F800905F
:104FF0000B4B1E60024E9BE7B89F0020B8A000201C
:10500000AC9F0020B09F00209C9F002004A00020A7
:10501000E89F0020D49F0020BC9F002000A000201B
:10502000FC9F00202CA0002018A0002010B50446F2
:10503000F7F728FE24B1E46AF7F746FE204610BDD4
:10504000034B1C68E46AF7F73FFE204610BD00BF23
:10505000B8A0002010B50446F7F730FFEFF3118336
:105060004FF0500282F31188BFF36F8FBFF34F8F61
:105070001CB1E06A83F3118810BD034A1468E06A2A
:1050800083F3118810BD00BFB8A0002030B5174BC6
:105090001749184883B00024CDE9004380222346F5
:1050A000FFF7E2FE01280CD0013001D003B030BD83
:1050B0004FF0500383F31188BFF36F8FBFF34F8F0F
:1050C000FEE74FF0500383F31188BFF36F8FBFF3F8
:1050D0004F8F0949094A0A4B4FF0FF350D601060A8
:1050E0001C6003B0BDE83040F7F75EBE949F00201F
:1050F000149F0208F94D0108989F0020AC9F0020E2
:10510000B49F0020024A136801331360704700BF48
:10511000909F0020014B1868704700BFB49F00208B
:105120002DE9F04F4C4B1B6883B0002B48D14B4B03
:105130001D6801351D60002D50D0494B0193019B26
:105140001B68AB4257D8474EDFF830813368DFF831
:1051500030911C68002C72D0434F002422E0FFF7EE
:1051600093F9DBF828200BF118000AB1FFF78CF94E
:10517000DBF82C003B680122824000EB80001A43E0
:10518000514608EB80003A60FFF758F9D9F8003033
:10519000DBF82C20DB6A9A4228BF012433681B68A5
:1051A000002B4CD03368DB68D3F80CB0DBF804205C
:1051B0000BF1040A95425046D1D2019B1A601FE0C0
:1051C0002A4A1368013300241360294B1B68002B03
:1051D0000CBF2046012003B0BDE8F08F214B1A68B8
:1051E0001268CAB14FF0500383F31188BFF36F8F79
:1051F000BFF34F8FFEE7DFF88480DFF88490002450
:10520000D9F80030DB6A03EB83039B0058F80330C6
:10521000022B28BF0124D8E7164A186811681960C4
:10522000154910600A6801320A601A6812685AB992
:105230000B4B01931A464FF0FF3313607FE7019A3F
:105240004FF0FF331360DBE71B68054ADB68019210
:10525000DB685B68136072E7909F0020B49F0020BA
:10526000989F002000A00020B09F0020A89F002051
:10527000A49F0020FC9F0020A09F00202CA00020C5
:10528000B8A000202DE9F84FF7F7FCFC394B1A685D
:10529000013A1A601B68002B5BD1374B1B68002B4F
:1052A00057D0DFF8ECA0DAF80030002B5ED0334D99
:1052B000DFF8E080324FDFF8E0900126DAF80C30BA
:1052C000DC6804F1040B04F11800FFF7DDF8584620
:1052D000FFF7DAF8E06A2A6806FA00F300EB8000CC
:1052E0001343594608EB80002B60FFF7A7F83B6893
:1052F000E26ADB6A9A4228BFC9F80060DAF8003037
:10530000002BDBD11F4B1A68126842BB1E4B4FF0BB
:10531000FF321A601D4E346844B10125FFF700FFCB
:1053200008B1C9F80050013CF8D13460D9F8003018
:105330007BB14FF0E0234FF08052C3F8042DBFF350
:105340004F8FBFF36F8F0124F7F7BEFC2046BDE8F7
:10535000F88F0024F7F7B8FC2046BDE8F88F1A68EC
:10536000094BD268D26852681A60D3E7DFF82890F8
:10537000D0E700BF909F0020B89F0020B09F002082
:10538000B8A0002000A00020989F0020A89F002027
:10539000E89F00202CA00020A49F0020064B1B6843
:1053A00043B94FF0500383F31188BFF36F8FBFF3FE
:1053B0004F8FFEE7FFF766BF909F002010B550B9F2
:1053C0004FF0E0234FF08052C3F8042DBFF34F8F0E
:1053D000BFF36F8F10BD104C216841B14FF05003E7
:1053E00083F31188BFF36F8FBFF34F8FFEE72368FE
:1053F00001332360FFF7AEFC236843B94FF050033D
:1054000083F31188BFF36F8FBFF34F8FFEE7FFF772
:1054100039FF0028D4D010BD909F00201D4B1B6881
:105420001BB11D4B01221A6070471B4A10B51B4C63
:1054300013602268236812681B6B9A4223D9184BA9
:105440001B68B3FA83F3DBB2C3F11F0303EB8303DF
:1054500014499A0001EB8303885840B94FF0500378
:1054600083F31188BFF36F8FBFF34F8FFEE7586848
:105470000832406858600A44904204BF406858604F
:10548000C368236010BD20682168343107F05AF9E1
:10549000D5E700BF909F0020A49F0020B8A0002067
:1054A000B09F00202CA0002060B110B50A4B0C4624
:1054B00019681831FEF7D0FF20460121BDE81040E1
:1054C000FFF748BC4FF0500383F31188BFF36F8F91
:1054D000BFF34F8FFEE700BFB8A0002038B5C36808
:1054E000DC6854B304F118052846FEF7CDFF174BCE
:1054F0001B6873B116482946FEF7A0FF154BE26AF8
:105500001B68DB6A9A4283BF134B0120186000209E
:1055100038BD251D2846FEF7B7FF104AE06A294628
:105520000123156883402B4313600D4B00EB800073
:1055300003EB8000FEF782FFE0E74FF0500383F3B8
:105540001188BFF36F8FBFF34F8FFEE7909F00204E
:10555000E89F0020B8A00020A49F0020B09F00205A
:105560002CA00020034A044B12681B68C0E90023EA
:10557000704700BFA09F0020B49F0020F8B508B37B
:105580000D46B1B10446F7F77DFB2B681A4A581C4B
:1055900011682CD0DFF864C0D4E90060DCF800703A
:1055A000BE4218D0884216D80124F7F78DFB20465A
:1055B000F8BD4FF0500383F31188BFF36F8FBFF333
:1055C0004F8FFEE74FF0500383F31188BFF36F8FC7
:1055D000BFF34F8FFEE7A1EB000E734509D95B1AAD
:1055E000DCF80010126803442B60C4E900120024A8
:1055F000DBE700232B60D7E7B49F0020A09F0020AB
:10560000014B01221A607047A49F002078B1006B03
:105610000378A52B11D103469C4613F8012FA52A28
:10562000FAD0C0F101006044C0F38F007047044B12
:105630001868006B0378A52BEDD00020704700BFE1
:10564000B8A00020054B1B6833B1054B1868B0FAB1
:1056500080F040094000704701207047AC9F002057
:10566000909F0020F8B50446C8B1244DC36A2A684B
:10567000D26A934214D28269002A04DB2A68D26A71
:10568000C2F1070282611E4E626903EB830306EBDF
:1056900083039A420CD02B68DB6AE3620120F8BDD9
:1056A0002B68406CDB6A98422CBF00200120F8BDBB
:1056B000271D3846FEF7E8FE70B9E16A114A01EB92
:1056C00081039B00F35843B9012303FA01F11368E6
:1056D00023EA0103136000E00A4A2B68D86AE062FB
:1056E00001231468834000EB80002343394606EB16
:1056F00080001360FEF7A2FED0E700BFB8A0002034
:105700002CA00020B09F002010B3F8B5274B1B68D9
:105710008342044608D04FF0500383F31188BFF34F
:105720006F8FBFF34F8FFEE79B6C43B1C16A426C32
:10573000013B9142836400D063B10020F8BD4FF07B
:10574000500383F31188BFF36F8FBFF34F8FFEE7D2
:1057500000207047061D3046FEF796FEA8B114489B
:10576000144A636CE362314601251668C3F10707EA
:10577000A76105FA03F403EB830300EB83003443D2
:105780001460FEF75BFE2846F8BDE36A084803EBA9
:105790008302920082580AB1064AE2E7054A0125CF
:1057A0009D40136823EA05031360DAE7B8A00020E0
:1057B0002CA00020B09F002000283FD0836C70B543
:1057C00004464BB1406CE26A814238BF01468A42CE
:1057D00001D0012B09D070BD4FF0500383F3118825
:1057E000BFF36F8FBFF34F8FFEE7224B1B68A342BF
:1057F00025D0A369E162002BA8BFC1F107011E4DAE
:10580000A8BFA16102EB8202616905EB82039942A4
:10581000E1D1261D3046FEF737FEE36AC0B1012212
:10582000164C9A409800184423681343314605EB00
:1058300080002360BDE87040FEF700BE70474FF067
:10584000500383F31188BFF36F8FBFF34F8FFEE7D1
:1058500003EB8300800001222C589A4098000CB181
:10586000064CE0E7054CD4F800C02CEA020CC4F862
:1058700000C0D8E7B8A000202CA00020B09F0020D6
:10588000044B1A681AB119688A6C01328A64186864
:10589000704700BFB8A00020F8B5F8B11E460F460B
:1058A00015460446F7F7EEF90EB1E36C336094F851
:1058B00050600223F6B284F85030042D50D8DFE84F
:1058C00005F006161A050300022E36D0E764012EF5
:1058D00015D00124F7F7F8F92046F8BD4FF0500332
:1058E00083F31188BFF36F8FBFF34F8FFEE7E36C35
:1058F0003B43E364EBE7E36C0133E364E7E7251D37
:105900002846FEF7C1FD1C4AE06A2946156806FADA
:1059100000F32B431360194B00EB800003EB800076
:10592000FEF78CFDA36A53B14FF0500383F3118847
:10593000BFF36F8FBFF34F8FFEE70024CAE7104B12
:10594000E26A1B68DB6A9A42C3D94FF0E0234FF04A
:105950008052C3F8042DBFF34F8FBFF36F8FB8E7AA
:10596000E36C0133B3D04FF0500383F31188BFF3DE
:105970006F8FBFF34F8FFEE7B09F00202CA0002059
:10598000B8A0002058B32DE9F0410F4615461E4639
:105990000446F7F793FAEFF311884FF0500383F3BF
:1059A0001188BFF36F8FBFF34F8F0EB1E36C33607D
:1059B00094F850600223F6B284F85030042D56D883
:1059C000DFE805F006161A050300022E23D0E7646F
:1059D000012E15D0012088F31188BDE8F0814FF029
:1059E000500383F31188BFF36F8FBFF34F8FFEE730
:1059F000E36C3B43E364EBE7E36C0133E364E7E729
:105A0000A36A53B14FF0500383F31188BFF36F8F34
:105A1000BFF34F8FFEE70020DDE71B4B1B6803BB86
:105A2000251D2846FEF730FDE06A184B184A8640CF
:105A300000EB800002EB80001A68294616431E60C6
:105A4000FEF7FCFC134BE26A1B68DB6A9A42C1D981
:105A5000069B13B1069A012313600F4B01221A60B3
:105A6000B8E70E4804F11801FEF7E8FCEAE7E36C3A
:105A70000133ADD04FF0500383F31188BFF36F8F24
:105A8000BFF34F8FFEE700BF909F0020B09F002024
:105A90002CA00020B8A00020A49F0020E89F002098
:105AA00008B5FFF7F3FA002008BD00BF10B5844623
:105AB0000B46BCF81020DCF80010BCF908C04068A8
:105AC00084B0BCF1840F14BF0CF1030400240094D3
:105AD00003AC0194FFF7C8F901280CBF039800201C
:105AE00004B010BD08B5EFF3058333B1FFF7B2FA88
:105AF000062806D8033800B208BDFFF797FA062833
:105B0000F8D9842008BD00BF08B5012838BF01209E
:105B1000FFF754FC002008BD00B5002385B0CDE997
:105B20000233EFF30583BBB102AB0093012203AB59
:105B3000FFF728FF012815D1029B4BB14FF0E0235E
:105B40004FF08052C3F8042DBFF34F8FBFF36F8F18
:105B5000039805B05DF804FB03AB0122FFF79CFE40
:105B60000128F5D04FF00040F3E700BF012910B540
:105B700002D00024204610BD084603220021FEF773
:105B80005FFD04460028F5D000231A461946FEF7AB
:105B900079FD204610BD00BF00B583B000230193FE
:105BA00010B3EFF30582AAB101AA1946FFF778F8FE
:105BB000012815D1019B8BB14FF0E0234FF08052AB
:105BC000C3F8042DBFF34F8FBFF36F8F002003B0D6
:105BD0005DF804FBFEF78AFF012801D10020F6E7FB
:105BE000FF2003B05DF804FB802003B05DF804FBE8
:105BF00000B583B000230193EFF30583A3B101A99E
:105C0000FEF764FE012815D1019B4BB14FF0E02354
:105C10004FF08052C3F8042DBFF34F8FBFF36F8F47
:105C2000002003B05DF804FB1A461946FEF72AFD72
:105C30000128F5D0FF2003B05DF804FBD0E9000196
:105C40000022FEF7FDBC00BF10B584B00024019116
:105C50000394EFF30583ABB1234603AA01A9FEF732
:105C6000D3FD012816D1039B4BB14FF0E0234FF039
:105C70008052C3F8042DBFF34F8FBFF36F8F002006
:105C800004B010BD012A38BF012201A9FEF7FAFCB9
:105C90000128F4D0FF2004B010BD00BF30B50B4682
:105CA00085B00021CDE9021304468BB30091EFF3D8
:105CB000058199B902A918461546FEF75DFE01282F
:105CC00029D02A1E18BF01229201019204AB13E9C8
:105CD000070084E80700204605B030BD18466A4634
:105CE00002A9FEF7DDFFA0F10100B0FA80F0400943
:105CF000009B00010190002BE8D04FF0E0234FF013
:105D00008052C3F8042DBFF34F8FBFF36F8FDDE7D1
:105D100080230193DAE710230193D7E708B5FFF753
:105D200091FC012800D108BDBDE80840F7F712B882
:105D300010B4154B1A461B688342FBD35468416864
:105D400002EB040C604513D04418A34206D0036054
:105D5000824218BF10605DF8044B70470B4C2468FA
:105D6000A342F4D0D3E90034214403604160EFE75B
:105D70002144501883425160EDD1044800688342A9
:105D8000E9D01046EEE700BFCCA00020C8A000205C
:105D90002DE9F8433E4E0446FFF7B4F93368002B73
:105DA00058D03C4B1D682C422ED16CB304F1080135
:105DB00060071CBF21F00701083129B3DFF8E88034
:105DC000D8F800708F421FD33348046803E023687B
:105DD00023B120461C4662688A42F8D33368A34246
:105DE00012D0531A2668D0F800900660102B16D9EE
:105DF000601842070ED04FF0500383F31188BFF3B1
:105E00006F8FBFF34F8FFEE7FFF7C8FA00263046CB
:105E1000BDE8F88343606160FFF78AFF62681F4B4B
:105E20001968BF1A8F4238BF1F602A430023C4E994
:105E3000003209F10806C8F80070FFF7AFFA7307DF
:105E4000E5D04FF0500383F31188BFF36F8FBFF39A
:105E50004F8FFEE7124B134A10490E4F5D0718BFD4
:105E600007330D4D22F0070218BF23F007032B6004
:105E70001846D31A0B600C4932600B600021696030
:105E80004FF00045C2E900113D60C0E900238AE7F8
:105E9000C8A00020BCA00020CCA00020C0A00020F2
:105EA00000000010F8FF0010C4A00020D0B11A4A72
:105EB00050F8043C126813420BD050F8081C91B102
:105EC0004FF0500383F31188BFF36F8FBFF34F8FF1
:105ED000FEE74FF0500383F31188BFF36F8FBFF3DA
:105EE0004F8FFEE7704700B523EA020383B040F806
:105EF000043C0190FFF706F9084A0198116850F830
:105F0000043C08380B441360FFF712FF03B05DF840
:105F100004EBFFF743BA00BFBCA00020C4A00020E0
:105F2000014B1868704700BFC0A00020A0B1D0F896
:105F3000B83213B10023C0F8B832D0F8CC3213B164
:105F40000023C0F8CC3209B1C0F8B412012380F8A4
:105F50009C320270F8F79EBC0320704730B583B0C6
:105F60000024ADF8064059B18B6AC0F8B812054656
:105F70000DF106009847C5F8CC02204603B030BDAD
:105F8000032003B030BD00BFF8F7C0BCD0F8B83272
:105F90000BB11B6818470320704700BF08B5D0F845
:105FA000B8320BB15B689847002008BD38B504468D
:105FB00000F2AA25284600F089FB94F8AA12B4F84A
:105FC000B022C4F898220123C4F8943201F01F03D0
:105FD000012B0ED0022B06D08BB929462046BDE8F6
:105FE000384000F0F9B829462046BDE8384000F0B6
:105FF000CBBA29462046BDE8384000F08FBA20468B
:1060000001F08001BDE83840F8F7A6BC10B50446A1
:1060100031B91346D0F89422032A0ED0002010BDC7
:10602000D0F8B8329B6933B190F89C22032A02D190
:10603000BDE810401847032010BDD0E95712914227
:106040000DD8D0F8B8321B6923B190F89C22032AEE
:1060500000D19847204600F0A5FB0020DFE7891A11
:106060008A4228BF0A46C0F85C11194600F092FB2C
:10607000D4E700BF70B5044669B91346D0F894223E
:10608000022A15D094F8A032012B02D1002384F803
:10609000A032002070BDD0F8B8325B6933B190F8FF
:1060A0009C22032A02D1BDE870401847032070BD2E
:1060B000D0E90726B2420D4610D81ED0D4F8B83227
:1060C000DB681BB194F89C22032A13D08021204660
:1060D000F8F742FC204600F071FBD3E7921BC26147
:1060E000194600F041FB2B462A4629462046F8F780
:1060F00077FCC7E720469847E8E783699A42DDD8EE
:10610000D0F898229342D9D20A4600F02DFBC4F869
:106110009852E8E7D0F8BC320021012270B504465D
:1061200080F89C22C0F894124160C0F8A4121BB100
:10613000D0F8B8325B689847002240251146012606
:1061400040232046F8F7EEFBA4F86461C4F86051E0
:106150002B46002280212046F8F7E4FB0020A6848D
:10616000256270BD01740020704700BF90F89C222A
:1061700080F89D22042380F89C320020704700BFE5
:1061800090F89C32042B04BF90F89D3280F89C322A
:106190000020704790F89C22032A01D0002070470D
:1061A00008B5D0F8B832DB6903B19847002008BDC4
:1061B000002070470020704700207047D0F8B822B8
:1061C000012180F89C122AB108B5526801799047E4
:1061D000002008BD0020704730B50B7803F0600345
:1061E000202B83B00D46044628D0402B26D05BB12F
:1061F00080212046F8F7B0FB00212046F8F7ACFBE1
:106200000025284603B030BD4B78092BF0D801A2F9
:1062100052F823F085620108AD620108F1610108BE
:10622000CB620108F1610108D36201080D63010826
:10623000F1610108416301084F620108D4F8B832E6
:106240009B682946204603B0BDE83040184789784E
:10625000B14D0129297000F2318190F89C32022B56
:1062600000F01381032B00F0EE808021F8F774FB1F
:1062700000212046F8F770FB29782046FFF78EFEB4
:106280000325BEE790F89C32013B022BB0D8CA88A8
:10629000022AADD1D0F8A4320146002B0CBF012355
:1062A000032341F80C3F00F051FAA9E790F89C3223
:1062B000013B022B9CD84B88012BA1D10023C4F8B1
:1062C000A432204600F06EFA9AE74B88012B97D152
:1062D000F5E78B88002B8BD1CB88002B88D14B889E
:1062E0007F2B85D890F89C22032A81D0DDB280F8DC
:1062F0009E522946F8F75CFB204600F053FA002D29
:1063000000F0FC80022384F89C3279E74A88130A63
:106310000021013BADF80610062B3FF669AF01A145
:1063200051F823F0E5630108CB630108B963010864
:10633000F1610108F1610108A363010867630108C5
:10634000CA88012A7FF454AF90F89C32022B00F2E5
:10635000AE80002B3FF44CAF0146002341F8083FCC
:1063600000F0F4F94CE7037C002B7FF441AFD0F848
:10637000B8320DF106001B6B984707234370EB887A
:10638000002B9ED0BDF80620002A3FF431AF9A4280
:1063900028BF1A4601462046ADF8062000F0D6F97F
:1063A0002EE7037C002B7FF423AFD0F8B8320DF139
:1063B00006005B6B9847E2E7D1B2052900F2A280A4
:1063C000DFE801F03B352F231829027CD0F8B832E2
:1063D000002A40F085809B6A0DF106009847022351
:1063E0004370CCE7D0F8B432007C1B680DF1060195
:1063F0009847C4E7D0F8B4325B69002B3FF4F8AE9D
:10640000207C0DF106019847B9E7D0F8B4321B693A
:10641000002BF5D1ECE6D0F8B4329B69002BEFD11C
:10642000E6E6D0F8B432DB68002BE9D1E0E6D0F83C
:10643000B4329B68002BE3D1DAE6D0F8B4325B6863
:10644000002BDDD1D4E6002940D0416801293FF47A
:1064500038AFC9B2FFF7A2FD297861602046FFF787
:1064600095FD054600283FF42CAF80212046F8F723
:1064700073FA00212046F8F76FFA21792046FFF7DA
:106480008DFD022384F89C32BBE600293FF419AF4E
:1064900001214160FFF77AFD054640B38021204687
:1064A000F8F75AFA00212046F8F756FAA9E6032B26
:1064B0007FF49EAE011D00F049F9A1E68021F8F7B6
:1064C0004BFA00212046F8F747FAD9E6022380F874
:1064D0009C324160FFF762FD204600F063F98FE6D1
:1064E000DB6A0DF1060098470223437047E7204618
:1064F00000F058F9032384F89C3281E6012384F8E4
:106500009C327DE6D0F8B8329B6B002B3FF470AE26
:106510000DF10602984732E7D4A0002070B50B7841
:106520005A060D4604460DD503F06002402A09D0F4
:106530008021F8F711FA00212046F8F70DFA00261D
:10654000304670BD94F89C32013B022B12D82B7957
:10655000012B0FD8D4F8B83229469B6820469847BB
:10656000EB880646002BEBD10028E9D1204600F04D
:1065700019F9E5E780212046F8F7EEF900212046D9
:10658000F8F7EAF9DBE700BF70B50B788A8803F00B
:106590006003202B0C4605463AD0402B38D04BB137
:1065A00080212846F8F7D8F900212846F8F7D4F9D1
:1065B000002070BD6378012BD1B242D0032B2FD0C5
:1065C000002BEDD190F89C32022B58D0032BE7D151
:1065D00001F00F0303EB8303120600EB83035DD48A
:1065E000B3F86431002BDBD0142404FB010404F560
:1065F000AA7400295FD02846F8F7C6F9002860D0B1
:106600000123236002222146284600F09FF8CFE7AD
:10661000D5F8B832214628469B68BDE87040184737
:1066200090F89C32022B21D0032BB9D1638823B977
:106630004A0602D0E388002B45D0284600F0B2F885
:10664000B6E790F89C32022B10D0032BA8D16388B8
:10665000002BADD14E0631D1284600F0A3F8D5F875
:10666000B83221469B6828469847A1E74B0697D049
:10667000F8F772F980212846F8F76EF998E748068E
:106680008ED111064CBF05F1140105F5AA71002346
:106690000B600222284600F059F889E79B8C002BFA
:1066A0003FF47EAF01F07F04013404EB84048029C1
:1066B00000EB84049FD100232360A3E7F8F758F987
:1066C000CAE720609EE7F8F747F9B6E70B78037052
:1066D0004B7843704B8843808B888380CB88C38002
:1066E000704700BF10B580210446F8F735F9204601
:1066F0000021BDE81040F8F72FB900BF08B370B50E
:1067000003780E4614460546E3B10130E9F738FE3A
:10671000431CDBB201335B00DAB223800323327007
:1067200073702C7864B12846022300215A1CD2B21F
:10673000F454B15410F8014F0233DBB2002CF5D100
:1067400070BD704702221346E7E700BF08B5134645
:106750000A460221C0E90633C0F894120021F8F776
:1067600033F9002008BD00BF08B513460A460021D2
:10677000F8F72AF9002008BD08B513460A46032198
:10678000C0E95633C0F894120021F8F729F9002027
:1067900008BD00BF08B513460A460021F8F720F9E6
:1067A000002008BD08B504220023C0F89422194631
:1067B0001A46F8F709F9002008BD00BF08B5052200
:1067C0000023C0F8942219461A46F8F709F9002068
:1067D00008BD00BFD0F8C03283B110B5D0F8BC42BC
:1067E00094F84000FF2807D09B6894F84120214688
:1067F0009847FF2384F84030002010BD00207047E8
:106800006A23038000487047180A00200A23038087
:1068100000487047C00A0020012970B5D0F8BC625A
:1068200004460D4615D0032911D168362946204665
:10683000F8F7E2F8D4F8BC32706043B1D4F8C03253
:106840002A46DB68311D00209847002070BD0320D8
:1068500070BD5036EAE700BF38B5D0F8BC52D0F86A
:10686000C4427DB301EB810200EB82028C46936946
:106870004BB1C1EBC10E04EB8E04246CB3FBF4FEF0
:1068800004FB1E333BB1BCF1010F09D0BCF1030F77
:106890000FD0002038BD93611A46F8F795F8F8E755
:1068A000094B0022186885F84C200321FFF7CCF92A
:1068B000EFE7054B0022186885F864200421FFF7F4
:1068C000C3F9E6E7032038BD6CE4002070B582B060
:1068D0000B78D0F8BC6200228DF80520ADF80620B8
:1068E00013F060020C4605461AD0202A06D028462E
:1068F0002146FFF7F7FE032002B070BDCA8891F869
:1069000001C05AB31B064AD5D5F8C03231469B6840
:1069100060469847E28831462846FFF717FF22E095
:106920004B780B2BE3D801A252F823F06D690108D4
:1069300067690108EF680108EF680108EF6801085E
:10694000EF680108EF680108EF680108EF680108C7
:10695000EF6801088B69010881690108D0F8C0322D
:1069600060469B689847002002B070BD90F89C324A
:10697000032BBCD102220DF10601FFF7E7FEF2E77F
:1069800090F89C32032BEED0B1E790F89C32032BA9
:10699000ADD101220DF10501FFF7D8FEE3E786F83E
:1069A00040C086F841203146FFF7E6FEDBE700BF36
:1069B00038B5044600258121F7F7C2FF012125875C
:1069C0002046F7F7BDFF8221A4F878512046F7F75B
:1069D000B7FF8321E5642046F7F7B2FF0321A4F84F
:1069E00060502046F7F7ACFFD4F8BC32A4F8A051B1
:1069F0004BB1D4F8C0325B689847D4F8BC02EBF7CF
:106A0000FFFAC4F8BC52002038BD00BF70B5044680
:106A10007420EBF7EDFA0546C4F8BC02C8B30126B2
:106A20004023022281212046F7F77CFF3146402394
:106A3000268702222046F7F775FF1022A4F84E2081
:106A40004023A4F87861022283212046F7F76AFFE9
:106A500040230222A4F8606003212046F7F762FF7A
:106A6000032282210823A4F8A0612046F7F75AFFE9
:106A7000D4F8C032A4F84C601B689847002385F80E
:106A80004C3085F8583085F8643085F870301846F9
:106A900070BD022070BD00BF6A23038000487047AC
:106AA000180A00206A23038000487047180A002053
:106AB00019B1C0F8C012002070470320704700BF12
:106AC00038B5D0F8BC426CB1812B9C460DD0832BDD
:106AD00008D194F864305C3403F0FF0563B10125FC
:106AE000284638BD0325284638BD94F84C30443438
:106AF00003F0FF05002BF2D113460A4661464FF022
:106B0000010C84F808C0F7F75FFF284638BD00BFC6
:106B100010B5D0F8BC423CB18C46194613466246CB
:106B2000F7F75EFF002010BD032010BDF0B504464E
:106B300085B00F461D4602B1106094F828301BBB8B
:106B400002AE95E8030004F1200383E8030097E810
:106B5000030004F1180282E803006068022284F84E
:106B60002820026804F10F031568236103930D4B7D
:106B700004F10C02CDE9003402926B46314604F177
:106B80000802A84705B0F0BD03238DF808302B6834
:106B90003A68039202AE002BD3D096E806006868EC
:106BA0009847CEE7CD7101082DE9F04788B002ACD7
:106BB00084E80600DDF840A08846914605460E466A
:106BC00003B1186095F82830002B76D106ACA9EBFC
:106BD00008077F2F0CD9DAF80030CDF81C8003228B
:106BE0008DF8182023B194E80600DAF804009847DD
:106BF0009AE8030005F1200383E80300FAB2AA2310
:106C00002B736A7305F10C030820E8214FFA81FC0D
:106C10004900BCF1000F00F1FF30C9B2B8BF81F0EC
:106C2000370110F0FF00F1D14A40082150B2520064
:106C3000002801F1FF31D2B2B8BF82F0370211F063
:106C4000FF01F3D1C5E90689AA73002F46D0474456
:106C500041F2373243F6655096F800C008210136FC
:106C600082EA0C220FFA82FC5200BCF1000F01F103
:106C7000FF3192B2B8BF424011F0FF01F2D1BE42E3
:106C8000EAD1110AD2B26868E9732A7402680693DD
:106C90001668144A049205F10F0304AA022185F82C
:106CA000281007936B61009294E80600059505F1A2
:106CB0000803B04708B0BDE8F087DAF80030CDF837
:106CC0001C8003228DF8182006AC002B3FF47FAF08
:106CD00094E80600DAF80400984778E73722132191
:106CE000D1E700BF656F01084268816870B414681D
:106CF0000123646880F828302848844242D15068D3
:106D00009168056882F828306D68A54237D14268DD
:106D10008168146880F828306468AC4232D15068C9
:106D20009168056882F828306D68A54227D14268CD
:106D30008168146880F828306468AC4222D15068B9
:106D40009168056882F828306D68A54217D14268BD
:106D50008168146880F828306668AE4216D154689D
:106D60009168206882F828304268B24212D1D4E992
:106D70000101026884F8283070BC536818472B461C
:106D800070BC18472346104670BC1847334610465F
:106D900070BC1847204670BC104700BFE96C010862
:106DA0004268816870B414680123646880F82830F0
:106DB0002848844242D150689168056882F828309A
:106DC0006D68A54237D142688168146880F8283020
:106DD0006468AC4232D150689168056882F8283006
:106DE0006D68A54227D142688168146880F8283010
:106DF0006468AC4222D150689168056882F82830F6
:106E00006D68A54217D142688168146880F82830FF
:106E10006668AE4216D154689168206882F82830BE
:106E20004268B24212D1D4E90101026884F82830E4
:106E300070BC536818472B4670BC18472346104651
:106E400070BC18473346104670BC1847204670BCCB
:106E5000104700BFA16D010870B5034688B002A8B5
:106E600080E8060093F828209DF80810039C012A6A
:106E70002BD0D9B95D69AC4235D3022A5CD0032A44
:106E800042D0042A1FD1D3E90724586A83F8281076
:106E9000C3E908118DF818100792A4B108AB13E9E3
:106EA0000600234608B0BDE8704018471C6A9D697B
:106EB000586A8DF818100022C3E9082283F82820A8
:106EC0000795002CEAD108B070BD1C6A9D69586A0C
:106ED0008DF818200021C3E9081183F828100795C0
:106EE000002CDBD1EFE75868026816681C4A049250
:106EF00004AA00920694079508AA059312E90600D1
:106F00000833B04708B070BD5868016803F111023A
:106F10000C685A61042183F8281003F10F050792C9
:106F20000F49069504AA009208AACDE9041312E9B4
:106F300006000833A047C6E75868DD690168084ABB
:106F40005D61032483F828400C68069206A900912D
:106F500003F11802079306CA0833A04708B070BDB2
:106F6000656F010800B585B0EC468CE806008646E2
:106F70009CE8030002AB83E8050093E80600704636
:106F800005B05DF804EBFFF767BF00BFF0B587B051
:106F90006B4683E8060090F828109DF80030012920
:106FA000044600F08380002B5DD1036993426ED8C4
:106FB000022900F09F80032900F08680042973D104
:106FC000D0E90550002D00F0DA8000EB050C0746F3
:106FD00041F2373343F6655617F8012B83EA022353
:106FE000082219B25B00002902F1FF329BB2B8BF40
:106FF000734012F0FF02F4D1BC45EDD1227B43F681
:10700000655683EA0223082219B25B00002902F1C7
:10701000FF329BB2B8BF734012F0FF02F4D1627B23
:1070200043F6655683EA0223082219B25B00002961
:1070300002F1FF329BB2B8BF734012F0FF02F4D1ED
:10704000002B40F09F80266A84F8283005448DF894
:107050001030606A0595C4E908332EB306AB13E916
:10706000060033460FE0056A81698DF81030002272
:1070700080F828200591406AC4E90822A5B106AB32
:1070800013E906002B4607B0BDE8F04018474068FA
:1070900001680D6804924C4A0593CDE9022402ABC5
:1070A00004F1080204A9A84707B0F0BD056A826987
:1070B0008DF81010002380F828300592406AC4E94A
:1070C0000833002DDBD1EFE74068016804F10E03BF
:1070D00004220D68236184F8282005933A4B04F1BB
:1070E0000802CDE902340C3402AB049404A9A84789
:1070F00007B0F0BD037BAA2B20D190F90D30457B62
:10710000002B36DB00F10C06304604F10F0742235A
:1071100010F8012B5340082259B25B00002902F1FC
:10712000FF32DBB2B8BF83F0370312F0FF02F3D1B6
:10713000B842EDD183B31546032105E00D4600F1B9
:107140000C06012100F10F0731442A463046E9F7C9
:1071500001FD606803682E441D681B4B029603976F
:10716000CDE9043404F1080204AB02A9A84707B032
:10717000F0BD012500F10C0600F10F07E4E741F234
:1071800037333BE76068016804F10F0302220D68A2
:1071900084F828202361A0E7D4E906320320D21A1C
:1071A000954284F82800606828BF1546AA4294BF1B
:1071B00099185919026865611D4425611568029383
:1071C0000391014BCCE700BFCD71010800B585B03C
:1071D000EC468CE8060086469CE8030002AB83E898
:1071E000050093E80600704605B05DF804EBFFF774
:1071F000CDBE00BF10B40346EFF3108172B60A4A49
:10720000106860B1094C24680344A34294BF136022
:107210004FF0FF3081F310885DF8044B704704484D
:1072200000681060EEE700BFD8A00020CC0A002064
:10723000D00A0020F5EEC00ADFED677AF1EE10FA11
:1072400060EEA77AB5EEC00A4CDBF1EE10FA2BDB4C
:10725000B4EEE70AF1EE10FA7AD570EE276AB7EECF
:10726000007A77EEC07A37EE667AB6EE006A37EECD
:10727000677A27EE067A77EE277A77EEA66AF5EE3A
:10728000C07AF1EE10FA06DBB7EE006AF4EEC67AC9
:10729000F1EE10FA45D900230370C0ED016A80EDCC
:1072A000027AC0ED037A7047B1EE677AB4EEC70A8E
:1072B000F1EE10FAD1D59FED496AB7EE007AA0EE53
:1072C000C67AB1EE400A30EE670AF6EE007A37EE83
:1072D000407A27EE277AF0EE476AE0EE866A76EE8D
:1072E000807ACCE7F1EE10FA5CDBB1EE677AB4EEAF
:1072F000C70AF1EE10FA40D5B1EE407A37EE677A60
:10730000F7EE006A30EE670A76EEC76AF6EE007AAC
:1073100076EEC06A66EEA76A76EE877A37EE807AF6
:10732000ADE7B5EEC07AF1EE10FAB4DBB4EEC67A92
:10733000F1EE10FAAFD8F5EEC06AF1EE10FAAADB62
:10734000F4EEC66AF1EE10FA94BF01230023A3E71E
:1073500030EE670AF7EE007A9FED206A77EEC07A8A
:10736000B6EE007AE0EEC67A67EE877A37EE807A7C
:10737000F0EE476AE0EE866A81E79FED196AB7EEA4
:10738000007AA0EEC67A30EE270AF6EE007A37EEE3
:10739000407A67EE277A77EE806AB0EE667AA0EEE2
:1073A000867A6CE7B4EEE70AF1EE10FAA4D577EE30
:1073B000C07AF7EE006A9FED0A6A76EEE76AB6EEEB
:1073C000007AE0EEC66A66EE876AB0EE667AA0EEF4
:1073D000867A77EE277A52E73ACD133F3ACD933F3C
:1073E0003ACD93BFF0EEC07AF0EEE06AF4EEE76AD1
:1073F000F1EE10FA9FED2E6AB0EE407A2BDC3FD50D
:1074000077EE867ADFED2B4A9FED2B5ADFED2B5A74
:1074100086EEA76ADFED2A7A66EE066AA6EEA45A21
:10742000E6EE855A66EEA56AA6EE266A37EEC60A2D
:10743000F5EEC00AF1EE10FA48BFDFED227AB5EEA4
:10744000C07A48BF37EEC00AF1EE10FA00D4704798
:10745000B1EE400A704776EE866ADFED165A9FED70
:10746000166A87EEA60ADFED156A60EE007AA7EECF
:10747000A56AE6EE276A67EEA67AA0EE270AD7E7A6
:1074800036EE866A9FED0B5ADFED0B5AC6EE867A12
:10749000DFED0A6A27EEA76AE6EE055AE5EE866A90
:1074A00066EE866AE6EEA77AB0EE670AC0E700BF2E
:1074B0000000800016733EBD4423233E2CBEA7BEB1
:1074C000DB0FC93FDB0F49402DE9F8430F4D8046E4
:1074D000F7F7EAFF6F6A0446F7F7E6FF8442F7D151
:1074E0004FF47A79094E09FB0477F7F7DDFF756AE7
:1074F0000446F7F7D9FF8442F7D1ED1B09FB045589
:10750000454501D200BFF0E7BDE8F8830020004008
:10751000DFED1F7AB5EEC00A60EE277AF1EE10FAC1
:10752000BDEEE77A04D517EE103A013B07EE103AAC
:10753000B8EEC77ADFED176A77EEC77A67EEA67AFC
:10754000BCEEE77A17EE103A9BB2B3F5007F1AD281
:1075500007EE103AB8EE477A591C77EEC77A0E4A12
:10756000B7EE000A02EB830302EB810230EE670AFA
:10757000D3ED006A92ED007A20EE260A67EE877A54
:1075800030EE270A704777EEE67A01210023E6E71E
:1075900083F9223E00000044F4C403089FED217AE1
:1075A00020EE070AF5EE007A30EE270AB5EEC00AA3
:1075B000F1EE10FAFDEEC07A04D517EE903A013BD9
:1075C00007EE903AF8EEE77ADFED176A70EE677A29
:1075D00067EEA67ABCEEE77A17EE103A9BB2B3F5E7
:1075E000007F1AD207EE103AB8EE477A591C77EEB0
:1075F000C77A0E4AB7EE000A02EB830302EB810260
:1076000030EE670AD3ED006A92ED007A20EE260A8A
:1076100067EE877A30EE270A704777EEE67A012127
:107620000023E6E783F9223E00000044F4C4030887
:10763000B4EE400AF1EE10FA6CBF01200020704752
:1076400010B4EFF3108172B60D4A0E48D2F85841CB
:10765000D2F808240023C4F8C030C2F8C0300A4B66
:107660001B680022DA634FF0010C41F2010280F83E
:1076700000C01A6481F310885DF8044B704700BFA6
:10768000E00E002005A100208C9100200F4A38B5A3
:107690001178EFF3108072B60D4B00241B68147044
:1076A00041F20102DC631A6480F3108861B1094D74
:1076B0002146D5F8580100F095FED5F8080421467A
:1076C000BDE8384000F08EBE38BD00BF05A10020E7
:1076D0008C910020E00E002070B51949194D1A4A0E
:1076E000AA624FF4803000230126C5E9001084B05F
:1076F00010222846AB602E61AE612B62EB62EB601C
:10770000EA612E636E61F7F7E7FE90B904460296D0
:1077100000946946013428460194F8F753F840B9BB
:10772000102CF5D1094907482246F7F77FFF04B02E
:1077300070BD074B012283F8CC2204B070BD00BF9E
:1077400000200140009A00200100000FDCA0002072
:1077500040E1002082B002AB03E903006649BDF8B6
:107760000430884212D06549884206D06449884274
:107770005AD04FF6FF7002B07047012B52D0022B47
:107780004FF6FF7008BF092002B07047202B00F2AF
:107790009180002BEDD0013B1F2BEAD801A252F8BB
:1077A00023F000BFD9780108D57801087377010864
:1077B000D17801087377010873770108737701089E
:1077C000CD78010873770108737701087377010892
:1077D00073770108737701087377010873770108DD
:1077E000C978010873770108737701087377010876
:1077F00073770108737701087377010873770108BD
:1078000073770108737701087377010873770108AC
:10781000737701087377010873770108737701089C
:10782000C57801080820A6E7013B1F2BA1D801A2BB
:1078300052F823F0ED780108F17801087377010818
:10784000E9780108737701087377010873770108F5
:10785000E5780108737701087377010873770108E9
:10786000737701087377010873770108737701084C
:10787000E1780108737701087377010873770108CD
:10788000737701087377010873770108737701082C
:10789000737701087377010873770108737701081C
:1078A000737701087377010873770108737701080C
:1078B000DD780108402B1DD0802B4FF6FF7008BFEC
:1078C000072058E7052056E7042054E7032052E735
:1078D000022050E701204EE700204CE70F204AE746
:1078E0000E2048E70D2046E70C2044E70A2042E737
:1078F0000B2040E706203EE7000002400004024063
:107900000008024000B583B06B4683E8030093E8AB
:107910000300FFF71FFF0F2809D8074B33F810307B
:1079200000EE103ABBEECA0A03B05DF804FBBFEEEE
:10793000000A03B05DF804FBDCA0002000B585B0B0
:107940006A4682E8030092E8030002AB83E8030082
:10795000FFF700FF0F280DD8094BDFED0A7A33F847
:10796000103000EE103ABBEECA0A20EE270A05B02E
:107970005DF804FB9FED040A05B05DF804FB00BF51
:10798000DCA0002033335340333353C00F2807D8D3
:10799000054B33F8103000EE103ABBEECA0A7047C0
:1079A000BFEE000A704700BFDCA0002007EE900A7F
:1079B0009FED047A044BF8EE677A67EE877AC3EDA1
:1079C000007A70473333113CD40A002038B56F4B2E
:1079D000D3F8582192F89C102DED048B002952D039
:1079E00092ED308ADFED6A7A38EE278AD3F80834D0
:1079F00093F89C201AB1D3ED307A38EE278A654D82
:107A000005F5804494F8A831002B3FD0D4ED699A55
:107A1000F5EEC09AF1EE10FA40F39B8094ED687A8F
:107A20005D4BF1EE487A77EEC77A93ED009A94F8C1
:107A3000B43167EEA97AC7EE898A43B194ED6E7AC4
:107A4000D4ED6F7AB4EEE77AF1EE10FA71D4B0EEBD
:107A5000680AFFF7EDFD002840F09080DFED4F7AD7
:107A6000F4EEE78AF1EE10FA5DDAF5EEC08AF1EE97
:107A700010FA48BFDFED468A29EE289A89EE297A66
:107A800038EE078A06E09FED428AAFE7DFED408AD5
:107A9000B0EE687A424BD5ED115AD3ED007AD4EDB1
:107AA000706A404A38EE676AF4EEC86AE5EE867A94
:107AB000F1EE10FA82ED007AC3ED007A51D4D4EDE4
:107AC000717AF4EEC87AF1EE10FA24DCF7EE007A5F
:107AD00077EEE87AB0EE677ABEEECA7A17EE104A11
:107AE000A4F1280525EAE575631B272B41D9EFF39F
:107AF000108272B62C4B1B7843B12C4B1B680021B3
:107B0000D96341F201011964DD631C6482F31088BA
:107B1000BDEC048B38BDBDEC048B1E48BDE838407D
:107B2000082104F0CFBE224B0122F0EE678A1A70C2
:107B3000A2E779EE476A77EEC77A86EEA77AB5EEC6
:107B4000C07AF1EE10FA48BF9FED117A78EE878A7D
:107B50007DE7BDEC048B28468021BDE8384004F069
:107B6000B1BEBDEC048B0B48BDE83840102104F0D9
:107B7000A9BE0848202104F0A5FEB8E7BDEC048B9F
:107B80000448BDE83840402104F09CBEE00E0020CF
:107B90000000000040A10020D40A00203333733FCE
:107BA00008A1002000A1002005A100208C91002048
:107BB00004A10020D0ED067AF5EEC07AF1EE10FABD
:107BC0000AD49FED0D7AF4EEC77AF1EE10FA07DDD4
:107BD0000A4BC0F8A83270470023C0F8A83270479B
:107BE0009FED077A67EE877AFCEEE77A17EE903A18
:107BF000C0F8A832704700BF300E034900B6F7FF47
:107C00000000FA4503680B43036070470000000062
:107C10002DE9F04F044641606381AB49AB4B2360D3
:107C20000C9BBDF9240022818946A08103F5405AAE
:107C30000F46B9E80F00DFEDA67A9FEDA61AC4ED56
:107C4000067A002504F1240EC4E904552577C4F80A
:107C50001E50AEE80F0099E8070040F2011B8EE8C5
:107C6000070084ED0E1AA4F83DB00FCF04F1400CCC
:107C7000ACE80F0099E807004FF001038CE807001B
:107C800084F8583064220A23C4E92023924BC4F8B4
:107C9000B030DFED921A0C9B9FED912A9FED913A47
:107CA000DFED913ADFED914A9FED915ADFED915A68
:107CB000C4F80031F2EE042A8F4B9FED907AC4EDA8
:107CC000131AB3EE044AC4E9225584ED142AC4ED14
:107CD000172A84ED183AC4ED193A84ED1A4AC4ED16
:107CE0001B4A84ED1C5AA4F8745084F87650A5679A
:107CF00084F87C50C4ED2D5AC4F804310A9BC4F8B2
:107D0000AC3002260B9BC4F8FC30C4E92455C4E90E
:107D10002655C4E92855C4F8A850C4ED2E7A84F835
:107D2000BC50C4ED307A84F8C450C4ED327AC4ED4E
:107D3000337A84F8D05084F8D450C4F8D850C4EDC5
:107D4000377AC4ED387AC4F8E460C4ED3A7AC4F8FE
:107D5000EC60C4ED3C7AC4F8F460C4ED3E7A84ED86
:107D6000427A84ED437A84ED447AC4ED457AC4EDD9
:107D7000467A0D9BC4F858310E9BC4F85C310F9BBA
:107D8000C4F86031109BC4F864319FED4D6B119BBA
:107D9000C4ED477AC4E95A3504F26D284FF4006304
:107DA000C4E94956C4E95C55C4E95E55C4E9605567
:107DB000C4ED487AC4ED4B7AC4ED4C7AC4F8346112
:107DC000C4ED4E7AC4ED4F7AC4F84061C4ED517AE7
:107DD000C4F84861C4ED537AC4ED557AC4F85061D3
:107DE000C4E96255C4E96455C4E96655C4E96855F7
:107DF000C4E96A55C4E96C55C4E96E55C4E97055C7
:107E0000C4E97255C4E97455C4E97655C4E9785596
:107E1000C4E97A55C4E97C55C4E97E55C4E9805566
:107E2000C4E98255C4F84032C4E9845584ED946BAA
:107E3000C4E98755C4E98955C4E98B55C4E98D5512
:107E4000C4E99655C4E9A055C4E9A255C4F818522E
:107E500084F86C62C4F83C5284F84452C4F8485226
:107E600084F84C52A4F86052C4F86452A4F86852E2
:107E7000C4F86D52C4F87152A4F87552C4F87882EF
:107E800084F87C52C4E9A4550A9BC4F8A852C4E9FA
:107E9000A655C4E9A8551C630B9B1C600D9BCAF832
:107EA000D848C3F884400E9B1C600F9B1C61109B3C
:107EB0001C61119B2046DC60BDE8F08FAFF30080B1
:107EC0000000000000000000409802081CBC0208EE
:107ED0000000000063141D44B0BE020800004843C7
:107EE0000000C843CDCCCC3EDB0F4940000020420F
:107EF0000000C842C74B6B4148C002080000807FA9
:107F00003E4BDFED3F3A9FED3F4ADFED3F4ADFED6D
:107F10003F5A9FED3F6A9FED3F7ADFED3F7A2DE9B3
:107F2000F04F00249E469A4600238446C0E904444C
:107F30000477836100F1240700F14005BEE80F00DB
:107F40008FB0E946A9E80F009EE8070089E807001E
:107F5000BAE80F000DF11C0B5E46ABE80F009EE87F
:107F6000070040F201138BE80700E846ADF819302E
:107F70004FF001038DF83430B8E80F00CDED053A2D
:107F80000FC798E807008DED0A4A87E807000FCE73
:107F9000CDED0B4A0FC596E807000A2385E80700D8
:107FA0006421CCE92013DCF80820DCF80430CCEDA7
:107FB000185AB2EE045AF3EE046ACCE92244CCE932
:107FC0002444CCE92644CCE928448CED175A8CEDA6
:107FD000196ACCED1A6A8CED1B7ACCED1C7AACF8E0
:107FE00074408CF876408CF87C40CCF8A840CCF8F3
:107FF0001E20CCF878300FB0BDE8F08F4098020812
:1080000063141D44000048430000C843CDCCCC3E5F
:10801000DB0F4940000020420000C84210B4C28B70
:10802000124C102A94BF04EBC2022246034692E887
:10803000030083B06A4682E80300198CC3F85C022F
:108040001029908888BF0949A3F8600298BF04EB03
:10805000C10103C982E803009288C3F86402A3F84F
:10806000682203B05DF8044B704700BF540E002037
:1080700010B50446C0F8A800FFF7D0FF2368134AE4
:108080001B68934214D1D4ED067AF5EEC07AF1EE76
:1080900010FA0BD49FED0E7AF4EEC77AF1EE10FAD7
:1080A0000ADD0C4BC4F8A832012010BD0023F9E70B
:1080B00020469847012010BD9FED077A67EE877A2A
:1080C000FCEEE77A17EE903AECE700BFB57B0108CB
:1080D000300E034900B6F7FF0000FA4538B50446F4
:1080E0000D46D0F8580100F045FAD4F85801294659
:1080F00000F036FDD4F860319A7AAAB11A7D5B7D22
:10810000934211D082B1D4F878321B780B2B0BD06C
:108110004FF4805104F51270FFF774FDD4F8480253
:10812000B0FA80F0400938BDD4F864319A7A002A58
:10813000F4D01A7D5B7D9342F0D0002AEED0D4F8C3
:1081400078321B780B2BE9D04FF4005104F51270F4
:10815000FFF758FDE2E700BF08B5037F2BB1D0F869
:10816000A82222B1013AC0F8A822012008BD4FF48C
:10817000006100F51270FFF745FD104608BD00BF15
:108180004068704710B5034B0360044610F0D6FA00
:10819000204610BD4CBC020810B5054B03600446D8
:1081A00010F0CCFA2046082110F082F8204610BDCD
:1081B0004CBC020810B5D0E9004114431943C0E992
:1081C000004110BD03680B430360704710B50446BF
:1081D000082010F043F90349034AC0E90014034999
:1081E00010F022FE4CBC02088581010838BC020850
:1081F000094B0A4A5B6A10B45B0014789BB25A1AA6
:1082000014B1C0E900138260C3685DF8044B934267
:1082100038BF1346C3607047001C00401C9000200C
:10822000DFED657A9FED656ADFED656A016087EED7
:10823000A77AF0B5634F4763634F8764634FC764A2
:10824000634F0765634F47650725634F069E0271BD
:10825000F0EE005A0021614A0562C360079D07677E
:108260004FF0FF4E059FC0ED0A5A4FF07E5C5C4B0D
:108270000761F2EE005A80ED020A01774262C0ED1A
:108280000B7AC0ED0C7A80F83810C2638265C26543
:1082900080F860104266A0F86C1046618561C0F8F5
:1082A00044E0C0F868C0C0ED105A80ED1E6AC0ED11
:1082B0001F6A9FED3F6BC0F8C83027EE277A203346
:1082C0000227C0F8CC300123C0E92111C0F874E0C6
:1082D000C0F8DCC0C0F88C10C0ED267AA0F89C1065
:1082E00080F89E1080F8AC10C0ED2C7AC0ED2D7A8D
:1082F000C0ED2E7AC0ED2F7AC0ED307AC0ED317A24
:1083000080F8E010C0ED397AC0ED3A7A80F8EC10D0
:10831000C0ED3C7AC0ED3D7A80F8F810C0ED3F7AB0
:1083200080F80011C0ED417A80F8081180F8101132
:1083300080F81C1180ED246B80F8281180F8301132
:1083400080F8381180F8441180F85011C0ED577A48
:10835000C0ED587AC0ED597AC0ED5A7AC0ED5B7A1B
:10836000C0ED5F7A80F8801180F88811C0ED617AE5
:10837000C0F89071C0F89C71C0F87021306280F82C
:10838000D830C0ED5D7AC0ED5E7AC0ED637AC0EDA5
:10839000657AC0ED667AC0ED687AC0ED697AC0F89A
:1083A0008000C0ED347A80ED357A2862F0BD00BFE0
:1083B000000000000000000000000000CDCCCC3D1B
:1083C000CDCC4C3E0AD7233D0000704200007A44D9
:1083D0000000C8420000F042000080FF0000204181
:1083E000F8BF020838B50C46EFF3108C72B60021C6
:1083F000036890F89C50A0F89C101B685A6C22F4FB
:1084000080425A645A6C22F400425A64C0F8A8119F
:108410008CF310881DB904B12570012038BDFFF719
:10842000D5FAF8E7D0ED0B7A90ED0C6AD0ED136A2F
:1084300090F8D83086EE277A67EEA67A27EE277A6C
:1084400023B1C0ED347A80ED357A70470123C0ED59
:10845000347A80ED357A80F8D8307047D0ED0B7AD9
:1084600090ED0C6AD0ED136A90F8D830027FC0F816
:10847000800086EE277A80F89E2067EEA67A27EEA7
:10848000277A2BB1C0ED347A80ED357A0120704720
:108490000123C0ED347A80ED357A80F8D8300120A0
:1084A000704700BF10B504469030FFF783FED4F844
:1084B00084009FED167A402100F51270FFF782FECE
:1084C000134BD3EDB77AF8EE677A67EE877AC4ED8F
:1084D000267AEFF3108C72B60021236894F89C0082
:1084E000A4F89C101B685A6C22F480425A645A6C9F
:1084F00022F400425A64C4F8A8118CF3108800B921
:1085000010BDBDE81040FFF761BA00BF6F1203391C
:1085100040E10020F8B505460C461646EFF31087FB
:1085200072B6124B93F8A83113B1114B1B7893B16B
:108530002B6822881B685A6362889A63A288DA6370
:1085400036B995F89C201AB15A6C42F480425A64AC
:1085500087F31088F8BD4FF400020023FFF7A2FF55
:10856000E6E787F3108810F021F800BF40E1002013
:1085700005A10020D0F8843090ED0F0AD3F85831CF
:1085800010B593F83820022A2DED028B044629D02D
:1085900093ED5D8AB4EEC80AF1EE10FAD8BFB0EEE2
:1085A000408AA06903689B68984760690368B4EED5
:1085B000480AF1EE10FAF0EE407A9B6894ED0F0A4B
:1085C00048BFB0EE678A9847B4EE408AF1EE10FAE1
:1085D000C8BFB0EE408AB0EE480A84ED5C8ABDECBC
:1085E000028B10BD074BDFED087A93ED008A28EE71
:1085F000278AB4EEC80AF1EE10FAD8BFB0EE408A6E
:10860000CFE700BFD40A00207CD8103F90F8383064
:10861000D0ED0D7A90ED5C7A032B67EE877A0ED061
:10862000F5EEC07AF1EE10FA14D490ED110AB4EE22
:10863000E70AF1EE10FA58BFB0EE670A7047D0F8BB
:10864000843093ED377A67EE877AF5EEC07AF1EEF3
:1086500010FAEAD5DFED017AE7E700BF000000007D
:10866000A2F5BA7C40F617539C4510B5044617D8BE
:10867000A2F5006307EE903A9FED0F7AD1ED316AD3
:10868000F8EEE77A012367EE877A91ED027A0371BB
:1086900067EEA67A67EE877AC0ED007A204610BDB5
:1086A00001F190004FF480620023FFF783FD002367
:1086B0002371204610BD00BF3333533A82B02DE9F9
:1086C000F04104468748D4ED1F7A456AD4F88460A7
:1086D0008AB0B1EE0E7A10A880E80C0067EE877AB7
:1086E000D4F8883094ED2F7A94F89D200133B4EEBD
:1086F000E77A6D00C4F88830F1EE10FA02F1FF332A
:108700000F46ADB294F8AC10DBB2C0F2A18094ED8C
:108710002C7AD4ED5E7AF0EEC76AF4EEE67AF1EEEA
:1087200010FA40F39580D4ED2D6AB0EEE66AF4EECF
:10873000C67AF1EE10FA40F38B8094ED2E5AB0EE2B
:10874000C56AF4EEC67AF1EE10FA40F38180012B8F
:1087500040F29D809DF84C30002B7BD0DDED105A0F
:108760009DED116ADDED127A75EEC75A77EEC57A86
:1087700036EE667A002900F0A480C4ED285A84ED14
:10878000297AC4ED2A7A584804F0C2F894F8AC303B
:10879000002B65D0D4ED297A94ED287AD4ED2A6A9D
:1087A000D4ED105A9FED516A67EEA77AE7EE077A8B
:1087B00094ED5C7AE6EEA67A37EE257A67EE867A55
:1087C00027EE077AB4EEE77AF1EE10FA6BD4D4F81C
:1087D000A8C1BCF1000F23D0454B1B680493DCF803
:1087E0000030D3F8048094F8AC3001228DF81420C6
:1087F000002B40D18DF8243003970AAA12E9070014
:108800008DE8070004AF97E80600069B6046C04766
:108810000B4650EA030103D002462046FFF742FE12
:10882000304B344A5B6A11785B009BB25A1B19B11A
:10883000C6E98753C6F82422D6F82832934238BFB7
:108840001346C6F828320AB0BDE8F04102B07047BE
:10885000012B1CD9002996D0002384F8AC3092E774
:1088600094F89C30002BB2D04FF080420023204679
:10887000FFF718FEABE7D4F8A0300693D4F8A43085
:108880000793D4F8A8308DF824200893B4E7002388
:10889000C4F8A030C4F8A430C4F8A83051B10132F3
:1088A00084F89D206FE74FF4805200232046FFF7A5
:1088B000F9FD8CE70123013284F8AC3084F89D2067
:1088C00061E70123C4ED285A84ED297AC4ED2A7AA0
:1088D00084F8AC3057E7294606F50770FFF788FCA7
:1088E0000FF064FE001C004040A10020ABAA2A3F0C
:1088F000D40A00201C90002082B030B430499DF88A
:108900001450496A02AC490084E80C00D0F8844055
:108910008AB2002D48D09FED2B3A90ED1F7AD0ED12
:108920002C5A90ED2D6AD0ED2E6A9DED024ADDEDB8
:10893000034A9DED045AC3EE077AF7EE003AF4EECF
:10894000637A34EE654A74EEC64A35EE665AF1EE45
:1089500010FAC8BFF0EE637AE4EE275AA4EEA76AD5
:10896000E5EE276A90ED2F7AC0ED2C5A37EE037AA8
:1089700080ED2D6AC0ED2E6A114B13495B6A80EDC4
:108980002F7A5B0008789BB2991A18B1C4E9832347
:10899000C4F81412D4F818328B4238BF0B46C4F80E
:1089A000183230BC02B07047DFED087AB0EE677A5B
:1089B000C0ED2C7AC0ED2D7AC0ED2E7ADCE700BF39
:1089C000001C00406F1203391C90002000000000C2
:1089D0005E4B5F4AF0B55E6AD0F88C30D0F8847098
:1089E000D0F8A8510133C0F88C3004468E4607CA2F
:1089F00089B0760000230DF1140C8CE80700CDE956
:108A00000333B6B2002D7AD06246D5F800C02846AE
:108A100003ABDCF808507146A8470B4694F89C104D
:108A2000B1B350EA030179D19FED4A6ADDED056AE1
:108A30009DED067ADDED077A66EE866A27EE067A08
:108A4000FCEEE66A67EE867A16EE903ABCEEC77ADE
:108A5000FCEEE77AADF8043017EE103AADF80630C8
:108A600017EE903A002201A92046ADF80830FFF732
:108A700051FD94F89C305BB19DF8103013B1DDEDE1
:108A8000037A0EE04FF0804200232046FFF70AFDF4
:108A90009FED317A0123F0EE477A8DED037A8DF860
:108AA000103094ED1C7AC4ED307AB4EEE77AF1EE32
:108AB00010FA1DDC94ED1D7AB4EEE77AF1EE10FAAF
:108AC00016D4FEF783FF214B244A5B6A11785B00C2
:108AD0009BB29A1B19B1C7E98B63C7F83422D7F848
:108AE0003832934238BF1346C7F8383209B0F0BD68
:108AF0004FF4800200232046FFF7D4FCE1E794F80E
:108B00009C30002BC4D022681268526C2B464FF464
:108B1000001002462046FFF7C5FCAAE72168096855
:108B2000496C11F40041F4D1042B08BF8842F0D104
:108B30000022012303928DF81030A0E7314607F59B
:108B40000B70FFF755FB0FF031FD00BF001C00401C
:108B50005C98020800C05A45000000001C900020EC
:108B600010B50446C068F4F7FDF9E068F4F7EAF9D7
:108B700080B1A06900F018FA20B1606900F014FA21
:108B800070B110BD4FF4003200232046FFF78AFC7D
:108B9000002010BD082200232046FFF783FCF7E7E2
:108BA0004FF4802200232046FFF77CFCF0E700BF53
:108BB00070B52DED028B90F88031022B044600F049
:108BC000D680012B00F0C080002B40F05C8190ED3E
:108BD0005F7AD4F89C31D4ED637A012B27EE277AA3
:108BE00000F0C0809FEDA96AF0EE467AD4F8845078
:108BF000D5F8583193F83820D3ED5C6A032A00F099
:108C0000D3809FEDA38A26EEC88AB4EE678AF1EE80
:108C100010FAC8BFF0EE487AB1EE488AF4EEC87A8E
:108C2000F1EE10FAD8BFB0EE678A032A00F0E880B0
:108C300093ED0D6AC7EE067A28EE487AA6EEA67A7C
:108C4000B5EEC07AF1EE10FA00F2A280F5EEC07A2D
:108C5000F1EE10FA00F10D81DFED8C8AF4EEE87A86
:108C6000F1EE10FAD8BFF0EE678A022A06D0002390
:108C700084ED688AC4ED698AC4F89C31854B5E6ACC
:108C800005F1B0007600B6B201F018F9814B8249C7
:108C90005B6A09785B009BB29A1B19B1C5E97763DF
:108CA000C5F8E421D5F8E831934238BF1346C5F83A
:108CB000E83194F88831022B00F0B480012B00F0E9
:108CC000D180002B40F0DF80D4ED616A94F86C20F5
:108CD00094F86D30002A00F0B88094ED0B6ADFED57
:108CE0006B7AD4ED0C5A26EE866AB0EE677AA8EE5F
:108CF000C67AE6EE087AA5EE887AE8EEA57A6BB138
:108D000094ED086AD4ED0D4A9FED645AB8EEC66A38
:108D100066EE856AC4EE865AE6EEA57AD4F884300B
:108D2000D3F8583193F83830022B04BF37EE087A65
:108D300078EEA77ABDEC028B002384ED657AC4ED52
:108D4000667AC4F8903170BDD0F87C31ABB193ED48
:108D5000007AD4F89C31D4ED637A012B27EE277A80
:108D60007FF440AFD4ED687A94ED696A3EE7D0F8BD
:108D70007C3113B11A68002A6ED04FF08052BDECDE
:108D8000028B04F190000023BDE87040FFF712BA97
:108D9000F1EEC78AB1EE687AB4EE677AF1EE10FAB6
:108DA000C8BFF0EE477A59E794F8600000283FF416
:108DB00028AFB0EEC66AF4EEC67AF1EE10FA4CBFF8
:108DC000D4ED195AD4ED1A5A9FED355A9FED358AD4
:108DD00036EE676A26EE888A26EE256AD4ED175AA3
:108DE000E6EE057AF4EE657AF1EE10FA48BFF0EEA1
:108DF000657AB4EEE78AF1EE10FA58BFB0EE678AF2
:108E0000D5ED377AD4ED165A93ED0D6AF4EE657A06
:108E1000F1EE10FA48BFF0EE657A26EE276AC7EE4B
:108E2000067A09E7D4F8843123B11A6812B9D3ED70
:108E3000016A4BE794F86C308BB994F86D3073B9D4
:108E40009FED127AF0EE477A68E7002BF8D0DFED5D
:108E50000F7AB0EE677A53E793ED017AB9E64FF0F7
:108E600000628CE7D4F88431002BE3D0D3ED006AA4
:108E70002CE7DFED0D8AF8E6314605F5EE70FFF7D9
:108E8000B7F90FF093FB0948FFF7A0F900000000C5
:108E9000A4707D3F001C00401C900020ABAA2A3F1C
:108EA0006F1203396666663F000000801C9F02084F
:108EB00008B5C3691B782DED028BB0EE408A2BB349
:108EC000D0E9053290ED047AD2ED007AD3ED006A54
:108ED00037EEC77A77EEE67AC7EE278A68EE808AA1
:108EE000F5EEC08AF1EE10FA15D4B0EE680AFEF77E
:108EF0009FFBDFED0A7A002818BFF0EE678AF4EED8
:108F0000C88AF1EE10FAD8BFB0EE688AB0EE480A0F
:108F1000BDEC028B08BDDFED018AF0E70000000028
:108F200010B504462DED028B8088FEF72FFDD4E9A5
:108F30000232DFED1B7A4AB103EB8202B3EC017A15
:108F4000A0EE277A9A42F0EE477AF7D194ED097AAB
:108F5000DFED146A94ED0A8A77EEC77AA7EEA67A57
:108F600077EE487A84ED097AA7EEA68AB0EE480A31
:108F700084ED0A8AFEF75CFB20B984ED048ABDEC1F
:108F8000028B10BDDFED067AB0EE678A84ED048AAD
:108F9000BDEC028BC4ED097AC4ED0A7A10BD00BFA6
:108FA000000000000BD7A33AC3691B7883B1836923
:108FB00090ED047AD3ED007AF1EE046A77EEA67AAA
:108FC000B4EEE77AF1EE10FAB4BF0120002070474A
:108FD0000120704730B500F12C05C0E902230D4C8B
:108FE0004561002300F13005C0E908330A4A818059
:108FF00004610A490A4C8561836200F1340501234A
:1090000000F1240EC5610460C162026380F834304F
:1090100030BD00BF0000C07F0000F0420000C84229
:10902000F4BD020870B5194B194DDFF870C0044645
:1090300093E8030082B06A4604F12C0682E803003C
:10904000A66004F14006256166614FF6FF7504F1E4
:10905000440600230421A580A6610E480E4DE16060
:1090600004F14806A1872064C4E9083392E80300AC
:10907000E661A3622560C4F844C084F84830FEF776
:1090800069FBA080204602B070BD00BF740E0020B6
:109090000000C07F0000C84208BE02080000F04285
:1090A00010B5828F094BC064102A98BF03EBC2032E
:1090B000044693E8030082B06B4683E80300FEF7A2
:1090C00049FB03460120A38002B010BD540E0020CE
:1090D00010B5828F084B102A98BF03EBC2030446D9
:1090E00093E8030082B06B4683E80300FEF732FB8F
:1090F000A08002B010BD00BF540E0020EFF310831B
:1091000072B6826807EE901A1268C0F89010F8EEF6
:10911000E77AA0F8EA10C0ED2B7A516283F3108849
:10912000704700BF038819430180704703680B43F1
:10913000036070472DE9F04782B08446816000F1FA
:10914000140400F10C0102A800E90C004E48CCF810
:10915000000081E80C000AAB93E803000CAB84E844
:10916000030093E803000CF11C0383E803000EAB3B
:1091700093E803000CF1240383E80300434BCCF88D
:109180003C30434BCCF84430424A434E109DCCF81F
:1091900038204FF4005300244FF0000ECCF850302C
:1091A0003E4ACCF82C5040F20113CCF84020CCF8C9
:1091B0003040ACF83440CCF84840CCF84CE0CCF827
:1091C00054E0ACF85840CCE917430FCE0CF16805D9
:1091D000ACF864400FC596E80300DFF8C4A085E84A
:1091E000030002274FF004094FF6FF786046CCE9F0
:1091F0002244CCE92444CCF880A0ACF88490CCF88C
:1092000098E0CCF89C70CCF8A0E0CCF8A470CCF836
:10921000A8E0CCF8ACE0CCF8B0E0CCF8B4E0CCF806
:10922000B8E0CCF8BCE0CCF8C0E0CCF8C4E0CCF8B6
:10923000C840CCF8CCE0CCF8D070CCF8D4E0CCF876
:10924000D870CCF8DCE0CCF8E070CCF8E4E0CCF8F6
:10925000E8408CF8F240CCF8F440CCF830E1CCF89F
:1092600034E18CF83841ACF83A41CCF83C41ACF8E8
:109270004041ACF84C81CCF87C41ACF880418CF892
:10928000984102B0BDE8F08758BE0208DB0F4942A2
:1092900000007A440AD7A33C5CBE0208DB0F4941B8
:1092A00001000300D0ED117A9FED207A77EEA77AC6
:1092B000B5EE006A67EEA76A27EE877A66EE866AE1
:1092C000B7EE006AB4EEC67AF1EE10FA10B50246B7
:1092D000C0F88800C0ED2F7AC0ED306A0C460DD47E
:1092E0000023A0F8E83001218C30FFF71BFF106B42
:1092F0004FF4807100F51270FFF718FF92F85930A3
:1093000063B1938E012B0BD0022B02D1012382F883
:109310008F30032C04BF012382F88F30012010BD51
:1093200092F86530002BF4D0F0E700BF6F120339DC
:1093300090F8583010B50446B3B3EFF3108372B60B
:1093400000220021C0F89410C0F8B02083F31088E8
:1093500090F8603003B3D0ED147A90ED157A03687D
:109360001D4A1B68F8EEE77A934267EE877AFDEEB6
:10937000E77A17EE901A2CD1EFF3108372B6826859
:10938000F8EEE77A1268C0F89010C0ED2B7AA0F8DA
:10939000EA10516283F3108894F8593053B984F875
:1093A0008F30012384F88E3004F10C00BDE81040AA
:1093B00004F08CBC236BD3F8003103F54053012239
:1093C00093F8981884F88F200029EAD083F83E2972
:1093D000E7E79847E0E700BFFD900108FFF7A8BF67
:1093E00090F8583013B90C3004F070BC19B990F8EB
:1093F0006230002BF7D100B583B0074B00900022FC
:1094000001210C3004F098FB18B9044B012283F8B9
:10941000CC2203B05DF804FBDD93010840E100209D
:10942000D0ED117A9FED147A77EEA77AB5EE006A47
:1094300067EEA76A27EE877A66EE866AB7EE006A5D
:10944000B4EEC67AF1EE10FAC0ED2F7AC0ED306AB4
:1094500000D5704708B502460023A0F8E830012186
:109460008C30FFF75FFE106BBDE808404FF4807151
:1094700000F51270FFF75ABE6F120339036BD3F871
:10948000583193F83830032B0CD090F88F300BB94B
:1094900080F85930B0F83A3123B990F88E300BB9D2
:1094A00080F85930704700BF2F4A4369018B9342BF
:1094B0002DD002F58062934253D002F58062934230
:1094C00008BF022324D00022C3692749B0F820C076
:1094D0008B4226D001F580618B423ED001F5806140
:1094E0008B4208BF02231DD0436A1F49B0F828C031
:1094F0008B4223D001F580618B4230D001F5806131
:109500008B4208BF02231AD080F8F2207047002354
:1095100000EB4303B3F8EC30194214BF01220022E0
:10952000D2E7002300EB4303B3F8EC301CEA030F4F
:1095300014BF0123002342EA4302D5E7002300EBD6
:109540004303B3F8EC301CEA030F14BF01230023DC
:1095500042EA830280F8F22070470123E2E7012308
:10956000EDE70123D4E700BF0000024038B5B0F8B2
:109570003A31DB0501D4012038BD00F5A875044659
:10958000284604F049FF0028F6D0D4F83C11B4F87E
:1095900040210D4BC4F8903104F5A6700023C4F8A7
:1095A0007C11A4F8802104F5A7710122C4E962129C
:1095B000C4F88401C4F89441E06AC4F89C31294697
:1095C00004F0A6FFD7E700BF5197010830B5B0F807
:1095D0003A31022B85B004461CD014D86BB12A490D
:1095E0002A4A2B4B096912691B69A4F8F030A4F8C8
:1095F000EC10A4F8EE2005B030BD83681B685B6AF0
:10960000A0F8EA30EBE7A3F58073042B2DD8FFF721
:10961000ADFFE4E7B0F882301E4D102B94BF05EB90
:10962000C3032B4693E803006B4683E80300FEF771
:1096300069F9B4F88430102B88BF164BF6EE007A27
:1096400098BF05EBC30393E8030030EE670A02AB53
:1096500084ED4C0A83E80300FEF754F9F6EE007A35
:1096600030EE670A84ED4D0AB9E70023A0F8E83030
:1096700008218C30FFF756FD206B4FF4807100F508
:109680001270FFF753FDAAE70000024000040240F9
:1096900000080240540E0020024699B308B5B0F805
:1096A0003A31B3F5827F3DD8B3F5817F17D8B3F552
:1096B000807F2BD040F201118B4233D1B0F84E3174
:1096C00083EA132181EA111181EA910181EA5101B2
:1096D000C90711D458040FD4C3F30D0302E0B0F846
:1096E0004E319B0892F85900C2F8C830012182F827
:1096F000381108B182F88F10BDE8084002F5A87053
:1097000004F09CBE00F5A87004F098BEB0F84E318D
:1097100083EA132181EA111181EA9101C943890782
:10972000EAD1D9E70023A2F8E830082102F18C0041
:10973000FFF7F8FC106B4FF4807100F51270FFF723
:10974000F5FCBDE8084002F5A87004F077BE00BF44
:10975000FFF7A2BFB0F88020134B10B5102A98BFB6
:1097600003EBC203044693E8030082B0EC468CE8A6
:1097700003000122BCF80410C4F83C01A4F8401115
:109780000023114604F59E7004F0F8F8D4F83C016B
:1097900038B1B4F84011012202B0BDE81040F7F72B
:1097A000EBBA02B010BD00BF540E002010B52DED75
:1097B000028B0446B0EE408AE6F76CFDB1EE087A03
:1097C000C8EE077AFDEE677AF8EEE77AFDEEC06A3A
:1097D000B0EE480AA7EEC70A16EE900AB5EEC00A28
:1097E000F1EE10FA48BF30EE070AB1EE087AFDEE4E
:1097F000C07A17EE903A5A1F012A94BF05235A1CCB
:1098000004EB8303D3ED1A7A70EE677A98BF0022D7
:10981000C7EE876AFDEE666AF8EEE66AE6EEC77A9C
:10982000F5EEC07AF1EE10FA16D404EB8204D4ED12
:109830001A7A30EE670ABDEC028BC0EE077AFDEEB5
:10984000677AF8EEE77AA7EEC70AB5EEC00AF1EE3E
:1098500010FAC8BF013010BDBDEC028B013810BD3D
:109860002DE9F041B0F83A31D0F8C860022B2DED67
:10987000068B044600F0A18100F23581002B00F038
:109880007681FFF711FE90F8F63043B190F8F23090
:1098900000EB8303D3F8F8200132C3F8F82094F8E2
:1098A0006550002D40F0F881D4E92486276D96FBA1
:1098B000F7F307FB1366002EC4F89080C0F26C81AA
:1098C00094ED2CAAD4ED2E8ADFEDE97A94ED2B9A53
:1098D000A38EC4F89460B0EE4A8AA8EEA79A012B32
:1098E000A8EEA78A84ED2B9A84ED2C8AB0EE490A63
:1098F00000F05481E6F7CEFCF0EE409AFDEEE99AD6
:10990000B0EE480A19EE903AA8EB030309EE903A3C
:10991000E6F7C0FCFDEEC07AF8EEE99A17EE900A81
:10992000331A07EE103A07EE907AB8EEC77AF8EEDF
:10993000E77A9FEDCF6A94ED2F5ADFEDCE5A226B76
:10994000C7EE276AFDEE666AF8EEE66A25EE065A6D
:10995000A7EEE67AB0EE486AA5EE076AD4ED2D6A66
:1099600077EE664AA5EE299AE4EEA56AC6EE275A76
:10997000BDEE655AB8EEC55AC4ED2D6AA7EEC56AAC
:10998000DFEDBB4A94ED305A84ED2B9AB5EEC06AF8
:10999000F1EE10FA48BF36EE276A65EE244A76EEFD
:1099A0004A5A89EE274AC5EEA76AF0EE685AE4EEF5
:1099B000875ADFEDB14A9FEDB17A25EE245AF0EED9
:1099C000E54AB4EEE45AF1EE10FAC8BFF0EE475A99
:1099D000BDEE667AB8EEC77AC4ED2E5A85EEA75A68
:1099E000D2F80031C8BF012136EEC77AD4ED396A0A
:1099F000D3ED104A84ED2C6A37EE267A4FF000033F
:109A0000C7EE246AFDEE666AD8BF1946C4F8D030A6
:109A1000C4F8D8300023C4F8E030A36CF8EEE66A4E
:109A200084ED354AA4EEE67A84ED375AB5EEC07A75
:109A3000F1EE10FA48BF37EE247A84ED397A21B975
:109A400094F86110002940F0F480B6EE007AF0EE50
:109A5000476A84ED267A94F88F10002941D0B7EE3A
:109A6000007AC7EE275AD2F85821F31A07EE903A37
:109A7000136A9FED836A5A0007EE102AF8EEE77A20
:109A8000B8EEC77A77EEA67A27EE067AD4ED136A97
:109A90009FED7C6A27EE257A77EEE67A06EE903A1D
:109AA00067EE877A25EE065AC7EE865AFDEE655AAE
:109AB0000023C4F89C30C4F8A430F8EEE55AF8EE60
:109AC000E66AE5EEC67A94ED177A25EE265AB8EEE8
:109AD000C77A25EE075A27EE277A84ED2A5A84EDB5
:109AE000287A01203FE0A3F58073042B2BD890F84F
:109AF0003831D0ED337A002B00F0A4809FED5F7AEF
:109B0000DFED5B6A37EE677AE7EE267AC0ED337AEF
:109B1000D4F89450276DD4F89020751B002384F856
:109B2000383195FBF7F307FB1355002DB8BFED193E
:109B300007EBD773B5EB630FC8BFED1B05EB02084E
:109B4000C4F89080BCE60023A0F8E830082104F1B6
:109B50008C00FFF7E7FA206B4FF4807100F512706C
:109B6000FFF7E4FA0020BDEC068BBDE8F081D0F8E9
:109B70009030B0F8EA50D0F89460076DED1A2DB22D
:109B800003EB05082E4496FBF7F307FB1366002E44
:109B9000C4F89080BFF694AE3E4491E62046FFF7AD
:109BA00005FEA8EB000007EE900AB0EE480A20463A
:109BB000F8EEE79AFFF7FAFDB2E6D0ED4D0A90ED28
:109BC0004C0AFDF70FFCDFED307AD4F894202F49D2
:109BD000276D20EE270ABDEEC00A10EE103A9B1A40
:109BE00081FB0301DD17C5EBA12541F68B0101FBCC
:109BF0001535002DB8BF6D1840F645408542C8BFE9
:109C0000A5F5C455D4F89030B4F83A11C8BF0B3D4F
:109C100005EB0308531993FBF7F207FB1233002BF4
:109C2000B8BFDB1911F4807FC4F8908008BF1E46CE
:109C300046E6002D3EDD9FED117AF0EE476A84ED99
:109C4000267A08E7B7EE007A37EE677A9FED086A62
:109C5000DFED0F6AE7EE067AF4EEE67AF1EE10FA3F
:109C6000C0ED337A7FF754AFA0F8E83080216EE77B
:109C70006F120339CDCCCC3D6F1283380000000049
:109C8000DB0F4940DB0FC94000007A44BF05B9290A
:109C9000CDCC4C3D6F12033994F8F23094F8642027
:109CA0005340013B052B00F28F80DFE803F06A1B75
:109CB0006866646211D11FED096AD4ED266AE5EE8B
:109CC000866AB7EE007AF4EEC76AF1EE10FA72DD3A
:109CD00084ED267AF7EE006ABDE64FF07E51C4F8B7
:109CE0009810F7E7022394F8F520002A4BD094F857
:109CF000F72094F8F410002A6ED000296ED094F862
:109D0000F3103F4A581A82FB0052A2EBE07202EBBA
:109D10004202A0EB4202002A66DB27D0012A68D06B
:109D2000052A54D104EB8102206BD2F8181190ED72
:109D3000517A01310129C2F8181157D0D2ED1A5ABF
:109D40009FED306A07EE901A77EE656AF8EEE77AD3
:109D500086EEA77A77EE257A87EE867ABDEE477A89
:109D6000B8EEC77AE7EE467AC2ED1A7A84F8F33095
:109D7000B7E60323B7E70523B5E70423B3E70123D9
:109D8000B1E70023AFE7D4F894601D4D276D9B1B0E
:109D900085FB0325A5EBE37505EB4505B3EB450511
:109DA00048BF0635D4F89030032DC8BF063D05EBFB
:109DB00003082E44E7E6F5EEC06AF1EE10FAC4EDB2
:109DC000266A3FF538AF46E694F863309BB9002326
:109DD000A4F8E8301021BAE60029C7D1012284F89E
:109DE000F33084F8F4207CE6063297E782ED1A7AA5
:109DF000BCE7194696E7D4E92486276D0025C2E61C
:109E0000ABAAAA2ADB0FC94090F8283083B1D0ED65
:109E1000077AD0ED096A90ED087A77EEA67AF4EE2B
:109E2000477AF1EE10FAC8BFF0EE477AC0ED077A34
:109E3000837A027D427513B30389144A817D102B06
:109E400098BF02EBC3021368928823B11B691A42C0
:109E500014BF01230023994217BF9FED0D7AD0ED67
:109E6000077A80ED077AF0EE477A90ED087A8375ED
:109E7000B4EEE77AF1EE10FA02D8C27A0AB10375AD
:109E8000704783F001030375FAE700BF540E00200A
:109E900000000000D0ED017A9FED077A837A80F808
:109EA0002830F8EE677A002267EE877AC261C0ED4B
:109EB000097A0120704700BF6F12833A38B52DED43
:109EC000048B037B022B044600F0B780012B00F0CB
:109ED0008D80002B40F0DC8090ED028A0123227DF2
:109EE000022A00F08C80012A00F0AF80002A40F0A6
:109EF000CF8094ED049A012294F82000022800F00B
:109F00008B80012800F0A680002840F0BC8094EDF2
:109F1000067A94ED076A0120002B00F08980002A60
:109F200000F09F80002800F0A98094F82430A26AF5
:109F3000A162002B00F09D808B1A07EE903ADFEDB6
:109F4000565AD4ED0B6AF8EE677A37EE667AC7EEAA
:109F5000A59AD4ED015A27EE257AF0EE667AE9EE5D
:109F6000877AC6EE278AC4ED0B7A68EEA58AB0EE32
:109F7000680AFDF75DFB002840F08280DFED477A3C
:109F8000C7EEA96AB0EEE87ADFED457AF4EE476AEB
:109F9000F1EE10FA48BFF0EE678AD4ED0C7A9FED2F
:109FA000417AC4ED0E8AE8EEA97A0023636338EEA5
:109FB000899AC7EE876AFDEE666AE3636364F8EE2A
:109FC000E66A84ED109AE6EEC77A37EE888AC4ED29
:109FD0000C7AC8EE077AFDEE677AF8EEE77AA7EE1C
:109FE000C78A84ED128ABDEC048B38BD8268002AD2
:109FF00039D092ED008A227D022A7FF474AF226963
:10A00000AAB3106898BB94F8200092ED019A022838
:10A010004FF001027FF475AFA06930B3056825BB2E
:10A0200090ED017A90ED026A0120002B7FF477AF6A
:10A03000BDEC048B84F8243038BD83689BB11A686A
:10A040008AB993ED018A012349E7206978B190ED3F
:10A05000009A51E7A56945B195ED007A95ED016A41
:10A060005AE71346E4E7002339E7002054E70022CB
:10A0700042E700220123E2622263D9E70346D7E7E1
:10A08000DFED078A89E7FF2802D10748FEF79EF82F
:10A090000648FEF79BF800BFA037204DCDCCCC3D45
:10A0A00000000000DB0FC940409F02081C9F02080F
:10A0B0000E4B828844F2781113445B5C0E2B00D067
:10A0C00070470B4B102A98BF03EBC20382791868C4
:10A0D0002AB90028F4D099880122F6F74DBE18B1AC
:10A0E00099880022F6F748BE704700BF40A10020C3
:10A0F000540E00200D4B828844F2781113445B5CAF
:10A100000E2B00D070470A4B102A98BF03EBC203F6
:10A110008279186822B140B199880122F6F72CBEE5
:10A120000028EFD09988F6F727BE704740A100209D
:10A13000540E0020B1F5616F3ABF00EB810090ED45
:10A14000160A9FED010A70470000000000F540501C
:10A1500069B100F61413D3ED007A30EE270A00F649
:10A160001412012382ED000A80F83C39704700F692
:10A170000413D3ED007A30EE270AF0E700F54050E3
:10A18000D0F8D838D3F8483213B9012380F8993879
:10A19000704700BF00F1580300F56252DFED0B7A03
:10A1A00018321946B1EC017A8A4277EE877AF9D1F2
:10A1B0009FED077A87EE870AD3ED007A77EEC07AB3
:10A1C000E3EC017A9A42F7D1704700BF000000002B
:10A1D0000000614503781940017070470378194306
:10A1E00001707047C043C0B270470000D0ED137AD1
:10A1F0009FED107A00F54053F4EEC77AF1EE10FAB5
:10A20000C3F8D40811DC77EEA77AF5EE006A27EEE2
:10A21000A77A27EE267A03F6241203F51263C2ED1D
:10A22000007A012083ED007A70479FED037ADFED1D
:10A23000037AF0E70000FA440024744A00007A45EB
:10A2400000F5405303F69C01D3F8D82891ED006A3D
:10A25000D2F8AC1091ED147AB8EEC77A03F6141266
:10A26000C6EE076A10B4D2ED007A426D37EEC00A2E
:10A27000B0EEC00AF4EEC06AF1EE10FA0CDB03F5A2
:10A280000A61D1ED006AC6EE877AF0EEE00AF4EEDC
:10A29000E07AF1EE10FA39DCB2F5616F1BD207EE0D
:10A2A000902A9FED227AF8EEE77A032467EE877A08
:10A2B000047603F6141103F6181403F61C10C1ED0E
:10A2C000007A00220121226002605DF8044B83F8CD
:10A2D0003C190020704700244FF0030C446580F8BF
:10A2E00018C003F614100021016003F618100122B3
:10A2F000016003F61C100160104683F8994883F84A
:10A300003C295DF8044B83F83E29704703F60C1195
:10A31000B2F5616F0C6802F1010128BF4FF4616270
:10A3200000EB8202416594650A46B5E7B4A2913913
:10A33000D0ED117A90F83C2000F5405303F614114B
:10A3400010B5F8EE677AD3F8D84881ED000ADAB193
:10A3500090ED107AC0EE076AFDEE666AF8EEE66AE6
:10A36000A7EE660AB5EEC00AF1EE10FA48BF30EE6D
:10A37000070AC0EE076A66EEA77A17EE900AF1F7B1
:10A380001BFAC4E9940110BD60EE277A17EE900A1B
:10A39000F1F712FAC4E9940110BD00BF08B5037EBD
:10A3A000022B13D990F83C3093B900F56353243352
:10A3B0001A79022A12D0012A15D0CAB993ED000ADF
:10A3C00000F5645383ED010AFFF7B2FF012008BDD9
:10A3D00000F563532C331A79022AECD11B682BB198
:10A3E00093ED010AECE71B68002BE7D1002008BDC4
:10A3F0000148FDF7EBFE00BF1C9F0208D0ED137A69
:10A400009FED0F7AF4EEC77AF1EE10FA12DC77EED8
:10A41000A77AF5EE006A27EEA77A27EE267A00F5EE
:10A42000405000F6241300F51260C3ED007A80ED71
:10A43000007A70479FED037ADFED037AEFE700BF04
:10A440000000FA440024744A00007A452DE9F04FD8
:10A450002DED088B00F5405487B094F8E838022BB6
:10A46000054600F02E81012B00F0A380002B40F068
:10A470007A8504F6E40393ED00AA4FF0010B94F8FB
:10A48000F038022B00F0A280012B00F03C81002B61
:10A4900040F0698504F6EC0393ED009A01230093E4
:10A4A00094F80069022E00F0A480012E00F038819B
:10A4B000002E40F0588504F6FC03D3ED008A0126F7
:10A4C00094F8F878022F00F0A680012F00F0228186
:10A4D000002F40F0488504F6F40393ED008A01272D
:10A4E000D4F8D888D8F8AC30D3F8D020002A40F07F
:10A4F000A780D3F8D820D3ED359A4FF00109002A70
:10A5000040F0A580D3ED37AA98F84C324FF0010AFD
:10A51000002B00F0A38095F83C30002B00F0DB808E
:10A52000002E00F0CA806B6C04F614111A460191DB
:10A530000023D8E994010BEE902AF1F7D5F81946DB
:10A540001046F1F793F8F8EE6B7A07EE100AC8EEB2
:10A55000A76A019994F8993867EE267AC1ED007AD6
:10A56000002B7ED104F61413D3ED007A87EEA87A7F
:10A57000BDEE477A04F614130121B8EEC77AE8EE6F
:10A58000C77AF5EEC07AF1EE10FA48BF77EEA87AF6
:10A59000C3ED007A6B7E082B00F2E183DFE813F055
:10A5A000DC03C7031201D000DF039A037003220308
:10A5B0005001D4F8E428002A00F0BB809B4694F8B0
:10A5C000F03892ED00AA022B7FF45EAFD4F8EC389D
:10A5D000002B00F0AB801A68002A40F0A78094F8A6
:10A5E000006993ED019A022E4FF0010300937FF46E
:10A5F0005CAFD4F8FC38002B00F09E801A68002A6B
:10A6000040F09A8094F8F878D3ED018A022F4FF049
:10A6100001067FF45AAFD4F8F438002B00F08E8096
:10A620001A68002A40F08A80D4F8D88893ED018A0D
:10A63000D8F8AC30D3F8D0200127002A3FF459AF26
:10A64000D3F8D8204FF00009002A3FF45BAF98F808
:10A650004C324FF0000A002B7FF45DAF94F899382C
:10A660002BB3B9F1000F02D0BAF1000F18D105F5E4
:10A67000635020211C30FFF7B1FD6D4B9FED6E7ACA
:10A68000D3EDB77AF8EE677A04F50E6467EE877A51
:10A69000C4ED007A002007B0BDEC088BBDE8F08F58
:10A6A000F0EE6A0AB0EE690A2846FFF7C9FD95F890
:10A6B0003C3033B3002E7FF455AF05F56350402195
:10A6C000D8E7D4F8E438A3B31A6892BB93ED01AA93
:10A6D0004FF0010BD3E604F61413D8E9940101936B
:10A6E000F0F7C4FFD5ED117A019B06EE900AF8EE63
:10A6F000677A86EEA77A83ED007A94F89938002B72
:10A70000AFD1002146E7D4F8EC287AB192ED009A57
:10A710000093C5E6D4F8F43883B193ED008ADFE600
:10A72000D4F8FC3843B1D3ED008AC9E60023009386
:10A73000B6E64FF0000BA2E60026C1E60027CFE602
:10A7400004F6041393ED006A04F61413D3ED006AC3
:10A7500076EEC66A49B1002EAFD0C6EEA87AFDEEFD
:10A76000677AF8EEE77AE7EEE86A04F6081304F68B
:10A77000181293ED007AD2ED007A9FED2F5AD5EDA5
:10A78000125A04F62412D2ED004A77EEC77A04F585
:10A79000126267EEA47AD2ED004AE4EEA67A04F5DE
:10A7A0001162A7EE857A65EEA77AA7EE056AC2ED7B
:10A7B000007A83ED007A04F6041383ED006AD4F87E
:10A7C000D8388BE09FED1C7AD5ED0D7A04F608138E
:10A7D000D3ED006A04F6181367EE877A93ED007ADA
:10A7E000F0EEE77A37EE667AB1EE676AB4EEC67AD3
:10A7F000F1EE10FA00F13C83B4EEE77AF1EE10FAD4
:10A80000D8BFF0EE477ADFED0C5A95ED126A87EE6D
:10A81000A57A04F6081376EEA76A67EE067AC3ED0A
:10A82000006A04F51163C3ED007AD4F8D83855E016
:10A8300040E10020DB0FC9406F120339B4A2913907
:10A8400004F628135FED057A93ED007A5FED066A52
:10A8500004F6381827EE277A98ED000AA7EE260AA4
:10A8600080EE277ABDEE477AB8EEC77AA7EE670A80
:10A8700088ED000AFCF792FEF0EE40AA98ED000A7F
:10A88000FCF746FE04F62C13D3ED007A04F61413FD
:10A89000D3ED006A04F51363E7EE806AD3ED007A26
:10A8A00004F6181393ED007A04F6341393ED006A5E
:10A8B00004F61C13A7EEAA7AD3ED007AE0EE467AEE
:10A8C00004F60413C3ED006A04F6081383ED007A5E
:10A8D00004F51163C3ED007AD4F8D83894F8B128A0
:10A8E000BAB1D5ED0A7A04F6081292ED007AF1EECB
:10A8F000676AF4EE476AF1EE10FAC8BFB0EE667A06
:10A90000F4EEC77AF1EE10FA58BFF0EE477AC2EDD6
:10A91000007AD3F85801FDF779FE04F51163D3ED01
:10A92000007A297EB1EE407AB4EE677AF1EE10FA41
:10A93000C8BFF0EE477AB4EE670AF1EE10FA48BFEE
:10A94000F0EE407AC3ED007A022904F60813D3ED45
:10A95000006A41D995F83C30002B00F02F82009B13
:10A96000002B3FF484AE002E3FF481AE04F60413B6
:10A9700093ED006AC6EE285AFDEE655A04F60413FC
:10A98000F8EEE55AB1EE685AA8EEE56AB5EEC06A8F
:10A99000F1EE10FA48BF36EE286A36EE499A83ED9A
:10A9A000006AC9EE285AFDEE655AF8EEE55AA5EEA2
:10A9B000859A94F8B03895ED076AE6EE096A5BB1BE
:10A9C00004F6AC0393ED006AB0EEC99AB4EEC96A1E
:10A9D000F1EE10FA80F24682B7EE005A94F8B138E0
:10A9E00095ED0A6A7BB1F1EE465AF4EE665AF1EE45
:10A9F00010FAC8BFF0EE656AB4EE666AF1EE10FABE
:10AA000048BFF0EE466A94F8B23873B1002F3FF4B5
:10AA10002EAED5ED0B4A66EE244AF0EEC85AF4EE9F
:10AA2000E54AF1EE10FA00F16282D4F8D838D5ED9B
:10AA3000085AD3F85821D5ED094A92F8380003286E
:10AA400000F0D48194F83E3913B394F8A838FBB1E0
:10AA5000B9F1000F3FF40BAE5FED883ADD4B89EEA4
:10AA6000A34A4FF4616EBDEEC44A14EE106A83FB34
:10AA7000063CB444F317C3EBEC230EFB1363002B2B
:10AA8000B8BF734405EB830393ED164A77EE847ADF
:10AA9000012940F26881002F3FF4E9AD76EEC86AE3
:10AAA00065EE255A04F60C13E5EEA67A93ED006ADE
:10AAB00077EE867AB4EEE70AF1EE10FA40F1B08153
:10AAC000B4EEC07AF1EE10FAD8BFB0EE407A04F6D8
:10AAD0000C13D3ED007ADFEDC06A67EEA67AD5EDF0
:10AAE0000C6AB1EE666AB4EE676AF1EE10FAC8BF9E
:10AAF000F0EE467AF4EEE76AF1EE10FA58BFF0EEA7
:10AB0000676A04F60C130228D2ED5B7AC3ED006A83
:10AB100013D0D2ED566AD2ED0C5A66EEA66AB7EEA5
:10AB2000085A25EE666AD2ED556AE5EE867A66EE3B
:10AB3000A66A66EE856AE5EEE67A05F5655104F6E5
:10AB4000C4039FEDA66AD1ED006A93ED005ADFEDD4
:10AB5000A54A27EE088AB0EE664A28EE068AF0EE8D
:10AB6000003A98EE234A04F6441204F6C80392ED24
:10AB7000006AD3ED005A25EE245A77EEC67AE5EE48
:10AB8000046A04F50D6365EEA45AA5EEA76AD3ED39
:10AB9000007AC1ED006AF4EEE76AF1EE10FA82ED98
:10ABA000006A09D504F6CC03D3ED007AB4EEE76A67
:10ABB000F1EE10FA00F38881002304F6481282EDCA
:10ABC000017A2020C4F84839FFF70CFB014605F54F
:10ABD00063501C30FFF7FEFA012007B0BDEC088B74
:10ABE000BDE8F08F94F8B438012B00F268817C49FD
:10ABF0004FF42C7202FB0312D2F8AC20D2F8D00032
:10AC0000002840F0798192ED35BA4FF0010CD2F86E
:10AC1000D80000287FF42BAD4FF42C7000FB0311FB
:10AC2000D1F8003103F54053D3F8481900297FF4D7
:10AC30001EADBCF1000F3FF41AAD03F64C13D3ED7B
:10AC4000006A92ED377A04F6B803D3ED007A04F681
:10AC5000BC0327EE8BBA67EE877A93ED007A04F691
:10AC6000041383ED00BA27EE267A04F60813C3ED29
:10AC7000007A04F5116383ED007AD4F8D8382DE614
:10AC80009FED587AD5ED0E7A04F51163D3ED006A85
:10AC900004F61C1367EE877A93ED007AF0EEE77AFC
:10ACA00037EE667AB1EE676AB4EEC67AF1EE10FA64
:10ACB00000F1DB80B4EEE77AF1EE10FAD8BFF0EEE7
:10ACC000477A76EEA76A04F51163C3ED006AD4F8FB
:10ACD000D83803E694F83C39002B40F0CC8094F847
:10ACE0003D29D4F8D838002A7FF4F8ADD3F85C01B8
:10ACF00090ED0F0AD0ED0D7AF4EEC07AF1EE10FA75
:10AD000040F10A81D0ED059A0321297604F6041159
:10AD1000C1ED009A04F6081100220A6004F51161E1
:10AD20000A60012284F83D294FF00109D6E504F6B6
:10AD30001413186804F61813196804F61C131A681B
:10AD400004F60413186004F60813196004F511637F
:10AD50001A60D4F8D838C1E5D4F8D838BEE505F57E
:10AD60006350022186E494F8B338002B6BD0002F97
:10AD70003FF47DACF1EE466A76EEC86A36EE486A7C
:10AD800066EEA56A26EE256AF4EE667AF1EE10FA12
:10AD900048BFF0EE667AB4EEE76AF1EE10FA00F121
:10ADA000AE80B4EEE70AF1EE10FA51D4B4EEE77AD1
:10ADB000F1EE10FAD8BFB0EE677A50E0BBF1000FA9
:10ADC0003FF455AC04F6041393ED009A39EE4A9A19
:10ADD000EFE500BFC5B3A291A4707D3FDB0F4940F2
:10ADE000E00E00206F1203390000000093ED374A97
:10ADF000D2ED163AB0EEC43AF4EEC33AF1EE10FAE0
:10AE000009DD14EE103AF0EEE33A002BB8BFF1EE94
:10AE1000633AB0EE634AC5EE845AC4EE844A11E642
:10AE2000B4EEE77AF1EE10FA3FF751AE25EE245A70
:10AE30005FED145A25EE255AB0EE677AF0EE467AA9
:10AE4000E5EE267A4BE6F4EEC07AF1EE10FAADDDCF
:10AE5000B4EEC07AF1EE10FAD8BFB0EE407A5FEDF2
:10AE60001E6A4EE689EE065AB8E5F0EE467A28E705
:10AE7000F0EE467AC7E404F60813D8F85C0193EDC7
:10AE8000001AD0ED032A90ED022AD0ED011A04F643
:10AE90000413D3ED000A04F6141393ED000A00F036
:10AEA000ADFDD4F8D8385FED307AD3F85C010022DC
:10AEB000C0ED0F7AB0EE670AA4F83C291AE705F551
:10AEC00063500821FFF7D6BB05F5635080211C3085
:10AED000FFF784F9254BD3EDB77AF8EE677A04F5DE
:10AEE0000E6467EEA47AC4ED007AFFF7D3BB05F5D4
:10AEF00063500121FFF7BEBB4FF0000C87E6B4EEB4
:10AF0000C60AF1EE10FAA3D4B4EEC67AF1EE10FA46
:10AF1000D8BFB0EE467AA2E700F048FED4F8D838A1
:10AF2000D5ED127AD3F85C11DFED116A8DED030ACD
:10AF300021EE277AD1ED0F7ACDED040A04F6041242
:10AF400004F6081077EEA67A82ED000AC0ED000A3A
:10AF500004F5116080ED007AC1ED0F7AD2ED009A10
:10AF60008DED051AE0E60348FDF730F940E10020D9
:10AF70006F1203391C9F020890F87C200023C0F850
:10AF80009430C0F8983012B1002380F87C3090F8EB
:10AF9000883013B1002380F888300023C0F8A43033
:10AFA000704700BF82B000B583B0EE468EE8060061
:10AFB00084469EE803000899CCF874100CF17801DF
:10AFC00081E805009CF8882005939DF81C304AB163
:10AFD0009BB98CF888300020002103B05DF804EBA9
:10AFE00002B07047002BF6D005AB93E803000CF1DC
:10AFF000800383E803000123EBE7059A069BCCF866
:10B000008020CCF88430E6E782B010B588B0EE46F8
:10B010000B939DF838308EE806000022CDE905221A
:10B020000F99079284466BBBDCF80020DFED2B7A8A
:10B03000D4682B4A9442B0EE677A37D1CCF87410BA
:10B040009EE803000CF1780282E803009CF8882057
:10B0500003AC84E8030072B933B101238CED207A8C
:10B06000CCED217A8CF888300020002108B0BDE8B2
:10B07000104002B07047002BF4D08CED207ACCED5C
:10B08000217AF1E7DCF800209DED0D7ADDED0C7AF8
:10B09000D468134ADFED136A77EEC77A94429DEDC8
:10B0A0000B7A67EEA67A4FF00103C7D00E918DF8A8
:10B0B0001C30CDED067A08A911E903008DED057A63
:10B0C0000CAA059B82E803009EE806006046A446A1
:10B0D00008B0BDE8104002B0604700BF00000000AB
:10B0E000A5AF01083ACD133FF8B504461F46406F9F
:10B0F000636CC01A80EAE07EAEEBE07E40F2567CE4
:10B10000E6452DED0C8B00F3A58094F86030002B04
:10B1100000F0E58094F86830002B00F0958094F8FA
:10B120007030002B00F0908007EE900ADFED7D6A12
:10B13000D4ED19CA94ED1BDA94ED20CAD4ED21BAEE
:10B1400094ED1E9AD4ED16AA94ED17BADFED768A27
:10B15000F8EEE77AB0EE6C8A87EEA67A0D461646D0
:10B16000ADEE078AB0EE480AFCF718FAF0EE409A06
:10B17000B0EE480AFCF7CCF92BEE80AA20EE4C8A00
:10B18000ACEE29AA94F84830ABEEA98A94ED237A64
:10B19000D4ED247AD4ED056A38EE676A7AEE475A20
:10B1A000E6EE867AA6EEA57A69EE288AB7EE006A00
:10B1B000C6EE286A84ED237AC4ED247A002B4FD1A1
:10B1C0006AEEA6AA2BEE26BA636CDFED566AEB1A7E
:10B1D00007EE903AF8EEE77A87EEA67AEDEE07CA28
:10B1E000B0EE6C0AFCF7DAF9F0EE407AB0EE6C0AD9
:10B1F000F0EE679AFCF78CF96BEE407A20EE2A0AA3
:10B20000E9EEAA7A337AA9EE8B0A28EEA77A68EEDD
:10B21000808A84ED277AC4ED288A002B64D0C6ED9D
:10B22000007A86ED010A28EE0B8A0123AAEE2A8A0B
:10B230003B710020002129EE089A87ED008A84EDF9
:10B24000299ABDEC0C8BF8BD4FF080600021BDEC5D
:10B250000C8BF8BDBDEC0C8B4FF000700021F8BDDD
:10B26000237C002B5AD094F85430002B52D094ED0C
:10B27000147A94ED265A94ED024AD4ED135AD4ED83
:10B28000257ADFED2A3AD4ED034A37EE487A3BEED1
:10B2900005BA75EECA5AA4EE07BA7AEEA7AA26EE48
:10B2A0008BBAE4EE25AA66EEAAAA6BEE0B6AEAEE6A
:10B2B000AA6AB1EEE64AC3EE846AF4EEC66AF1EE1B
:10B2C00010FA18D4DFED1A6A64EEA66AE5EEA67AE3
:10B2D000A7EE265AC4ED257A84ED265A74E7BDEC14
:10B2E0000C8B00200121F8BD0123C6ED007A86ED0C
:10B2F000010A337297E79FED0F7A67EE877A25EEA2
:10B30000077A6AEEA6AA2BEE26BAC4ED257A84ED5A
:10B31000267A59E74FF00050002198E700200221DB
:10B3200095E700BFA037204DABAA2A3FAC5C313F68
:10B330006F120339A4707D3F10B490F87C4034B193
:10B3400090F888401CB15DF8044BFFF7CDBE00209B
:10B3500004215DF8044B704710B5EFF3108472B60A
:10B3600090F82430027E4164022B80F8482000F0DF
:10B370008B80012B43D0002B40F0C580C269036A4B
:10B3800090F85410002943D10121C264036580F86C
:10B39000541090F83030022B40D0012B00F0818007
:10B3A000002B40F0BC80826AC36A90F860100029CC
:10B3B00040D08265C36590F83830022B43D0012B12
:10B3C00000F08480002B40F0AF80D0F834E0012200
:10B3D00090F84030C0F864E0022B80F8682043D039
:10B3E000012B68D0002B40F08B80D0F83CC00123AB
:10B3F000C0F86CC080F8703084F3108810BDC36949
:10B40000002B45D090F854101A685B680029BBD017
:10B41000036590F83030C264022BBED1836A002BE2
:10B4200041D01A68002A3ED190F860105A689B6893
:10B430000029BED1C36590F8383082650121022B06
:10B4400080F86010BBD1426B002AC1D01368002B7A
:10B450004AD190F84030D2F804E0C0F864E001220C
:10B46000022B80F86820BBD1C36B002BC0D01A68B8
:10B47000002A3BD1D3F804C0C0F86CC0012380F887
:10B48000703084F3108810BDC3690BB11A6842B3E1
:10B4900090F85430002B3FF47CAF002380F85430F8
:10B4A00077E7836AD3B990F86030002B83D000230C
:10B4B00080F860307FE7C26B02B3D2F800C0C0F8FA
:10B4C0006CC080F8703084F3108810BD426B002A85
:10B4D0003FF47EAFD2F800E01A4679E71A685B685D
:10B4E00063E75A689B684BE7002271E70023C0F8C6
:10B4F0006CC080F8703084F3108810BD134677E775
:10B500000C48FCF763FEFF2B06D10B48FCF75EFEF0
:10B5100084F310880DF04AF80648FCF757FEFF2B1D
:10B5200005D10548FCF752FE0248FCF74FFE0148E2
:10B53000FCF74CFE1C9F0208409F0208A0F104008B
:10B54000FFF70ABFF0B516462DED028B02681569AC
:10B550002A4A89B000249542CDE90144039444D19C
:10B5600090F87C408CB390F8884074B301AAFFF740
:10B57000BBFD04460D4654EA050320D19DF80C306E
:10B5800053B39DED018AB0EE480AFCF751F818BBA1
:10B59000DDED028AB0EE680AFCF74AF8E0B9F0EE99
:10B5A000680AB0EE480A04A8FBF744FE9DF8103084
:10B5B00003B3069B079A7360059B3260B360204615
:10B5C000294609B0BDEC028BF0BD04252046294672
:10B5D00009B0BDEC028BF0BD4FF48034002520464D
:10B5E000294609B0BDEC028BF0BD01AAA84704466C
:10B5F0000D46C0E780241D46E1E700BF39B30108CE
:10B60000436ADFED4D4AD0ED011A90ED054A90ED09
:10B61000021A90ED032A9FED493AC26CDFED483AD9
:10B62000012B036B0CBF90ED0A6A9FED456AC0EDDC
:10B630000B3A012BC36B0CBFD0ED0D6ADFED406AF6
:10B64000C0ED0E3A012B436C0CBFD0ED105AD0ED7B
:10B65000075A012B036A0CBF90ED127A9FED387ADE
:10B660000162CB1A07EE903AB8EE675AF0EE462A1E
:10B67000C5EE247A0023436203634364C36300235B
:10B68000C364D0ED064A90ED045AE1EEE72AA1EE3C
:10B69000A76AF0EE661AF4EE442AE1EE671AF1EEBC
:10B6A00010FAC8BFB0EE624AE1EE276AB4EEC46A8F
:10B6B000F0EE472AE2EE672AF1EE10FAF4EE641A91
:10B6C00058BFB0EE446AF1EE10FAC8BFF0EE614A1E
:10B6D000A2EE277AF4EEE46AF1EE10FAF4EE452ACF
:10B6E00058BFF0EE646AF1EE10FAC8BFB0EE625ACD
:10B6F000B4EEC57AF1EE10FA58BFB0EE457A67EEB7
:10B70000877A80ED0A6A37EEA56AC0ED0D6AC6EE4B
:10B71000036AFDEE666A012AF8EEE66A08BFD0ED1C
:10B72000143A80ED127AA6EEC36A77EEA37A80ED22
:10B73000106AC0ED147A7047A037204DDB0FC94066
:10B74000000000000369002B35D093ED007A836977
:10B75000D0ED057A6BB31B681968B4EEE77AF1EEA9
:10B7600010FA00F5804306D5012283F8202093F8D3
:10B77000212062B9704793F82020002AF7D0B4EE58
:10B78000E77AF1EE10FAF2DB4FF480721A84DA698C
:10B79000B2F5805F08D200EB820010B4541CDC616B
:10B7A0005DF8044BC16170470022DA6183F8212003
:10B7B00070470021D1E79FED017AC8E70000000043
:10B7C000037819430170704703680B4303607047A7
:10B7D00010B52DED048B90ED028A9FED839A38EE23
:10B7E000088AF7EE007A28EE099A0446B4EEE79A42
:10B7F000F1EE10FA40F1D6800268D2F8583193F891
:10B800009C1093ED284AD3ED296AD3ED2A7A93F858
:10B81000AC00002900F0BF80002800F0D98094ED32
:10B82000036AD3ED0C4A94ED095AD4ED085A94ED0D
:10B83000070AD4ED060A94ED013AD3F86411D3F85F
:10B840006821DFED6A8A76EEE76ADFED697A26EE37
:10B85000066A66EEA76AF7EE007A87EE867AA4EEAD
:10B86000E65ADFED617AE4EEC45AA5EE270AE5EE6A
:10B87000A70AD3ED0B4A236B2162F0EE405AE6EEA5
:10B88000E45A012B6262B0EE605AA4EEC45A27EE6D
:10B89000037AF6EE003A27EE237A65EEA53A08BF62
:10B8A000D4ED0D9AE5EE053A36EE636A27EE067A98
:10B8B00025EE075A65EE875AE5EE270AA5EEA70A98
:10B8C00094ED057A18BFDFED4B7AC4ED060A0CBF84
:10B8D00069EEA77AF0EE679A77EE877A84ED070A29
:10B8E00087EEA87ABDEE477AB8EEC77AA6EEE40AEC
:10B8F000E7EE687AE4EEC40AC4ED057AFBF772FD60
:10B90000D4ED057A9FED386A236830EE677A28EE29
:10B91000088AF5EE006A28EE268AC7EE286AFDEE50
:10B92000666AD3F85831F8EEE66A28EE068AA6EE83
:10B93000E87AF0EE696AE9EE077AE8EE076A87EEE0
:10B94000A86ABDEE466A93ED087A84ED0B0AB8EE5C
:10B95000C66AB8EEC77AE6EE687A0023A362B7EE4D
:10B96000006AB4EEC67AF1EE10FAC4ED057AC4EDC1
:10B970000D6A236305D437EE077ADFED1F8A67EE81
:10B98000288AC6EEA87ABDEC048B00230120A363AD
:10B99000C4ED0F7A10BDDFED177AB0EE674AF0EE16
:10B9A000676A3CE701211030FFF70AFF2068802119
:10B9B00000F51270FFF708FFBDEC048B0023002098
:10B9C0006361E363A06323626362A361E36110BD0B
:10B9D00004F110000221FFF7F3FE802102F512703E
:10B9E000FFF7F2FEE8E700BF6F120339DB0FC94033
:10B9F0003ACD133F00000000DB0F494061EE013AF1
:10BA000032EEA27A11EE103AC3EE877A002B30EEB6
:10BA1000605AF0EEE77AB8BFF1EE677A75EE677AB2
:10BA200017EE903A002B72DAB1EE422AB1EE617A4B
:10BA3000F1EE417AB1EE453AFFEE005AF4EEE71A24
:10BA4000F1EE477AF1EE10FA87EEA26A77EE416ADC
:10BA500080ED072A48BFB1EE422AC6EE827AF6EEA2
:10BA6000004A66EE246A31EE074A67EEA44A66EEA3
:10BA7000876A48BF80ED072AE4EE846AC0ED092A90
:10BA800066EEA54A80ED087AF4EEC34AF1EE10FAAC
:10BA900080ED0C6AC0ED0A7A44DD72EE027A32EE75
:10BAA000C27A67EEA27ADFED404A67EE857AE3EE6E
:10BAB000A27AC7EE876AF4EEE46AF1EE10FA55D482
:10BAC000F1EEE67A65EEA75A35EEC17AC0ED085A76
:10BAD000C7EE027AF4EEE47AF1EE10FA5CDCB0EE36
:10BAE000647AF0EE647AF1EE655A85EEA26AF0EEC1
:10BAF000676AB5EEC06AF1EE10FAD8BF9FED2A6A08
:10BB00009FED294AC0ED0A6A80ED0C6A12E0B0EEA2
:10BB1000453AF0EE417AB0EE617AF1EE622AF7EE44
:10BB2000005A8BE735EE665A67EEA74A85EE074A5C
:10BB300037EE847AF0EE606AE1EE276AF6EE005A9C
:10BB400062EE255A77EE067AB0EE667AA5EEA47A12
:10BB500080ED0B4AC0ED0D7AC0ED040A80ED050AB8
:10BB600080ED061A80ED0E7A0120704765EEA45A2A
:10BB700035EEC17AC0ED085AC7EE027AF5EEC07A0A
:10BB8000F1EE10FA08DCF0EE646AB0EE647AF0EEE2
:10BB9000647AB0EE646AB3E79FED037A67EEA74A72
:10BBA00037EE877A9FE700BF00000000B5EEC00ABD
:10BBB000F1EE10FA88B03DD4D0ED0A7AF4EEC07AF6
:10BBC000F1EE10FA15DDD0ED060A90ED047A90ED55
:10BBD000071AA0EE807AF6EE007A61EE277A60EE20
:10BBE000006AE1EE000AA7EEA67AB0EE470A08B0B6
:10BBF0007047D0ED0B6A77EEA66AF4EEC06AF1EEFC
:10BC000010FA21DCD0ED0D7AF4EEC07AF1EE10FAE4
:10BC100028DD70EE670A90ED091A90ED057AF6EED0
:10BC2000007A60EEA06A61EE277A60EE810AA7EEE4
:10BC3000A67ADAE790ED047AD0ED060A9FED0D1AA8
:10BC4000B0EE470A08B07047D0ED080A90ED0E7AC2
:10BC50009FED081A70EE677AA0EEA77AB0EE470A59
:10BC600008B07047C1D89FED031A90ED057AF0EE49
:10BC7000410ABAE700000000032919DC00EB41008B
:10BC80002C4B8088102898BF03EBC0034FEA410C6F
:10BC9000186868B19B885BB1F0B50069264C034217
:10BCA00083B006D1635C254D6BB9254E002003E0BF
:10BCB0007047224D224E0120012346F8212068546E
:10BCC000635403B0F0BD6B5C1D4E002BEED056F8F4
:10BCD00021301C4FD31AA3F524401038B842E5D8C0
:10BCE000BB421948DFED196A019228BF3B468342E7
:10BCF00038BF0346A3F5A433203B07EE903AF8EE95
:10BD0000E77A134B009187EEA67A8C4403EB8C0301
:10BD100003F5834090ED140AD0ED157A44F2CC106F
:10BD200077EEC07A1858A7EE270A03F0CFFEDDE9B8
:10BD30000012BBE7540E00200CA1002010A100202F
:10BD400014A1002040900200204801000010A447E8
:10BD500040A1002003681B681A69920710B50446C9
:10BD600009D41A69500712D41A6911071CD41A6928
:10BD7000D20626D410BD6FF002021A615A6B002160
:10BD8000FFF77AFF23681B681A695007ECD56FF03C
:10BD900004021A619A6B01212046FFF76DFF2368A8
:10BDA0001B681A691107E2D56FF008021A61DA6B95
:10BDB00002212046FFF760FF23681B681A69D2063C
:10BDC000D8D56FF010021A6120461A6CBDE81040F9
:10BDD0000321FFF751BF00BFBFF34F8F0549064B4B
:10BDE000CA6802F4E0621343CB60BFF34F8F00BF19
:10BDF000FDE700BF00ED00E00400FA05B1F5805F4B
:10BE00003ABF00EB810090ED070A9FED010A7047F1
:10BE10000000C07F08B5FFF7DFFF00BF024B1A68C4
:10BE200088181860704700BF78E4002001F10E0305
:10BE3000FD2B1ED811F10C0F02DA4FF000407047B5
:10BE40004BB2002B18DB01F1604303F5614393F81B
:10BE5000000300090E4B4A0901F01F0153F822208C
:10BE600001238B40134214BF0123002340EAC37017
:10BE700070474FF0FF307047064A03F00F031A4433
:10BE80000029107E4FEA1010E4DA40F000407047BD
:10BE900000E100E0FCEC00E010B5214C8E460FCC38
:10BEA00090B0EC46ACE80F000FCCACE80F000FCC24
:10BEB000ACE80F0094E80F00BEF10F0F8CE80F0004
:10BEC00029D810AB03EB8E0E5EF8403C1A6862B1C5
:10BED0001A6818684FF00041C2F34263C0F3014092
:10BEE000084340EA830010B010BD5A68002AEFD121
:10BEF0009A68002AECD1DA68002AE9D11969002988
:10BF0000E6D15A69212AE3D11A681868C2F342635C
:10BF1000C0F30140E4E74FF0FF3010B010BD00BFA8
:10BF20006898020810B40B4C0023184604F1040C66
:10BF300054F8332042B112693CF83310114214BF57
:10BF4000012200229A4010430133112BF0D15DF8F9
:10BF5000044B7047540E002000B543F6655C01EBBE
:10BF6000020E11F8012B082380EA022002B24000E1
:10BF7000002A03F1FF3380B2B8BF80EA0C0013F04F
:10BF8000FF03F3D17145ECD15DF804FB08B502F075
:10BF9000CBF8FFF721FF00BF38B5064DE868F1F791
:10BFA00059F80446D5F8BC01F1F754F8014620468B
:10BFB00038BD00BF408B0020174B9FED157B30B57F
:10BFC0004FF0000C03F5AC6E0022D3E93F41D3F8EB
:10BFD000585101F5405185ED247B81F8DC28D3F8D8
:10BFE000AC10227403F52C737345A1F88C20C1F8B2
:10BFF000CCC043F8682CE8D1084B80F8382093F87F
:10C00000A83103B930BDBDE83040FBF719BB00BF14
:10C010000000000000000000E00E002040E10020D1
:10C0200038B5F3F719F9FBF757FB03F083FB084C1E
:10C0300040F6FF75F1F79CF9A84202D0236801335E
:10C040002360F1F763F90120F9F75EFDF2E700BF25
:10C05000440E0020F8B51D4802F002FC50B11C4C03
:10C060001C4D1D4E04F5D87794F838102846FDF77E
:10C0700019F908B90020F8BDD6F80001FEF7B6F8A6
:10C080000028F7D0D6F86001FDF704FF0028F1D0B2
:10C09000D6F86401FDF7FEFE0028EBD02046FCF741
:10C0A000DDF90028E6D0A069FCF7FAFF0028E1D00E
:10C0B0003046FBF7DDFFBC42DDD004F5D87405F552
:10C0C000D07506F52C760028CED1D3E720E20020EB
:10C0D000408B002000880020E00E0020064B102935
:10C0E00098BF03EBC10393E8030082B06B4683E87B
:10C0F000030002B0FBF722BC540E002008B590F8F4
:10C100004C30032B00D008BD90F84D30042BFAD9E9
:10C1100072B6024B024A1A60FFF75EFEFCF6002080
:10C12000EFBEADDE03680B4303607047037819432D
:10C13000017070472DE9F04F074D95F80CE0BEF106
:10C14000020F83B00AD0BEF1010F11D003232B736D
:10C15000002003B0BDE8F08F28A10020BB4928696A
:10C160004FF4A87202F060F80028EFD195F80CE0C7
:10C17000B649AB8A01F5A87643F6655411F8010B70
:10C18000082283EA002318B25B00002802F1FF3284
:10C190009BB2B8BF634012F0FF02F4D1B142EDD1BF
:10C1A00028696B6100F5A870BEF1020F286100F0EC
:10C1B0009781BEF1010FC9D1A54E43F6655406F132
:10C1C0000C0716F8012B83EA0223082219B25B0040
:10C1D000002902F1FF329BB2B8BF634012F0FF02A8
:10C1E000F4D1BE42EDD1DFF874829A4E9A4F0C30F2
:10C1F000BEF1020FC5E9040308F5AC6B43F66554C4
:10C20000A6F1580900F05581BEF1010F9ED1AB8A0D
:10C2100019F8011B082283EA012319B25B000029E7
:10C2200002F1FF329BB2B8BF634012F0FF02F4D1BB
:10C23000B145EDD12869D8F8ECA06B615830BEF15A
:10C24000020F28610AF1040900F03E81BEF1010FDE
:10C250007FF47CAF0AF1100A43F6655119F8012BFF
:10C2600083EA022308220FFA83FC5B00BCF1000F73
:10C2700002F1FF329BB2B8BF4B4012F0FF02F2D185
:10C28000D145EBD1D8F8F020019200F10C0ABEF1B3
:10C29000020FC5E904A302F1180900F03081BEF1D4
:10C2A000010F7FF453AF019A02F5635C0CF1180C97
:10C2B00043F6655019F8012B83EA0223082219B2CC
:10C2C0005B00002902F1FF329BB2B8BF434012F07D
:10C2D000FF02F4D1E145EDD10AF56350D8F84CA145
:10C2E000BEF1020FC5E904030AF1040900F016814A
:10C2F000BEF1010F7FF42AAF0AF1100A43F6655C24
:10C3000019F8012B83EA0223082219B25B000029E5
:10C3100002F1FF329BB2B8BF83EA0C0312F0FF02B6
:10C32000F3D1D145ECD1D8F850A10C30BEF1020FB9
:10C33000C5E90403D14600F0FD80BEF1010F7FF492
:10C3400005AF0AF1100A43F6655C19F8012B83EA80
:10C350000223082219B25B00002902F1FF329BB2CE
:10C36000B8BF83EA0C0312F0FF02F3D1D145ECD140
:10C37000D8F854A11030BEF1020FC5E90403D1462C
:10C3800000F0EC80BEF1010F7FF4E0AE0AF1100A7C
:10C3900043F6655C19F8012B83EA0223082219B2DF
:10C3A0005B00002902F1FF329BB2B8BF83EA0C03A5
:10C3B00012F0FF02F3D1D145ECD16B61D8F85831BE
:10C3C0001030BEF1020F286103F1040900F0EA8089
:10C3D000BEF1010F7FF4BAAEA88A49460822FFF7E2
:10C3E000BBFD2B7B68612869022B00F108002861E6
:10C3F00000F0D080012B7FF4A9AEA88A68223946CC
:10C40000FFF7AAFD57F8083C686103F12C09286979
:10C410002B7B6830022B286100F0B480012B7FF465
:10C4200095AEA88A49460C22FFF796FD57F8043CC2
:10C43000686103F12C0928692B7B0C30022B2861E1
:10C4400000F09880012B7FF481AE09E0B8E2002073
:10C4500028E200208C8800205C8B0020F00E002059
:10C46000A88A49462422FFF777FD2B7B686128695B
:10C47000022B00F12400286168D0012B7FF466AE06
:10C48000A88A41469C22FFF767FD2B69686108F581
:10C490002C789C33C3452B612FD095F80CE006F522
:10C4A000D076BEF1020F07F5D877A6F158097FF4D0
:10C4B000ABAE28695822494601F0B6FE00287FF449
:10C4C00045AE95F80CE0A2E60C22494601F0ACFE20
:10C4D00000287FF43BAEAB8A286995F80CE0B9E6FA
:10C4E0000C22A1F5F07101F09FFE00287FF42EAE22
:10C4F000AB8A286995F80CE05EE6012029E65046F3
:10C500004FF46352494601F08FFE00287FF41EAEBF
:10C51000AB8AD5F810A095F80CE0C4E60C22494689
:10C5200001F082FE00287FF411AEAB8A286995F8ED
:10C530000CE0E1E61022514601F076FE00287FF47F
:10C5400005AEAB8A286995F80CE0FAE69C224146D4
:10C5500001F06AFE00287FF4F9AD91E71022514600
:10C5600001F062FE00287FF4F1ADAB8A286995F8EE
:10C570000CE00BE72422494601F056FE00287FF428
:10C58000E5AD6DE70C22494601F04EFE00287FF430
:10C59000DDAD46E76822394601F046FE00287FF40B
:10C5A000D5AD2AE70822494601F03EFE00287FF477
:10C5B000CDAD11E770B582B0EFF3108572B6404B88
:10C5C000D3F8582192F89C20CAB9D3F8083493F8CC
:10C5D0009C30A3B93B4C237B6BB900204AF6CC318D
:10C5E0000123C4E904012373FFF7A4FD28B1237BD1
:10C5F0002669012B08D003232373FFF7EDFB85F396
:10C600001088002002B070BD0236266101F0A4FD42
:10C610008642F0D8206901F0D9FD0028EBD1002036
:10C620004AF6CC310223C4E904012373FFF782FDEB
:10C630000028E2D0227BA38AADF80630022A04D07B
:10C64000012A0AD003262673D7E720690DF10601D7
:10C6500001F0EAFD0028F5D1A38A9DF80610082212
:10C6600083EA012343F6655019B25B0000299BB2AF
:10C6700002F1FF32B8BF434012F0FF02F4D19DF83F
:10C680000720082683EA022343F665511AB25B00AD
:10C69000002A9BB206F1FF32B8BF4B4012F0FF06F2
:10C6A000F4D1226963610232226101F03DFE00286B
:10C6B000C8D12673A1E785F310880BF077FF00BF80
:10C6C000E00E002028A1002090F83830ABBB1C4BB6
:10C6D000D3F848228ABBD3F85811D1E924210A4360
:10C6E0002BD1D3F8FC20127C3ABBD3F8AC20B2F8A3
:10C6F0008C2012BBD3F8002102F5405292F8DC28BE
:10C70000DAB9D3F8F824C2B9D3F80814D1E924214E
:10C710000A4312D1D3F8AC23127C72B9D3F85C234C
:10C72000B2F88C204AB9D3F8B03303F5405393F8EC
:10C73000DC08003818BF012070470120704700BF97
:10C74000E00E002010B5074C0021D4F85801FBF78B
:10C7500049FE0021D4F80804FBF744FEFAF796FFDF
:10C76000FEE700BFE00E00202DE9F04F4B4C94F89F
:10C77000603085B013B905B0BDE8F08FF8F7CAFC9A
:10C780006066F9F7CDFB464DA066D5F83C02DFF8B0
:10C7900028A1DFF82891DFF82881F8F737FF06464F
:10C7A000D5F8EC04F8F732FFB600D5F840323D4A30
:10C7B0008000864294BF9B1B1B1ADAF80000D2F857
:10C7C00000B0E366F8F722FF374BABEB80001B6845
:10C7D0002067D9F800001E46F8F718FFA6EB800086
:10C7E0006067324801960268D8F800001746F8F7EB
:10C7F0000DFF04F58046A7EB80000297A067D6E9FD
:10C800004307F8F703FFA7EB8007E7672848294F9E
:10C81000016838680391F8F7F9FE019BC4F88C3081
:10C82000039B029AC4F89830A3EB8000C4F8800000
:10C83000D5F84002C4F88400D5F83C02D6F810516F
:10C84000C4F89020C4F888B0C4F89450F9F74AF9B5
:10C85000C4F89C00DAF80000F9F744F9C4F8A00025
:10C86000D9F80000F9F73EF90246D8F80000C4F8FC
:10C87000A420F9F737F90346D6F80C01C4F8A8301C
:10C88000F9F730F903463868C4F8AC30F9F72AF9FB
:10C89000C4F8B00005B0BDE8F08F00BF40A1002093
:10C8A000E00E0020E8C4030874C4030804BB0208B7
:10C8B000DCBB0208FCA00020C8F6002010F000201D
:10C8C00004920020F8B504460D46EFF3108772B6C7
:10C8D0000E4E4FF08072D6F858010023FBF7E2FDB0
:10C8E000D6F808044FF080720023FBF7DBFDFAF75F
:10C8F000CDFE294604F13800FFF718FC87F31088B5
:10C90000F8BD87F310880BF051FE00BFE00E002049
:10C9100070B5134E00F58045D6ED007A95ED6B7A33
:10C92000B4EEE77AF1EE10FA044607D895ED6C7A8A
:10C93000B4EEE77AF1EE10FA0CDB70BD0221FFF7DE
:10C94000C1FFD6ED007A95ED6C7AB4EEE77AF1EEA0
:10C9500010FAF2DA20460421BDE87040FFF7B2BFBA
:10C96000D40A0020F8B500F58045174AD5F8D8322A
:10C97000164F0133C5F8D832546A06466400D7F81A
:10C98000AC00A4B2FCF722FED7F85C03FCF71EFE55
:10C990000D4B0F4A5B6A11785B009BB21A1B19B1F1
:10C9A000C5E9B943C5F8EC22D5F8F032934238BF57
:10C9B0001346C5F8F032F8BD06F5854021466430CF
:10C9C000FBF716FC0BF0F2FD001C0040E00E00200F
:10C9D0001C90002010B50E4C0E4A2368934205D0DF
:10C9E0000D4A934206D02A2B0ED110BD0B4B00BF2F
:10C9F000013BFCD10A4B23600A4B83F308880A4BA6
:10CA00005B6898472368EEE72A232360FFF7E4F981
:10CA1000FCF6002075FEADDEEFBEADDE00A86100C5
:10CA2000EDFEFECA000002200000FF1F38B50378AB
:10CA3000012B054603D002232B70002038BD40682F
:10CA400010220C4601F09AFB0028F4D12B8904F146
:10CA5000100043F6655114F8012B83EA02230822E3
:10CA60000FFA83FC5B00BCF1000F02F1FF329BB2B6
:10CA7000B8BF4B4012F0FF02F2D1A042EBD16A687E
:10CA8000AB6010326A60012038BD00BF2DE9F04F65
:10CA9000CD4ACE49D2F8103AD2F8180AB2F8162A7E
:10CAA000CB4ECC4C2DED068B034442EA03421B0CCB
:10CAB000C1E9002395B0314606F10C05C3F30330FC
:10CAC0001B01205C01F8010B8D4243EA12734FEA0F
:10CAD0000212F3D100233373F0F7ACFB01F0EAFA52
:10CAE000002800F0B981BC4B02221A700DF1380BFE
:10CAF000BA4FBB4CBB4EDFF85093DFEDBBAA9FEDA6
:10CB0000BBAADFEDBB9A9FEDBB9A9FEDBB8ADFED21
:10CB1000BB8A4FF4A872002107F5BC70E3F79CFCB8
:10CB2000B749C7F8B011C7F8B811C7F8BC11B54973
:10CB3000C7F881110122B44987F889214FF0FF40DD
:10CB400087F89821C7F885114FF003320321C7F801
:10CB5000C001C7F89A21AD48AD4A87F87D114FF062
:10CB60008241C7F87901C7F8AC114FF0804009A99C
:10CB7000C7F8A401009107CA4FF4E133C7E9633352
:10CB8000C7F89431A34BC7F8C43107F1E8034FF05D
:10CB9000000A83E807005B460197D3469A464FF4A4
:10CBA0000053DFF8A8E2236540F201132366BEE8D4
:10CBB0000F0057460FC79EE8030087E80300D046E2
:10CBC000B8E80F00002504F1680CA586A564A4F858
:10CBD0005850E56584F8645084F86550C4ED0EAA99
:10CBE00084ED0FAAC4ED109A84ED119A84ED138A96
:10CBF00084ED158AACE80F0097E80300864A874B5E
:10CC0000D6F800818CE8030007CAC4F880304FF0E2
:10CC10000403A4F88430D6F8FC30C4F888500433F8
:10CC200083E8070029464FF4635208F11800E3F740
:10CC300013FC7B4AC8F8242040F2031CA8F818C053
:10CC4000784AC8F82C204FF4806CC8F844C008F526
:10CC500040534FF0FF424FF07A5CC8F83020C8F8DC
:10CC600050C0714AC8F8382003F69C0C4FF07E5231
:10CC70006E49C8F834204FF08040C8F84020C8F80A
:10CC80001C10C8F82800C8F84C00C8ED088ACCF879
:10CC9000002003F50A6CDFF8B8E1CCF8002003F6B9
:10CCA000A40C4FF00107CCF8002003F6AC0C604850
:10CCB00083F8A878CCF800E0C3F8B008FF2083F828
:10CCC000B40803F6B8004FF0320C026003F6C40259
:10CCD00004F5D074116003F6C802116003F6CC02AB
:10CCE0005449C2F800E003F50D621160524A83F81E
:10CCF000C0B807CAD6F85C31043383E80700D6F819
:10CD000060314E499D60C3F804C0DD6083ED008A48
:10CD1000D6F86431C3E901C5DD6083ED008AD6F839
:10CD2000683168229D809D609F7109F11C00E5F7C4
:10CD30006FF9DFF820C1009FACF10C0207CA87E849
:10CD400007003B46D9E905E503CBCEF82C00CEF829
:10CD500030101B788EF83430BCE80F002C350FC52E
:10CD6000BCE80F000FC5DCF800302B603046FBF745
:10CD7000C7F806F52C7609F5D879BBF1000F02D17A
:10CD80004FF0010B0BE7019FFFF764F997F8CC32E6
:10CD900093B997F88931002B40F0CE8097F88A310B
:10CDA00013B1274A12683AB197F88B3123B1254B5A
:10CDB0001B68B3FA83F35B0987F8CC32F0F78CFB7E
:10CDC00000287BD1FEE700BF0070FF1F78E700203E
:10CDD00068E700206C9F020828A1002040E10020A5
:10CDE00000880020E00E00200AD7A33CDB0F494258
:10CDF000DB0F494100007A4400000000ABAA2A3E44
:10CE000015AE6F420B0B020C0C0207070404030360
:10CE1000A89802080AD723BCB498020801000300AE
:10CE2000ABAAAA3E9A99993F0AD7233C0000A04199
:10CE300000010101000020C1C0980208CC9802083E
:10CE40008409002010900020408B00205CBE020866
:10CE50000000204140990208A64CA7494AF6CC326E
:10CE6000C4E9010201254FF4A872257001F086F98A
:10CE7000F8B92389A04E4FF4A87543F6655016F80B
:10CE8000012B83EA0223082219B25B00002902F178
:10CE9000FF329BB2B8BF434012F0FF02F4D1013D14
:10CEA000EDD16068227800F5A870012AC4E9010379
:10CEB00048D0022323700DF1380B19E60024F0F757
:10CEC000D3F9F0F723FA012103A80394F8F74EFEF3
:10CED0008A4B214618600425F8F75EFE214605A816
:10CEE000CDE90555F8F7AAFE854B0895186021464F
:10CEF000072307A80793F8F7A1FE824B0494186054
:10CF0000012104A8F8F732FE7F4B21461860F8F79C
:10CF100043FE7E4B7E491B687E4A09919B08009820
:10CF20000D932146CDE90B440A92F8F7BFFD7A4BE9
:10CF30001860F8F7B5FDFEE7784A1268002A7FF41A
:10CF40002DAF39E776490C2201F018F90028B0D14D
:10CF50002389734E0C2543F6655016F8012B83EA9E
:10CF60000223082219B25B00002902F1FF329BB2B2
:10CF7000B8BF434012F0FF02F4D1013DEDD1626829
:10CF8000DFF8A891674E684D0C32C4E9012309F51A
:10CF9000AC672378012B8CD1A5F158086068582222
:10CFA000414601F0EBF8002883D1238943F6655010
:10CFB00018F8012B83EA0223082219B25B0000292A
:10CFC00002F1FF329BB2B8BF434012F0FF02F4D12E
:10CFD000A845EDD16068A3602378D9F8ECA058305B
:10CFE000012B60607FF465AF0AF104080C22414612
:10CFF00001F0C4F800287FF45CAF23890AF1100A1D
:10D0000043F6655018F8012B83EA0223082219B26F
:10D010005B00002902F1FF329BB2B8BF434012F01F
:10D02000FF02F4D1C245EDD16068A3602378D9F83E
:10D03000F0A00C30012B60607FF43BAF0AF11808C0
:10D040004FF46352414601F099F800287FF431AF64
:10D050000AF563502389183043F6655C18F8012BF4
:10D0600083EA0223082219B25B00002902F1FF3291
:10D070009BB2B8BF83EA0C0312F0FF02F3D18045E4
:10D08000ECD16068A3602378D9F84CA100F5635017
:10D09000012B60607FF40DAF0AF104080C224146B9
:10D0A00001F06CF800287FF404AF23890AF1100A1C
:10D0B00043F6655018F8012B83EA0223082219B2BF
:10D0C0005B00002902F1FF329BB2B8BF434012F06F
:10D0D000FF02F4D1C245EDD1A3606368D9F85011C5
:10D0E00004480C336360FFF7A1FC08BB0DF1380B5B
:10D0F000FEE400BF28A10020B8E2002074E4002074
:10D1000070E400206CE4002068E4002004BB020806
:10D11000609F020821C001080492002088090020B5
:10D1200028E200205C8B00208C880020F00E00207C
:10D13000D9F854116948FFF779FC0028D6D0227835
:10D14000D9F85831012A7FF4B4AE03F104086068BD
:10D150000822414601F012F800287FF4AAAE208987
:10D1600041460822FEF7F8FE2378A0606068012B94
:10D1700000F1080060607FF49CAE6822314600F048
:10D18000FDFF00287FF495AE208968223146FEF726
:10D19000E3FE2278A060606856F8083C6830012AF7
:10D1A00060607FF486AE03F12C080C22414600F04B
:10D1B000E5FF00287FF47DAE20890C224146FEF772
:10D1C000CBFE2278A060606856F8043C0C30012A3F
:10D1D00060607FF46EAE03F12C082422414600F01B
:10D1E000CDFF00287FF465AE208941462422FEF75A
:10D1F000B3FE2378A0606068012B00F1240060601A
:10D200007FF457AE9C22494600F0B8FF00287FF417
:10D2100050AE20899C224946FEF79EFE6268A060BF
:10D2200009F52C790346B94502F19C0006F5D8763C
:10D2300005F5D07560607FF4ACAE9A462378012B7B
:10D2400090460DF1380B02D00223237050E40222E5
:10D25000594600F093FF0028F6D19DF83820238925
:10D2600043F6655083EA0223082219B25B000029C5
:10D2700002F1FF329BB2B8BF434012F0FF02F4D17B
:10D280009DF8392043F6655083EA0223082219B23B
:10D290005B00002902F1FF329BB2B8BF434012F09D
:10D2A000FF02F4D1A3606368023363602378012B2B
:10D2B00002D0002323701BE4BDF838305345F8D169
:10D2C0002270FEF7C7FE00283FF412AC044F08F1AD
:10D2D0009E03C7F8C83209AB009357E528A1002088
:10D2E00040E1002070B56C4D44F228320021284600
:10D2F000E3F7B2F8694A6A4B14786A4A18786A49BF
:10D3000012780978002364F3070360F30F2362F3B4
:10D310001743664A2A6061F31F63654A6549C5F889
:10D320004F30C5E90F12644AAA646449644B6548EA
:10D33000686540F20362A5F84C203822C5E916134F
:10D3400085F84E20604B614A6149C5F8BC10C5E9BB
:10D350002D2300264FF07E504FF4805205F5804477
:10D3600068644FF07C53C5F8C82031464FF48042C2
:10D3700005F1D800C5F8D030E3F76EF8554AC4F887
:10D38000E0200122544B84F8EC2004F1E0014FF43A
:10D390008062C4F8E830C4F8102105F58345A4F88C
:10D3A000DC6084F8E46004F59073C4F8F410FF22A4
:10D3B00003F80C2C0C339D42FAD1484BC4F8B03121
:10D3C000C4F8B831C4F8BC314FF0FF43C4F8C031E1
:10D3D000434BC4F8C4310023C4F8A0314FF080435C
:10D3E000C4F8A4314FF08243C4F8AC313D4E4FF441
:10D3F000E133C4E96333C4F894314FF00333C4F824
:10D400009A310FCE04F5BC7CACE80F0000253368E0
:10D410008CF800304FF0010E3022294604F5E670FA
:10D42000A4F889E1A4F898E1C4F8745184F88B5108
:10D4300084F8A85184F8B451C4F8C851E3F70CF843
:10D44000CC22294604F5FE70E3F706F8264B274A5E
:10D450001B78C4F8C852FF3B18BF0123C4E9B45578
:10D46000C4E9B655C4E9B955C4E9BB55C4E9BD55CD
:10D47000C4E9BF55C4E9C155C4E9C355C4E9C5559C
:10D48000C4E9C75584F8CC5284F8E05284F82433B8
:10D490001570157370BD00BF40A10020F3C40308D0
:10D4A000F2C40308F1C40308F0C40308D4C002089E
:10D4B00008A10020D40A002078E7002004A1002061
:10D4C00000A1002005A10020CCF60020BCF6002021
:10D4D000C8C002086CC1020890D0030015AE6F42AC
:10D4E0000AD723BC649902080078FF1F28A10020F6
:10D4F0002DE9F04F00F5804AC94ADAF8DC32CAF863
:10D50000D4120133CAF8DC32566AC64C83B07600B6
:10D5100001908846B6B204F5AC692346D3F8E420FE
:10D52000D3F800110132C3F8E420D3F8EC20013223
:10D53000C3F8EC20D3F8F42001F540510132C3F8D0
:10D54000F420D1F84809D3F8AC200130C1F84809DB
:10D55000D2F89C00D3F858110130C2F89C00D2F8E0
:10D56000A4000130C2F8A400D2F8D0000130C2F803
:10D57000D000D2F8D8000130C2F8D800D2F8E000CC
:10D580000130C2F8E000D1F890210132C1F89021B9
:10D59000D1F89C210132C1F89C21D3F82821013215
:10D5A000C3F82821D3F834210132C3F83421D3F849
:10D5B00040210132C3F84021D3F848210132C3F899
:10D5C0004821D3F850210132C3F85021D3F8FC2070
:10D5D000916A01319162116B01311163916B03F515
:10D5E0002C7301319945916398D10AF0B5FA8E48B0
:10D5F000FEF7A8F88A4B8D4D5B6A29785B009BB2D9
:10D600009A1B19B1CAE9BD63CAF8FC22DAF80033E3
:10D61000844EDFF80CB2934238BF1346CAF8003389
:10D62000DBF82470D6F860017F00BFB2FCF7ECFB9A
:10D63000D6F86401FCF7E8FBDBF8243029785B00BE
:10D640009BB2DA1B19B1C6E96773C6F8A421D6F8F4
:10D65000A831934238BF1346C6F8A83106F52C7698
:10D66000B145DDD16E4B6F4E5B6A5B001FFA83FBE9
:10D6700041463046FAF732FD07463046FAF76CFD70
:10D6800007B120B9D6F858010021FAF7ABFE06F52C
:10D690002C76B145ECD1624B29785B6A5B009BB27A
:10D6A000A3EB0B0219B1CAE9C1B3CAF80C23DAF82B
:10D6B00010335C4E934238BF1346CAF81033DFF87C
:10D6C00060A1DAF82470D6F858317F005869BFB2EB
:10D6D000FBF726FCD6F858319869FBF721FCDAF8FD
:10D6E000243029785B009BB2DA1B19B1C6E95B7361
:10D6F000C6F87421D6F87831D6F8AC00934238BF1A
:10D700001346C6F87831DAF824707F00BFB2FCF710
:10D71000A7F8DAF8243029785B009BB2DA1B19B13C
:10D72000C6E95F73C6F88421D6F88831934238BFC2
:10D730001346C6F8883106F52C76B145C1D13C4E6A
:10D74000374F7B6AD4F8FC004FEA430A1FFA8AFA83
:10D75000FEF73EF87B6A29785B009BB2A3EB0A02D6
:10D7600019B1C4E963A3C4F89421D4F89831D4F86A
:10D770000001934238BF1346C4F898317B6A4FEAE0
:10D78000430A1FFA8AFAFCF761FE20B94FF40071D0
:10D790003046FEF7C7FC7B6A29785B009BB2A3EB9F
:10D7A0000A0219B1C4E96FA3C4F8C421D4F8C8317E
:10D7B000934238BF1346C4F8C8317B6A41464FEAEA
:10D7C000430A04F582701FFA8AFAFDF719FF7B6A93
:10D7D00029785B009BB2A3EB0A0219B1C4E973A3D9
:10D7E000C4F8D421D4F8D831D4F85801934238BFC2
:10D7F0001346C4F8D8317B6A41464FEA430A1FFA00
:10D800008AFAFBF7D5F97B6A29785B009BB2A3EB18
:10D810000A0279B1C4E97BA3C4F8F4210AE000BF8D
:10D82000001C0040E00E0020FCA100201C90002005
:10D8300028110020D4F8F831D4F85801934238BFA9
:10D840001346C4F8F8317B6AC8304FEA430A4146B0
:10D850001FFA8AFAFDF780FD7B6A29785B009BB28C
:10D86000A3EB0A0219B1C4E97FA3C4F80422D4F8D7
:10D870000832934238BF1346C4F8083204F52C74BA
:10D88000A14506F52C767FF45CAF384BD3F83C020B
:10D8900010B10121F8F740F9344BD3F8EC0410B182
:10D8A0000121F8F739F9324BD3F8C821314B102A4E
:10D8B00098BF03EBC2031C685CB12F489D88FEF73C
:10D8C00003FF29460246204603B0BDE8F04FF3F7B8
:10D8D00053BA03B0BDE8F08F514604F5FE70FAF775
:10D8E00087FC0AF063FE514604F5F670FAF780FCF7
:10D8F0000AF05CFE514604F5E670FAF779FC0AF08E
:10D9000055FE514604F5DE70FAF772FC0AF04EFE41
:10D91000514604F5C670FAF76BFC0AF047FE39462B
:10D9200006F5BE70FAF764FC0AF040FE394606F5CB
:10D93000B670FAF75DFC0AF039FE019B03F58640EC
:10D9400059460430FAF754FC0AF030FE394606F521
:10D95000CE70FAF74DFC0AF029FE019B03F58540D5
:10D9600031467430FAF744FC0AF020FEE00E002045
:10D9700040E10020540E002040A1002070B5046852
:10D98000654DAC4288B05FD0644DAC4217D0644D59
:10D99000AC427BD0634DAC4200F08680624DAC421D
:10D9A00066D0624DAC4200F08D80614DAC4200F01B
:10D9B000A580604DAC4200F09380002042E005F568
:10D9C0005055002601962E6B46F002062E632D6BF5
:10D9D00005F002050195019D8088400844D0B0FA09
:10D9E00080F0C0F120001FFA80FE4FEA4E004FF099
:10D9F000030C0CFA00FC82406FEA0C0C266801F064
:10DA0000030506EA0C0685403543256021F0100524
:10DA1000013D012D10D88340A06800EA0C000343AB
:10DA2000A36063680120090900FA0EF001FA0EF103
:10DA300023EA000319436160E36803EA0C031A4315
:10DA40000120E26008B070BD05F560550026009623
:10DA50002E6B808846F001062E632D6B05F00105C4
:10DA600000954008009DBAD16FF0030C8646C5E7CB
:10DA700005F52055002604962E6B46F010062E6301
:10DA80002D6B05F010050495049DA5E705F540559F
:10DA9000002602962E6B46F004062E632D6B05F0D1
:10DAA00004050295029D97E705F53055002603967B
:10DAB0002E6B46F008062E632D6B05F008050395C6
:10DAC000039D89E705F51055002605962E6B46F057
:10DAD00020062E632D6B05F020050595059D7BE73F
:10DAE00005F5E055002607962E6B46F080062E635E
:10DAF0002D6B05F080050795079D6DE705F5005531
:10DB0000002606962E6B46F040062E632D6B05F020
:10DB100040050695069D5FE70000024000040240B4
:10DB200000080240000C02400010024000140240B5
:10DB300000180240001C02402DE9F041B0F804C07A
:10DB40005FEA5C0C82B000F09980BCFA8CFCCCF1EE
:10DB5000200C544D1FFA8CFC0CEB4C0E05EB8E0E7A
:10DB60000468BFF35B8F5EE8006F002E03D14EE8C0
:10DB70000047002FF7D1BFF35B8F0CBF01240024B7
:10DB800040F08E80484C494F00260196666C46F462
:10DB9000804666644FEA9C0E646C4FEA8E0E0EF16E
:10DBA000804E04F480440EF59C3E01940CF0030872
:10DBB000019CDEF808404FEA88080F2606FA08F6AE
:10DBC00024EA06040668BE421AD007F58067BE4202
:10DBD00045D0374FBE424CD0364FBE4244D0364F70
:10DBE000BE424ED0354FBE4250D0354FBE4252D0CD
:10DBF000344FBE420CBF0726082606FA08F6344307
:10DC00008688CEF8084030486FEA060EE1B9816890
:10DC100001EA0E0181602C49E2B1CA683243CA6050
:10DC200029494C6804EA0E044C600C6834430C60CB
:10DC30000CEB4C0C4E61089905EB8C02C2E90131EA
:10DC4000012002B0BDE8F0818168314381601E4946
:10DC5000002AE2D1CA6802EA0E02CA60E0E70126A1
:10DC600006FA08F63443CBE7032606FA08F63443EF
:10DC7000C6E7022606FA08F63443C1E7094DAE4668
:10DC80006EE7042606FA08F63443B9E7052606FAD5
:10DC900008F63443B4E7062606FA08F63443AFE73D
:10DCA0002046CEE784E40020003802400000024015
:10DCB00000080240000C0240001002400014024024
:10DCC00000180240001C0240003C014082885308BA
:10DCD00030B404D0B3FA83F3C3F120039BB203EB57
:10DCE00043030C4900684FEA830C01EB830351F8AE
:10DCF0000C40844201D030BC7047074C256800209E
:10DD000015432560626130BCC3E9010041F80C0095
:10DD1000704700BF84E40020003C0140054B5A6975
:10DD2000D20706D504494A68012058610AB18868BB
:10DD300010477047003C014084E40020054B5A69BD
:10DD4000920706D504490A69022058610AB1486958
:10DD500010477047003C014084E40020054B5A699D
:10DD6000520706D50449CA69042058610AB1086AF5
:10DD700010477047003C014084E40020054B5A697D
:10DD8000120706D504498A6A082058610AB1C86A90
:10DD900010477047003C014084E40020054B5A695D
:10DDA000D20606D504494A6B102058610AB1886B27
:10DDB00010477047003C014084E400201E4B5A6924
:10DDC000920610B506D51D490A6C202058610AB18B
:10DDD000486C9047184B5A69540606D51749CA6CC7
:10DDE000402058610AB1086D9047134B5A691006DC
:10DDF00006D512498A6D802058610AB1C86D9047D6
:10DE00000D4B5A69D10507D50C494A6E4FF4807005
:10DE100058610AB1886E9047074B5A69920509D537
:10DE200006490A6F4FF4007058611AB1BDE81040FE
:10DE3000486F104710BD00BF003C014084E4002043
:10DE40002B4B5A69510510B508D52A49CA6F4FF4B2
:10DE50008060586112B1D1F880009047244B5A6914
:10DE6000120509D52349D1F888204FF40060586184
:10DE700012B1D1F88C0090471D4B5A69D40409D5D2
:10DE80001C49D1F894204FF48050586112B1D1F858
:10DE900098009047164B5A69900409D51549D1F856
:10DEA000A0204FF40050586112B1D1F8A40090475F
:10DEB0000F4B5A69510409D50E49D1F8AC204FF4E3
:10DEC0008040586112B1D1F8B0009047084B5A69B0
:10DED00012040BD50749D1F8B8204FF4004058611F
:10DEE00022B1BDE81040D1F8BC00104710BD00BF02
:10DEF000003C014084E40020024B00221A609A801A
:10DF0000704700BF7CE4002030B5002387B0416833
:10DF100003910122CDE901330223CDE90423054613
:10DF2000F2F7F2FB0A4BF322DA60694601A8F2F736
:10DF3000EDFC38B9EB682B600446F2F7F9FB20469C
:10DF400007B030BDF2F7F4FBF2F7FCFB07B030BDD1
:10DF5000003C02402DE9F0410646C068884250D896
:10DF6000B4688818A0424CD25BB21D0145EA830513
:10DF70001D4345EA83154B0003F0060301F0030837
:10DF8000FF249C40904421F00307F2F7BDFB1E4B99
:10DF9000E443F322EDB2E4B2DA600EE0316945EA1F
:10DFA0000402002301EB9701D2B21846F2F7FEFB00
:10DFB000A8F1040804460437E8B9B8F1030FEDD816
:10DFC000B8F1000F12D0C8F104084FEA48086FF00A
:10DFD000FF023169254342FA08F200232A4301EB8C
:10DFE00097011846D2B2F2F7E1FB20B9F2F7A0FB95
:10DFF0000020BDE8F081F2F79BFBBDE8F041F2F7AD
:10E00000A1BB4FF0FF30F4E7003C024052B2F0B544
:10E01000C4684FEA021E06464EEA820EC81C20F073
:10E02000030042EA0E0E251D4EEA821EA8424FFA58
:10E030008EF7A0EB01015FFA8EFE38D3421E3669DF
:10E040009208B25CD2B281B14FEA410C6FF0FF018D
:10E0500041FA0CF122EA01020EEA01010A4304E04E
:10E06000AC451FD3725C6046D2B2411F72454FEA85
:10E070009101A0F1040CF3D007F00307B7EB921F56
:10E080004FEA921510D1A04202D80DE0A04207D06D
:10E090009200C2F38111A94200F1FF30D2B2F5D053
:10E0A0001970F0BD6046E7E729461970F0BD724669
:10E0B000E2E700BF30B5184C83B0A1680DF105034D
:10E0C00003222046FFF7A2FF0DF106030322206082
:10E0D000216A054604F11800FFF798FF0F4BA06175
:10E0E00000221A709DF806209AB9012205461A707E
:10E0F00004F118000DF1070329460022FFF786FFFF
:10E1000000230749074A2D1A18460D60136003B013
:10E1100030BD2046EEE700BFD80A00204CE50020C5
:10E1200044E5002048E5002038B50949094C0020A5
:10E13000E268636A087020462260A361FFF7E4FE8C
:10E14000054604F11800FFF7DFFE284338BD00BF85
:10E150004CE50020D80A0020064B074A1B78C3F183
:10E16000010303EB430302EBC303D3E90203C01A29
:10E17000C00070474CE50020D80A002038B5104C8C
:10E18000256800EB020CBCEBC50F15D8034608460A
:10E190000C4991F800C00C490CEB4C0C51F83C4078
:10E1A00001EBCC01A4EB050C496903EBCC0319444A
:10E1B000E3F72EFF002038BD4FF0FF3038BD00BF21
:10E1C00044E500204CE50020D80A0020F8B5134BA8
:10E1D000134E1B78C3F1010303EB430306EBC305A6
:10E1E000DC00D5E9023207309A1AB2EBD00F12D315
:10E1F0003159C7085B1ABB4204D22846FFF784FE98
:10E2000040B9315901233A462846FFF7A3FE08B921
:10E21000044B1F60F8BD4FF0FF30F8BD4CE5002007
:10E22000D80A002048E500203B4B2DE9F041154677
:10E230001A684319B3EBC20F6BD8384B04461F78EA
:10E240008846F2F761FA364BF322DA60A207C7F18B
:10E25000010721D0002D57D0324E07EB470306EBC4
:10E26000C30606E00134A30705F1FF3514D0002DE5
:10E270004AD032687169002301EBC201214418F8C9
:10E28000012B1846F2F792FA0028EBD0F2F750FA79
:10E29000BDE8F041F2F756BA032D18D9214E07EB2D
:10E2A000470306EBC30604E0043D032D04F1040418
:10E2B0000DD93368716958F8042B01EBC30121446F
:10E2C00000230220F2F772FA0028EDD0DEE7DDB17C
:10E2D000144E07EB470306EBC30608EB050745465C
:10E2E00001E0BD4210D07269316802EBC1012144E6
:10E2F0000023A1EB08012944184615F8012BF2F779
:10E3000055FA0028EDD0C1E7F2F712FA0020BDE877
:10E31000F0814FF0FF30FAE748E500204CE500209F
:10E32000003C0240D80A00202DE9F0411D4E1E4D50
:10E3300034781E4FC4F1010000EB40004FEAC008E2
:10E340003A6855F8081005EBC0000023FFF702FEFD
:10E3500008BB3A6855F808303860134445F808306F
:10E36000134B1A6004EB4403DF0005EBC303327860
:10E37000D3F808C0E95904EB4404C2F10103614534
:10E38000337005EBC40008D201231A46FFF7E2FD03
:10E39000EB590133EB51BDE8F081BDE8F041FFF7E7
:10E3A000B3BD00BF4CE50020D80A002048E500209E
:10E3B00044E500200170704702680B689A4201D062
:10E3C0000020704742684B689A42F9D182688B6896
:10E3D0009A42F5D1C268CB689A42F1D102690B69C1
:10E3E0009A42EDD142694B699A42E9D182698B69BF
:10E3F0009A42E5D1C269CB699A42E1D1026A0B6ABD
:10E400009A42DDD1426A4B6A9A42D9D1806A8B6ABC
:10E41000C31A58425841704748304FF00102BFF3C9
:10E420005B8FD0E84F3FC0E8412F0029F9D1BFF3FF
:10E430005B8FD8B2B0FA80F040097047002380F8B3
:10E4400048307047F8B54468F4B106680546311D98
:10E450002046FFF7B1FFC8B1E06A218E002832D014
:10E460000022F2F789FC2E68B36C93F83530012B4B
:10E4700004D1F36C93F83530012B2ED0E06A218E55
:10E4800010B10122F2F778FC0020F8BD3046F4F715
:10E49000FDF9A446BCE80F002F683E1D0FC6BCE87E
:10E4A0000F000FC69CE8070086E807003846F4F71F
:10E4B000ADF92E68E06A3268218E136843F040039C
:10E4C00013600028CCD1B36C93F83530012BDBD12D
:10E4D000F36C93F83530012BD0D1D4E90D1571B11F
:10E4E000A38F3DB12A463046F4F742FA0028C5D141
:10E4F0000120F8BD1A463046F4F7E0F9F6E7002DA2
:10E50000BCD0A28F29463046F4F7B0FAEEE700BF40
:10E51000002310B50C46CB64EFF3108172B643684C
:10E5200000F1040C53B11A46DB6C002BFBD142F80E
:10E530004C4F81F31088944503D010BD446081F3A3
:10E540001088FFF77FFF01460028F6D1236C002BCF
:10E55000F3D0606CBDE81040184700BF84B0F0B540
:10E5600097B00DF1740C8CE80E000023CDE9143344
:10E570001D4B1293FF2307468DF80730BCE80F00B0
:10E580000DF1080EAEE80F00BCE80F00AEE80F007A
:10E590009CE8070028AD8EE8070095E803000DAC65
:10E5A00084E803002A9B0F932B9B10930DF1070621
:10E5B0002C9B1193384602A91396FFF7A9FF9DF8EB
:10E5C0000730FF2B06D10120F7F79EFA9DF80730A0
:10E5D000FF2BF8D09DF80700003818BF012017B0B6
:10E5E000BDE8F04004B07047B5E301084368E3B10B
:10E5F00010B50446D86A20B1198E0122F2F7BCFB8F
:10E6000063681A6C12B1586C01219047EFF31082C5
:10E6100072B66368DB6C636082F3108823B12046B6
:10E62000BDE81040FFF70EBF10BD704730B505467E
:10E6300089B0D0F894000C46F1F78EFD88B92279A4
:10E64000216892000492A2790346D5F894008DF8CF
:10E650001C30CDE90211CDE905320193F1F7F0FB51
:10E6600010B9002009B030BDD5F8940001ABE21D0F
:10E6700002A9F1F78BFBB0FA80F0400909B030BD78
:10E6800000F13402914207D300F194029142034613
:10E6900002D20A78FF2A01D00020704710B5D3F8C3
:10E6A00094408AB0282200216846E1F7D5FE6946E9
:10E6B0002046F1F77BFAB0FA80F040090AB010BDAD
:10E6C000F0B500F1340500F19406504CA6EB050CB2
:10E6D0004FEAAC0C04FB0CFC8BB04FEAAC0EBEF165
:10E6E000000F109F40F385800EEB4E0E00EB0E1EC8
:10E6F0000EF1340E2C4611E094F80CC0BCF1FF0F63
:10E700004BD094F818C0BCF1FF0F48D094F824C047
:10E71000BCF1FF0F45D03034744544D094F800C0AC
:10E72000BCF1FF0FE8D1A64253D0C4E90123002376
:10E73000237007B13C600B79012B25D0002B5AD1F7
:10E740008B680A885B05520543F004032F49D0F813
:10E750009400641BA41001FB04F40021CDE904140F
:10E760000124CDE90744140C069192B20094694645
:10E770001C0C9BB2CDE901240393F1F717FAB0FA10
:10E7800080F040090BB0F0BD0A688B68D200DB0056
:10E7900042F0040243F00403D8E70C34C3E7183412
:10E7A000C1E72434BFE7DFF864E0A6EB040C4FEACE
:10E7B000AC0C0EFB0CFCBCF1020F13D0BCF1030F30
:10E7C0000AD0BCF1010F04D194F800C0BCF1FF0FD6
:10E7D000A9D000200BB0F0BD94F800C0BCF1FF0F31
:10E7E000A1D00C3494F800C0BCF1FF0F9BD00C34C6
:10E7F000EAE72C46DFE7082009F030FE044C054923
:10E80000054AC0E9004105490AF00EFBABAAAAAAD5
:10E810004CBC02081C9F02088581010838BC020814
:10E8200010B50446D0F89400F1F780FAD4F89400BB
:10E83000F1F794FCD4F89400F1F738F908B100200E
:10E8400010BDD4F89400F1F743FA0028F7D1D4F8BA
:10E8500094001321F1F70CFBB0FA80F0400910BDD1
:10E860008268084910B5B1FBF2F404FB02F28A4257
:10E87000006105D1D0F8943013B15C60FFF7D0FF90
:10E88000012010BD80841E000C4A10B4B2FBF1F4CC
:10E8900004FB01FC944508D1D0F89420816042B17A
:10E8A00054605DF8044BFFF7BBBF00205DF8044BDC
:10E8B000704701205DF8044B704700BF80841E0044
:10E8C00008B50121F1F7EAFA024B1868BDE80840E3
:10E8D000F7F78EB968E4002008B50121F1F7DEFAF8
:10E8E000024B1868BDE80840F7F782B968E40020D9
:10E8F00008B50121F1F7D2FA024B1868BDE80840CB
:10E90000F7F776B968E40020704700BF704700BF92
:10E91000704700BF08B50221F1F7C0FA024B186832
:10E92000BDE80840F7F764B968E4002008B5102195
:10E93000F1F7B4FA024B1868BDE80840F7F758B988
:10E9400068E40020704700BF704700BF704700BFF9
:10E95000704700BF704700BF00207047002070471D
:10E9600000207047007870470170704790ED000AF2
:10E97000704700BF90ED000A704700BF80ED000AAD
:10E98000704700BFD0E90001704700BF00787047B2
:10E9900000787047006870470078704701707047D2
:10E9A00000687047016070470068704700787047E2
:10E9B00001707047007870470170704700787047A9
:10E9C00001707047006882B002B0704782B0016089
:10E9D00002B0704700787047017070470068704758
:10E9E00001607047D0E90001704700BF00787047B0
:10E9F0000078704701707047D0E90001704700BF90
:10EA0000C0E90023704700BF00687047016070478D
:10EA10000078704701707047007870470170704748
:10EA20000078704701707047007870470170704738
:10EA300000887047018070470088704701807047E8
:10EA400000887047018070470078704701707047F8
:10EA500082B010B502A981E80C0004461022002102
:10EA6000E1F7FAFC2046BDE8104002B0704700BF55
:10EA7000A1F10801ECE700BF82B010B502A981E85E
:10EA80000C00044610220021E1F7E6FC2046BDE818
:10EA9000104002B0704700BFA1F10801ECE700BFD1
:10EAA00082B010B502A981E80C00044610220021B2
:10EAB000E1F7D2FC2046BDE8104002B0704700BF2D
:10EAC000A1F10801ECE700BF82B010B502A981E80E
:10EAD0000C00044610220021E1F7BEFC2046BDE8F0
:10EAE000104002B0704700BFA1F10801ECE700BF81
:10EAF00082B010B502A981E80C0004461022002162
:10EB0000E1F7AAFC2046BDE8104002B0704700BF04
:10EB1000A1F10801ECE700BF82B010B502A981E8BD
:10EB20000C00044610220021E1F796FC2046BDE8C7
:10EB3000104002B0704700BFA1F10801ECE700BF30
:10EB400082B010B502A981E80C0004461022002111
:10EB5000E1F782FC2046BDE8104002B0704700BFDC
:10EB6000A1F10801ECE700BF82B010B502A981E86D
:10EB70000C00044610220021E1F76EFC2046BDE89F
:10EB8000104002B0704700BFA1F10801ECE700BFE0
:10EB900082B010B502A981E80C00044610220021C1
:10EBA000E1F75AFC2046BDE8104002B0704700BFB4
:10EBB000A1F10801ECE700BF82B010B502A981E81D
:10EBC0000C00044610220021E1F746FC2046BDE877
:10EBD000104002B0704700BFA1F10801ECE700BF90
:10EBE00082B010B502A981E80C0004461022002171
:10EBF000E1F732FC2046BDE8104002B0704700BF8C
:10EC0000A1F10801ECE700BF82B010B502A981E8CC
:10EC10000C00044610220021E1F71EFC2046BDE84E
:10EC2000104002B0704700BFA1F10801ECE700BF3F
:10EC300082B010B502A981E80C0004461022002120
:10EC4000E1F70AFC2046BDE8104002B0704700BF63
:10EC5000A1F10801ECE700BF82B010B502A981E87C
:10EC60000C00044610220021E1F7F6FB2046BDE827
:10EC7000104002B0704700BFA1F10801ECE700BFEF
:10EC80000020704782B010B502A981E80C0004464C
:10EC900010220021E1F7E0FB2046BDE8104002B061
:10ECA000704700BFA1F10801ECE700BF00207047EA
:10ECB000A0F10400FAE700BF82B010B502A981E814
:10ECC0000C00044610220021E1F7C6FB2046BDE8F7
:10ECD000104002B0704700BFA1F10801ECE700BF8F
:10ECE00082B010B502A981E80C0004461022002170
:10ECF000E1F7B2FB2046BDE8104002B0704700BF0C
:10ED0000A1F10801ECE700BF82B010B502A981E8CB
:10ED10000C00044610220021E1F79EFB2046BDE8CE
:10ED2000104002B0704700BFA1F10801ECE700BF3E
:10ED300082B010B502A981E80C000446102200211F
:10ED4000E1F78AFB2046BDE8104002B0704700BFE3
:10ED5000A1F10801ECE700BF82B010B502A981E87B
:10ED60000C00044610220021E1F776FB2046BDE8A6
:10ED7000104002B0704700BFA1F10801ECE700BFEE
:10ED800082B010B502A981E80C00044610220021CF
:10ED9000E1F762FB2046BDE8104002B0704700BFBB
:10EDA000A1F10801ECE700BF82B010B502A981E82B
:10EDB0000C00044610220021E1F74EFB2046BDE87E
:10EDC000104002B0704700BFA1F10801ECE700BF9E
:10EDD00010B582B00C4601AA0449E1F78FFB012867
:10EDE00006BF019B2370002002B010BD809F020867
:10EDF00030B40C4C0C4D43F6655114F8012B08232C
:10EE000080EA022002B24000002A03F1FF3380B200
:10EE1000B8BF484013F0FF03F4D1AC42EDD130BC91
:10EE2000704700BF50CF020861A7030870B51E46A7
:10EE3000D1E9000315469847034A03463146284660
:10EE4000E3F78EF8012070BD809F0208A0F1040056
:10EE5000ECE700BF37B51D46D1E9000314469847DB
:10EE600010EE100AEBF792FF044ACDE900012946A3
:10EE70002046E3F775F8012003B030BD78C10208E1
:10EE8000A0F10400E6E700BF10B5D1E90003144685
:10EE900098470023303020706370012010BD00BF00
:10EEA000A0F10400F0E700BF70B51E46D1E90003F1
:10EEB00015469847034A034631462846E3F750F87B
:10EEC000012070BD7BC10208A0F10400ECE700BF87
:10EED00070B51E46D1E9000315469847034A03461C
:10EEE00031462846E3F73CF8012070BD809F0208B8
:10EEF000A0F10400ECE700BF70B51E46D1E90003A5
:10EF000015469847034A034631462846E3F728F852
:10EF1000012070BD809F0208A0F10400ECE700BF53
:10EF200070B51E46D1E9000315469847034A0346CB
:10EF300031462846E3F714F8012070BD809F02088F
:10EF4000A0F10400ECE700BF08B5D1E90003984741
:10EF5000002008BDA0F10400F6E700BF70B51E4612
:10EF6000D1E9000315469847034A0346314628462F
:10EF7000E2F7F6FF012070BD809F0208A0F10400B7
:10EF8000ECE700BF70B51E46D1E90003154698476F
:10EF9000034A034631462846E2F7E2FF012070BDEE
:10EFA000809F0208A0F10400ECE700BF70B51E4688
:10EFB000D1E9000315469847034A034631462846DF
:10EFC000E2F7CEFF012070BD809F0208A0F104008F
:10EFD000ECE700BF70B51E46D1E90003154698471F
:10EFE000034A034631462846E2F7BAFF012070BDC6
:10EFF000809F0208A0F10400ECE700BF37B51D4672
:10F00000D1E9000314469847044ACDE90001294696
:10F010002046E2F7A5FF012003B030BD7FC1020802
:10F02000A0F10400EAE700BF70B51E46D1E9000375
:10F0300015469847034A034631462846E2F790FFB3
:10F04000012070BD84C10208A0F10400ECE700BFFC
:10F0500070B51E46D1E9000315469847034A03469A
:10F0600031462846E2F77CFF012070BD809F0208F0
:10F07000A0F10400ECE700BF70B51E46D1E9000323
:10F0800015469847034A034631462846E2F768FF8B
:10F09000012070BD809F0208A0F10400ECE700BFD2
:10F0A00070B51E46D1E9000315469847034A03464A
:10F0B00031462846E2F754FF012070BD809F0208C8
:10F0C000A0F10400ECE700BF70B51E46D1E90003D3
:10F0D00015469847034A034631462846E2F740FF63
:10F0E000012070BD809F0208A0F10400ECE700BF82
:10F0F00070B51E46D1E9000315469847034A0346FA
:10F1000031462846E2F72CFF012070BD809F02089F
:10F11000A0F10400ECE700BF70B51E46D1E9000382
:10F1200015469847034A034631462846E2F718FF3A
:10F13000012070BD809F0208A0F10400ECE700BF31
:10F1400070B51E46D1E9000315469847034A0346A9
:10F1500031462846E2F704FF012070BD809F020877
:10F16000A0F10400ECE700BF70B51E46D1E9000332
:10F1700015469847034A034631462846E2F7F0FE13
:10F18000012070BD809F0208A0F10400ECE700BFE1
:10F1900000887047FFF7FCBF40687047FFF7FCBF6F
:10F1A000807A7047FFF7FCBF00897047FFF7FCBF0C
:10F1B00090ED040A70470000FFF7FABF90F82500B1
:10F1C00070470000FFF7FABFB0F84C00704700002E
:10F1D000FFF7FABF90F82E0070470000FFF7FABF64
:10F1E00090F8240070470000FFF7FABF90ED0D0A79
:10F1F00070470000FFF7FABFC06A7047FFF7FCBF17
:10F2000000787047FFF7FCBF00F5645090ED050AE9
:10F2100070470000FFF7F8BF90ED0C0A7047000040
:10F22000FFF7FABF90ED050A70470000FFF7FABF3D
:10F2300090ED040A70470000FFF7FABF00787047AE
:10F24000FFF7FCBF008A7047FFF7FCBF008A7047DA
:10F25000FFF7FCBFC0897047FFF7FCBF006870472D
:10F26000FFF7FCBF10B52DED028B0C46E0F7ECFF6D
:10F27000D4E90003B0EE408A9847BCEEC80A206883
:10F28000A36810EE102A91B29847BDEC028B0120C2
:10F2900010BD10B52DED028B0C46E0F7D5FFD4E97B
:10F2A0000003B0EE408A9847FDEEC87A2068A36854
:10F2B00017EE901A9847BDEC028B012010BD38B5AF
:10F2C0000C46E0F7C1FF10EE105AD4E9000398474E
:10F2D0002846ECF79DFA02460B462068A16888474D
:10F2E000012038BD10B52DED028B0C46E0F7ACFFC8
:10F2F000D4E90003B0EE408A9847FCEEC87A206853
:10F30000A36817EE901A9847BDEC028B012010BD40
:10F3100010B52DED028B0C46E0F796FFD4E9000303
:10F32000B0EE408A9847FCEEC87A2068A36817EED2
:10F33000901A9847BDEC028B012010BD10B50C4609
:10F340002DED028BD1E90003B0EE408A984720688A
:10F35000A368B0EE480A9847BDEC028B012010BDAF
:10F3600000887047FFF7FCBF40687047FFF7FCBF9D
:10F37000807A7047FFF7FCBF00897047FFF7FCBF3A
:10F3800090ED0F0A70470000FFF7FABF90ED0D0AED
:10F3900070470000FFF7FABF90ED0B0A70470000BE
:10F3A000FFF7FABF90ED120A70470000FFF7FABFAF
:10F3B00090ED100A70470000FFF7FABF90ED0E0ABB
:10F3C00070470000FFF7FABF90ED040A7047000095
:10F3D000FFF7FABF90F8250070470000FFF7FABF6B
:10F3E000B0F84C0070470000FFF7FABF90F82E000D
:10F3F00070470000FFF7FABF90F824007047000044
:10F40000FFF7FABF90ED370A70470000FFF7FABF29
:10F4100090ED390A70470000FFF7FABF90ED350A0A
:10F4200070470000FFF7FABF90ED280A7047000010
:10F43000FFF7FABF90ED0D0A70470000FFF7FABF23
:10F44000C06A7047FFF7FCBF00787047FFF7FCBF4A
:10F4500000F5645090ED050A70470000FFF7F8BF13
:10F4600090ED0C0A70470000FFF7FABF90ED050A17
:10F4700070470000FFF7FABF90ED040A70470000E4
:10F48000FFF7FABF00787047FFF7FCBF90F87030C5
:10F4900013B190ED1B0A70479FED010A704700BF42
:10F4A00000000000FFF7F2BF90F8683013B190ED54
:10F4B000190A70479FED010A704700BF0000000065
:10F4C000FFF7F2BF008A7047FFF7FCBF008A704762
:10F4D000FFF7FCBFC0897047FFF7FCBF00687047AB
:10F4E000FFF7FCBFF7B510460D466A460A49E1F73B
:10F4F00005F8012801D000200BE0DDE90067044693
:10F50000D5E9000398472868A96832463B468847F2
:10F51000204603B0F0BD00BF7FC10208A0F1040087
:10F52000E0E700BF30B52DED028B83B0104600231D
:10F530000D4601AA0B490193E0F7E0FF01280CD129
:10F540009DED018A0446D5E9000398472868AB6819
:10F55000B0EE480A9847204600E0002003B0BDEC1A
:10F56000028B30BD78C10208A0F10400DAE700BFC9
:10F5700073B510460D4601AA0949E0F7BFFF0128FF
:10F5800001D0002009E0019E0446D5E90003984718
:10F590002868AB6831469847204602B070BD00BF6E
:10F5A0007BC10208A0F10400E2E700BF73B510467A
:10F5B0000D4601AA0949E0F7A1FF012801D000206A
:10F5C00009E0019E0446D5E9000398472868AB6826
:10F5D00031469847204602B070BD00BF809F0208A8
:10F5E000A0F10400E2E700BF73B510460D4601AA82
:10F5F0000949E0F783FF012801D0002009E0019EBE
:10F600000446D5E9000398472868AB683146984717
:10F61000204602B070BD00BF84C10208A0F1040002
:10F62000E2E700BF73B510460D4601AA0949E0F7AD
:10F6300065FF012801D000200AE0BDF804600446FF
:10F64000D5E9000398472868AB68314698472046BB
:10F6500002B070BD809F0208A0F10400E2E700BF85
:10F6600073B510460D4601AA0949E0F747FF012886
:10F6700001D000200AE0BDF804600446D5E900038B
:10F6800098472868AB6831469847204602B070BD5D
:10F69000809F0208A0F10400E2E700BF73B51046A6
:10F6A0000D4601AA0949E0F729FF012801D00020F1
:10F6B0000AE0BDF804600446D5E9000398472868CD
:10F6C000AB6831469847204602B070BD809F020863
:10F6D000A0F10400E2E700BF10B52DED028B0C464F
:10F6E000E0F7B2FDD4E90003B0EE408A9847BCEEE3
:10F6F000C80A2068A36810EE102A91B29847BDECA2
:10F70000028B012010BD10B52DED028B0C46E0F7E9
:10F710009BFDD4E90003B0EE408A9847BCEEC80ACE
:10F720002068A36810EE102A91B29847BDEC028BB6
:10F73000012010BD08F078BC2DE9F047DFF83481D6
:10F7400098F89A31023B012B14460D46174607D90B
:10F7500098F89D31023B012B2BD92046BDE8F0875C
:10F76000DFF81491D9E91006731C03F03F038342BC
:10F7700013D03F3606F03F06B0425BD8361A9642A9
:10F7800028BF164632464844E2F742FCD9F84030DA
:10F790001E4406F03F06C9F84060324B1A78002A32
:10F7A000D6D131490868012119700321F6F74CFAC6
:10F7B000CEE7DFF8C880D8E91006731C03F03F03DA
:10F7C000834214D03F3606F03F06B0421BD8361AAB
:10F7D000BE4228BF3E46324629464044E2F718FC66
:10F7E000D8F840301E4406F03F06C8F840601F4B72
:10F7F0001A78002AB1D11E4801211970006807212A
:10F80000F6F722FAA9E7C0F14007A74228BF27462A
:10F810003A4629464044E2F7FBFBD8F84000A742AD
:10F82000384400F03F0028BF27463D44C8F8400058
:10F83000E71BCCE7C0F1400A924528BF92465246EA
:10F840004844E2F7E5FBD9F84000A245504400F0F7
:10F850003F0028BFA246C9F8400005EB0A01A4EB0F
:10F860000A028BE7B4EA002070E4002014F00020C4
:10F870006CE4002040E10020D8ED002038F30020A7
:10F8800010B5024C8260C0E9004110BDB8CA020840
:10F890000B4611469868FEF7F7BF000008B50A4608
:10F8A00001460020FFF7F4FF08BD00BFD1F8980023
:10F8B000CA81F8F7B3BB000008B50A46014600202C
:10F8C000FFF7F4FF08BD00BFD1F898000A82F8F7EF
:10F8D000A5BB000008B50A4601460020FFF7F4FF6B
:10F8E00008BD00BF086A0A82F9F7F2BB08B50A46EC
:10F8F00001460020FFF7F6FF08BD00BF4B6E0A70FF
:10F9000093F89E2002B91A7F83F89E20704700006A
:10F9100008B50A4601460020FFF7F0FF08BD00BF0A
:10F92000486E81ED040AF8F77DBD000008B5014678
:10F930000020FFF7F5FF08BD486E81ED050AF8F7D6
:10F9400071BD000008B501460020FFF7F5FF08BDB6
:10F95000486E81ED0C0AF8F765BD000008B5014658
:10F960000020FFF7F5FF08BD10B50C46084604F56A
:10F970004054FAF7DDFC012384F83C3910BD000047
:10F9800008B501460020FFF7EFFF08BD0A7001F53A
:10F990004051D1F8BC08FAF701BD000008B50A468D
:10F9A00001460020FFF7F2FF08BD00BF02B9CA6A96
:10F9B000CA62704708B50A4601460020FFF7F6FF05
:10F9C00008BD00BF81ED0D0A01F54051D1F8BC081A
:10F9D000FAF714BD08B501460020FFF7F3FF08BD94
:10F9E0000B4681F82420586D0021F9F7F9BC00007E
:10F9F00008B50A4601460020FFF7F2FF08BD00BF28
:10FA00000B4681F82E20586D0021F9F7E9BC000063
:10FA100008B50A4601460020FFF7F2FF08BD00BF07
:10FA2000486DA1F84C20F9F795BE000008B50A46CC
:10FA300001460020FFF7F4FF08BD00BF486D81F8C4
:10FA40002520F9F71BBD000008B50A460146002035
:10FA5000FFF7F4FF08BD00BF486D81ED040AF9F718
:10FA6000DFBC000008B501460020FFF7F5FF08BD28
:10FA7000C8680A81FAF70EBA08B50A46014600209E
:10FA8000FFF7F6FF08BD00BFC8688A72FAF702BA2E
:10FA900008B50A4601460020FFF7F6FF08BD00BF83
:10FAA000C8684A60FAF7F6B908B50A460146002068
:10FAB000FFF7F6FF08BD00BF0A80704708B50A4689
:10FAC00001460020FFF7F8FF08BD00BF00B52DED8F
:10FAD000028B054B89B01B88019080B2984205D0FB
:10FAE000002003F092BD00BF64E7002000230793CD
:10FAF000BDF80630013BB0EE408AB3F5437F03F218
:10FB00007185DFE813F00D036F1D6F1D17036F1D67
:10FB10006F1D6F1D6F1D6F1D6F1D6F1D6F1D6F1D85
:10FB20006F1D6F1D6F1D6F1D21036F1D6F1D6F1DDD
:10FB30002B036F1D6F1D6F1D35036F1D6F1D6F1D17
:10FB40003F036F1D6F1D6F1D49036F1D6F1D6F1DDF
:10FB50006F1D6F1D6F1D6F1D6F1D6F1D6F1D6F1D45
:10FB60006F1D6F1D6F1D6F1D6F1D6F1D6F1D6F1D35
:10FB70006F1D6F1D6F1D6F1D6F1D6F1D6F1D6F1D25
:10FB80006F1D6F1D6F1D6F1D53036F1D5D03670399
:10FB900071037B036F1D85038F039903A303AD03DB
:10FBA000B703C103CB03D503DF03E903F303FD036D
:10FBB000070411041B048B0495049F04A904B304D7
:10FBC000BD04C704D104DB04E504EF04F904030514
:10FBD0000D05170521052B0535053F05490553057D
:10FBE0005D05670571057B0585058F059905F90597
:10FBF00003060D06170621062B0635063F064906A5
:10FC000053065D06670671067B066F1D6F1D6F1D2F
:10FC10006F1D85068F069906A306AD06B706C106B9
:10FC2000CB06D506DF06E906F306FD0607077307D0
:10FC30007D07870791079B07A507AF07B907C3078C
:10FC4000CD07D707E107EB07F507FF0709081308FA
:10FC50001D08270831083B0845084F085908630864
:10FC60006D0877088108D508DF08E908F308FD0862
:10FC7000070911091B0928096F1D6F1D6F1D6F1DD5
:10FC80006F1D350942094F096F1D5C096F1D6F1DFE
:10FC90006F1D6F1D6909770985096F1D9309A109FA
:10FCA000AF09BD09CB09D909E709F5096F1D6F1D1A
:10FCB000310A6F1D6F1D6F1D6F1D6F1D6F1D6F1D35
:10FCC0006F1D6F1D6F1D6F1D3E0A4C0A6F1D6F1D4E
:10FCD0006F1D6F1D5A0A670A740A810A8E0A9B0AF1
:10FCE000A80AB50AC20ACF0ADC0AE90AF60A030B17
:10FCF000100B1D0B2A0B370B440B510B5E0B950B96
:10FD0000A20BAF0BBC0BC90BD60BE50BF40B000C15
:10FD10000F0C6F1D6F1D6F1D6F1D1E0C2D0C3C0CED
:10FD20004B0C5A0C690C780C870C960CA30CB00C7D
:10FD3000BD0CCA0CFB0C080D150D220D2F0D3C0D32
:10FD4000490D560D630D700D7D0D8C0D9B0DAA0D8B
:10FD5000B80D6F1DC50D6F1DD40DE30D6F1DF20D98
:10FD6000010E100E1F0E2E0E5B0E6A0E790E880EFF
:10FD70006F1D6F1D6F1D970EA40E6F1D6F1D6F1DE4
:10FD80006F1DB10E6F1DBE0E6F1D6F1D6F1D6F1DA0
:10FD90006F1D6F1D6F1D6F1D6F1D6F1D6F1D6F1D03
:10FDA0006F1D6F1D6F1DCB0E6F1DD80EE50EF20E71
:10FDB000FF0E0C0F190F260F330F400F4D0F5A0F68
:10FDC000670F740F810FCB0FD80FE50FF20FFF0FE6
:10FDD0000C1019106F1D26106F1D6F1D6F1D6F1DEC
:10FDE0006F1D33103D106F1D6F1D6F1D6F1D4A106D
:10FDF0005710641071107E108B106F1D9810A41096
:10FE0000B010BC10C9106F1DD510E110ED102F11EE
:10FE10003C11481155116F1D6F1D6F1D6F1D6F1D1A
:10FE200062116F1D6F1D6F1D6C116F1D6F1D6F1D9A
:10FE300076116F1D6F1D6F1D80116F1D6F1D6F1D62
:10FE40008A116F1D6F1D6F1D94116F1D6F1D6F1D2A
:10FE50009E116F1D6F1D6F1DA8116F1D6F1D6F1DF2
:10FE6000B2116F1D6F1D6F1DBC116F1D6F1D6F1DBA
:10FE7000C6116F1D6F1D6F1DD0116F1D6F1D6F1D82
:10FE8000DA116F1DE4116F1D6F1D6F1D6F1DEE11D7
:10FE9000F81102120C12161220122A1234123E12FB
:10FEA0009B12A512AF12B912C312CD12D712E112D2
:10FEB000EB12F512FF12091313131D13271331133D
:10FEC0003B1345134F13591363136D1377138113AA
:10FED0008B1395139F13A913FF13091413141D14E7
:10FEE000271431143B1445144F14591463146D1422
:10FEF000771484146F1D6F1D6F1D6F1D6F1D91147E
:10FF00009E14AB146F1DB8146F1D6F1D6F1D6F1DF8
:10FF1000C514D314E1146F1DEF14FD140B1519153E
:10FF20005F156D157B1589156F1D6F1D97156F1D5D
:10FF30006F1D6F1D6F1D6F1D6F1D6F1D6F1D6F1D61
:10FF40006F1D6F1DA415B2156F1D6F1D6F1D6F1DE9
:10FF5000C015CD15DA15E715F41501160E161B168A
:10FF60002816351642164F165C1669167616831635
:10FF7000BB16C816D516E216EF16FC16091716178B
:10FF8000231730173D174C175B17671776176F1D30
:10FF90006F1D6F1D6F1D85179417A317B217C1171B
:10FFA000D017DF17EE17151822182F183C1849180C
:10FFB0005618631870187D188A189718A418B11865
:10FFC000BE18CB18D818E718F618051913196F1DA5
:10FFD00020196F1D2F193E196F1D77198519931957
:10FFE000A119AF19BD19CB19D919E7196F1D6F1DCB
:10FFF0006F1DF519011A6F1D6F1D6F1D6F1D0D1AF5
:020000040802F0
:100000006F1D191A6F1D6F1D6F1D6F1D6F1D6F1DE9
:100010006F1D6F1D6F1D6F1D6F1D6F1D6F1D6F1D80
:100020006F1D251A6F1D311A3D1A491A551A611A8A
:100030006D1A791A851A911AD11ADD1AE91AF51A68
:10004000011B0D1B191B251B311B3D1B491B551B80
:100050006F1D611B6F1D6F1D6F1D6F1D6F1D6D1B54
:10006000761B6F1D6F1D6F1D6F1D821B8E1B9A1BD4
:10007000A61BB21BBE1B6F1DCA1BD51BE01B231C7E
:100080002F1C6F1D3A1C451C501C5B1C671C721CEE
:100090007E1C6F1D6F1D6F1D6F1D6F1D8A1C6F1DD8
:1000A0006F1D6F1D931C6F1D6F1D6F1D9C1C6F1DA1
:1000B0006F1D6F1DA51C6F1D6F1D6F1DAE1C6F1D6D
:1000C0006F1D6F1DB71C6F1D6F1D6F1DC01C6F1D39
:1000D0006F1D6F1DC91C6F1D6F1D6F1DD21C6F1D05
:1000E0006F1D6F1DDB1C6F1D6F1D6F1DE41C6F1DD1
:1000F0006F1D6F1DED1C6F1D6F1D6F1DF61C6F1D9D
:100100006F1DFF1C6F1D6F1D081D6F1D6F1D6F1D67
:100110006F1D6F1D6F1D6F1D111D6F1D6F1D671DE5
:100120008B4B03938B4B04938B4B05938B4B079318
:1001300003F058BA8A4B03938A4B04938A4B059376
:100140008A4B079303F04EBA894B0393894B049370
:10015000894B0593894B079303F044BA884B03936B
:10016000884B0493884B0593884B079303F03ABA66
:10017000874B0393834B0493834B0593834B0793E4
:1001800003F030BA834B03937E4B04937E4B05936D
:100190007E4B079303F026BA7F4B0393794B04936E
:1001A000794B0593794B079303F01CBA7B4B039370
:1001B000744B0493744B0593744B079303F012BA7A
:1001C000774B0393774B0493774B0593774B0793C8
:1001D00003F008BA764B0393764B0493764B059362
:1001E0006A4B079303F0FEB9744B0393744B04936B
:1001F000744B0593744B079303F0F4B9734B03935B
:10020000604B0493604B0593604B079303F0EAB98E
:100210006F4B0393574B0493574B0593574B0793DF
:1002200003F0E0B96B4B0393524B0493524B05938D
:10023000524B079303F0D6B9674B03934D4B04938E
:100240004D4B05934D4B079303F0CCB9634B039390
:100250004C4B04934C4B05934C4B079303F0C2B9A2
:100260005F4B0393474B0493474B0593474B0793CF
:1002700003F0B8B95B4B0393424B0493424B059395
:10028000424B079303F0AEB9574B0393394B04939A
:10029000394B0593394B079303F0A4B9534B0393A0
:1002A000344B0493344B0593344B079303F09AB9C2
:1002B0004F4B03934F4B04934F4B05934F4B079377
:1002C00003F090B94E4B03934A4B04934A4B05936A
:1002D0004A4B079303F086B94A4B0393454B04936B
:1002E000454B0593454B079303F07CB9464B03936D
:1002F000404B0493404B0593404B079303F072B976
:10030000424B0393174B0493174B0593174B0793DB
:1003100003F068B93E4B0393124B0493124B0593C1
:10032000124B079303F05EB93A4B0393114B0493BE
:10033000114B0593114B079303F054B9364B0393BC
:10034000084B0493084B0593084B079303F04AB9F5
:1003500078A1002065E9010869E9010854E7002057
:1003600084A1002075E901087DE9010840E700202B
:1003700020E4002099E901089DE901082CE700200C
:1003800030E40020A1E90108A5E9010818E70020F0
:1003900040E4002050E4002060E4002000A200209F
:1003A00024E20020ADE90108B1E9010804E70020DA
:1003B00028E2002061F201087D3B02082CE20020C7
:1003C000B5E90108B9E90108F0E6002010E40020D1
:1003D000C9E20020CAE20020CBE20020CCE20020EB
:1003E000D0E20020D4E20020D8E20020D9E20020B0
:1003F000DDE20020BDE90108C1E90108DCE60020DA
:10040000DAE20020DBE20020DCE20020E0E2002073
:10041000E4E20020E8E20020ECE200208B4B0393B2
:100420008B4B04938B4B05938B4B079303F0DAB8FC
:100430008A4B03938A4B04938A4B05938A4B079309
:1004400003F0D0B8894B0393814B0493814B059300
:10045000814B079303F0C6B8854B03937C4B049301
:100460007C4B05937C4B079303F0BCB8814B039303
:10047000774B0493774B0593774B079303F0B2B810
:100480007D4B0393724B0493724B0593724B07930E
:1004900003F0A8B8794B0393794B0493794B0593F8
:1004A000794B079303F09EB8784B0393784B0493F2
:1004B000784B0593784B079303F094B8774B0393ED
:1004C000634B0493634B0593634B079303F08AB824
:1004D000734B03935E4B04935E4B05935E4B079304
:1004E00003F080B86F4B0393694B0493694B0593FA
:1004F000694B079303F076B86B4B0393544B04930B
:10050000544B0593544B079303F06CB8674B03931C
:100510004F4B04934F4B05934F4B079303F062B837
:10052000634B0393634B0493634B0593634B0793B4
:1005300003F058B8624B03935E4B04935E4B0593F4
:100540005E4B079303F04EB85E4B0393594B0493F5
:10055000594B0593594B079303F044B85A4B0393F7
:10056000544B0493544B0593544B079303F03AB800
:10057000564B03934F4B04934F4B05934F4B0793AD
:1005800003F030B8524B03934A4B04934A4B059304
:100590004A4B079303F026B84E4B0393454B049305
:1005A000454B0593454B079303F01CB84A4B039307
:1005B000404B0493404B0593404B079303F012B814
:1005C000464B03933B4B04933B4B05933B4B0793A9
:1005D00003F008B8424B0393364B0493364B059314
:1005E000364B079302F0FEBF3E4B0393314B04930F
:1005F000314B0593314B079302F0F4BF3A4B039311
:100600002C4B04932C4B05932C4B079302F0EABF21
:10061000364B0393274B0493274B0593274B0793A4
:1006200002F0E0BF324B0393224B0493224B05931D
:10063000224B079302F0D6BF2E4B03931D4B04931E
:100640001D4B05931D4B079302F0CCBFF0E2002039
:1006500075E901087DE9010840E70020F4E2002087
:1006600099E901089DE901082CE70020F8E2002043
:10067000FCE2002000E3002004E3002008E3002067
:10068000A1E90108A5E9010818E7002060E30020BE
:10069000C5E90108CDE90108C8E6002064E30020AF
:1006A00068E300206CE3002070E3002074E3002086
:1006B000B9E20020D5E90108D9E90108B4E6002033
:1006C000BAE20020BBE20020BCE20020BDE2002034
:1006D000BEE20020BFE20020C0E20020C1E2002014
:1006E000C2E20020C3E20020C4E20020C5E20020F4
:1006F000C6E20020C7E200208B4B03938B4B049390
:100700008B4B05938B4B079302F06CBF8A4B039383
:100710008A4B04938A4B05938A4B079302F062BF7E
:10072000894B0393894B0493894B0593894B07931A
:1007300002F058BF884B0393844B0493844B05937A
:10074000844B079302F04EBF844B03937B4B04937F
:100750007B4B05937B4B079302F044BF804B039385
:100760007A4B04937A4B05937A4B079302F03ABF86
:100770007C4B0393754B0493754B0593754B079313
:1007800002F030BF784B03936C4B04936C4B059392
:100790006C4B079302F026BF744B03936B4B04938F
:1007A0006B4B05936B4B079302F01CBF704B03938D
:1007B000664B0493664B0593664B079302F012BF9A
:1007C0006C4B03935D4B04935D4B05935D4B07931B
:1007D00002F008BF684B03935C4B04935C4B05939A
:1007E0005C4B079302F0FEBE644B0393574B04939C
:1007F000574B0593574B079302F0F4BE604B03939E
:10080000604B0493604B0593604B079302F0EABE84
:100810005F4B03935F4B04935F4B05935F4B0793D1
:1008200002F0E0BE5E4B03935E4B04935E4B059378
:100830005E4B079302F0D6BE5D4B0393594B049376
:10084000594B0593594B079302F0CCBE594B039378
:10085000544B0493544B0593544B079302F0C2BE80
:10086000554B03934F4B04934F4B05934F4B0793BB
:1008700002F0B8BE514B03934A4B04934A4B059385
:100880004A4B079302F0AEBE4D4B0393454B049386
:10089000454B0593454B079302F0A4BE494B039388
:1008A000404B0493404B0593404B079302F09ABE94
:1008B000454B03933B4B04933B4B05933B4B0793B7
:1008C00002F090BE414B0393364B0493364B059395
:1008D000364B079302F086BE3D4B03931B4B0493AC
:1008E0001B4B05931B4B079302F07CBE394B0393C4
:1008F0002C4B04932C4B05932C4B079302F072BEA8
:100900002B4B0393344B0493344B0593344B079395
:1009100002F068BE264B0393324B0493324B05938F
:100920002F4B079302F05EBEC8E20020D5E9010814
:10093000D9E90108B4E600200CE30020C5E901086C
:10094000CDE90108C8E6002010E3002075E90108A0
:100950007DE9010840E7002014E3002018E30020AF
:100960001CE3002020E3002024E3002028E30020F3
:100970002CE3002030E3002034E3002038E30020A3
:1009800028110020DDE90108E1E90108A0E60020C6
:100990004C110020F1E90108F5E901088CE600207E
:1009A0005C11002099E901089DE901082CE700206D
:1009B000F00E0020F10E0020F20E0020F30E0020B9
:1009C000F40E0020F50E0020F60E0020F70E002099
:1009D000F80E0020FC0E002059F20108993B020895
:1009E00078E6002051F20108B53B02088B4B0393D7
:1009F0008B4B04938B4B05938B4B079302F0F2BD0B
:100A00008A4B0393864B0493864B0593864B07933F
:100A100002F0E8BD864B0393814B0493814B059311
:100A2000814B079302F0DEBD824B03937C4B049312
:100A30007C4B05937C4B079302F0D4BD7E4B039314
:100A4000774B0493774B0593774B079302F0CABD1E
:100A50007A4B0393724B0493724B0593724B07933B
:100A600002F0C0BD764B03936D4B04936D4B059321
:100A70006D4B079302F0B6BD724B0393684B049322
:100A8000684B0593684B079302F0ACBD6E4B039324
:100A9000634B0493634B0593634B079302F0A2BD32
:100AA0006A4B03935E4B04935E4B05935E4B079337
:100AB00002F098BD664B0393594B0493594B059331
:100AC000594B079302F08EBD624B0393624B049324
:100AD000624B0593624B079302F084BD614B039315
:100AE0005D4B04935D4B05935D4B079302F07ABD1C
:100AF0005D4B0393584B0493584B0593584B079306
:100B000002F070BD594B0393454B0493454B05933D
:100B1000454B079302F066BD554B0393404B04933E
:100B2000404B0593404B079302F05CBD514B039340
:100B30003B4B04933B4B05933B4B079302F052BD59
:100B40004D4B0393364B0493364B0593364B07932B
:100B500002F048BD494B0393314B0493314B05934D
:100B6000314B079302F03EBD454B03932C4B04934E
:100B70002C4B05932C4B079302F034BD414B039350
:100B8000354B0493354B0593354B079302F02ABD43
:100B90003D4B0393304B0493304B0593304B0793FD
:100BA00002F020BD394B03932B4B04932B4B059341
:100BB0002B4B079302F016BD354B0393354B049333
:100BC000354B0593354B079302F00CBD344B039323
:100BD000214B0493214B0593214B079302F002BD57
:100BE000304B03932B4B04932B4B05932B4B0793C9
:100BF00002F0F8BC2C4B0393264B0493264B059331
:100C0000264B079302F0EEBC284B0393214B049331
:100C1000214B0593214B079302F0E4BC040F002005
:100C200075E901087DE9010840E70020080F002070
:100C30000C0F0020100F0020140F0020200F0020A8
:100C4000240F0020280F00202C0F0020300F002040
:100C5000340F0020380F002099E901089DE90108B0
:100C60002CE70020390F00203A0F00203C0F002015
:100C7000400F0020440F0020480F00204C0F0020A0
:100C8000500F0020540F0020550F0020560F002059
:100C9000580F0020A1E90108A5E9010818E7002084
:100CA0005C0F0020600F0020640F0020680F002000
:100CB000964B0393964B0493964B0593964B079351
:100CC00002F090BC954B0393914B0493914B059389
:100CD000914B079302F086BC914B03938C4B04938A
:100CE0008C4B05938C4B079302F07CBC8D4B03938C
:100CF000874B0493874B0593874B079302F072BC95
:100D0000894B0393824B0493824B0593824B079349
:100D100002F068BC854B03937D4B04937D4B059398
:100D20007D4B079302F05EBC814B0393784B049399
:100D3000784B0593784B079302F054BC7D4BD3F866
:100D40005831983303937C4B04937C4B05937C4B35
:100D5000079302F047BC774BD3F858319033039395
:100D6000784B0493784B0593784B079302F03ABC89
:100D7000704BD3F85831B03303936F4B04936F4BE0
:100D800005936F4B079302F02DBC6A4BD3F8583193
:100D9000B4330393684B0493684B0593684B0793F4
:100DA00002F020BC634BD3F85831B8330393624B45
:100DB0000493624B0593624B079302F013BC5D4BA7
:100DC000D3F85831C43303935B4B04935B4B0593C7
:100DD0005B4B079302F006BC564BD3F858315B6966
:100DE0002C330393544B0493544B0593544B079368
:100DF00002F0F8BB4F4BD3F858315B6930330393A3
:100E00004D4B04934D4B05934D4B079302F0EABBBA
:100E1000484BD3F858315B69343303934C4B0493FC
:100E20004C4B05934C4B079302F0DCBB414BD3F882
:100E300058319B692C330393484B0493484B0593DB
:100E4000484B079302F0CEBB3A4BD3F858319B691D
:100E50002C330393384B0493384B0593384B07934B
:100E600002F0C0BB334BD3F858319B693033039346
:100E7000314B0493314B0593314B079302F0B2BBD6
:100E80002C4BD3F858319B69343303932A4B04938A
:100E90002A4B05932A4B079302F0A4BB254BD3F8AA
:100EA00058319B6938330393234B0493234B0593A9
:100EB000234B079302F096BB1E4BD3F858319B6926
:100EC000403303931C4B04931C4B05931C4B07931B
:100ED00002F088BB174BD3F858319B694433039316
:100EE000154B0493154B0593154B079302F07ABBF2
:100EF000104BD3F858319B6948330393144B049338
:100F0000144B0593144B079302F06CBB6C0F00203D
:100F1000A1E90108A5E9010818E70020700F0020E9
:100F2000740F0020780F00207C0F0020800F00201D
:100F3000840F0020E00E002075E901087DE901081A
:100F400040E70020F9E9010801EA010864E6002011
:100F500099E901089DE901082CE7002049F2010800
:100F6000CD3B020878E600209C4BD3F85831DC33A7
:100F700003939B4B04939B4B05939B4B079302F06E
:100F800031BB964BD3F8583103F5AE730393944BB2
:100F90000493944B0593944B079302F023BB8F4B20
:100FA000D3F8583103F5B07303938D4B04938D4BF5
:100FB00005938D4B079302F015BB884BD3F858313E
:100FC0001C330393894B0493894B0593894B0793F7
:100FD00002F008BB814BD3F8583120330393864B82
:100FE0000493864B0593864B079302F0FBBA7B4B29
:100FF000D3F8583124330393794B0493794B0593F9
:10100000794B079302F0EEBA744BD3F8583128337A
:101010000393734B0493734B0593734B079302F045
:10102000E1BA6E4BD3F858311C330393754B0493DC
:10103000754B05936C4B079302F0D4BA674BD3F80A
:1010400058311C330393714B0493714B0593664BDA
:10105000079302F0C7BA614BD3F858313433039386
:101060005F4B04935F4B05935F4B079302F0BABA53
:101070005A4BD3F8583138330393664B0493664B7D
:101080000593664B079302F0ADBA544BD3F8583131
:101090003C330393524B0493524B0593524B0793AB
:1010A00002F0A0BA4D4BD3F85831403303934C4B68
:1010B00004934C4B05934C4B079302F093BA474B68
:1010C000D3F8583144330393454B0493454B059370
:1010D000454B079302F086BA404BD3F85831503352
:1010E00003933F4B04933F4B05933F4B079302F011
:1010F00079BA3A4BD3F8583154330393384B0493AD
:10110000384B0593384B079302F06CBA334BD3F846
:10111000583148330393324B0493324B0593324B8F
:10112000079302F05FBA2D4BD3F858311C33039369
:101130003B4B04933B4B05932B4B079302F052BA66
:10114000264BD3F8583158330393254B0493254B42
:101150000593254B079302F045BA204BD3F858313D
:101160005C3303931E4B04931E4B05931E4B079356
:1011700002F038BA194BD3F85831603303932A4B35
:1011800004932A4B05931B4B079302F02BBA134B86
:10119000D3F8583164330393114B0493114B0593E7
:1011A000114B079302F01EBA0C4BD3F85831683339
:1011B00003930B4B04930B4B05930B4B079302F0DC
:1011C00011BA064BD3F858316C330393164B049382
:1011D000164B0593074B079302F004BAE00E00206C
:1011E00075E901087DE9010840E7002041F20108A6
:1011F000F13B02082CE7002009EA01080DEA01088A
:1012000050E6002039F201080D3C02082DF20108D9
:10121000253C020811EA010815EA01083CE6002015
:1012200021F201083D3C020899E901089DE9010805
:10123000A04BD3F858316D3303939F4B04939F4BCE
:1012400005939F4B079302F0CDB99A4BD3F85831D1
:10125000703303939B4B04939B4B05939B4B0793DA
:1012600002F0C0B9934BD3F8583174330393954BC4
:101270000493954B0593954B079302F0B3B98D4BAF
:10128000D3F85831783303938E4B04938E4B0593E8
:101290008E4B079302F0A6B9864BD3F858317C33B6
:1012A0000393884B0493884B0593884B079302F074
:1012B00099B9804BD3F8003103F563531C33039382
:1012C000834B0493834B0593834B079302F08AB9B6
:1012D000784BD3F8003103F5635320330393794BF4
:1012E0000493794B0593794B079302F07BB9714BCB
:1012F000D3F800310393794B0493794B0593734BE7
:10130000079302F06FB96B4BD3F8003103F56453C8
:10131000183303936B4B04936B4B05936B4B079301
:1013200002F060B9634BD3F8003103F564531C330A
:101330000393644B0493644B0593644B079302F04F
:1013400051B95C4BD3F8003103F564530C3303936C
:101350005C4B04935C4B05935C4B079302F042B9E2
:10136000544BD3F8003103F564533E330393524B8F
:101370000493524B0593524B079302F033B94D4BF4
:10138000D3F8003103F56453383303934D4B049382
:101390004D4B05934D4B079302F024B9454BD3F8C1
:1013A000003103F562532C330393464B0493464BB1
:1013B0000593464B079302F015B93E4BD3F8003125
:1013C00003F56253313303933B4B04933B4B05933B
:1013D0003B4B079302F006B9364BD3F8003103F5C7
:1013E000625333330393344B0493344B0593344BA0
:1013F000079302F0F7B82F4BD3F8003103F562538F
:10140000303303932C4B04932C4B05932C4B0793B5
:1014100002F0E8B8274BD3F8003103F562533233BA
:101420000393254B0493254B0593254B079302F01B
:10143000D9B8204BD3F8003118330393294B0493C8
:10144000294B0593294B079302F0CCB8194BD3F8DD
:10145000003119330393264B0493264B0593264BF7
:10146000079302F0BFB8134BD3F800311C3303933A
:10147000144B0493144B0593144B079302F0B2B82A
:101480000C4BD3F80031203303930E4B04930E4BD7
:1014900005930E4B079302F0A5B8064BD3F8003125
:1014A00024330393074B0493074B0593074B079390
:1014B00002F098B8E00E002099E901089DE90108C2
:1014C0002CE7002075E901087DE9010840E70020CC
:1014D00019EA01081DEA010828E6002015F20108B2
:1014E000613C020805F201087D3C020814E6002078
:1014F00021EA010825EA010800E60020A04BD3F804
:101500000031303303939F4B04939F4B05939F4BC4
:10151000079302F067B89A4BD3F80031283303934E
:10152000984B0493984B0593984B079302F05AB845
:10153000934BD3F800312C330393924B0493924B8B
:101540000593924B079302F04DB88D4BD3F80031C1
:10155000343303938B4B04938B4B05938B4B079343
:1015600002F040B8864BD3F8003138330393854BF3
:101570000493854B0593854B079302F033B8804B5A
:10158000D3F800313C330393814B0493814B059393
:10159000814B079302F026B8794BD3F800314033E2
:1015A0000393784B0493784B0593784B079302F0A1
:1015B00019B8734BD3F8003118330393774B049366
:1015C000774B0593774B079302F00CB86C4BD3F82D
:1015D0000031503303936B4B04936B4B05936B4B70
:1015E000079301F0FFBF664BD3F8003148330393F4
:1015F000644B0493644B0593644B079301F0F2BF73
:101600005F4BD3F8003103F5625334330393664BD9
:101610000493664B0593664B079301F0E3BF584B69
:10162000D3F8003103F5625338330393554B0493D9
:10163000554B0593554B079301F0D4BF504BD3F84E
:10164000003103F562533C3303934E4B04934E4BEE
:1016500005934E4B079301F0C5BF494BD3F80031BA
:1016600003F563530393504B0493504B0593504B36
:10167000079301F0B7BF424BD3F8003118330393FF
:101680004C4B04934C4B0593404B079301F0AABF7E
:101690003B4BD3F8003103F56253183303933C4BB3
:1016A00004933C4B05933C4B079301F09BBF344B99
:1016B000D3F8003103F562531C330393314B049389
:1016C000314B0593314B079301F08CBF2C4BD3F872
:1016D000003103F56253203303932A4B04932A4BC2
:1016E00005932A4B079301F07DBF254BD3F80031BA
:1016F00003F5625328330393254B0493254B05933D
:10170000254B079301F06EBF1D4BD3F8003103F555
:101710006353043303931B4B04931B4B05931B4BE5
:10172000079301F05FBF164BD3F8003103F5635305
:1017300008330393134B0493134B0593134B0793F5
:1017400001F050BF0E4BD3F8003103F56353103353
:1017500003930C4B04930C4B05930C4B079301F034
:1017600041BF074BD3F8003103F563530C330393A8
:10177000044B0493044B0593044B079301F032BFD1
:10178000E00E002075E901087DE9010840E700202E
:1017900099E901089DE901082CE70020FDF1010805
:1017A000953C020850E6002029EA01082DEA0108CC
:1017B000ECE50020F5F10108B53C0208994BD3F89F
:1017C000003103F5645328330393974B0493974BED
:1017D0000593974B079301F005BF924BD3F8003167
:1017E00003F564532C3303938F4B04938F4B059372
:1017F0008F4B079301F0F6BE8A4BD3F8003103F507
:10180000645330330393884B0493884B0593884B80
:10181000079301F0E7BE834BD3F8003103F564531F
:1018200034330393804B0493804B0593804B079391
:1018300001F0D8BE7B4BD3F80031043303937A4BCD
:1018400004937A4B05937A4B079301F0CBBE754B0B
:10185000D3F8003108330393764B0493764B05930A
:10186000764B079301F0BEBE6E4BD3F800311033B8
:101870000393734B0493734B0593734B079301F0DE
:10188000B1BE684BD3F8AC308C3303936F4B0493E9
:101890006F4B05936F4B079301F0A4BE614BD3F8D8
:1018A000AC30C83303936C4B04936C4B05936C4B77
:1018B000079301F097BE5B4BD3F8AC3034330393FE
:1018C000684B0493684B0593684B079301F08ABEFD
:1018D000544BD3F8AC3034330393654B0493654BCE
:1018E0000593564B079301F07DBE4E4BD3F8AC30B9
:1018F000543303934C4B04934C4B05934C4B07933D
:1019000001F070BE474BD3F8AC3060330393494BC2
:101910000493494B0593494B079301F063BE414B38
:10192000D3F8AC3034330393534B0493534B0593A8
:10193000424B079301F056BE3A4BD3F8AC303433E8
:1019400003934F4B04934F4B05934F4B079301F079
:1019500049BE344BD3F8AC30503303933E4B049321
:101960003E4B05933E4B079301F03CBE2D4BD3F805
:10197000AC3048330393384B0493384B0593384BC2
:10198000079301F02FBE274BD3F8AC304C330393B1
:10199000254B0493254B0593254B079301F022BE5D
:1019A000204BD3F8AC305C3303932B4B04932B4B7D
:1019B00005932B4B079301F015BE1A4BD3F8AC30AF
:1019C00034330393314B0493314B05931B4B0793F3
:1019D00001F008BE134BD3F8AC3061330393154BC1
:1019E0000493154B0593154B079301F0FBBD0D4B6D
:1019F000D3F8AC3034330393264B0493264B059332
:101A00000B4B079301F0EEBD064BD3F8AC303833E7
:101A10000393054B0493054B0593054B079301F086
:101A2000E1BD00BFE00E002075E901087DE9010875
:101A300040E7002099E901089DE901082CE7002012
:101A4000A1E90108A5E9010818E7002031EA010829
:101A500035EA0108D8E5002009EA01080DEA010885
:101A600050E6002039EA01083DEA0108C4E50020FB
:101A7000E9F10108D13C0208DDF10108F13C02085E
:101A8000D1F101080D3D020878E60020C5F10108FA
:101A9000293D0208B9F10108453D0208964BD3F8EB
:101AA000AC303C330393954B0493954B0593954B86
:101AB000079301F097BD904BD3F8AC3040330393BC
:101AC0008E4B04938E4B05938E4B079301F08ABD8A
:101AD000894BD3F8AC30633303938B4B04938B4B1C
:101AE00005938B4B079301F07DBD834BD3F8AC304E
:101AF00064330393874B0493874B0593874B07937A
:101B000001F070BD7C4BD3F8AC30653303937E4B52
:101B100004937E4B05937E4B079301F063BD764B98
:101B2000D3F8AC30823303937D4B04937D4B059304
:101B30007D4B079301F056BD6F4BD3F8AC30843327
:101B40000393774B0493774B0593774B079301F0FF
:101B500049BD694BD3F8AC3004330393734B049302
:101B6000734B0593734B079301F03CBD724B03938A
:101B7000624B0493624B0593624B079301F032BDB5
:101B80005D4BD3F8FC30103303936C4B04936C4BD8
:101B900005936C4B079301F025BD574BD3F8FC30F0
:101BA00004330393554B0493554B0593554B0793BF
:101BB00001F018BD504BD3F8FC30083303934F4B62
:101BC00004934F4B05934F4B079301F00BBD4A4BCA
:101BD000D3F8FC300C330393484B0493484B0593E4
:101BE000484B079301F0FEBC434BD3F85C31043300
:101BF0000393424B0493424B0593424B079301F0EE
:101C0000F1BC3D4BD3F85C31083303933B4B049359
:101C10003B4B05933B4B079301F0E4BC364BD3F8A9
:101C20005C310C330393354B0493354B0593354BA3
:101C3000079301F0D7BC304BD3F860310393424B8C
:101C40000493424B0593384B079301F0CBBC2A4BCE
:101C5000D3F8603103933E4B04933E4B05932C4BDA
:101C6000079301F0BFBC244BD3F860310393234B9F
:101C70000493234B0593234B079301F0B3BC1E4BF6
:101C8000D3F860310B3303931F4B04931F4B059321
:101C90001F4B079301F0A6BC174BD3F86031039399
:101CA0002D4B04932D4B05932D4B079301F09ABCBC
:101CB000114BD3F864310393234B0493234B0593C7
:101CC000194B079301F08EBC0B4BD3F8643103938F
:101CD0001F4B04931F4B05930D4B079301F082BCE0
:101CE000054BD3F864310393044B0493044B0593E1
:101CF000044B079301F076BCE00E002075E9010863
:101D00007DE9010840E7002099E901089DE9010803
:101D10002CE7002029EA01082DEA0108ECE5002063
:101D200041EA010845EA010878E6002009EA0108CD
:101D30000DEA010850E60020940F002049EA01084E
:101D40004DEA0108B0E50020ADF10108593D020857
:101D5000A5F10108713D02089DF10108893D0208C5
:101D600018E700208C4BD3F864310B3303938B4B73
:101D700004938B4B05938B4B079301F033BC864B3D
:101D8000D3F864310393884B0493884B0593884BB5
:101D9000079301F027BC804BD3F8683104330393D9
:101DA000844B0493844B0593844B079301F01ABC36
:101DB000794BD3F8683106330393784B0493784B0F
:101DC0000593784B079301F00DBC7D4B03937D4B3E
:101DD00004937D4B0593764B079301F003BC7B4B3B
:101DE0000393784B0493784B0593714B079301F061
:101DF000F9BB774B0393734B0493734B05936C4B75
:101E0000079301F0EFBB734B03936E4B04936E4B40
:101E10000593674B079301F0E5BB6F4B0393694B49
:101E20000493694B0593624B079301F0DBBB6B4B4B
:101E30000393644B0493644B05935D4B079301F04C
:101E4000D1BB674B03935F4B04935F4B0593584B98
:101E5000079301F0C7BB634B03935A4B04935A4B50
:101E60000593534B079301F0BDBB5F4B0393554B59
:101E70000493554B05934E4B079301F0B3BB5B4B5B
:101E80000393504B0493504B0593494B079301F038
:101E9000A9BB574B03934B4B04934B4B0593444BBC
:101EA000079301F09FBB534B0393464B0493464B60
:101EB00005933F4B079301F095BB4F4B0393414B69
:101EC0000493414B05933A4B079301F08BBB4B4B6B
:101ED00003934B4B04934B4B05934B4B079301F0F0
:101EE00081BB4A4B03934A4B04934A4B05934A4B9D
:101EF000079301F077BB494B0393284B0493284B7E
:101F00000593284B079301F06DBB454B0393234B7F
:101F10000493234B0593234B079301F063BB414B81
:101F200003931E4B04931E4B05931E4B079301F026
:101F300059BB3D4B0393194B0493194B0593194B14
:101F4000079301F04FBB394B0393144B0493144B8D
:101F50000593144B079301F045BB354B03930F4B8F
:101F600004930F4B05930F4B079301F03BBB314B91
:101F700003930A4B04930A4B05930A4B079301F012
:101F800031BB2D4B0393054B0493054B0593054B38
:101F9000079301F027BB00BFE00E002099E901087C
:101FA0009DE901082CE700209DF10108893D020808
:101FB00018E7002095F101089D3D020878E6002011
:101FC00058100020A1E90108A5E9010868100020C7
:101FD000781000208810002098100020A810002001
:101FE000B8100020C8100020D8100020E8100020F1
:101FF000F81000200811002018110020D81300202C
:10200000DDE90108E1E90108A0E60020FC13002059
:10201000F1E90108F5E901088CE600200C14002024
:10202000A0110020A1110020A2110020A311002066
:10203000A4110020A5110020A61100208B4B0393B2
:102040008B4B04938B4B05938B4B079301F0CABAD0
:102050008A4B03938A4B04938A4B05938A4B0793CD
:1020600001F0C0BA894B0393814B0493814B0593D4
:10207000814B079301F0B6BA854B0393854B0493CC
:10208000854B0593854B079301F0ACBA804B0393C6
:10209000834B0493834B0593804B079301F0A2BAC3
:1020A000814B0393764B0493764B0593764B0793C2
:1020B00001F098BA7D4B0393714B0493714B0593D8
:1020C000714B079301F08EBA794B03936C4B0493D9
:1020D0006C4B05936C4B079301F084BA754B0393DB
:1020E000674B0493674B0593674B079301F07ABAEC
:1020F000714B0393624B0493624B0593624B0793BE
:1021000001F070BA6D4B03935D4B04935D4B0593E7
:102110005D4B079301F066BA694B0393584B0493E8
:10212000584B0593584B079301F05CBA654B0393EA
:10213000534B0493534B0593534B079301F052BAFF
:10214000614B03934E4B04934E4B05934E4B0793B9
:1021500001F048BA5D4B0393494B0493494B0593F7
:10216000494B079301F03EBA594B0393444B0493F8
:10217000444B0593444B079301F034BA554B0393FA
:102180003B4B04933B4B05933B4B079301F02ABA1F
:10219000514B0393364B0493364B0593364B0793C1
:1021A00001F020BA4D4B0393314B0493314B05930F
:1021B000314B079301F016BA494B0393304B04930C
:1021C000304B0593304B079301F00CBA454B03930A
:1021D0002B4B04932B4B05932B4B079301F002BA27
:1021E000414B0393264B0493264B0593264B0793B1
:1021F00001F0F8B93D4B0393214B0493214B059318
:10220000214B079301F0EEB9394B03931C4B049318
:102210001C4B05931C4B079301F0E4B9354B03931A
:10222000174B0493174B0593174B079301F0DAB93B
:10223000314B03930E4B04930E4B05930E4B0793B8
:1022400001F0D0B92D4B0393094B0493094B05932F
:10225000094B079301F0C6B9294B0393044B049330
:10226000044B0593044B079301F0BCB9A711002060
:1022700099E901089DE901082CE70020A811002038
:1022800075E901087DE9010840E70020AC11002054
:10229000A011002059F20108993B020878E60020BD
:1022A00051F20108B53B0208B4110020B81100201A
:1022B000BC110020C0110020C4110020D01100204A
:1022C000D4110020D8110020DC110020E0110020E2
:1022D000E4110020E8110020E9110020EA1100209B
:1022E000EC110020F0110020F4110020F811002062
:1022F000FC11002000120020041200200512002012
:1023000006120020934B0393934B0493934B059336
:10231000934B079301F066B9924B0393924B04934E
:10232000924B0593924B079301F05CB9914B039349
:10233000894B0493894B0593894B079301F052B95C
:102340008D4B0393844B0493844B0593844B0793E9
:1023500001F048B9894B03937F4B04937F4B05935E
:102360007F4B079301F03EB9854B03937A4B04935F
:102370007A4B05937A4B079301F034B9814B039361
:10238000754B0493754B0593754B079301F02AB970
:102390007D4B0393704B0493704B0593704B0793E5
:1023A00001F020B9794B03936B4B04936B4B05936E
:1023B0006B4B079301F016B9754B0393664B04936F
:1023C000664B0593664B079301F00CB9714B039371
:1023D000614B0493614B0593614B079301F002B984
:1023E0006D4B03935C4B04935C4B05935C4B0793E1
:1023F00001F0F8B8694BD3F8083498330393684B6D
:102400000493684B0593684B079301F0EBB8634B5B
:10241000D3F8083490330393644B0493644B0593CF
:10242000644B079301F0DEB85C4BD3F80834B0334B
:1024300003935B4B04935B4B05935B4B079301F05A
:10244000D1B8564BD3F80834B4330393544B0493A8
:10245000544B0593544B079301F0C4B84F4BD3F83A
:102460000834B83303934E4B04934E4B05934E4BB5
:10247000079301F0B7B8494BD3F80834C43303933A
:10248000474B0493474B0593474B079301F0AAB87A
:10249000424BD3F808345B692C330393404B0493CD
:1024A000404B0593404B079301F09CB83B4BD3F84E
:1024B00008345B6930330393394B0493394B0593EC
:1024C000394B079301F08EB8344BD3F808345B696D
:1024D00034330393244B0493244B0593244B0793E9
:1024E00001F080B82D4BD3F808349B692C3303934B
:1024F000314B0493314B0593314B079301F072B884
:10250000264BD3F808349B692C330393244B049354
:10251000244B0593244B079301F064B81F4BD3F869
:1025200008349B69303303931D4B04931D4B059373
:102530001D4B079301F056B8184BD3F808349B692C
:1025400034330393164B0493164B0593164B0793A2
:1025500001F048B808120020A1E90108A5E9010826
:1025600018E700200C12002099E901089DE90108F4
:102570002CE7002010120020141200201812002056
:102580001C120020201200202412002028120020FB
:102590002C1200203012002034120020E00E002007
:1025A00075E901087DE9010840E70020F9E9010823
:1025B00001EA010864E6002049F20108CD3B020867
:1025C00078E60020984BD3F808349B69383303939E
:1025D000964B0493964B0593964B079301F002B8E4
:1025E000914BD3F808349B69403303938F4B04938A
:1025F0008F4B05938F4B079300F0F4BF8A4BD3F8B2
:1026000008349B6944330393884B0493884B0593A8
:10261000884B079300F0E6BF834BD3F808349B69DF
:1026200048330393844B0493844B0593844B079363
:1026300000F0D8BF7C4BD3F80834DC3303937B4BDA
:1026400004937B4B05937B4B079300F0CBBF764BFA
:10265000D3F8083403F5AE730393744B0493744BAF
:102660000593744B079300F0BDBF6F4BD3F808344C
:1026700003F5B07303936D4B04936D4B05936D4B52
:10268000079300F0AFBF684BD3F808341C330393B3
:102690006C4B04936C4B0593694B079300F0A2BFFE
:1026A000614BD3F8083420330393684B0493684B91
:1026B0000593684B079300F095BF5B4BD3F8083444
:1026C00024330393594B0493594B0593594B079368
:1026D00000F088BF544BD3F8083428330393534B8E
:1026E0000493534B0593534B079300F07BBF4E4B22
:1026F000D3F808341C330393574B0493574B05937B
:102700004C4B079300F06EBF474BD3F808341C3393
:102710000393534B0493534B0593464B079300F09D
:1027200061BF414BD3F80834343303933F4B0493D8
:102730003F4B05933F4B079300F054BF3A4BD3F800
:10274000083438330393484B0493484B0593484B64
:10275000079300F047BF344BD3F808343C3303935E
:10276000324B0493324B0593324B079300F03ABF40
:102770002D4BD3F80834403303932C4B04932C4B4C
:1027800005932C4B079300F02DBF274BD3F808344B
:1027900044330393254B0493254B0593254B079313
:1027A00000F020BF204BD3F80834503303931F4B65
:1027B00004931F4B05931F4B079300F013BF1A4B55
:1027C000D3F8083454330393184B0493184B0593F0
:1027D000184B079300F006BF134BD3F80834483367
:1027E0000393124B0493124B0593124B079300F083
:1027F000F9BE0D4BD3F808341C3303931D4B0493DF
:102800001D4B05930B4B079300F0ECBE064BD3F822
:10281000083458330393054B0493054B0593054B3C
:10282000079300F0DFBE00BFE00E002075E901084D
:102830007DE9010840E7002099E901089DE90108C8
:102840002CE7002041F20108F13B020809EA0108E7
:102850000DEA010850E6002039F201080D3C02089B
:102860002DF20108253C020811EA010815EA0108C9
:102870003CE6002021F201083D3C0208A04BD3F8C1
:1028800008345C3303939F4B04939F4B05939F4BFA
:10289000079300F0A7BE9A4BD3F808346033039334
:1028A0009B4B04939B4B05939B4B079300F09ABE65
:1028B000934BD3F8083464330393924B0493924BB5
:1028C0000593924B079300F08DBE8D4BD3F80834DF
:1028D000683303938B4B04938B4B05938B4B07937C
:1028E00000F080BE864BD3F808346C330393884BDA
:1028F0000493884B0593884B079300F073BE804B7D
:10290000D3F808346D330393814B0493814B0593C3
:10291000814B079300F066BE794BD3F808347033CF
:102920000393784B0493784B0593784B079300F00F
:1029300059BE734BD3F8083474330393714B04932B
:10294000714B0593714B079300F04CBE6C4BD3F861
:102950000834783303936B4B04936B4B05936B4BA9
:10296000079300F03FBE664BD3F808347C330393E3
:10297000644B0493644B0593644B079300F032BEA1
:102980005F4BD3F8B03303F563531C330393634BAE
:102990000493634B0593634B079300F023BE584B9E
:1029A000D3F8B03303F5635320330393554B0493AB
:1029B000554B0593554B079300F014BE504BD3F87D
:1029C000B0330393584B0493584B05934F4B0793E5
:1029D00000F008BE4A4BD3F8B03303F56453183304
:1029E0000393484B0493484B0593484B079300F0DF
:1029F000F9BD434BD3F8B03303F564531C33039351
:102A0000404B0493404B0593404B079300F0EABDC5
:102A10003B4BD3F8B03303F564530C330393394B7A
:102A20000493394B0593394B079300F0DBBD344BCE
:102A3000D3F8B03303F564533E330393344B04931C
:102A4000344B0593344B079300F0CCBD2C4BD3F89B
:102A5000B03303F56453383303932A4B04932A4B62
:102A600005932A4B079300F0BDBD254BD3F8B03337
:102A700003F562532C330393224B0493224B0593AB
:102A8000224B079300F0AEBD1D4BD3F8B03303F5D6
:102A90006253313303931E4B04931E4B05931E4B1D
:102AA000079300F09FBD164BD3F8B03303F5625384
:102AB00033330393164B0493164B0593164B07932E
:102AC00000F090BD0E4BD3F8B03303F562533033B2
:102AD00003930F4B04930F4B05930F4B079300F099
:102AE00081BD074BD3F8B03303F562533233039300
:102AF000074B0493074B0593074B079300F072BDF8
:102B0000E00E002075E901087DE9010840E700209A
:102B100099E901089DE901082CE7002019EA01085C
:102B20001DEA010828E6002015F20108613C0208B0
:102B30009B4BD3F8B033183303939A4B04939A4BBF
:102B400005939A4B079300F04DBD954BD3F8B033E6
:102B500019330393964B0493964B0593964B079327
:102B600000F040BD8E4BD3F8B0331C330393934B2E
:102B70000493934B0593934B079300F033BD884B1D
:102B8000D3F8B033203303938C4B04938C4B0593D1
:102B90008C4B079300F026BD814BD3F8B033243320
:102BA0000393864B0493864B0593864B079300F063
:102BB00019BD7B4BD3F8B033303303937F4B049371
:102BC0007F4B05937F4B079300F00CBD744BD3F8FC
:102BD000B03328330393794B0493794B0593794BA6
:102BE000079300F0FFBC6E4BD3F8B0332C33039344
:102BF000724B0493724B0593724B079300F0F2BC37
:102C0000674BD3F8B033343303936C4B04936C4B62
:102C100005936C4B079300F0E5BC614BD3F8B033E0
:102C200038330393654B0493654B0593654B0793CA
:102C300000F0D8BC5A4BD3F8B0333C330393624B0B
:102C40000493624B0593624B079300F0CBBC544B4B
:102C5000D3F8B03340330393584B0493584B059348
:102C6000584B079300F0BEBC4D4BD3F8B03318332C
:102C70000393584B0493584B0593584B079300F01C
:102C8000B1BC474BD3F8B033503303934B4B049351
:102C90004B4B05934B4B079300F0A4BC404BD3F830
:102CA000B03348330393454B0493454B0593454B51
:102CB000079300F097BC3A4BD3F8B03303F5625357
:102CC00034330393464B0493464B0593464B07938B
:102CD00000F088BC324BD3F8B03303F5625338337D
:102CE0000393364B0493364B0593364B079300F012
:102CF00079BC2B4BD3F8B03303F562533C330393C9
:102D00002E4B04932E4B05932E4B079300F06ABC79
:102D1000234BD3F8B03303F563530393304B049341
:102D2000304B0593304B079300F05CBC1C4BD3F841
:102D3000B033183303932D4B04932D4B0593214B44
:102D4000079300F04FBC164BD3F8B03303F5625332
:102D5000183303931C4B04931C4B05931C4B079394
:102D600000F040BC0E4BD3F8B03303F562531C3374
:102D70000393124B0493124B0593124B079300F0ED
:102D800031BC074BD3F8B03303F5625320330393C0
:102D90000A4B04930A4B05930A4B079300F022BC9D
:102DA000E00E002005F201087D3C020814E6002038
:102DB00021EA010825EA010800E6002075E901087A
:102DC0007DE9010840E7002099E901089DE9010833
:102DD0002CE70020FDF10108953C020850E6002098
:102DE00029EA01082DEA0108ECE50020F5F10108C7
:102DF000B53C0208924BD3F8B03303F56253283345
:102E00000393904B0493904B0593904B0793E9E306
:102E10008B4BD3F8B03303F56353043303938C4BDC
:102E200004938C4B05938C4B0793DBE3844BD3F8D3
:102E3000B03303F5635308330393854B0493854BF9
:102E40000593854B0793CDE37D4BD3F8B03303F562
:102E50006353103303937E4B04937E4B05937E4B59
:102E60000793BFE3764BD3F8B03303F563530C33CA
:102E70000393774B0493774B0593774B0793B1E319
:102E80006F4BD3F8B03303F5645328330393704B7F
:102E90000493704B0593704B0793A3E3684BD3F8EF
:102EA000B03303F564532C330393694B0493694B9C
:102EB0000593694B079395E3614BD3F8B03303F562
:102EC000645330330393624B0493624B0593624B1C
:102ED000079387E35A4BD3F8B03303F56453343385
:102EE00003935B4B04935B4B05935B4B079379E335
:102EF000534BD3F8B03304330393554B0493554BE2
:102F00000593554B07936DE34D4BD3F8B03308331E
:102F100003934C4B04934C4B05934C4B079361E349
:102F2000474BD3F8B033103303934C4B04934C4BC3
:102F300005934C4B079355E3414BD3F85C338C33EB
:102F40000393494B0493494B0593494B079349E33A
:102F50003B4BD3F85C33C8330393464B0493464B47
:102F60000593464B07933DE3354BD3F85C3334333D
:102F70000393434B0493434B0593434B079331E334
:102F80002F4BD3F85C3334330393404B0493404BC3
:102F900005932E4B079325E3294BD3F85C33543329
:102FA00003932B4B04932B4B05932B4B079319E364
:102FB000234BD3F85C3360330393224B0493224BAF
:102FC0000593224B07930DE31D4BD3F85C33343349
:102FD0000393304B0493304B05931C4B079301E351
:102FE000174BD3F85C33343303932C4B04932C4BA3
:102FF00005932C4B0793F5E2114BD3F85C33503318
:1030000003931C4B04931C4B05931C4B0793E9E261
:103010000B4BD3F85C3348330393164B0493164B96
:103020000593164B0793DDE2054BD3F85C334C3325
:103030000393074B0493074B0593074B0793D1E288
:10304000E00E002099E901089DE901082CE7002025
:1030500075E901087DE9010840E70020A1E90108C0
:10306000A5E9010818E7002031EA010835EA01085E
:10307000D8E5002009EA01080DEA010850E6002021
:1030800039EA01083DEA0108C4E50020E9F1010838
:10309000D13C0208DDF10108F13C0208D1F1010840
:1030A0000D3D020878E600208C4BD3F85C335C338E
:1030B00003938B4B04938B4B05938B4B079391E2BC
:1030C000864BD3F85C3334330393884B0493884B9B
:1030D0000593884B079385E2804BD3F85C336133CB
:1030E0000393854B0493854B0593824B079379E2B9
:1030F0007A4BD3F85C3334330393814B0493814B85
:103100000593814B07936DE2744BD3F85C333833EE
:1031100003937E4B04937E4B05937B4B079361E2B5
:103120006E4BD3F85C333C330393784B0493784B6A
:103130000593754B079355E2684BD3F85C334033E6
:103140000393724B0493724B05936F4B079349E2C1
:10315000624BD3F85C3363330393674B0493674B41
:103160000593644B07933DE25C4BD3F85C336433C7
:103170000393684B0493684B0593684B079331E2C4
:10318000564BD3F85C33653303935B4B04935B4B33
:103190000593584B079325E2504BD3F85C338233A9
:1031A00003935F4B04935F4B05935F4B079319E2C7
:1031B0004A4BD3F85C3384330393594B0493594BF4
:1031C0000593594B07930DE2444BD3F85C3304331A
:1031D0000393434B0493434B0593434B079301E203
:1031E000524B0393494B0493494B0593464B07932A
:1031F000F8E13A4BD3F8AC33103303934C4B0493C0
:103200004C4B05934C4B0793ECE1344BD3F8AC3368
:10321000043303933D4B04933D4B05933A4B079383
:10322000E0E12E4BD3F8AC3308330393374B0493D0
:10323000374B0593344B0793D4E1284BD3F8AC3389
:103240000C330393314B0493314B05932E4B07936F
:10325000C8E1224BD3F80C34043303932B4B049373
:103260002B4B0593284B0793BCE11C4BD3F80C3434
:1032700008330393254B0493254B0593224B079367
:10328000B0E1164BD3F80C340C3303931F4B04936B
:103290001F4B05931C4B0793A4E1104BD3F810343C
:1032A0000393264B0493264B05931F4B079399E1F9
:1032B0000A4BD3F810340393224B0493224B05930B
:1032C0000C4B07938EE1054BD3F8103403930F4B4F
:1032D00004930F4B05930C4B079383E1E00E002002
:1032E00009EA01080DEA010850E60020C5F10108CD
:1032F000293D02082CE7002099E901089DE9010811
:10330000B9F10108453D020840E7002075E90108D0
:103310007DE9010829EA01082DEA0108ECE5002011
:1033200041EA010845EA010878E60020441200203D
:1033300049EA01084DEA0108B0E50020ADF10108B5
:10334000593D0208A5F10108713D02087B4BD3F8F5
:1033500010340B3303937A4B04937A4B05937A4BD7
:1033600007933FE1754BD3F810340393774B0493E5
:10337000774B0593774B079334E1704BD3F81434B4
:103380000393754B0493754B0593754B079329E194
:103390006A4BD3F814340393724B0493724B059326
:1033A000694B07931EE1654BD3F8143403936F4BBD
:1033B00004936F4B05936F4B079313E15F4BD3F867
:1033C00014340B3303935E4B04935E4B05935E4BB7
:1033D000079307E1594BD3F8143403935B4B0493E1
:1033E0005B4B05935B4B0793FCE0544BD3F81834CD
:1033F00004330393604B0493604B0593584B07933E
:10340000F0E04E4BD3F81834063303934C4B04933F
:103410004C4B05934C4B0793E4E0594B0393594BAA
:103420000493594B05934B4B0793DBE0574B0393A6
:10343000544B0493544B0593464B0793D2E0544BA3
:103440000393504B0493504B0593424B0793C9E0B1
:10345000504B03934B4B04934B4B05933D4B0793BE
:10346000C0E04D4B0393474B0493474B0593394BB7
:103470000793B7E0494B0393424B0493424B0593A8
:10348000344B0793AEE0464B03933E4B04933E4BC5
:103490000593304B0793A5E0424B0393394B0493BC
:1034A000394B05932B4B07939CE03F4B0393354BD4
:1034B0000493354B0593274B079393E03B4B0393C2
:1034C000304B0493304B0593224B07938AE0384BE3
:1034D00003932C4B04932C4B05931E4B079381E0D5
:1034E000344B0393274B0493274B0593194B0793B6
:1034F00078E0314B0393234B0493234B0593154BF7
:1035000007936FE02D4B03932D4B04932D4B0593A5
:103510002D4B079366E02D4B03931A4B04931A4BE4
:1035200005930C4B07935DE0294B0393244B0493C5
:10353000244B0593244B079354E000BFE00E00207A
:1035400099E901089DE901082CE700209DF1010897
:10355000893D020818E70020ADF10108593D020835
:1035600078E60020A5F10108713D020875E901081F
:103570007DE9010840E7002095F101089D3D020822
:1035800008130020A1E90108A5E90108181300208B
:10359000281300203813002048130020581300205F
:1035A000681300207813002088130020981300204F
:1035B000A8130020B8130020C813002044A1002045
:1035C00009EA01080DEA010850E600204CA100209C
:1035D00058A100200F4B03930F4B04930F4B0593FF
:1035E0000F4B0793079800283CF47AAA0D4A0E491E
:1035F0006FF0010304F05EFE00283CF471AA03683A
:10360000B0EE480A1B6803A9984709B0BDEC028BCD
:103610005DF804FB60A1002029EA01082DEA0108F9
:10362000ECE50020E0C102089CC1020830B583B07F
:103630000446D0E90003ADF8041098479DF8053022
:10364000054623B1A3689DF80410206898472846D2
:1036500003B030BD37B500230D4610460DF1030110
:103660008DF80330FBF7B4FB044650B19DF80330EE
:103670008DF8043001238DF8053001992846FFF7B5
:10368000D5FF204603B030BDA0F10400E2E700BF43
:1036900030B583B00446D0E90003ADF80410984774
:1036A0009DF80530054623B1A3689DF804102068F5
:1036B0009847284603B030BD37B510460D4601AADD
:1036C0000B49DCF71BFF012801D000200DE0019B16
:1036D0008DF80500003B18BF01238DF80430044627
:1036E00001992846FFF7D4FF204603B030BD00BF44
:1036F00088C10208A0F10400DEE700BF13B5B5EEF3
:10370000C00AF1EE10FAACBF0123002301248DF8AA
:1037100004308DF8054008460199FFF7B9FF2046AF
:1037200002B010BD30B583B00446D0E90003ADF857
:10373000041098479DF80530054623B1A3689DF80D
:10374000041020689847284603B030BD37B50023E1
:103750000D4610460DF103018DF80330FBF738FBE1
:10376000044650B19DF803308DF8043001238DF8E4
:10377000053001992846FFF7D5FF204603B030BD3C
:10378000A0F10400E2E700BF30B583B00446D0E901
:103790000003ADF8041098479DF80530054623B1A5
:1037A000A3689DF8041020689847284603B030BDF0
:1037B00037B500230D4610460DF103018DF8033097
:1037C000FBF706FB044650B19DF803308DF804303A
:1037D00001238DF8053001992846FFF7D5FF2046D3
:1037E00003B030BDA0F10400E2E700BF30B583B004
:1037F0000446D0E90003ADF8041098479DF8053061
:10380000054623B1A3689DF8041020689847284610
:1038100003B030BD37B500230D4610460DF103014E
:103820008DF80330FBF7D4FA044650B19DF803300D
:103830008DF8043001238DF8053001992846FFF7F3
:10384000D5FF204603B030BDA0F10400E2E700BF81
:1038500030B583B00446D0E90003ADF804109847B2
:103860009DF80530054623B1A3689DF80410206833
:103870009847284603B030BD37B500230D461046A3
:103880000DF103018DF80330FBF7A2FA044650B1A5
:103890009DF803308DF8043001238DF8053001992F
:1038A0002846FFF7D5FF204603B030BDA0F1040045
:1038B000E2E700BF30B583B00446D0E90003ADF8BD
:1038C000041098479DF80530054623B1A3689DF87C
:1038D000041020689847284603B030BD37B5002350
:1038E0000D4610460DF103018DF80330FBF770FA19
:1038F000044650B19DF803308DF8043001238DF853
:10390000053001992846FFF7D5FF204603B030BDAA
:10391000A0F10400E2E700BF30B583B00446D0E96F
:103920000003ADF8041098479DF80530054623B113
:10393000A3689DF8041020689847284603B030BD5E
:1039400037B500230D4610460DF103018DF8033005
:10395000FBF73EFA044650B19DF803308DF8043071
:1039600001238DF8053001992846FFF7D5FF204641
:1039700003B030BDA0F10400E2E700BF30B583B072
:103980000446D0E90003ADF8041098479DF80530CF
:10399000054623B1A3689DF804102068984728467F
:1039A00003B030BD37B500230D4610460DF10301BD
:1039B0008DF80330FBF70CFA044650B19DF8033044
:1039C0008DF8043001238DF8053001992846FFF762
:1039D000D5FF204603B030BDA0F10400E2E700BFF0
:1039E00030B583B00446D0E90003ADF80410984721
:1039F0009DF80530054623B1A3689DF804102068A2
:103A00009847284603B030BD37B500230D46104611
:103A10000DF103018DF80330FBF7DAF9044650B1DC
:103A20009DF803308DF8043001238DF8053001999D
:103A30002846FFF7D5FF204603B030BDA0F10400B3
:103A4000E2E700BF30B583B00446D0E90003ADF82B
:103A5000041098479DF80530054623B1A3689DF8EA
:103A6000041020689847284603B030BD37B50023BE
:103A70000D4610460DF103018DF80330FBF7A8F950
:103A8000044650B19DF803308DF8043001238DF8C1
:103A9000053001992846FFF7D5FF204603B030BD19
:103AA000A0F10400E2E700BF30B583B00446D0E9DE
:103AB0000003ADF8041098479DF80530054623B182
:103AC000A3689DF8041020689847284603B030BDCD
:103AD00037B500230D4610460DF103018DF8033074
:103AE000FBF776F9044650B19DF803308DF80430A9
:103AF00001238DF8053001992846FFF7D5FF2046B0
:103B000003B030BDA0F10400E2E700BF30B583B0E0
:103B10000446D0E90003ADF8041098479DF805303D
:103B2000054623B1A3689DF80410206898472846ED
:103B300003B030BD37B500230D4610460DF103012B
:103B40008DF80330FBF744F9044650B19DF803307B
:103B50008DF8043001238DF8053001992846FFF7D0
:103B6000D5FF204603B030BDA0F10400E2E700BF5E
:103B70000B4611469868FAF787BE000008B50A465A
:103B800001460020FFF7F4FF08BD00BFD1F8980000
:103B9000CA81F4F743BA000008B50A46014600207E
:103BA000FFF7F4FF08BD00BFD1F898000A82F4F7D0
:103BB00035BA000008B50A4601460020FFF7F4FFB9
:103BC00008BD00BF086A0A82F5F782BA08B50A463E
:103BD00001460020FFF7F6FF08BD00BF4B6E0A70DC
:103BE00093F89E2002B91A7F83F89E207047000048
:103BF00008B50A4601460020FFF7F0FF08BD00BFE8
:103C0000486E81ED040AF4F70DBC000008B50146CA
:103C10000020FFF7F5FF08BD486E81ED050AF4F7B7
:103C200001BC000008B501460020FFF7F5FF08BD04
:103C3000486E81ED0C0AF4F7F5BB000008B50146AB
:103C40000020FFF7F5FF08BD10B50C46084604F547
:103C50004054F6F76DFB012384F83C3910BD000099
:103C600008B501460020FFF7EFFF08BD0A7001F517
:103C70004051D1F8BC08F6F791BB000008B50A46E0
:103C800001460020FFF7F2FF08BD00BF02B9CA6A73
:103C9000CA62704708B50A4601460020FFF7F6FFE2
:103CA00008BD00BF81ED0D0A01F54051D1F8BC08F7
:103CB000F6F7A4BB08B501460020FFF7F3FF08BDE7
:103CC0000B4681F82420586D0021F5F789BB0000D0
:103CD00008B50A4601460020FFF7F2FF08BD00BF05
:103CE0000B4681F82E20586D0021F5F779BB0000B6
:103CF00008B50A4601460020FFF7F2FF08BD00BFE5
:103D0000486DA1F84C20F5F725BD000008B50A461E
:103D100001460020FFF7F4FF08BD00BF486D81F8A1
:103D20002520F5F7ABBB000008B50A460146002088
:103D3000FFF7F4FF08BD00BF486D81ED040AF5F7F9
:103D40006FBB000008B501460020FFF7F5FF08BD76
:103D5000C8680A81F6F79EB808B50A4601460020F1
:103D6000FFF7F6FF08BD00BFC8688A72F6F792B881
:103D700008B50A4601460020FFF7F6FF08BD00BF60
:103D8000C8684A60F6F786B808B50A4601460020BA
:103D9000FFF7F6FF08BD00BF0A80704708B50A4666
:103DA00001460020FFF7F8FF08BD00BF037B8AB083
:103DB0007BB107C807AB0DF1100C83E807008CE856
:103DC0000700DDED050A9DED061A9DED040A0AB017
:103DD000704707C904AB83E80700F2E77FB500230B
:103DE0006946A030009301930293FFF7DFFFB0EE26
:103DF000410A07B05DF804FBFFF7F0BF7FB5002371
:103E00006946A030009301930293FFF7CFFFB0EE15
:103E1000600A07B05DF804FBFFF7F0BF7FB5002331
:103E20006946A030009301930293FFF7BFFF07B0EC
:103E30005DF804FBFFF7F2BF037A84B04BB103C80F
:103E400004AB03E90300DDED030A9DED020A04B0B3
:103E5000704703C904AB03E90300DDED030A9DEDE0
:103E6000020A04B0704700BF1FB5002369468030C6
:103E700000930193FFF7E0FFB0EE600A05B05DF834
:103E800004FB0000FFF7F0BF1FB500236946803038
:103E900000930193FFF7D0FF05B05DF804FB00002D
:103EA000FFF7F2BF1FB50023694658300093019316
:103EB000FFF7C2FFB0EE600A05B05DF804FB00003A
:103EC000FFF7F0BF1FB500236946583000930193F8
:103ED000FFF7B2FF05B05DF804FB0000FFF7F2BF8B
:103EE0001FB5002369464C3000930193FFF7A4FFF0
:103EF000B0EE600A05B05DF804FB0000FFF7F0BF0C
:103F00001FB5002369464C3000930193FFF794FFDF
:103F100005B05DF804FB0000FFF7F2BF1FB50023FA
:103F20006946083000930193FFF786FFB0EE600A00
:103F300005B05DF804FB0000FFF7F0BF1FB50023DC
:103F40006946083000930193FFF776FF05B05DF8EE
:103F500004FB0000FFF7F2BF10B50446DCF774F96C
:103F6000FCEEC07A012017EE903A237010BD00BF1E
:103F700037B500230DF103000D468DF80330FFF730
:103F8000EBFF044650B19DF803308DF80430012357
:103F90008DF8053001992846FFF78CFC204603B0C8
:103FA00030BD37B500230DF103000D468DF8033009
:103FB000FFF7D2FF044650B19DF803308DF804306E
:103FC00001238DF8053001992846FFF76DFD204645
:103FD00003B030BD37B500230DF103000D468DF859
:103FE0000330FFF7B9FF044650B19DF803308DF858
:103FF000043001238DF8053001992846FFF722FD92
:10400000204603B030BD37B500230DF103000D4647
:104010008DF80330FFF7A0FF044650B19DF8033040
:104020008DF8043001238DF8053001992846FFF7FB
:10403000D7FC204603B030BD37B500230DF1030097
:104040000D468DF80330FFF787FF044650B19DF809
:1040500003308DF8043001238DF80530019928468E
:10406000FFF7F6FB204603B030BD37B500230DF156
:1040700003000D468DF80330FFF76EFF044650B184
:104080009DF803308DF8043001238DF80530019937
:104090002846FFF773FC204603B030BD37B5002338
:1040A0000DF103000D468DF80330FFF755FF044670
:1040B00050B19DF803308DF8043001238DF80530A0
:1040C00001992846FFF792FB204603B030BD37B573
:1040D00000230DF103000D468DF80330FFF73CFF80
:1040E000044650B19DF803308DF8043001238DF85B
:1040F000053001992846FFF709FD204603B030BD81
:1041000037B500230DF103000D468DF80330FFF79E
:1041100023FF044650B19DF803308DF8043001238D
:104120008DF8053001992846FFF7FCFA204603B0C8
:1041300030BD37B500230DF103000D468DF8033077
:10414000FFF70AFF044650B19DF803308DF80430A4
:1041500001238DF8053001992846FFF7DDFB204645
:1041600003B030BD37B500230DF103000D468DF8C7
:104170000330FFF7F1FE044650B19DF803308DF88F
:10418000043001238DF8053001992846FFF7FCFA29
:10419000204603B030BD37B500230DF103000D46B6
:1041A0008DF80330FFF7D8FE044650B19DF8033078
:1041B0008DF8043001238DF8053001992846FFF76A
:1041C00035FA204603B030BD38B50120FAF710FEAD
:1041D000AD4B04461880FAF70BFEAC4BAC491A689D
:1041E00040EA044012F00102086000F0A482A94BEA
:1041F0001A6812F0010200F08982A74B1A6812F0C7
:10420000010200F06E82A54B1A6812F0010200F064
:104210005382A34B1A6812F0010200F03882A14BBE
:104220001A6812F0010200F01D829F4B1A6812F00A
:10423000010200F002829D4B1A6812F0010200F0A8
:10424000E7819B4B1A6812F0010200F0CC81994B78
:104250001A6812F0010200F0B181974B1A6812F04F
:10426000010200F09681954B1A6812F0010200F0ED
:104270007B81934B1A6812F0010200F0EF80914BA2
:104280001A6812F0010200F0D4808F4B1A6812F005
:10429000010200F0B9808D4B1A6812F0010200F0A3
:1042A0009E808B4B1A6812F0010200F08380894BCC
:1042B0001A6812F0010268D0874B1A6812F00102E6
:1042C0004ED0864B1A6812F0010234D0844B1A6823
:1042D00012F001021AD0834B1A6812F0010200D0CA
:1042E00038BD814C8148824D01211960C4E90050DC
:1042F000804904F10800FBF7C3FA7F4B03F1180172
:1043000003F12802C4E90031A26038BD7B4C774834
:10431000774D01211960C4E90050794904F1080082
:10432000FBF7AEFA774B03F1180103F12802C4E959
:104330000031A260CFE7744C6C486D4D01211960CB
:10434000C4E90050714904F10800FBF799FA704B79
:1043500003F1180103F12802C4E90031A260B5E7B6
:104360006C4C6248624D01211960C4E900506A49F1
:1043700004F10800FBF784FA684B03F1180103F11C
:104380002802C4E90031A2609BE7654C5748584DAC
:1043900001211960C4E90050624904F10800FBF7EB
:1043A0006FFA614B03F1180103F12802C4E90031EF
:1043B000A26081E75D4C4D484D4D01211960C4E973
:1043C00000505B4904F10800FBF75AFA594B03F11E
:1043D000180103F12802C4E90031A26067E7564CD6
:1043E0004248434D01211960C4E90050534904F18A
:1043F0000800FBF745FA524B03F1180103F12802BC
:10440000C4E90031A2604CE74E4C3848384D0121D8
:104410001960C4E900504C4904F10800FBF730FA78
:104420004A4B03F1180103F12802C4E90031A260EC
:1044300031E7474C2D482E4D01211960C4E9005049
:10444000444904F10800FBF71BFA434B03F1180140
:1044500003F12802C4E90031A26016E73F4C23486B
:10446000234D01211960C4E900503D4904F10800C1
:10447000FBF706FA3B4B03F1180103F12802C4E9EC
:104480000031A260FBE600BF64E70020A4E5002045
:1044900060E70020A0E500209CE5002098E50020D2
:1044A00094E5002090E500208CE5002088E50020C0
:1044B00084E5002080E500207CE5002078E50020F0
:1044C00074E5002070E500206CE5002068E5002020
:1044D00064E5002060E500205CE5002058E5002050
:1044E00054E5002050E50020A8E50020C4CA0208D9
:1044F000D4CA020890C1020824CF0208BCE50020FB
:1045000090C10208F0CE0208D0E5002090C1020858
:10451000BCCE0208E4E5002090C1020888CE020863
:10452000F8E5002090C1020854CE02080CE60020F5
:1045300090C1020820CE020820E6002090C10208A7
:10454000ECCD020834E6002090C10208B8CD020884
:1045500048E6002090C1020884CD02085CE60020F5
:1045600090C1020850CD02087D4C7E487E4D01214D
:104570001960C4E900507D4904F10800FBF780F997
:104580007B4B03F1180103F12802C4E90031A2605A
:104590006FE6784C7348744D01211960C4E90050EE
:1045A000754904F10800FBF76BF9744B03F118012E
:1045B00003F12802C4E90031A26054E6704C694856
:1045C000694D01211960C4E900506E4904F10800E9
:1045D000FBF756F96C4B03F1180103F12802C4E90B
:1045E0000031A26039E6694C5E485F4D01211960D7
:1045F000C4E90050664904F10800FBF741F9654B36
:1046000003F1180103F12802C4E90031A2601EE69B
:10461000614C5448544D01211960C4E900505F4970
:1046200004F10800FBF72CF95D4B03F1180103F1CD
:104630002802C4E90031A26003E65A4C49484A4DB9
:1046400001211960C4E90050574904F10800FBF743
:1046500017F9564B03F1180103F12802C4E90031A0
:10466000A260E8E5524C3F483F4D01211960C4E982
:104670000050504904F10800FBF702F94E4B03F1DA
:10468000180103F12802C4E90031A260CDE54B4CCA
:104690003448354D01211960C4E90050484904F1FE
:1046A0000800FBF7EDF8474B03F1180103F128026E
:1046B000C4E90031A260B2E5434C2A482A4D0121E9
:1046C0001960C4E90050414904F10800FBF7D8F82B
:1046D0003F4B03F1180103F12802C4E90031A26045
:1046E00097E53C4C1F48204D01211960C4E900505A
:1046F000394904F10800FBF7C3F8384B03F11801FE
:1047000003F12802C4E90031A2607CE5344C15486D
:10471000154D01211960C4E90050324904F1080027
:10472000FBF7AEF8304B03F1180103F12802C4E99E
:104730000031A26061E52D4C0A480B4D0121196042
:10474000C4E900502A4904F10800FBF799F8294B05
:1047500003F1180103F12802C4E90031A26046E523
:1047600070E60020C4CA0208D4CA020890C1020838
:104770001CCD020884E6002090C10208E8CC0208A3
:1047800098E6002090C10208B4CC0208ACE60020F4
:1047900090C1020880CC0208C0E6002090C1020847
:1047A0004CCC0208D4E6002090C1020818CC0208C4
:1047B000E8E6002090C10208E4CB0208FCE60020F5
:1047C00090C10208B0CB020810E7002090C1020897
:1047D0007CCB020824E7002090C1020848CB0208E5
:1047E00038E7002090C1020814CB02084CE70020F3
:1047F00090C10208E0CA020882B08DE80C00049B58
:104800000C2B20D8DFE803F01E07090B0D0F111346
:104810001517191B1D00103214E0203212E030323F
:1048200010E040320EE050320CE060320AE07032AC
:1048300008E0803206E0903204E0A03202E0B032BC
:1048400000E0C032026002B07047000082B08DE824
:104850000C00049B3BB1012B0AD1064B4360023292
:10486000054B026003E0054B4360054B026083602B
:1048700002B0704799E901089DE9010865F3010854
:10488000BDFA010882B08DE80C00049B0BB904321C
:10489000026002B07047000082B08DE80C00049BFB
:1048A000042B1ED8DFE803F003080D1218000E4B8E
:1048B000436002600D4B13E00D4B436002600D4BF3
:1048C0000EE00D4B436002600C4B09E00C4B436063
:1048D0000B320C4B026003E00B4B43600B4B02604E
:1048E000836002B0704700BF7DF3010879FA0108C8
:1048F00075F3010891FA010875E901087DE90108DD
:1049000099E901089DE901086DF30108A9FA010878
:1049100082B08DE80C00049B1BB1012B05D1026015
:1049200003E0034B43601432026002B0704700BFE3
:1049300091E9010882B08DE80C00049B012B03D0A3
:10494000022B03D043B902E0043200E00832034BEB
:104950004360034B0260836002B0704775E9010851
:104960007DE9010882B08DE80C00049B0BB904328C
:10497000026002B07047000082B08DE80C00049B1A
:10498000012B03D0022B03D043B902E0043200E034
:104990000832034B4360034B0260836002B07047F0
:1049A00075E901087DE9010882B08DE80C00049BDF
:1049B000052B1BD8DFE803F0030A0D1114180C4B6C
:1049C000436010320B4B026083600FE00A4B0260C1
:1049D00008E01432094B026004E0094B026001E078
:1049E000084B0260436001E00432026002B070478D
:1049F00049EA01084DEA0108A1F301086DE901083F
:104A000095F3010889F3010882B08DE80C00049B3E
:104A100023B9034B4360034B0260836002B07047CD
:104A200075E901087DE9010882B08DE80C00049B5E
:104A3000052B16D8DFE803F00305080C0F132C3202
:104A400003E0094B026008E03032084B026004E0EA
:104A5000074B026001E0074B0260436001E0043253
:104A6000026002B0704700BFC5F301086DE901089C
:104A7000B9F30108ADF3010882B08DE80C00049B86
:104A8000142B5CD8DFE803F00B101517191E232533
:104A900027292F34363B3D3F45474D535500294B81
:104AA00043600260284B49E0284B43600260284B7A
:104AB00044E0203228E02C3234E0264B4360026090
:104AC000254B3BE0254B43600260254B36E01C3212
:104AD00004E0143202E0183216E02832214B436021
:104AE0000260214B2AE0214B43600260204B25E00D
:104AF0002D3217E01F4B436002601F4B1EE0043253
:104B000002E0083200E00C321C4B436002601C4B98
:104B100014E02F3206E01B4B436030321A4B026028
:104B20000CE03132194B43600260194B06E04E3203
:104B300000E05032174B4360174B0260836002B0B5
:104B4000704700BF39EA01083DEA010801F4010895
:104B5000F1F90108F5F3010811FA0108E9F3010878
:104B60002DFA010809EA01080DEA0108DDF3010840
:104B700049FA0108D1F3010865FA010875E901084D
:104B80007DE9010829EA01082DEA010899E90108EF
:104B90009DE9010841EA010845EA010882B08DE873
:104BA0000C00049B122B47D8DFE803F00A10121602
:104BB000181C1E212426292B2D313436383F440061
:104BC0001E4B43608C321E4B02602CE08F3200E0A3
:104BD0008E321C4B02602BE0903200E094321A4B74
:104BE000026025E0983221E0184B026020E0184B6B
:104BF00002601DE0AC3219E0164B026018E0B032E2
:104C000014E0B43212E0F232134B026010E0134BA6
:104C100002600DE0B83209E0C43207E0104B436097
:104C2000C832104B0260836006E0CC320E4B02604B
:104C3000436001E03432026002B0704731EA01089B
:104C400035EA010891E90108A9E9010831F40108F0
:104C500025F4010819F401088DE901080DF4010893
:104C600009EA01080DEA01086DE9010882B08DE842
:104C70000C00049B032B0DD8DFE803F007020406A9
:104C8000043202E0083200E00C32034B4360034B75
:104C90000260836002B0704775E901087DE9010890
:104CA00082B08DE80C00049B062B2DD8DFE803F0C2
:104CB00004070B11151D2400144B02601AE002F5C5
:104CC000615204321BE002F561520532104B026062
:104CD00010E002F56152083202E002F561520C3236
:104CE0000C4B436002600C4B0DE002F56152103238
:104CF0000A4B0260436007E002F561521432084B30
:104D00004360084B0260836002B0704795E9010878
:104D100091E9010875E901087DE901086DE90108DB
:104D200099E901089DE9010882B08DE80C00049B17
:104D30001D2B79D8DFE803F00F12161A1E22272D3B
:104D40002F31333537394E3B41436E6A484C50540E
:104D50005C6164686C7002F5625224E002F5625294
:104D6000193225E002F562521B3221E002F562524F
:104D700018321DE002F562521A3219E02B4B4360E3
:104D800002602B4B4FE02B4B436001322A4B0260F9
:104D900049E0043243E0083241E00C323FE018328F
:104DA0003DE010323BE0143239E01C3237E024326F
:104DB000224B43600260224B35E028322FE0214B2A
:104DC00043600260204B2EE002F562521C320AE082
:104DD00002F56252203222E002F5625224321EE0D5
:104DE00002F562522832194B43600260184B1AE0F8
:104DF000184B43600260184B15E03C32026013E030
:104E000002F562522C320AE002F56252303206E0BC
:104E100002F56252383202E002F5625234320F4B30
:104E200043600F4B0260836002B070474DF401088D
:104E30009DF9010821EA010825EA010899E901081C
:104E40009DE9010845F40108B5F9010829EA0108BE
:104E50002DEA01083DF40108D5F9010875E90108BA
:104E60007DE9010882B08DE80C00049B0F2B58D817
:104E7000DFE803F00810191E2226292D31373B43A5
:104E800047494E5102F56352274B43601C32274B72
:104E9000026006E002F563522032254B4360254B49
:104EA000026083603DE0244B43600260234BF8E7DF
:104EB00002F564521832F0E702F564521C32ECE756
:104EC00002F5645229E002F56452083226E002F548
:104ED0006452103222E002F564523D32184B0260F7
:104EE0001EE002F564520C32D7E702F56452154B0E
:104EF00043603E32144B0260D3E702F5645238320D
:104F0000CBE7183202E002F564522832026008E072
:104F100002F5655202E002F5655204320B4B026065
:104F2000436002B0704700BF19EA01081DEA01089A
:104F300075E901087DE901085DF4010881F90108BE
:104F400091E9010899E901089DE901086DE9010865
:104F500082B08DE80C00049B192B5ED8DFE803F0CB
:104F60000D12181A1C2126282E30323436383A3FBA
:104F700041434547494B51535557294B43600260C4
:104F8000284B49E0284B43600432284B026043E041
:104F900008323DE00C323BE0254B43600260254B7C
:104FA0003AE0254B43600260244B35E018322FE095
:104FB000234B43601C32234B02602DE0203227E05C
:104FC000243225E0283223E0343221E038321FE059
:104FD0002C321DE01C4B436002601C4B1CE03C3239
:104FE00016E0403214E0443206E0483210E04C3221
:104FF0000EE0503200E05132154B43600260154B19
:105000000AE0543204E0583202E05C3200E06032E0
:10501000114B4360114B0260836002B0704700BFC8
:1050200089F4010811F9010809EA01080DEA0108EB
:1050300081F401082DF9010875F4010845F901080A
:1050400011EA010815EA010869F401085DF901088F
:1050500099E901089DE9010875E901087DE9010860
:1050600082B08DE80C00049B112B3FD8DFE803F0E1
:10507000090C0F1114171A1D202326292B2D2F314F
:10508000383A1B4B026030E01A4B02602DE01432BC
:1050900020E0194B026028E0184B026025E0184B15
:1050A000026022E0174B02601FE0174B02601CE019
:1050B000164B026019E0164B026016E0154B0260B9
:1050C00013E08C320FE090320DE0A4320BE094320A
:1050D00000E09832104B4360104B0260836005E0A3
:1050E0009C3200E0A0320E4B0260436002B0704779
:1050F000553F0208393F0208193F0208FD3E0208E9
:10510000DD3E0208C13E0208C1F40108A5F4010811
:10511000A13E0208853E020875E901087DE9010803
:105120006DE9010882B08DE80C00049B072B1ED8A6
:10513000DFE803F00412090B0D0F11170D4B43604C
:1051400002600D4B12E0043206E0083204E00C323B
:1051500002E0143200E01832084B43600260084B52
:1051600004E0084B43601C32074B0260836002B0CE
:10517000704700BFC9F40108EDF8010875E901089E
:105180007DE9010899E901089DE9010882B08DE8EF
:105190000C00049B23B1012B06D12C32026003E0EA
:1051A000024B43601032026002B070476DE90108A3
:1051B00082B08DE80C00049B012B03D0022B07D09A
:1051C00063B900E00432064B43600260054B04E023
:1051D000054B43600832054B0260836002B07047A4
:1051E00075E901087DE9010899E901089DE90108CF
:1051F00082B08DE80C00049B23B1012B06D12C3228
:10520000026003E0024B43601032026002B070475C
:105210006DE9010882B08DE80C00049B142B4DD879
:10522000DFE803F00B0D14161A1D20232527292B68
:105230003134373C3E4143454A0098321EE0204B12
:10524000436090321F4B0260836037E09C3200E085
:105250009E321D4B02602DE01C4B02602AE01C4B6D
:10526000026027E01B4B026024E0B03206E0B4325B
:1052700004E0B83202E0C0320DE0C432164B4360A5
:105280000260164BE0E702F5B87204E002F5BA726C
:1052900001E002F5BC72124B02600BE0536900E0C2
:1052A000936903600AE0C83207E0883200E08C327C
:1052B0000C4B0260436001E01C32026002B0704798
:1052C000F9E9010801EA010891E90108353E0208FF
:1052D000193E0208F93D020875E901087DE9010857
:1052E0006DE9010895E9010882B08DE80C00049B86
:1052F0000B2B25D8DFE803F01F060C0E1012141636
:10530000181A1C1E0F4B436004320F4B026016E04C
:10531000083210E00C320EE010320CE014320AE0D9
:10532000183208E01C3206E0203204E0243202E0A9
:10533000283200E02C32054B4360054B026083604D
:1053400002B0704799E901089DE90108A1E9010847
:10535000A5E9010882B08DE80C00049B082B1ED83B
:10536000DFE803F00E0507090B0D131517000432D3
:1053700006E0083204E00C3202E0103200E01432A1
:10538000084B43600260084B08E0183202E0193213
:1053900000E01A32054B4360054B0260836002B0A7
:1053A000704700BF75E901087DE9010899E9010826
:1053B0009DE9010882B08DE80C00049B042B10D8F5
:1053C000DFE803F00A0305070900043204E00832AD
:1053D00002E00C3200E01032034B4360034B0260EA
:1053E000836002B0704700BF75E901087DE90108DC
:1053F00082B08DE80C00049B0F2B36D8DFE803F059
:105400001D080A0C0E101214161C22272D2F3133E2
:10541000013212E0023210E003320EE004320CE0FE
:1054200005320AE0063208E0073206E0104B43601E
:105430000832104B02600EE00C320F4B43600260EA
:105440000E4B08E00E4B436002600E4B03E00E4B28
:1054500043600E4B0260836007E0143204E0303298
:1054600002E04C3200E06832026002B0704700BFD8
:1054700075E901087DE9010899E901089DE901083C
:10548000D9F40108B9F80108D1F40108D5F80108E8
:1054900082B010B502A981E80C0004461022002158
:1054A000DAF7DAFF2046BDE8104002B0704700BFCF
:1054B000A1F10401ECE700BF82B010B502A981E8B8
:1054C0000C00044610220021DAF7C6FF2046BDE892
:1054D000104002B0704700BFA1F10401ECE700BF2B
:1054E00082B08DE80C00049B112B55D8DFE803F047
:1054F0000910151B20252D3436393C3F4144474ABD
:105500004D51264B436002F51272254B02601AE0A2
:1055100002F51372234B026003E002F51672224B70
:105520000260436038E002F51472204B0260F8E735
:10553000D2F8783203601E4BF3E71E4B436002F54E
:105540001B721D4B0260836026E01C4B436002F51A
:105550001F721B4B0260F6E710321CE0D2F8583184
:1055600015E0D2F8003112E0D2F8AC300FE0B032E2
:1055700011E0D2F8FC300AE0D2F85C3107E0D2F852
:10558000603104E0D2F8643101E0D2F868310360A0
:1055900002E002F5B672026002B07047DDE9010870
:1055A000E1E9010891E9010895E90108E5E9010847
:1055B000EDE90108F1E90108F5E9010899E90108B7
:1055C0009DE9010882B08DE80C00049B012B07D0F7
:1055D000022B07D063B9074B43600260064B06E01D
:1055E000043200E00832054B4360054B02608360E3
:1055F00002B07047C5E90108CDE9010875E9010865
:105600007DE9010882B08DE80C00049B2C2B00F290
:105610008880DFE803F017191B1D1F212325272988
:105620002B2D333537393B3D434547494F55575966
:105630005B5D5F61636567696B6D6F717375777EC5
:1056400080828400113224E0123222E0133220E002
:10565000143230E018322EE01C322CE0203218E0F8
:10566000213216E0253204E0223202E0233200E04B
:1056700024322D4B436002602C4B48E0283214E06A
:105680002C3212E0303204E034320EE038320CE0DA
:105690003C32274B43600260264B38E0403204E046
:1056A000443202E0483200E04C32234B4360026057
:1056B000224B2CE05032224B43600260214B26E00B
:1056C000A8322DE0B4322BE001321CE002321AE0A5
:1056D000033218E0043216E0053214E0063212E01C
:1056E000073210E008320EE009320CE00A320AE01C
:1056F0000B3208E00C3206E00D3204E00E3202E01C
:105700000F3200E01032104B4360104B0260836098
:1057100007E0543204E0603202E06C3200E078329C
:10572000026002B0704700BFBDE90108C1E901088D
:1057300099E901089DE9010875E901087DE9010879
:10574000A1E90108A5E90108D5E90108D9E901089D
:1057500082B08DE80C00049B3BB1012B0AD1064BB3
:1057600043600432054B026003E0054B4360054B88
:105770000260836002B07047B5E90108B9E9010829
:10578000E1F401089DF8010882B08DE80C00049B4B
:1057900023B1012B08D10832026005E0034B4360BE
:1057A0000432034B0260836002B07047ADE9010828
:1057B000B1E9010882B08DE80C00049B1BB9034BD2
:1057C00043600C32026002B0704700BF95E90108E7
:1057D00082B08DE80C00049B032B0ED8DFE803F0A9
:1057E00002050709064B026006E0043202E00832B7
:1057F00000E00C32034B0260436002B0704700BF10
:105800008DE9010895E9010882B08DE80C00049B40
:10581000012B03D0022B03D033B902E0043200E0A5
:105820000832024B0260436002B0704795E90108FC
:1058300082B010B502A981E80C00044610220021B4
:10584000DAF70AFE2046BDE8104002B0704700BFFC
:10585000A1F10401ECE700BF82B08DE80C00049BCD
:10586000152B3DD8DFE803F00B0D0F111315171999
:105870001B1D1F212325292B2D2F3133383A0432AC
:1058800018E0083216E00C3214E0103212E0143244
:1058900010E01C320EE018320CE020320AE0243214
:1058A00008E0283206E02C3204E0303202E03432E4
:1058B00000E038320B4B02600CE03C3208E0403232
:1058C00006E0443204E0483202E04C3200E050325C
:1058D000054B0260436003E0536D00E0936D03608D
:1058E00002B0704795E90108A9E9010882B08DE886
:1058F0000C00049B032B10D8DFE803F00502040919
:10590000043200E00832064B0260436005E0054BBC
:1059100043600C32044B0260836002B0704700BFEA
:1059200095E90108A1E90108A5E9010882B08DE81F
:105930000C00049B032B09D8DFE803F007020406E0
:10594000103202E0203200E03032026002B07047D4
:1059500082B010B502A981E80C0004461022002193
:10596000DAF77AFD2046BDE8104002B0704700BF6C
:10597000A1F10401ECE700BF82B010B502A981E8F3
:105980000C00044610220021DAF766FD2046BDE82F
:10599000104002B0704700BFA1F10401ECE700BF66
:1059A00082B010B502A981E80C0004461022002143
:1059B000DAF752FD2046BDE8104002B0704700BF44
:1059C000A1F10401ECE700BF82B010B502A981E8A3
:1059D0000C00044610220021DAF73EFD2046BDE807
:1059E000104002B0704700BFA1F10401ECE700BF16
:1059F00082B010B502A981E80C00044610220021F3
:105A0000DAF72AFD2046BDE8104002B0704700BF1B
:105A1000A1F10401ECE700BF82B08DE80C00049B0B
:105A20001C2B7AD8DFE803F00F151719202426283D
:105A30002A2C2E303436393D41454D5F51575B5D40
:105A4000616970757700364B43603832354B0260C0
:105A500008E0D36B22E0136C20E0334B4360443208
:105A6000324B0260836058E0936C0360304B49E036
:105A70004C320AE04D3208E04E3206E04F3204E08C
:105A8000503202E0513200E052322A4B026039E0DB
:105A9000536D00E0936D036033E0D36D0360264BDC
:105AA00030E002F58542583212E002F585425C3260
:105AB0000EE002F58542214B43606032204B0260CC
:105AC000D0E702F58542643221E002F58542483292
:105AD0001C4B026016E002F585424C3210E0BC32ED
:105AE00015E002F58142603211E002F58542164B65
:105AF00043605032154B0260B4E702F5864224320F
:105B00000260134B436008E002F582427832026083
:105B100003E0104B00E0104B036002B0704700BF81
:105B200065E9010869E9010875E901087DE90108ED
:105B300085E901088DE901086DE9010899E9010885
:105B40009DE9010895E90108A1E90108A5E9010815
:105B500091E90108E00E00209011002037B51D46A4
:105B6000D1E9000314469847044ACDE900012946CB
:105B70002046DCF7F5F9012003B030BD7FC10208F3
:105B800070B51E46D1E9000315469847034A0346FF
:105B900031462846DCF7E4F9012070BD809F0208F9
:105BA00010B5D1E900031446984700233030207027
:105BB0006370012010BD000070B51E46D1E90003DE
:105BC00015469847034A034631462846DCF7C8F98C
:105BD000012070BD7BC1020870B51E46D1E90003EB
:105BE00015469847034A034631462846DCF7B8F97C
:105BF000012070BD84C1020837B51D46D1E90003FC
:105C000014469847044ACDE9000129462046DCF7AE
:105C1000A7F9012003B030BD8BC1020870B51E4644
:105C2000D1E9000315469847034A03463146284602
:105C3000DCF796F9012070BD809F020870470000D4
:105C400037B51D46D1E900031446984710EE100AF7
:105C5000E5F79CF8044ACDE9000129462046DCF727
:105C60007FF9012003B030BD78C102082DE9F0436F
:105C700097B005469DF878409DF87C00009401900F
:105C80000E4606A84021DCF76BF94028044628BFE1
:105C90004024002E00F08C80034648B1002306A962
:105CA0001A4611F8010B0132A24283EA0003F8D32D
:105CB00006A8C4F140012044424ADCF751F90444EB
:105CC000D5E9C302511C402CC1F3080128BF402470
:105CD00006AB814203EB040805F58676034617D030
:105CE00002F2FF12C2F30807B84230D806A93C1AE4
:105CF000A8EB0108444528BF444630442246DCF75F
:105D000087F9D5F80C332344C3F30803C5F80C33E3
:105D100095F81423C2B9D5F810239A422ED2012047
:105D200085F81403D5F81C03324404680492264A0B
:105D30002468334402A90593CDE90226009104AA00
:105D400006CA05F54673A04717B0BDE8F083C0F555
:105D50000079A14528BFA1464A4606A93044DCF790
:105D600057F9D5F80C3306A94C4594BF0919494495
:105D70009944C9F30800C5F80C03B8E7E4D9D5F88D
:105D80001C03036801211C6885F8141302AB0093FF
:105D9000324405F5467305F54375049205950A49A5
:105DA000029104AA06CA0396A04717B0BDE8F08383
:105DB00006ABC4F140011819044ADCF7D1F80234EB
:105DC0007EE700BF849F0208D15D02088C9F020815
:105DD00030B589B002AB83E8060003469DF80800A1
:105DE0000399002283F80822C3F80C2228BB8B42B7
:105DF00000D9FEE703F500758D42FAD3CA1AD3F82D
:105E00000012C2F308028A42C3F8042217D314D93D
:105E1000D3F8100207951A4401210468069283F80A
:105E200008120D49246804AA009208AACDE90413B7
:105E300012E9060003F50373A04709B030BDD3F89B
:105E400010021A4419444FF0010C0468069283F8BA
:105E500008C20791E5E700BFD15D020810B5024610
:105E6000034600F5847152F8080B86B00468246874
:105E70000492054A0591CDE9022304A902AB01AAC7
:105E8000A04706B010BD00BFD16802080B1A00B5CC
:105E90004FEAA30EBEF1000F19DD137800EB8E0E52
:105EA0000EE090F801C09C4524D090F802C09C45BB
:105EB00023D090F803C09C4522D00430864505D0FD
:105EC00090F800C09C45ECD15DF804FB0B1A022B46
:105ED00005D0032B19D0012B15D00846F4E7137811
:105EE00002789A42F0D0013002789A4218BF0846F0
:105EF0005DF804FB01305DF804FB02305DF804FB43
:105F000003305DF804FB1378EEE7137802789A42C9
:105F1000DAD00130E4E700BF2DE9F04F0D4614461A
:105F20009C46074606460FCD0FC793B02B683B60D3
:105F30000DAA002304EB0C0120468DF83430FFF746
:105F4000A5FF4FF02E0B8046444556D23569002DF3
:105F500053D00DAA414620468DF834B0FFF796FF86
:105F6000AB68059607462E46A0EB040A06934FF051
:105F700000092546069B99452ED0726852F8394093
:105F80004FEAC9035246214628460793DAF79CFD9B
:105F9000F8B92046DAF7F4F982451AD13546059E5C
:105FA0002C68CDF80890D6E902018DE80300294657
:105FB00096E80C00246808A8A0476B68079A134469
:105FC00008ADD3F804C0CDF830C00FCD0DAC0FC470
:105FD00005E009F10109CDE7059E4FF0000CCDF871
:105FE00044C00DAD0FCD34460FC401374745C4F84A
:105FF00000C03C4628BF4446A6E7304613B0BDE883
:10600000F08F0000014A01600261704740E8002003
:106010002DE9F04397B00E460546402106A8DBF770
:106020009FFF4028044628BF4024002E00F08C80AB
:10603000034648B1002206A9134611F8010B0132AC
:10604000A24283EA0003F8D306A8C4F14001204429
:10605000424ADBF785FF0444D5E9C302511C402CBA
:10606000C1F3080128BF402406AB814203EB0408BA
:1060700005F58676034617D002F2FF12C2F3080731
:10608000B84230D806A93C1AA8EB0108444528BFFD
:10609000444630442246DBF7BBFFD5F80C3323449B
:1060A000C3F30803C5F80C3395F81423C2B9D5F827
:1060B00010239A422ED2012085F81403D5F81C0330
:1060C000324404680492264A2468334402A90593A2
:1060D000CDE90226009104AA06CA05F54673A04739
:1060E00017B0BDE8F083C0F50079A14528BFA146EF
:1060F0004A4606A93044DBF78BFFD5F80C3306A9D6
:106100004C4594BF091949449944C9F30800C5F89E
:106110000C03B8E7E4D9D5F81C03036801211C6817
:1061200085F8141302AB0093324405F5467305F568
:106130004375049205950A49029104AA06CA03967A
:10614000A04717B0BDE8F08306ABC4F140011819B1
:10615000044ADBF705FF02347EE700BF849F020894
:10616000D15D02088C9F020870B51446264E274A5E
:1061700005462146FFF74CFF214632462846FFF7E9
:1061800047FF21462846224AFFF742FF214628467C
:10619000204AFFF73DFF214628461F4AFFF738FFF8
:1061A000214628461D4AFFF733FF214628461C4A50
:1061B000FFF72EFF324621462846FFF729FF2146EA
:1061C0002846184AFFF724FF21462846164AFFF7BB
:1061D0001FFF21462846154AFFF71AFF324621467F
:1061E0002846FFF715FF21462846114AFFF710FF02
:1061F000214628460F4AFFF70BFF0F4A2146284643
:10620000FFF706FF70BD00BFA0BA0208909F02080A
:10621000BC9F0208E49F020808A002082CA0020804
:1062200048A002085CA002089CA00208B0A00208D6
:10623000C8A00208D8A00208ECA00208F0B5C9B0B6
:1062400004461546084608AA1B49DAF757F90028FC
:106250002ADD03A819494FF4807308AAFFF75CFEF2
:106260000798FFF7EBFCC0B1154A16496FF0010320
:1062700002F020F888B103686E461F6803A9324611
:106280000A23B847104B2946002814BF32461A4645
:106290002046FFF7BDFE49B0F0BD0C4A2946204616
:1062A000FFF7B6FE49B0F0BD094A29462046FFF780
:1062B000AFFE49B0F0BD00BF08A10208A0EA00206F
:1062C000C0C102089CC10208F8A0020828A1020867
:1062D00010A102082DE9F0470B464978732998B0C0
:1062E0000446154600F094806849102603AA184613
:1062F0000396DAF703F9012802D1039B0F2B07D984
:10630000634A29462046FFF783FE18B0BDE8F087B0
:10631000604A32F81320009240F6E44101FB02F299
:1063200002F50062120B08AE019240215A4A304633
:10633000DBF716FE0746002D00F083800023314670
:106340001A4611F8010B0132974283EA0003F8D88C
:10635000C7F14001F019514ADBF702FE0744D4E9C6
:10636000C3056A1CC2F30802824204F5867806EB74
:10637000070903462CD005F2FF15C5F30805A8420E
:1063800067D9C0F5007ABA4528BFBA4652463146A9
:106390004044DBF73DFED4F80C33574594BFF11968
:1063A00006EB0A019A44CAF30800C4F80C032D1A3C
:1063B000A9EB01094D4528BF4D462A464044DBF76D
:1063C00027FED4F80C331D44C5F30803C4F80C337E
:1063D00094F81423002A98D1D4F810239A423AD280
:1063E000012084F81403D4F81C0342444344069269
:1063F00007932B4A04F54673046804A924680091A6
:10640000CDE9042806AA06CAA04718B0BDE8F0875F
:10641000E6F7AEFF234A08AE126800920346224A0E
:1064200040213046DBF79CFD074655B1002331463D
:106430001A4611F8010B0132974283EA0003F8D89B
:1064400086E7C7F14001F019184ADBF789FD0237EA
:1064500085E73146ABE77FF658AFD4F81C030368F5
:1064600001211D6884F8141304AB4244009304F521
:10647000467304F5437406920949079406AA0491E9
:10648000CDF8148006CAA8473FE700BF54A1020810
:106490006CA10208DCA000205CA10208849F020815
:1064A000D15D0208440E00203CA102088C9F020826
:1064B0002DE9F04397B005460E4606A84021DBF7CC
:1064C0004FFD4028044628BF4024002E00F08C8059
:1064D000034648B1002206A9134611F8010B013208
:1064E000A24283EA0003F8D306A8C4F14001204485
:1064F000424ADBF735FD0444D5E9C302511C402C68
:10650000C1F3080128BF402406AB814203EB040815
:1065100005F58676034617D002F2FF12C2F308078C
:10652000B84230D806A93C1AA8EB0108444528BF58
:10653000444630442246DBF76BFDD5F80C33234448
:10654000C3F30803C5F80C3395F81423C2B9D5F882
:1065500010239A422ED2012085F81403D5F81C038B
:10656000324404680492264A2468334402A90593FD
:10657000CDE90226009104AA06CA05F54673A04794
:1065800017B0BDE8F083C0F50079A14528BFA1464A
:106590004A4606A93044DBF73BFDD5F80C3306A983
:1065A0004C4594BF091949449944C9F30800C5F8FA
:1065B0000C03B8E7E4D9D5F81C03036801211C6873
:1065C00085F8141302AB0093324405F5467305F5C4
:1065D0004375049205950A49029104AA06CA0396D6
:1065E000A04717B0BDE8F08306ABC4F1400118190D
:1065F000044ADBF7B5FC02347EE700BF849F020843
:10660000D15D02088C9F020870B5124C94F84E10B0
:1066100094F84D3082B0CDE90031154694F84C30F5
:106620000D4A29460646FFF721FB94F851300193A5
:1066300094F8501094F84F30084A0091304629469B
:10664000FFF714FB064B074A29463046FFF730FF99
:1066500002B070BD40A1002088A10208A4A10208D8
:1066600068E70020C0A102082DE9F043C5B06B46E1
:10667000B2EB010E83E8060005464DD000238846A4
:1066800001F1FF3C4FF0FF361F4608E0B34203D252
:106690002A2C14BF6740164696450AD013461CF8AC
:1066A000014F3B2C03F10102F0D1734528BF734623
:1066B0001A46B2F5807F28BF4FF4807241460DF133
:1066C0000C0814464046DBF7A3FC4FF00009A64235
:1066D00008F8049034BF01244C460FD398F80030DA
:1066E000613B112B1BD8DFE803F0251A1A1A1A1A7E
:1066F0001A2D351A1A1A1A1A1A1A1A3D46441D4921
:1067000002AA3046D9F7FAFE002802DD029B9F421A
:106710000DD045B0BDE8F08374468DF80CE0164A04
:1067200021462846FFF774FC45B0BDE8F08306F823
:10673000019CD3E7224641462846FFF7CBFD45B0F2
:10674000BDE8F083224641462846FFF70DFD45B0DF
:10675000BDE8F083224641462846FFF755FF45B085
:10676000BDE8F083224641462846FFF767FD45B065
:10677000BDE8F083809F0208D4A102082DE9F0470C
:1067800088B06B4683E806009DF80030002B53D19B
:106790004D4F8246144600F108060DF118084FF0DF
:1067A000010909E08AF80891641B013C2246691C32
:1067B0003046DAF7CFF93444A21B9310002B5ADD90
:1067C00002330AEB830235462B780A3BDBB2172BE8
:1067D00027FA03F10FD8C8070DD5AC4217D99AF89C
:1067E0000831002BDED0CDE90665504698E806005A
:1067F000FFF73AFFD8E76B780A3BDBB2172B27FA93
:1068000003F11CD8C9071AD50135AC42E7D80AF5FF
:106810008473A34203D800228AF808213446DAF8A8
:10682000000002681568CDE90643284B4146CDE9D2
:10683000043A03AA04ABA84708B0BDE8F087AB78D8
:106840000A3BDBB2172B27FA03F103D8CB0701D59C
:106850000235C2E7EB781C490A3BDBB2172B21FA61
:1068600003F103D8C80701D50335B6E704359542CF
:10687000AAD1621B00E03546022A19D0032A0CD0A7
:10688000012AC4D12B780A3BDBB2172BBFD80E4AA2
:1068900022FA03F3DB07BAD59FE72B780A3BDBB27A
:1068A000172B04D8084A22FA03F3D90795D40135E7
:1068B0002B780A3BDBB2172B04D8034A22FA03F3E6
:1068C000DA078AD40135DDE709008000D1680208C3
:1068D00000B585B0EC468CE8060086469CE80300CF
:1068E00002AB83E8050093E80600704605B05DF84A
:1068F00004EBFFF743BF00BF38B59C499C48FFF746
:1069000081FB9C4B1A6812F0010200F09E879A4BA3
:106910001A6812F0010200F08787984B1A6812F08B
:10692000010200F06B87964B1A6812F0010200F02A
:106930005487944B1A6812F0010200F03D87924B85
:106940001A6812F0010200F09D86904B1A6812F04E
:10695000010200F086868E4B1A6812F0010200F0E8
:106960006A868C4B1A6812F0010200F04E868A4B40
:106970001A68D50740F13D86884B1A68D40740F164
:106980002C86874B1A6812F0010200F01586854BA1
:106990001A68D00740F10486834B1A68D10740F18A
:1069A000F385824B1A68D20740F1E285804B1A6862
:1069B000D50740F1D2857F4B1A6812F0010200F032
:1069C000B6857D4B1A6812F0010200F09A857B4B68
:1069D0001A68D40740F18985794B1A68D00740F1CD
:1069E0007885784B1A6812F0010200F05C85764BCE
:1069F0001A6812F0010200F04085744B1A68D10742
:106A000040F12F85724B1A6812F0010200F01385D5
:106A1000704B1A68D20740F102856F4B1A6812F06A
:106A2000010200F0E6846D4B1A6812F0010200F0DA
:106A3000CF846B4B1A6812F0010200F02984694B75
:106A40001A6812F0010200F00D84674B1A6812F008
:106A5000010200F0F183654B1A68D50740F1E1832C
:106A6000634B1A68D40740F1D183624B1A68D00790
:106A700040F1C183604B1A68D10740F1B1835F4B8D
:106A80001A6812F0010200F096835D4B1A68D20773
:106A900040F186835B4B1A68D50740F176835A4BE9
:106AA0001A68D40740F16683584B1A68D00740F142
:106AB0005683574B1A68D10740F14683554B1A68E5
:106AC00012F0010200F02B83534B1A6812F00102FE
:106AD00000F01083514B1A68D20740F10083504BED
:106AE0001A68D50740F1F0824E4B1A6812F0010285
:106AF00000F0D5824C4B1A6812F0010200F0BA8205
:106B00004A4B1A6812F0010200F09F82484B1A6843
:106B100012F0010200F08482464B1A68D40740F15B
:106B20007482454B1A68D00740F16482434B1A685F
:106B3000D10740F1BC81424B1A68D20740F1AC81C9
:106B4000404B1A6812F0010200F091813E4B1A6826
:106B500012F0010200F076813C4B1A68D50740F133
:106B600066813B4B1A68D40774E000BF40A1002047
:106B7000A0EA0020A4E500203CE80020A0E50020D9
:106B800038E8002034E8002030E800202CE800201D
:106B90009CE5002098E5002028E8002024E800205B
:106BA00020E800201CE8002018E8002014E800205D
:106BB00010E8002094E5002090E500200CE800207B
:106BC00008E800208CE5002088E5002004E800208B
:106BD00084E5002000E8002080E50020FCE700209C
:106BE000F8E700207CE5002078E50020F4E70020AD
:106BF000F0E70020ECE70020E8E7002074E5002043
:106C0000E4E70020E0E70020DCE70020D8E70020F0
:106C1000D4E7002070E500206CE50020D0E70020DC
:106C2000CCE7002068E5002064E5002060E5002056
:106C30005CE50020C8E70020C4E70020C0E7002092
:106C4000BCE7002058E5002054E50020B8E700200C
:106C5000B4E7002040F1E0809A4B1A68D00740F179
:106C6000D180994B1A68D10740F1C180974B1A68BF
:106C700012F0010200F0A680954B1A68D20740F18D
:106C80009680944B1A68D50740F18680924B1A681B
:106C9000D40776D5914B1A68D00768D5904B1A68FF
:106CA000D10759D58F4B1A68D2074AD58E4B1A682F
:106CB000D5073BD58D4B1A68D4072DD58C4B1A6858
:106CC000D0071ED58B4B1A68D1070FD58A4B1A688F
:106CD000D20700D538BD894C8949012018601D2292
:106CE0002046F8F7CDFD874B236038BD864C874999
:106CF0000120186012222046F8F7C2FD844B236061
:106D0000E4E7844C8449012018600D222046F8F7FE
:106D1000B7FD824B2360D5E7814C82490122204692
:106D20001A60F8F7ADFD804B2360C7E77F4C8049C0
:106D30000120186002222046F8F7A2FD7D4B236057
:106D4000B8E77D4C7D490120186002222046F8F703
:106D500097FD7B4B2360A9E77A4C7B4901201860A3
:106D600005222046F8F78CFD784B23609AE7784C93
:106D70007849012220461A60F8F782FD764B23609D
:106D80008CE7764C76490120186003222046F8F7FC
:106D900077FD744B23607DE7734C744901201860C4
:106DA00006222046F8F76CFD714B23606EE7714CAC
:106DB00071490120186003222046F8F761FD6F4BEE
:106DC00023605EE76E4C6F486F4D01211960C4E986
:106DD00000506E4904F10800F8F752FD6C4B03F1C6
:106DE000180103F12802C4E90031A26044E7694CAC
:106DF00069490120186006222046F8F741FD674BDB
:106E0000236033E7664C6749012220461A60F8F791
:106E100037FD654B236024E7644C65490120186009
:106E200013222046F8F72CFD624B236014E7624CD6
:106E300062490120186015222046F8F721FD604BB9
:106E400023608EE65F4C4F484F4D01211960C4E925
:106E500000505D4904F10800F8F712FD5B4B03F1A7
:106E6000180103F12802C4E90031A26074E6584C0D
:106E70004448454D01211960C4E90050554904F1C9
:106E80000800F8F7FDFC544B03F1180103F1280248
:106E9000C4E90031A26059E6504C51490120186004
:106EA00010222046F8F7ECFC4E4B236048E64E4C8F
:106EB0004E490120186004222046F8F7E1FC4C4BB3
:106EC000236038E6B0E70020ACE7002050E5002062
:106ED000A8E70020A4E70020A0E700209CE700200E
:106EE00098E7002094E7002090E700208CE700203E
:106EF00088E7002084E7002080E7002040E80020A9
:106F0000F4B20308E4C003084CE8002094AF03087F
:106F100028C2030858E8002064A70308B8C3030880
:106F200064E80020DCA70308A0C3030870E8002081
:106F3000CCA70308ACC303087CE800200CA8030816
:106F400088C3030888E80020E4A7030894C3030863
:106F500094E8002034A8030870C30308A0E80020C8
:106F60001CA803087CC30308ACE8002054A803084D
:106F700058C30308B8E800203CA8030864C303080A
:106F8000A8E50020C4CA0208D4CA020890C10208B9
:106F900024CF0208C4E800208CA8030840C30308DB
:106FA000D0E8002084A803084CC30308DCE80020D4
:106FB00064A9030828C30308E8E80020BCA8030864
:106FC00034C30308BCE5002090C10208F0CE0208DB
:106FD000D0E5002090C10208BCCE0208F4E80020F1
:106FE00044AB0308F8C2030800E90020FCA9030829
:106FF0001CC30308AF4CB049012018601E22204674
:10700000F8F73EFCAD4B236090E5AD4CAD49012057
:10701000186007222046F8F733FCAB4B236080E56D
:10702000AA4CAB48AB4D01211960C4E90050AA49F4
:1070300004F10800F8F724FCA84B03F1180103F150
:107040002802C4E90031A26066E5A54CA048A14D24
:1070500001211960C4E90050A24904F10800F8F7C1
:107060000FFCA14B03F1180103F12802C4E9003120
:10707000A2604BE59D4C9648964D01211960C4E9EC
:1070800000509B4904F10800F8F7FAFB994B03F113
:10709000180103F12802C4E90031A26030E5964CE2
:1070A0008B488C4D01211960C4E90050934904F1CB
:1070B0000800F8F7E5FB924B03F1180103F12802F1
:1070C000C4E90031A26015E58E4C8F49012018609B
:1070D00015222046F8F7D4FB8C4B236004E58C4C3A
:1070E0008C49012018601A222046F8F7C9FB8A4B08
:1070F0002360F4E4894C7648764D01211960C4E997
:107100000050874904F10800F8F7BAFB854B03F1FA
:10711000180103F12802C4E90031A260DAE4824CCC
:107120006B486C4D01211960C4E900507F4904F19E
:107130000800F8F7A5FB7E4B03F1180103F12802C4
:10714000C4E90031A260BFE47A4C7B490120186099
:1071500012222046F8F794FB784B2360AEE4784C7B
:1071600078490120186002222046F8F789FB764B07
:1071700023609EE4754C7649012018600822204661
:10718000F8F77EFB734B23608EE4734C7349012048
:10719000186002222046F8F773FB714B23607EE4EF
:1071A000704C71490120186003222046F8F768FBF3
:1071B0006E4B23606EE46E4C4548464D01211960CC
:1071C000C4E900506B4904F10800F8F759FB6A4B19
:1071D00003F1180103F12802C4E90031A26054E46C
:1071E000664C67490120186010222046F8F748FBDA
:1071F000644B236043E4644C6449012018600C2212
:107200002046F8F73DFB624B236033E4614C624952
:107210000120186009222046F8F732FB5F4B2360FB
:1072200023E45F4C5F490120186005222046F8F7EF
:1072300027FB5D4B236013E45C4C2548254D012161
:107240001960C4E900505A4904F10800F8F718FB26
:10725000584B03F1180103F12802C4E90031A26080
:10726000FFF7F9BB544C1A481A4D01211960C4E9C3
:107270000050524904F10800F8F702FB504B03F1AB
:10728000180103F12802C4E90031A260FFF7DDBB59
:107290004C4C0F4D20460121196040F8045B4A49CF
:1072A000F8F7EEFA494B03F11402C4E90032FFF794
:1072B000C6BB00BF0CE9002054AA030804C303089E
:1072C00018E900201CAA030810C30308E4E5002005
:1072D000C4CA0208D4CA020890C1020888CE0208B3
:1072E000F8E5002090C1020854CE02080CE6002008
:1072F00090C1020820CE020820E6002090C10208BA
:10730000ECCD020824E900209CAD0308A4C20308C8
:1073100030E90020C4AB0308ECC2030834E60020C7
:1073200090C10208B8CD020848E6002090C10208CA
:1073300084CD02083CE9002094AC0308E0C20308B5
:1073400048E9002064AD0308C8C2030854E90020DE
:1073500024AD0308D4C2030860E900208CAD030803
:10736000B0C203086CE9002074AD0308BCC2030876
:107370005CE6002090C1020850CD020878E90020A8
:1073800014AF030874C2030884E9002044AE030864
:1073900098C2030890E90020A4AE03088CC2030839
:1073A0009CE90020ECAE030880C2030870E60020D0
:1073B00090C102081CCD020884E6002090C102089A
:1073C000E8CC0208A8E9002094AF030854C20308DF
:1073D000B54CB64D20460121196040F8045BB44914
:1073E000F8F74EFAB34B03F11402C4E90032FFF789
:1073F00020BBB14CAD48B14D01211960C4E900502A
:10740000AF4904F10800F8F73BFAAE4B03F118015D
:1074100003F12802C4E90031A260FFF704BBAA4CC3
:10742000AA49012018602D222046F8F729FAA84B16
:107430002360FFF7F2BAA74C9C48A04D01211960C8
:10744000C4E90050A44904F10800F8F719FAA34B65
:1074500003F1180103F12802C4E90031A260FFF72B
:10746000D7BA9F4C9F490120186003222046F8F7A5
:1074700007FA9D4B2360FFF7C5BA9C4C8B488F4D94
:1074800001211960C4E90050994904F10800F8F796
:10749000F7F9984B03F1180103F12802C4E9003110
:1074A000A260FFF7AABA944C8048844D012119606C
:1074B000C4E90050914904F10800F8F7E1F9904B54
:1074C00003F1180103F12802C4E90031A260FFF7BB
:1074D0008EBA8C4C8C490120186002222046F8F7A5
:1074E000CFF98A4B2360FFF77CBA894C8949012088
:1074F000186002222046F8F7C3F9874B2360FFF794
:107500006BBA864C69486D4D01211960C4E9005081
:10751000834904F10800F8F7B3F9824B03F118012D
:1075200003F12802C4E90031A260FFF750BA7E4C93
:107530005E48624D01211960C4E900507B4904F1A5
:107540000800F8F79DF97A4B03F1180103F12802BE
:10755000C4E90031A260FFF734BA764C76490122C3
:1075600020461A60F8F78CF9744B2360FFF723BAB2
:10757000734C74490120186016222046F8F780F9F0
:10758000714B2360FFF712BA704C714901201860EB
:1075900004222046F8F774F96E4B2360FFF701BA16
:1075A0006D4C6E490120186003222046F8F768F9F7
:1075B0006B4B2360FFF7F0B96A4C3C4D204601212C
:1075C000196040F8045B6849F8F75AF9674B03F112
:1075D0001402C4E90032FFF7DAB9654C65490120AD
:1075E000186004222046F8F74BF9634B2360FFF73D
:1075F000C8B9624C62490120186004222046F8F79D
:107600003FF9604B2360FFF7B7B95F4C27482B4D1C
:1076100001211960C4E900505C4904F10800F8F741
:107620002FF95B4B03F1180103F12802C4E9003183
:10763000A260FFF79CB9574C1C48204D01211960EE
:10764000C4E90050544904F10800F8F719F9534B04
:1076500003F1180103F12802C4E90031A260FFF729
:1076600080B94F4C114D20460121196040F8045B50
:107670004C49F8F705F94C4B03F11402C4E9003208
:10768000FFF769B9494C094D20460121196040F8BE
:10769000045B4749F8F7F4F8464B03F11402C4E9D8
:1076A0000032FFF752B900BFB8E90020C4CA02088F
:1076B00094AF030834C2030898E60020D4CA020835
:1076C00090C10208B4CC0208C8E900203CB003080D
:1076D00010C20308ACE6002090C1020880CC02086A
:1076E000D4E9002024B003081CC20308C0E600202F
:1076F00090C102084CCC0208D4E6002090C10208D8
:1077000018CC0208E0E90020B4B10308F8C103086E
:10771000ECE90020A4B1030804C20308E8E6002055
:1077200090C10208E4CB0208FCE6002090C10208E8
:10773000B0CB0208F8E90020C4B10308ECC103088B
:1077400004EA002004B20308A8C1030810EA0020DC
:10775000CCB10308E0C103081CEA0020ECB1030827
:10776000D4C1030828EA002004B20308B4C1030806
:1077700038EA0020D4B2030890C1030844EA00208C
:10778000B4B203089CC1030810E7002090C10208AE
:107790007CCB020824E7002090C1020848CB0208F5
:1077A00050EA0020F4B2030870C1030860EA002028
:1077B000F4B2030850C103082F4C304D204601217C
:1077C000196040F8045B2E49F8F75AF82D4B03F185
:1077D0001402C4E90032FFF7B2B82B4C274D204603
:1077E0000121196040F8045B2849F8F749F8284B53
:1077F00003F11402C4E90032FFF79BB8254C1F487F
:10780000254D01211960C4E90050244904F1080004
:10781000F8F736F8224B03F1180103F12802C4E906
:107820000031A260FFF77FB81E4C144D20460121A5
:10783000196040F8045B1C49F8F722F81B4B03F170
:107840001402C4E90032FFF768B8194C0B48124D16
:1078500001211960C4E90050164904F10800F8F745
:107860000FF8154B03F1180103F12802C4E90031A8
:10787000A260FFF74CB800BF70EA0020C4CA02083B
:10788000F4B2030830C1030880EA0020F4B2030810
:1078900010C1030838E70020D4CA020890C10208CA
:1078A00014CB020890EA0020F4B20308F0C00308E9
:1078B0004CE7002090C10208E0CA0208704700BFF0
:1078C00010B58C46044600F1040E93E803008EE8E0
:1078D00003009CE8030004F10C0383E8030002B1F9
:1078E000146010BD30B5044687B0236B02A803EBCB
:1078F000830380E806009B000C3BE2189DF808001B
:10790000E3588DF810000021506861631174039AE8
:1079100005921BB106AA12E906009847237E2BB9EF
:1079200094F82C30ABB9236307B030BD0822012195
:10793000606803681D68216307490491224404A913
:107940000091083206CA059404F13403A84707B031
:1079500030BD1C220221EBE7E5780208F0B585B0C6
:107960006C4684E80600521A0A9E402A28BF40222C
:10797000044600F1080C8F180D4696E803008CE8C9
:107980000300276103B11C60606892B22946EBF7DF
:107990002BFF88B10023C4E90233236133680395C8
:1079A00003228DF808203BB104AA12E90600706892
:1079B00005B0BDE8F040184705B0F0BD70B586B021
:1079C000044602A880E806004FF0010C04F11801FB
:1079D0000A9DBFF35B8FD1E84F2FC1E84ECFBEF1B8
:1079E000000FF8D1BFF35B8FD2B20AB3BFF35B8F46
:1079F00004F12C01D1E84F2FC1E84ECFBEF1000FAA
:107A0000F8D1BFF35B8FD2B2002A34D00BB1002281
:107A10001A602B68029A059203218DF8101043B367
:107A200006AA12E90600686806B0BDE8704018476B
:107A300004F1080C04F1100603C80CF1080E8EE8DE
:107A4000030095E803008CE803000BB1511C19609A
:107A5000236B73B96068013203682263094A1D68A9
:107A6000049204AA009296E80600059404F13403F7
:107A7000A84706B070BD04F11C0C04F124060122D5
:107A8000DAE700BFE5780208026B8A4203461DD0A0
:107A900000B501EB810189000C3942184358D168C7
:107AA000506883B04FF0000E4FF0010C82F810E0E8
:107AB0008DF800C0019133B102AA12E9060003B0AB
:107AC0005DF804EB184703B05DF804FB4068596BA0
:107AD00003685B68184700BF30B589B002AB83E824
:107AE000060003469DF808000399002283F8482009
:107AF000DA6408BB8B4200D9FEE703F140058D42F2
:107B0000FAD3CA1A196C02F03F028A425A6415D39A
:107B100012D9186D07951A4401210468069283F85A
:107B200048100C49246804AA009208AACDE904135D
:107B300012E906004C33A04709B030BD186D1A4455
:107B400019444FF0010C0468069283F848C007916D
:107B5000E7E700BFD97A0208044B1B682BB1044B3E
:107B6000002218680121EEF76FB8704710F000206E
:107B700070E40020054B1B68834200D07047044B23
:107B8000002218680221EEF75FB800BF0CF0002059
:107B900070E40020000000002F4A30481168304A8D
:107BA000F0B4304C0260304A2260304A304E1660E9
:107BB00000239FED277BC0E9011302F12C072D491B
:107BC000D7652D4E54607F271063D662C0E903331A
:107BD00084ED027B82ED067BC2E90833C2E91133F2
:107BE000C2E91333C2E95933C2E95C33234E6360FF
:107BF0002361536182F8283082F85430926582F80C
:107C00006C31176681ED087BC1E90233C1E90433A9
:107C10001B4A1C4D1460C1E90060012085ED107BFA
:107C2000C5E9133185F8483081ED0C7BF0BCC2E921
:107C3000C333C2E9C6310B76CB618B6281F82C303D
:107C4000536082F8080182F814337047AFF3008064
:107C500000000000000000000CF00020F8EF002001
:107C60004CC40308E0EF00205CC4030868EE002069
:107C7000D4BB020830EE0020C4BB02086CC4030869
:107C8000B8EA0020D8ED0020704700BFF0B585B0FD
:107C90006C4684E806000A9E0D46044603B118604F
:107CA000637993B1531B3F2B01D8A168B1B13368FD
:107CB000039503228DF8082073B104AA12E9060087
:107CC000706805B0BDE8F04018473368039502229C
:107CD0008DF80820002BF0D105B0F0BD2769002FEA
:107CE000E5D196E8030004F1080686E80300226166
:107CF00099B222792846E6F77FFF0028ECD0A368E6
:107D0000E06803950322C4E903778DF80820A76093
:107D1000002BE1D004AA12E90600D2E770B50446B0
:107D200082B00D4602B1106062793AB3A2687AB1AE
:107D30001C682A68019203218DF80010E4B102AAA0
:107D400012E906005868234602B0BDE870401847A3
:107D50002669002EECD193E8030004F10802C2E981
:107D600000016A682968124B2161521A1868237948
:107D700092B2EEF7CDFE58B902B070BD1C682A6809
:107D8000019202218DF80010002CD8D102B070BDF4
:107D9000A36826612A68E06801920321C4E90266AB
:107DA0008DF80010002BE7D002AA12E90600CBE7FD
:107DB000449E02082DE9F04F834C844DDFF82C924D
:107DC000DFF82C82824FDFF82CB28BB00DF1140A51
:107DD00021684FF0FF3207A8EDF760FF079B102BDB
:107DE000F6D12B6801332B60089B013B062BEFD8A3
:107DF000DFE803F0A4048C74634CB1007549D9F832
:107E00000830D9F80C0000224A71D9F810100691F8
:107E1000022189F8052088F805207A71C9F8082020
:107E2000C9F810208DF81410C9F80C2043B19AE855
:107E30000600984798F8051081F001014900C9B281
:107E4000D8F808308DF814100022D8F81010D8F89F
:107E50000C00C8F808200691C8F81020C8F80C20BB
:107E600013B19AE8060098477B793969F86806915A
:107E700083F001035B008DF81430BB680022BA6008
:107E80003A61FA6013B19AE806009847514A53796B
:107E9000104683F00103016906915B0001468DF8ED
:107EA00014309368002202618260C068CA60002BAF
:107EB0008ED09AE8060098478AE77B793969F86896
:107EC000069183F001035B008DF81430BB6800223B
:107ED000BA603A61FA60002BEBD179E798F8053087
:107EE000D8F81010D8F80C00069183F001035B005D
:107EF0008DF81430D8F808300022C8F80820C8F8E7
:107F00001020C8F80C20002BD3D161E799F8053078
:107F1000D9F81010D9F80C00069183F001035B002A
:107F20008DF81430D9F808300022C9F80820C9F8B3
:107F30001020C9F80C20002BBBD149E70123254AAA
:107F400089F805307B712448002388F80530537187
:107F5000FDF784FF3CE721499BF8483000220A7076
:107F6000002B7FF435AFDBE91023934215D25B443D
:107F7000DBF8500005935A44012306928BF84830F1
:107F8000174A03681B68CDE9032B03AA00921E461B
:107F90009AE80600134BB0471AE77FF619AF5B4427
:107FA0000593DBF85000104B069301238BF8483003
:107FB00003681E680A4BCDE9033B03AB00939AE8C4
:107FC0000600084BB04703E76CE40020BCF6002035
:107FD00078F6002060F6002018F0002014F0002051
:107FE000D97A020884F3002078F30020A8F6002054
:107FF00090F6002038F30020012A00D0704710B41A
:10800000074C23694BB1074A0B44106823610022D7
:108010005DF8044B0521EDF717BE5DF8044B704782
:1080200078F600206CE4002010B5094C0FCC86B027
:108030000DF1040CACE80F002368CCF800300021EF
:1080400001A8EDF733FD034B186006B010BD00BF6B
:1080500078990208C8F600202DE9F04F444E454FAC
:10806000454A3A6032608322BA80444ADFF824915C
:10807000C2F800909FED3C7BDFF81C91404D414CD5
:10808000DFF818C1C2F82C904FF081090023DFF807
:1080900010E1A6F804904FF001084FF003093A49A7
:1080A0003A483B61C7E90233C5F800E0CCF800E08C
:1080B000ACF80490DFF8ECE03361C6E90233C5E9BF
:1080C0000233C2E90833C2E91133CCE902332B6130
:1080D0005560536182F828301663D364CCF81030B1
:1080E000A5F8048082ED067BC4E900C7284F13651C
:1080F00002F12C0B4FF07F0A4FF03F09C2E917BA8B
:10810000C1E9007681ED087B81ED0C7B8EED107B63
:10811000C2E95933C2E95C33C4E94333C4E94633A5
:10812000C1E90233C1E90433C4F8089082F854303D
:10813000926582F86C3184F814310B76CB618B62D6
:1081400081F82C308EF84830CEE91331C0E9005365
:10815000C0E9C333C0E9C63180F8088180F8143320
:10816000BDE8F08FAFF300800000000000000000C9
:10817000A8F6002090F60020D0C40308E8F4002000
:1081800078F60020C8F3002090F3002018F00020BB
:108190006CC40308D4BB0208C4BB020860F600200C
:1081A000E0C4030838F30020034608461946D9F70F
:1081B000ABBD00BF70B5036884B000249E69039412
:1081C000102315460293CDE900446B461268B04770
:1081D0009DF8043003F00603062B03BF009B2B60C1
:1081E0000120204604B070BD009890420CBF0620CC
:1081F0000120704710B5034B0360044600F0F4FE05
:10820000204610BD30CD030810B5054B0360044671
:1082100000F0EAFE2046082100F04AF8204610BD92
:1082200030CD03082DE9F041069F0899099E8F4241
:10823000044690461D460CD02946204600F0D8FE44
:1082400020B10123376086F80480B3710020BDE8B7
:10825000F081079900F0CCFE0028EDD086F805806B
:108260000020BDE8F08100BF38B515461C4600F07F
:10827000BFFE00B938BD082206232560E2602371E5
:1082800038BD00BF2DE9F041064617461D460C4695
:1082900000F0AEFE48B9032D07D823683A463146B0
:1082A00020465B69BDE8F0411847BDE8F08100BF9A
:1082B00001F08CB92DE9F0418AB000283AD0174678
:1082C00002681E4652E9023288460021CDE90711B4
:1082D000C15851F8041C044691424FF01000099017
:1082E00004EB030526D1002E01DBDE4231D01368FA
:1082F0000095CDE90184104607AA0392DD690622A4
:108300003B463146A847079D2A469DB19DF822006D
:1083100000F00603062B0ED09DF821109DF82030AA
:108320000B4003F00603062B05D001F005010429DC
:1083300000D020B1002528460AB0BDE8F081002E0B
:1083400010DB3544AC42F5D1154628460AB0BDE8ED
:10835000F08110463946059200F04AFE059A002841
:10836000C5D0E8E7B31CE5D000943C684346246AD6
:1083700031463846A04700F006000628DAD1079AB1
:108380001546E2E71E494B6830B550F8085CA0F18D
:1083900008042BB304EB050E734521D85A6826D088
:1083A00001F1040C32B90EE0516803F1040C1346DC
:1083B00039B10A469645F7D802BFDEE90021596077
:1083C000AD18DCF800301A6899188C420CD05B6844
:1083D00040F8043CDCF8003040F8085C5C6030BDDC
:1083E00040F8043C4C6030BD2A441A6030BD1B6824
:1083F00040F8042C2B4440F8083C4C6030BD00BFD2
:10840000E0F60020144900F108034868082B38BF43
:108410000823F8B1073323F00703043102E0011DFC
:10842000406880B102689342F9D830B4D41A072C5E
:10843000456809D9C2185560C450086830BC03604B
:1084400008300A607047704702602A46083030BC26
:108450000A607047704700BFE0F6002010B500F1D9
:1084600080042046D9F7C4FD034630B180220021A4
:108470001846D7F7F1FF803010BD2046FFF7C2FF46
:1084800003460028F2D100F063FC00BF064BD3E99D
:10849000022380381344984203D2824201D2FFF76C
:1084A00071BFD9F7ADBD00BFE0F600202DE9F04166
:1084B000394D3A4888B00026C5E90166EE60D7F725
:1084C0003FFF374B374A0821CDE902130923CDE995
:1084D00004630423CDE9062300283CD0324E044631
:1084E00023783A2B08BF01340F2221463046D9F7B2
:1084F00011FC10B9E37B2E2B17D020463A21D8F778
:1085000055F804460028EBD1079A049C402AA8BFDE
:108510004022002C08BF06243E3402FB04F4A400D1
:10852000EC60DCB908B0BDE8F081103402AFD7F8D8
:108530000080786821464246B8F1000F02D0D9F792
:10854000E9FB18B914F808303D2B11D00C3708ABF3
:108550009F42ECD1D1E74FF48864EC602046D9F714
:1085600047FDA860A8B10023C0E900436860D9E7CF
:1085700008F101002044002201A9D8F799FA019CD2
:1085800023783A2B01D0002BB7D10028A8BFB860C0
:10859000B3E7E860C6E700BFE0F6002070B9020864
:1085A00084B9020890B902089CB902081EB400F010
:1085B0008DF81EBCE4F780F8F0B50278472A83B046
:1085C0000C461D4619D0264E0020336801909B684A
:1085D0003046984778B1019B1B68019302272368B6
:1085E000314620461E6901AA0123B04738BB074621
:1085F000384603B0F0BD0127F1E743784E2BE2D1B6
:108600008378552BDFD1C378432BDCD10379462BFC
:108610001AD0432BD7D143792B2BD4D183792B2B51
:10862000D1D1C379012BCED850F8206C4FF0000384
:1086300001930ABF3046583056F8786CC5E7019B65
:108640002B60384603B0F0BD43794F2BBBD1837903
:10865000522BB8D1C0790028B5D1024EB5E700BF82
:10866000D8CD0308ACCD030810B5044600F07AF865
:10867000224612F82039472B04D0836823BB82603E
:10868000012010BD63784E2BF7D1A378552BF4D180
:10869000E378432BF1D12379432BEED163792B2B54
:1086A000EBD1A3792B2BE8D1E379012BE5D854F852
:1086B000043C0133012B44F8043CE1D1836844F8C5
:1086C000083C8260012010BD00F042FB08B500F0BC
:1086D00049F8836883B393F82020472A04D0002206
:1086E000826003F1200008BD93F821204E2AF6D1C4
:1086F00093F82220552AF2D193F82320432AEED171
:1087000093F82420432AEAD193F825202B2AE6D196
:1087100093F826202B2AE2D193F82720012ADED8CD
:10872000DA69013ADA61002ADBD1996981600022B5
:108730009A6103F1200008BD00F00AFB704700BFFA
:10874000704700BF00487047ACB9020810B504215B
:108750000446FFF7ADFD204610BD00BF004870473E
:10876000F0F6002000487047F0F60020502870B561
:108770001DD0844600F00F000C2855D8DFE800F02B
:10878000074426071E545454542A22071E0010463C
:1087900050F8046B4EB10CF07004102C08BF114659
:1087A0000E441CF0800F18BF36681E6070BDD01CD0
:1087B00020F0030050F8046B1E6070BD104650F8A6
:1087C000086BE7E7104630F9026BE3E7104630F834
:1087D000026BDFE700261046344610F8015B05F017
:1087E0007F0E0EFA04FE15F0800F46EA0E0604F125
:1087F0000704F2D11F2CCDD86D06CBD54FF0FF3535
:1088000005FA04F42643C6E700261046344610F85D
:10881000015B05F07F0E0EFA04FE2D0646EA0E06F9
:1088200004F10704F3D4B5E7D8F714FAFF2808B524
:10883000034612D003F07003302B084613D005D83E
:10884000202B09D1BDE8084000F0EBBF402B06D13A
:10885000BDE80840E4F738B903D8002008BD502B24
:10886000FBD0D8F7F7F9BDE8084000F0D7BF00BF4C
:10887000F8B50C461546064608B1E4F725F9286018
:1088800014F8017BFF2F28D16860204610F8013BC7
:10889000FF2B32D0102300242B75224610F8011B29
:1088A00001F07F039340090644EA030402F1070242
:1088B000F4D40444EC6010F8013B6B7500242246AC
:1088C00010F8011B01F07F0393401C430B0602F1DB
:1088D0000702F5D404442C61F8BD31463846FFF751
:1088E000A5FF2B1D014622463846FFF73FFF0446F1
:1088F000204610F8013BFF2BCCD12B750024D9E783
:108900002DE9F04F00F0030395B00024012B0A94E9
:108910000F46164600F0A480022B0AD13146384695
:10892000E4F7BCF8002840F09080082015B0BDE8BE
:10893000F08F002B40F0FD8110F00804EED10EAB5B
:108940004FF001080293029B009300230C2219466A
:1089500030460E97E3F7EAFA3046E4F7BBF80390A7
:108960000028DBD0DDE9022144EA08033046049305
:10897000FFF77EFF9DF84C3006938246314618463D
:10898000FFF754FF0DF134080023059010901946AD
:10899000CDF800800F223046E3F7A0FA0D9BDDF8FA
:1089A000489023F00103CA4503F1FF3533D29DF807
:1089B0004DB00E9C00215846FFF738FF5246014645
:1089C0000BAB5846FFF7D2FE002182465846FFF710
:1089D0002DFF524601460CAB5846FFF7C7FE00215B
:1089E00082465846FFF722FF524601464346584604
:1089F000FFF7BCFE8246002002461AF8011B01F078
:108A00007F03934018430B0602F10702F5D40B9B3A
:108A10002344AB421DD94FF0000AD3460123049AE8
:108A2000D10777D50A9B1C4600231946CDF8008054
:108A300030460D22E3F752FA039BC7E90B3B0D9B2F
:108A40003B62C7E9094A062070E7092015B0BDE876
:108A5000F08F0C9A1344AB4264D8CA45AAD3DAE724
:108A60000EAB10F00804029302D04FF002086AE740
:108A700000930D6A23460D2221463046E3F72EFA75
:108A80000E9B9D42F1D1029B0093214623460C226E
:108A900030460E97E3F74AFAD7F830B0D7E90A43E1
:108AA000BBF1000F3BD00393A2460DF13408BAF19D
:108AB000000FC0F2FF80032500231A461946CDF8A7
:108AC000008030460D97E3F731FA00231946012262
:108AD000CDF8008030460D94E3F728FA00231946BC
:108AE0000F22CDF800803046E3F7F8F90D9ACDF863
:108AF000008002F00102002342EA0B020D92304690
:108B00000F221946E3F712FA022D60D0072015B0A4
:108B1000BDE8F08F049A12075DD4012B6BD1384663
:108B200000F074FD0D9B002B3FF4F8AE0F9A03EBA1
:108B3000020B002800F0E180013809EB0004BBF1D2
:108B4000000F3FF4EBAE049B13F00803089300F012
:108B5000D880794B3B60794B7B60069B079603F08E
:108B60000702CDF818B04FF0000909929B4600218A
:108B70000A4614F8010B00F07F039340050641EA12
:108B8000030102F10702F4D41F2A05D8400603D5D9
:108B9000012393405B42194300258A4626462A4614
:108BA00016F8010B00F07F0393401D43030602F10A
:108BB0000702F5D41F2A20D846061ED5012393406C
:108BC0005B421D4359BB4FF001092C44CFE73846A7
:108BD000FFF74AFD9AE7012B00F0A980BAF1000FD8
:108BE000C0F2A1805446032566E7049BDB07DDE95C
:108BF00006B63FF517AF544659E781B94FF0010962
:108C0000002DE2D14B46DDE906B6002B3FF486AEDF
:108C1000049BD8073FF582AE002402254CE70029CB
:108C200021DC6FF04043119E5B1A56F8231006EBCF
:108C300083060FB1089B2BB10029E1D1DDE906B60F
:108C40000323ECE60A9B0D9321B963E056F8041F59
:108C50000029CAD03144434600223846FFF7ACFC15
:108C60000028F3D0CCE7BBF1FF0F44D0099A042AC7
:108C70005FD8DFE802F0035E1C0319008B005B4243
:108C8000119A05991A4458464346FFF76FFD0D990E
:108C90000029D3D0002FB3D00AAB00223846FFF70B
:108CA0008BFC0028ACD0C9E7CB005B42E8E74B0067
:108CB0005B42E5E7DDE902213046FFF7D9FD9DF88B
:108CC0004C003146FFF7B2FD6FF04042121B0546E3
:108CD000119850F8223000EB820033B10246002395
:108CE00052F8041F01330029FAD1C7E90A350423D9
:108CF00078633B63DFE60023C2E7BBF1000F87D157
:108D00000CE6FB79012B0CBF57F8203C07F1580308
:108D10000A9322E71C46049BDD07DDE906B63FF512
:108D200083AE5446C3E600F021F800F0E9FC00F001
:108D30000FF8D7F78FFF00BF474E5543464F5200FD
:108D400008B58047D7F786FF00F0DAFCD7F782FF37
:108D500008B5034B1868BFF35B8FFFF7F1FF00BF47
:108D60000C0B002008B58047FFF7F2FF08B5034B56
:108D70001868BFF35B8FFFF7F5FF00BF080B0020FB
:108D8000024B1868BFF35B8F704700BF0C0B0020CD
:108D9000024B1868BFF35B8F704700BF080B0020C1
:108DA000012810B51AD8BFF35B8FA1F1280353E84F
:108DB000002F013A43E800200028F8D1BFF35B8F71
:108DC0005AB951F81C3C01F158040BB120469847A0
:108DD0002046BDE81040FFF759BB10BD51F8140CF8
:108DE000FFF7AEFF002310B540E91E1240F8803CAB
:108DF0000446FFF7CDFF44F8700CFFF7C1FF0749A9
:108E0000074A084B44F8581C44F8542C44F86C0C9E
:108E100044F8503CA4F1800010BD00BF474E5543BC
:108E2000432B2B00A18D020870B504460D46164653
:108E3000FFF798FC436801333246294643602046D9
:108E4000FFF7D0FF0446012344F8283B2046E3F710
:108E500021FC204600F054FCFFF77AFF10B5FFF725
:108E600081FCD0E900420132426064B194F82020D4
:108E7000472A0AD00022026020342046E3F72EFC65
:108E8000204600F03DFCFFF763FF94F821204E2AB6
:108E9000F0D194F82220552AECD194F82320432ACB
:108EA000E8D194F82420432AE4D194F825202B2AF1
:108EB000E0D194F826202B2ADCD194F82720012A2F
:108EC000D8D8626952426261D6E700BF10B5034B41
:108ED00003600446FFF78EF9204610BD30CE03082C
:108EE00010B5054B03600446FFF784F920460C21BA
:108EF000FFF7DEF9204610BD30CE030870B582B012
:108F00000446069E96420D4609D0A068046806965F
:108F1000246A2946A44602B0BDE87040604719465D
:108F20000192009300F064F8DDE900320028ECD0F3
:108F3000062002B070BD00BF2DE9F04F0D4681B094
:108F40001946DDE90A8BDDE90CA91C4607461646E1
:108F500000F04EF880B9D04527D0B86823460468A1
:108F6000CDE90CA9CDE90A8BE46932462946A4462D
:108F700001B0BDE8F04F6047002DC9F8008089F8C6
:108F800004600CDBA844C24514BF4FF001084FF049
:108F9000060889F80680002001B0BDE8F08F023590
:108FA000F9D1012389F80630F5E75946384600F033
:108FB0001FF80028D1D089F80560ECE72DE9F041D1
:108FC00006460F4614461D46FFF74EF948B9B068ED
:108FD000016822468C692B463946A446BDE8F0411B
:108FE0006047BDE8F08100BF704700BF00207047B8
:108FF000814211D008B5406803782A2B0AD049680D
:109000000B782A2B08BF0131D7F73AFBB0FA80F072
:10901000400908BD002008BD0120704710B5034B72
:1090200003600446FFF7E6F8204610BDA8CE03080B
:1090300010B5054B03600446FFF7DCF82046182105
:10904000FFF736F9204610BDA8CE03082DE9F04FF2
:1090500083B00546DDF830A0524591460F4698464C
:109060002DD0EB685E1E05EBC305FBB1EC6814F078
:10907000020F434639464FEA242212D014F001046D
:1090800004D0F81C0DD0D9F800008258A868D0F898
:1090900000C0CDF800A0DCF820B04A44D84703282F
:1090A00008D8013E731CA5F10805DFD1012003B0EB
:1090B000BDE8F08F2043C0B203B0BDE8F08F194681
:1090C000FFF796FF0028CCD00620F0E72DE9F04FFF
:1090D00093B08A461F9C0793A368DDF870B00B908D
:1090E000DE06099201D58368A3601E9B9B4500F0B4
:1090F000688107990B98FFF77BFF002840F04E81AD
:10910000BAF1000FA8BF1E9B4FF001020892099A06
:10911000A4BFA3EB0A0319464FF0000EB8BF0146E7
:10912000022342F00102CDE905AECDF830E00A920B
:109130000D938A460B9BDF6807F1FF38002F00F084
:10914000828003EBC7074FF00009F968A06811900F
:10915000CA07CDE90F994CBFDBF80020099A4FEA06
:10916000212344BFD3580A9A5B44BAF1000F07D0B9
:109170009A45089E2CBF00250125B54200F0958038
:109180008E0705D40599023100F08C8002F0FD02B3
:10919000B868016800931E9B02930FAD1D9B01935D
:1091A0000395CD69079B0599A84763799DF84120F0
:1091B0009DF842600F991343062E6371864600F0B6
:1091C0000A81022E8C4600F00681069D2268002D41
:1091D0005CD1002A00F081808A4269D0002900F029
:1091E000A580032BA57938D9D80702D5A0688007B8
:1091F00033D4012D38BF0125012E38BF0126EDB231
:10920000F6B286EA0503DBB2032B40F28380032E1D
:1092100040F29580DDF83CC09DF84020227100228C
:1092200006F00203C4F800C00692A67153BBF20711
:1092300028D56379042B2FD008F1FF38B8F1FF3F10
:10924000A7F1080781D10C9B33B30D9B012B23D0D1
:1092500001230D93002308936CE7002D2ED0002EE0
:10926000CFD1032D40F2EE80E8077CD50B9B9B68A5
:1092700099073ED485F00103DBB2032B4FD9AB072E
:10928000A571D6D5002013B0BDE8F08F002AA3D178
:109290000029A6D1042BCFD1DDF818E0704613B019
:1092A000BDE8F08F8107C7D070E701230C93C3E7B7
:1092B00022799DF840100A432271BBE7032E5AD948
:1092C000F00742D486F00102D2B2032AA4D80122C8
:1092D000C4F80090A2710692ACE79DF8402021608E
:1092E000227121B17BB30B9A9268D607CBD5069039
:1092F000A0E7059BDDF83CC0002BC0F290801E9AD1
:1093000063449A4216D185F00603DBB2032B00F2C8
:10931000A28006262E40F6B2032E00F2A88001227B
:109320006379C4F80090A271069283E7BEF1000F42
:1093300080D056E785F00103DBB2032BEFD905F0AF
:1093400002032E4671E7069076E70B998968890734
:10935000B8D5059B002B70DB1A441E9B93420CBFB3
:10936000062501254DE785F00103DBB2032BD6D995
:10937000A571002087E70598002834DB1E9D024474
:10938000954270D0002E5BD10A1895429FD19DF86E
:109390004020216006232271A37173E7099BC4F862
:1093A00000B0BAF1000F237132DB1E9BD3445B4542
:1093B00014BF4FF0010B4FF0060B84F806B00020ED
:1093C00061E71D990B98FFF713FE00283FF491AE5B
:1093D000099B637156E79DF8403021602371A671A7
:1093E00013B0BDE8F08F0599023146D01E9B079857
:1093F0000093036805991D6A1D9BA8470546002E2A
:109400007FF4FFAE03283FF62FAFDDF83CC009E044
:109410001AF1020F7FF436AF0123A37132E7059BE7
:10942000023387D01E9B07980093036805991E6A34
:109430001D9B6246B0470646E3E6059B0233D5D145
:109440000125DEE6059B002B1BDB059B19441E9BBB
:109450008B427FF464AF9DF84020C4F800C006231F
:109460002271A3710EE77EB90623A3710AE70022D9
:1094700002232260A371012005E7002E3FF427AFED
:10948000DEE70233CED14AE70625BAE62DE9F04FF2
:1094900089B0CDE90210044691469846FEF7E4FEF5
:1094A000002873D1D8F80830DA06039A48BF23465B
:1094B000D46848BF9B68661E002C49D0039A01936C
:1094C00002EBC40403F0010200920025019BE26854
:1094D0000495CDE90635009B8DF8145002F0020783
:1094E0003B4302F0010A2ED0B9F1000F38D012121E
:1094F000BAF1000F02D0D9F800309A584A44A06857
:10950000016804ABD1F818B00299D847D8B1079BCD
:10951000082B27D09DF81430032B04D91FB923F052
:1095200002038DF81430D8F80C1009B3D8F80030C5
:10953000049A934242D16BB398F804309DF81420FA
:10954000134388F80430013E771CA4F10804BDD110
:1095500098F80400003818BF012009B0BDE8F08F6A
:109560004A46CCE7BAF1000FD4D0A3680793D1E7FD
:1095700004AB0FCB88E80F0098F80430032B05D913
:10958000980714D5039B9B68D907DCD4012009B048
:10959000BDE8F08F0798082805D0082903D0FFF709
:1095A00027FD0028C8D1022388F80430EEE7DA0747
:1095B000ECD5039B9B689B07C5D4E7E700220223F9
:1095C000C8F8002088F804300120E0E7D8F718BD7B
:1095D0000378472B01D00020704743784E2BFAD1F7
:1095E0008378552BF7D1C378432BF4D10379432BE0
:1095F000F1D143792B2BEED183792B2BEBD1C07991
:1096000001288CBF00200120704700BF10B530B189
:10961000044600F075F82046FFF7DAFF08B9FFF7B7
:1096200097FB54F8140CFFF78BFB00BF2DE9F04FAC
:1096300083B00246FFF7CCFF38B152E90684D2E985
:109640000C75D2F828A0002605E0044680460126C5
:10965000054607468246104600F052F80EB1FFF765
:1096600085FB4046FFF77EFB00F04AF80EB1FFF79E
:109670006FFBFFF773F8036893F82720012A0CBFEC
:109680001A6803F17802009227F0030803F1200B17
:109690004FF00009CA451ADD2F6807B12F446B4609
:1096A000002239465846FEF787FF08B1FFF7D6FB80
:1096B0003B6801900F49384601AA1F690123B8474A
:1096C000002818BF064609F101094544E2E746B102
:1096D0000420FEF7C3FE084B084A06490360FFF763
:1096E000A3FB2046FFF72CFB00F048F800F046F8FB
:1096F000FEF75CFF80CD0308E8CD03084187020830
:1097000038B50446FFF72EF82246056812F82039CE
:10971000472B03D085BB0260284638BD63784E2BAB
:10972000F8D1A378552BF5D1E378432BF2D12379E7
:10973000432BEFD163792B2BECD1A3792B2BE9D1E0
:10974000E379012BE6D854F80C3C002B11DB0133F4
:1097500044F80C3C4368013B4360954218BF44F811
:10976000105C656A18BF02602046E2F7AFFB28462E
:1097700038BDC3F10103EBE7FFF7EAFA08B5FEF7DE
:10978000EDFF03687BB393F82020472A07D000221F
:10979000026003F12000BDE80840E2F799BB93F8AE
:1097A00021204E2AF3D193F82220552AEFD193F8A5
:1097B0002320432AEBD193F82420432AE7D193F8BE
:1097C00025202B2AE3D193F826202B2ADFD193F8EA
:1097D0002720012ADBD85A69002A05DB013A08D084
:1097E000511C0ED05A6108BD0132FBD119690160CC
:1097F000F8E71A69026003F12000BDE80840E2F7CB
:1098000067BBFFF7A5FA00BF024B13B10248D9F7B7
:1098100079B8704700000000153E000808B5D7F77A
:1098200019FA08B5FFF7FAFFF8B500BFF8BC08BC95
:109830009E467047F8B500BFF8BC08BC9E4670470E
:1098400000002041CDCCCC3EDB0F49400000A041C0
:10985000000020420000C842000000000000C07F5D
:109860000000C07F0000C07F1060024028600240FE
:1098700040600240586002407060024088600240D0
:10988000A0600240B86002401064024028640240B8
:1098900040640240586402407064024088640240A0
:1098A000A0640240B864024090D0030001000000B0
:1098B0000000000000007A4400007A440118CF3A0A
:1098C000000000400000003F0000003F00000000DA
:1098D00007000000000020410000004000000000E0
:1098E000000000000AD7233D0000000000002041D6
:1098F000000000410000807F0000704200007A44B8
:109900000000C8420000F042000020410000204159
:1099100000000000000020410000803F0000000027
:10992000000080FF0000807FCDCCCC3DCDCC4C3EF4
:10993000000000000000C8420000F04201000000EA
:109940000000000000000000000000000000000017
:10995000040000000000C8420000F04200000000C7
:10996000000000000004040303030000000B0B02CE
:109970000C0C02070700000058B90208B57D020868
:109980000000000000000000000400000A000100C8
:10999000020003000400050006000700080009009B
:1099A0000A000B000C000D000E000F00100000005C
:1099B000002020202020202020202828282828209F
:1099C0002020202020202020202020202020202097
:1099D00020881010101010101010101010101010FF
:1099E00010040404040404040404041010101010EF
:1099F00010104141414141410101010101010101B9
:109A0000010101010101010101010101101010100A
:109A1000101042424242424202020202020202028A
:109A200002020202020202020202020210101010DE
:109A30002000000000000000000000000000000006
:109A40000000000000000000000000000000000016
:109A50000000000000000000000000000000000006
:109A600000000000000000000000000000000000F6
:109A700000000000000000000000000000000000E6
:109A800000000000000000000000000000000000D6
:109A900000000000000000000000000000000000C6
:109AA00000000000000000000000000000000000B6
:109AB000000000000A00010002000300040005008D
:109AC00006000700080009000A000B000C000D004A
:109AD0000E000F001000000035000000CEFBFFFF5D
:109AE000CB03000001000000000000003400000073
:109AF000CEFBFFFFCB0300000100000000000000D0
:109B0000BC89D897B2D29C3C33A7A8D523F6493953
:109B10003DA7F444FD0FA5329D978CCF08BA5B2575
:109B2000436FAC64280668112020202020202020CC
:109B300020202020202020203030303030303030A5
:109B40003030303030303030000000000000000095
:109B50000000000000000000000000000000000005
:109B600000000000000000000000000000000000F5
:109B70000000000000000000101112131415161749
:109B80001819000000000000001A1B1C1D1E1F00F9
:109B900000000000000000000000000000000000C5
:109BA0000000000000000000001A1B1C1D1E1F000A
:109BB00000000000000000000000000000000000A5
:109BC0000000000000000000000000000000000095
:109BD0000000000000000000000000000000000085
:109BE0000000000000000000000000000000000075
:109BF0000000000000000000000000000000000065
:109C00000000000000000000000000000000000054
:109C10000000000000000000000000000000000044
:109C20000000000000000000000000000000000034
:109C30000000000000000000000000000000000024
:109C400000000000000000000500000019000000F6
:109C50007D00000000000000000000000000F03F58
:109C600000000000000024400000000000005940F7
:109C70000000000000408F40000000000088C3404A
:109C800000000000006AF8400000000080842E41BF
:109C900000000000D01263410000000084D797410B
:109CA0000000000065CDCD41000000205FA0024211
:109CB000000000E876483742000000A2941A6D4286
:109CC000000040E59C30A2420000901EC4BCD64279
:109CD00000003426F56B0C430080E03779C3414324
:109CE00000A0D8855734764300C84E676DC1AB439A
:109CF000003D9160E458E143408CB5781DAF1544B8
:109D000050EFE2D6E41A4B4492D54D06CFF0804492
:109D1000F64AE1C7022DB544B49DD9794378EA44A7
:109D2000BC89D897B2D29C3C33A7A8D523F6493931
:109D30003DA7F444FD0FA5329D978CCF08BA5B2553
:109D4000436FAC642806C80A0080E03779C34143FA
:109D5000176E05B5B5B89346F5F93FE9034F384D91
:109D6000321D30F94877825A3CBF737FDD4F15753D
:109D700020202020202020202020202020202020E3
:109D800030303030303030303030303030303030D3
:109D900031344761746544726976657242617365F6
:109DA0000000000030CD0308909D0208394F70413B
:109DB0006D7042617365000030CD0308AC9D0208F0
:109DC000374472763833303100000000A8CE0308E3
:109DD000C09D02080000000002000000A49D0208CF
:109DE00002000000B89D020802040000000000000C
:109DF000CC9D020819CF000845CF00081DCF0008F0
:109E00002DCF0008FCFFFFFFCC9D020855CF0008B6
:109E100025CF000839CF0008040100000000000031
:109E20000008000000000000010000000002000027
:109E3000180000000000000000000000000000000A
:109E40000A000000489C002034F8B543AC13E7C377
:109E500091C6994339CEDDC1426F6172642F76336A
:109E60002F5372632F74696D2E630000426F61720D
:109E7000642F76332F5372632F757362645F636F41
:109E80006E662E6300000000426F6172642F7633AD
:109E90002F5372632F7370692E630000426F6172DB
:109EA000642F76332F5372632F6164632E63000037
:109EB0004F447269766520526F626F7469637300F4
:109EC0004F447269766520332E362043444320493F
:109ED0006E74657266616365000000004344432050
:109EE000436F6E666967000043444320496E7465A2
:109EF00072666163650000004F44726976652033C5
:109F00002E36204E617469766520496E74657266DE
:109F10006163650049444C45000000007374643A75
:109F20003A6765743A2077726F6E6720696E646570
:109F30007820666F722076617269616E740000002D
:109F40007374643A3A6765743A2076617269616E37
:109F5000742069732076616C75656C65737300009D
:109F600064656661756C745461736B0030313233B3
:109F70003435363738394142434445460000000005
:109F8000257500002A25750D0A0000000D0A000045
:109F9000506C656173652073656520646F63756DD2
:109FA000656E746174696F6E20666F72206D6F727A
:109FB000652064657461696C7300000041766169B5
:109FC0006C61626C6520636F6D6D616E647320738C
:109FD000796E746178207265666572656E63653A44
:109FE00000000000506F736974696F6E3A20712031
:109FF0006178697320706F732076656C2D6C696D64
:10A0000020492D6C696D0000506F736974696F6E23
:10A010003A2070206178697320706F732076656CC8
:10A020002D666620492D66660000000056656C6F3F
:10A03000636974793A207620617869732076656C5B
:10A0400020492D6666000000546F727175653A20D4
:10A0500063206178697320540000000050726F70B3
:10A060006572746965732073746172742061742001
:10A070006F647269766520726F6F742C20737563DC
:10A08000682061732061786973302E72657175651F
:10A09000737465645F737461746500005265616414
:10A0A0003A20722070726F7065727479000000003F
:10A0B00057726974653A20772070726F7065727498
:10A0C000792076616C7565005361766520636F6EEB
:10A0D0006669673A20737300457261736520636F28
:10A0E0006E6669673A207365000000005265626F12
:10A0F0006F743A20737200006E6F7420696D706C1B
:10A10000656D656E746564007220253235357300A7
:10A11000696E76616C696420636F6D6D616E642039
:10A12000666F726D61740000696E76616C6964209F
:10A1300070726F706572747900000000534146457B
:10A140002030782530336C78206661756C7473200C
:10A15000256C7500612025750000000041444320F6
:10A160002575202575202575000000007573616731
:10A17000653A206120302E2E3135206F72206173B8
:10A180007461747573000000486172647761726570
:10A190002076657273696F6E3A2025642E25642DD2
:10A1A000256456004669726D776172652076657226
:10A1B00073696F6E3A2025642E25642E2564000095
:10A1C00053657269616C206E756D6265723A202507
:10A1D0007300000041444320646961676E6F7374CB
:10A1E00069632069732072656164206F6E6C790009
:10A1F000746865726D6973746F725F757064617491
:10A2000065000000656E636F6465725F7570646100
:10A210007465000073656E736F726C6573735F6550
:10A220007374696D61746F725F75706461746500D9
:10A23000656E6473746F705F75706461746500003F
:10A2400063616E5F686561727462656174000000CD
:10A250006F70656E5F6C6F6F705F636F6E74726F3F
:10A260006C6C65725F757064617465006163696DC3
:10A270005F657374696D61746F725F75706461742A
:10A28000650000006D6F746F725F75706461746556
:10A290000000000063757272656E745F636F6E74A8
:10A2A000726F6C6C65725F7570646174650000003C
:10A2B00063757272656E745F73656E73650000001E
:10A2C00070776D5F75706461746500006770696FA9
:10A2D0005F6E756D0000000069735F61637469767D
:10A2E000655F6C6F77000000636F6E6669670000E2
:10A2F0006F6666736574000069735F616374697685
:10A30000655F6869676800006465626F756E6365A4
:10A310005F6D7300656E6473746F705F73746174E6
:10A320006500000076656C5F6C696D697400000003
:10A33000616363656C5F6C696D6974006465636516
:10A340006C5F6C696D6974006F62736572766572BB
:10A350005F6761696E000000706C6C5F62616E64C3
:10A360007769647468000000706D5F666C75785F73
:10A370006C696E6B616765006572726F72000000D8
:10A380007068617365000000706C6C5F706F7300C3
:10A3900070686173655F76656C00000076656C5F60
:10A3A000657374696D61746500000000736C697099
:10A3B0005F76656C6F63697479000000726F746F0B
:10A3C000725F666C75780000736C69705F76656C9F
:10A3D0000000000070686173655F6F666673657486
:10A3E00000000000737461746F725F706861736560
:10A3F0005F76656C00000000737461746F725F704B
:10A4000068617365000000007573655F696E64655F
:10A41000780000007573655F696E6465785F6F66CC
:10A42000667365740000000066696E645F69647835
:10A430005F6F6E5F6C6F636B696E5F6F6E6C7900E0
:10A440006162735F7370695F63735F6770696F5F89
:10A4500070696E006370720070686173655F6F662B
:10A46000667365745F666C6F617400006469726521
:10A470006374696F6E0000007072655F63616C6980
:10A480006272617465640000656E61626C655F7024
:10A49000686173655F696E746572706F6C61746911
:10A4A0006F6E000063616C69625F72616E67650068
:10A4B00063616C69625F7363616E5F646973746129
:10A4C0006E63650063616C69625F7363616E5F6F89
:10A4D0006D6567610000000069676E6F72655F6996
:10A4E0006C6C6567616C5F68616C6C5F73746174E0
:10A4F0006500000068616C6C5F706F6C61726974FC
:10A500007900000068616C6C5F706F6C61726974D7
:10A51000795F63616C696272617465640000000058
:10A5200073696E636F735F6770696F5F70696E5F89
:10A5300073696E0073696E636F735F6770696F5FD5
:10A5400070696E5F636F730069735F7265616479D0
:10A5500000000000696E6465785F666F756E640068
:10A56000736861646F775F636F756E7400000000DD
:10A57000636F756E745F696E5F63707200000000D8
:10A58000696E746572706F6C6174696F6E00000043
:10A59000706F735F657374696D61746500000000AE
:10A5A000706F735F657374696D6174655F636F75F8
:10A5B0006E747300706F735F63697263756C617240
:10A5C00000000000706F735F6370725F636F756E81
:10A5D0007473000064656C74615F706F735F6370A7
:10A5E000725F636F756E74730000000068616C6C5D
:10A5F0005F7374617465000076656C5F6573746980
:10A600006D6174655F636F756E74730063616C690F
:10A61000625F7363616E5F726573706F6E73650006
:10A62000706F735F616273007370695F6572726FE0
:10A63000725F7261746500006672657175656E6344
:10A6400079000000706F735F616D706C6974756480
:10A650006500000076656C5F616D706C697475648F
:10A6600065000000746F727175655F616D706C6973
:10A67000747564650000000063616C69625F616EFF
:10A680007469636F6767696E6700000063616C6976
:10A69000625F706F735F7468726573686F6C64007B
:10A6A00063616C69625F76656C5F7468726573681C
:10A6B0006F6C6400636F6767696E675F726174696E
:10A6C0006F000000616E7469636F6767696E675F32
:10A6D000656E61626C6564006761696E5F73636873
:10A6E0006564756C696E675F776964746800000003
:10A6F000656E61626C655F76656C5F6C696D6974CF
:10A7000000000000656E61626C655F746F72717548
:10A71000655F6D6F64655F76656C5F6C696D6974AC
:10A7200000000000656E61626C655F6761696E5F65
:10A730007363686564756C696E670000656E61625D
:10A740006C655F6F76657273706565645F65727264
:10A750006F720000636F6E74726F6C5F6D6F646513
:10A7600000000000696E7075745F6D6F64650000B5
:10A77000706F735F6761696E0000000076656C5FE3
:10A780006761696E0000000076656C5F696E7465D4
:10A79000677261746F725F6761696E0076656C5F86
:10A7A000696E7465677261746F725F6C696D6974EC
:10A7B0000000000076656C5F6C696D69745F746F92
:10A7C0006C6572616E63650076656C5F72616D7059
:10A7D0005F72617465000000746F727175655F72FD
:10A7E000616D705F7261746500000000636972637F
:10A7F000756C61725F736574706F696E747300005D
:10A8000063697263756C61725F736574706F696E92
:10A81000745F72616E67650073746570735F7065F5
:10A82000725F63697263756C61725F72616E676596
:10A8300000000000686F6D696E675F737065656426
:10A8400000000000696E6572746961006178697367
:10A850005F746F5F6D6972726F7200006D69727202
:10A860006F725F726174696F00000000746F7271C3
:10A8700075655F6D6972726F725F726174696F0086
:10A880006C6F61645F656E636F6465725F61786948
:10A8900073000000696E7075745F66696C74657230
:10A8A0005F62616E6477696474680000616E7469E8
:10A8B000636F6767696E67006D656368616E696382
:10A8C000616C5F706F7765725F62616E64776964F7
:10A8D00074680000656C656374726963616C5F70B5
:10A8E0006F7765725F62616E647769647468000097
:10A8F0007370696E6F75745F6D656368616E6963AF
:10A90000616C5F706F7765725F7468726573686F92
:10A910006C6400007370696E6F75745F656C65635D
:10A9200074726963616C5F706F7765725F7468726F
:10A930006573686F6C6400006C6173745F6572723C
:10A940006F725F74696D6500696E7075745F706FAA
:10A9500073000000696E7075745F76656C000000AE
:10A96000696E7075745F746F7271756500000000B8
:10A97000706F735F736574706F696E7400000000B0
:10A9800076656C5F736574706F696E7400000000AB
:10A99000746F727175655F736574706F696E740042
:10A9A0007472616A6563746F72795F646F6E65005B
:10A9B00076656C5F696E7465677261746F725F74DF
:10A9C0006F72717565000000616E7469636F67670F
:10A9D000696E675F76616C69640000006175746F11
:10A9E00074756E696E675F70686173650000000062
:10A9F0006175746F74756E696E6700006D6563686C
:10AA0000616E6963616C5F706F7765720000000052
:10AA1000656C656374726963616C5F706F77657292
:10AA200000000000706F6C655F70616972730000F8
:10AA300063616C6962726174696F6E5F6375727273
:10AA4000656E7400726573697374616E63655F63CC
:10AA5000616C69625F6D61785F766F6C7461676568
:10AA60000000000070686173655F696E64756374EF
:10AA7000616E63650000000070686173655F7265F8
:10AA800073697374616E636500000000746F7271A6
:10AA900075655F636F6E7374616E74006D6F746F54
:10AAA000725F74797065000063757272656E745FB1
:10AAB0006C696D0063757272656E745F6C696D5F51
:10AAC0006D617267696E0000746F727175655F6C9D
:10AAD000696D0000696E7665727465725F74656D8C
:10AAE000705F6C696D69745F6C6F776572000000F0
:10AAF000696E7665727465725F74656D705F6C699E
:10AB00006D69745F757070657200000072657175B3
:10AB100065737465645F63757272656E745F72618C
:10AB20006E67650063757272656E745F636F6E74D5
:10AB3000726F6C5F62616E647769647468000000B4
:10AB40006163696D5F6761696E5F6D696E5F666C99
:10AB5000757800006163696D5F6175746F666C750F
:10AB6000785F6D696E5F4964000000006163696D24
:10AB70005F6175746F666C75785F656E61626C6538
:10AB8000000000006163696D5F6175746F666C75CC
:10AB9000785F61747461636B5F6761696E00000068
:10ABA0006163696D5F6175746F666C75785F64650C
:10ABB0006361795F6761696E00000000525F774CE6
:10ABC0005F46465F656E61626C65000062454D469A
:10ABD0005F46465F656E61626C650000495F627545
:10ABE000735F686172645F6D696E0000495F6275D2
:10ABF000735F686172645F6D61780000495F6C65C6
:10AC0000616B5F6D6178000064635F63616C6962B2
:10AC10005F74617500000000705F6761696E00001D
:10AC2000695F6761696E0000495F6D656173757288
:10AC300065645F7265706F72745F66696C7465726B
:10AC40005F6B000049645F736574706F696E7400B8
:10AC500049715F736574706F696E740056645F73D9
:10AC60006574706F696E740056715F736574706F90
:10AC7000696E740049616C7068615F6D65617375C0
:10AC80007265640049626574615F6D6561737572B8
:10AC90006564000049645F6D656173757265640089
:10ACA00049715F6D6561737572656400706F77657A
:10ACB00072000000765F63757272656E745F636F19
:10ACC0006E74726F6C5F696E74656772616C5F64DD
:10ACD00000000000765F63757272656E745F636F6B
:10ACE0006E74726F6C5F696E74656772616C5F71B0
:10ACF0000000000066696E616C5F765F616C706871
:10AD00006100000066696E616C5F765F6265746108
:10AD100000000000706F6C795F636F656666696341
:10AD200069656E745F300000706F6C795F636F658A
:10AD30006666696369656E745F310000706F6C7977
:10AD40005F636F656666696369656E745F32000094
:10AD5000706F6C795F636F656666696369656E7451
:10AD60005F33000074656D705F6C696D69745F6C52
:10AD70006F7765720000000074656D705F6C696DBF
:10AD800069745F75707065720000000074656D70A5
:10AD9000657261747572650069735F61726D656477
:10ADA0000000000069735F63616C696272617465C1
:10ADB0006400000063757272656E745F6D65617327
:10ADC0005F7068410000000063757272656E745FA9
:10ADD0006D6561735F706842000000006375727298
:10ADE000656E745F6D6561735F706843000000009D
:10ADF00044435F63616C69625F70684100000000FA
:10AE000044435F63616C69625F70684200000000E8
:10AE100044435F63616C69625F70684300000000D7
:10AE2000495F62757300000070686173655F6375E8
:10AE30007272656E745F7265765F6761696E00003D
:10AE40006566666563746976655F63757272656E63
:10AE5000745F6C696D0000006D61785F616C6C6F90
:10AE60007765645F63757272656E74006D61785F9B
:10AE700064635F63616C6962000000006665745F13
:10AE8000746865726D6973746F7200006D6F746FB2
:10AE9000725F746865726D6973746F720000000090
:10AEA00063757272656E745F636F6E74726F6C003F
:10AEB0006E5F6576745F63757272656E745F6D65E3
:10AEC00061737572656D656E740000006E5F657606
:10AED000745F70776D5F7570646174650000000069
:10AEE0006E6F64655F69640069735F657874656E31
:10AEF000646564006865617274626561745F726143
:10AF000074655F6D73000000656E636F6465725FEA
:10AF1000726174655F6D73006D6F746F725F6572DF
:10AF2000726F725F726174655F6D7300656E636FDF
:10AF30006465725F6572726F725F726174655F6D76
:10AF400073000000636F6E74726F6C6C65725F6586
:10AF500072726F725F726174655F6D7300000000E2
:10AF600073656E736F726C6573735F6572726F7207
:10AF70005F726174655F6D7300000000656E636FE2
:10AF80006465725F636F756E745F726174655F6D27
:10AF90007300000069715F726174655F6D7300001A
:10AFA00073656E736F726C6573735F726174655FE6
:10AFB0006D7300006275735F76695F726174655FBF
:10AFC0006D73000072616D705F74696D65000000E3
:10AFD00072616D705F64697374616E636500000017
:10AFE000616363656C00000076656C0066696E697C
:10AFF00073685F64697374616E63650066696E6926
:10B0000073685F6F6E5F76656C00000066696E69DD
:10B0100073685F6F6E5F64697374616E636500006F
:10B0200066696E6973685F6F6E5F656E635F6964A2
:10B0300078000000737461727475705F6D6F746F67
:10B04000725F63616C6962726174696F6E000000A7
:10B05000737461727475705F656E636F6465725F3F
:10B06000696E6465785F73656172636800000000F3
:10B07000737461727475705F656E636F6465725F1F
:10B080006F66667365745F63616C6962726174692F
:10B090006F6E0000737461727475705F636C6F73B0
:10B0A00065645F6C6F6F705F636F6E74726F6C005E
:10B0B000737461727475705F686F6D696E6700009C
:10B0C000656E61626C655F737465705F6469720060
:10B0D000737465705F6469725F616C776179735FC7
:10B0E0006F6E0000656E61626C655F73656E736F95
:10B0F000726C6573735F6D6F646500007761746374
:10B1000068646F675F74696D656F75740000000037
:10B11000656E61626C655F7761746368646F670018
:10B12000737465705F6770696F5F70696E000000AF
:10B130006469725F6770696F5F70696E000000001C
:10B1400063616C6962726174696F6E5F6C6F636B6F
:10B15000696E000073656E736F726C6573735F72F6
:10B16000616D700067656E6572616C5F6C6F636BBB
:10B17000696E0000737465705F6469725F61637407
:10B18000697665006C6173745F6472765F66617581
:10B190006C740000737465707300000063757272E4
:10B1A000656E745F7374617465000000726571751B
:10B1B00065737465645F73746174650069735F6857
:10B1C0006F6D6564000000006D6F746F72000000A9
:10B1D000636F6E74726F6C6C65720000656E636F86
:10B1E000646572006163696D5F657374696D617434
:10B1F0006F72000073656E736F726C6573735F6559
:10B200007374696D61746F72000000007472617014
:10B210005F7472616A0000006D696E5F656E6473D1
:10B22000746F70006D61785F656E6473746F700029
:10B230006D656368616E6963616C5F6272616B65A5
:10B24000000000007461736B5F74696D65730000CA
:10B25000656E64706F696E74000000006D696E0049
:10B260006D617800656E61626C655F756172745FB7
:10B2700061000000656E61626C655F756172745F8C
:10B2800062000000656E61626C655F756172745F7B
:10B2900063000000756172745F615F626175647262
:10B2A00061746500756172745F625F62617564727A
:10B2B00061746500756172745F635F626175647269
:10B2C00061746500656E61626C655F63616E5F618C
:10B2D00000000000656E61626C655F6932635F61EA
:10B2E000000000007573625F6364635F70726F7467
:10B2F0006F636F6C0000000075617274305F707274
:10B300006F746F636F6C000075617274315F70727F
:10B310006F746F636F6C000075617274325F70726E
:10B320006F746F636F6C00006D61785F7265676545
:10B330006E5F63757272656E740000006272616B9D
:10B34000655F726573697374616E63650000000008
:10B35000656E61626C655F6272616B655F72657379
:10B360006973746F7200000064635F6275735F7568
:10B370006E646572766F6C746167655F7472697014
:10B380005F6C6576656C000064635F6275735F6F08
:10B39000766572766F6C746167655F747269705FF1
:10B3A0006C6576656C000000656E61626C655F645B
:10B3B000635F6275735F6F766572766F6C746167D9
:10B3C000655F72616D70000064635F6275735F6FCB
:10B3D000766572766F6C746167655F72616D705FC0
:10B3E000737461727400000064635F6275735F6FF1
:10B3F000766572766F6C746167655F72616D705FA0
:10B40000656E640064635F6D61785F706F7369740B
:10B410006976655F63757272656E740064635F6DF3
:10B4200061785F6E656761746976655F6375727276
:10B43000656E74006572726F725F6770696F5F70BE
:10B44000696E00006770696F335F616E616C6F6772
:10B450005F6D617070696E67000000006770696FF2
:10B46000345F616E616C6F675F6D617070696E678C
:10B47000000000006770696F315F6D6F64650000E8
:10B480006770696F325F6D6F646500006770696F28
:10B49000335F6D6F646500006770696F345F6D6F57
:10B4A000646500006770696F355F6D6F64650000EB
:10B4B0006770696F365F6D6F646500006770696FF4
:10B4C000375F6D6F646500006770696F385F6D6F1F
:10B4D000646500006770696F395F6D6F64650000B7
:10B4E0006770696F31305F6D6F6465006770696F99
:10B4F00031315F6D6F6465006770696F31325F6D08
:10B500006F6465006770696F31335F6D6F646500EC
:10B510006770696F31345F6D6F6465006770696F64
:10B5200031355F6D6F6465006770696F31365F6DCF
:10B530006F6465006770696F315F70776D5F6D6113
:10B540007070696E670000006770696F325F7077B6
:10B550006D5F6D617070696E670000006770696F84
:10B56000335F70776D5F6D617070696E67000000AA
:10B570006770696F345F70776D5F6D617070696E51
:10B5800067000000626175645F72617465000000AD
:10B590006164647200000000616464725F6D6174D4
:10B5A00063685F636E74000072785F636E7400009E
:10B5B0006572726F725F636E7400000074785F630F
:10B5C0006E74000074785F6F76657272756E5F637B
:10B5D0006E740000757074696D6500006D696E5F52
:10B5E000686561705F737061636500006D61785FAD
:10B5F000737461636B5F75736167655F61786973AD
:10B60000000000006D61785F737461636B5F757338
:10B610006167655F757362006D61785F7374616304
:10B620006B5F75736167655F756172740000000020
:10B630006D61785F737461636B5F75736167655F7C
:10B6400063616E006D61785F737461636B5F7573C6
:10B650006167655F73746172747570006D61785FA6
:10B66000737461636B5F75736167655F616E616C55
:10B670006F670000737461636B5F73697A655F6104
:10B6800078697300737461636B5F73697A655F7562
:10B6900073620000737461636B5F73697A655F75D1
:10B6A00061727400737461636B5F73697A655F7351
:10B6B0007461727475700000737461636B5F736999
:10B6C0007A655F63616E0000737461636B5F7369B9
:10B6D0007A655F616E616C6F670000007072696F00
:10B6E0005F617869730000007072696F5F757362E3
:10B6F000000000007072696F5F7561727400000075
:10B700007072696F5F73746172747570000000000D
:10B710007072696F5F63616E000000007072696F24
:10B720005F616E616C6F6700693263007374617290
:10B73000745F74696D650000656E645F74696D6542
:10B74000000000006D61785F6C656E6774680000D2
:10B7500073616D706C696E6700000000636F6E74DA
:10B76000726F6C5F6C6F6F705F6D69736300000068
:10B77000636F6E74726F6C5F6C6F6F705F63686520
:10B78000636B730064635F63616C69625F776169B7
:10B7900074000000766275735F766F6C7461676524
:10B7A0000000000069627573000000006962757333
:10B7B0005F7265706F72745F66696C7465725F6BDF
:10B7C0000000000073657269616C5F6E756D626583
:10B7D0007200000068775F76657273696F6E5F6DE7
:10B7E000616A6F720000000068775F766572736946
:10B7F0006F6E5F6D696E6F720000000068775F7634
:10B80000657273696F6E5F76617269616E74000054
:10B8100066775F76657273696F6E5F6D616A6F726E
:10B820000000000066775F76657273696F6E5F6D0A
:10B83000696E6F720000000066775F7665727369EB
:10B840006F6E5F7265766973696F6E0066775F769B
:10B85000657273696F6E5F756E72656C6561736535
:10B86000640000006272616B655F72657369737476
:10B870006F725F61726D6564000000006272616BDF
:10B88000655F7265736973746F725F7361747572EB
:10B8900061746564000000006272616B655F7265CF
:10B8A000736973746F725F63757272656E74000092
:10B8B0006E5F6576745F73616D706C696E670000B2
:10B8C0006E5F6576745F636F6E74726F6C5F6C6FC2
:10B8D0006F7000007461736B5F74696D6572735F84
:10B8E00061726D656400000073797374656D5F73D8
:10B8F0007461747300000000757365725F636F6E2E
:10B900006669675F6C6F6164656400006D6973638D
:10B910006F6E666967757265640000006F736369B6
:10B920006C6C6F73636F70650000000074657374F6
:10B930005F70726F70657274790000006F74705F71
:10B9400076616C6964000000617869733000000002
:10B9500061786973310000007573625F7365727698
:10B9600065725F7468726561645F6465660000009B
:10B97000474C49424358585F54554E41424C4553F9
:10B98000000000006F626A5F73697A650000000062
:10B990006F626A5F636F756E74000000676C696246
:10B9A0006378782E65685F706F6F6C007374643AAB
:10B9B0003A6261645F657863657074696F6E0000F8
:10B9C00065256C64000000002E0000006E6600001B
:10B9D000696E69747900000043000000504F5349BC
:10B9E00058000000494E4600696E66004E414E0008
:10B9F0006E616E003031323334353637383961623A
:10BA00006364656600000000286E756C6C29000098
:10BA100042616C6C6F632073756363656564656414
:10BA2000000000002E2E2F2E2E2F2E2E2F2E2E2FEA
:10BA30002E2E2F2E2E2F6E65776C69622F6C696209
:10BA4000632F7374646C69622F6764746F612D6710
:10BA500065746865782E6300496E66696E697479ED
:10BA6000000000004E614E002E2E2F2E2E2F2E2E67
:10BA70002F2E2E2F2E2E2F2E2E2F6E65776C696275
:10BA80002F6C6962632F7374646C69622F64746FC6
:10BA9000612E63002C2066756E6374696F6E3A20A8
:10BAA00000000000617373657274696F6E20222557
:10BAB0007322206661696C65643A2066696C652052
:10BAC000222573222C206C696E6520256425732540
:10BAD000730A00002E2E2F2E2E2F2E2E2F2E2E2FBD
:10BAE0002E2E2F2E2E2F6E65776C69622F6C696259
:10BAF000632F7374646C69622F6D707265632E635B
:10BB00000000000000080000000000000102030423
:10BB100000000000000000000102030406070809FD
:10BB200000061016000610164E3566696272653101
:10BB3000374173796E6353747265616D536F7572BB
:10BB40006365450030CD030828BB02084E356669A1
:10BB500062726531354173796E6353747265616DDC
:10BB600053696E6B4500000030CD03084CBB0208E2
:10BB70004E35666962726531335061636B65745727
:10BB8000726170706572450030CE030870BB0208A8
:10BB900068BB02084E356669627265313550616373
:10BBA0006B6574556E777261707065724500000048
:10BBB00030CE030894BB020844BB0208000000001A
:10BBC00088BB0208A96B0108E96C010800000000AD
:10BBD000B0BB02082D6B0108A16D01080004000034
:10BBE0004E31304F4472697665496E7466384178DB
:10BBF0006973496E7466450030CD0308E0BB0208E6
:10BC0000344178697300000030CE030800BC02089C
:10BC1000F8BB02080000000008BC0208B57B010860
:10BC2000537431386261645F76617269616E745F0A
:10BC3000616363657373000030CE030820BC0208A3
:10BC400064CD03080000000038BC020885810108AB
:10BC500099810108818101084E31304F4472697623
:10BC600065496E74663238546865726D6973746FB5
:10BC70007243757272656E744C696D697465724950
:10BC80006E7466450000000030CD030858BC020801
:10BC90004E31304F4472697665496E746633354F64
:10BCA0006E626F617264546865726D6973746F72ED
:10BCB00043757272656E744C696D69746572496E14
:10BCC0007466450030CD030890BC02084E31304FF9
:10BCD0004472697665496E746633364F6666626F84
:10BCE000617264546865726D6973746F72437572C2
:10BCF00072656E744C696D69746572496E746645DF
:10BD00000000000030CD0308CCBC0208313443757C
:10BD10007272656E744C696D697465720000000022
:10BD200030CD03080CBD02083234546865726D6969
:10BD300073746F7243757272656E744C696D697459
:10BD400065720000A8CE030828BD020800000000AC
:10BD50000200000020BD02080200000088BC0208AA
:10BD60000200000033314F6E626F61726454686587
:10BD7000726D6973746F7243757272656E744C691B
:10BD80006D69746572000000A8CE030864BD0208E6
:10BD9000000000000200000044BD02080200000094
:10BDA000C4BC02080200000033324F6666626F6155
:10BDB0007264546865726D6973746F7243757272E0
:10BDC000656E744C696D697465720000A8CE0308D5
:10BDD000A8BD0208000000000200000044BD0208E7
:10BDE0000200000004BD0208020000000000000084
:10BDF00088BD020891D0000815D20008B18E010854
:10BE000000000000CCBD020895D0000825D2000833
:10BE1000B18E01084E31304F4472697665496E74B7
:10BE2000663131456E636F646572496E74664500B4
:10BE300030CD030814BE020837456E636F64657227
:10BE40000000000030CE030838BE020830BE0208F1
:10BE50000000000044BE0208FD9001080000000040
:10BE60000000803F00000040000040400000804093
:10BE70000000A0403133436F6D706F6E656E744289
:10BE80006173650030CD030874BE0208313341632D
:10BE9000696D457374696D61746F720030CE03080B
:10BEA0008CBE020884BE0208000000009CBE02088E
:10BEB000BD9E01084E31304F4472697665496E74FB
:10BEC0006631394D656368616E6963616C427261A8
:10BED0006B65496E7466450030CD0308B4BE020838
:10BEE00031354D656368616E6963616C4272616B87
:10BEF0006500000030CE0308E0BE0208D8BE02088C
:10BF000000000000F4BE0208B1A00108F5A001087D
:10BF10004E31304F4472697665496E7466313443F0
:10BF20006F6E74726F6C6C6572496E74664500005A
:10BF300030CD030810BF02083130436F6E74726F4A
:10BF40006C6C65720000000030CE030838BF020838
:10BF500030BF02080000000048BF02084DA10108E0
:10BF60007DA1010895A1010835A10108313550686E
:10BF7000617365436F6E74726F6C4C6177494C6A84
:10BF80003345450030CD03086CBF02083234416CA4
:10BF9000706861426574614672616D65436F6E746D
:10BFA000726F6C6C6572000030CE03088CBF0208A3
:10BFB00084BF020832334669656C644F7269656EEE
:10BFC000746564436F6E74726F6C6C657200000010
:10BFD000A8CE0308B4BF0208000000000200000061
:10BFE000A8BF02080200000084BE0208020400008C
:10BFF00000000000D0BF020879AF010809B00108B5
:10C0000045B50108A5AF010839B3010859B30108C6
:10C01000FCFFFFFFD0BF02083DB5010831384F706B
:10C02000656E4C6F6F70436F6E74726F6C6C65727F
:10C030000000000030CE03081CC0020884BE0208C5
:10C040000000000034C0020801B601084E31304F34
:10C050004472697665496E746631364F7363696CF4
:10C060006C6F73636F7065496E7466450000000005
:10C0700030CD03084CC0020831304F4472697665F8
:10C08000496E74660000000030CD030878C00208D5
:10C0900031324F7363696C6C6F73636F706500004E
:10C0A00030CE030890C0020870C00208364F4472B8
:10C0B0006976650030CE0308ACC0020888C002086B
:10C0C00000000000A0C00208FDBD01080000000043
:10C0D000B4C002081DBE0108DDC00108B5C50108D5
:10C0E0008DBF010815BE0108FDC001082DBE010865
:10C0F00099BE010825BF010899BF0108B9BF010811
:10C100004E31304F4472697665496E7466374361CB
:10C110006E496E746645000030CD030800C1020808
:10C12000313043616E4275734261736500000000F7
:10C1300030CD030820C10208394F44726976654347
:10C14000414E0000A8CE030838C1020800000000DC
:10C150000200000030C102080200000018C10208FD
:10C16000020000000000000044C102082DE60108A2
:10C17000C1E6010881E60108256600256C750025E9
:10C180006C6C7500256C6400256400256C6C640083
:10C190003854797065496E666F00000030CD030831
:10C1A00090C102083235537472696E67436F6E76C0
:10C1B00065727469626C6554797065496E666F006A
:10C1C00030CD0308A4C102083231466C6F6174534C
:10C1D00065747461626C6554797065496E666F0050
:10C1E00030CD0308C8C10208323146696272655019
:10C1F000726F706572747954797065496E666F49B3
:10C200003850726F7065727479494E31304F447294
:10C21000697665496E7466354572726F724545453B
:10C2200000000000A8CE0308E8C1020800000000DA
:10C2300003000000E0C1020802000000C0C10208C3
:10C24000020400009CC10208020800003231466965
:10C2500062726550726F7065727479547970654955
:10C260006E666F493850726F7065727479496645B1
:10C2700045000000A8CE03084CC2020800000000E0
:10C2800003000000E0C1020802000000C0C1020873
:10C29000020400009CC10208020800003231466915
:10C2A00062726550726F7065727479547970654905
:10C2B0006E666F493850726F706572747949624565
:10C2C00045000000A8CE03089CC202080000000040
:10C2D00003000000E0C1020802000000C0C1020823
:10C2E000020400009CC102080208000032314669C5
:10C2F00062726550726F70657274795479706549B5
:10C300006E666F493850726F7065727479496D4509
:10C3100045000000A8CE0308ECC20208000000009F
:10C3200003000000E0C1020802000000C0C10208D2
:10C33000020400009CC10208020800003231466974
:10C3400062726550726F7065727479547970654964
:10C350006E666F493850726F7065727479494E31EC
:10C36000304F4472697665496E74663743616E4931
:10C370006E7466354572726F724545450000000067
:10C38000A8CE03083CC30208000000000300000020
:10C39000E0C1020802000000C0C10208020400005F
:10C3A0009CC1020802080000323146696272655081
:10C3B000726F706572747954797065496E666F49F1
:10C3C0003850726F7065727479494E31304F4472D3
:10C3D000697665496E74663743616E496E74663876
:10C3E00050726F746F636F6C45454500A8CE0308AB
:10C3F000A8C302080000000003000000E0C102081A
:10C4000002000000C0C10208020400009CC1020832
:10C41000020800003231466962726550726F7065C1
:10C4200072747954797065496E666F493850726FCD
:10C430007065727479494E31304F4472697665493E
:10C440006E7466313853747265616D50726F746FBB
:10C45000636F6C547970654545450000A8CE0308AC
:10C4600014C402080000000003000000E0C102083C
:10C4700002000000C0C10208020400009CC10208C2
:10C48000020800003231466962726550726F706551
:10C4900072747954797065496E666F493850726F5D
:10C4A0007065727479493134656E64706F696E7449
:10C4B0005F7265665F74454500000000A8CE030802
:10C4C00084C402080000000003000000E0C102086C
:10C4D00002000000C0C10208020400009CC1020862
:10C4E000020800003231466962726550726F7065F1
:10C4F00072747954797065496E666F493850726FFD
:10C500007065727479494E31304F4472697665496D
:10C510006E7466384770696F4D6F646545454500B8
:10C52000A8CE0308E4C402080000000003000000D5
:10C53000E0C1020802000000C0C1020802040000BD
:10C540009CC10208020800003231466962726550DF
:10C55000726F706572747954797065496E666F494F
:10C560003850726F7065727479494E31304F447231
:10C57000697665496E74663841786973496E746688
:10C58000354572726F72454545000000A8CE03081C
:10C5900048C502080000000003000000E0C10208D6
:10C5A00002000000C0C10208020400009CC1020891
:10C5B000020800003231466962726550726F706520
:10C5C00072747954797065496E666F493850726F2C
:10C5D0007065727479494E31304F4472697665499D
:10C5E0006E74663841786973496E7466394178694A
:10C5F000735374617465454545000000A8CE030877
:10C60000B4C502080000000003000000E0C10208F9
:10C6100002000000C0C10208020400009CC1020820
:10C62000020800003231466962726550726F7065AF
:10C6300072747954797065496E666F493850726FBB
:10C64000706572747949744545000000A8CE0308EE
:10C6500024C602080000000003000000E0C1020838
:10C6600002000000C0C10208020400009CC10208D0
:10C67000020800003231466962726550726F70655F
:10C6800072747954797065496E666F493850726F6B
:10C690007065727479494E31304F447269766549DC
:10C6A0006E7466394D6F746F72496E74663545727B
:10C6B000726F724545450000A8CE030874C6020893
:10C6C0000000000003000000E0C1020802000000BA
:10C6D000C0C10208020400009CC102080208000058
:10C6E0003231466962726550726F70657274795446
:10C6F000797065496E666F493850726F70657274F3
:10C7000079496C4545000000A8CE0308E0C6020840
:10C710000000000003000000E0C102080200000069
:10C72000C0C10208020400009CC102080208000007
:10C730003231466962726550726F706572747954F5
:10C74000797065496E666F493850726F70657274A2
:10C7500079494E31304F4472697665496E74663955
:10C760004D6F746F72496E7466394D6F746F725489
:10C770007970654545450000A8CE030830C702081A
:10C780000000000003000000E0C1020802000000F9
:10C79000C0C10208020400009CC102080208000097
:10C7A0003231466962726550726F70657274795485
:10C7B000797065496E666F493850726F7065727432
:10C7C00079494E31304F4472697665496E746631ED
:10C7D00034436F6E74726F6C6C6572496E7466353B
:10C7E0004572726F7245454500000000A8CE0308EF
:10C7F000A0C702080000000003000000E0C102081A
:10C8000002000000C0C10208020400009CC102082E
:10C81000020800003231466962726550726F7065BD
:10C8200072747954797065496E666F493850726FC9
:10C830007065727479494E31304F4472697665493A
:10C840006E74663134436F6E74726F6C6C657249CE
:10C850006E74663131436F6E74726F6C4D6F6465C8
:10C8600045454500A8CE030814C802080000000092
:10C8700003000000E0C1020802000000C0C102087D
:10C88000020400009CC1020802080000323146691F
:10C8900062726550726F706572747954797065490F
:10C8A0006E666F493850726F7065727479494E3197
:10C8B000304F4472697665496E74663134436F6EE9
:10C8C00074726F6C6C6572496E746639496E7075FE
:10C8D000744D6F646545454500000000A8CE03080F
:10C8E0008CC802080000000003000000E0C102083C
:10C8F00002000000C0C10208020400009CC102083E
:10C90000020800003231466962726550726F7065CC
:10C9100072747954797065496E666F493850726FD8
:10C92000706572747949684545000000A8CE030817
:10C9300004C902080000000003000000E0C1020872
:10C9400002000000C0C10208020400009CC10208ED
:10C95000020800003231466962726550726F70657C
:10C9600072747954797065496E666F493850726F88
:10C970007065727479494E31304F447269766549F9
:10C980006E74663131456E636F646572496E7466AC
:10C99000354572726F72454545000000A8CE030808
:10C9A00054C902080000000003000000E0C10208B2
:10C9B00002000000C0C10208020400009CC102087D
:10C9C000020800003231466962726550726F70650C
:10C9D00072747954797065496E666F493850726F18
:10C9E0007065727479494E31304F44726976654989
:10C9F0006E74663131456E636F646572496E74663C
:10CA0000344D6F646545454500000000A8CE03081D
:10CA1000C4C902080000000003000000E0C10208D1
:10CA200002000000C0C10208020400009CC102080C
:10CA3000020800003231466962726550726F70659B
:10CA400072747954797065496E666F493850726FA7
:10CA50007065727479494E31304F44726976654918
:10CA60006E7466323353656E736F726C65737345A3
:10CA70007374696D61746F72496E74663545727254
:10CA80006F72454545000000A8CE030834CA02086D
:10CA90000000000003000000E0C1020802000000E6
:10CAA000C0C10208020400009CC102080208000084
:10CAB000000000009CC1020800000000000000000F
:10CAC000C0C1020859E901085DE901080000000041
:10CAD000E0C1020861E901080000000024C2020868
:10CAE00097410208A9ED01082DEE0108553602080C
:10CAF000FCFFFFFF24C202084DEE01088936020840
:10CB0000F8FFFFFF24C20208C9ED01080000000081
:10CB100074C202083DF3010881ED010855EE0108D9
:10CB200025F50108FCFFFFFF74C2020881EE010831
:10CB300069F50108F8FFFFFF74C20208A1ED0108C2
:10CB400000000000C4C20208FD36020859ED0108C9
:10CB500089EE0108B9360208FCFFFFFFC4C20208D3
:10CB6000A1EE0108F5360208F8FFFFFFC4C2020873
:10CB700079ED01080000000014C3020811F3010858
:10CB800031ED0108A9EE010871F50108FCFFFFFF76
:10CB900014C30208C9EE0108A5F50108F8FFFFFF5C
:10CBA00014C3020851ED01080000000080C3020810
:10CBB0006541020809ED0108D1EE0108B13702080C
:10CBC000FCFFFFFF80C30208F1EE0108E537020811
:10CBD000F8FFFFFF80C3020829ED010800000000F4
:10CBE000ECC3020833410208E1EC0108F9EE010848
:10CBF00041390208FCFFFFFFECC3020819EF0108EE
:10CC000075390208F8FFFFFFECC3020801ED0108C7
:10CC1000000000005CC4020801410208B9EC0108F0
:10CC200021EF01084D370208FCFFFFFF5CC402083A
:10CC300041EF010881370208F8FFFFFF5CC40208DA
:10CC4000D9EC010800000000BCC4020881EC010816
:10CC500085EC010849EF0108ADEC0108FCFFFFFF7E
:10CC6000BCC4020855EF0108B1EC0108F8FFFFFF52
:10CC7000BCC40208A5EC01080000000020C50208A1
:10CC8000CF40020859EC01085DEF0108353B02086E
:10CC9000FCFFFFFF20C502087DEF0108693B020889
:10CCA000F8FFFFFF20C5020879EC01080000000032
:10CCB0008CC50208E5F2010831EC010885EF010896
:10CCC000ADF50108FCFFFFFF8CC50208A5EF0108C8
:10CCD000E1F50108F8FFFFFF8CC5020851EC0108DF
:10CCE00000000000FCC502089D40020809EC010894
:10CCF000ADEF010815380208FCFFFFFFFCC5020874
:10CD0000CDEF010849380208F8FFFFFFFCC5020813
:10CD100029EC0108000000004CC60208D9F6010801
:10CD2000E1EB0108D5EF010825F60108FCFFFFFF44
:10CD30004CC60208F5EF010859F60108F8FFFFFF9D
:10CD40004CC6020801EC010800000000B8C6020849
:10CD5000BFF20108B9EB0108FDEF0108E5F4010895
:10CD6000FCFFFFFFB8C6020821F001081DF501080D
:10CD7000F8FFFFFFB8C60208D9EB01080000000069
:10CD800008C7020893F2010891EB010829F0010895
:10CD9000E9F50108FCFFFFFF08C7020849F0010898
:10CDA0001DF60108F8FFFFFF08C70208B1EB0108F4
:10CDB0000000000078C702086B40020869EB010818
:10CDC00051F00108A5390208FCFFFFFF78C70208EF
:10CDD00071F00108D9390208F8FFFFFF78C702088F
:10CDE00089EB010800000000ECC702083940020886
:10CDF00041EB010879F0010879380208FCFFFFFFD8
:10CE0000ECC7020899F00108AD380208F8FFFFFFEF
:10CE1000ECC7020861EB01080000000064C80208CA
:10CE20000740020819EB0108A1F00108093A0208BD
:10CE3000FCFFFFFF64C80208C1F001083D3A020888
:10CE4000F8FFFFFF64C8020839EB0108000000008A
:10CE5000DCC80208D53F0208F1EA0108C9F0010860
:10CE60006D3A0208FCFFFFFFDCC80208E9F0010888
:10CE7000A13A0208F8FFFFFFDCC8020811EB010825
:10CE8000000000002CC90208A33F0208C9EA0108FB
:10CE9000F1F00108D13A0208FCFFFFFF2CC902089B
:10CEA00011F10108053B0208F8FFFFFF2CC9020839
:10CEB000E9EA0108000000009CC9020807F7010820
:10CEC000A1EA010819F101089DF60108FCFFFFFF26
:10CED0009CC9020839F10108D1F60108F8FFFFFFEB
:10CEE0009CC90208C1EA0108000000000CCA02083F
:10CEF00065F2010879EA010841F1010861F60108CB
:10CF0000FCFFFFFF0CCA020861F1010895F6010859
:10CF1000F8FFFFFF0CCA020899EA010800000000B0
:10CF200088CA0208713F020851EA010869F1010844
:10CF3000DD380208FCFFFFFF88CA020889F10108FA
:10CF400011390208F8FFFFFF88CA020871EA0108D8
:10CF50005B7B226E616D65223A22222C226964225B
:10CF60003A302C2274797065223A226A736F6E22ED
:10CF70002C22616363657373223A2272227D2C7BBB
:10CF8000226E616D65223A226572726F72222C22C6
:10CF90006964223A312C2274797065223A227569CB
:10CFA0006E7438222C22616363657373223A227295
:10CFB00077227D2C7B226E616D65223A2276627526
:10CFC000735F766F6C74616765222C226964223A04
:10CFD000322C2274797065223A22666C6F61742259
:10CFE0002C22616363657373223A2272227D2C7B4B
:10CFF000226E616D65223A2269627573222C226964
:10D0000064223A332C2274797065223A22666C6F5E
:10D010006174222C22616363657373223A22722247
:10D020007D2C7B226E616D65223A22696275735F89
:10D030007265706F72745F66696C7465725F6B2283
:10D040002C226964223A342C2274797065223A22A7
:10D05000666C6F6174222C22616363657373223A7C
:10D06000227277227D2C7B226E616D65223A2273BB
:10D07000657269616C5F6E756D626572222C2269E2
:10D0800064223A352C2274797065223A2275696ED1
:10D09000743634222C22616363657373223A2272E0
:10D0A000227D2C7B226E616D65223A2268775F7645
:10D0B000657273696F6E5F6D616A6F72222C22698F
:10D0C00064223A362C2274797065223A2275696E90
:10D0D0007438222C22616363657373223A227222B0
:10D0E0007D2C7B226E616D65223A2268775F7665C2
:10D0F0007273696F6E5F6D696E6F72222C22696444
:10D10000223A372C2274797065223A2275696E743E
:10D1100038222C22616363657373223A2272227D66
:10D120002C7B226E616D65223A2268775F7665728C
:10D1300073696F6E5F76617269616E74222C226909
:10D1400064223A382C2274797065223A2275696E0D
:10D150007438222C22616363657373223A2272222F
:10D160007D2C7B226E616D65223A2266775F766543
:10D170007273696F6E5F6D616A6F72222C226964CF
:10D18000223A392C2274797065223A2275696E74BC
:10D1900038222C22616363657373223A2272227DE6
:10D1A0002C7B226E616D65223A2266775F7665720E
:10D1B00073696F6E5F6D696E6F72222C22696422D3
:10D1C0003A31302C2274797065223A2275696E7476
:10D1D00038222C22616363657373223A2272227DA6
:10D1E0002C7B226E616D65223A2266775F766572CE
:10D1F00073696F6E5F7265766973696F6E222C2238
:10D200006964223A31312C2274797065223A227590
:10D21000696E7438222C22616363657373223A222B
:10D2200072227D2C7B226E616D65223A2266775FC9
:10D2300076657273696F6E5F756E72656C6561732A
:10D240006564222C226964223A31322C227479706E
:10D2500065223A2275696E7438222C2261636365F7
:10D260007373223A2272227D2C7B226E616D6522BD
:10D270003A226272616B655F7265736973746F7273
:10D280005F61726D6564222C226964223A31332C0D
:10D290002274797065223A22626F6F6C222C2261AF
:10D2A0006363657373223A2272227D2C7B226E6146
:10D2B0006D65223A226272616B655F726573697394
:10D2C000746F725F736174757261746564222C226D
:10D2D0006964223A31342C2274797065223A2262D0
:10D2E0006F6F6C222C22616363657373223A227222
:10D2F000227D2C7B226E616D65223A226272616B07
:10D30000655F7265736973746F725F63757272655E
:10D310006E74222C226964223A31352C2274797081
:10D3200065223A22666C6F6174222C226163636508
:10D330007373223A2272227D2C7B226E616D6522EC
:10D340003A226E5F6576745F73616D706C696E67AB
:10D35000222C226964223A31362C2274797065229B
:10D360003A2275696E743332222C226163636573CD
:10D3700073223A2272227D2C7B226E616D65223AE5
:10D38000226E5F6576745F636F6E74726F6C5F6C34
:10D390006F6F70222C226964223A31372C22747903
:10D3A0007065223A2275696E743332222C226163D1
:10D3B00063657373223A2272227D2C7B226E616D2B
:10D3C00065223A227461736B5F74696D6572735F75
:10D3D00061726D6564222C226964223A31382C22F4
:10D3E00074797065223A22626F6F6C222C2261631D
:10D3F00063657373223A227277227D2C7B226E61E1
:10D400006D65223A227461736B5F74696D65732276
:10D410002C2274797065223A226F626A65637422E5
:10D420002C226D656D62657273223A5B7B226E61A0
:10D430006D65223A2273616D706C696E67222C22D1
:10D4400074797065223A226F626A656374222C22B5
:10D450006D656D62657273223A5B7B226E616D65EC
:10D46000223A2273746172745F74696D65222C2292
:10D470006964223A31392C2274797065223A227516
:10D48000696E743332222C22616363657373223AAE
:10D490002272227D2C7B226E616D65223A22656E9E
:10D4A000645F74696D65222C226964223A32302CE3
:10D4B0002274797065223A2275696E743332222C97
:10D4C00022616363657373223A2272227D2C7B2270
:10D4D0006E616D65223A226C656E677468222C223B
:10D4E0006964223A32312C2274797065223A2275AD
:10D4F000696E743332222C22616363657373223A3E
:10D500002272227D2C7B226E616D65223A226D6132
:10D51000785F6C656E677468222C226964223A32E7
:10D52000322C2274797065223A2275696E74333216
:10D53000222C22616363657373223A227277227D03
:10D540005D7D2C7B226E616D65223A22636F6E7465
:10D55000726F6C5F6C6F6F705F6D697363222C22EA
:10D5600074797065223A226F626A656374222C2294
:10D570006D656D62657273223A5B7B226E616D65CB
:10D58000223A2273746172745F74696D65222C2271
:10D590006964223A32332C2274797065223A2275FA
:10D5A000696E743332222C22616363657373223A8D
:10D5B0002272227D2C7B226E616D65223A22656E7D
:10D5C000645F74696D65222C226964223A32342CBE
:10D5D0002274797065223A2275696E743332222C76
:10D5E00022616363657373223A2272227D2C7B224F
:10D5F0006E616D65223A226C656E677468222C221A
:10D600006964223A32352C2274797065223A227587
:10D61000696E743332222C22616363657373223A1C
:10D620002272227D2C7B226E616D65223A226D6111
:10D63000785F6C656E677468222C226964223A32C6
:10D64000362C2274797065223A2275696E743332F1
:10D65000222C22616363657373223A227277227DE2
:10D660005D7D2C7B226E616D65223A22636F6E7444
:10D67000726F6C5F6C6F6F705F636865636B732252
:10D680002C2274797065223A226F626A6563742273
:10D690002C226D656D62657273223A5B7B226E612E
:10D6A0006D65223A2273746172745F74696D6522CC
:10D6B0002C226964223A32372C2274797065223A1E
:10D6C0002275696E743332222C2261636365737331
:10D6D000223A2272227D2C7B226E616D65223A22D3
:10D6E000656E645F74696D65222C226964223A322A
:10D6F000382C2274797065223A2275696E7433323F
:10D70000222C22616363657373223A2272227D2C7C
:10D710007B226E616D65223A226C656E67746822A9
:10D720002C226964223A32392C2274797065223AAB
:10D730002275696E743332222C22616363657373C0
:10D74000223A2272227D2C7B226E616D65223A2262
:10D750006D61785F6C656E677468222C2269642243
:10D760003A33302C2274797065223A2275696E74CE
:10D770003332222C22616363657373223A227277FB
:10D78000227D5D7D2C7B226E616D65223A22646371
:10D790005F63616C69625F77616974222C227479BE
:10D7A0007065223A226F626A656374222C226D656D
:10D7B0006D62657273223A5B7B226E616D65223AFF
:10D7C0002273746172745F74696D65222C226964BE
:10D7D000223A33312C2274797065223A2275696EAF
:10D7E000743332222C22616363657373223A22728E
:10D7F000227D2C7B226E616D65223A22656E645F0C
:10D8000074696D65222C226964223A33322C2274A9
:10D81000797065223A2275696E743332222C226146
:10D820006363657373223A2272227D2C7B226E61C0
:10D830006D65223A226C656E677468222C226964D9
:10D84000223A33332C2274797065223A2275696E3C
:10D85000743332222C22616363657373223A22721D
:10D86000227D2C7B226E616D65223A226D61785F8C
:10D870006C656E677468222C226964223A33342CFA
:10D880002274797065223A2275696E743332222CC3
:10D8900022616363657373223A227277227D5D7D14
:10D8A0005D7D2C7B226E616D65223A2273797374E3
:10D8B000656D5F7374617473222C227479706522B4
:10D8C0003A226F626A656374222C226D656D62650F
:10D8D0007273223A5B7B226E616D65223A2275700B
:10D8E00074696D65222C226964223A33352C2274C6
:10D8F000797065223A2275696E743332222C226166
:10D900006363657373223A2272227D2C7B226E61DF
:10D910006D65223A226D696E5F686561705F737034
:10D92000616365222C226964223A33362C22747991
:10D930007065223A2275696E743332222C2261633B
:10D9400063657373223A2272227D2C7B226E616D95
:10D9500065223A226D61785F737461636B5F7573E2
:10D960006167655F61786973222C226964223A33AA
:10D97000372C2274797065223A2275696E743332BD
:10D98000222C22616363657373223A2272227D2CFA
:10D990007B226E616D65223A226D61785F737461DE
:10D9A000636B5F75736167655F757362222C2269B3
:10D9B00064223A33382C2274797065223A227569D0
:10D9C0006E743332222C22616363657373223A22B0
:10D9D00072227D2C7B226E616D65223A226D617808
:10D9E0005F737461636B5F75736167655F756172A7
:10D9F00074222C226964223A33392C22747970659E
:10DA0000223A2275696E743332222C226163636577
:10DA10007373223A2272227D2C7B226E616D652205
:10DA20003A226D61785F737461636B5F75736167D0
:10DA3000655F63616E222C226964223A34302C22A5
:10DA400074797065223A2275696E743332222C2201
:10DA5000616363657373223A2272227D2C7B226E8E
:10DA6000616D65223A226D61785F737461636B5FEB
:10DA700075736167655F73746172747570222C22AF
:10DA80006964223A34312C2274797065223A227505
:10DA9000696E743332222C22616363657373223A98
:10DAA0002272227D2C7B226E616D65223A226D618D
:10DAB000785F737461636B5F75736167655F616ED7
:10DAC000616C6F67222C226964223A34322C2274F2
:10DAD000797065223A2275696E743332222C226184
:10DAE0006363657373223A2272227D2C7B226E61FE
:10DAF0006D65223A22737461636B5F73697A655F47
:10DB000061786973222C226964223A34332C22749E
:10DB1000797065223A2275696E743332222C226143
:10DB20006363657373223A2272227D2C7B226E61BD
:10DB30006D65223A22737461636B5F73697A655F06
:10DB4000757362222C226964223A34342C2274794F
:10DB50007065223A2275696E743332222C22616319
:10DB600063657373223A2272227D2C7B226E616D73
:10DB700065223A22737461636B5F73697A655F75BE
:10DB8000617274222C226964223A34352C22747911
:10DB90007065223A2275696E743332222C226163D9
:10DBA00063657373223A2272227D2C7B226E616D33
:10DBB00065223A22737461636B5F73697A655F7380
:10DBC000746172747570222C226964223A34362C86
:10DBD0002274797065223A2275696E743332222C70
:10DBE00022616363657373223A2272227D2C7B2249
:10DBF0006E616D65223A22737461636B5F73697A3B
:10DC0000655F63616E222C226964223A34372C22CC
:10DC100074797065223A2275696E743332222C222F
:10DC2000616363657373223A2272227D2C7B226EBC
:10DC3000616D65223A22737461636B5F73697A6503
:10DC40005F616E616C6F67222C226964223A3438FE
:10DC50002C2274797065223A2275696E74333222EF
:10DC60002C22616363657373223A2272227D2C7BBE
:10DC7000226E616D65223A227072696F5F61786908
:10DC800073222C226964223A34392C22747970650B
:10DC9000223A22696E743332222C226163636573E7
:10DCA00073223A2272227D2C7B226E616D65223AAC
:10DCB000227072696F5F757362222C226964223A46
:10DCC00035302C2274797065223A22696E743332B1
:10DCD000222C22616363657373223A2272227D2CA7
:10DCE0007B226E616D65223A227072696F5F756189
:10DCF0007274222C226964223A35312C2274797094
:10DD000065223A22696E743332222C226163636584
:10DD10007373223A2272227D2C7B226E616D652202
:10DD20003A227072696F5F73746172747570222C1D
:10DD3000226964223A35322C2274797065223A22A3
:10DD4000696E743332222C22616363657373223AE5
:10DD50002272227D2C7B226E616D65223A227072C6
:10DD6000696F5F63616E222C226964223A35332C1D
:10DD70002274797065223A22696E743332222C2221
:10DD8000616363657373223A2272227D2C7B226E5B
:10DD9000616D65223A227072696F5F616E616C6FAE
:10DDA00067222C226964223A35342C2274797065FA
:10DDB000223A22696E743332222C226163636573C6
:10DDC00073223A2272227D2C7B226E616D65223A8B
:10DDD00022757362222C2274797065223A226F6256
:10DDE0006A656374222C226D656D62657273223AD6
:10DDF0005B7B226E616D65223A2272785F636E747E
:10DE0000222C226964223A35352C227479706522DD
:10DE10003A2275696E743332222C22616363657312
:10DE200073223A2272227D2C7B226E616D65223A2A
:10DE30002274785F636E74222C226964223A35362C
:10DE40002C2274797065223A2275696E74333222FD
:10DE50002C22616363657373223A2272227D2C7BCC
:10DE6000226E616D65223A2274785F6F76657272F8
:10DE7000756E5F636E74222C226964223A35372CEA
:10DE80002274797065223A2275696E743332222CBD
:10DE900022616363657373223A2272227D5D7D2C59
:10DEA0007B226E616D65223A22693263222C2274D4
:10DEB000797065223A226F626A656374222C226D42
:10DEC000656D62657273223A5B7B226E616D6522BD
:10DED0003A2261646472222C226964223A35382C19
:10DEE0002274797065223A2275696E7438222C2268
:10DEF000616363657373223A2272227D2C7B226EEA
:10DF0000616D65223A22616464725F6D6174636859
:10DF10005F636E74222C226964223A35392C227494
:10DF2000797065223A2275696E743332222C22612F
:10DF30006363657373223A2272227D2C7B226E61A9
:10DF40006D65223A2272785F636E74222C226964B6
:10DF5000223A36302C2274797065223A2275696E25
:10DF6000743332222C22616363657373223A227206
:10DF7000227D2C7B226E616D65223A226572726F62
:10DF8000725F636E74222C226964223A36312C222D
:10DF900074797065223A2275696E743332222C22AC
:10DFA000616363657373223A2272227D5D7D5D7DBC
:10DFB0002C7B226E616D65223A22757365725F63F8
:10DFC0006F6E6669675F6C6F61646564222C22699D
:10DFD00064223A36322C2274797065223A227569AD
:10DFE0006E743332222C22616363657373223A228A
:10DFF00072227D2C7B226E616D65223A226D6973DF
:10E00000636F6E66696775726564222C226964228B
:10E010003A36332C2274797065223A22626F6F6C23
:10E02000222C22616363657373223A2272227D2C53
:10E030007B226E616D65223A226F7363696C6C6F2F
:10E0400073636F7065222C2274797065223A226F97
:10E05000626A656374222C226D656D62657273223B
:10E060003A5B7B226E616D65223A2273697A652282
:10E070002C226964223A36342C2274797065223A53
:10E080002275696E743332222C2261636365737367
:10E09000223A2272227D2C7B226E616D65223A2209
:10E0A0006765745F76616C222C226964223A36358A
:10E0B0002C2274797065223A2266756E6374696FDA
:10E0C0006E222C22696E70757473223A5B7B226E0D
:10E0D000616D65223A22696E646578222C2269643A
:10E0E000223A36362C2274797065223A2275696E8E
:10E0F000743332222C22616363657373223A227275
:10E1000077227D5D2C226F757470757473223A5B73
:10E110007B226E616D65223A2276616C222C226927
:10E1200064223A36372C2274797065223A22666C62
:10E130006F6174222C22616363657373223A2272C9
:10E14000227D5D7D5D7D2C7B226E616D65223A2294
:10E1500063616E222C2274797065223A226F626AA2
:10E16000656374222C226D656D62657273223A5B61
:10E170007B226E616D65223A226572726F72222C6B
:10E18000226964223A36382C2274797065223A2248
:10E1900075696E7438222C22616363657373223A49
:10E1A000227277227D2C7B226E616D65223A22637A
:10E1B0006F6E666967222C2274797065223A226F2D
:10E1C000626A656374222C226D656D6265727322CA
:10E1D0003A5B7B226E616D65223A22626175645FF3
:10E1E00072617465222C226964223A36392C2274B9
:10E1F000797065223A2275696E743332222C22615D
:10E200006363657373223A227277227D2C7B226EC0
:10E21000616D65223A2270726F746F636F6C222C8D
:10E22000226964223A37302C2274797065223A22AE
:10E2300075696E7438222C22616363657373223AA8
:10E24000227277227D5D7D5D7D2C7B226E616D6506
:10E25000223A22746573745F70726F70657274799C
:10E26000222C226964223A37312C2274797065227B
:10E270003A2275696E743332222C226163636573AE
:10E2800073223A227277227D2C7B226E616D652289
:10E290003A226F74705F76616C6964222C22696423
:10E2A000223A37322C2274797065223A22626F6FDB
:10E2B0006C222C22616363657373223A2272227D81
:10E2C0002C7B226E616D65223A22636F6E666967F0
:10E2D000222C2274797065223A226F626A65637417
:10E2E000222C226D656D62657273223A5B7B226E11
:10E2F000616D65223A22656E61626C655F7561725F
:10E30000745F61222C226964223A37332C2274799B
:10E310007065223A22626F6F6C222C226163636502
:10E320007373223A227277227D2C7B226E616D6597
:10E33000223A22656E61626C655F756172745F621C
:10E34000222C226964223A37342C22747970652297
:10E350003A22626F6F6C222C2261636365737322B1
:10E360003A227277227D2C7B226E616D65223A22E1
:10E37000656E61626C655F756172745F63222C22E9
:10E380006964223A37352C2274797065223A226208
:10E390006F6F6C222C22616363657373223A227261
:10E3A00077227D2C7B226E616D65223A2275617227
:10E3B000745F615F6261756472617465222C2269A9
:10E3C00064223A37362C2274797065223A227569B4
:10E3D0006E743332222C22616363657373223A2296
:10E3E0007277227D2C7B226E616D65223A227561E7
:10E3F00072745F625F6261756472617465222C225F
:10E400006964223A37372C2274797065223A227572
:10E41000696E743332222C22616363657373223A0E
:10E42000227277227D2C7B226E616D65223A2275E5
:10E430006172745F635F6261756472617465222CDE
:10E44000226964223A37382C2274797065223A2284
:10E4500075696E743332222C226163636573732293
:10E460003A227277227D2C7B226E616D65223A22E0
:10E47000656E61626C655F63616E5F61222C22690B
:10E4800064223A37392C2274797065223A22626FFD
:10E490006F6C222C22616363657373223A22727758
:10E4A000227D2C7B226E616D65223A22656E61624F
:10E4B0006C655F6932635F61222C226964223A389D
:10E4C000302C2274797065223A22626F6F6C222C94
:10E4D00022616363657373223A227277227D2C7BFB
:10E4E000226E616D65223A227573625F6364635FB9
:10E4F00070726F746F636F6C222C226964223A38D9
:10E50000312C2274797065223A2275696E74382232
:10E510002C22616363657373223A227277227D2C09
:10E520007B226E616D65223A2275617274305F7074
:10E53000726F746F636F6C222C226964223A3832D6
:10E540002C2274797065223A2275696E7438222CF7
:10E5500022616363657373223A227277227D2C7B7A
:10E56000226E616D65223A2275617274315F70723C
:10E570006F746F636F6C222C226964223A38332CDB
:10E580002274797065223A2275696E7438222C22C1
:10E59000616363657373223A227277227D2C7B223A
:10E5A0006E616D65223A2275617274325F70726FAE
:10E5B000746F636F6C222C226964223A38342C22E7
:10E5C00074797065223A2275696E7438222C226142
:10E5D0006363657373223A227277227D2C7B226EED
:10E5E000616D65223A226D61785F726567656E5F65
:10E5F00063757272656E74222C226964223A383512
:10E600002C2274797065223A22666C6F6174222C18
:10E6100022616363657373223A227277227D2C7BB9
:10E62000226E616D65223A226272616B655F72656E
:10E6300073697374616E6365222C226964223A38AF
:10E64000362C2274797065223A22666C6F617422CE
:10E650002C22616363657373223A227277227D2CC8
:10E660007B226E616D65223A22656E61626C655F28
:10E670006272616B655F7265736973746F72222C6D
:10E68000226964223A38372C2274797065223A2242
:10E69000626F6F6C222C22616363657373223A226E
:10E6A0007277227D2C7B226E616D65223A22646333
:10E6B0005F6275735F756E646572766F6C746167A7
:10E6C000655F747269705F6C6576656C222C226977
:10E6D00064223A38382C2274797065223A22666CAA
:10E6E0006F6174222C22616363657373223A227214
:10E6F00077227D2C7B226E616D65223A2264635FF6
:10E700006275735F6F766572766F6C746167655F53
:10E71000747269705F6C6576656C222C2269642264
:10E720003A38392C2274797065223A22666C6F610E
:10E7300074222C22616363657373223A22727722FA
:10E740007D2C7B226E616D65223A22656E61626C62
:10E75000655F64635F6275735F6F766572766F6C19
:10E76000746167655F72616D70222C226964223A60
:10E7700039302C2274797065223A22626F6F6C22D4
:10E780002C22616363657373223A227277227D2C97
:10E790007B226E616D65223A2264635F6275735FEE
:10E7A0006F766572766F6C746167655F72616D70AC
:10E7B0005F7374617274222C226964223A39312C9D
:10E7C0002274797065223A22666C6F6174222C2261
:10E7D000616363657373223A227277227D2C7B22F8
:10E7E0006E616D65223A2264635F6275735F6F7656
:10E7F0006572766F6C746167655F72616D705F657D
:10E800006E64222C226964223A39322C2274797087
:10E8100065223A22666C6F6174222C226163636503
:10E820007373223A227277227D2C7B226E616D6592
:10E83000223A2264635F6D61785F706F73697469F7
:10E8400076655F63757272656E74222C226964222C
:10E850003A39332C2274797065223A22666C6F61E2
:10E8600074222C22616363657373223A22727722C9
:10E870007D2C7B226E616D65223A2264635F6D613F
:10E88000785F6E656761746976655F6375727265DE
:10E890006E74222C226964223A39342C22747970E5
:10E8A00065223A22666C6F6174222C226163636573
:10E8B0007373223A227277227D2C7B226E616D6502
:10E8C000223A226572726F725F6770696F5F70695A
:10E8D0006E222C226964223A39352C2274797065B3
:10E8E000223A2275696E743332222C226163636589
:10E8F0007373223A227277227D2C7B226E616D65C2
:10E90000223A226770696F335F616E616C6F675F77
:10E910006D617070696E67222C2274797065223A7D
:10E92000226F626A656374222C226D656D62657266
:10E9300073223A5B7B226E616D65223A22656E64BA
:10E94000706F696E74222C226964223A39362C2247
:10E9500074797065223A22656E64706F696E745FB7
:10E96000726566222C22616363657373223A227298
:10E9700077227D2C7B226E616D65223A226D696E55
:10E98000222C226964223A39372C2274797065224C
:10E990003A22666C6F6174222C2261636365737323
:10E9A000223A227277227D2C7B226E616D65223A9B
:10E9B000226D6178222C226964223A39382C227423
:10E9C000797065223A22666C6F6174222C22616331
:10E9D00063657373223A227277227D5D7D2C7B22E0
:10E9E0006E616D65223A226770696F345F616E6196
:10E9F0006C6F675F6D617070696E67222C2274792D
:10EA00007065223A226F626A656374222C226D65FA
:10EA10006D62657273223A5B7B226E616D65223A8C
:10EA200022656E64706F696E74222C226964223ACA
:10EA300039392C2274797065223A22656E64706FC0
:10EA4000696E745F726566222C22616363657373FD
:10EA5000223A227277227D2C7B226E616D65223AEA
:10EA6000226D696E222C226964223A3130302C22C8
:10EA700074797065223A22666C6F6174222C22616F
:10EA80006363657373223A227277227D2C7B226E38
:10EA9000616D65223A226D6178222C226964223AE6
:10EAA0003130312C2274797065223A22666C6F61A4
:10EAB00074222C22616363657373223A2272772277
:10EAC0007D5D7D2C7B226E616D65223A22677069C7
:10EAD0006F315F6D6F6465222C226964223A313098
:10EAE000322C2274797065223A2275696E7438224C
:10EAF0002C22616363657373223A227277227D2C24
:10EB00007B226E616D65223A226770696F325F6D9C
:10EB10006F6465222C226964223A3130332C2274CE
:10EB2000797065223A2275696E7438222C226163ED
:10EB300063657373223A227277227D2C7B226E6189
:10EB40006D65223A226770696F335F6D6F6465226D
:10EB50002C226964223A3130342C22747970652277
:10EB60003A2275696E7438222C226163636573736F
:10EB7000223A227277227D2C7B226E616D65223AC9
:10EB8000226770696F345F6D6F6465222C2269643F
:10EB9000223A3130352C2274797065223A22756917
:10EBA0006E7438222C22616363657373223A227279
:10EBB00077227D2C7B226E616D65223A2267706917
:10EBC0006F355F6D6F6465222C226964223A3130A3
:10EBD000362C2274797065223A2275696E74382257
:10EBE0002C22616363657373223A227277227D2C33
:10EBF0007B226E616D65223A226770696F365F6DA8
:10EC00006F6465222C226964223A3130372C2274D9
:10EC1000797065223A2275696E7438222C226163FC
:10EC200063657373223A227277227D2C7B226E6198
:10EC30006D65223A226770696F375F6D6F64652278
:10EC40002C226964223A3130382C22747970652282
:10EC50003A2275696E7438222C226163636573737E
:10EC6000223A227277227D2C7B226E616D65223AD8
:10EC7000226770696F385F6D6F6465222C2269644A
:10EC8000223A3130392C2274797065223A22756922
:10EC90006E7438222C22616363657373223A227288
:10ECA00077227D2C7B226E616D65223A2267706926
:10ECB0006F395F6D6F6465222C226964223A3131AD
:10ECC000302C2274797065223A2275696E7438226C
:10ECD0002C22616363657373223A227277227D2C42
:10ECE0007B226E616D65223A226770696F31305FF9
:10ECF0006D6F6465222C226964223A3131312C22F5
:10ED000074797065223A2275696E7438222C2261FA
:10ED10006363657373223A227277227D2C7B226EA5
:10ED2000616D65223A226770696F31315F6D6F6482
:10ED300065222C226964223A3131322C2274797096
:10ED400065223A2275696E7438222C2261636365EC
:10ED50007373223A227277227D2C7B226E616D655D
:10ED6000223A226770696F31325F6D6F6465222CC1
:10ED7000226964223A3131332C2274797065223A47
:10ED80002275696E7438222C226163636573732265
:10ED90003A227277227D2C7B226E616D65223A22A7
:10EDA0006770696F31335F6D6F6465222C2269640F
:10EDB000223A3131342C2274797065223A227569F5
:10EDC0006E7438222C22616363657373223A227257
:10EDD00077227D2C7B226E616D65223A22677069F5
:10EDE0006F31345F6D6F6465222C226964223A3181
:10EDF00031352C2274797065223A2275696E743827
:10EE0000222C22616363657373223A227277227D1A
:10EE10002C7B226E616D65223A226770696F3135F5
:10EE20005F6D6F6465222C226964223A3131362C81
:10EE30002274797065223A2275696E7438222C2208
:10EE4000616363657373223A227277227D2C7B2281
:10EE50006E616D65223A226770696F31365F6D6F42
:10EE60006465222C226964223A3131372C2274796C
:10EE70007065223A2275696E7438222C22616363B0
:10EE8000657373223A227277227D2C7B226E616D2C
:10EE900065223A226770696F315F70776D5F6D61CF
:10EEA0007070696E67222C2274797065223A226F25
:10EEB000626A656374222C226D656D6265727322CD
:10EEC0003A5B7B226E616D65223A22656E64706FDB
:10EED000696E74222C226964223A3131382C2274F2
:10EEE000797065223A22656E64706F696E745F7224
:10EEF0006566222C22616363657373223A227277FE
:10EF0000227D2C7B226E616D65223A226D696E2214
:10EF10002C226964223A3131392C227479706522AD
:10EF20003A22666C6F6174222C226163636573738D
:10EF3000223A227277227D2C7B226E616D65223A05
:10EF4000226D6178222C226964223A3132302C22DF
:10EF500074797065223A22666C6F6174222C22618A
:10EF60006363657373223A227277227D5D7D2C7B09
:10EF7000226E616D65223A226770696F325F707729
:10EF80006D5F6D617070696E67222C227479706597
:10EF9000223A226F626A656374222C226D656D626B
:10EFA000657273223A5B7B226E616D65223A22653F
:10EFB0006E64706F696E74222C226964223A313259
:10EFC000312C2274797065223A22656E64706F6903
:10EFD0006E745F726566222C2261636365737322AF
:10EFE0003A227277227D2C7B226E616D65223A2255
:10EFF0006D696E222C226964223A3132322C2274DD
:10F00000797065223A22666C6F6174222C226163EA
:10F0100063657373223A227277227D2C7B226E61A4
:10F020006D65223A226D6178222C226964223A3180
:10F0300032332C2274797065223A22666C6F6174C7
:10F04000222C22616363657373223A227277227DD8
:10F050005D7D2C7B226E616D65223A226770696F3F
:10F06000335F70776D5F6D617070696E67222C22FF
:10F0700074797065223A226F626A656374222C2269
:10F080006D656D62657273223A5B7B226E616D65A0
:10F09000223A22656E64706F696E74222C22696454
:10F0A000223A3132342C2274797065223A22656E0C
:10F0B00064706F696E745F726566222C226163638F
:10F0C000657373223A227277227D2C7B226E616DEA
:10F0D00065223A226D696E222C226964223A31320D
:10F0E000352C2274797065223A22666C6F61742225
:10F0F0002C22616363657373223A227277227D2C1E
:10F100007B226E616D65223A226D6178222C226924
:10F1100064223A3132362C2274797065223A2266A2
:10F120006C6F6174222C22616363657373223A22CF
:10F130007277227D5D7D2C7B226E616D65223A2285
:10F140006770696F345F70776D5F6D617070696E45
:10F1500067222C2274797065223A226F626A656395
:10F1600074222C226D656D62657273223A5B7B227C
:10F170006E616D65223A22656E64706F696E7422ED
:10F180002C226964223A3132372C2274797065223C
:10F190003A22656E64706F696E745F726566222CC8
:10F1A00022616363657373223A227277227D2C7B1E
:10F1B000226E616D65223A226D696E222C2269648D
:10F1C000223A3132382C2274797065223A22666CE8
:10F1D0006F6174222C22616363657373223A227219
:10F1E00077227D2C7B226E616D65223A226D6178DB
:10F1F000222C226964223A3132392C2274797065CA
:10F20000223A22666C6F6174222C226163636573FB
:10F2100073223A227277227D5D7D5D7D2C7B226E8A
:10F22000616D65223A226178697330222C227479EB
:10F230007065223A226F626A656374222C226D65C2
:10F240006D62657273223A5B7B226E616D65223A54
:10F25000226572726F72222C226964223A31333035
:10F260002C2274797065223A2275696E74333222C9
:10F270002C22616363657373223A227277227D2C9C
:10F280007B226E616D65223A22737465705F6469DA
:10F29000725F616374697665222C226964223A3157
:10F2A00033312C2274797065223A22626F6F6C229E
:10F2B0002C22616363657373223A2272227D2C7B58
:10F2C000226E616D65223A226C6173745F6472769E
:10F2D0005F6661756C74222C226964223A31333284
:10F2E0002C2274797065223A2275696E7433322249
:10F2F0002C22616363657373223A2272227D2C7B18
:10F30000226E616D65223A227374657073222C221D
:10F310006964223A3133332C2274797065223A229F
:10F32000696E743634222C22616363657373223AEA
:10F330002272227D2C7B226E616D65223A226375DA
:10F340007272656E745F7374617465222C226964D5
:10F35000223A3133342C2274797065223A2275694D
:10F360006E7438222C22616363657373223A2272B1
:10F37000227D2C7B226E616D65223A227265717549
:10F3800065737465645F7374617465222C226964AB
:10F39000223A3133352C2274797065223A2275690C
:10F3A0006E7438222C22616363657373223A227271
:10F3B00077227D2C7B226E616D65223A2269735F14
:10F3C000686F6D6564222C226964223A3133362CD1
:10F3D0002274797065223A22626F6F6C222C22614E
:10F3E0006363657373223A227277227D2C7B226ECF
:10F3F000616D65223A22636F6E666967222C227402
:10F40000797065223A226F626A656374222C226DDC
:10F41000656D62657273223A5B7B226E616D652257
:10F420003A22737461727475705F6D6F746F725F7E
:10F4300063616C6962726174696F6E222C22696407
:10F44000223A3133372C2274797065223A22626F66
:10F450006F6C222C22616363657373223A22727788
:10F46000227D2C7B226E616D65223A22737461725B
:10F470007475705F656E636F6465725F696E6465F5
:10F48000785F736561726368222C226964223A3165
:10F4900033382C2274797065223A22626F6F6C22A5
:10F4A0002C22616363657373223A227277227D2C6A
:10F4B0007B226E616D65223A22737461727475707D
:10F4C0005F656E636F6465725F6F66667365745FB8
:10F4D00063616C6962726174696F6E222C22696467
:10F4E000223A3133392C2274797065223A22626FC4
:10F4F0006F6C222C22616363657373223A227277E8
:10F50000227D2C7B226E616D65223A2273746172BA
:10F510007475705F636C6F7365645F6C6F6F705F41
:10F52000636F6E74726F6C222C226964223A3134DC
:10F53000302C2274797065223A22626F6F6C222C13
:10F5400022616363657373223A227277227D2C7B7A
:10F55000226E616D65223A22737461727475705FF8
:10F56000686F6D696E67222C226964223A313431EA
:10F570002C2274797065223A22626F6F6C222C22E1
:10F58000616363657373223A227277227D2C7B223A
:10F590006E616D65223A22656E61626C655F73749F
:10F5A00065705F646972222C226964223A313432B8
:10F5B0002C2274797065223A22626F6F6C222C22A1
:10F5C000616363657373223A227277227D2C7B22FA
:10F5D0006E616D65223A22737465705F6469725F53
:10F5E000616C776179735F6F6E222C226964223AB5
:10F5F0003134332C2274797065223A22626F6F6C39
:10F60000222C22616363657373223A227277227D12
:10F610002C7B226E616D65223A22656E61626C659B
:10F620005F73656E736F726C6573735F6D6F646526
:10F63000222C226964223A3134342C227479706588
:10F64000223A22626F6F6C222C22616363657373AE
:10F65000223A227277227D2C7B226E616D65223ADE
:10F66000227761746368646F675F74696D656F7535
:10F6700074222C226964223A3134352C2274797038
:10F6800065223A22666C6F6174222C226163636585
:10F690007373223A227277227D2C7B226E616D6514
:10F6A000223A22656E61626C655F7761746368649B
:10F6B0006F67222C226964223A3134362C22747905
:10F6C0007065223A22626F6F6C222C22616363653F
:10F6D0007373223A227277227D2C7B226E616D65D4
:10F6E000223A22737465705F6770696F5F70696E2C
:10F6F000222C226964223A3134372C2274797065C5
:10F70000223A2275696E743136222C226163636558
:10F710007373223A227277227D2C7B226E616D6593
:10F72000223A226469725F6770696F5F70696E2246
:10F730002C226964223A3134382C22747970652283
:10F740003A2275696E743136222C226163636573C7
:10F7500073223A227277227D2C7B226E616D6522A4
:10F760003A2263616C6962726174696F6E5F6C6F7B
:10F77000636B696E222C2274797065223A226F6263
:10F780006A656374222C226D656D62657273223A1C
:10F790005B7B226E616D65223A2263757272656EC3
:10F7A00074222C226964223A3134392C2274797003
:10F7B00065223A22666C6F6174222C226163636554
:10F7C0007373223A227277227D2C7B226E616D65E3
:10F7D000223A2272616D705F74696D65222C226914
:10F7E00064223A3135302C2274797065223A2266CF
:10F7F0006C6F6174222C22616363657373223A22F9
:10F800007277227D2C7B226E616D65223A227261B5
:10F810006D705F64697374616E6365222C22696424
:10F82000223A3135312C2274797065223A22666C85
:10F830006F6174222C22616363657373223A2272B2
:10F8400077227D2C7B226E616D65223A2261636393
:10F85000656C222C226964223A3135322C2274796B
:10F860007065223A22666C6F6174222C2261636398
:10F87000657373223A227277227D2C7B226E616D32
:10F8800065223A2276656C222C226964223A31354F
:10F89000332C2274797065223A22666C6F6174226F
:10F8A0002C22616363657373223A227277227D5D35
:10F8B0007D2C7B226E616D65223A2273656E736FBB
:10F8C000726C6573735F72616D70222C2274797033
:10F8D00065223A226F626A656374222C226D656D1F
:10F8E00062657273223A5B7B226E616D65223A22F9
:10F8F00063757272656E74222C226964223A313506
:10F90000342C2274797065223A22666C6F617422FD
:10F910002C22616363657373223A227277227D2CF5
:10F920007B226E616D65223A2272616D705F74692F
:10F930006D65222C226964223A3135352C22747986
:10F940007065223A22666C6F6174222C22616363B7
:10F95000657373223A227277227D2C7B226E616D51
:10F9600065223A2272616D705F64697374616E63BF
:10F9700065222C226964223A3135362C2274797042
:10F9800065223A22666C6F6174222C226163636582
:10F990007373223A227277227D2C7B226E616D6511
:10F9A000223A22616363656C222C226964223A3117
:10F9B00035372C2274797065223A22666C6F617437
:10F9C000222C22616363657373223A227277227D4F
:10F9D0002C7B226E616D65223A2276656C222C2288
:10F9E0006964223A3135382C2274797065223A22C2
:10F9F000666C6F6174222C22616363657373223AB3
:10FA0000227277227D2C7B226E616D65223A2266FE
:10FA1000696E6973685F64697374616E6365222CD3
:10FA2000226964223A3135392C2274797065223A80
:10FA300022666C6F6174222C22616363657373228A
:10FA40003A227277227D2C7B226E616D65223A22EA
:10FA500066696E6973685F6F6E5F76656C222C22D3
:10FA60006964223A3136302C2274797065223A2248
:10FA7000626F6F6C222C22616363657373223A227A
:10FA80007277227D2C7B226E616D65223A22666937
:10FA90006E6973685F6F6E5F64697374616E6365CE
:10FAA000222C226964223A3136312C227479706515
:10FAB000223A22626F6F6C222C226163636573733A
:10FAC000223A227277227D2C7B226E616D65223A6A
:10FAD0002266696E6973685F6F6E5F656E635F69EA
:10FAE0006478222C226964223A3136322C227479CD
:10FAF0007065223A22626F6F6C222C22616363650B
:10FB00007373223A227277227D5D7D2C7B226E6197
:10FB10006D65223A2267656E6572616C5F6C6F631A
:10FB20006B696E222C2274797065223A226F626AA8
:10FB3000656374222C226D656D62657273223A5B77
:10FB40007B226E616D65223A2263757272656E74F6
:10FB5000222C226964223A3136332C227479706562
:10FB6000223A22666C6F6174222C22616363657392
:10FB700073223A227277227D2C7B226E616D652280
:10FB80003A2272616D705F74696D65222C2269641E
:10FB9000223A3136342C2274797065223A22666C0E
:10FBA0006F6174222C22616363657373223A22723F
:10FBB00077227D2C7B226E616D65223A2272616D07
:10FBC000705F64697374616E6365222C22696422BC
:10FBD0003A3136352C2274797065223A22666C6F80
:10FBE0006174222C22616363657373223A227277F7
:10FBF000227D2C7B226E616D65223A2261636365F2
:10FC00006C222C226964223A3136362C22747970A7
:10FC100065223A22666C6F6174222C2261636365EF
:10FC20007373223A227277227D2C7B226E616D657E
:10FC3000223A2276656C222C226964223A313637C8
:10FC40002C2274797065223A22666C6F6174222CC2
:10FC500022616363657373223A227277227D2C7B63
:10FC6000226E616D65223A2266696E6973685F640F
:10FC7000697374616E6365222C226964223A31369D
:10FC8000382C2274797065223A22666C6F61742276
:10FC90002C22616363657373223A227277227D2C72
:10FCA0007B226E616D65223A2266696E6973685FB8
:10FCB0006F6E5F76656C222C226964223A31363988
:10FCC0002C2274797065223A22626F6F6C222C228A
:10FCD000616363657373223A227277227D2C7B22E3
:10FCE0006E616D65223A2266696E6973685F6F6E38
:10FCF0005F64697374616E6365222C226964223AC1
:10FD00003137302C2274797065223A22626F6F6C21
:10FD1000222C22616363657373223A227277227DFB
:10FD20002C7B226E616D65223A2266696E6973686A
:10FD30005F6F6E5F656E635F696478222C22696411
:10FD4000223A3137312C2274797065223A22626F5F
:10FD50006F6C222C22616363657373223A2272777F
:10FD6000227D5D7D2C7B226E616D65223A2263616E
:10FD70006E222C2274797065223A226F626A656362
:10FD800074222C226D656D62657273223A5B7B2250
:10FD90006E616D65223A226E6F64655F6964222C24
:10FDA000226964223A3137322C2274797065223A02
:10FDB0002275696E743332222C226163636573731A
:10FDC000223A227277227D2C7B226E616D65223A67
:10FDD0002269735F657874656E646564222C22699C
:10FDE00064223A3137332C2274797065223A2262C8
:10FDF0006F6F6C222C22616363657373223A2272E7
:10FE000077227D2C7B226E616D65223A22686561C6
:10FE10007274626561745F726174655F6D73222CC8
:10FE2000226964223A3137342C2274797065223A7F
:10FE30002275696E743332222C2261636365737399
:10FE4000223A227277227D2C7B226E616D65223AE6
:10FE500022656E636F6465725F726174655F6D7356
:10FE6000222C226964223A3137352C22747970654C
:10FE7000223A2275696E743332222C2261636365E3
:10FE80007373223A227277227D2C7B226E616D651C
:10FE9000223A226D6F746F725F6572726F725F7259
:10FEA0006174655F6D73222C226964223A313736A2
:10FEB0002C2274797065223A2275696E743332226D
:10FEC0002C22616363657373223A227277227D2C40
:10FED0007B226E616D65223A22656E636F64657286
:10FEE0005F6572726F725F726174655F6D73222CF1
:10FEF000226964223A3137372C2274797065223AAC
:10FF00002275696E743332222C22616363657373C8
:10FF1000223A227277227D2C7B226E616D65223A15
:10FF200022636F6E74726F6C6C65725F6572726F54
:10FF3000725F726174655F6D73222C226964223A6C
:10FF40003137382C2274797065223A2275696E74C3
:10FF50003332222C22616363657373223A227277F3
:10FF6000227D2C7B226E616D65223A2273656E7351
:10FF70006F726C6573735F6572726F725F726174BA
:10FF8000655F6D73222C226964223A3137392C2245
:10FF900074797065223A2275696E743332222C228C
:10FFA000616363657373223A227277227D2C7B2210
:10FFB0006E616D65223A22656E636F6465725F6380
:10FFC0006F756E745F726174655F6D73222C226948
:10FFD00064223A3138302C2274797065223A2275C5
:10FFE000696E743332222C22616363657373223A23
:10FFF000227277227D2C7B226E616D65223A226906
:020000040803EF
:10000000715F726174655F6D73222C226964223A9C
:100010003138312C2274797065223A2275696E74F8
:100020003332222C22616363657373223A22727722
:10003000227D2C7B226E616D65223A2273656E7380
:100040006F726C6573735F726174655F6D73222C80
:10005000226964223A3138322C2274797065223A4E
:100060002275696E743332222C2261636365737367
:10007000223A227277227D2C7B226E616D65223AB4
:10008000226275735F76695F726174655F6D73225A
:100090002C226964223A3138332C2274797065221B
:1000A0003A2275696E743332222C22616363657360
:1000B00073223A227277227D5D7D5D7D2C7B226EDC
:1000C000616D65223A226D6F746F72222C227479F1
:1000D0007065223A226F626A656374222C226D6514
:1000E0006D62657273223A5B7B226E616D65223AA6
:1000F000226C6173745F6572726F725F74696D6593
:10010000222C226964223A3138342C2274797065A9
:10011000223A22666C6F6174222C226163636573DC
:1001200073223A227277227D2C7B226E616D6522CA
:100130003A226572726F72222C226964223A313837
:10014000352C2274797065223A2275696E743634C2
:10015000222C22616363657373223A227277227DB7
:100160002C7B226E616D65223A2269735F61726D2C
:100170006564222C226964223A3138362C22747943
:100180007065223A22626F6F6C222C226163636574
:100190007373223A2272227D2C7B226E616D65225E
:1001A0003A2269735F63616C69627261746564228B
:1001B0002C226964223A3138372C227479706522F6
:1001C0003A22626F6F6C222C226163636573732223
:1001D0003A2272227D2C7B226E616D65223A226367
:1001E000757272656E745F6D6561735F70684122D0
:1001F0002C226964223A3138382C227479706522B5
:100200003A22666C6F6174222C226163636573739A
:10021000223A2272227D2C7B226E616D65223A2267
:1002200063757272656E745F6D6561735F7068424D
:10023000222C226964223A3138392C227479706573
:10024000223A22666C6F6174222C226163636573AB
:1002500073223A2272227D2C7B226E616D65223AD6
:100260002263757272656E745F6D6561735F70682D
:1002700043222C226964223A3139302C227479705D
:1002800065223A22666C6F6174222C226163636579
:100290007373223A2272227D2C7B226E616D65225D
:1002A0003A2244435F63616C69625F706841222C4B
:1002B000226964223A3139312C2274797065223AEC
:1002C00022666C6F6174222C2261636365737322F2
:1002D0003A227277227D2C7B226E616D65223A2252
:1002E00044435F63616C69625F706842222C2269DB
:1002F00064223A3139322C2274797065223A2266AE
:100300006C6F6174222C22616363657373223A22DD
:100310007277227D2C7B226E616D65223A224443E6
:100320005F63616C69625F706843222C226964229A
:100330003A3139332C2274797065223A22666C6F17
:100340006174222C22616363657373223A2272778F
:10035000227D2C7B226E616D65223A22495F627597
:1003600073222C226964223A3139342C2274797038
:1003700065223A22666C6F6174222C226163636588
:100380007373223A2272227D2C7B226E616D65226C
:100390003A2270686173655F63757272656E745F2F
:1003A0007265765F6761696E222C226964223A3138
:1003B00039352C2274797065223A22666C6F61742B
:1003C000222C22616363657373223A227277227D45
:1003D0002C7B226E616D65223A22656666656374C8
:1003E0006976655F63757272656E745F6C696D22A4
:1003F0002C226964223A3139362C227479706522B4
:100400003A22666C6F6174222C2261636365737398
:10041000223A2272227D2C7B226E616D65223A2265
:100420006D61785F616C6C6F7765645F6375727224
:10043000656E74222C226964223A3139372C227479
:10044000797065223A22666C6F6174222C22616396
:1004500063657373223A2272227D2C7B226E616D5A
:1004600065223A226D61785F64635F63616C6962E3
:10047000222C226964223A3139382C227479706531
:10048000223A22666C6F6174222C22616363657369
:1004900073223A2272227D2C7B226E616D65223A94
:1004A000226665745F746865726D6973746F722219
:1004B0002C2274797065223A226F626A6563742215
:1004C0002C226D656D62657273223A5B7B226E61D0
:1004D0006D65223A2274656D70657261747572651E
:1004E000222C226964223A3139392C2274797065C0
:1004F000223A22666C6F6174222C226163636573F9
:1005000073223A2272227D2C7B226E616D65223A23
:1005100022636F6E666967222C2274797065223AB5
:10052000226F626A656374222C226D656D6265724A
:1005300073223A5B7B226E616D65223A2274656D8F
:10054000705F6C696D69745F6C6F776572222C22C5
:100550006964223A3230302C2274797065223A2252
:10056000666C6F6174222C22616363657373223A37
:10057000227277227D2C7B226E616D65223A227475
:10058000656D705F6C696D69745F757070657222FE
:100590002C226964223A3230312C2274797065221F
:1005A0003A22666C6F6174222C22616363657373F7
:1005B000223A227277227D2C7B226E616D65223A6F
:1005C00022656E61626C6564222C226964223A3273
:1005D00030322C2274797065223A22626F6F6C225D
:1005E0002C22616363657373223A227277227D5DE8
:1005F0007D5D7D2C7B226E616D65223A226D6F746C
:100600006F725F746865726D6973746F72222C22E9
:1006100074797065223A226F626A656374222C22B3
:100620006D656D62657273223A5B7B226E616D65EA
:10063000223A2274656D7065726174757265222C40
:10064000226964223A3230332C2274797065223A5E
:1006500022666C6F6174222C22616363657373225E
:100660003A2272227D2C7B226E616D65223A2263D2
:100670006F6E666967222C2274797065223A226F48
:10068000626A656374222C226D656D6265727322E5
:100690003A5B7B226E616D65223A226770696F5FFB
:1006A00070696E222C226964223A3230342C227412
:1006B000797065223A2275696E743136222C226176
:1006C0006363657373223A227277227D2C7B226EDC
:1006D000616D65223A22706F6C795F636F65666643
:1006E000696369656E745F30222C226964223A3234
:1006F00030352C2274797065223A22666C6F6174F1
:10070000222C22616363657373223A227277227D01
:100710002C7B226E616D65223A22706F6C795F636B
:100720006F656666696369656E745F31222C226944
:1007300064223A3230362C2274797065223A22666D
:100740006C6F6174222C22616363657373223A2299
:100750007277227D2C7B226E616D65223A22706F4A
:100760006C795F636F656666696369656E745F3235
:10077000222C226964223A3230372C227479706537
:10078000223A22666C6F6174222C22616363657366
:1007900073223A227277227D2C7B226E616D652254
:1007A0003A22706F6C795F636F656666696369652D
:1007B0006E745F33222C226964223A3230382C2244
:1007C00074797065223A22666C6F6174222C226102
:1007D0006363657373223A227277227D2C7B226ECB
:1007E000616D65223A2274656D705F6C696D697424
:1007F0005F6C6F776572222C226964223A3230393D
:100800002C2274797065223A22666C6F6174222CF6
:1008100022616363657373223A227277227D2C7B97
:10082000226E616D65223A2274656D705F6C696D30
:1008300069745F7570706572222C226964223A3285
:1008400031302C2274797065223A22666C6F6174A3
:10085000222C22616363657373223A227277227DB0
:100860002C7B226E616D65223A22656E61626C6539
:1008700064222C226964223A3231312C227479703C
:1008800065223A22626F6F6C222C2261636365736A
:1008900073223A227277227D5D7D5D7D2C7B226EF4
:1008A000616D65223A2263757272656E745F636F63
:1008B0006E74726F6C222C2274797065223A226FEA
:1008C000626A656374222C226D656D6265727322A3
:1008D0003A5B7B226E616D65223A22705F676169C7
:1008E0006E222C226964223A3231322C22747970C1
:1008F00065223A22666C6F6174222C226163636503
:100900007373223A2272227D2C7B226E616D6522E6
:100910003A22695F6761696E222C226964223A3249
:1009200031332C2274797065223A22666C6F6174BF
:10093000222C22616363657373223A2272227D2C1A
:100940007B226E616D65223A22495F6D6561737528
:100950007265645F7265706F72745F66696C7465EE
:10096000725F6B222C226964223A3231342C227459
:10097000797065223A22666C6F6174222C22616361
:1009800063657373223A227277227D2C7B226E611B
:100990006D65223A2249645F736574706F696E7485
:1009A000222C226964223A3231352C227479706506
:1009B000223A22666C6F6174222C22616363657334
:1009C00073223A2272227D2C7B226E616D65223A5F
:1009D0002249715F736574706F696E74222C22698D
:1009E00064223A3231362C2274797065223A2266BA
:1009F0006C6F6174222C22616363657373223A22E7
:100A000072227D2C7B226E616D65223A2256645FD4
:100A1000736574706F696E74222C226964223A3295
:100A200031372C2274797065223A22666C6F6174BA
:100A3000222C22616363657373223A2272227D2C19
:100A40007B226E616D65223A2256715F7365747008
:100A50006F696E74222C226964223A3231382C225A
:100A600074797065223A22666C6F6174222C22615F
:100A70006363657373223A2272227D2C7B226E613E
:100A80006D65223A227068617365222C22696422A6
:100A90003A3231392C2274797065223A22666C6FB1
:100AA0006174222C22616363657373223A2272227D
:100AB0007D2C7B226E616D65223A227068617365C0
:100AC0005F76656C222C226964223A3232302C2205
:100AD00074797065223A22666C6F6174222C2261EF
:100AE0006363657373223A2272227D2C7B226E61CE
:100AF0006D65223A2249616C7068615F6D65617352
:100B000075726564222C226964223A3232312C22B9
:100B100074797065223A22666C6F6174222C2261AE
:100B20006363657373223A2272227D2C7B226E618D
:100B30006D65223A2249626574615F6D6561737506
:100B4000726564222C226964223A3232322C227479
:100B5000797065223A22666C6F6174222C2261637F
:100B600063657373223A2272227D2C7B226E616D43
:100B700065223A2249645F6D65617375726564220E
:100B80002C226964223A3232332C22747970652225
:100B90003A22666C6F6174222C2261636365737301
:100BA000223A2272227D2C7B226E616D65223A22CE
:100BB00049715F6D65617375726564222C22696489
:100BC000223A3232342C2274797065223A22666CD1
:100BD0006F6174222C22616363657373223A2272FF
:100BE000227D2C7B226E616D65223A22706F7765C3
:100BF00072222C226964223A3232352C22747970A6
:100C000065223A22666C6F6174222C2261636365EF
:100C10007373223A2272227D2C7B226E616D6522D3
:100C20003A22765F63757272656E745F636F6E747D
:100C3000726F6C5F696E74656772616C5F64222CA1
:100C4000226964223A3232362C2274797065223A53
:100C500022666C6F6174222C226163636573732258
:100C60003A227277227D2C7B226E616D65223A22B8
:100C7000765F63757272656E745F636F6E74726FA8
:100C80006C5F696E74656772616C5F71222C22699A
:100C900064223A3232372C2274797065223A226605
:100CA0006C6F6174222C22616363657373223A2234
:100CB0007277227D2C7B226E616D65223A226669F5
:100CC0006E616C5F765F616C706861222C22696472
:100CD000223A3232382C2274797065223A22666CBC
:100CE0006F6174222C22616363657373223A2272EE
:100CF000227D2C7B226E616D65223A2266696E61CF
:100D00006C5F765F62657461222C226964223A32DC
:100D100032392C2274797065223A22666C6F6174C4
:100D2000222C22616363657373223A2272227D5DF5
:100D30007D2C7B226E616D65223A226E5F65767432
:100D40005F63757272656E745F6D656173757265F0
:100D50006D656E74222C226964223A3233302C2263
:100D600074797065223A2275696E743332222C22AE
:100D7000616363657373223A2272227D2C7B226E3B
:100D8000616D65223A226E5F6576745F70776D5F84
:100D9000757064617465222C226964223A323331A1
:100DA0002C2274797065223A2275696E743332226E
:100DB0002C22616363657373223A2272227D2C7B3D
:100DC000226E616D65223A22636F6E666967222C1E
:100DD0002274797065223A226F626A656374222CEC
:100DE000226D656D62657273223A5B7B226E616D66
:100DF00065223A227072655F63616C696272617428
:100E00006564222C226964223A3233322C227479AE
:100E10007065223A22626F6F6C222C2261636365D7
:100E20007373223A227277227D2C7B226E616D656C
:100E3000223A22706F6C655F7061697273222C2296
:100E40006964223A3233332C2274797065223A2253
:100E5000696E743332222C22616363657373223AA4
:100E6000227277227D2C7B226E616D65223A22638D
:100E7000616C6962726174696F6E5F6375727265CD
:100E80006E74222C226964223A3233342C22747913
:100E90007065223A22666C6F6174222C2261636352
:100EA000657373223A227277227D2C7B226E616DEC
:100EB00065223A22726573697374616E63655F635C
:100EC000616C69625F6D61785F766F6C7461676594
:100ED000222C226964223A3233352C2274797065CF
:100EE000223A22666C6F6174222C226163636573FF
:100EF00073223A227277227D2C7B226E616D6522ED
:100F00003A2270686173655F696E64756374616EBF
:100F10006365222C226964223A3233362C2274799A
:100F20007065223A22666C6F6174222C22616363C1
:100F3000657373223A227277227D2C7B226E616D5B
:100F400065223A2270686173655F726573697374B4
:100F5000616E6365222C226964223A3233372C2277
:100F600074797065223A22666C6F6174222C22615A
:100F70006363657373223A227277227D2C7B226E23
:100F8000616D65223A22746F727175655F636F6E71
:100F90007374616E74222C226964223A3233382CC5
:100FA0002274797065223A22666C6F6174222C2259
:100FB000616363657373223A227277227D2C7B22F0
:100FC0006E616D65223A226D6F746F725F74797015
:100FD00065222C226964223A3233392C22747970CA
:100FE00065223A2275696E7438222C22616363652A
:100FF0007373223A227277227D2C7B226E616D659B
:10100000223A2263757272656E745F6C696D222C70
:10101000226964223A3234302C2274797065223A83
:1010200022666C6F6174222C226163636573732284
:101030003A227277227D2C7B226E616D65223A22E4
:1010400063757272656E745F6C696D5F6D617267F6
:10105000696E222C226964223A3234312C2274794E
:101060007065223A22666C6F6174222C2261636380
:10107000657373223A227277227D2C7B226E616D1A
:1010800065223A22746F727175655F6C696D222CEE
:10109000226964223A3234322C2274797065223A01
:1010A00022666C6F6174222C226163636573732204
:1010B0003A227277227D2C7B226E616D65223A2264
:1010C000696E7665727465725F74656D705F6C6968
:1010D0006D69745F6C6F776572222C226964223AA5
:1010E0003234332C2274797065223A22666C6F6137
:1010F00074222C22616363657373223A2272772211
:101100007D2C7B226E616D65223A22696E76657256
:101110007465725F74656D705F6C696D69745F751D
:1011200070706572222C226964223A3234342C2287
:1011300074797065223A22666C6F6174222C226188
:101140006363657373223A227277227D2C7B226E51
:10115000616D65223A227265717565737465645FAD
:1011600063757272656E745F72616E6765222C22A0
:101170006964223A3234352C2274797065223A221D
:10118000666C6F6174222C22616363657373223A0B
:10119000227277227D2C7B226E616D65223A22635A
:1011A000757272656E745F636F6E74726F6C5F627E
:1011B000616E647769647468222C226964223A3211
:1011C00034362C2274797065223A22666C6F617411
:1011D000222C22616363657373223A227277227D27
:1011E0002C7B226E616D65223A226163696D5F67B7
:1011F00061696E5F6D696E5F666C7578222C22691D
:1012000064223A3234372C2274797065223A22668D
:101210006C6F6174222C22616363657373223A22BE
:101220007277227D2C7B226E616D65223A2261638A
:10123000696D5F6175746F666C75785F6D696E5FFF
:101240004964222C226964223A3234382C2274797F
:101250007065223A22666C6F6174222C226163638E
:10126000657373223A227277227D2C7B226E616D28
:1012700065223A226163696D5F6175746F666C7592
:10128000785F656E61626C65222C226964223A3255
:1012900034392C2274797065223A22626F6F6C2285
:1012A0002C22616363657373223A227277227D2C4C
:1012B0007B226E616D65223A226163696D5F6175A3
:1012C000746F666C75785F61747461636B5F67617E
:1012D000696E222C226964223A3235302C227479CC
:1012E0007065223A22666C6F6174222C22616363FE
:1012F000657373223A227277227D2C7B226E616D98
:1013000065223A226163696D5F6175746F666C7501
:10131000785F64656361795F6761696E222C226919
:1013200064223A3235312C2274797065223A226671
:101330006C6F6174222C22616363657373223A229D
:101340007277227D2C7B226E616D65223A22525F7C
:10135000774C5F46465F656E61626C65222C226940
:1013600064223A3235322C2274797065223A226234
:101370006F6F6C222C22616363657373223A227251
:1013800077227D2C7B226E616D65223A2262454D6B
:10139000465F46465F656E61626C65222C22696419
:1013A000223A3235332C2274797065223A22626FE8
:1013B0006F6C222C22616363657373223A22727709
:1013C000227D2C7B226E616D65223A22495F627517
:1013D000735F686172645F6D696E222C226964229A
:1013E0003A3235342C2274797065223A22666C6F59
:1013F0006174222C22616363657373223A227277CF
:10140000227D2C7B226E616D65223A22495F6275D6
:10141000735F686172645F6D6178222C2269642257
:101420003A3235352C2274797065223A22666C6F17
:101430006174222C22616363657373223A2272778E
:10144000227D2C7B226E616D65223A22495F6C659C
:10145000616B5F6D6178222C226964223A323536E5
:101460002C2274797065223A22666C6F6174222C8A
:1014700022616363657373223A227277227D2C7B2B
:10148000226E616D65223A2264635F63616C6962FA
:101490005F746175222C226964223A3235372C221E
:1014A00074797065223A22666C6F6174222C226115
:1014B0006363657373223A227277227D5D7D5D7D61
:1014C0002C7B226E616D65223A22636F6E74726F9F
:1014D0006C6C6572222C2274797065223A226F62DC
:1014E0006A656374222C226D656D62657273223A9F
:1014F0005B7B226E616D65223A226572726F722289
:101500002C226964223A3235382C22747970652293
:101510003A2275696E7438222C2261636365737395
:10152000223A227277227D2C7B226E616D65223AEF
:10153000226C6173745F6572726F725F74696D653E
:10154000222C226964223A3235392C227479706552
:10155000223A22666C6F6174222C22616363657388
:1015600073223A227277227D2C7B226E616D652276
:101570003A22696E7075745F706F73222C226964F1
:10158000223A3236302C2274797065223A22666C07
:101590006F6174222C22616363657373223A227235
:1015A00077227D2C7B226E616D65223A22696E70F6
:1015B00075745F76656C222C226964223A3236316A
:1015C0002C2274797065223A22666C6F6174222C29
:1015D00022616363657373223A227277227D2C7BCA
:1015E000226E616D65223A22696E7075745F746F48
:1015F00072717565222C226964223A3236322C22AD
:1016000074797065223A22666C6F6174222C2261B3
:101610006363657373223A227277227D2C7B226E7C
:10162000616D65223A22706F735F736574706F69C4
:101630006E74222C226964223A3236332C22747959
:101640007065223A22666C6F6174222C226163639A
:10165000657373223A2272227D2C7B226E616D6546
:10166000223A2276656C5F736574706F696E7422BE
:101670002C226964223A3236342C22747970652225
:101680003A22666C6F6174222C2261636365737306
:10169000223A2272227D2C7B226E616D65223A22D3
:1016A000746F727175655F736574706F696E7422A3
:1016B0002C226964223A3236352C227479706522E4
:1016C0003A22666C6F6174222C22616363657373C6
:1016D000223A2272227D2C7B226E616D65223A2293
:1016E0007472616A6563746F72795F646F6E65228C
:1016F0002C226964223A3236362C227479706522A3
:101700003A22626F6F6C222C2261636365737322CD
:101710003A2272227D2C7B226E616D65223A2276FE
:10172000656C5F696E7465677261746F725F746F08
:1017300072717565222C226964223A3236372C2266
:1017400074797065223A22666C6F6174222C226172
:101750006363657373223A227277227D2C7B226E3B
:10176000616D65223A22616E7469636F6767696EA5
:10177000675F76616C6964222C226964223A323692
:10178000382C2274797065223A22626F6F6C222C99
:1017900022616363657373223A227277227D2C7B08
:1017A000226E616D65223A226175746F74756E697F
:1017B0006E675F7068617365222C226964223A3219
:1017C00036392C2274797065223A22666C6F617406
:1017D000222C22616363657373223A227277227D21
:1017E0002C7B226E616D65223A22636F6E6669679B
:1017F000222C2274797065223A226F626A656374C2
:10180000222C226D656D62657273223A5B7B226EBB
:10181000616D65223A226761696E5F736368656412
:10182000756C696E675F7769647468222C226964DD
:10183000223A3237302C2274797065223A22666C53
:101840006F6174222C22616363657373223A227282
:1018500077227D2C7B226E616D65223A22656E6156
:10186000626C655F76656C5F6C696D6974222C22B1
:101870006964223A3237312C2274797065223A2217
:10188000626F6F6C222C22616363657373223A224C
:101890007277227D2C7B226E616D65223A22656E05
:1018A00061626C655F746F727175655F6D6F6465A1
:1018B0005F76656C5F6C696D6974222C22696422A5
:1018C0003A3237322C2274797065223A22626F6F75
:1018D0006C222C22616363657373223A2272772231
:1018E0007D2C7B226E616D65223A22656E61626C91
:1018F000655F6761696E5F7363686564756C696E67
:1019000067222C226964223A3237332C2274797090
:1019100065223A22626F6F6C222C226163636573C9
:1019200073223A227277227D2C7B226E616D6522B2
:101930003A22656E61626C655F6F76657273706581
:1019400065645F6572726F72222C226964223A327A
:1019500037342C2274797065223A22626F6F6C22C0
:101960002C22616363657373223A227277227D2C85
:101970007B226E616D65223A22636F6E74726F6CAA
:101980005F6D6F6465222C226964223A3237352CF0
:101990002274797065223A2275696E7438222C227D
:1019A000616363657373223A227277227D2C7B22F6
:1019B0006E616D65223A22696E7075745F6D6F6439
:1019C00065222C226964223A3237362C22747970CF
:1019D00065223A2275696E7438222C226163636530
:1019E0007373223A227277227D2C7B226E616D65A1
:1019F000223A22706F735F6761696E222C226964DC
:101A0000223A3237372C2274797065223A22666C7A
:101A10006F6174222C22616363657373223A2272B0
:101A200077227D2C7B226E616D65223A2276656C71
:101A30005F6761696E222C226964223A3237382C42
:101A40002274797065223A22666C6F6174222C22AE
:101A5000616363657373223A227277227D2C7B2245
:101A60006E616D65223A2276656C5F696E7465679A
:101A70007261746F725F6761696E222C22696422E1
:101A80003A3237392C2274797065223A22666C6FAB
:101A90006174222C22616363657373223A22727728
:101AA000227D2C7B226E616D65223A2276656C5F09
:101AB000696E7465677261746F725F6C696D697469
:101AC000222C226964223A3238302C2274797065D3
:101AD000223A22666C6F6174222C22616363657303
:101AE00073223A227277227D2C7B226E616D6522F1
:101AF0003A2276656C5F6C696D6974222C22696488
:101B0000223A3238312C2274797065223A22666C7E
:101B10006F6174222C22616363657373223A2272AF
:101B200077227D2C7B226E616D65223A2276656C70
:101B30005F6C696D69745F746F6C6572616E63650B
:101B4000222C226964223A3238322C227479706550
:101B5000223A22666C6F6174222C22616363657382
:101B600073223A227277227D2C7B226E616D652270
:101B70003A2276656C5F72616D705F726174652286
:101B80002C226964223A3238332C2274797065220F
:101B90003A22666C6F6174222C22616363657373F1
:101BA000223A227277227D2C7B226E616D65223A69
:101BB00022746F727175655F72616D705F726174AE
:101BC00065222C226964223A3238342C22747970CE
:101BD00065223A22666C6F6174222C226163636510
:101BE0007373223A227277227D2C7B226E616D659F
:101BF000223A2263697263756C61725F73657470F7
:101C00006F696E7473222C226964223A3238352C43
:101C10002274797065223A22626F6F6C222C2261E5
:101C20006363657373223A227277227D2C7B226E66
:101C3000616D65223A2263697263756C61725F73CC
:101C40006574706F696E745F72616E6765222C22B5
:101C50006964223A3238362C2274797065223A222D
:101C6000666C6F6174222C22616363657373223A20
:101C7000227277227D2C7B226E616D65223A22735F
:101C8000746570735F7065725F63697263756C61B0
:101C9000725F72616E6765222C226964223A323863
:101CA000372C2274797065223A22696E743332229D
:101CB0002C22616363657373223A227277227D2C32
:101CC0007B226E616D65223A22686F6D696E675F77
:101CD0007370656564222C226964223A3238382C8C
:101CE0002274797065223A22666C6F6174222C220C
:101CF000616363657373223A227277227D2C7B22A3
:101D00006E616D65223A22696E6572746961222C7A
:101D1000226964223A3238392C2274797065223A69
:101D200022666C6F6174222C226163636573732277
:101D30003A227277227D2C7B226E616D65223A22D7
:101D4000617869735F746F5F6D6972726F72222C54
:101D5000226964223A3239302C2274797065223A31
:101D60002275696E7438222C226163636573732255
:101D70003A227277227D2C7B226E616D65223A2297
:101D80006D6972726F725F726174696F222C226961
:101D900064223A3239312C2274797065223A2266F3
:101DA0006C6F6174222C22616363657373223A2223
:101DB0007277227D2C7B226E616D65223A22746FD0
:101DC000727175655F6D6972726F725F726174694D
:101DD0006F222C226964223A3239322C22747970B3
:101DE00065223A22666C6F6174222C2261636365FE
:101DF0007373223A227277227D2C7B226E616D658D
:101E0000223A226C6F61645F656E636F6465725F16
:101E100061786973222C226964223A3239332C2288
:101E200074797065223A2275696E7438222C2261A9
:101E30006363657373223A227277227D2C7B226E54
:101E4000616D65223A22696E7075745F66696C74A3
:101E500065725F62616E647769647468222C2269BE
:101E600064223A3239342C2274797065223A22661F
:101E70006C6F6174222C22616363657373223A2252
:101E80007277227D2C7B226E616D65223A22616E13
:101E90007469636F6767696E67222C227479706555
:101EA000223A226F626A656374222C226D656D622C
:101EB000657273223A5B7B226E616D65223A2269FC
:101EC0006E646578222C226964223A3239352C22DC
:101ED00074797065223A2275696E743332222C222D
:101EE000616363657373223A2272227D2C7B226EBA
:101EF000616D65223A227072655F63616C6962721E
:101F000061746564222C226964223A3239362C22AB
:101F100074797065223A22626F6F6C222C226163A1
:101F200063657373223A227277227D2C7B226E6165
:101F30006D65223A2263616C69625F616E746963E8
:101F40006F6767696E67222C226964223A323937DB
:101F50002C2274797065223A22626F6F6C222C22D7
:101F6000616363657373223A2272227D2C7B226E39
:101F7000616D65223A2263616C69625F706F735FA5
:101F80007468726573686F6C64222C226964223AEB
:101F90003239382C2274797065223A22666C6F616E
:101FA00074222C22616363657373223A2272772252
:101FB0007D2C7B226E616D65223A2263616C6962C1
:101FC0005F76656C5F7468726573686F6C64222CF1
:101FD000226964223A3239392C2274797065223AA6
:101FE00022666C6F6174222C2261636365737322B5
:101FF0003A227277227D2C7B226E616D65223A2215
:10200000636F6767696E675F726174696F222C2204
:102010006964223A3330302C2274797065223A2276
:10202000666C6F6174222C22616363657373223A5C
:102030002272227D2C7B226E616D65223A22616EB6
:102040007469636F6767696E675F656E61626C650F
:1020500064222C226964223A3330312C2274797044
:1020600065223A22626F6F6C222C22616363657372
:1020700073223A227277227D5D7D2C7B226E616D08
:1020800065223A226D656368616E6963616C5F7099
:102090006F7765725F62616E647769647468222C21
:1020A000226964223A3330322C2274797065223AE4
:1020B00022666C6F6174222C2261636365737322E4
:1020C0003A227277227D2C7B226E616D65223A2244
:1020D000656C656374726963616C5F706F7765725C
:1020E0005F62616E647769647468222C226964227D
:1020F0003A3330332C2274797065223A22666C6F41
:102100006174222C22616363657373223A227277B1
:10211000227D2C7B226E616D65223A227370696E7E
:102120006F75745F6D656368616E6963616C5F7024
:102130006F7765725F7468726573686F6C64222C68
:10214000226964223A3330342C2274797065223A41
:1021500022666C6F6174222C226163636573732243
:102160003A227277227D2C7B226E616D65223A22A3
:102170007370696E6F75745F656C656374726963A3
:10218000616C5F706F7765725F7468726573686F9A
:102190006C64222C226964223A3330352C22747903
:1021A0007065223A22666C6F6174222C226163632F
:1021B000657373223A227277227D5D7D2C7B226EBD
:1021C000616D65223A226175746F74756E696E6710
:1021D000222C2274797065223A226F626A656374D8
:1021E000222C226D656D62657273223A5B7B226ED2
:1021F000616D65223A226672657175656E6379223A
:102200002C226964223A3330362C2274797065228C
:102210003A22666C6F6174222C226163636573736A
:10222000223A227277227D2C7B226E616D65223AE2
:1022300022706F735F616D706C6974756465222CB8
:10224000226964223A3330372C2274797065223A3D
:1022500022666C6F6174222C226163636573732242
:102260003A227277227D2C7B226E616D65223A22A2
:1022700076656C5F616D706C6974756465222C2283
:102280006964223A3330382C2274797065223A22FC
:10229000666C6F6174222C22616363657373223AEA
:1022A000227277227D2C7B226E616D65223A227428
:1022B0006F727175655F616D706C697475646522AC
:1022C0002C226964223A3330392C227479706522C9
:1022D0003A22666C6F6174222C22616363657373AA
:1022E000223A227277227D5D7D2C7B226E616D65A4
:1022F000223A226D656368616E6963616C5F706F1D
:10230000776572222C226964223A3331302C227490
:10231000797065223A22666C6F6174222C226163A7
:1023200063657373223A2272227D2C7B226E616D6B
:1023300065223A22656C656374726963616C5F70D3
:102340006F776572222C226964223A3331312C2254
:1023500074797065223A22666C6F6174222C226156
:102360006363657373223A2272227D2C7B226E6135
:102370006D65223A226D6F76655F696E6372656D79
:10238000656E74616C222C226964223A3331322CDE
:102390002274797065223A2266756E6374696F6E75
:1023A000222C22696E70757473223A5B7B226E61F7
:1023B0006D65223A22646973706C6163656D656E48
:1023C00074222C226964223A3331332C22747970BE
:1023D00065223A22666C6F6174222C226163636508
:1023E0007373223A227277227D2C7B226E616D6597
:1023F000223A2266726F6D5F696E7075745F706FDE
:1024000073222C226964223A3331342C227479707D
:1024100065223A22626F6F6C222C226163636573BE
:1024200073223A227277227D5D2C226F757470754B
:102430007473223A5B5D7D2C7B226E616D65223A5E
:102440002273746172745F616E7469636F67676928
:102450006E675F63616C6962726174696F6E222C72
:10246000226964223A3331352C2274797065223A1C
:102470002266756E6374696F6E222C22696E7075A8
:102480007473223A5B5D2C226F75747075747322BD
:102490003A5B5D7D2C7B226E616D65223A2272650E
:1024A0006D6F76655F616E7469636F6767696E678C
:1024B0005F62696173222C226964223A3331362CBF
:1024C0002274797065223A2266756E6374696F6E44
:1024D000222C22696E70757473223A5B5D2C226F18
:1024E000757470757473223A5B7B226E616D652220
:1024F0003A2276616C222C226964223A3331372CDD
:102500002274797065223A22666C6F6174222C22E3
:10251000616363657373223A2272227D5D7D2C7B39
:10252000226E616D65223A226765745F616E74691F
:10253000636F6767696E675F76616C7565222C22D1
:102540006964223A3331382C2274797065223A2238
:1025500066756E6374696F6E222C22696E70757475
:1025600073223A5B7B226E616D65223A22696E644A
:102570006578222C226964223A3331392C2274790D
:102580007065223A2275696E743332222C2261639F
:1025900063657373223A227277227D5D2C226F75F8
:1025A0007470757473223A5B7B226E616D65223A9A
:1025B0002276616C222C226964223A3332302C223A
:1025C00074797065223A22666C6F6174222C2261E4
:1025D0006363657373223A2272227D5D7D5D7D2C7B
:1025E0007B226E616D65223A22656E636F6465724F
:1025F000222C2274797065223A226F626A656374B4
:10260000222C226D656D62657273223A5B7B226EAD
:10261000616D65223A226572726F72222C226964A2
:10262000223A3332312C2274797065223A2275694C
:102630006E743136222C22616363657373223A22F1
:102640007277227D2C7B226E616D65223A2269733E
:102650005F7265616479222C226964223A333232D6
:102660002C2274797065223A22626F6F6C222C22C0
:10267000616363657373223A2272227D2C7B226E22
:10268000616D65223A22696E6465785F666F756E6A
:1026900064222C226964223A3332332C22747970FA
:1026A00065223A22626F6F6C222C2261636365732C
:1026B00073223A2272227D2C7B226E616D65223A52
:1026C00022736861646F775F636F756E74222C226A
:1026D0006964223A3332342C2274797065223A22AA
:1026E000696E743332222C22616363657373223AFC
:1026F0002272227D2C7B226E616D65223A22636FED
:10270000756E745F696E5F637072222C2269642239
:102710003A3332352C2274797065223A22696E740C
:102720003332222C22616363657373223A22722250
:102730007D2C7B226E616D65223A22696E74657212
:10274000706F6C6174696F6E222C226964223A3357
:1027500032362C2274797065223A22666C6F61746D
:10276000222C22616363657373223A2272227D2CCC
:102770007B226E616D65223A227068617365222C3E
:10278000226964223A3332372C2274797065223AF6
:1027900022666C6F6174222C2261636365737322FD
:1027A0003A2272227D2C7B226E616D65223A227064
:1027B0006F735F657374696D617465222C2269643F
:1027C000223A3332382C2274797065223A22666CB0
:1027D0006F6174222C22616363657373223A2272E3
:1027E000227D2C7B226E616D65223A22706F735FB1
:1027F000657374696D6174655F636F756E74732260
:102800002C226964223A3332392C22747970652281
:102810003A22666C6F6174222C2261636365737364
:10282000223A2272227D2C7B226E616D65223A2231
:10283000706F735F63697263756C6172222C2269B9
:1028400064223A3333302C2274797065223A22663E
:102850006C6F6174222C22616363657373223A2268
:1028600072227D2C7B226E616D65223A22706F731D
:102870005F6370725F636F756E7473222C2269647C
:10288000223A3333312C2274797065223A22666CF5
:102890006F6174222C22616363657373223A227222
:1028A000227D2C7B226E616D65223A2264656C74F8
:1028B000615F706F735F6370725F636F756E747367
:1028C000222C226964223A3333322C2274797065C7
:1028D000223A22666C6F6174222C226163636573F5
:1028E00073223A2272227D2C7B226E616D65223A20
:1028F0002268616C6C5F7374617465222C22696458
:10290000223A3333332C2274797065223A22756966
:102910006E7438222C22616363657373223A2272CB
:10292000227D2C7B226E616D65223A2276656C5F7A
:10293000657374696D617465222C226964223A336F
:1029400033342C2274797065223A22666C6F61747C
:10295000222C22616363657373223A2272227D2CDA
:102960007B226E616D65223A2276656C5F657374B9
:10297000696D6174655F636F756E7473222C226973
:1029800064223A3333352C2274797065223A2266F8
:102990006C6F6174222C22616363657373223A2227
:1029A00072227D2C7B226E616D65223A2263616CFE
:1029B00069625F7363616E5F726573706F6E73657A
:1029C000222C226964223A3333362C2274797065C2
:1029D000223A22666C6F6174222C226163636573F4
:1029E00073223A2272227D2C7B226E616D65223A1F
:1029F00022706F735F616273222C226964223A3302
:102A000033372C2274797065223A22696E7433321E
:102A1000222C22616363657373223A227277227DCE
:102A20002C7B226E616D65223A227370695F65723C
:102A3000726F725F72617465222C226964223A336C
:102A400033382C2274797065223A22666C6F617477
:102A5000222C22616363657373223A2272227D2CD9
:102A60007B226E616D65223A22636F6E6669672212
:102A70002C2274797065223A226F626A656374222F
:102A80002C226D656D62657273223A5B7B226E61EA
:102A90006D65223A226D6F6465222C226964223AA8
:102AA0003333392C2274797065223A2275696E7439
:102AB0003136222C22616363657373223A22727766
:102AC000227D2C7B226E616D65223A227573655FD3
:102AD000696E646578222C226964223A3334302C82
:102AE0002274797065223A22626F6F6C222C226107
:102AF0006363657373223A227277227D2C7B226E88
:102B0000616D65223A22696E6465785F6F666673EF
:102B10006574222C226964223A3334312C22747970
:102B20007065223A22666C6F6174222C22616363A5
:102B3000657373223A227277227D2C7B226E616D3F
:102B400065223A227573655F696E6465785F6F66AA
:102B500066736574222C226964223A3334322C2243
:102B600074797065223A22626F6F6C222C22616345
:102B700063657373223A227277227D2C7B226E6109
:102B80006D65223A2266696E645F6964785F6F6E74
:102B90005F6C6F636B696E5F6F6E6C79222C22695C
:102BA00064223A3334332C2274797065223A2262DB
:102BB0006F6F6C222C22616363657373223A2272F9
:102BC00077227D2C7B226E616D65223A22616273D1
:102BD0005F7370695F63735F6770696F5F70696E61
:102BE000222C226964223A3334342C2274797065A1
:102BF000223A2275696E743136222C226163636534
:102C00007373223A227277227D2C7B226E616D656E
:102C1000223A22637072222C226964223A333435BC
:102C20002C2274797065223A22696E743332222C18
:102C300022616363657373223A227277227D2C7B53
:102C4000226E616D65223A2270686173655F6F66FE
:102C500066736574222C226964223A3334362C223E
:102C600074797065223A22696E743332222C2261A3
:102C70006363657373223A227277227D2C7B226E06
:102C8000616D65223A2270686173655F6F66667375
:102C900065745F666C6F6174222C226964223A331A
:102CA00034372C2274797065223A22666C6F617415
:102CB000222C22616363657373223A227277227D2C
:102CC0002C7B226E616D65223A22646972656374A1
:102CD000696F6E222C226964223A3334382C2274B4
:102CE000797065223A22696E743332222C22616334
:102CF00063657373223A227277227D2C7B226E6188
:102D00006D65223A227072655F63616C69627261FF
:102D1000746564222C226964223A3334392C22747B
:102D2000797065223A22626F6F6C222C2261636394
:102D3000657373223A227277227D2C7B226E616D3D
:102D400065223A22656E61626C655F7068617365C9
:102D50005F696E746572706F6C6174696F6E222C3E
:102D6000226964223A3335302C2274797065223A14
:102D700022626F6F6C222C22616363657373223A47
:102D8000227277227D2C7B226E616D65223A22624F
:102D9000616E647769647468222C226964223A3314
:102DA00035312C2274797065223A22666C6F617419
:102DB000222C22616363657373223A227277227D2B
:102DC0002C7B226E616D65223A2263616C69625FC1
:102DD00072616E6765222C226964223A3335322C87
:102DE0002274797065223A22666C6F6174222C22FB
:102DF000616363657373223A227277227D2C7B2292
:102E00006E616D65223A2263616C69625F73636112
:102E10006E5F64697374616E6365222C226964223B
:102E20003A3335332C2274797065223A22666C6FFE
:102E30006174222C22616363657373223A22727774
:102E4000227D2C7B226E616D65223A2263616C6962
:102E5000625F7363616E5F6F6D656761222C2269CB
:102E600064223A3335342C2274797065223A226612
:102E70006C6F6174222C22616363657373223A2242
:102E80007277227D2C7B226E616D65223A22696702
:102E90006E6F72655F696C6C6567616C5F68616CB1
:102EA0006C5F7374617465222C226964223A333535
:102EB000352C2274797065223A22626F6F6C222C55
:102EC00022616363657373223A227277227D2C7BC1
:102ED000226E616D65223A2268616C6C5F706F6C66
:102EE0006172697479222C226964223A3335362C56
:102EF0002274797065223A2275696E7438222C2208
:102F0000616363657373223A227277227D2C7B2280
:102F10006E616D65223A2268616C6C5F706F6C61E6
:102F2000726974795F63616C69627261746564224D
:102F30002C226964223A3335372C22747970652249
:102F40003A22626F6F6C222C226163636573732275
:102F50003A227277227D2C7B226E616D65223A22A5
:102F600073696E636F735F6770696F5F70696E5FBF
:102F700073696E222C226964223A3335382C22740C
:102F8000797065223A2275696E743136222C22617D
:102F90006363657373223A227277227D2C7B226EE3
:102FA000616D65223A2273696E636F735F67706942
:102FB0006F5F70696E5F636F73222C226964223ABF
:102FC0003335392C2274797065223A2275696E7412
:102FD0003136222C22616363657373223A22727741
:102FE000227D5D7D2C7B226E616D65223A227365A8
:102FF000745F6C696E6561725F636F756E74222CAD
:10300000226964223A3336302C2274797065223A70
:103010002266756E6374696F6E222C22696E7075FC
:103020007473223A5B7B226E616D65223A22636F74
:10303000756E74222C226964223A3336312C227444
:10304000797065223A22696E743332222C226163D0
:1030500063657373223A227277227D5D2C226F752D
:103060007470757473223A5B5D7D5D7D2C7B226E7E
:10307000616D65223A226163696D5F657374696D84
:1030800061746F72222C2274797065223A226F6209
:103090006A656374222C226D656D62657273223AD3
:1030A0005B7B226E616D65223A22726F746F725F74
:1030B000666C7578222C226964223A3336322C22CF
:1030C00074797065223A22666C6F6174222C2261D9
:1030D0006363657373223A2272227D2C7B226E61B8
:1030E0006D65223A22736C69705F76656C222C22C2
:1030F0006964223A3336332C2274797065223A227D
:10310000666C6F6174222C22616363657373223A6B
:103110002272227D2C7B226E616D65223A227068BC
:103120006173655F6F6666736574222C2269642221
:103130003A3336342C2274797065223A22666C6FE9
:103140006174222C22616363657373223A227222B6
:103150007D2C7B226E616D65223A22737461746FDF
:10316000725F70686173655F76656C222C2269649A
:10317000223A3336352C2274797065223A22666CF5
:103180006F6174222C22616363657373223A227229
:10319000227D2C7B226E616D65223A2273746174EC
:1031A0006F725F7068617365222C226964223A3302
:1031B00036362C2274797065223A22666C6F6174FF
:1031C000222C22616363657373223A2272227D2C62
:1031D0007B226E616D65223A22636F6E666967229B
:1031E0002C2274797065223A226F626A65637422B8
:1031F0002C226D656D62657273223A5B7B226E6173
:103200006D65223A22736C69705F76656C6F6369D5
:103210007479222C226964223A3336372C2274794D
:103220007065223A22666C6F6174222C226163639E
:10323000657373223A227277227D5D7D5D7D2C7BE2
:10324000226E616D65223A2273656E736F726C65D2
:1032500073735F657374696D61746F72222C22746D
:10326000797065223A226F626A656374222C226D3E
:10327000656D62657273223A5B7B226E616D6522B9
:103280003A226572726F72222C226964223A3336B6
:10329000382C2274797065223A2275696E7438224E
:1032A0002C22616363657373223A227277227D2C2C
:1032B0007B226E616D65223A227068617365222CF3
:1032C000226964223A3336392C2274797065223AA5
:1032D00022666C6F6174222C2261636365737322B2
:1032E0003A2272227D2C7B226E616D65223A227019
:1032F0006C6C5F706F73222C226964223A33373012
:103300002C2274797065223A22666C6F6174222CCB
:1033100022616363657373223A2272227D2C7B22C1
:103320006E616D65223A2270686173655F76656CC7
:10333000222C226964223A3337312C227479706549
:10334000223A22666C6F6174222C2261636365737A
:1033500073223A2272227D2C7B226E616D65223AA5
:103360002276656C5F657374696D617465222C22C9
:103370006964223A3337322C2274797065223A22FA
:10338000666C6F6174222C22616363657373223AE9
:103390002272227D2C7B226E616D65223A22636F40
:1033A0006E666967222C2274797065223A226F62F8
:1033B0006A656374222C226D656D62657273223AB0
:1033C0005B7B226E616D65223A226F627365727655
:1033D00065725F6761696E222C226964223A333715
:1033E000332C2274797065223A22666C6F617422E4
:1033F0002C22616363657373223A227277227D2CDB
:103400007B226E616D65223A22706C6C5F62616E28
:10341000647769647468222C226964223A333734F1
:103420002C2274797065223A22666C6F6174222CAA
:1034300022616363657373223A227277227D2C7B4B
:10344000226E616D65223A22706D5F666C75785FE1
:103450006C696E6B616765222C226964223A33378E
:10346000352C2274797065223A22666C6F61742261
:103470002C22616363657373223A227277227D5D29
:103480007D5D7D2C7B226E616D65223A22747261B6
:10349000705F7472616A222C2274797065223A22FC
:1034A0006F626A656374222C226D656D626572734A
:1034B000223A5B7B226E616D65223A22636F6E66F3
:1034C0006967222C2274797065223A226F626A65DC
:1034D0006374222C226D656D62657273223A5B7B88
:1034E000226E616D65223A2276656C5F6C696D694A
:1034F00074222C226964223A3337362C2274797074
:1035000065223A22666C6F6174222C2261636365C6
:103510007373223A227277227D2C7B226E616D6555
:10352000223A22616363656C5F6C696D6974222C59
:10353000226964223A3337372C2274797065223A33
:1035400022666C6F6174222C22616363657373223F
:103550003A227277227D2C7B226E616D65223A229F
:10356000646563656C5F6C696D6974222C226964A3
:10357000223A3337382C2274797065223A22666CED
:103580006F6174222C22616363657373223A227225
:1035900077227D5D7D5D7D2C7B226E616D65223A9B
:1035A000226D696E5F656E6473746F70222C227475
:1035B000797065223A226F626A656374222C226DEB
:1035C000656D62657273223A5B7B226E616D652266
:1035D0003A22656E6473746F705F737461746522F0
:1035E0002C226964223A3337392C2274797065228F
:1035F0003A22626F6F6C222C2261636365737322BF
:103600003A2272227D2C7B226E616D65223A226302
:103610006F6E666967222C2274797065223A226F78
:10362000626A656374222C226D656D626572732215
:103630003A5B7B226E616D65223A226770696F5F2B
:103640006E756D222C226964223A3338302C227434
:10365000797065223A2275696E743136222C2261A6
:103660006363657373223A227277227D2C7B226E0C
:10367000616D65223A22656E61626C6564222C225E
:103680006964223A3338312C2274797065223A22E7
:10369000626F6F6C222C22616363657373223A221E
:1036A0007277227D2C7B226E616D65223A226F66D5
:1036B00066736574222C226964223A3338322C22D4
:1036C00074797065223A22666C6F6174222C2261D3
:1036D0006363657373223A227277227D2C7B226E9C
:1036E000616D65223A2269735F6163746976655F13
:1036F00068696768222C226964223A3338332C22A5
:1037000074797065223A22626F6F6C222C22616399
:1037100063657373223A227277227D2C7B226E615D
:103720006D65223A226465626F756E63655F6D73C5
:10373000222C226964223A3338342C227479706541
:10374000223A2275696E743332222C2261636365DA
:103750007373223A227277227D5D7D5D7D2C7B2200
:103760006E616D65223A226D61785F656E64737477
:103770006F70222C2274797065223A226F626A651A
:103780006374222C226D656D62657273223A5B7BD5
:10379000226E616D65223A22656E6473746F705F8C
:1037A0007374617465222C226964223A3338352C93
:1037B0002274797065223A22626F6F6C222C22612A
:1037C0006363657373223A2272227D2C7B226E61C1
:1037D0006D65223A22636F6E666967222C227479C6
:1037E0007065223A226F626A656374222C226D65CD
:1037F0006D62657273223A5B7B226E616D65223A5F
:10380000226770696F5F6E756D222C226964223A9F
:103810003338362C2274797065223A2275696E74B9
:103820003136222C22616363657373223A227277E8
:10383000227D2C7B226E616D65223A22656E61626B
:103840006C6564222C226964223A3338372C227446
:10385000797065223A22626F6F6C222C2261636359
:10386000657373223A227277227D2C7B226E616D02
:1038700065223A226F6666736574222C226964227F
:103880003A3338382C2274797065223A22666C6F8C
:103890006174222C22616363657373223A2272770A
:1038A000227D2C7B226E616D65223A2269735F61F5
:1038B00063746976655F68696768222C226964228F
:1038C0003A3338392C2274797065223A22626F6F4C
:1038D0006C222C22616363657373223A2272772211
:1038E0007D2C7B226E616D65223A226465626F7564
:1038F0006E63655F6D73222C226964223A3339301E
:103900002C2274797065223A2275696E74333222E2
:103910002C22616363657373223A227277227D5D84
:103920007D5D7D2C7B226E616D65223A226D656323
:1039300068616E6963616C5F6272616B65222C22E3
:1039400074797065223A226F626A656374222C2250
:103950006D656D62657273223A5B7B226E616D6587
:10396000223A22636F6E666967222C227479706531
:10397000223A226F626A656374222C226D656D6241
:10398000657273223A5B7B226E616D65223A226713
:1039900070696F5F6E756D222C226964223A33392B
:1039A000312C2274797065223A2275696E74313631
:1039B000222C22616363657373223A227277227D1F
:1039C0002C7B226E616D65223A2269735F6163749C
:1039D0006976655F6C6F77222C226964223A3339ED
:1039E000322C2274797065223A22626F6F6C222C1D
:1039F00022616363657373223A227277227D5D7D53
:103A00002C7B226E616D65223A22656E6761676567
:103A1000222C226964223A3339332C22747970655E
:103A2000223A2266756E6374696F6E222C22696E6B
:103A300070757473223A5B5D2C226F7574707574A7
:103A400073223A5B5D7D2C7B226E616D65223A228A
:103A500072656C65617365222C226964223A333980
:103A6000342C2274797065223A2266756E6374690B
:103A70006F6E222C22696E70757473223A5B5D2C16
:103A8000226F757470757473223A5B5D7D5D7D2C59
:103A90007B226E616D65223A227461736B5F74697B
:103AA0006D6573222C2274797065223A226F626AE6
:103AB000656374222C226D656D62657273223A5BB8
:103AC0007B226E616D65223A22746865726D69733E
:103AD000746F725F757064617465222C22747970E2
:103AE00065223A226F626A656374222C226D656DCD
:103AF00062657273223A5B7B226E616D65223A22A7
:103B000073746172745F74696D65222C226964221A
:103B10003A3339352C2274797065223A2275696EF0
:103B2000743332222C22616363657373223A2272EA
:103B3000227D2C7B226E616D65223A22656E645F68
:103B400074696D65222C226964223A3339362C223D
:103B500074797065223A2275696E743332222C2290
:103B6000616363657373223A2272227D2C7B226E1D
:103B7000616D65223A226C656E677468222C226939
:103B800064223A3339372C2274797065223A2275CF
:103B9000696E743332222C22616363657373223A37
:103BA0002272227D2C7B226E616D65223A226D612C
:103BB000785F6C656E677468222C226964223A33E0
:103BC00039382C2274797065223A2275696E743303
:103BD00032222C22616363657373223A2272772248
:103BE0007D5D7D2C7B226E616D65223A22656E6360
:103BF0006F6465725F757064617465222C227479DC
:103C00007065223A226F626A656374222C226D65A8
:103C10006D62657273223A5B7B226E616D65223A3A
:103C20002273746172745F74696D65222C226964F9
:103C3000223A3339392C2274797065223A22756917
:103C40006E743332222C22616363657373223A22CD
:103C500072227D2C7B226E616D65223A22656E6434
:103C60005F74696D65222C226964223A3430302CED
:103C70002274797065223A2275696E743332222C6F
:103C800022616363657373223A2272227D2C7B2248
:103C90006E616D65223A226C656E677468222C2213
:103CA0006964223A3430312C2274797065223A22C8
:103CB00075696E743332222C2261636365737322DB
:103CC0003A2272227D2C7B226E616D65223A226D32
:103CD00061785F6C656E677468222C226964223A91
:103CE0003430322C2274797065223A2275696E74F0
:103CF0003332222C22616363657373223A22727716
:103D0000227D5D7D2C7B226E616D65223A2273657A
:103D10006E736F726C6573735F657374696D6174D4
:103D20006F725F757064617465222C22747970659E
:103D3000223A226F626A656374222C226D656D627D
:103D4000657273223A5B7B226E616D65223A227343
:103D5000746172745F74696D65222C226964223A01
:103D60003430332C2274797065223A2275696E746E
:103D70003332222C22616363657373223A227222EA
:103D80007D2C7B226E616D65223A22656E645F74C4
:103D9000696D65222C226964223A3430342C2274F5
:103DA000797065223A2275696E743332222C226151
:103DB0006363657373223A2272227D2C7B226E61CB
:103DC0006D65223A226C656E677468222C226964E4
:103DD000223A3430352C2274797065223A22756982
:103DE0006E743332222C22616363657373223A222C
:103DF00072227D2C7B226E616D65223A226D617884
:103E00005F6C656E677468222C226964223A3430D4
:103E1000362C2274797065223A2275696E743332B9
:103E2000222C22616363657373223A227277227DAA
:103E30005D7D2C7B226E616D65223A22656E647316
:103E4000746F705F757064617465222C2274797070
:103E500065223A226F626A656374222C226D656D59
:103E600062657273223A5B7B226E616D65223A2233
:103E700073746172745F74696D65222C22696422A7
:103E80003A3430372C2274797065223A2275696E83
:103E9000743332222C22616363657373223A227277
:103EA000227D2C7B226E616D65223A22656E645FF5
:103EB00074696D65222C226964223A3430382C22D0
:103EC00074797065223A2275696E743332222C221D
:103ED000616363657373223A2272227D2C7B226EAA
:103EE000616D65223A226C656E677468222C2269C6
:103EF00064223A3430392C2274797065223A227562
:103F0000696E743332222C22616363657373223AC3
:103F10002272227D2C7B226E616D65223A226D61B8
:103F2000785F6C656E677468222C226964223A346B
:103F300031302C2274797065223A2275696E74339F
:103F400032222C22616363657373223A22727722D4
:103F50007D5D7D2C7B226E616D65223A2263616EF0
:103F60005F686561727462656174222C2274797075
:103F700065223A226F626A656374222C226D656D38
:103F800062657273223A5B7B226E616D65223A2212
:103F900073746172745F74696D65222C2269642286
:103FA0003A3431312C2274797065223A2275696E67
:103FB000743332222C22616363657373223A227256
:103FC000227D2C7B226E616D65223A22656E645FD4
:103FD00074696D65222C226964223A3431322C22B4
:103FE00074797065223A2275696E743332222C22FC
:103FF000616363657373223A2272227D2C7B226E89
:10400000616D65223A226C656E677468222C2269A4
:1040100064223A3431332C2274797065223A227545
:10402000696E743332222C22616363657373223AA2
:104030002272227D2C7B226E616D65223A226D6197
:10404000785F6C656E677468222C226964223A344A
:1040500031342C2274797065223A2275696E74337A
:1040600032222C22616363657373223A22727722B3
:104070007D5D7D2C7B226E616D65223A22636F6EC1
:1040800074726F6C6C65725F757064617465222CFC
:104090002274797065223A226F626A656374222CF9
:1040A000226D656D62657273223A5B7B226E616D73
:1040B00065223A2273746172745F74696D65222C93
:1040C000226964223A3431352C2274797065223A9F
:1040D0002275696E743332222C22616363657373B7
:1040E000223A2272227D2C7B226E616D65223A2259
:1040F000656E645F74696D65222C226964223A34AE
:1041000031362C2274797065223A2275696E7433C7
:1041100032222C22616363657373223A2272227DFC
:104120002C7B226E616D65223A226C656E67746825
:10413000222C226964223A3431372C22747970653A
:10414000223A2275696E743332222C2261636365D0
:104150007373223A2272227D2C7B226E616D65225E
:104160003A226D61785F6C656E677468222C2269F3
:1041700064223A3431382C2274797065223A2275DF
:10418000696E743332222C22616363657373223A41
:10419000227277227D5D7D2C7B226E616D65223AD5
:1041A000226F70656E5F6C6F6F705F636F6E74729D
:1041B0006F6C6C65725F757064617465222C22741B
:1041C000797065223A226F626A656374222C226DCF
:1041D000656D62657273223A5B7B226E616D65224A
:1041E0003A2273746172745F74696D65222C22695E
:1041F00064223A3431392C2274797065223A22755E
:10420000696E743332222C22616363657373223AC0
:104210002272227D2C7B226E616D65223A22656EB0
:10422000645F74696D65222C226964223A343230ED
:104230002C2274797065223A2275696E74333222A9
:104240002C22616363657373223A2272227D2C7B78
:10425000226E616D65223A226C656E677468222C4D
:10426000226964223A3432312C2274797065223A00
:104270002275696E743332222C2261636365737315
:10428000223A2272227D2C7B226E616D65223A22B7
:104290006D61785F6C656E677468222C2269642298
:1042A0003A3432322C2274797065223A2275696E62
:1042B000743332222C22616363657373223A227253
:1042C00077227D5D7D2C7B226E616D65223A2261B5
:1042D00063696D5F657374696D61746F725F75702A
:1042E00064617465222C2274797065223A226F62AF
:1042F0006A656374222C226D656D62657273223A61
:104300005B7B226E616D65223A2273746172745F09
:1043100074696D65222C226964223A3432332C226E
:1043200074797065223A2275696E743332222C22B8
:10433000616363657373223A2272227D2C7B226E45
:10434000616D65223A22656E645F74696D65222C29
:10435000226964223A3432342C2274797065223A0C
:104360002275696E743332222C2261636365737324
:10437000223A2272227D2C7B226E616D65223A22C6
:104380006C656E677468222C226964223A34323577
:104390002C2274797065223A2275696E7433322248
:1043A0002C22616363657373223A2272227D2C7B17
:1043B000226E616D65223A226D61785F6C656E6771
:1043C0007468222C226964223A3432362C227479A1
:1043D0007065223A2275696E743332222C22616331
:1043E00063657373223A227277227D5D7D2C7B2276
:1043F0006E616D65223A226D6F746F725F757064C5
:10440000617465222C2274797065223A226F626A87
:10441000656374222C226D656D62657273223A5B4E
:104420007B226E616D65223A2273746172745F74CF
:10443000696D65222C226964223A3432372C227449
:10444000797065223A2275696E743332222C2261AA
:104450006363657373223A2272227D2C7B226E6124
:104460006D65223A22656E645F74696D65222C2247
:104470006964223A3432382C2274797065223A22E7
:1044800075696E743332222C226163636573732203
:104490003A2272227D2C7B226E616D65223A226C5B
:1044A000656E677468222C226964223A3432392C92
:1044B0002274797065223A2275696E743332222C27
:1044C00022616363657373223A2272227D2C7B2200
:1044D0006E616D65223A226D61785F6C656E6774FE
:1044E00068222C226964223A3433302C2274797089
:1044F00065223A2275696E743332222C226163631D
:10450000657373223A227277227D5D7D2C7B226E49
:10451000616D65223A2263757272656E745F636FB6
:104520006E74726F6C6C65725F7570646174652215
:104530002C2274797065223A226F626A6563742254
:104540002C226D656D62657273223A5B7B226E610F
:104550006D65223A2273746172745F74696D6522AD
:104560002C226964223A3433312C2274797065220A
:104570003A2275696E743332222C2261636365734B
:1045800073223A2272227D2C7B226E616D65223A63
:1045900022656E645F74696D65222C226964223A1B
:1045A0003433322C2274797065223A2275696E7424
:1045B0003332222C22616363657373223A227222A2
:1045C0007D2C7B226E616D65223A226C656E67746C
:1045D00068222C226964223A3433332C2274797095
:1045E00065223A2275696E743332222C226163632C
:1045F000657373223A2272227D2C7B226E616D6577
:10460000223A226D61785F6C656E677468222C2295
:104610006964223A3433342C2274797065223A2248
:1046200075696E743332222C226163636573732261
:104630003A227277227D5D7D2C7B226E616D652230
:104640003A2264635F63616C6962222C2274797020
:1046500065223A226F626A656374222C226D656D51
:1046600062657273223A5B7B226E616D65223A222B
:1046700073746172745F74696D65222C226964229F
:104680003A3433352C2274797065223A2275696E7A
:10469000743332222C22616363657373223A22726F
:1046A000227D2C7B226E616D65223A22656E645FED
:1046B00074696D65222C226964223A3433362C22C7
:1046C00074797065223A2275696E743332222C2215
:1046D000616363657373223A2272227D2C7B226EA2
:1046E000616D65223A226C656E677468222C2269BE
:1046F00064223A3433372C2274797065223A227559
:10470000696E743332222C22616363657373223ABB
:104710002272227D2C7B226E616D65223A226D61B0
:10472000785F6C656E677468222C226964223A3463
:1047300033382C2274797065223A2275696E74338D
:1047400032222C22616363657373223A22727722CC
:104750007D5D7D2C7B226E616D65223A22637572D0
:1047600072656E745F73656E7365222C2274797046
:1047700065223A226F626A656374222C226D656D30
:1047800062657273223A5B7B226E616D65223A220A
:1047900073746172745F74696D65222C226964227E
:1047A0003A3433392C2274797065223A2275696E55
:1047B000743332222C22616363657373223A22724E
:1047C000227D2C7B226E616D65223A22656E645FCC
:1047D00074696D65222C226964223A3434302C22AB
:1047E00074797065223A2275696E743332222C22F4
:1047F000616363657373223A2272227D2C7B226E81
:10480000616D65223A226C656E677468222C22699C
:1048100064223A3434312C2274797065223A22753C
:10482000696E743332222C22616363657373223A9A
:104830002272227D2C7B226E616D65223A226D618F
:10484000785F6C656E677468222C226964223A3442
:1048500034322C2274797065223A2275696E743371
:1048600032222C22616363657373223A22727722AB
:104870007D5D7D2C7B226E616D65223A2270776DA5
:104880005F757064617465222C2274797065223AB8
:10489000226F626A656374222C226D656D62657297
:1048A00073223A5B7B226E616D65223A22737461DA
:1048B00072745F74696D65222C226964223A343403
:1048C000332C2274797065223A2275696E74333202
:1048D000222C22616363657373223A2272227D2C3B
:1048E0007B226E616D65223A22656E645F74696D2C
:1048F00065222C226964223A3434342C2274797073
:1049000065223A2275696E743332222C2261636308
:10491000657373223A2272227D2C7B226E616D6553
:10492000223A226C656E677468222C226964223AEE
:104930003434352C2274797065223A2275696E748C
:104940003332222C22616363657373223A2272220E
:104950007D2C7B226E616D65223A226D61785F6CE1
:10496000656E677468222C226964223A3434362CCE
:104970002274797065223A2275696E743332222C62
:1049800022616363657373223A227277227D5D7DB3
:104990005D7D2C7B226E616D65223A2277617463A6
:1049A00068646F675F66656564222C226964223AD9
:1049B0003434372C2274797065223A2266756E631E
:1049C00074696F6E222C22696E70757473223A5B63
:1049D0005D2C226F757470757473223A5B5D7D5D1A
:1049E0007D2C7B226E616D65223A2261786973317C
:1049F000222C2274797065223A226F626A65637490
:104A0000222C226D656D62657273223A5B7B226E89
:104A1000616D65223A226572726F72222C2269647E
:104A2000223A3434382C2274797065223A2275691E
:104A30006E743332222C22616363657373223A22CF
:104A40007277227D2C7B226E616D65223A2273740F
:104A500065705F6469725F616374697665222C2298
:104A60006964223A3434392C2274797065223A22EE
:104A7000626F6F6C222C22616363657373223A222A
:104A800072227D2C7B226E616D65223A226C6173ED
:104A9000745F6472765F6661756C74222C2269643F
:104AA000223A3435302C2274797065223A227569A5
:104AB0006E743332222C22616363657373223A224F
:104AC00072227D2C7B226E616D65223A22737465A1
:104AD0007073222C226964223A3435312C22747985
:104AE0007065223A22696E743634222C2261636327
:104AF000657373223A2272227D2C7B226E616D6572
:104B0000223A2263757272656E745F7374617465A4
:104B1000222C226964223A3435322C227479706551
:104B2000223A2275696E7438222C226163636573A0
:104B300073223A2272227D2C7B226E616D65223AAD
:104B4000227265717565737465645F7374617465F1
:104B5000222C226964223A3435332C227479706510
:104B6000223A2275696E7438222C22616363657360
:104B700073223A227277227D2C7B226E616D652230
:104B80003A2269735F686F6D6564222C2269642222
:104B90003A3435342C2274797065223A22626F6F70
:104BA0006C222C22616363657373223A227277222E
:104BB0007D2C7B226E616D65223A22636F6E666981
:104BC00067222C2274797065223A226F626A6563CB
:104BD00074222C226D656D62657273223A5B7B22B2
:104BE0006E616D65223A22737461727475705F6DC7
:104BF0006F746F725F63616C6962726174696F6E0A
:104C0000222C226964223A3435352C22747970655D
:104C1000223A22626F6F6C222C2261636365737388
:104C2000223A227277227D2C7B226E616D65223AB8
:104C300022737461727475705F656E636F64657200
:104C40005F696E6465785F736561726368222C22A8
:104C50006964223A3435362C2274797065223A22FE
:104C6000626F6F6C222C22616363657373223A2238
:104C70007277227D2C7B226E616D65223A227374DD
:104C800061727475705F656E636F6465725F6F6685
:104C9000667365745F63616C6962726174696F6E7B
:104CA000222C226964223A3435372C2274797065BB
:104CB000223A22626F6F6C222C22616363657373E8
:104CC000223A227277227D2C7B226E616D65223A18
:104CD00022737461727475705F636C6F7365645F67
:104CE0006C6F6F705F636F6E74726F6C222C2269D1
:104CF00064223A3435382C2274797065223A226263
:104D00006F6F6C222C22616363657373223A227287
:104D100077227D2C7B226E616D65223A227374614D
:104D2000727475705F686F6D696E67222C2269649A
:104D3000223A3435392C2274797065223A22626F16
:104D40006F6C222C22616363657373223A2272773F
:104D5000227D2C7B226E616D65223A22656E616236
:104D60006C655F737465705F646972222C2269647C
:104D7000223A3436302C2274797065223A22626FDE
:104D80006F6C222C22616363657373223A227277FF
:104D9000227D2C7B226E616D65223A2273746570D0
:104DA0005F6469725F616C776179735F6F6E222CEB
:104DB000226964223A3436312C2274797065223AA1
:104DC00022626F6F6C222C22616363657373223AD7
:104DD000227277227D2C7B226E616D65223A2265DC
:104DE0006E61626C655F73656E736F726C65737311
:104DF0005F6D6F6465222C226964223A3436322C4E
:104E00002274797065223A22626F6F6C222C2261C3
:104E10006363657373223A227277227D2C7B226E44
:104E2000616D65223A227761746368646F675F74AD
:104E3000696D656F7574222C226964223A343633A9
:104E40002C2274797065223A22666C6F6174222C70
:104E500022616363657373223A227277227D2C7B11
:104E6000226E616D65223A22656E61626C655F77C4
:104E700061746368646F67222C226964223A343655
:104E8000342C2274797065223A22626F6F6C222C66
:104E900022616363657373223A227277227D2C7BD1
:104EA000226E616D65223A22737465705F67706966
:104EB0006F5F70696E222C226964223A3436352C79
:104EC0002274797065223A2275696E743136222C0B
:104ED00022616363657373223A227277227D2C7B91
:104EE000226E616D65223A226469725F6770696F34
:104EF0005F70696E222C226964223A3436362C2285
:104F000074797065223A2275696E743136222C22CA
:104F1000616363657373223A227277227D2C7B2250
:104F20006E616D65223A2263616C696272617469B7
:104F30006F6E5F6C6F636B696E222C227479706583
:104F4000223A226F626A656374222C226D656D625B
:104F5000657273223A5B7B226E616D65223A226331
:104F6000757272656E74222C226964223A34363767
:104F70002C2274797065223A22666C6F6174222C3F
:104F800022616363657373223A227277227D2C7BE0
:104F9000226E616D65223A2272616D705F74696D77
:104FA00065222C226964223A3436382C22747970B6
:104FB00065223A22666C6F6174222C2261636365FC
:104FC0007373223A227277227D2C7B226E616D658B
:104FD000223A2272616D705F64697374616E6365F9
:104FE000222C226964223A3436392C227479706575
:104FF000223A22666C6F6174222C226163636573AE
:1050000073223A227277227D2C7B226E616D65229B
:105010003A22616363656C222C226964223A343738
:10502000302C2274797065223A22666C6F6174228A
:105030002C22616363657373223A227277227D2C7E
:105040007B226E616D65223A2276656C222C226984
:1050500064223A3437312C2274797065223A226600
:105060006C6F6174222C22616363657373223A2230
:105070007277227D5D7D2C7B226E616D65223A22E6
:1050800073656E736F726C6573735F72616D70229E
:105090002C2274797065223A226F626A65637422E9
:1050A0002C226D656D62657273223A5B7B226E61A4
:1050B0006D65223A2263757272656E74222C2269C4
:1050C00064223A3437322C2274797065223A22668F
:1050D0006C6F6174222C22616363657373223A22C0
:1050E0007277227D2C7B226E616D65223A2272617D
:1050F0006D705F74696D65222C226964223A3437C1
:10510000332C2274797065223A22666C6F617422A6
:105110002C22616363657373223A227277227D2C9D
:105120007B226E616D65223A2272616D705F6469E7
:105130007374616E6365222C226964223A343734B9
:105140002C2274797065223A22666C6F6174222C6D
:1051500022616363657373223A227277227D2C7B0E
:10516000226E616D65223A22616363656C222C2296
:105170006964223A3437352C2274797065223A22D8
:10518000666C6F6174222C22616363657373223ACB
:10519000227277227D2C7B226E616D65223A227607
:1051A000656C222C226964223A3437362C227479B9
:1051B0007065223A22666C6F6174222C22616363EF
:1051C000657373223A227277227D2C7B226E616D89
:1051D00065223A2266696E6973685F6469737461F7
:1051E0006E6365222C226964223A3437372C22748C
:1051F000797065223A22666C6F6174222C22616399
:1052000063657373223A227277227D2C7B226E6152
:105210006D65223A2266696E6973685F6F6E5F76AC
:10522000656C222C226964223A3437382C22747936
:105230007065223A22626F6F6C222C226163636573
:105240007373223A227277227D2C7B226E616D6508
:10525000223A2266696E6973685F6F6E5F64697374
:1052600074616E6365222C226964223A3437392CCA
:105270002274797065223A22626F6F6C222C22614F
:105280006363657373223A227277227D2C7B226ED0
:10529000616D65223A2266696E6973685F6F6E5F41
:1052A000656E635F696478222C226964223A34381F
:1052B000302C2274797065223A22626F6F6C222C36
:1052C00022616363657373223A227277227D5D7D6A
:1052D0002C7B226E616D65223A2267656E65726174
:1052E0006C5F6C6F636B696E222C2274797065221F
:1052F0003A226F626A656374222C226D656D626565
:105300007273223A5B7B226E616D65223A2263756D
:105310007272656E74222C226964223A3438312C00
:105320002274797065223A22666C6F6174222C2295
:10533000616363657373223A227277227D2C7B222C
:105340006E616D65223A2272616D705F74696D6580
:10535000222C226964223A3438322C227479706506
:10536000223A22666C6F6174222C2261636365733A
:1053700073223A227277227D2C7B226E616D652228
:105380003A2272616D705F64697374616E63652245
:105390002C226964223A3438332C227479706522C5
:1053A0003A22666C6F6174222C22616363657373A9
:1053B000223A227277227D2C7B226E616D65223A21
:1053C00022616363656C222C226964223A3438348A
:1053D0002C2274797065223A22666C6F6174222CDB
:1053E00022616363657373223A227277227D2C7B7C
:1053F000226E616D65223A2276656C222C226964E8
:10540000223A3438352C2274797065223A22666C3F
:105410006F6174222C22616363657373223A227276
:1054200077227D2C7B226E616D65223A2266696E41
:105430006973685F64697374616E6365222C2269A5
:1054400064223A3438362C2274797065223A226606
:105450006C6F6174222C22616363657373223A223C
:105460007277227D2C7B226E616D65223A226669FD
:105470006E6973685F6F6E5F76656C222C2269645B
:10548000223A3438372C2274797065223A22626FBE
:105490006F6C222C22616363657373223A227277E8
:1054A000227D2C7B226E616D65223A2266696E69CF
:1054B00073685F6F6E5F64697374616E6365222CDD
:1054C000226964223A3438382C2274797065223A81
:1054D00022626F6F6C222C22616363657373223AC0
:1054E000227277227D2C7B226E616D65223A2266C4
:1054F000696E6973685F6F6E5F656E635F6964781C
:10550000222C226964223A3438392C22747970654D
:10551000223A22626F6F6C222C226163636573737F
:10552000223A227277227D5D7D2C7B226E616D6531
:10553000223A2263616E222C2274797065223A220B
:105540006F626A656374222C226D656D6265727389
:10555000223A5B7B226E616D65223A226E6F646532
:105560005F6964222C226964223A3439302C227417
:10557000797065223A2275696E743332222C226169
:105580006363657373223A227277227D2C7B226ECD
:10559000616D65223A2269735F657874656E646532
:1055A00064222C226964223A3439312C22747970B5
:1055B00065223A22626F6F6C222C226163636573ED
:1055C00073223A227277227D2C7B226E616D6522D6
:1055D0003A226865617274626561745F72617465B4
:1055E0005F6D73222C226964223A3439322C227482
:1055F000797065223A2275696E743332222C2261E9
:105600006363657373223A227277227D2C7B226E4C
:10561000616D65223A22656E636F6465725F7261C7
:1056200074655F6D73222C226964223A3439332CFD
:105630002274797065223A2275696E743332222C95
:1056400022616363657373223A227277227D2C7B19
:10565000226E616D65223A226D6F746F725F6572A2
:10566000726F725F726174655F6D73222C22696460
:10567000223A3439342C2274797065223A227569C1
:105680006E743332222C22616363657373223A2273
:105690007277227D2C7B226E616D65223A22656EC7
:1056A000636F6465725F6572726F725F7261746559
:1056B0005F6D73222C226964223A3439352C2274AE
:1056C000797065223A2275696E743332222C226118
:1056D0006363657373223A227277227D2C7B226E7C
:1056E000616D65223A22636F6E74726F6C6C6572C5
:1056F0005F6572726F725F726174655F6D73222C89
:10570000226964223A3439362C2274797065223A3F
:105710002275696E743332222C2261636365737360
:10572000223A227277227D2C7B226E616D65223AAD
:105730002273656E736F726C6573735F6572726FDF
:10574000725F726174655F6D73222C226964223A04
:105750003439372C2274797065223A2275696E7457
:105760003332222C22616363657373223A2272778B
:10577000227D2C7B226E616D65223A22656E636FFD
:105780006465725F636F756E745F726174655F6D7F
:1057900073222C226964223A3439382C22747970AD
:1057A00065223A2275696E743332222C226163635A
:1057B000657373223A227277227D2C7B226E616D93
:1057C00065223A2269715F726174655F6D73222C84
:1057D000226964223A3439392C2274797065223A6C
:1057E0002275696E743332222C2261636365737390
:1057F000223A227277227D2C7B226E616D65223ADD
:105800002273656E736F726C6573735F726174651A
:105810005F6D73222C226964223A3530302C227459
:10582000797065223A2275696E743332222C2261B6
:105830006363657373223A227277227D2C7B226E1A
:10584000616D65223A226275735F76695F72617479
:10585000655F6D73222C226964223A3530312C2227
:1058600074797065223A2275696E743332222C2263
:10587000616363657373223A227277227D5D7D5D79
:105880007D2C7B226E616D65223A226D6F746F7282
:10589000222C2274797065223A226F626A656374E1
:1058A000222C226D656D62657273223A5B7B226EDB
:1058B000616D65223A226C6173745F6572726F72FA
:1058C0005F74696D65222C226964223A3530322C6E
:1058D0002274797065223A22666C6F6174222C22E0
:1058E000616363657373223A227277227D2C7B2277
:1058F0006E616D65223A226572726F72222C226986
:1059000064223A3530332C2274797065223A22753C
:10591000696E743634222C22616363657373223A94
:10592000227277227D2C7B226E616D65223A22697C
:10593000735F61726D6564222C226964223A35308E
:10594000342C2274797065223A22626F6F6C222C9B
:1059500022616363657373223A2272227D2C7B225B
:105960006E616D65223A2269735F63616C69627270
:1059700061746564222C226964223A3530352C2208
:1059800074797065223A22626F6F6C222C226163F7
:1059900063657373223A2272227D2C7B226E616DC5
:1059A00065223A2263757272656E745F6D6561730C
:1059B0005F706841222C226964223A3530362C22ED
:1059C00074797065223A22666C6F6174222C2261B0
:1059D0006363657373223A2272227D2C7B226E618F
:1059E0006D65223A2263757272656E745F6D6561D2
:1059F000735F706842222C226964223A3530372C5A
:105A00002274797065223A22666C6F6174222C22AE
:105A1000616363657373223A2272227D2C7B226E4E
:105A2000616D65223A2263757272656E745F6D6591
:105A300061735F706843222C226964223A353038E2
:105A40002C2274797065223A22666C6F6174222C64
:105A500022616363657373223A2272227D2C7B225A
:105A60006E616D65223A2244435F63616C69625FD7
:105A7000706841222C226964223A3530392C227414
:105A8000797065223A22666C6F6174222C22616300
:105A900063657373223A227277227D2C7B226E61BA
:105AA0006D65223A2244435F63616C69625F70688E
:105AB00042222C226964223A3531302C22747970CA
:105AC00065223A22666C6F6174222C2261636365E1
:105AD0007373223A227277227D2C7B226E616D6570
:105AE000223A2244435F63616C69625F70684322BB
:105AF0002C226964223A3531312C22747970652266
:105B00003A22666C6F6174222C2261636365737341
:105B1000223A227277227D2C7B226E616D65223AB9
:105B200022495F627573222C226964223A35313230
:105B30002C2274797065223A22666C6F6174222C73
:105B400022616363657373223A2272227D2C7B2269
:105B50006E616D65223A2270686173655F6375726C
:105B600072656E745F7265765F6761696E222C2262
:105B70006964223A3531332C2274797065223A22D5
:105B8000666C6F6174222C22616363657373223AC1
:105B9000227277227D2C7B226E616D65223A22650E
:105BA00066666563746976655F63757272656E7447
:105BB0005F6C696D222C226964223A3531342C22C3
:105BC00074797065223A22666C6F6174222C2261AE
:105BD0006363657373223A2272227D2C7B226E618D
:105BE0006D65223A226D61785F616C6C6F776564D8
:105BF0005F63757272656E74222C226964223A3575
:105C000031352C2274797065223A22666C6F61748A
:105C1000222C22616363657373223A2272227D2CE7
:105C20007B226E616D65223A226D61785F64635FED
:105C300063616C6962222C226964223A3531362C08
:105C40002274797065223A22666C6F6174222C226C
:105C5000616363657373223A2272227D2C7B226E0C
:105C6000616D65223A226665745F746865726D695C
:105C700073746F72222C2274797065223A226F62DB
:105C80006A656374222C226D656D62657273223AB7
:105C90005B7B226E616D65223A2274656D70657260
:105CA0006174757265222C226964223A3531372C71
:105CB0002274797065223A22666C6F6174222C22FC
:105CC000616363657373223A2272227D2C7B226E9C
:105CD000616D65223A22636F6E666967222C2274B9
:105CE000797065223A226F626A656374222C226D94
:105CF000656D62657273223A5B7B226E616D65220F
:105D00003A2274656D705F6C696D69745F6C6F7752
:105D10006572222C226964223A3531382C2274793A
:105D20007065223A22666C6F6174222C2261636373
:105D3000657373223A227277227D2C7B226E616D0D
:105D400065223A2274656D705F6C696D69745F7568
:105D500070706572222C226964223A3531392C2206
:105D600074797065223A22666C6F6174222C22610C
:105D70006363657373223A227277227D2C7B226ED5
:105D8000616D65223A22656E61626C6564222C2227
:105D90006964223A3532302C2274797065223A22B5
:105DA000626F6F6C222C22616363657373223A22E7
:105DB0007277227D5D7D5D7D2C7B226E616D65221B
:105DC0003A226D6F746F725F746865726D69737477
:105DD0006F72222C2274797065223A226F626A6592
:105DE0006374222C226D656D62657273223A5B7B4F
:105DF000226E616D65223A2274656D706572617400
:105E0000757265222C226964223A3532312C227453
:105E1000797065223A22666C6F6174222C2261636C
:105E200063657373223A2272227D2C7B226E616D30
:105E300065223A22636F6E666967222C227479703C
:105E400065223A226F626A656374222C226D656D49
:105E500062657273223A5B7B226E616D65223A2223
:105E60006770696F5F70696E222C226964223A350F
:105E700032322C2274797065223A2275696E74313F
:105E800036222C22616363657373223A2272772271
:105E90007D2C7B226E616D65223A22706F6C795F7A
:105EA000636F656666696369656E745F30222C2274
:105EB0006964223A3532332C2274797065223A2291
:105EC000666C6F6174222C22616363657373223A7E
:105ED000227277227D2C7B226E616D65223A2270C0
:105EE0006F6C795F636F656666696369656E745F21
:105EF00031222C226964223A3532342C2274797092
:105F000065223A22666C6F6174222C22616363659C
:105F10007373223A227277227D2C7B226E616D652B
:105F2000223A22706F6C795F636F65666669636998
:105F3000656E745F32222C226964223A3532352C28
:105F40002274797065223A22666C6F6174222C2269
:105F5000616363657373223A227277227D2C7B2200
:105F60006E616D65223A22706F6C795F636F656652
:105F700066696369656E745F33222C226964223A14
:105F80003532362C2274797065223A22666C6F6144
:105F900074222C22616363657373223A2272772222
:105FA0007D2C7B226E616D65223A2274656D705F77
:105FB0006C696D69745F6C6F776572222C226964FD
:105FC000223A3532372C2274797065223A22666C77
:105FD0006F6174222C22616363657373223A2272AB
:105FE00077227D2C7B226E616D65223A2274656D6D
:105FF000705F6C696D69745F7570706572222C22B8
:106000006964223A3532382C2274797065223A223A
:10601000666C6F6174222C22616363657373223A2C
:10602000227277227D2C7B226E616D65223A226579
:106030006E61626C6564222C226964223A353239C1
:106040002C2274797065223A22626F6F6C222C22A6
:10605000616363657373223A227277227D5D7D5D91
:106060007D2C7B226E616D65223A226375727265AA
:106070006E745F636F6E74726F6C222C2274797011
:1060800065223A226F626A656374222C226D656D07
:1060900062657273223A5B7B226E616D65223A22E1
:1060A000705F6761696E222C226964223A35333051
:1060B0002C2274797065223A22666C6F6174222CEE
:1060C00022616363657373223A2272227D2C7B22E4
:1060D0006E616D65223A22695F6761696E222C22CA
:1060E0006964223A3533312C2274797065223A2260
:1060F000666C6F6174222C22616363657373223A4C
:106100002272227D2C7B226E616D65223A22495FCC
:106110006D656173757265645F7265706F72745FCF
:1061200066696C7465725F6B222C226964223A3551
:1061300033322C2274797065223A22666C6F617456
:10614000222C22616363657373223A227277227D67
:106150002C7B226E616D65223A2249645F736574FF
:10616000706F696E74222C226964223A3533332CA5
:106170002274797065223A22666C6F6174222C2237
:10618000616363657373223A2272227D2C7B226ED7
:10619000616D65223A2249715F736574706F696E33
:1061A00074222C226964223A3533342C227479709B
:1061B00065223A22666C6F6174222C2261636365EA
:1061C0007373223A2272227D2C7B226E616D6522CE
:1061D0003A2256645F736574706F696E74222C2264
:1061E0006964223A3533352C2274797065223A225B
:1061F000666C6F6174222C22616363657373223A4B
:106200002272227D2C7B226E616D65223A225671AC
:106210005F736574706F696E74222C226964223A10
:106220003533362C2274797065223A22666C6F61A0
:1062300074222C22616363657373223A2272227D79
:106240002C7B226E616D65223A2270686173652233
:106250002C226964223A3533372C227479706522F6
:106260003A22666C6F6174222C22616363657373DA
:10627000223A2272227D2C7B226E616D65223A22A7
:1062800070686173655F76656C222C226964223ABE
:106290003533382C2274797065223A22666C6F612E
:1062A00074222C22616363657373223A2272227D09
:1062B0002C7B226E616D65223A2249616C706861A7
:1062C0005F6D65617375726564222C226964223A80
:1062D0003533392C2274797065223A22666C6F61ED
:1062E00074222C22616363657373223A2272227DC9
:1062F0002C7B226E616D65223A2249626574615F72
:106300006D65617375726564222C226964223A3569
:1063100034302C2274797065223A22666C6F617475
:10632000222C22616363657373223A2272227D2CD0
:106330007B226E616D65223A2249645F6D656173EF
:1063400075726564222C226964223A3534312C221C
:1063500074797065223A22666C6F6174222C226116
:106360006363657373223A2272227D2C7B226E61F5
:106370006D65223A2249715F6D656173757265645E
:10638000222C226964223A3534322C2274797065C9
:10639000223A22666C6F6174222C226163636573FA
:1063A00073223A2272227D2C7B226E616D65223A25
:1063B00022706F776572222C226964223A35343359
:1063C0002C2274797065223A22666C6F6174222CDB
:1063D00022616363657373223A2272227D2C7B22D1
:1063E0006E616D65223A22765F63757272656E74B6
:1063F0005F636F6E74726F6C5F696E7465677261F4
:106400006C5F64222C226964223A3534342C227465
:10641000797065223A22666C6F6174222C22616366
:1064200063657373223A227277227D2C7B226E6120
:106430006D65223A22765F63757272656E745F6372
:106440006F6E74726F6C5F696E74656772616C5F9A
:1064500071222C226964223A3534352C22747970E9
:1064600065223A22666C6F6174222C226163636537
:106470007373223A227277227D2C7B226E616D65C6
:10648000223A2266696E616C5F765F616C7068614A
:10649000222C226964223A3534362C2274797065B4
:1064A000223A22666C6F6174222C226163636573E9
:1064B00073223A2272227D2C7B226E616D65223A14
:1064C0002266696E616C5F765F62657461222C2260
:1064D0006964223A3534372C2274797065223A2265
:1064E000666C6F6174222C22616363657373223A58
:1064F0002272227D5D7D2C7B226E616D65223A22A7
:106500006E5F6576745F63757272656E745F6D65DC
:1065100061737572656D656E74222C226964223A0E
:106520003534382C2274797065223A2275696E747C
:106530003332222C22616363657373223A22722202
:106540007D2C7B226E616D65223A226E5F657674CA
:106550005F70776D5F757064617465222C22696469
:10656000223A3534392C2274797065223A227569C1
:106570006E743332222C22616363657373223A2274
:1065800072227D2C7B226E616D65223A22636F6ED2
:10659000666967222C2274797065223A226F626ADA
:1065A000656374222C226D656D62657273223A5B9D
:1065B0007B226E616D65223A227072655F63616C49
:1065C00069627261746564222C226964223A3535ED
:1065D000302C2274797065223A22626F6F6C222C03
:1065E00022616363657373223A227277227D2C7B6A
:1065F000226E616D65223A22706F6C655F70616911
:106600007273222C226964223A3535312C22747936
:106610007065223A22696E743332222C22616363E0
:10662000657373223A227277227D2C7B226E616D14
:1066300065223A2263616C6962726174696F6E5F90
:1066400063757272656E74222C226964223A353544
:10665000322C2274797065223A22666C6F61742242
:106660002C22616363657373223A227277227D2C38
:106670007B226E616D65223A227265736973746163
:106680006E63655F63616C69625F6D61785F766F91
:106690006C74616765222C226964223A3535332C8B
:1066A0002274797065223A22666C6F6174222C2202
:1066B000616363657373223A227277227D2C7B2299
:1066C0006E616D65223A2270686173655F696E6400
:1066D000756374616E6365222C226964223A3535D4
:1066E000342C2274797065223A22666C6F617422B0
:1066F0002C22616363657373223A227277227D2CA8
:106700007B226E616D65223A2270686173655F72EB
:106710006573697374616E6365222C226964223A21
:106720003535352C2274797065223A22666C6F619A
:1067300074222C22616363657373223A227277227A
:106740007D2C7B226E616D65223A22746F727175A9
:10675000655F636F6E7374616E74222C22696422AC
:106760003A3535362C2274797065223A22666C6F80
:106770006174222C22616363657373223A227277FB
:10678000227D2C7B226E616D65223A226D6F746FC3
:10679000725F74797065222C226964223A3535372C
:1067A0002C2274797065223A2275696E7438222C15
:1067B00022616363657373223A227277227D2C7B98
:1067C000226E616D65223A2263757272656E745F26
:1067D0006C696D222C226964223A3535382C22747A
:1067E000797065223A22666C6F6174222C22616393
:1067F00063657373223A227277227D2C7B226E614D
:106800006D65223A2263757272656E745F6C696D94
:106810005F6D617267696E222C226964223A353598
:10682000392C2274797065223A22666C6F61742269
:106830002C22616363657373223A227277227D2C66
:106840007B226E616D65223A22746F727175655F8D
:106850006C696D222C226964223A3536302C227400
:10686000797065223A22666C6F6174222C22616312
:1068700063657373223A227277227D2C7B226E61CC
:106880006D65223A22696E7665727465725F746511
:106890006D705F6C696D69745F6C6F776572222CC7
:1068A000226964223A3536312C2274797065223A95
:1068B00022666C6F6174222C22616363657373229C
:1068C0003A227277227D2C7B226E616D65223A22FC
:1068D000696E7665727465725F74656D705F6C6900
:1068E0006D69745F7570706572222C226964223A3A
:1068F0003536322C2274797065223A22666C6F61CB
:1069000074222C22616363657373223A22727722A8
:106910007D2C7B226E616D65223A227265717565F0
:10692000737465645F63757272656E745F72616EB5
:106930006765222C226964223A3536332C22747919
:106940007065223A22666C6F6174222C2261636347
:10695000657373223A227277227D2C7B226E616DE1
:1069600065223A2263757272656E745F636F6E742E
:10697000726F6C5F62616E647769647468222C2246
:106980006964223A3536342C2274797065223A22B1
:10699000666C6F6174222C22616363657373223AA3
:1069A000227277227D2C7B226E616D65223A2261F4
:1069B00063696D5F6761696E5F6D696E5F666C7557
:1069C00078222C226964223A3536352C227479706B
:1069D00065223A22666C6F6174222C2261636365C2
:1069E0007373223A227277227D2C7B226E616D6551
:1069F000223A226163696D5F6175746F666C7578A8
:106A00005F6D696E5F4964222C226964223A3536D3
:106A1000362C2274797065223A22666C6F6174227A
:106A20002C22616363657373223A227277227D2C74
:106A30007B226E616D65223A226163696D5F6175CB
:106A4000746F666C75785F656E61626C65222C226E
:106A50006964223A3536372C2274797065223A22DD
:106A6000626F6F6C222C22616363657373223A221A
:106A70007277227D2C7B226E616D65223A226163E2
:106A8000696D5F6175746F666C75785F6174746150
:106A9000636B5F6761696E222C226964223A353626
:106AA000382C2274797065223A22666C6F617422E8
:106AB0002C22616363657373223A227277227D2CE4
:106AC0007B226E616D65223A226163696D5F61753B
:106AD000746F666C75785F64656361795F6761691F
:106AE0006E222C226964223A3536392C2274797050
:106AF00065223A22666C6F6174222C2261636365A1
:106B00007373223A227277227D2C7B226E616D652F
:106B1000223A22525F774C5F46465F656E61626C37
:106B200065222C226964223A3537302C2274797020
:106B300065223A22626F6F6C222C22616363657357
:106B400073223A227277227D2C7B226E616D652240
:106B50003A2262454D465F46465F656E61626C65EE
:106B6000222C226964223A3537312C2274797065DF
:106B7000223A22626F6F6C222C2261636365737309
:106B8000223A227277227D2C7B226E616D65223A39
:106B900022495F6275735F686172645F6D696E221E
:106BA0002C226964223A3537322C2274797065229E
:106BB0003A22666C6F6174222C2261636365737381
:106BC000223A227277227D2C7B226E616D65223AF9
:106BD00022495F6275735F686172645F6D617822DC
:106BE0002C226964223A3537332C2274797065225D
:106BF0003A22666C6F6174222C2261636365737341
:106C0000223A227277227D2C7B226E616D65223AB8
:106C100022495F6C65616B5F6D6178222C2269642B
:106C2000223A3537342C2274797065223A22666C08
:106C30006F6174222C22616363657373223A22723E
:106C400077227D2C7B226E616D65223A2264635F20
:106C500063616C69625F746175222C226964223AF7
:106C60003537352C2274797065223A22666C6F6153
:106C700074222C22616363657373223A2272772235
:106C80007D5D7D5D7D2C7B226E616D65223A226388
:106C90006F6E74726F6C6C6572222C2274797065E1
:106CA000223A226F626A656374222C226D656D62DE
:106CB000657273223A5B7B226E616D65223A2265B2
:106CC00072726F72222C226964223A3537362C2276
:106CD00074797065223A2275696E7438222C2261AB
:106CE0006363657373223A227277227D2C7B226E56
:106CF000616D65223A226C6173745F6572726F72A6
:106D00005F74696D65222C226964223A3537372C0D
:106D10002274797065223A22666C6F6174222C228B
:106D2000616363657373223A227277227D2C7B2222
:106D30006E616D65223A22696E7075745F706F7353
:106D4000222C226964223A3537382C2274797065F6
:106D5000223A22666C6F6174222C22616363657330
:106D600073223A227277227D2C7B226E616D65221E
:106D70003A22696E7075745F76656C222C226964A4
:106D8000223A3537392C2274797065223A22666CA2
:106D90006F6174222C22616363657373223A2272DD
:106DA00077227D2C7B226E616D65223A22696E709E
:106DB00075745F746F72717565222C226964223A52
:106DC0003538302C2274797065223A22666C6F61F6
:106DD00074222C22616363657373223A22727722D4
:106DE0007D2C7B226E616D65223A22706F735F731A
:106DF0006574706F696E74222C226964223A35388A
:106E0000312C2274797065223A22666C6F6174228B
:106E10002C22616363657373223A2272227D2C7B7C
:106E2000226E616D65223A2276656C5F73657470BF
:106E30006F696E74222C226964223A3538322C2212
:106E400074797065223A22666C6F6174222C22611B
:106E50006363657373223A2272227D2C7B226E61FA
:106E60006D65223A22746F727175655F7365747017
:106E70006F696E74222C226964223A3538332C22D1
:106E800074797065223A22666C6F6174222C2261DB
:106E90006363657373223A2272227D2C7B226E61BA
:106EA0006D65223A227472616A6563746F72795FEC
:106EB000646F6E65222C226964223A3538342C22A4
:106EC00074797065223A22626F6F6C222C226163A2
:106ED00063657373223A2272227D2C7B226E616D70
:106EE00065223A2276656C5F696E746567726174BB
:106EF0006F725F746F72717565222C226964223A19
:106F00003538352C2274797065223A22666C6F61AF
:106F100074222C22616363657373223A2272772292
:106F20007D2C7B226E616D65223A22616E746963ED
:106F30006F6767696E675F76616C6964222C22698E
:106F400064223A3538362C2274797065223A2262EE
:106F50006F6F6C222C22616363657373223A227215
:106F600077227D2C7B226E616D65223A22617574D9
:106F70006F74756E696E675F7068617365222C222D
:106F80006964223A3538372C2274797065223A22A6
:106F9000666C6F6174222C22616363657373223A9D
:106FA000227277227D2C7B226E616D65223A2263EC
:106FB0006F6E666967222C2274797065223A226F9F
:106FC000626A656374222C226D656D62657273223C
:106FD0003A5B7B226E616D65223A226761696E5F62
:106FE0007363686564756C696E675F7769647468FC
:106FF000222C226964223A3538382C227479706543
:10700000223A22666C6F6174222C2261636365737D
:1070100073223A227277227D2C7B226E616D65226B
:107020003A22656E61626C655F76656C5F6C696D56
:107030006974222C226964223A3538392C227479F9
:107040007065223A22626F6F6C222C226163636545
:107050007373223A227277227D2C7B226E616D65DA
:10706000223A22656E61626C655F746F727175653C
:107070005F6D6F64655F76656C5F6C696D697422C6
:107080002C226964223A3539302C227479706522B9
:107090003A22626F6F6C222C2261636365737322E4
:1070A0003A227277227D2C7B226E616D65223A2214
:1070B000656E61626C655F6761696E5F7363686569
:1070C00064756C696E67222C226964223A35393105
:1070D0002C2274797065223A22626F6F6C222C2206
:1070E000616363657373223A227277227D2C7B225F
:1070F0006E616D65223A22656E61626C655F6F76C6
:10710000657273706565645F6572726F72222C229E
:107110006964223A3539322C2274797065223A2218
:10712000626F6F6C222C22616363657373223A2253
:107130007277227D2C7B226E616D65223A22636F0D
:107140006E74726F6C5F6D6F6465222C22696422AD
:107150003A3539332C2274797065223A2275696E7A
:107160007438222C22616363657373223A2272772A
:10717000227D2C7B226E616D65223A22696E7075CC
:10718000745F6D6F6465222C226964223A3539344C
:107190002C2274797065223A2275696E7438222C1B
:1071A00022616363657373223A227277227D2C7B9E
:1071B000226E616D65223A22706F735F6761696E3E
:1071C000222C226964223A3539352C227479706573
:1071D000223A22666C6F6174222C226163636573AC
:1071E00073223A227277227D2C7B226E616D65229A
:1071F0003A2276656C5F6761696E222C226964228F
:107200003A3539362C2274797065223A22666C6FD1
:107210006174222C22616363657373223A22727750
:10722000227D2C7B226E616D65223A2276656C5F31
:10723000696E7465677261746F725F6761696E22EF
:107240002C226964223A3539372C227479706522F0
:107250003A22666C6F6174222C22616363657373DA
:10726000223A227277227D2C7B226E616D65223A52
:107270002276656C5F696E7465677261746F725FA8
:107280006C696D6974222C226964223A3539382C74
:107290002274797065223A22666C6F6174222C2206
:1072A000616363657373223A227277227D2C7B229D
:1072B0006E616D65223A2276656C5F6C696D6974EA
:1072C000222C226964223A3539392C22747970656E
:1072D000223A22666C6F6174222C226163636573AB
:1072E00073223A227277227D2C7B226E616D652299
:1072F0003A2276656C5F6C696D69745F746F6C655A
:1073000072616E6365222C226964223A3630302C19
:107310002274797065223A22666C6F6174222C2285
:10732000616363657373223A227277227D2C7B221C
:107330006E616D65223A2276656C5F72616D705F79
:1073400072617465222C226964223A3630312C2213
:1073500074797065223A22666C6F6174222C226106
:107360006363657373223A227277227D2C7B226ECF
:10737000616D65223A22746F727175655F72616D1D
:10738000705F72617465222C226964223A36303251
:107390002C2274797065223A22666C6F6174222CFB
:1073A00022616363657373223A227277227D2C7B9C
:1073B000226E616D65223A2263697263756C617237
:1073C0005F736574706F696E7473222C2269642216
:1073D0003A3630332C2274797065223A22626F6F0C
:1073E0006C222C22616363657373223A22727722C6
:1073F0007D2C7B226E616D65223A22636972637512
:107400006C61725F736574706F696E745F72616EC8
:107410006765222C226964223A3630342C22747932
:107420007065223A22666C6F6174222C226163635C
:10743000657373223A227277227D2C7B226E616DF6
:1074400065223A2273746570735F7065725F636959
:107450007263756C61725F72616E6765222C22695E
:1074600064223A3630352C2274797065223A2269CA
:107470006E743332222C22616363657373223A2265
:107480007277227D2C7B226E616D65223A22686FB5
:107490006D696E675F7370656564222C2269642272
:1074A0003A3630362C2274797065223A22666C6F37
:1074B0006174222C22616363657373223A227277AE
:1074C000227D2C7B226E616D65223A22696E657287
:1074D000746961222C226964223A3630372C227476
:1074E000797065223A22666C6F6174222C22616386
:1074F00063657373223A227277227D2C7B226E6140
:107500006D65223A22617869735F746F5F6D69728D
:10751000726F72222C226964223A3630382C22741F
:10752000797065223A2275696E7438222C22616363
:1075300063657373223A227277227D2C7B226E61FF
:107540006D65223A226D6972726F725F7261746941
:107550006F222C226964223A3630392C22747970D9
:1075600065223A22666C6F6174222C226163636526
:107570007373223A227277227D2C7B226E616D65B5
:10758000223A22746F727175655F6D6972726F72E3
:107590005F726174696F222C226964223A3631303D
:1075A0002C2274797065223A22666C6F6174222CE9
:1075B00022616363657373223A227277227D2C7B8A
:1075C000226E616D65223A226C6F61645F656E6345
:1075D0006F6465725F61786973222C226964223A54
:1075E0003631312C2274797065223A2275696E74B5
:1075F00038222C22616363657373223A22727722E8
:107600007D2C7B226E616D65223A22696E707574E5
:107610005F66696C7465725F62616E6477696474D9
:1076200068222C226964223A3631322C2274797015
:1076300065223A22666C6F6174222C226163636555
:107640007373223A227277227D2C7B226E616D65E4
:10765000223A22616E7469636F6767696E67222CD4
:107660002274797065223A226F626A656374222CF3
:10767000226D656D62657273223A5B7B226E616D6D
:1076800065223A22696E646578222C226964223A66
:107690003631332C2274797065223A2275696E7402
:1076A0003332222C22616363657373223A22722281
:1076B0007D2C7B226E616D65223A227072655F635C
:1076C000616C69627261746564222C226964223A79
:1076D0003631342C2274797065223A22626F6F6CD5
:1076E000222C22616363657373223A227277227DB2
:1076F0002C7B226E616D65223A2263616C69625F48
:10770000616E7469636F6767696E67222C226964B2
:10771000223A3631352C2274797065223A22626F12
:107720006F6C222C22616363657373223A2272228A
:107730007D2C7B226E616D65223A2263616C6962E9
:107740005F706F735F7468726573686F6C64222C0E
:10775000226964223A3631362C2274797065223AD5
:1077600022666C6F6174222C2261636365737322DD
:107770003A227277227D2C7B226E616D65223A223D
:1077800063616C69625F76656C5F7468726573686B
:107790006F6C64222C226964223A3631372C2274B1
:1077A000797065223A22666C6F6174222C226163C3
:1077B00063657373223A227277227D2C7B226E617D
:1077C0006D65223A22636F6767696E675F726174E5
:1077D000696F222C226964223A3631382C2274795E
:1077E0007065223A22666C6F6174222C2261636399
:1077F000657373223A2272227D2C7B226E616D6545
:10780000223A22616E7469636F6767696E675F65AC
:107810006E61626C6564222C226964223A363139C9
:107820002C2274797065223A22626F6F6C222C22AE
:10783000616363657373223A227277227D5D7D2CCA
:107840007B226E616D65223A226D656368616E69A7
:1078500063616C5F706F7765725F62616E64776998
:10786000647468222C226964223A3632302C2274E5
:10787000797065223A22666C6F6174222C226163F2
:1078800063657373223A227277227D2C7B226E61AC
:107890006D65223A22656C656374726963616C5F21
:1078A000706F7765725F62616E6477696474682275
:1078B0002C226964223A3632312C22747970652286
:1078C0003A22666C6F6174222C2261636365737364
:1078D000223A227277227D2C7B226E616D65223ADC
:1078E000227370696E6F75745F6D656368616E6930
:1078F00063616C5F706F7765725F746872657368DF
:107900006F6C64222C226964223A3632322C227443
:10791000797065223A22666C6F6174222C22616351
:1079200063657373223A227277227D2C7B226E610B
:107930006D65223A227370696E6F75745F656C6550
:107940006374726963616C5F706F7765725F74688E
:10795000726573686F6C64222C226964223A363235
:10796000332C2274797065223A22666C6F6174221E
:107970002C22616363657373223A227277227D5DE4
:107980007D2C7B226E616D65223A226175746F7465
:10799000756E696E67222C2274797065223A226FA7
:1079A000626A656374222C226D656D626572732252
:1079B0003A5B7B226E616D65223A22667265717553
:1079C000656E6379222C226964223A3632342C2285
:1079D00074797065223A22666C6F6174222C226180
:1079E0006363657373223A227277227D2C7B226E49
:1079F000616D65223A22706F735F616D706C69749E
:107A0000756465222C226964223A3632352C227440
:107A1000797065223A22666C6F6174222C22616350
:107A200063657373223A227277227D2C7B226E610A
:107A30006D65223A2276656C5F616D706C69747554
:107A40006465222C226964223A3632362C227479FB
:107A50007065223A22666C6F6174222C2261636326
:107A6000657373223A227277227D2C7B226E616DC0
:107A700065223A22746F727175655F616D706C6911
:107A800074756465222C226964223A3632372C22BE
:107A900074797065223A22666C6F6174222C2261BF
:107AA0006363657373223A227277227D5D7D2C7B3E
:107AB000226E616D65223A226D656368616E69634D
:107AC000616C5F706F776572222C226964223A368E
:107AD00032382C2274797065223A22666C6F617498
:107AE000222C22616363657373223A2272227D2CF9
:107AF0007B226E616D65223A22656C6563747269E2
:107B000063616C5F706F776572222C226964223A20
:107B10003632392C2274797065223A22666C6F6194
:107B200074222C22616363657373223A2272227D70
:107B30002C7B226E616D65223A226D6F76655F69DE
:107B40006E6372656D656E74616C222C22696422AD
:107B50003A3633302C2274797065223A2266756E7B
:107B60006374696F6E222C22696E70757473223A89
:107B70005B7B226E616D65223A22646973706C6171
:107B800063656D656E74222C226964223A36333146
:107B90002C2274797065223A22666C6F6174222CF3
:107BA00022616363657373223A227277227D2C7B94
:107BB000226E616D65223A2266726F6D5F696E702A
:107BC00075745F706F73222C226964223A363332E7
:107BD0002C2274797065223A22626F6F6C222C22FB
:107BE000616363657373223A227277227D5D2C2272
:107BF0006F757470757473223A5B5D7D2C7B226E99
:107C0000616D65223A2273746172745F616E74698A
:107C1000636F6767696E675F63616C6962726174E5
:107C2000696F6E222C226964223A3633332C227417
:107C3000797065223A2266756E6374696F6E222CC4
:107C400022696E70757473223A5B5D2C226F7574B5
:107C500070757473223A5B5D7D2C7B226E616D655D
:107C6000223A2272656D6F76655F616E7469636F2B
:107C70006767696E675F62696173222C226964229B
:107C80003A3633342C2274797065223A2266756E46
:107C90006374696F6E222C22696E70757473223A58
:107CA0005B5D2C226F757470757473223A5B7B2256
:107CB0006E616D65223A2276616C222C2269642203
:107CC0003A3633352C2274797065223A22666C6F0D
:107CD0006174222C22616363657373223A227222DB
:107CE0007D5D7D2C7B226E616D65223A2267657415
:107CF0005F616E7469636F6767696E675F76616CF9
:107D00007565222C226964223A3633362C22747926
:107D10007065223A2266756E6374696F6E222C223A
:107D2000696E70757473223A5B7B226E616D652299
:107D30003A22696E646578222C226964223A3633CD
:107D4000372C2274797065223A2275696E74333249
:107D5000222C22616363657373223A227277227D3B
:107D60005D2C226F757470757473223A5B7B226E82
:107D7000616D65223A2276616C222C226964223A76
:107D80003633382C2274797065223A22666C6F6122
:107D900074222C22616363657373223A2272227DFE
:107DA0005D7D5D7D2C7B226E616D65223A22656E64
:107DB000636F646572222C2274797065223A226F97
:107DC000626A656374222C226D656D62657273222E
:107DD0003A5B7B226E616D65223A226572726F7228
:107DE000222C226964223A3633392C227479706548
:107DF000223A2275696E743136222C2261636365E2
:107E00007373223A227277227D2C7B226E616D651C
:107E1000223A2269735F7265616479222C22696457
:107E2000223A3634302C2274797065223A22626FFD
:107E30006F6C222C22616363657373223A22722273
:107E40007D2C7B226E616D65223A22696E646578B5
:107E50005F666F756E64222C226964223A36343173
:107E60002C2274797065223A22626F6F6C222C2268
:107E7000616363657373223A2272227D2C7B226ECA
:107E8000616D65223A22736861646F775F636F7515
:107E90006E74222C226964223A3634322C22747990
:107EA0007065223A22696E743332222C2261636338
:107EB000657373223A2272227D2C7B226E616D657E
:107EC000223A22636F756E745F696E5F637072220F
:107ED0002C226964223A3634332C2274797065225C
:107EE0003A22696E743332222C22616363657373A4
:107EF000223A2272227D2C7B226E616D65223A220B
:107F0000696E746572706F6C6174696F6E222C2279
:107F10006964223A3634342C2274797065223A220C
:107F2000666C6F6174222C22616363657373223AFD
:107F30002272227D2C7B226E616D65223A2270684E
:107F4000617365222C226964223A3634352C2274FE
:107F5000797065223A22666C6F6174222C2261630B
:107F600063657373223A2272227D2C7B226E616DCF
:107F700065223A22706F735F657374696D61746511
:107F8000222C226964223A3634362C2274797065A8
:107F9000223A22666C6F6174222C226163636573DE
:107FA00073223A2272227D2C7B226E616D65223A09
:107FB00022706F735F657374696D6174655F636F61
:107FC000756E7473222C226964223A3634372C225F
:107FD00074797065223A22666C6F6174222C22617A
:107FE0006363657373223A2272227D2C7B226E6159
:107FF0006D65223A22706F735F63697263756C619D
:1080000072222C226964223A3634382C2274797018
:1080100065223A22666C6F6174222C22616363656B
:108020007373223A2272227D2C7B226E616D65224F
:108030003A22706F735F6370725F636F756E7473F3
:10804000222C226964223A3634392C2274797065E4
:10805000223A22666C6F6174222C2261636365731D
:1080600073223A2272227D2C7B226E616D65223A48
:108070002264656C74615F706F735F6370725F63BD
:108080006F756E7473222C226964223A3635302C57
:108090002274797065223A22666C6F6174222C22F8
:1080A000616363657373223A2272227D2C7B226E98
:1080B000616D65223A2268616C6C5F7374617465EE
:1080C000222C226964223A3635312C22747970656B
:1080D000223A2275696E7438222C226163636573BB
:1080E00073223A2272227D2C7B226E616D65223AC8
:1080F0002276656C5F657374696D617465222C22EC
:108100006964223A3635322C2274797065223A221B
:10811000666C6F6174222C22616363657373223A0B
:108120002272227D2C7B226E616D65223A22766559
:108130006C5F657374696D6174655F636F756E7490
:1081400073222C226964223A3635332C22747970DA
:1081500065223A22666C6F6174222C22616363652A
:108160007373223A2272227D2C7B226E616D65220E
:108170003A2263616C69625F7363616E5F726573FB
:10818000706F6E7365222C226964223A3635342C66
:108190002274797065223A22666C6F6174222C22F7
:1081A000616363657373223A2272227D2C7B226E97
:1081B000616D65223A22706F735F616273222C22B7
:1081C0006964223A3635352C2274797065223A2258
:1081D000696E743332222C22616363657373223AB1
:1081E000227277227D2C7B226E616D65223A22738A
:1081F00070695F6572726F725F72617465222C22A2
:108200006964223A3635362C2274797065223A2216
:10821000666C6F6174222C22616363657373223A0A
:108220002272227D2C7B226E616D65223A22636F61
:108230006E666967222C2274797065223A226F6219
:108240006A656374222C226D656D62657273223AD1
:108250005B7B226E616D65223A226D6F6465222C14
:10826000226964223A3635372C2274797065223AB5
:108270002275696E743136222C22616363657373D3
:10828000223A227277227D2C7B226E616D65223A22
:10829000227573655F696E646578222C2269642299
:1082A0003A3635382C2274797065223A22626F6F23
:1082B0006C222C22616363657373223A22727722E7
:1082C0007D2C7B226E616D65223A22696E64657831
:1082D0005F6F6666736574222C226964223A3635B4
:1082E000392C2274797065223A22666C6F6174228F
:1082F0002C22616363657373223A227277227D2C8C
:108300007B226E616D65223A227573655F696E64CA
:1083100065785F6F6666736574222C226964223A01
:108320003636302C2274797065223A22626F6F6C77
:10833000222C22616363657373223A227277227D55
:108340002C7B226E616D65223A2266696E645F69DC
:1083500064785F6F6E5F6C6F636B696E5F6F6E6C7E
:1083600079222C226964223A3636312C22747970B3
:1083700065223A22626F6F6C222C226163636573FF
:1083800073223A227277227D2C7B226E616D6522E8
:108390003A226162735F7370695F63735F677069CC
:1083A0006F5F70696E222C226964223A3636322C55
:1083B0002274797065223A2275696E743136222CE6
:1083C00022616363657373223A227277227D2C7B6C
:1083D000226E616D65223A22637072222C226964DA
:1083E000223A3636332C2274797065223A22696E2D
:1083F000743332222C22616363657373223A2272D2
:1084000077227D2C7B226E616D65223A2270686135
:1084100073655F6F6666736574222C226964223A05
:108420003636342C2274797065223A22696E7433A0
:1084300032222C22616363657373223A227277229F
:108440007D2C7B226E616D65223A227068617365B6
:108450005F6F66667365745F666C6F6174222C2251
:108460006964223A3636352C2274797065223A22B4
:10847000666C6F6174222C22616363657373223AA8
:10848000227277227D2C7B226E616D65223A2264F6
:108490006972656374696F6E222C226964223A36B0
:1084A00036362C2274797065223A22696E74333222
:1084B000222C22616363657373223A227277227DD4
:1084C0002C7B226E616D65223A227072655F63615A
:1084D0006C69627261746564222C226964223A3686
:1084E00036372C2274797065223A22626F6F6C22C3
:1084F0002C22616363657373223A227277227D2C8A
:108500007B226E616D65223A22656E61626C655FE9
:1085100070686173655F696E746572706F6C6174A9
:10852000696F6E222C226964223A3636382C227406
:10853000797065223A22626F6F6C222C226163632C
:10854000657373223A227277227D2C7B226E616DD5
:1085500065223A2262616E647769647468222C2213
:108560006964223A3636392C2274797065223A22AF
:10857000666C6F6174222C22616363657373223AA7
:10858000227277227D2C7B226E616D65223A2263F6
:10859000616C69625F72616E6765222C2269642278
:1085A0003A3637302C2274797065223A22666C6F25
:1085B0006174222C22616363657373223A2272779D
:1085C000227D2C7B226E616D65223A2263616C698B
:1085D000625F7363616E5F64697374616E63652269
:1085E0002C226964223A3637312C22747970652244
:1085F0003A22666C6F6174222C2261636365737327
:10860000223A227277227D2C7B226E616D65223A9E
:108610002263616C69625F7363616E5F6F6D656732
:1086200061222C226964223A3637322C2274797006
:1086300065223A22666C6F6174222C226163636545
:108640007373223A227277227D2C7B226E616D65D4
:10865000223A2269676E6F72655F696C6C6567614B
:108660006C5F68616C6C5F7374617465222C226945
:1086700064223A3637332C2274797065223A2262AA
:108680006F6F6C222C22616363657373223A2272CE
:1086900077227D2C7B226E616D65223A2268616CA7
:1086A0006C5F706F6C6172697479222C226964222C
:1086B0003A3637342C2274797065223A2275696E05
:1086C0007438222C22616363657373223A227277B5
:1086D000227D2C7B226E616D65223A2268616C6C72
:1086E0005F706F6C61726974795F63616C696272EB
:1086F00061746564222C226964223A3637352C2253
:1087000074797065223A22626F6F6C222C22616349
:1087100063657373223A227277227D2C7B226E610D
:108720006D65223A2273696E636F735F6770696F5C
:108730005F70696E5F73696E222C226964223A361B
:1087400037362C2274797065223A2275696E74313D
:1087500036222C22616363657373223A2272772278
:108760007D2C7B226E616D65223A2273696E636F88
:10877000735F6770696F5F70696E5F636F73222CE0
:10878000226964223A3637372C2274797065223A8E
:108790002275696E743136222C22616363657373AE
:1087A000223A227277227D5D7D2C7B226E616D657F
:1087B000223A227365745F6C696E6561725F636FE4
:1087C000756E74222C226964223A3637382C227452
:1087D000797065223A2266756E6374696F6E222C19
:1087E00022696E70757473223A5B7B226E616D65CF
:1087F000223A22636F756E74222C226964223A3603
:1088000037392C2274797065223A22696E743332BA
:10881000222C22616363657373223A227277227D70
:108820005D2C226F757470757473223A5B5D7D5D8B
:108830007D2C7B226E616D65223A226163696D5FDA
:10884000657374696D61746F72222C22747970651E
:10885000223A226F626A656374222C226D656D6212
:10886000657273223A5B7B226E616D65223A2272D9
:108870006F746F725F666C7578222C226964223A7D
:108880003638302C2274797065223A22666C6F611A
:1088900074222C22616363657373223A2272227DF3
:1088A0002C7B226E616D65223A22736C69705F7653
:1088B000656C222C226964223A3638312C22747974
:1088C0007065223A22666C6F6174222C22616363A8
:1088D000657373223A2272227D2C7B226E616D6554
:1088E000223A2270686173655F6F666673657422F1
:1088F0002C226964223A3638322C2274797065222F
:108900003A22666C6F6174222C2261636365737313
:10891000223A2272227D2C7B226E616D65223A22E0
:10892000737461746F725F70686173655F76656C94
:10893000222C226964223A3638332C2274797065ED
:10894000223A22666C6F6174222C22616363657324
:1089500073223A2272227D2C7B226E616D65223A4F
:1089600022737461746F725F7068617365222C2268
:108970006964223A3638342C2274797065223A229E
:10898000666C6F6174222C22616363657373223A93
:108990002272227D2C7B226E616D65223A22636FEA
:1089A0006E666967222C2274797065223A226F62A2
:1089B0006A656374222C226D656D62657273223A5A
:1089C0005B7B226E616D65223A22736C69705F7603
:1089D000656C6F63697479222C226964223A363897
:1089E000352C2274797065223A22666C6F6174228C
:1089F0002C22616363657373223A227277227D5D54
:108A00007D5D7D2C7B226E616D65223A2273656EE1
:108A1000736F726C6573735F657374696D61746F86
:108A200072222C2274797065223A226F626A656321
:108A300074222C226D656D62657273223A5B7B2213
:108A40006E616D65223A226572726F72222C226904
:108A500064223A3638362C2274797065223A2275AF
:108A6000696E7438222C22616363657373223A2223
:108A70007277227D2C7B226E616D65223A227068AE
:108A8000617365222C226964223A3638372C2274AD
:108A9000797065223A22666C6F6174222C226163C0
:108AA00063657373223A2272227D2C7B226E616D84
:108AB00065223A22706C6C5F706F73222C2269649D
:108AC000223A3638382C2274797065223A22666C44
:108AD0006F6174222C22616363657373223A227280
:108AE000227D2C7B226E616D65223A227068617353
:108AF000655F76656C222C226964223A3638392CFF
:108B00002274797065223A22666C6F6174222C227D
:108B1000616363657373223A2272227D2C7B226E1D
:108B2000616D65223A2276656C5F657374696D616B
:108B30007465222C226964223A3639302C227479E9
:108B40007065223A22666C6F6174222C2261636325
:108B5000657373223A2272227D2C7B226E616D65D1
:108B6000223A22636F6E666967222C2274797065DF
:108B7000223A226F626A656374222C226D656D62EF
:108B8000657273223A5B7B226E616D65223A226FB9
:108B9000627365727665725F6761696E222C226905
:108BA00064223A3639312C2274797065223A226671
:108BB0006C6F6174222C22616363657373223A22A5
:108BC0007277227D2C7B226E616D65223A22706C59
:108BD0006C5F62616E647769647468222C226964D8
:108BE000223A3639322C2274797065223A22666C28
:108BF0006F6174222C22616363657373223A22725F
:108C000077227D2C7B226E616D65223A22706D5F2A
:108C1000666C75785F6C696E6B616765222C226982
:108C200064223A3639332C2274797065223A2266EE
:108C30006C6F6174222C22616363657373223A2224
:108C40007277227D5D7D5D7D2C7B226E616D65225C
:108C50003A22747261705F7472616A222C22747994
:108C60007065223A226F626A656374222C226D65F8
:108C70006D62657273223A5B7B226E616D65223A8A
:108C800022636F6E666967222C2274797065223ABE
:108C9000226F626A656374222C226D656D62657253
:108CA00073223A5B7B226E616D65223A2276656C97
:108CB0005F6C696D6974222C226964223A363934FA
:108CC0002C2274797065223A22666C6F6174222CB2
:108CD00022616363657373223A227277227D2C7B53
:108CE000226E616D65223A22616363656C5F6C6917
:108CF0006D6974222C226964223A3639352C22742B
:108D0000797065223A22666C6F6174222C2261634D
:108D100063657373223A227277227D2C7B226E6107
:108D20006D65223A22646563656C5F6C696D697478
:108D3000222C226964223A3639362C2274797065E5
:108D4000223A22666C6F6174222C22616363657320
:108D500073223A227277227D5D7D5D7D2C7B226EAF
:108D6000616D65223A226D696E5F656E6473746F22
:108D700070222C2274797065223A226F626A6563D0
:108D800074222C226D656D62657273223A5B7B22C0
:108D90006E616D65223A22656E6473746F705F73E5
:108DA00074617465222C226964223A3639372C2288
:108DB00074797065223A22626F6F6C222C22616393
:108DC00063657373223A2272227D2C7B226E616D61
:108DD00065223A22636F6E666967222C227479706D
:108DE00065223A226F626A656374222C226D656D7A
:108DF00062657273223A5B7B226E616D65223A2254
:108E00006770696F5F6E756D222C226964223A3635
:108E100039382C2274797065223A2275696E743162
:108E200036222C22616363657373223A22727722A1
:108E30007D2C7B226E616D65223A22656E61626CCB
:108E40006564222C226964223A3639392C227479DD
:108E50007065223A22626F6F6C222C226163636517
:108E60007373223A227277227D2C7B226E616D65AC
:108E7000223A226F6666736574222C226964223A54
:108E80003730302C2274797065223A22666C6F611B
:108E900074222C22616363657373223A22727722F3
:108EA0007D2C7B226E616D65223A2269735F61635E
:108EB000746976655F68696768222C226964223A62
:108EC0003730312C2274797065223A22626F6F6CD0
:108ED000222C22616363657373223A227277227DAA
:108EE0002C7B226E616D65223A226465626F756E1D
:108EF00063655F6D73222C226964223A3730322C0D
:108F00002274797065223A2275696E743332222C8C
:108F100022616363657373223A227277227D5D7DDD
:108F20005D7D2C7B226E616D65223A226D61785FDA
:108F3000656E6473746F70222C2274797065223AA6
:108F4000226F626A656374222C226D656D626572A0
:108F500073223A5B7B226E616D65223A22656E64F4
:108F600073746F705F7374617465222C226964225C
:108F70003A3730332C2274797065223A22626F6F4F
:108F80006C222C22616363657373223A2272227D04
:108F90002C7B226E616D65223A22636F6E66696773
:108FA000222C2274797065223A226F626A6563749A
:108FB000222C226D656D62657273223A5B7B226E94
:108FC000616D65223A226770696F5F6E756D222C44
:108FD000226964223A3730342C2274797065223A3F
:108FE0002275696E743136222C2261636365737356
:108FF000223A227277227D2C7B226E616D65223AA5
:1090000022656E61626C6564222C226964223A37A3
:1090100030352C2274797065223A22626F6F6C228F
:109020002C22616363657373223A227277227D2C4E
:109030007B226E616D65223A226F666673657422CB
:109040002C226964223A3730362C227479706522DA
:109050003A22666C6F6174222C22616363657373BC
:10906000223A227277227D2C7B226E616D65223A34
:109070002269735F6163746976655F6869676822F6
:109080002C226964223A3730372C22747970652299
:109090003A22626F6F6C222C2261636365737322C4
:1090A0003A227277227D2C7B226E616D65223A22F4
:1090B0006465626F756E63655F6D73222C226964EF
:1090C000223A3730382C2274797065223A22756939
:1090D0006E743332222C22616363657373223A22E9
:1090E0007277227D5D7D5D7D2C7B226E616D6522B8
:1090F0003A226D656368616E6963616C5F6272617B
:109100006B65222C2274797065223A226F626A653F
:109110006374222C226D656D62657273223A5B7BEB
:10912000226E616D65223A22636F6E666967222C3A
:109130002274797065223A226F626A656374222C08
:10914000226D656D62657273223A5B7B226E616D82
:1091500065223A226770696F5F6E756D222C2269F5
:1091600064223A3730392C2274797065223A22759C
:10917000696E743136222C22616363657373223AFF
:10918000227277227D2C7B226E616D65223A2269E4
:10919000735F6163746976655F6C6F77222C2269F7
:1091A00064223A3731302C2274797065223A226277
:1091B0006F6F6C222C22616363657373223A227293
:1091C00077227D5D7D2C7B226E616D65223A226562
:1091D0006E67616765222C226964223A3731312C2F
:1091E0002274797065223A2266756E6374696F6EB7
:1091F000222C22696E70757473223A5B5D2C226F8B
:10920000757470757473223A5B5D7D2C7B226E6180
:109210006D65223A2272656C65617365222C226944
:1092200064223A3731322C2274797065223A2266F0
:10923000756E6374696F6E222C22696E707574731B
:10924000223A5B5D2C226F757470757473223A5BE1
:109250005D7D5D7D2C7B226E616D65223A2274619D
:10926000736B5F74696D6573222C2274797065224B
:109270003A226F626A656374222C226D656D6265A5
:109280007273223A5B7B226E616D65223A227468AA
:1092900065726D6973746F725F7570646174652255
:1092A0002C2274797065223A226F626A6563742297
:1092B0002C226D656D62657273223A5B7B226E6152
:1092C0006D65223A2273746172745F74696D6522F0
:1092D0002C226964223A3731332C2274797065224A
:1092E0003A2275696E743332222C2261636365738E
:1092F00073223A2272227D2C7B226E616D65223AA6
:1093000022656E645F74696D65222C226964223A5D
:109310003731342C2274797065223A2275696E7463
:109320003332222C22616363657373223A227222E4
:109330007D2C7B226E616D65223A226C656E6774AE
:1093400068222C226964223A3731352C22747970D4
:1093500065223A2275696E743332222C226163636E
:10936000657373223A2272227D2C7B226E616D65B9
:10937000223A226D61785F6C656E677468222C22D8
:109380006964223A3731362C2274797065223A2288
:1093900075696E743332222C2261636365737322A4
:1093A0003A227277227D5D7D2C7B226E616D652273
:1093B0003A22656E636F6465725F7570646174658F
:1093C000222C2274797065223A226F626A65637476
:1093D000222C226D656D62657273223A5B7B226E70
:1093E000616D65223A2273746172745F74696D6590
:1093F000222C226964223A3731372C227479706525
:10940000223A2275696E743332222C2261636365BD
:109410007373223A2272227D2C7B226E616D65224B
:109420003A22656E645F74696D65222C226964223C
:109430003A3731382C2274797065223A2275696E78
:10944000743332222C22616363657373223A227271
:10945000227D2C7B226E616D65223A226C656E67DF
:109460007468222C226964223A3731392C227479AB
:109470007065223A2275696E743332222C22616340
:1094800063657373223A2272227D2C7B226E616D9A
:1094900065223A226D61785F6C656E677468222C74
:1094A000226964223A3732302C2274797065223A6C
:1094B0002275696E743332222C2261636365737383
:1094C000223A227277227D5D7D2C7B226E616D6552
:1094D000223A2273656E736F726C6573735F657386
:1094E00074696D61746F725F757064617465222C4C
:1094F0002274797065223A226F626A656374222C45
:10950000226D656D62657273223A5B7B226E616DBE
:1095100065223A2273746172745F74696D65222CDE
:10952000226964223A3732312C2274797065223AEA
:109530002275696E743332222C2261636365737302
:10954000223A2272227D2C7B226E616D65223A22A4
:10955000656E645F74696D65222C226964223A37F6
:1095600032322C2274797065223A2275696E743316
:1095700032222C22616363657373223A2272227D48
:109580002C7B226E616D65223A226C656E67746871
:10959000222C226964223A3732332C227479706586
:1095A000223A2275696E743332222C22616363651C
:1095B0007373223A2272227D2C7B226E616D6522AA
:1095C0003A226D61785F6C656E677468222C22693F
:1095D00064223A3732342C2274797065223A22752B
:1095E000696E743332222C22616363657373223A8D
:1095F000227277227D5D7D2C7B226E616D65223A21
:1096000022656E6473746F705F7570646174652237
:109610002C2274797065223A226F626A6563742223
:109620002C226D656D62657273223A5B7B226E61DE
:109630006D65223A2273746172745F74696D65227C
:109640002C226964223A3732352C227479706522D3
:109650003A2275696E743332222C2261636365731A
:1096600073223A2272227D2C7B226E616D65223A32
:1096700022656E645F74696D65222C226964223AEA
:109680003732362C2274797065223A2275696E74ED
:109690003332222C22616363657373223A22722271
:1096A0007D2C7B226E616D65223A226C656E67743B
:1096B00068222C226964223A3732372C227479705E
:1096C00065223A2275696E743332222C22616363FB
:1096D000657373223A2272227D2C7B226E616D6546
:1096E000223A226D61785F6C656E677468222C2265
:1096F0006964223A3732382C2274797065223A2212
:1097000075696E743332222C226163636573732230
:109710003A227277227D5D7D2C7B226E616D6522FF
:109720003A2263616E5F686561727462656174227A
:109730002C2274797065223A226F626A6563742202
:109740002C226D656D62657273223A5B7B226E61BD
:109750006D65223A2273746172745F74696D65225B
:109760002C226964223A3732392C227479706522AE
:109770003A2275696E743332222C226163636573F9
:1097800073223A2272227D2C7B226E616D65223A11
:1097900022656E645F74696D65222C226964223AC9
:1097A0003733302C2274797065223A2275696E74D1
:1097B0003332222C22616363657373223A22722250
:1097C0007D2C7B226E616D65223A226C656E67741A
:1097D00068222C226964223A3733312C2274797042
:1097E00065223A2275696E743332222C22616363DA
:1097F000657373223A2272227D2C7B226E616D6525
:10980000223A226D61785F6C656E677468222C2243
:109810006964223A3733322C2274797065223A22F5
:1098200075696E743332222C22616363657373220F
:109830003A227277227D5D7D2C7B226E616D6522DE
:109840003A22636F6E74726F6C6C65725F757064D0
:10985000617465222C2274797065223A226F626AE3
:10986000656374222C226D656D62657273223A5BAA
:109870007B226E616D65223A2273746172745F742B
:10988000696D65222C226964223A3733332C2274A5
:10989000797065223A2275696E743332222C226106
:1098A0006363657373223A2272227D2C7B226E6180
:1098B0006D65223A22656E645F74696D65222C22A3
:1098C0006964223A3733342C2274797065223A2243
:1098D00075696E743332222C22616363657373225F
:1098E0003A2272227D2C7B226E616D65223A226CB7
:1098F000656E677468222C226964223A3733352CEE
:109900002274797065223A2275696E743332222C82
:1099100022616363657373223A2272227D2C7B225B
:109920006E616D65223A226D61785F6C656E677459
:1099300068222C226964223A3733362C22747970DB
:1099400065223A2275696E743332222C2261636378
:10995000657373223A227277227D5D7D2C7B226EA5
:10996000616D65223A226F70656E5F6C6F6F705F1C
:10997000636F6E74726F6C6C65725F757064617426
:1099800065222C2274797065223A226F626A6563BF
:1099900074222C226D656D62657273223A5B7B22A4
:1099A0006E616D65223A2273746172745F74696DC1
:1099B00065222C226964223A3733372C227479705D
:1099C00065223A2275696E743332222C22616363F8
:1099D000657373223A2272227D2C7B226E616D6543
:1099E000223A22656E645F74696D65222C22696477
:1099F000223A3733382C2274797065223A227569FD
:109A00006E743332222C22616363657373223A22AF
:109A100072227D2C7B226E616D65223A226C656E0E
:109A2000677468222C226964223A3733392C2274F5
:109A3000797065223A2275696E743332222C226164
:109A40006363657373223A2272227D2C7B226E61DE
:109A50006D65223A226D61785F6C656E677468226D
:109A60002C226964223A3734302C227479706522B2
:109A70003A2275696E743332222C226163636573F6
:109A800073223A227277227D5D7D2C7B226E616D7E
:109A900065223A226163696D5F657374696D6174F3
:109AA0006F725F757064617465222C2274797065C1
:109AB000223A226F626A656374222C226D656D62A0
:109AC000657273223A5B7B226E616D65223A227366
:109AD000746172745F74696D65222C226964223A24
:109AE0003734312C2274797065223A2275696E748C
:109AF0003332222C22616363657373223A2272220D
:109B00007D2C7B226E616D65223A22656E645F74E6
:109B1000696D65222C226964223A3734322C227412
:109B2000797065223A2275696E743332222C226173
:109B30006363657373223A2272227D2C7B226E61ED
:109B40006D65223A226C656E677468222C22696406
:109B5000223A3734332C2274797065223A2275699F
:109B60006E743332222C22616363657373223A224E
:109B700072227D2C7B226E616D65223A226D6178A6
:109B80005F6C656E677468222C226964223A3734F0
:109B9000342C2274797065223A2275696E743332DE
:109BA000222C22616363657373223A227277227DCD
:109BB0005D7D2C7B226E616D65223A226D6F746F24
:109BC000725F757064617465222C227479706522ED
:109BD0003A226F626A656374222C226D656D62653C
:109BE0007273223A5B7B226E616D65223A22737436
:109BF0006172745F74696D65222C226964223A3740
:109C000034352C2274797065223A2275696E74336A
:109C100032222C22616363657373223A2272227DA1
:109C20002C7B226E616D65223A22656E645F7469D9
:109C30006D65222C226964223A3734362C227479DD
:109C40007065223A2275696E743332222C22616368
:109C500063657373223A2272227D2C7B226E616DC2
:109C600065223A226C656E677468222C2269642230
:109C70003A3734372C2274797065223A2275696E2E
:109C8000743332222C22616363657373223A227229
:109C9000227D2C7B226E616D65223A226D61785F98
:109CA0006C656E677468222C226964223A373438F6
:109CB0002C2274797065223A2275696E74333222CF
:109CC0002C22616363657373223A227277227D5D71
:109CD0007D2C7B226E616D65223A226375727265FE
:109CE0006E745F636F6E74726F6C6C65725F7570AB
:109CF00064617465222C2274797065223A226F6245
:109D00006A656374222C226D656D62657273223AF6
:109D10005B7B226E616D65223A2273746172745F9F
:109D200074696D65222C226964223A3734392C22F9
:109D300074797065223A2275696E743332222C224E
:109D4000616363657373223A2272227D2C7B226EDB
:109D5000616D65223A22656E645F74696D65222CBF
:109D6000226964223A3735302C2274797065223AA0
:109D70002275696E743332222C22616363657373BA
:109D8000223A2272227D2C7B226E616D65223A225C
:109D90006C656E677468222C226964223A3735310B
:109DA0002C2274797065223A2275696E74333222DE
:109DB0002C22616363657373223A2272227D2C7BAD
:109DC000226E616D65223A226D61785F6C656E6707
:109DD0007468222C226964223A3735322C22747935
:109DE0007065223A2275696E743332222C226163C7
:109DF00063657373223A227277227D5D7D2C7B220C
:109E00006E616D65223A2264635F63616C696222F0
:109E10002C2274797065223A226F626A656374221B
:109E20002C226D656D62657273223A5B7B226E61D6
:109E30006D65223A2273746172745F74696D652274
:109E40002C226964223A3735332C227479706522CA
:109E50003A2275696E743332222C22616363657312
:109E600073223A2272227D2C7B226E616D65223A2A
:109E700022656E645F74696D65222C226964223AE2
:109E80003735342C2274797065223A2275696E74E4
:109E90003332222C22616363657373223A22722269
:109EA0007D2C7B226E616D65223A226C656E677433
:109EB00068222C226964223A3735352C2274797055
:109EC00065223A2275696E743332222C22616363F3
:109ED000657373223A2272227D2C7B226E616D653E
:109EE000223A226D61785F6C656E677468222C225D
:109EF0006964223A3735362C2274797065223A2209
:109F000075696E743332222C226163636573732228
:109F10003A227277227D5D7D2C7B226E616D6522F7
:109F20003A2263757272656E745F73656E73652233
:109F30002C2274797065223A226F626A65637422FA
:109F40002C226D656D62657273223A5B7B226E61B5
:109F50006D65223A2273746172745F74696D652253
:109F60002C226964223A3735372C227479706522A5
:109F70003A2275696E743332222C226163636573F1
:109F800073223A2272227D2C7B226E616D65223A09
:109F900022656E645F74696D65222C226964223AC1
:109FA0003735382C2274797065223A2275696E74BF
:109FB0003332222C22616363657373223A22722248
:109FC0007D2C7B226E616D65223A226C656E677412
:109FD00068222C226964223A3735392C2274797030
:109FE00065223A2275696E743332222C22616363D2
:109FF000657373223A2272227D2C7B226E616D651D
:10A00000223A226D61785F6C656E677468222C223B
:10A010006964223A3736302C2274797065223A22EC
:10A0200075696E743332222C226163636573732207
:10A030003A227277227D5D7D2C7B226E616D6522D6
:10A040003A2270776D5F757064617465222C22749A
:10A05000797065223A226F626A656374222C226DE0
:10A06000656D62657273223A5B7B226E616D65225B
:10A070003A2273746172745F74696D65222C22696F
:10A0800064223A3736312C2274797065223A22756F
:10A09000696E743332222C22616363657373223AD2
:10A0A0002272227D2C7B226E616D65223A22656EC2
:10A0B000645F74696D65222C226964223A373632F6
:10A0C0002C2274797065223A2275696E74333222BB
:10A0D0002C22616363657373223A2272227D2C7B8A
:10A0E000226E616D65223A226C656E677468222C5F
:10A0F000226964223A3736332C2274797065223A09
:10A100002275696E743332222C2261636365737326
:10A11000223A2272227D2C7B226E616D65223A22C8
:10A120006D61785F6C656E677468222C22696422A9
:10A130003A3736342C2274797065223A2275696E6A
:10A14000743332222C22616363657373223A227264
:10A1500077227D5D7D5D7D2C7B226E616D65223A6F
:10A16000227761746368646F675F66656564222C3B
:10A17000226964223A3736352C2274797065223A86
:10A180002266756E6374696F6E222C22696E70751B
:10A190007473223A5B5D2C226F7574707574732230
:10A1A0003A5B5D7D5D7D2C7B226E616D65223A227E
:10A1B000746573745F66756E6374696F6E222C22AA
:10A1C0006964223A3736362C2274797065223A2235
:10A1D00066756E6374696F6E222C22696E70757479
:10A1E00073223A5B7B226E616D65223A2264656C54
:10A1F0007461222C226964223A3736372C22747912
:10A200007065223A22696E743332222C22616363B4
:10A21000657373223A227277227D5D2C226F7574EA
:10A2200070757473223A5B7B226E616D65223A22EF
:10A23000636E74222C226964223A3736382C2274D9
:10A24000797065223A22696E743332222C2261635E
:10A2500063657373223A2272227D5D7D2C7B226EB0
:10A26000616D65223A226765745F6164635F766F32
:10A270006C74616765222C226964223A3736392C66
:10A280002274797065223A2266756E6374696F6E06
:10A29000222C22696E70757473223A5B7B226E6188
:10A2A0006D65223A226770696F222C226964223A16
:10A2B0003737302C2274797065223A2275696E74B2
:10A2C0003332222C22616363657373223A227277E0
:10A2D000227D5D2C226F757470757473223A5B7BDE
:10A2E000226E616D65223A22766F6C746167652219
:10A2F0002C226964223A3737312C22747970652216
:10A300003A22666C6F6174222C22616363657373F9
:10A31000223A2272227D5D7D2C7B226E616D652248
:10A320003A22736176655F636F6E66696775726105
:10A3300074696F6E222C226964223A3737322C22DC
:10A3400074797065223A2266756E6374696F6E2245
:10A350002C22696E70757473223A5B5D2C226F75C6
:10A360007470757473223A5B7B226E616D65223A5C
:10A370002273756363657373222C226964223A37F2
:10A3800037332C2274797065223A22626F6F6C2207
:10A390002C22616363657373223A2272227D5D7D94
:10A3A0002C7B226E616D65223A2265726173655F56
:10A3B000636F6E66696775726174696F6E222C22B5
:10A3C0006964223A3737342C2274797065223A2234
:10A3D00066756E6374696F6E222C22696E70757477
:10A3E00073223A5B5D2C226F757470757473223A18
:10A3F0005B5D7D2C7B226E616D65223A2272656207
:10A400006F6F74222C226964223A3737352C2274FC
:10A41000797065223A2266756E6374696F6E222CBC
:10A4200022696E70757473223A5B5D2C226F7574AD
:10A4300070757473223A5B5D7D2C7B226E616D6555
:10A44000223A22656E7465725F6466755F6D6F6433
:10A4500065222C226964223A3737362C22747970AF
:10A4600065223A2266756E6374696F6E222C2269CA
:10A470006E70757473223A5B5D2C226F7574707503
:10A480007473223A5B5D7D2C7B226E616D65223A8E
:10A49000226765745F696E746572727570745F733C
:10A4A0007461747573222C226964223A3737372C11
:10A4B0002274797065223A2266756E6374696F6ED4
:10A4C000222C22696E70757473223A5B7B226E6156
:10A4D0006D65223A226972716E222C226964223AD9
:10A4E0003737382C2274797065223A22696E7433BA
:10A4F00032222C22616363657373223A22727722BF
:10A500007D5D2C226F757470757473223A5B7B22AB
:10A510006E616D65223A22737461747573222C2208
:10A520006964223A3737392C2274797065223A22CD
:10A5300075696E743332222C2261636365737322F2
:10A540003A2272227D5D7D2C7B226E616D65223AFE
:10A55000226765745F646D615F73746174757322E3
:10A560002C226964223A3738302C227479706522A3
:10A570003A2266756E6374696F6E222C22696E7062
:10A58000757473223A5B7B226E616D65223A227389
:10A59000747265616D5F6E756D222C226964223A5A
:10A5A0003738312C2274797065223A2275696E74BD
:10A5B00038222C22616363657373223A22727722F8
:10A5C0007D5D2C226F757470757473223A5B7B22EB
:10A5D0006E616D65223A22737461747573222C2248
:10A5E0006964223A3738322C2274797065223A2213
:10A5F00075696E743332222C226163636573732232
:10A600003A2272227D5D7D2C7B226E616D65223A3D
:10A61000226765745F6770696F5F737461746573D7
:10A62000222C226964223A3738332C2274797065DF
:10A63000223A2266756E6374696F6E222C22696EEF
:10A6400070757473223A5B5D2C226F75747075742B
:10A6500073223A5B7B226E616D65223A22737461CC
:10A66000747573222C226964223A3738342C227490
:10A67000797065223A2275696E743332222C226118
:10A680006363657373223A2272227D5D7D2C7B2287
:10A690006E616D65223A226765745F6472765F66EB
:10A6A00061756C74222C226964223A3738352C2269
:10A6B00074797065223A2266756E6374696F6E22D2
:10A6C0002C22696E70757473223A5B5D2C226F7553
:10A6D0007470757473223A5B7B226E616D65223AE9
:10A6E000226472765F6661756C74222C2269642222
:10A6F0003A3738362C2274797065223A2275696EA1
:10A70000743634222C22616363657373223A227299
:10A71000227D5D7D2C7B226E616D65223A22636C09
:10A720006561725F6572726F7273222C2269642296
:10A730003A3738372C2274797065223A2266756E62
:10A740006374696F6E222C22696E70757473223A7D
:10A750005B5D2C226F757470757473223A5B5D7D3E
:10A760005D000000F0A1020844EA002004A20208F3
:10A7700044EA002014A2020844EA002030A20208A1
:10A7800044EA002040A2020844EA00209CA20208F9
:10A7900044EA002050A2020844EA00206CA2020809
:10A7A00044EA002084A2020844EA002094A202089D
:10A7B00044EA002070AE020844EA0020B0A2020879
:10A7C00044EA0020C0A2020844EA0020CCA2020809
:10A7D00078E60020D8A202082CE70020E8A20208B0
:10A7E00070E80020CCA2020878E60020D0A602087B
:10A7F0002CE70020F0A2020840E70020F8A202089F
:10A800002CE7002008A3020818E7002014A3020880
:10A8100064EA0020E8A2020888E8002024A30208D5
:10A8200040E7002030A3020840E700203CA30208D4
:10A8300040E70020E8A20208A0E8002048A30208A0
:10A8400040E7002058A3020840E7002068A3020860
:10A8500040E7002078A30208B0E5002080A30208AA
:10A8600094EA002088A3020894EA002090A302083A
:10A8700094EA00209CA3020894EA0020E8A20208BF
:10A88000B8E80020ACA3020840E70020BCA30208FF
:10A8900094EA0020C8A3020894EA0020D4A3020886
:10A8A00094EA0020E4A3020894EA0020F8A3020836
:10A8B00094EA0020E8A20208D0E800205CA7020881
:10A8C000C4E5002008A402082CE7002018A4020810
:10A8D00040E7002014A402082CE7002028A4020866
:10A8E0002CE7002040A4020878E6002054A40208C7
:10A8F00050E60020D4A3020850E6002058A4020825
:10A9000040E700206CA4020850E6002078A402086A
:10A910002CE7002088A402082CE700205CA3020892
:10A9200040E70020A4A4020840E70020B0A40208E9
:10A9300040E70020C4A4020840E70020D8A4020891
:10A940002CE70020F4A40208ECE5002004A502088E
:10A950002CE7002020A5020878E6002034A5020894
:10A9600078E6002078A30208D8E5002048A5020870
:10A9700064EA002054A5020864EA002060A50208E9
:10A980002CEA002070A502082CEA002080A502080D
:10A9900094EA002080A3020894EA002090A502080F
:10A9A00094EA0020A0A5020894EA0020B4A50208B9
:10A9B00094EA0020C4A5020894EA0020D4A5020865
:10A9C00094EA0020ECA5020874EA00209CA3020887
:10A9D00094EA0020F8A5020894EA00200CA60208D8
:10A9E00094EA002020A6020850E6002028A60208CB
:10A9F00094EA0020E8A20208E8E8002038A602084D
:10AA000040E7002044A6020840E7002054A60208C0
:10AA100040E7002064A6020840E700200CA40208DA
:10AA200054EA002078A402082CE7002078A6020847
:10AA300064EA00208CA6020840E70020A0A60208D5
:10AA400040E70020B4A6020894EA0020C4A6020849
:10AA50002CE70020D8A6020840E70020F0A6020854
:10AA60002CE7002004A702082CE7002024A70208F6
:10AA70002CE700203CA702082CE7002054A702087E
:10AA800014E6002064A7020800E6002070A7020870
:10AA900040E700207CA7020840E7002088A70208C2
:10AAA00040E700209CA7020840E7002024A30208FA
:10AAB00040E70020B4A7020840E70020C8A702082A
:10AAC00040E70020D8A7020840E70020ECA70208D2
:10AAD0002CE7002000A8020840E7002018A8020880
:10AAE00050E6002034A8020840E7002044A80208ED
:10AAF00040E700204CA80208ECE500205CA8020812
:10AB000040E700206CA8020840E7002080A8020867
:10AB1000ECE5002094A8020840E70020ACA8020859
:10AB200018E90020B8A8020840E70020D4A80208CD
:10AB300040E70020F0A8020840E7002014A902081E
:10AB400040E7002078A3020828E6002038A9020880
:10AB500040E7002048A9020840E7002054A9020865
:10AB600040E7002060A9020840E7002070A9020821
:10AB700094EA002080A9020894EA002090A9020823
:10AB800094EA0020A0A9020864EA0020B0A9020803
:10AB900040E70020C8A902082CE70020DCA9020831
:10ABA00040E70020E8A202080CE90020F0A9020812
:10ABB00000E90020FCA9020894EA002010AA02087B
:10ABC00094EA002078A402082CE7002024AA0208B6
:10ABD00050E6002030AA020840E7002044AA0208FC
:10ABE00040E7002064AA020840E7002078AA020893
:10ABF00040E700208CAA020840E700209CAA020837
:10AC00003CE60020A8AA020840E70020B4AA0208F7
:10AC100040E70020C8AA020840E70020D4AA0208A2
:10AC200040E70020F0AA020840E700200CAB020831
:10AC300040E7002024AB020840E7002040AB0208B8
:10AC400040E7002054AB020840E700206CAB02084C
:10AC50002CE7002084AB020840E70020A0AB0208EC
:10AC600040E70020BCAB02082CE70020CCAB020878
:10AC70002CE70020DCAB020840E70020ECAB020828
:10AC800040E70020FCAB020840E7002008AC0208C7
:10AC900040E7002018AC020894EA002020AC02082B
:10ACA00094EA002028AC020840E7002044AC0208E7
:10ACB00094EA002050AC020894EA00205CAC020840
:10ACC00094EA002068AC020894EA002080A30208FD
:10ACD00094EA002090A3020894EA002074AC0208D1
:10ACE00094EA002084AC020894EA002094AC0208A4
:10ACF00094EA0020A0AC020894EA0020ACAC020860
:10AD000094EA0020B4AC020840E70020D4AC02086A
:10AD100040E70020F4AC020894EA002004AD0208E9
:10AD200094EA002034B1020878E6002014AD02084D
:10AD300040E7002028AD020840E700203CAD0208B3
:10AD400040E7002050AD020840E7002064AD020853
:10AD500040E7002078AD020840E70020D0A60208B6
:10AD60002CE700208CAD020894EA0020E8A202083B
:10AD700054E9002064AD020840E7002078AD0208E5
:10AD800040E70020D0A602082CE700208CAD020886
:10AD900094EA0020E8A202086CE9002038A9020821
:10ADA00040E7002078A3020864E6002098AD02087E
:10ADB00064EA0020A4AD020864EA0020B4AD0208F1
:10ADC00094EA0020C8AD020894EA0020DCAD020835
:10ADD00094EA0020F0AD020840E7002000AE02082F
:10ADE00040E7002010AE020840E7002020AE020835
:10ADF00094EA002028AE020840E7002040AE020896
:10AE000094EA002058AE020894EA00206CAE0208D2
:10AE100094EA00207CAE020860E900208CAE0208B3
:10AE200048E90020A0AE02083CE90020B0AE0208CC
:10AE300054EA0020CCAE020854EA0020E8A202083E
:10AE400030E90020E0AE020818E70020E8AE020872
:10AE50002CE70020F4AE020818E7002008AF020833
:10AE600018E7002018AF020818E700202CAF0208EE
:10AE700018E7002044AF020818E7002060AF02087E
:10AE800018E700207CAF020818E7002094AF020802
:10AE900018E70020A0AF020818E70020B4AF0208AE
:10AEA00018E7002064AE020840E70020C4AF0208A3
:10AEB00040E70020D0AF020840E70020E0AF0208E2
:10AEC00040E70020E8AF020840E70020ECAF0208AE
:10AED00040E70020FCAF02082CE700200CB002087D
:10AEE0002CE7002020B002082CE7002064AE020806
:10AEF00040E70020C4AF020840E70020D0AF0208BE
:10AF000040E70020E0AF020840E70020E8AF020879
:10AF100040E7002034B002082CE7002050B00208BF
:10AF20002CE7002070B002082CE7002094B0020843
:10AF30002CE70020B0B002082CE70020C0B00208C7
:10AF40002CE70020D0B002082CE70020E4B0020873
:10AF50002CE70020FCB0020840E7002010B10208F6
:10AF60002CE7002020B1020878E6002030B102086A
:10AF700078E6002040B102089CE9002054B10208A4
:10AF800090E9002064B1020890E9002040B6020870
:10AF900084E9002078A30208A0E6002074B102082A
:10AFA00064EA002084B1020854EA002094B1020847
:10AFB000BCE900209CB10208ACE90020ACB1020859
:10AFC0008CE60020BCB102082CE70020E8A20208B1
:10AFD00078E90020C8B1020824E90020D0B10208B5
:10AFE000F4E80020DCB10208DCE80020E4B102084B
:10AFF000C4E80020F4B10208ACE800200CB202085A
:10B0000094E8002018B202087CE8002024B202086C
:10B010007CE8002030B2020864E8002044B2020854
:10B0200058E8002050B20208C8E600205CB20208CE
:10B0300040E7002060B2020840E7002064B2020846
:10B040002CE7002074B202082CE7002084B202082A
:10B050002CE7002094B2020818E70020A4B20208EE
:10B0600018E70020B4B2020818E70020C4B20208B2
:10B070002CE70020D4B202082CE70020E4B202083A
:10B08000DCE60020F8B20208DCE6002008B3020883
:10B09000DCE6002018B30208DCE6002028B3020832
:10B0A00040E700203CB3020840E7002050B302080C
:10B0B0002CE7002068B3020840E7002088B30208AC
:10B0C00040E70020A8B302082CE70020C8B302081C
:10B0D00040E70020E8B3020840E7002004B402087B
:10B0E00040E700201CB4020840E7002034B4020806
:10B0F00018E7002044B40208D4E900205CB4020838
:10B10000D4E9002074B40208B4E6002080B4020838
:10B11000B4E600208CB40208B4E6002098B402081B
:10B12000B4E60020A4B40208B4E60020B0B40208DB
:10B13000B4E60020BCB40208B4E60020C8B402089B
:10B14000B4E60020D4B40208B4E60020E0B402085B
:10B15000B4E60020ECB40208B4E60020F8B402081B
:10B16000B4E6002004B50208B4E6002010B50208D9
:10B17000B4E600201CB50208B4E6002028B5020899
:10B18000B4E6002034B50208D4E9002048B502082E
:10B19000D4E900205CB50208D4E9002070B50208AB
:10B1A000D4E9002084B5020818E70020ECB20208B8
:10B1B000F0E6002078A3020804E70020E8A20208D5
:10B1C000ECE9002088B9020854EA002090B5020892
:10B1D00074EA002098B5020854EA0020A8B50208D5
:10B1E00054EA0020B0B5020854EA0020A8B50208CD
:10B1F00054EA0020BCB5020854EA0020C4B5020895
:10B2000054EA0020D4B5020854EA0020DCB5020854
:10B2100054EA0020ECB5020854EA002004B6020803
:10B2200054EA002018B6020854EA002030B602089A
:10B2300054EA002044B6020854EA00205CB6020832
:10B2400054EA002074B6020854EA002084B60208CA
:10B2500054EA002094B6020854EA0020A4B602087A
:10B2600054EA0020B8B6020854EA0020C8B6020822
:10B2700054EA0020DCB602082CEA0020E8B60208F6
:10B280002CEA0020F4B602082CEA002000B70208DD
:10B290002CEA002010B702082CEA00201CB7020894
:10B2A0002CEA002014B602081CEA002028B7020885
:10B2B00010EA00202CB7020854EA002038B7020830
:10B2C00054EA002048B7020854EA002044B70208B4
:10B2D00018E7002050B7020844EA00205CB70208D3
:10B2E00044EA002070B7020844EA002084B702084C
:10B2F00044EA002078A3020854E7002094B702082B
:10B3000094EA0020A4B7020894EA0020ACB702082F
:10B3100040E70020C4B7020884EA0020D4B702083E
:10B3200074EA0020E8B7020874EA0020FCB70208BB
:10B3300074EA002010B8020874EA002024B8020859
:10B3400074EA002038B8020874EA00204CB80208F9
:10B3500074EA002064B8020864EA00207CB802089D
:10B3600064EA002098B8020894EA0020B0B8020805
:10B3700054EA0020C0B8020854EA0020D4B80208F9
:10B380002CE7002044B2020838EA0020E8B802089E
:10B3900004EA0020F8B8020854EA00200CB90208B8
:10B3A00064EA00201CB90208F8E9002040B602084F
:10B3B000E0E900202CB9020818E700203CB9020897
:10B3C00064EA0020E8A20208C8E9002048B902089F
:10B3D0004CE8002050B902084CE8002031354F44B9
:10B3E000726976653354797065496E666F49364F78
:10B3F000447269766545000030CE0308DCB303086B
:10B400009CC102083231466962726550726F706584
:10B4100072747954797065496E666F493850726FED
:10B420007065727479494B6645450000A8CE0308E3
:10B4300004B403080000000002000000C0C10208BC
:10B44000020000009CC1020802040000323146697B
:10B4500062726550726F7065727479547970654963
:10B460006E666F493850726F7065727479494B79A6
:10B4700045450000A8CE03084CB4030800000000B6
:10B4800002000000C0C10208020000009CC10208C6
:10B49000020400003231466962726550726F706555
:10B4A00072747954797065496E666F493850726F5D
:10B4B0007065727479494B6845450000A8CE030851
:10B4C00094B403080000000002000000C0C102089C
:10B4D000020000009CC102080204000032314669EB
:10B4E00062726550726F70657274795479706549D3
:10B4F0006E666F493850726F7065727479494B622D
:10B5000045450000A8CE0308DCB403080000000095
:10B5100002000000C0C10208020000009CC1020835
:10B52000020400003231466962726550726F7065C4
:10B5300072747954797065496E666F493850726FCC
:10B540007065727479494B6D45450000A8CE0308BB
:10B5500024B503080000000002000000C0C102087A
:10B56000020000009CC102080204000032334F4474
:10B57000726976655461736B54696D657354797043
:10B5800065496E666F49395461736B54696D6573B3
:10B590004500000030CE03086CB503089CC10208CA
:10B5A00032334F44726976655461736B54696D65CB
:10B5B0007254797065496E666F49395461736B5482
:10B5C000696D65724500000030CE0308A0B5030820
:10B5D0009CC1020832354F447269766553797374A1
:10B5E000656D537461747354797065496E666F4903
:10B5F000313353797374656D53746174735F74453B
:10B600000000000030CE0308D4B503089CC1020836
:10B610003231466962726550726F70657274795426
:10B62000797065496E666F493850726F70657274D3
:10B6300079494B6C45450000A8CE030810B60308B5
:10B640000000000002000000C0C10208020000006B
:10B650009CC102080204000032384F4472697665CA
:10B6600053797374656D537461747355736254794F
:10B670007065496E666F4931305553425374617439
:10B68000735F74450000000030CE030858B603080D
:10B690009CC1020832384F447269766553797374DD
:10B6A000656D537461747349324354797065496EA2
:10B6B000666F49313049324353746174735F744526
:10B6C0000000000030CE030894B603089CC10208B5
:10B6D00032364F44726976654F7363696C6C6F7371
:10B6E000636F706554797065496E666F4931324F8A
:10B6F0007363696C6C6F73636F7065450000000065
:10B7000030CE0308D0B603089CC1020831374F443D
:10B710007269766543616E54797065496E666F49EA
:10B72000394F447269766543414E450030CE030877
:10B730000CB703089CC1020832334F447269766526
:10B7400043616E436F6E66696754797065496E66D2
:10B750006F494E394F447269766543414E38436FA5
:10B760006E6669675F7445450000000030CE0308CF
:10B7700038B703089CC1020832314F4472697665BC
:10B7800033436F6E66696754797065496E666F49B9
:10B790003133426F617264436F6E6669675F7445EF
:10B7A0000000000030CE030878B703089CC10208EF
:10B7B00032324F4472697665456E64706F696E749B
:10B7C00054797065496E666F49313250574D4D61FD
:10B7D0007070696E675F74450000000030CE03082A
:10B7E000B0B703089CC1020831384F4472697665CE
:10B7F0004178697354797065496E666F4934417850
:10B800006973450030CE0308E8B703089CC10208FD
:10B810003231466962726550726F70657274795424
:10B82000797065496E666F493850726F70657274D1
:10B8300079494B7845450000A8CE030810B80308A5
:10B840000000000002000000C0C102080200000069
:10B850009CC10208020400003231466962726550E0
:10B86000726F706572747954797065496E666F494C
:10B870003850726F7065727479494B4E31304F4455
:10B8800072697665496E74663841786973496E7479
:10B8900066394178697353746174654545450000A4
:10B8A000A8CE030858B803080000000002000000FA
:10B8B000C0C10208020000009CC10208020400008E
:10B8C00032344F447269766541786973436F6E66AE
:10B8D000696754797065496E666F494E344178697D
:10B8E0007338436F6E6669675F74454500000000FA
:10B8F00030CE0308C0B803089CC1020834314F445D
:10B900007269766541786973436F6E6669674361F2
:10B910006C6962726174696F6E4C6F636B696E54AF
:10B92000797065496E666F494E3441786973313478
:10B930004C6F636B696E436F6E6669675F744545F4
:10B940000000000030CE0308FCB803089CC10208C8
:10B9500033304F4472697665417869734C6F636B1D
:10B96000696E436F6E66696754797065496E666F7C
:10B97000494E344178697331344C6F636B696E435F
:10B980006F6E6669675F74454500000030CE03083E
:10B9900050B903089CC1020832374F44726976657A
:10B9A0004178697343616E436F6E6669675479705D
:10B9B00065496E666F494E34417869733131434150
:10B9C0004E436F6E6669675F7445450030CE03086D
:10B9D00098B903089CC1020831394F4472697665F1
:10B9E0004D6F746F7254797065496E666F49354D4D
:10B9F0006F746F724500000030CE0308D8B9030899
:10BA00009CC1020834354F44726976654F6E626F8F
:10BA1000617264546865726D6973746F7243757294
:10BA200072656E744C696D6974657254797065499C
:10BA30006E666F4933314F6E626F61726454686530
:10BA4000726D6973746F7243757272656E744C694E
:10BA50006D6974657245000030CE030804BA0308AE
:10BA60009CC1020835314F44726976654F6E626F32
:10BA7000617264546865726D6973746F7243757234
:10BA800072656E744C696D69746572436F6E666938
:10BA90006754797065496E666F494E33314F6E62F7
:10BAA0006F617264546865726D6973746F72437507
:10BAB0007272656E744C696D6974657238436F6E2D
:10BAC0006669675F7445450030CE030864BA0308B1
:10BAD0009CC1020834364F44726976654F666662CF
:10BAE0006F617264546865726D6973746F724375C7
:10BAF0007272656E744C696D6974657254797065A3
:10BB0000496E666F4933324F6666626F6172645484
:10BB10006865726D6973746F7243757272656E7465
:10BB20004C696D69746572450000000030CE0308F1
:10BB3000D4BA03089CC1020835324F447269766555
:10BB40004F6666626F617264546865726D69737482
:10BB50006F7243757272656E744C696D697465724B
:10BB6000436F6E66696754797065496E666F494EBA
:10BB700033324F6666626F617264546865726D69D4
:10BB800073746F7243757272656E744C696D69740B
:10BB9000657238436F6E6669675F744545000000E3
:10BBA00030CE030838BB03089CC1020833334F442E
:10BBB000726976654D6F746F7243757272656E74DB
:10BBC000436F6E74726F6C54797065496E666F491D
:10BBD00032334669656C644F7269656E746564439F
:10BBE0006F6E74726F6C6C657245000030CE030826
:10BBF000ACBB03089CC1020832354F4472697665BC
:10BC00004D6F746F72436F6E6669675479706549E2
:10BC10006E666F494E354D6F746F7238436F6E6646
:10BC200069675F744545000030CE0308F8BB030820
:10BC30009CC1020832344F4472697665436F6E745A
:10BC4000726F6C6C657254797065496E666F4931BC
:10BC500030436F6E74726F6C6C657245000000004B
:10BC600030CE030834BC03089CC1020833304F4473
:10BC700072697665436F6E74726F6C6C6572436F38
:10BC80006E66696754797065496E666F494E3130EA
:10BC9000436F6E74726F6C6C657238436F6E666959
:10BCA000675F74454500000030CE03086CBC030894
:10BCB0009CC1020834314F4472697665436F6E74DB
:10BCC000726F6C6C6572436F6E666967416E746902
:10BCD000636F6767696E6754797065496E666F490F
:10BCE0004E3130436F6E74726F6C6C6572313341DC
:10BCF0006E7469636F6767696E675F7445450000BE
:10BD000030CE0308B4BC03089CC1020833344F444E
:10BD100072697665436F6E74726F6C6C6572417593
:10BD2000746F74756E696E6754797065496E666F6D
:10BD3000494E3130436F6E74726F6C6C6572313284
:10BD40004175746F74756E696E675F744545000068
:10BD500030CE03080CBD03089CC1020832314F44A9
:10BD600072697665456E636F646572547970654972
:10BD70006E666F4937456E636F64657245000000FB
:10BD800030CE03085CBD03089CC1020832374F4423
:10BD900072697665456E636F646572436F6E66693E
:10BDA0006754797065496E666F494E37456E636FAB
:10BDB00064657238436F6E6669675F74454500005D
:10BDC00030CE03088CBD03089CC1020832374F44B3
:10BDD000726976654163696D457374696D61746FED
:10BDE0007254797065496E666F4931334163696D8C
:10BDF000457374696D61746F7245000030CE03083D
:10BE0000CCBD03089CC1020833334F447269766588
:10BE10004163696D457374696D61746F72436F6ED0
:10BE200066696754797065496E666F494E31334172
:10BE300063696D457374696D61746F7238436F6EB9
:10BE40006669675F7445450030CE030808BE030885
:10BE50009CC1020833334F447269766553656E7333
:10BE60006F726C657373457374696D61746F72542E
:10BE7000797065496E666F49313953656E736F72BB
:10BE80006C657373457374696D61746F72450000FE
:10BE900030CE030854BE03089CC1020833394F4416
:10BEA0007269766553656E736F726C6573734573F3
:10BEB00074696D61746F72436F6E666967547970EF
:10BEC00065496E666F494E313953656E736F726C9A
:10BED000657373457374696D61746F7238436F6E07
:10BEE0006669675F7445450030CE03089CBE030851
:10BEF0009CC1020833354F44726976655472617093
:10BF0000657A6F6964616C5472616A6563746F729B
:10BF10007954797065496E666F4932315472617037
:10BF2000657A6F6964616C5472616A6563746F727B
:10BF30007945000030CE0308F4BE03089CC1020816
:10BF400034314F447269766554726170657A6F69F5
:10BF500064616C5472616A6563746F7279436F6E69
:10BF600066696754797065496E666F494E3231541F
:10BF7000726170657A6F6964616C5472616A65633D
:10BF8000746F727938436F6E6669675F74454500F8
:10BF900030CE030840BF03089CC1020832314F4431
:10BFA00072697665456E6473746F70547970654913
:10BFB0006E666F4937456E6473746F70450000009C
:10BFC00030CE03089CBF03089CC1020832374F449F
:10BFD00072697665456E6473746F70436F6E6669DF
:10BFE0006754797065496E666F494E37456E647364
:10BFF000746F7038436F6E6669675F744545000003
:10C0000030CE0308CCBF03089CC1020832394F442C
:10C01000726976654D656368616E6963616C4272D1
:10C02000616B6554797065496E666F4931354D6550
:10C030006368616E6963616C4272616B65450000A3
:10C0400030CE03080CC003089CC1020833354F44AE
:10C05000726976654D656368616E6963616C427291
:10C06000616B65436F6E66696754797065496E668A
:10C070006F494E31354D656368616E6963616C422D
:10C0800072616B6538436F6E6669675F7445450022
:10C0900030CE03084CC003089CC1020832374F441D
:10C0A00072697665417869735461736B54696D6523
:10C0B0007354797065496E666F494E34417869737F
:10C0C000395461736B54696D657345450000000018
:10C0D00030CE03089CC003089CC102080000000089
:10C0E000F8B30308195A0208000000002CB4030832
:10C0F000415C02085DE90108F1590208FCFFFFFFFD
:10C100002CB40308115A02080000000074B403089C
:10C110005D5B02085DE90108C9590208FCFFFFFFE9
:10C1200074B40308E959020800000000BCB4030815
:10C13000815B02085DE90108A1590208FCFFFFFFCD
:10C14000BCB40308C15902080000000004B503088C
:10C15000A15B02085DE9010879590208FCFFFFFFB5
:10C1600004B5030899590208000000004CB5030803
:10C17000B95B02085DE9010851590208FCFFFFFFA5
:10C180004CB50308715902080000000094B503087B
:10C190002D59020800000000C8B50308ED58020838
:10C1A0000000000004B6030859580208000000000F
:10C1B00038B60308D95B02085DE901083158020866
:10C1C000FCFFFFFF38B603085158020800000000CA
:10C1D00088B603080958020800000000C4B6030826
:10C1E000D15702080000000000B70308B557020845
:10C1F000000000002CB70308895702080000000067
:10C200006CB703085157020800000000A4B70308E8
:10C210000556020800000000DCB70308C5550208F7
:10C220000000000004B80308E15402080000000008
:10C2300038B80308F95B02085DE90108B95402083F
:10C24000FCFFFFFF38B80308D954020800000000C3
:10C25000A0B803081D5C02085DE9010891540208BA
:10C26000FCFFFFFFA0B80308B15402080000000063
:10C27000F0B80308F15302080000000044B90308B5
:10C28000B5530208000000008CB90308555302089A
:10C2900000000000CCB90308E952020800000000C9
:10C2A000F8B90308155202080000000058BA030844
:10C2B000F151020800000000C8BA0308B151020899
:10C2C000000000002CBB03088D5102080000000094
:10C2D000A0BB03082551020800000000ECBB0308C6
:10C2E000615002080000000028BC0308514F0208FA
:10C2F0000000000060BC0308654E0208000000005A
:10C30000A8BC0308294D02080000000000BD030876
:10C31000A14C02080000000050BD03086D4C02084B
:10C320000000000080BD03089D4B020800000000D3
:10C33000C0BD0308794A020800000000FCBD0308E4
:10C34000294A02080000000048BE0308094A020802
:10C350000000000090BE0308A94902080000000088
:10C36000E8BE0308794902080000000034BF030852
:10C37000654902080000000090BF03083549020823
:10C3800000000000C0BF03081149020800000000BF
:10C3900000C00308994802080000000040C00308DC
:10C3A000854802080000000090C003084D480208BC
:10C3B00000000000D0C00308F94702084E35666946
:10C3C000627265313753746D3332556172745478CB
:10C3D00053747265616D450030CE0308BCC3030819
:10C3E00068BB02084E356669627265313753746DF9
:10C3F000333255617274527853747265616D4500C1
:10C4000030CE0308E4C3030844BB02084E35666916
:10C4100062726532364173796E6353747265616D11
:10C4200053696E6B4D756C7469706C657865724993
:10C430004C6A32454545000030CE03080CC4030861
:10C4400068BB020800000000D8C303085D79020839
:10C45000BD7802080000000000C40308C17802088B
:10C46000BD7802080000000038C40308BD79020846
:10C47000897A0208001000004E35666962726531E3
:10C480003653746D333255736254785374726561E8
:10C490006D45000030CE030878C4030868BB02086D
:10C4A0004E356669627265313653746D3332557339
:10C4B00062527853747265616D45000030CE030896
:10C4C000A0C4030844BB02080000000094C4030891
:10C4D0008D7C0208897C020800000000BCC40308AF
:10C4E0001D7D0208897C0208001000000600000083
:10C4F0000106050000000000920E493CB10AC93C4B
:10C500002BC3163D2EFB483D752B7B3D04A9963D64
:10C5100080B6AF3D36BDC83D2FBCE13D73B2FA3D9C
:10C5200087CF093E8340163EB5AB223EA2102F3E78
:10C53000CF6E3B3EC2C5473E0115543E135C603E84
:10C540007F9A6C3ECCCF783EC07D823E938E883EF3
:10C55000229A8E3E32A0943E86A09A3EE59AA03E54
:10C56000128FA63ED47CAC3EEF63B23E2A44B83E66
:10C57000491DBE3E15EFC33E53B9C93ECA7BCF3EEF
:10C580004136D53E80E8DA3E4F92E03E7533E63ED6
:10C59000BBCBEB3EEA5AF13ECBE0F63E275DFC3EDC
:10C5A000E4E7003F3D9C033F824B063F9BF5083F7D
:10C5B0006B9A0B3FDA390E3FCDD3103F2A68133FF9
:10C5C000D9F6153FC07F183FC6021B3FD17F1D3FE4
:10C5D000CBF61F3F9967223F25D2243F5636273F8F
:10C5E0001594293F4AEB2B3FDE3B2E3FBB85303F66
:10C5F000C9C8323FF304353F233A373F4268393FD9
:10C600003B8F3B3FF9AE3D3F67C73F3F70D8413F4F
:10C6100001E2433F03E4453F65DE473F12D1493F16
:10C62000F8BB4B3F029F4D3F207A4F3F3D4D513F5E
:10C630004918533F31DB543FE595563F5348583F27
:10C640006AF2593F1A945B3F532D5D3F05BE5E3F32
:10C650002146603F97C5613F5A3C633F59AA643FFA
:10C66000880F663FD86B673F3CBF683FA7096A3FAA
:10C670000C4B6B3F5E836C3F93B26D3F9ED86E3F19
:10C6800073F56F3F0809713F5213723F4714733FB0
:10C69000DD0B743F0BFA743FC6DE753F07BA763F79
:10C6A000C58B773FF853783F9812793F9DC7793F04
:10C6B00002737A3FBE147B3FCDAC7B3F283B7C3F6F
:10C6C000C9BF7C3FAC3A7D3FCCAB7D3F23137E3F5F
:10C6D000B0707E3F6DC47E3F580E7F3F6D4E7F3FF2
:10C6E000AB847F3F0FB17F3F97D37F3F43EC7F3FCA
:10C6F00011FB7F3F0000803F11FB7F3F43EC7F3FFA
:10C7000097D37F3F0FB17F3FAB847F3F6D4E7F3F1D
:10C71000580E7F3F6DC47E3FB0707E3F23137E3F37
:10C72000CCAB7D3FAC3A7D3FC9BF7C3F283B7C3FD3
:10C73000CDAC7B3FBE147B3F02737A3F9DC7793FF0
:10C740009812793FF853783FC58B773F07BA763F09
:10C75000C6DE753F0BFA743FDD0B743F4714733F21
:10C760005213723F0809713F73F56F3F9ED86E3FB9
:10C7700093B26D3F5E836C3F0C4B6B3FA7096A3FE2
:10C780003CBF683FD86B673F880F663F59AA643F3C
:10C790005A3C633F97C5613F2146603F05BE5E3FFF
:10C7A000532D5D3F1A945B3F6AF2593F5348583FFF
:10C7B000E595563F31DB543F4918533F3D4D513FBE
:10C7C000207A4F3F029F4D3FF8BB4B3F12D1493F6C
:10C7D00065DE473F03E4453F01E2433F70D8413FF8
:10C7E00067C73F3FF9AE3D3F3B8F3B3F4268393F14
:10C7F000233A373FF304353FC9C8323FBB85303F4A
:10C80000DE3B2E3F4AEB2B3F1594293F5636273F00
:10C8100025D2243F9967223FCBF61F3FD17F1D3F92
:10C82000C6021B3FC07F183FD9F6153F2A68133F49
:10C83000CDD3103FDA390E3F6B9A0B3F9BF5083F83
:10C84000824B063F3D9C033FE4E7003F275DFC3EF3
:10C85000CBE0F63EEA5AF13EBBCBEB3E7533E63E0B
:10C860004F92E03E80E8DA3E4136D53ECA7BCF3E6D
:10C8700053B9C93E15EFC33E491DBE3E2A44B83EDA
:10C88000EF63B23ED47CAC3E128FA63EE59AA03E4A
:10C8900086A09A3E32A0943E229A8E3E938E883E87
:10C8A000C07D823ECCCF783E7F9A6C3E135C603E6A
:10C8B0000115543EC2C5473ECF6E3B3EA2102F3EEF
:10C8C000B5AB223E8340163E87CF093E73B2FA3D98
:10C8D0002FBCE13D36BDC83D80B6AF3D04A9963DB5
:10C8E000752B7B3D2EFB483D2BC3163DB10AC93C41
:10C8F000920E493C00000000920E49BCB10AC9BC2E
:10C900002BC316BD2EFB48BD752B7BBD04A996BD60
:10C9100080B6AFBD36BDC8BD2FBCE1BD73B2FABD98
:10C9200087CF09BE834016BEB5AB22BEA2102FBE74
:10C93000CF6E3BBEC2C547BE011554BE135C60BE80
:10C940007F9A6CBECCCF78BEC07D82BE938E88BEEF
:10C95000229A8EBE32A094BE86A09ABEE59AA0BE50
:10C96000128FA6BED47CACBEEF63B2BE2A44B8BE62
:10C97000491DBEBE15EFC3BE53B9C9BECA7BCFBEEB
:10C980004136D5BE80E8DABE4F92E0BE7533E6BED2
:10C99000BBCBEBBEEA5AF1BECBE0F6BE275DFCBED8
:10C9A000E4E700BF3D9C03BF824B06BF9BF508BF79
:10C9B0006B9A0BBFDA390EBFCDD310BF2A6813BFF5
:10C9C000D9F615BFC07F18BFC6021BBFD17F1DBFE0
:10C9D000CBF61FBF996722BF25D224BF563627BF8B
:10C9E000159429BF4AEB2BBFDE3B2EBFBB8530BF62
:10C9F000C9C832BFF30435BF233A37BF426839BFD5
:10CA00003B8F3BBFF9AE3DBF67C73FBF70D841BF4B
:10CA100001E243BF03E445BF65DE47BF12D149BF12
:10CA2000F8BB4BBF029F4DBF207A4FBF3D4D51BF5A
:10CA3000491853BF31DB54BFE59556BF534858BF23
:10CA40006AF259BF1A945BBF532D5DBF05BE5EBF2E
:10CA5000214660BF97C561BF5A3C63BF59AA64BFF6
:10CA6000880F66BFD86B67BF3CBF68BFA7096ABFA6
:10CA70000C4B6BBF5E836CBF93B26DBF9ED86EBF15
:10CA800073F56FBF080971BF521372BF471473BFAC
:10CA9000DD0B74BF0BFA74BFC6DE75BF07BA76BF75
:10CAA000C58B77BFF85378BF981279BF9DC779BF00
:10CAB00002737ABFBE147BBFCDAC7BBF283B7CBF6B
:10CAC000C9BF7CBFAC3A7DBFCCAB7DBF23137EBF5B
:10CAD000B0707EBF6DC47EBF580E7FBF6D4E7FBFEE
:10CAE000AB847FBF0FB17FBF97D37FBF43EC7FBFC6
:10CAF00011FB7FBF000080BF11FB7FBF43EC7FBFF6
:10CB000097D37FBF0FB17FBFAB847FBF6D4E7FBF19
:10CB1000580E7FBF6DC47EBFB0707EBF23137EBF33
:10CB2000CCAB7DBFAC3A7DBFC9BF7CBF283B7CBFCF
:10CB3000CDAC7BBFBE147BBF02737ABF9DC779BFEC
:10CB4000981279BFF85378BFC58B77BF07BA76BF05
:10CB5000C6DE75BF0BFA74BFDD0B74BF471473BF1D
:10CB6000521372BF080971BF73F56FBF9ED86EBFB5
:10CB700093B26DBF5E836CBF0C4B6BBFA7096ABFDE
:10CB80003CBF68BFD86B67BF880F66BF59AA64BF38
:10CB90005A3C63BF97C561BF214660BF05BE5EBFFB
:10CBA000532D5DBF1A945BBF6AF259BF534858BFFB
:10CBB000E59556BF31DB54BF491853BF3D4D51BFBA
:10CBC000207A4FBF029F4DBFF8BB4BBF12D149BF68
:10CBD00065DE47BF03E445BF01E243BF70D841BFF4
:10CBE00067C73FBFF9AE3DBF3B8F3BBF426839BF10
:10CBF000233A37BFF30435BFC9C832BFBB8530BF46
:10CC0000DE3B2EBF4AEB2BBF159429BF563627BFFC
:10CC100025D224BF996722BFCBF61FBFD17F1DBF8E
:10CC2000C6021BBFC07F18BFD9F615BF2A6813BF45
:10CC3000CDD310BFDA390EBF6B9A0BBF9BF508BF7F
:10CC4000824B06BF3D9C03BFE4E700BF275DFCBEEF
:10CC5000CBE0F6BEEA5AF1BEBBCBEBBE7533E6BE07
:10CC60004F92E0BE80E8DABE4136D5BECA7BCFBE69
:10CC700053B9C9BE15EFC3BE491DBEBE2A44B8BED6
:10CC8000EF63B2BED47CACBE128FA6BEE59AA0BE46
:10CC900086A09ABE32A094BE229A8EBE938E88BE83
:10CCA000C07D82BECCCF78BE7F9A6CBE135C60BE66
:10CCB000011554BEC2C547BECF6E3BBEA2102FBEEB
:10CCC000B5AB22BE834016BE87CF09BE73B2FABD94
:10CCD0002FBCE1BD36BDC8BD80B6AFBD04A996BDB1
:10CCE000752B7BBD2EFB48BD2BC316BDB10AC9BC3D
:10CCF000920E49BC000000804E31305F5F6378784F
:10CD0000616269763131375F5F636C6173735F7441
:10CD10007970655F696E666F4500000030CE03086C
:10CD2000F8CC030864CE0308000000001CCD030803
:10CD3000F581020809820208ED8F0208ED8F0208D2
:10CD400085820208B58102086982020825820208EC
:10CD5000E9810208537439657863657074696F6E90
:10CD60000000000030CD030854CD03085374313364
:10CD70006261645F657863657074696F6E0000005E
:10CD800030CE03086CCD030864CD03084E31305F0C
:10CD90005F637878616269763131355F5F666F72A3
:10CDA0006365645F756E77696E64450030CD030816
:10CDB0008CCD03084E31305F5F63787861626976AD
:10CDC0003131395F5F666F726569676E5F65786381
:10CDD000657074696F6E450030CD0308B4CD0308EB
:10CDE0000000000080CD0308418702084D8702083B
:10CDF000458702084E31305F5F63787861626976FB
:10CE00003132305F5F73695F636C6173735F747934
:10CE100070655F696E666F450000000030CE0308E4
:10CE2000F4CD03081CCD0308000000001CCE03084D
:10CE3000CD8E0208E18E0208ED8F0208ED8F020808
:10CE400085820208B5810208BD8F0208398F020869
:10CE5000FD8E0208537439747970655F696E666F70
:10CE60000000000030CD030854CE03084E31305F7F
:10CE70005F637878616269763132315F5F766D69C0
:10CE80005F636C6173735F747970655F696E666F01
:10CE90004500000030CE03086CCE03081CCD03080B
:10CEA0000000000094CE03081D9002083190020893
:10CEB000ED8F0208ED8F020885820208B581020815
:0CCEC0008D940208CD9002084D900208ED
:10CECC00C9040181B0B0AB800000000008B1018141
:10CEDC00B0B000840000000008B10181B0B0008443
:10CEEC000000000011BAFE7FB0AF1A00FFFF011A5C
:10CEFC005C04CA090068048A0A007804860A007E69
:10CF0C0004DE0900A801B6080000000081C90181F7
:10CF1C00B0A908B100000000DDB9FE7FAB08B1007C
:10CF2C00FFFF010848044E0052040000C9B9FE7FFF
:10CF3C0001AC0900FFFF010CCC01AA029A0400A469
:10CF4C0004040000B1B9FE7FB0AB0800FFFF010B79
:10CF5C00488202EC0200F6020400000099B9FE7F40
:10CF6C00AA80C900FFFF010BD80104C80500D20537
:10CF7C000A00000081C90181B0A908B100000000BD
:10CF8C0008B10181B0B0008400000000C906018125
:10CF9C00B0B0AF830000000085C90181B0AB08B10F
:10CFAC000000000051B9FE7FB0B0A800FFFF0111D6
:10CFBC00AA030EB80300BC03040000C2031AB80392
:10CFCC0000000000C9080181B0B0AB800000000077
:10CFDC0008B10181B0B000840000000019B9FE7FD7
:10CFEC00B0AA0100FFFF010B34C6018202008602C9
:10CFFC000400000001B9FE7FAB08B100FFFF01087F
:10D00C0018163E0042040000EDB8FE7FAB08B100DC
:10D01C00FFFF0108200C540060040000C9140181BA
:10D02C00B0B0AF8200000000CDB8FE7FB0AF020000
:10D03C00FFFF0142FA010AEA0800BC020CDC0800FE
:10D04C0084031ACA0800E0030EBC08009E0404AE58
:10D05C000800E00404A00800960504920800DA0514
:10D06C0004840800920604F60700E40604E80700AE
:10D07C00A407D8010000000008B10181B0B0008401
:10D08C000000000008B10181B0B000840000000075
:10D09C0008B10181B0B000840000000008B101812A
:10D0AC00B0B000840000000008B10181B0B0008471
:10D0BC000000000008B10181B0B000840000000045
:10D0CC00C9020181B0B0A9800000000008B1018143
:10D0DC00B0B000840000000008B10181B0B0008441
:10D0EC000000000008B10181B0B000840000000015
:10D0FC0008B10181B0B000840000000008B10181CA
:10D10C00B0B000840000000008B10181B0B0008410
:10D11C000000000008B10181B0B0008400000000E4
:10D12C0008B10181B0B000840000000008B1018199
:10D13C00B0B000840000000008B10181B0B00084E0
:10D14C000000000008B10181B0B0008400000000B4
:10D15C0008B10181B0B000840000000008B1018169
:10D16C00B0B000840000000008B10181B0B00084B0
:10D17C000000000008B10181B0B000840000000084
:10D18C0008B10181B0B000840000000008B1018139
:10D19C00B0B000840000000008B10181B0B0008480
:10D1AC0000000000C9080181B0008480000000006C
:10D1BC0008B10181B0B000840000000008B1018109
:10D1CC00B0B000840000000008B10181B0B0008450
:10D1DC000000000008B10181B0B000840000000024
:10D1EC0008B10181B0B000840000000008B10181D9
:10D1FC00B0B000840000000008B10181B0B0008420
:10D20C000000000008B10181B0B0008400000000F3
:10D21C0008B10181B0B000840000000008B10181A8
:10D22C00B0B000840000000008B10181B0B00084EF
:10D23C000000000008B10181B0B0008400000000C3
:10D24C0008B10181B0B000840000000008B1018178
:10D25C00B0B000840000000008B10181B0B00084BF
:10D26C000000000008B10181B0B000840000000093
:10D27C0008B10181B0B000840000000008B1018148
:10D28C00B0B000840000000008B10181B0B000848F
:10D29C000000000061B6FE7FB0AF1400FF10190152
:10D2AC001020A8070000A60804AA0801B208040070
:10D2BC0000010000000000003DB6FE7F8408B101B3
:10D2CC00B0B0B000FF100D0104020608010100000F
:10D2DC000000000008B10181B0B000840000000023
:10D2EC0008B10181B0B000840000000009B6FE7FD7
:10D2FC00B0AF0200FF1019010E320A3C017A3CBC9F
:10D30C000100C40104000001000000000000000046
:10D31C00E5B5FE7FA908B100FFFF010008B101814E
:10D32C00B0B000840000000008B10181B0B00084EE
:04D33C0000000000ED
:10D340004030FC7F01000000A4E8FC7FB0A902800F
:10D3500034E9FC7FB0B0A88084E9FC7F01000000C4
:10D3600090E9FC7FB0B0AA80C0E9FC7FAE75B280C6
:10D3700090EAFC7F010000008CEAFC7FAB3F3A8022
:10D38000ECEAFC7F01000000F4EAFC7FB0B0AA8068
:10D390002CEBFC7F01000000E0EBFC7FAA0FB280C9
:10D3A0005CECFC7FB0AF0880F8EEFC7F0100000071
:10D3B000FCEEFC7FAC3F0380E4F1FC7F0100000049
:10D3C000C0F3FC7F00840480D4F3FC7F01000000E4
:10D3D000D0F3FC7FB0AD0480C4F6FC7FB0A803801E
:10D3E000E8F6FC7F44FFFF7FECF6FC7F48FFFF7F01
:10D3F000F8F6FC7F0100000088FBFC7FB0AF1080D6
:10D4000054FCFC7FB0A8018088FCFC7F0100000078
:10D41000C0FCFC7FB8FAFF7FFCFDFC7F0100000030
:10D4200014FEFC7FB4FAFF7F40FEFC7FB0A91080A1
:10D43000DCFEFC7F01000000A000FD7FA8FAFF7F5A
:10D440008801FD7F01000000D401FD7FB0B0A880FD
:10D450007402FD7FB0AF0A805004FD7F0100000020
:10D460006C04FD7F8CFAFF7FB009FD7F0100000096
:10D47000BC96FD7FB0AB04803097FD7FB0AE0780D7
:10D480006898FD7F01000000D099FD7FB0AA078059
:10D49000D49AFD7F01000000F49AFD7FB0AB0680B6
:10D4A0002C9DFD7F0100000020A0FD7FAD08B18014
:10D4B00060A0FD7F01000000D4A1FD7FA908B1801C
:10D4C00018A2FD7FB0AA03808CA2FD7F010000009E
:10D4D000FCA4FD7F44FAFF7FDCA6FD7F0100000075
:10D4E00090ABFD7FB0B0A880F4ABFD7FA908B18000
:10D4F00068ACFD7F01000000D4ACFD7FB0B0A88017
:10D50000F0ACFD7F01000000DCAEFD7FA908B1801A
:10D5100014AFFD7F01000000FCAFFD7F08FAFF7F24
:10D5200054B0FD7FA880C980E4B0FD7F01000000F9
:10D530008CB1FD7F04FAFF7FC0B3FD7F01000000C6
:10D5400090B4FD7F0CFAFF7F18B6FD7FB0B0A880C5
:10D5500060B6FD7F14FAFF7F58B9FD7F010000001F
:10D56000C0B9FD7FA880C98040BAFD7F01000000DE
:10D57000B4BAFD7FB0AA018028BBFD7FB0A80180AE
:10D580007CBBFD7F01000000A8BDFD7FB0B0A8807E
:10D590004CBEFD7F0100000048BEFD7F008402807C
:10D5A00080BEFD7F01000000C4BFFD7FA908B180DF
:10D5B0001CC0FD7FB0A90480E0C0FD7F0100000019
:10D5C00094C1FD7FB0A80180E4C1FD7F010000008F
:10D5D00090C2FD7FAC82C98030C8FD7F0100000091
:10D5E000DCC8FD7F9CF9FF7FC8CAFD7F01000000F9
:10D5F000ACCDFD7F98F9FF7F04CEFD7F01000000D8
:10D600004CCEFD7F94F9FF7F70D9FD7F01000000B3
:10D61000D8DAFD7F90F9FF7F20DDFD7F010000005B
:10D6200038DDFD7F8CF9FF7F14DFFD7FB0B0B08067
:10D6300014DFFD7F9CF9FF7FC8DFFD7F0100000044
:10D6400090E1FD7FA881C980B4E3FD7F0100000067
:10D6500028E6FD7FB0AB0280FCE6FD7FB0B0A8807D
:10D6600078E7FD7F0100000024E9FD7F70F9FF7F6E
:10D6700028E9FD7FA908B18040E9FD7F0100000095
:10D68000A0E9FD7FA908B180CCE9FD7FAB08B1809E
:10D690004CEAFD7F010000009CEAFD7FB0AF0280F4
:10D6A00014EFFD7F44F9FF7F20F0FD7F01000000B3
:10D6B00094F0FD7FB0B0A880B0F0FD7FB0AF0480E3
:10D6C00004F2FD7F3CF9FF7F48F2FD7FB0B0AA80F5
:10D6D00094F2FD7F40F9FF7FFCF2FD7FB0B0A8809F
:10D6E0004CF3FD7FA908B180A4F3FD7F3CF9FF7FD7
:10D6F000F4FBFD7F01000000F8FDFD7F38F9FF7F9E
:10D700007C02FE7F01000000B406FE7FB0B0A8805E
:10D71000E807FE7F010000002C0DFE7FAB08B18002
:10D72000F00DFE7FB0B0A880340EFE7F03AB1680F4
:10D73000BC0EFE7FB0B0A880F40EFE7FB0A90880BA
:10D74000400FFE7FB0A80980780FFE7FB0AB0A8043
:10D75000D010FE7FB0B0A8803011FE7F0100000025
:10D760006011FE7F20F9FF7F7011FE7F24F9FF7F9B
:10D770008011FE7F28F9FF7F9011FE7F01000000DD
:10D780009411FE7F24F9FF7FA411FE7F28F9FF7F0B
:10D79000B411FE7F010000009416FE7FB0B0AA8095
:10D7A000AC16FE7FB0B0B080AC16FE7FB0A9028090
:10D7B000D016FE7FB0B0B080D016FE7FB0B0A8808B
:10D7C000E016FE7FB0B0B080E016FE7FB0B0AA8059
:10D7D000F816FE7FB0B0B080F816FE7FB0B0AA8019
:10D7E0001017FE7FB0B0B0801017FE7FB0B0AA80D7
:10D7F0002817FE7FB0B0B0802817FE7FB0B0AA8097
:10D800004017FE7FB0B0B0804017FE7FB4F8FF7FB6
:10D810004417FE7FB0B0B0804417FE7FB0B0AA803E
:10D820005C17FE7FB0B0B0805C17FE7FB0B0AA80FE
:10D830007417FE7FB0B0B0807417FE7FB0B0AA80BE
:10D840008C17FE7FB0B0B0808C17FE7FB0B0AA807E
:10D85000A417FE7FB0B0B080A417FE7FB0A90280ED
:10D86000C017FE7FB0B0B080C017FE7FB0B0AA80F6
:10D87000D817FE7FB0B0B080D817FE7FB0B0AA80B6
:10D88000F017FE7FB0B0B080F017FE7FB0B0AA8076
:10D890000818FE7FB0B0B0800818FE7FB0B0AA8034
:10D8A0002018FE7FB0B0B0802018FE7FB0B0AA80F4
:10D8B0003818FE7FB0B0B0803818FE7FB0B0AA80B4
:10D8C0005018FE7FB0B0B0805018FE7FB0B0AA8074
:10D8D0006818FE7FB0B0B0806818FE7FB0B0AA8034
:10D8E0008018FE7FB0B0B0808018FE7FB0B0AA80F4
:10D8F0009818FE7FB0B0B0809818FE7F010000003D
:10D900006419FE7FA880C980B619FE7FA908B1807E
:10D91000D419FE7FA880C980481AFE7F010000004C
:10D92000C41BFE7FB0AB0280F41BFE7FB0B0B080A2
:10D93000F41BFE7F98F7FF7F301CFE7FB0B0B080F5
:10D94000301CFE7FB0AA01805C1CFE7FB0B0B080AE
:10D950005C1CFE7FB0AA0180881CFE7FB0B0B08046
:10D96000881CFE7FB0AA0180B41CFE7FB0B0B080DE
:10D97000B41CFE7FB0AA0180E01CFE7FB0B0B08076
:10D98000E01CFE7FB0AA01800C1DFE7FB0B0B0800D
:10D990000C1DFE7FB0AA0180381DFE7FB0B0B080A4
:10D9A000381DFE7FA880C9808C1DFE7F010000000D
:10D9B000881DFE7FB0B0AE80C81EFE7F0100000053
:10D9C000DC1EFE7F14F7FF7FE41EFE7F01000000D7
:10D9D000E81EFE7F10F7FF7FF01EFE7F01000000B3
:10D9E000F41EFE7F0CF7FF7FFC1EFE7F010000008F
:10D9F000FC1EFE7F08F7FF7F041FFE7F0100000072
:10DA00002C1FFE7F04F7FF7F301FFE7F0100000008
:10DA1000341FFE7F00F7FF7F381FFE7F01000000EC
:10DA20003C1FFE7FFCF6FF7F401FFE7FB0B0A8804A
:10DA3000501FFE7FF8F6FF7F541FFE7F010000009D
:10DA40005C1FFE7FF4F6FF7F641FFE7F0100000075
:10DA5000841FFE7FF0F6FF7F881FFE7F010000001D
:10DA6000901FFE7FECF6FF7F981FFE7F01000000F5
:10DA7000A01FFE7FE8F6FF7FA81FFE7F01000000C9
:10DA8000AC1FFE7FE4F6FF7FB41FFE7F01000000A5
:10DA9000B81FFE7FE0F6FF7FC01FFE7F0100000081
:10DAA000C41FFE7FDCF6FF7FC81FFE7F0100000061
:10DAB000C81FFE7FD8F6FF7FD01FFE7F0100000049
:10DAC000D01FFE7FD4F6FF7FD81FFE7F010000002D
:10DAD000D81FFE7FD0F6FF7FE01FFE7F0100000011
:10DAE000EC1FFE7FCCF6FF7F445BFE7FB0A9028077
:10DAF000985BFE7FB0B0B080985BFE7FB0A90280DB
:10DB0000F45BFE7FB0B0B080F45BFE7FB0A8018014
:10DB1000145CFE7FB0A90280685CFE7FB0B0B0806C
:10DB2000685CFE7FB0A90280BC5CFE7FB0B0B080B4
:10DB3000BC5CFE7FB0A90280105DFE7FB0B0B080FB
:10DB4000105DFE7FB0A90280645DFE7FB0B0B08042
:10DB5000645DFE7FB0A90280B85DFE7FB0B0B0808A
:10DB6000B85DFE7FB0A902800C5EFE7FB0B0B080D1
:10DB70000C5EFE7FB0A90280605EFE7FB0B0B08018
:10DB8000605EFE7FB0A90280B45EFE7FB0B0B08060
:10DB9000B45EFE7FB0A90280085FFE7FB0B0B080A7
:10DBA000085FFE7FB0A902805C5FFE7FB0B0B080EE
:10DBB0005C5FFE7FB0A90280B05FFE7FB0B0B08036
:10DBC000B05FFE7F01000000B45FFE7FF0F5FF7FD5
:10DBD000BC5FFE7F01000000C05FFE7FECF5FF7FB1
:10DBE000C85FFE7F01000000CC5FFE7FE8F5FF7F8D
:10DBF000D45FFE7F01000000D45FFE7FE4F5FF7F6D
:10DC0000DC5FFE7F010000000460FE7FE0F5FF7F27
:10DC10000860FE7F010000000C60FE7FDCF5FF7FE6
:10DC20001060FE7F010000001460FE7FD8F5FF7FCA
:10DC30001860FE7FB0B0A8802860FE7FD4F5FF7F1B
:10DC40002C60FE7F010000003460FE7FD0F5FF7F76
:10DC50003C60FE7F010000005C60FE7FCCF5FF7F32
:10DC60006060FE7F010000006860FE7FC8F5FF7FF6
:10DC70007060FE7F010000007860FE7FC4F5FF7FCA
:10DC80008060FE7F010000008460FE7FC0F5FF7FA2
:10DC90008C60FE7F010000009060FE7FBCF5FF7F7E
:10DCA0009860FE7F010000009C60FE7FB8F5FF7F5A
:10DCB000A060FE7F01000000A060FE7FB4F5FF7F42
:10DCC000A860FE7F01000000A860FE7FB0F5FF7F26
:10DCD000B060FE7F01000000B060FE7FACF5FF7F0A
:10DCE000B860FE7F010000008862FE7FB0A902805C
:10DCF000D864FE7F01000000647EFE7FB0A9028030
:10DD0000807EFE7FB0B0AA80987EFE7FB0B0A880F3
:10DD1000A87EFE7FB0B0AA80E07EFE7FB0A9028020
:10DD2000FC7EFE7FB0B0AA80147FFE7F0100000061
:10DD3000107FFE7FB0A90280347FFE7FB0AD1680D9
:10DD40009080FE7FB0A908801481FE7FB0A8058076
:10DD50003C81FE7F01000000C081FE7FB0AF1280D9
:10DD6000A482FE7F01000000A882FE7FB0AD168075
:10DD7000F883FE7FB0B0AA80C484FE7FAB3F0880EA
:10DD80005485FE7FB0AE17802887FE7FB0AD168029
:10DD90007888FE7FB0AA0180D088FE7FAD3F0480E6
:10DDA000DC89FE7FB0AE0780288BFE7F010000007B
:10DDB000349BFE7FB0A90680A49BFE7FB0AB04809D
:10DDC000FC9BFE7FB0AA0580C09CFE7F0100000086
:10DDD000089DFE7FB0A90880809DFE7F01000000A5
:10DDE000AC9EFE7FB0AB0480349FFE7FB0AA018062
:10DDF000C49FFE7FB0AF0A8000A2FE7F010000003A
:10DE000028A2FE7FB0A8058050A2FE7F010000007E
:10DE1000A4A3FE7FB0AA0380D0A3FE7F0100000070
:10DE200094A4FE7FB0AC09805CA5FE7F01000000D9
:10DE300088A7FE7FB0AB028030A8FE7F0100000003
:10DE40002CA9FE7FB0B0AA80E4A9FE7F48F4FF7F32
:10DE500020AAFE7FAB08B180A8AAFE7F44F4FF7F12
:10DE6000E0AEFE7F60F4FF7FE8AEFE7F01000000C1
:10DE7000F4AEFE7F6CF4FF7FF4AEFE7F70F4FF7FA4
:10DE800000AFFE7F0100000018AFFE7FB0B0A88099
:10DE900054AFFE7F0100000090AFFE7FB0B0AA80BB
:10DEA000BCAFFE7FB0B0A88024B0FE7F01000000B0
:10DEB0000CB1FE7FB0B0AC8030B1FE7F010000003D
:10DEC0008CB1FE7FB0AF028004B2FE7FB0AF128093
:10DED000BCB5FE7FB0AF0880F4B6FE7F0100000045
:10DEE0004CB7FE7F14F4FF7F18B8FE7F30F4FF7F3D
:08DEF0008CB8FE7F0100000068
:10DEF8000998020829020008CDD80008E5D20108CF
:10DF0800F9DE0108C9410208F9680208997B02088C
:08DF180059800208AD840208E3
:04DF200001020008F2
:10DF240000000003063800000000000000000000AC
:10DF340000000000000000000000000000000000DD
:10DF440000000000000000000000000000000000CD
:10DF540000000000000000000000000000000000BD
:10DF640000000000000000000000000000000000AD
:10DF7400000000000000000000000000000000009D
:10DF8400000000000000000000000000000000008D
:10DF9400000000000000000000000000000000007D
:10DFA400000000000000000000000000000000006D
:10DFB400000000000000000000000000000000005D
:10DFC400000000000000000000000000000000004D
:10DFD400000000000000000000000000000000003D
:10DFE400000000000000000000000000000000002D
:10DFF400000000000000000000000000000000001D
:10E00400000000000000000000000000000000000C
:10E0140000000000000000000000000000000000FC
:10E0240000000000000000000000000000000000EC
:10E0340000000000000000000000000000000000DC
:10E0440000000000000000000000000000000000CC
:10E0540000000000000000000000000000000000BC
:10E0640000000000000000000000000000000000AC
:10E07400000000000000000000000000000000009C
:10E08400000000000000000000000000000000008C
:10E09400000000000000000000000000000000007C
:10E0A400000000000000000000000000000000006C
:10E0B400000000000000000000000000000000005C
:10E0C400000000000000000000000000000000004C
:10E0D400000000000000000000000000000000003C
:10E0E400000000000000000000000000000000002C
:10E0F400000000000000000000000000000000001C
:10E10400000000000000000000000000000000000B
:10E1140000000000000000000000000000000000FB
:10E1240000000000000000000000000000000000EB
:10E134000000000000000000200200200000000099
:10E1440000000000BC0C0020240D00208C0D0020D9
:10E1540000000000000000000000000000000000BB
:10E1640000000000000000000000000000000000AB
:10E17400000000000000000000000000000000009B
:10E18400000000000000000000000000000000008B
:10E19400000000000000000000000000000000007B
:10E1A400000000000000000000000000000000006B
:10E1B400000000000000000000000000000000005B
:10E1C400000000000000000000000000000000004B
:10E1D400000000000000000001000000000000003A
:10E1E4000E33CDAB34126DE6ECDE05000B000000FF
:10E1F400000000000000000000000000000000001B
:10E20400000000000000000000000000000000000A
:10E2140000000000000000000000000000000000FA
:10E2240000000000000000000000000000000000EA
:10E2340000000000000000000000000000000000DA
:10E2440000000000000000000000000000000000CA
:10E2540000000000000000000000000000000000BA
:10E264000000000003000000BC0C0020430000007C
:10E27400000000000000000000000000000000009A
:10E284000000000000000000000000004300000047
:10E29400000000000000000000000000000000007A
:10E2A4000000000000000000000000004300000027
:10E2B400000000000000000000000000000000005A
:10E2C4000000000000000000000000004300000007
:10E2D400000000000000000000000000000000003A
:10E2E40000000000000000000000000043000000E7
:10E2F400000000000000000000000000000000001A
:10E3040000000000000000000000000043000000C6
:10E3140000000000000000000000000000000000F9
:10E3240000000000000000000000000043000000A6
:10E3340000000000000000000000000000000000D9
:10E34400000000000000000000000000218B000815
:10E35400156E000800000000B0990208C8B9020850
:10E36400A0BA0208A0BA0208A0BA0208A0BA020819
:10E37400A0BA0208A0BA0208A0BA0208A0BA020809
:10E38400A0BA0208FFFFFFFFFFFFFFFFFFFFFFFF31
:10E39400FFFF000001004153434949000000000011
:10E3A4000000000000000000000000000000000069
:10E3B40000000000000041534349490000000000F0
:10E3C4000000000000000000000000000000000049
:10E3D4000000000000000000F80D00200000000014
:10E3E4000000000000000000C0040020C004002061
:10E3F400C8040020C8040020D0040020D004002059
:10E40400D8040020D8040020E0040020E004002008
:10E41400E8040020E8040020F0040020F0040020B8
:10E42400F8040020F8040020000500200005002066
:10E434000805002008050020100500201005002014
:10E4440018050020180500202005002020050020C4
:10E454002805002028050020300500203005002074
:10E464003805002038050020400500204005002024
:10E4740048050020480500205005002050050020D4
:10E484005805002058050020600500206005002084
:10E494006805002068050020700500207005002034
:10E4A40078050020780500208005002080050020E4
:10E4B4008805002088050020900500209005002094
:10E4C4009805002098050020A0050020A005002044
:10E4D400A8050020A8050020B0050020B0050020F4
:10E4E400B8050020B8050020C0050020C0050020A4
:10E4F400C8050020C8050020D0050020D005002054
:10E50400D8050020D8050020E0050020E005002003
:10E51400E8050020E8050020F0050020F0050020B3
:10E52400F8050020F8050020000600200006002061
:10E53400080600200806002010060020100600200F
:10E5440018060020180600202006002020060020BF
:10E55400280600202806002030060020300600206F
:10E56400380600203806002040060020400600201F
:10E5740048060020480600205006002050060020CF
:10E58400580600205806002060060020600600207F
:10E59400680600206806002070060020700600202F
:10E5A40078060020780600208006002080060020DF
:10E5B400880600208806002090060020900600208F
:10E5C4009806002098060020A0060020A00600203F
:10E5D400A8060020A8060020B0060020B0060020EF
:10E5E400B8060020B8060020C0060020C00600209F
:10E5F400C8060020C8060020D0060020D00600204F
:10E60400D8060020D8060020E0060020E0060020FE
:10E61400E8060020E8060020F0060020F0060020AE
:10E62400F8060020F806002000070020000700205C
:10E63400080700200807002010070020100700200A
:10E6440018070020180700202007002020070020BA
:10E65400280700202807002030070020300700206A
:10E66400380700203807002040070020400700201A
:10E6740048070020480700205007002050070020CA
:10E68400580700205807002060070020600700207A
:10E69400680700206807002070070020700700202A
:10E6A40078070020780700208007002080070020DA
:10E6B400880700208807002090070020900700208A
:10E6C4009807002098070020A0070020A00700203A
:10E6D400A8070020A8070020B0070020B0070020EA
:10E6E400B8070020B8070020C0070020C00700209A
:10E6F400C8070020C8070020D0070020D00700204A
:10E70400D8070020D8070020E0070020E0070020F9
:10E71400E8070020E8070020F0070020F0070020A9
:10E72400F8070020F8070020000800200008002057
:10E734000808002008080020100800201008002005
:10E7440018080020180800202008002020080020B5
:10E754002808002028080020300800203008002065
:10E764003808002038080020400800204008002015
:10E7740048080020480800205008002050080020C5
:10E784005808002058080020600800206008002075
:10E794006808002068080020700800207008002025
:10E7A40078080020780800208008002080080020D5
:10E7B4008808002088080020900800209008002085
:10E7C4009808002098080020A0080020A008002035
:10E7D400A8080020A8080020B0080020B0080020E5
:10E7E400B8080020B8080020FFFFFFFF0000020067
:10E7F400AAAAAAAA0000000032000000000000003B
:10E804000000000000000000000000000000000004
:10E8140000000000000000000000000000000000F4
:10E8240000000000320000000000000000000000B2
:10E8340000000000000000000000000000000000D4
:10E8440000000000000000000000000000000000C4
:10E854003200000000000000000000000000000082
:10E8640000000000000000000000000000000000A4
:10E874000000000000000000000000003200000062
:10E884000000000000000000000000000000000084
:10E894000000000000000000000000000000000074
:10E8A4000000000090980020D0980020C9EB0008D8
:10E8B400B1EB0008E1EB0008A5EB00080000000044
:10E8C4000403090412010002EF0201400912320D8F
:10E8D4000003010203010000F9EF000805F000083D
:10E8E40011F0000849F000082DF0000865F0000858
:10E8F40081F0000812034D0053004600540031001B
:10E9040030003000500000000064004008000000A7
:10E91400000000000000000300000F0000003000B1
:10E9240000010101000000000000000000000000E0
:10E934000024F4000100000009026A00030100C081
:10E9440032080B0002020201000904000001020265
:10E954000100052400100105240100010424020221
:10E9640005240600010705820308001009040100BC
:10E97400020A0000000705010240000007058102A9
:10E98400400000080B020100000006090402000216
:10E994000001000007050302400000070583024050
:10E9A400000000000D6A0108B1690108CD68010882
:10E9B40000000000D56701085968010819680108BA
:10E9C400000000000000000000000000A56A01082B
:10E9D40001680108996A01080D6801089DF00008A2
:10E9E4000A060002000000400100000000F80120B7
:10E9F40000F7002000004041000000000A00000071
:10EA0400004000000002000000000C0800000C0898
:10EA1400000000000B0000000040000000020000A5
:10EA240000000E0800000E08518D0208550C000865
:040000050800CB61C3
:00000001FF
