:020000040800F2
:100000000000022061CB000879F50008FDF500082A
:1000100011F6000831F6000839F60008000000006B
:1000200000000000000000000000000061CC00089B
:1000300041F6000800000000F1CC000845F6000879
:10004000B5CB0008B5CB0008B5CB0008B5CB000890
:10005000B5CB0008B5CB0008551502087515020888
:1000600095150208B5150208D515020849F60008CD
:10007000B5CB000855F60008B5CB000861F60008BE
:100080006DF6000879F60008B5CB000891F6000877
:100090009DF60008A9F60008B5F60008F515020857
:1000A000B5CB0008B5CB0008B5CB0008B5CB000830
:1000B000B5CB0008B5CB0008B5CB000835DB000890
:1000C00041DB0008B5CB0008B5CB0008B5CB000874
:1000D000B5CB0008B5CB0008C1F60008B5CB0008C9
:1000E00079160208B5CB0008B5CB0008B5CB0008DF
:1000F000A9D80008CDF60008B5CB000885F60008A1
:10010000B5CB0008B5CB00089DD80008E9F600087B
:10011000F5F60008B5CB0008B5CB0008B5CB000854
:10012000B5CB0008B5CB0008B5CB0008B5CB0008AF
:10013000B5CB00080000000000000000B5CB0008AF
:10014000B5CB0008B5CB0008B5CB00084DDB0008E7
:10015000B5CB0008B5CB0008B5CB0008B5CB00087F
:10016000B5CB0008B5CB0008B5CB0008B5CB00086F
:10017000B5CB000851D900080000000000000000C5
:08018000B5CB0008B5CB000867
:1001C0000348044B834202D0034B03B118477047E6
:1001D000B40C0020B40C0020000000000548064BC1
:1001E0001B1AD90F01EBA301491002D0034B03B135
:1001F00018477047B40C0020B40C00200000000029
:1002000010B5064C237843B9FFF7DAFF044B13B15E
:100210000448AFF300800123237010BDB80C002008
:1002200000000000CC93030808B5044B1BB104493F
:100230000448AFF30080BDE80840CFE700000000AD
:10024000BC0C0020CC93030810EE103AC3F3C75245
:100250007F3A162A194615DC002A0CDB0C4810419F
:10026000184205D04FF4800313410B4423EA0003E6
:1002700000EE103A7047013203F00043F8D143F02A
:100280007E53F5E7802AF3D130EE000A704700BFB5
:10029000FFFF7F0010EE102AC2F3C7537F3B162BDF
:1002A00022F0004129DC002B104618DB1A491941C5
:1002B0000A4221D0DFED197A70EE277AF5EEC07A86
:1002C000F1EE10FA18DD002A04DA4FF4000242FAC7
:1002D00003F3184420EA010300EE103A7047DFED03
:1002E0000F7A70EE277AF5EEC07AF1EE10FA03DDA0
:1002F000002A08DB9FED0A0A7047B1F1FF4FFBD3DC
:1003000030EE000A7047DFED077A0029BFEE000AE1
:1003100008BFB0EE670A7047FFFF7F00CAF249715D
:10032000000000000000008010B4044C03460A46A0
:1003300020685DF8044B194601F0F4BF1802002054
:1003400000B5054B83B0014601AA186801F0EAFF29
:1003500003B05DF804FB00BF18020020000000009D
:10036000000000000000000000000000000000008D
:10037000000000000000000000000000000000007D
:1003800030B490F800F020F007016FF0000C10F08E
:10039000070491F820F040F048804FF000046FF01F
:1003A0000700D1E9002391F840F000F1080082FA3B
:1003B0004CF2A4FA8CF283FA4CF3A2FA8CF34BBB06
:1003C000D1E9022382FA4CF200F10800A4FA8CF27F
:1003D00083FA4CF3A2FA8CF3E3B9D1E9042382FA4D
:1003E0004CF200F10800A4FA8CF283FA4CF3A2FA62
:1003F0008CF37BB9D1E9062301F1200182FA4CF29A
:1004000000F10800A4FA8CF283FA4CF3A2FA8CF300
:10041000002BC6D0002A04BF04301A4612BAB2FA22
:1004200082F200EBD20030BC7047D1E9002304F027
:100430000305C4F100004FEAC50514F0040F91F85C
:1004400040F00CFA05F562EA05021CBF63EA0503F9
:1004500062464FF00004AAE7830730B547D0541E28
:10046000002A3ED0CAB2034601E0013C39D303F86A
:10047000012B9D07F9D1032C2CD9CDB205EB052515
:100480000F2C05EB054535D9A4F1100222F00F0C15
:1004900003F1100EE6444FEA121C1A46C2E9005559
:1004A000C2E9025510327245F8D10CF1010214F084
:1004B0000C0F03EB021204F00F0C13D0ACF1040389
:1004C00023F003030433134442F8045B9342FBD14B
:1004D0000CF003042CB1C9B21C4403F8011BA34265
:1004E000FBD130BD64461346002CF4D1F9E7034636
:1004F0001446C0E71A46A446E0E700BF0EB470B544
:100500009DB021AC00254FF4017254F8046BADF896
:1005100014201B9502900690FFF732FF0B4B0A93B5
:100520000B4B03904FF6FF710790ADF8161018684B
:100530000E953246234602A91395019400F092FBD2
:100540001DB0BDE8704003B0704700BF69210008CE
:10055000180200200CB4F0B59DB022AC00254FF479
:1005600001730646084654F8047BADF81430029136
:1005700006911B95FFF704FF0346039307930A4B6D
:100580000A934FF6FF73ADF816303A4630462346CD
:1005900002A90E951395019400F064FB1DB0BDE80F
:1005A000F04002B0704700BF6921000811F0FF0160
:1005B000034600F0030239D08ABB026810B501EB94
:1005C000012E0EEB0E4E8EEA0204A2F1013323EA55
:1005D0000203A4F1013222EA0402134313F0803F24
:1005E0000FD150F8044F84EA0E0CA4F10133ACF1A2
:1005F000013223EA040322EA0C02134313F0803F82
:10060000EFD0037823B936E010F8013F002B32D049
:100610009942F9D110BD8A4228D09A0729D01A7878
:1006200018460133002AF6D110467047CAB902684D
:10063000A2F1013323EA020313F0803F08D150F8FE
:10064000042FA2F1013323EA020313F0803FF6D016
:1006500003785BB110F8013F002BFBD1704799077D
:1006600005D0184613F8012B002AF8D17047184618
:10067000DDE71846A1E7184610BD00BF00000000E6
:1006800002780B78012A28BF9A4240F0D8806DE9A1
:10069000044540EA0104CDE902676FF0000C4FEA1F
:1006A00044721AB380EA010414F0070F6BD100F012
:1006B000070420F0070004F0030521F007014FEACA
:1006C000C505F0E8042314F0040FF1E804670CFA00
:1006D00005F462EA040266EA04060BD063EA040346
:1006E000624667EA0407664604E000BFF0E80423B8
:1006F000F1E8046782FA4CF582EA0604A4FA8CF465
:100700006CBB83FA4CF583EA0705A5FA8CF595B91D
:1007100050E9022351E9026782FA4CF582EA0604A5
:10072000A4FA8CF483FA4CF583EA0705A5FA8CF554
:100730002543DBD09CB92DBAB5FA85F424F0070423
:1007400027FA04F1DDE9026723FA04F303F0FF005E
:1007500001F0FF01FDE80445A0EB0100704724BA59
:10076000B4FA84F424F0070426FA04F1DDE9026700
:1007700022FA04F202F0FF0001F0FF01FDE8044557
:10078000A0EB0100704714F0030F3CD110F00304FC
:1007900028D150F8082B51F8083B82FA4CF582EA30
:1007A0000305A5FA8CF55DB950F8042C51F8043C0A
:1007B00082FA4CF582EA0305A5FA8CF5002DE8D003
:1007C0002DBAB5FA85F424F0070423FA04F122FACD
:1007D00004F202F0FF0001F0FF01FDE80445A0EB88
:1007E000010070474FEAC40420F0030050F8082BC2
:1007F00021F0030151F8083B0CFA04F462EA040208
:1008000063EA0403C9E710F003041DD0A1EB04015F
:1008100020F00300E40750F8042B06D012D28B78A6
:100820005FFAA2F4E41A06D12BB1CB785FFAB2F4E6
:10083000E41A00D133B920465DF8104B7047A2EBA3
:100840000300704701F1040150F8042BCC0721F09C
:10085000030151F8043B48D824D222F07F4482FAA5
:100860004CF594EA1325A5FA8CF50AD165B951F82F
:10087000043B84EA0204B4EB036F0ED150F8042B5E
:10088000EBE74FEA132355E035F07F454DD108786B
:10089000FDE80445C0F1000070474FEA126203F022
:1008A000FF0347E002EA1C4482FA4CF594EA134540
:1008B000A5FA8CF50AD165B951F8043B84EA020423
:1008C000B4EB034F0CD150F8042BEBE74FEA134382
:1008D00030E015EA1C4528D10B884FEA124229E086
:1008E0004FEA124203EA1C4324E002F0FF0482FABA
:1008F0004CF594EA1365A5FA8CF50AD165B951F85F
:10090000043B84EA0204B4EB032F09D150F8042B12
:10091000EBE74FEA13630DE015F0FF0F05D10B680D
:100920004FEA122223F07F4304E04FF00000FDE87D
:100930000445704712BA1BBA82FA4CF482EA0304E7
:10094000A4FA8CF5B5FA85F402FA04F203FA04F37A
:100950004FEA1260FDE80445A0EB1360704700BF4A
:100960002DE9F047074649480E46354616F801EB93
:1009700010F80EC01CF0080CF7D1BEF12D0F5AD0A4
:10098000BEF12B0F03BF96F800E06446AE1C644630
:100990004BB9BEF1300F5CD00A23DFF8F4804FF082
:1009A000050A99460AE0102B4AD04FF0FF38B8FBF1
:1009B000F3F803FB08FA6FEA0A0A9946002528466D
:1009C00005E02CD009FB00C0012516F801EBAEF1C3
:1009D000300CBCF1090F06D9AEF1410CBCF1190F76
:1009E0000BD8AEF1370C634510DDB5F1FF3FECD00D
:1009F0004045E6D94FF0FF35E7E7AEF1610CBCF1B9
:100A0000190F03D8AEF1570C6345EEDC6B1C0BD00D
:100A100004B140420AB165B91160BDE8F087D44520
:100A2000D0DD4FF0FF35D0E722233B602846002A77
:100A3000F3D0711EF0E796F800E00124AE1CA7E7A2
:100A4000BEF1300F11D04FF00F0A6FF07048994689
:100A5000B4E7337803F0DF03582B0BD008234FF0B3
:100A6000070A6FF060489946A8E7307800F0DF0089
:100A70005828E8D14FF0100996F801E04FF00F0A1E
:100A800002366FF070484B4698E700BFD9950308CF
:100A90009999991964E700BF10B4044C8446134631
:100AA00020685DF8044B0A46614659E718020020A9
:100AB00010B4044C8446134620685DF8044B0A4683
:100AC00061464DE718020020002A3ED030B584462A
:100AD0000446084380070B462ED1032A07D82BE093
:100AE000043A25D01EF0803F22D1032A22D9206863
:100AF000194653F8045BA0F1013EA842A4462EEA31
:100B0000000E04F10404EBD09CF800000C78844241
:100B10001DD1E64668B11EF8010F11F8014FA2EB96
:100B20000E03A04203F1FF3311D11CEB0303F1D1FB
:100B3000002030BDA44619469CF800000C78A04265
:100B400005D1012AF4D0E646E4E710467047001BC1
:100B500030BD00BF88420ED98B1883420BD900EB01
:100B6000020C002A6ED0624613F801CD02F801CDC6
:100B70009942F9D170470F2A0FD8034602F1FF3C82
:100B8000002A5FD00CF1010C013B8C4411F8012BC1
:100B900003F8012F6145F9D1704740EA01039B0733
:100BA00051D1A2F1100370B501F1200C23F00F0513
:100BB00001F1100E00F11004AC441B095EF8105C4A
:100BC00044F8105C5EF80C5C44F80C5C5EF8085C61
:100BD00044F8085C5EF8045C44F8045C0EF1100E06
:100BE000E64504F11004E9D1013312F00C0F01EBDA
:100BF000031102F00F0400EB031328D0043C24F08F
:100C000003064FEA940C1E441C1F8E465EF8045BDC
:100C100044F8045FB442F9D10CF1010402F003027C
:100C200003EB840301EB840102F1FF3C4AB10CF1B8
:100C3000010C013B8C4411F8012B03F8012F614595
:100C4000F9D170BD704702F1FF3C03469AE7224696
:100C5000EAE700BF08B5062003F038F801200BF0E2
:100C60007DFF00BF2DE9F04F8946B1F90C10ADF5BD
:100C70002F7D804688040693D9F8643007D441F468
:100C8000005123F40053A9F80C10C9F86430C3F3E1
:100C900040319B0400F1C080164616F8013B1193C9
:100CA000002B00F0F486DFF854A70A918E460591D8
:100CB0008B46039107911AF8034014F008046FD192
:100CC000252B5DD131782246A1F12503701C532BD1
:100CD00061D8DFE813F0540060006000600060003D
:100CE000530460006000600060006000A500A50083
:100CF000A500A500A500A500A500A500A500A500CC
:100D000060006000600060006000600060006000E3
:100D100060006000C303B0006000B00060006000CD
:100D2000600060003F0460006000B7036000600086
:100D3000600060006000600060006000950360007B
:100D400060004804600060006000600060006000B7
:100D50006000CC03D603B000B000B000D803E003BD
:100D6000600060001A046000260473063B04600003
:100D70006000C003600075066000600095030646D1
:100D8000D9F80430002B3BDDD9F8003016F8012CDF
:100D90001978914221D003980DF52F7DBDE8F08F91
:100DA000D9F804200FE0D9F800301A781AF8022098
:100DB000170703F101030ED5D9F80420013AC9E958
:100DC00000320BF1010B002AEDDC4946404601F0F0
:100DD0001DFE0028E7D002960AE00133C9F8003072
:100DE000D9F804300296013B0BF1010BC9F804302D
:100DF000029E16F8013B1193002B7FF45CAFCAE70B
:100E00004946404601F002FE0028BDD0039B1BB1BD
:100E1000B9F80C305B06BED54FF0FF330393BAE749
:100E200014F08F0FB7D102EB820201EB4202303A8D
:100E30007178064648E702900425D9F80430002B63
:100E400000F3368349464046049201F0DFFD002856
:100E5000DCD114F0400F049A00F02A836B1E032BA0
:100E600000F2A286DFE813F0B1016C01B4000400C7
:100E70004046049203F034F9049A03680C93531E1D
:100E8000B3F5AE7F44F4F06440F28C846FF4AE703E
:100E900013180F9340F25D12002556ABCDE90D55A6
:100EA0002E4604950B95CDF820800993C8461F4621
:100EB000A94625461446D8F800000378A3F12B0C68
:100EC000BCF14E0F50D8DFE81CF03B024F003B0254
:100ED0004F004F0085027B007B007B007B007B0086
:100EE0007B007B007B007B004F004F004F004F00DA
:100EF0004F004F004F0041027900790079001F0236
:100F000014024F004F00C3014F004F004F004F002D
:100F100071024F006E024F004F004F0069024F00F8
:100F20004F004F0053024E024F004F004F004F0042
:100F30004F004F004F0041027900790079001F02F5
:100F400014024F004F00C3014F004F004F004F00ED
:100F500071024F006E024F004F004F0069024F00B8
:100F60004F004F0053024E020C9A92F800C09C456D
:100F700017D1AA0515D5049A0B9225F4207507F808
:100F8000013B013CD8F80430013B002B0BF1010B75
:100F9000C8F8043040F307830130C8F80000002C83
:100FA00089D1049B2C4635464E46C146DDF820804B
:100FB000002B00F0628124F480745EE12A05F0D5F4
:100FC00019EB060CEDD1664625F4C075E146D6E76F
:100FD000531EB3F5AE7F88BF6FF4AE714FF00006BD
:100FE0008CBF5718002756AB88BF40F25D124946A8
:100FF000D946B346059E089744F4586409931D46A4
:101000001746086890F800C0ACF12B034D2B5FD851
:10101000DFE813F012025E0012025E005E00BC0206
:1010200018011801180118011801180118010B0204
:101030000B025E005E005E005E005E005E005E0011
:101040004E004E004E004E004E004E005E005E0010
:101050005E005E005E005E005E005E005E005E00A0
:101060005E005E005E005E005E005E005E00FF01EE
:101070005E005E005E005E005E005E005E005E0080
:101080004E004E004E004E004E004E005E005E00D0
:101090005E005E005E005E005E005E005E005E0060
:1010A0005E005E005E005E005E005E005E00FF01AE
:1010B0000A2E0DDD24F4386405F801CB4B68013BA2
:1010C000002B4B6040F37A8201300860013F98D1D9
:1010D00005965E46CB468946E10507D5099B9D42AC
:1010E00000F2AD84099B9D423FF455AE14F010020E
:1010F00040F07482059B079F09992A704046B847C3
:10110000069BA20603F1040700F16282630700F167
:10111000758414F0010240F05A82A40740F157820E
:10112000B44B079999424046059B099900F01785F1
:1011300002F048FF0B46069A1168C1E9000349E234
:10114000D9F800100B78002A1AF8033008BF4FF0C6
:10115000FF32E00704F0100603F0080300F1768286
:10116000002E00F02983002B7FF442AED9F8043022
:101170000131013B012AC9F80010C9F8043008BF49
:101180000BF1010B3FF434AE0124154613E0D9F8FE
:1011900000301A781AF80220160703F1010312D45E
:1011A000C9F80030D9F804300134013BA542C9F830
:1011B000043000F05684002BE9DC4946404601F03B
:1011C00025FC0028E3D0A34412E6002A08BF4FF014
:1011D000FF3204F01003E0070B9300F12C83D9F8E1
:1011E00000100B980B7816ACE35C002800F092829C
:1011F000002B3FF4D0ADD9F804300131013B012A76
:10120000C9F80010C9F8043018BF164610D117E00D
:10121000D9F800301A78A25C01338AB1C9F80030DD
:10122000D9F804300135013BAE42C9F8043007D08B
:10123000002BEDDC4946404601F0E8FB0028E7D0F2
:10124000AB44D5E56C4B24F4386433F9166033E7CE
:10125000002E40F0C881049A002A40F09C8205F4D8
:10126000E06CBCF5E06F00F015842C460023354699
:101270004E46C146DDF820800493013E012E40F227
:1012800050846B1E062B40F25983E50540F1B9816D
:10129000600500F1548417F8011C652907F1FF353A
:1012A0000BF1FF3602D0452940F07E834A46404686
:1012B00001F06EFB14F0100340F06C832B70B3460A
:1012C0000D9B002B40F0A48309990022404603F0B7
:1012D00009FF069BE10757EC106B03F1040540F191
:1012E00044831B6883ED000B039B06950133039336
:1012F0007EE5290503D519EB060C3FF464AE022EFA
:101300007FF44FAE03263AE629053FF559AE05F4C2
:10131000A06CBCF5806F05D06A057FF542AE049ADB
:10132000002AA2D0A90504D4049A0B99521ACDE937
:101330000D2725F47865002245F4C07504921EE659
:1013400029067FF52EAE25F0800518E62A0503D57F
:1013500019EB060C3FF437AEB9F1010F7FF421AE63
:101360004FF002090BE6072E7FF41BAE082606E6B7
:1013700005F4186CBCF5807F7FF413AE049A012A43
:101380007FF40FAE25F480754FF0300C002207F883
:1013900001CB45F40065013C0492F0E5062E7FF494
:1013A00000AE0726EBE52A05B1D4FAE5B9F1000F46
:1013B00040F02081049A2AB905F4E06CBCF5E06F96
:1013C00000F06D83012E02D0042E7FF4EAAD0136C9
:1013D000F6B2D4E5E9057FF5F3AD049B0133049340
:1013E0000F9B25F08005002B3FF4CBAD0F9B013BFD
:1013F0000F93C7E5950A0008B4950308D99503082B
:10140000029044F400748D4B079310230593032539
:1014100013E504F4C063B3F5007F7FF459AE24F400
:10142000007444F4A064102646E6854B33F9166038
:10143000082E3FF73FAE4BE623067FF549AE24F07A
:10144000800439E6029044F001047C4B07930823A2
:1014500005930325F1E402900225EEE4029044F0A6
:101460000104784B07930A2305930325E5E40290D2
:1014700044F040040025D9F80430002B3FF7EEACCF
:10148000E0E40290EDE723077FF485AC717844F047
:101490000404064618E4D9F804300290002B694B86
:1014A00007934FF0000305934FF003057FF7CAAC95
:1014B000D9F800100B781AF8033018077FF5CEAC76
:1014C00016460A4606E0C9F8002013781AF80330D9
:1014D000190718D5D9F80430013B002B0BF1010B8B
:1014E000C9F8043002F10102EDDC4946404601F042
:1014F0008DFA00287FF48AACD9F8002013781AF806
:1015000003301907E6D43246A8E425077FF443AC3C
:1015100071786C2900F09C8244F001040646FFF7C4
:10152000D3BBE70602903FF563AC069B660753F812
:10153000042B00F16A82E507C2F800B004D4A407C6
:1015400002D54FEAEB715160069351E4029044F4E6
:10155000087458E721077FF41EAC717844F0020448
:101560000646FFF7B1BB014616A8049202F048FDFB
:1015700044F04004049A029001257CE722437FF462
:101580000AAC717810240646FFF79EBB23057FF551
:1015900093AD16B944F400740826620540F1C38186
:1015A00024F4B06488E50898414601F02FFA002839
:1015B0007FF4F7AC002C7FF47EACF2E4404604915B
:1015C00001F024FA049900283FF480AD80E5069BE1
:1015D0001B681860039B069701330393099BED1A60
:1015E0003544AB4404E4032E3FF4F1AE052E3FF442
:1015F000EEAED6E4B9F1020F7FF4E4AE4FF003098A
:10160000BDE414F010037FF4F3AB3B7004F4C0634B
:10161000B3F5806F7FF454AE0B9B049A93423FF472
:1016200053AE9A1A0DF2AB239F4228BF0DF2AA27A0
:101630000549384601F08AF946E600BF950A0008D8
:10164000B4950308A91E000838B80308002E40F01E
:10165000A481069F57F804CB002B52D10025069792
:1016600064462F460496154603F040FEB8423FF408
:10167000CDABD9E9003113F8010B0139C9E90031CB
:101680000A9B56AA032BD055099207F1010714AE05
:1016900002D13368042B04D0082200213046FEF723
:1016A000DBFE099A00963B462146404600F098FD35
:1016B000421C0A903FF4AAAB002840F0D58120607C
:1016C00000F08AFD002840F01582BB44013D049BD8
:1016D000002B40F0EA8104341F46D9F80430002B77
:1016E00040F3F981D9F800301B781AF803301B0752
:1016F00001D4002DB8D1049E069FA446002E40F0D0
:10170000AD81039B0697013303930023CCF800308F
:10171000FFF76EBB069F57F8040B002B3FF43BAB63
:10172000D9F80430013BC9F804304B1CC9F800302B
:1017300006460B7806F8013B012A23D08518049051
:1017400011E0D9F800100B78E35C7BB3D9F80430D2
:10175000013BC9F804304B1CC9F800300B7806F87F
:10176000013BAE4222D0D9F80430002BE9DC4946D7
:10177000404601F04BF90028E3D00498B0423FF412
:1017800045AB351A039B0697013303930023AB4403
:101790003370FFF72DBB2C4635464E46C146DDF86B
:1017A000208008E400230F93FFF776BB0498351AD6
:1017B000002DE7D1FFF7EFBA069F57F8046B002B17
:1017C00040F0CB81D9F80430013BC9F804304B1C00
:1017D000C9F8003034460B7804F8013B012A00F0C8
:1017E000C381B51813E0D9F800301A781AF802202E
:1017F000100716D4D9F80420013AC9F804205A1C5D
:10180000C9F800201B7804F8013BAC4209D0D9F894
:101810000430002BE7DC4946404601F0F7F8002889
:10182000E1D0A61BB344039B069701330393002327
:101830002370FFF7DDBA002B40F0DE80069B53F8E3
:10184000047B06930A9CCDF820B000259346CDF882
:10185000108003F04BFDA8423FF4D8AAD9E900322A
:1018600056A813F8011B4155013A032CC9E900326F
:1018700005F101050DF1480803D1D8F80030042B1B
:1018800004D0082200214046FEF7E6FD39460498C0
:10189000CDF800802B4656AA00F0A2FC411C04465D
:1018A0003FF4B4AA002840F0BD803860064614AB6F
:1018B0000822002118460993FEF7CEFDB749099B7F
:1018C00004983246D1F8E06010A9B04701280CBF57
:1018D0009DF84060002616AB9B5D002B00F0E78072
:1018E000089B032C2B44089300F0A3800BF1FF3BD3
:1018F0000B9B03B90437D9F80430002B4FF00005D7
:101900006BDDBBF1000FA4D1DDF820B0DDF8108055
:101910000A940B9B002B7FF46BAA3B60039B013363
:101920000393FFF765BA089B24F4607413B1013B7D
:10193000089301370BF1010BFFF7C0BB022D40F2FA
:101940001E81032D3FF4A1AC043DEEB2F5433D44AE
:1019500017F8011D4A46404601F01AF8AF42F7D188
:101960000BF1FF3BABEB060B8FE4069BA2071B685A
:10197000049347D432463B463046394609F0F8FCDA
:10198000002840F0F4803046394609F04FFD049BB2
:101990001860A9E4B346FFF72BBA002B7FF428AAFE
:1019A000069F0DF1440C59E64A46404600F0F0FF10
:1019B000ABF1020617F8021CBD1E77E4029044E565
:1019C000774B07930A23029005930325FFF735BA57
:1019D000D9F80430002B3FF73CAF0498494601F09A
:1019E00015F800288DD0DDF820B0DDF810800A94BD
:1019F000002D8ED0FFF70ABA11AF23E7069B1B68B4
:101A00001880E7E583ED000B6EE4A2F800B09BE5DB
:101A10000E9F0A230022791C404600F045FA0D9BD8
:101A2000C21AFFE5821CD3D03E68731C7FF43FAF1F
:101A300051E7D8F80030042B7FF458AF58E715F879
:101A4000011C4A464046013D00F0A2FFFFF74ABB99
:101A5000B17844F002040236FFF736B90697FFF773
:101A6000C7B9AB44FFF7C4B90A9B02333FF435AEA4
:101A7000206800F0B1FB00283CD10A9B032BBB443B
:101A80007FF424AE3368042B7FF420AE1FE603936B
:101A9000FFF781B925F4F0650126FFF770BA25F448
:101AA000F0654FF00109FFF76ABA002715E6DDF887
:101AB00020B0DDF810800A94002D3FF42AAF56AB19
:101AC0005C19013D14F8011D4A46404600F060FFD4
:101AD000002DF6D11DE74946404600F097FF00284B
:101AE0003FF400AE3D46049E069FA446002D7FF4C1
:101AF0008DA903E63D46049E069FA446002D3FF4B3
:101B0000FDAD099CCDF810C02C44013D14F8011D19
:101B10004A46404600F03CFF002DF6D1DDF810C0EB
:101B2000ECE5099CA7427FF636A917F8011D4A4645
:101B3000404600F02DFFA742F7D1FFF72CB9099CD2
:101B4000A7427FF628A917F8011D4A46404600F033
:101B50001FFFA742F7D1FFF71EB9344663E605F031
:101B60001FFB0B46FFF7E7BA0BF1010B5BE60D48D5
:101B700002F064F9049B83ED000AFFF7B5BB099BF3
:101B80009F427FF608A917F8011D4A46404600F01B
:101B9000FFFE099B9F42F6D1FFF7FDB84C030020E2
:101BA000950A000818B90308012A38BF012204F079
:101BB000100714F00104164615D1002F6BD1069CB6
:101BC000134654F8041BCDF800900122404600F063
:101BD00039FF00283FF41AA9039B0694013383447C
:101BE0000393FFF705B9002F46D000230493002587
:101BF0002C460A9DCDF8208003F078FBA0423FF4EC
:101C000005A9D9E9003156AA13F8010B105501397D
:101C1000032D04F10108C9E9003114AC02D1226896
:101C2000042A04D0082200212046FEF715FC56AAFB
:101C3000049908980094434600F0D2FA421C0546E5
:101C40003FF4E4A800283CD1C344013E27B9049BDB
:101C50001F60049B04330493D9F80430002B4FF029
:101C600000043FDD002EC7D1DDF820800A95002F4B
:101C70003FF454AEFFF7BCB8069B53F8042B049214
:101C80000693B4E7C9F80010404649461C44F61ACA
:101C900000F0BCFE78B9D9E900239E4202EB0301B3
:101CA000F0DC9B1B32443444C9F80430C9F80020EE
:101CB000A344FFF79DB8002C3FF4A8A8A344FFF766
:101CC00097B8831C09D00328C34402D12368042B8E
:101CD00000D0013E002FBCD0BEE7D9F80410002987
:101CE000444689DC0898494600F090FE0028B9D0A7
:101CF000DDF820800A95002C7FF488A8002F3FF49F
:101D00000DAEFFF775B800BF13460A460146022024
:101D100000F0D6BA032A30B415D941EA0004A4076A
:101D200084460B4604D0541E0FE0043A032A08D917
:101D30001946604653F8044B5CF8045BA542F4D0A6
:101D4000F1E760461946541E7AB1431E0139021963
:101D500001E09A4209D013F8010F11F801CF604554
:101D6000F7D0A0EB0C0030BC7047002030BC7047AF
:101D7000242B2DE9F84F43D8012B41D08046494808
:101D80001F468E4675461EF801BB10F80B4014F036
:101D90000804F7D1BBF12D0F6FD0BBF12B0F08BF9B
:101DA0009EF800B06FF0004908BF05F1020E73BB4A
:101DB000BBF1300F4BD00A273B460025B9FBF7F6A5
:101DC000284607FB169A05E03AD007FB00C001251C
:101DD0001EF801BBABF1300CBCF1090F06D9ABF119
:101DE000410CBCF1190F19D8ABF1370C63451EDD5E
:101DF000B5F1FF3FECD08642E6D24FF0FF35E7E782
:101E000005F0F4F8162303600020BDE8F88F102BCE
:101E1000D3D1BBF1300F23D01F46CEE7ABF1610C1D
:101E2000BCF1190F03D8ABF1570C6345E0DC6B1C18
:101E30002BD054B9002AE8D085BB1160BDE8F88FDB
:101E4000E245C2DA4FF0FF35C2E74042F2E79EF8C2
:101E5000003003F0DF03582B08D008273B46ACE7DF
:101E60009EF8000000F0DF005828D5D110279EF81A
:101E700001B03B460EF1020E9FE79EF800B04FF016
:101E8000004905F1020E012491E72223C8F8003031
:101E900032B10EF1FF3148461160CFE78146F8E7D5
:101EA0004846B2E7D995030862E700BF10B4044C76
:101EB0008446134620685DF8044B0A46614657E79E
:101EC0001802002010B4044C8446134620685DF8C4
:101ED000044B0A4661464BE71802002008B410B5CF
:101EE000002A9DB0044636DB4FF40273ADF814307F
:101EF0004FF000031B930291069120AB17D0013ADB
:101F00004FF6FF7104920792ADF816101F9A0193D5
:101F100002A903F065FA421C01DA8B232360029BBD
:101F200000221A701DB0BDE8104001B070474FF696
:101F3000FF7104920792ADF816101F9A019302A93F
:101F400003F04EFA431C01DA8B2323601DB0BDE879
:101F5000104001B070478B2303604FF0FF30F5E76E
:101F60000CB410B5214B00291C689CB038DB4FF035
:101F700000034FF402721B93ADF8142002900690F8
:101F80001FAB18D001394FF6FF7204910791ADF8DD
:101F9000162002A91E9A0193204603F021FA421C42
:101FA00001DA8B232360029B00221A701CB0BDE86B
:101FB000104002B070474FF6FF7204910791ADF8E0
:101FC000162002A91E9A0193204603F009FA431C29
:101FD00001DA8B2323601CB0BDE8104002B07047CB
:101FE0008B2323604FF0FF30F5E700BF180200207D
:101FF000024B0146186805F003B900BF1802002023
:10200000024B0146186806F03DBC00BF18020020D4
:10201000844641EA000313F003036DD1403A41D3F3
:1020200051F8043B40F8043B51F8043B40F8043BB2
:1020300051F8043B40F8043B51F8043B40F8043BA2
:1020400051F8043B40F8043B51F8043B40F8043B92
:1020500051F8043B40F8043B51F8043B40F8043B82
:1020600051F8043B40F8043B51F8043B40F8043B72
:1020700051F8043B40F8043B51F8043B40F8043B62
:1020800051F8043B40F8043B51F8043B40F8043B52
:1020900051F8043B40F8043B51F8043B40F8043B42
:1020A000403ABDD2303211D351F8043B40F8043BE2
:1020B00051F8043B40F8043B51F8043B40F8043B22
:1020C00051F8043B40F8043B103AEDD20C3205D3F2
:1020D00051F8043B40F8043B043AF9D2043208D0EA
:1020E000D2071CBF11F8013B00F8013B01D30B885C
:1020F00003806046704700BF082A13D38B078DD03A
:1021000010F003038AD0C3F10403D21ADB071CBF0B
:1021100011F8013B00F8013B80D331F8023B20F875
:10212000023B7BE7043AD9D3013A11F8013B00F8AE
:10213000013BF9D20B7803704B7843708B78837036
:102140006046704710B50C46B1F90E1005F042F824
:10215000002803DB236D0344236510BDA38923F40A
:102160008053A38110BD00BF002070472DE9F041CE
:102170000C46B1F90C101F46CB05054616460BD48C
:1021800021F48051A1813B46B4F90E103246284615
:10219000BDE8F04100F00EB9B4F90E1002230022A0
:1021A00006F0CCFCB4F90C10EAE700BF10B50C4601
:1021B000B1F90E1006F0C2FCB4F90C30421C0EBF8F
:1021C00023F4805343F480532065A38110BD00BFE6
:1021D000B1F90E1001F0CCBC002104F00DBF00BF1E
:1021E00070B50D4C82B0D4F8E460069C05462AB167
:1021F0000094B047431C08D002B070BD11460123C3
:10220000064A0094B047431CF6D100228A2322607C
:102210002B6002B070BD00BF4C03002018B903084A
:1022200070B51C460F4B1D680F4B82B0D3F8E460AD
:1022300051B1944663460A46009401462846B04789
:10224000431C08D002B070BD0123084A0094284600
:10225000B047431CF6D100228A2322602B6002B0D3
:1022600070BD00BF180200204C03002018B90308FD
:1022700070B50F4B0F4DAB42A3EB050607D0B61060
:10228000002455F8043B01349847A642F9D837F0AA
:102290009DF8094D094B5E1BAB424FEAA60606D0DE
:1022A000002455F8043B01349847A642F9D870BD84
:1022B000C4E50408C4E50408C4E50408ECE5040822
:1022C00070B4164D2C681CB365681F2D23DC38B91B
:1022D000AB1C0135656044F82310002070BC7047CA
:1022E00004EB850C0228CCF88820D4F888614FF0E4
:1022F000010202FA05F246EA0206C4F88861CCF847
:102300000831E5D1D4F88C311343C4F88C31DFE7C0
:10231000034C2C60D8E74FF0FF30DFE7D80F0020E8
:10232000D40C00202DE9F047DFF8749007460E46E4
:10233000904601F061FED9F800504DB133781C464B
:102340006BB1344602E014F8013F3BB13D2BFAD1AA
:10235000384601F053FE0020BDE8F087A41B286832
:102360000028F5D022463146FEF7AEFB28B9286892
:10237000035D3D2B00EB040A04D055F8040F002840
:10238000F0D1E5E7D9F80030EB1A9B103846C8F8D1
:10239000003001F033FE0AF10100BDE8F08700BF14
:1023A000B804002000B583B001AAFFF7BBFF03B05B
:1023B0005DF804FB38B50C46084D844611462046AE
:1023C0001A4600232B60644622F078FB431C00D0A1
:1023D00038BD2B68002BFBD0236038BDDC0F0020FC
:1023E00000207047024A0349034801F055BE00BF70
:1023F000400300207D8A0008200200200C4B416829
:10240000994210B5044601D006F038FBA168094B8B
:10241000994202D0204606F031FBE168064B994212
:1024200004D02046BDE8104006F028BB10BD00BF18
:10243000640E0020CC0E0020340F002000207047D6
:102440002DE9F8432A4C2B49DFF8BC90DFF8BC801B
:10245000294FC4F83811002504230822294604F125
:102460005C00264EE360C4E90055C4E90455A5604C
:102470006566A561FDF7F0FF214B636708222946D9
:1024800004F1C400C4E90749C4E90987C4E91A553D
:10249000C4E91E552567C4F8CC50C4F88050E662E4
:1024A000FDF7DAFF174BC4F8DC30294604F1680366
:1024B000082204F59670C4F88430C4E92298C4E96F
:1024C0002476C4E93455C4E93855C4F8D850C4F862
:1024D0003451C4F8E850FDF7BFFF04F1D003C4E95C
:1024E0003C98C4E93E76C4F8EC30BDE8F88300BF00
:1024F000640E0020E5230008AD210008D12100086A
:102500000900010012000200452100086D210008A9
:10251000F8B5254BD3F838310646002B3CD0234F75
:10252000D7E90134013B04D51DE05A1C04F16804CD
:1025300019D0B4F90C50013B002DF6D11C4BE360CF
:10254000C4E90155C4E9045565662560A561082202
:10255000294604F15C00FDF77FFFC4E90C55C4E98E
:1025600011552046F8BD3D680DB12F46D8E74FF410
:10257000D671304604F044FE044680B10423C0E91D
:1025800000530C302946A0604FF4D0722546FDF769
:1025900063FF3C602F46C3E7FFF752FFBFE70C2302
:1025A00038603360DDE700BF640E00204003002088
:1025B0000100FFFF436B03B17047044B044AD3F89B
:1025C00038314263002BF7D13AE700BF640E002098
:1025D000FD230008704700BF704700BF024A03494F
:1025E000002001F059BD00BF40030020E123000896
:1025F000024A0349002001F04FBD00BF4003002004
:102600003D2400089368002B00F0F8802DE9F04F7E
:10261000B1F90CC01CF0080F83B0904681460C46FF
:1026200031D00B697BB31CF00207D8F8006038D0BA
:102630000027D4F824B0E169DFF8C4A23D4655452F
:102640002B463A4628BF53464846C5B1D8470028CE
:1026500040F3CA80D8F808301B1A07442D1AC8F86E
:102660000830002B00F0B68055452B46D4F824B036
:10267000E16928BF53463A464846002DE6D1D6E9DF
:1026800000750836DBE72146484606F03DF800288D
:1026900040F0AF80B4F90CC0D8F800601CF002071D
:1026A000C6D11CF0010A63D12368A16857461846B9
:1026B0008B46002F58D01CF4007F00F0B580B94243
:1026C0000A4600F2E1801CF4906F2FD02169626904
:1026D0005D1A02EB420202EBD2726B1C52103B44B9
:1026E000934292BF93469B461A461CF4806F00F0BB
:1026F000EA801146484604F083FD002800F0F98086
:102700002A4621690090FFF783FCA289009B22F4EE
:10271000906242F08002A2815819ABEB0505C4F823
:1027200014B02361A5602060BB463A465146009232
:10273000FEF710FAA1682368009AA1EB0B011A4476
:102740003D46A16022600027D8F808305B1BAA44F0
:10275000C8F80830002B3DD02368A168B4F90CC03C
:1027600018468B46002FA6D1D6E900A708369EE76B
:102770003846BB463D460097002D41D0002846D044
:10278000009A2068A168D4E90473AA4228BF2A46A7
:10279000B84204D901EB030A524500F38580934205
:1027A00075DCE169676A5A464846B847B0F1000AE5
:1027B0001ADD009BB3EB0A0300930FD00120D8F879
:1027C0000830A3EB0A03D344A5EB0A05C8F8083088
:1027D000002BD1D1002003B0BDE8F08F2146484640
:1027E00004F0CAFB0028EAD0B4F90C3043F04003EF
:1027F000A3814FF0FF3003B0BDE8F08F0020704799
:10280000756833460836002DFAD0D3F800B02A4652
:102810000A21584602F094FD002867D00130A0EB51
:102820000B0300931A46ACE722699A4214D36269FB
:10283000BA4211D86FF00043BB4228BF3B46656ADD
:1028400093FBF2F3E16902FB03F348465246A847C3
:10285000051EC9DD7F1B77E7B94228BF39460D4603
:1028600018460A465146FEF775F9A1682368491BC8
:102870002B44A16023600029ECD12146484604F096
:102880007BFB0028E6D0AFE7BB463A464EE7594609
:102890000192FEF75FF9019AA3689B1AA36023686F
:1028A00013442360924684E759465246FEF752F994
:1028B0002368534423602146484604F05DFB00280A
:1028C0003FF477AF90E7484606F05CF903460028EE
:1028D0007FF422AF2169484605F0D4FFB4F90C30EB
:1028E0000C22C9F8002023F080037FE76A1C0092C5
:1028F00047E70C22B4F90C30C9F8002076E700BF96
:1029000000FCFF7F002301461A461846FFF7D8BC9B
:102910000CB410B59CB01EAB029106916FF0004153
:1029200004910791084953F8042B0591002402A94A
:1029300001931B9402F054FD029B1C701CB0BDE877
:10294000104002B0704700BF0802FFFF0EB430B560
:102950009CB06FF000411FAB049107910A4953F8F6
:10296000042B029000240690084D0868019302A9E8
:1029700005951B9402F034FD029B1C701CB0BDE851
:10298000304003B0704700BF180200200802FFFF6C
:1029900038B54B1C1AD09389144623F02003526893
:1029A000A381236BCDB2A3B1636B934209DD23688E
:1029B0005A1E226003F8015C636801336360284695
:1029C00038BD214601F02EF80028F0D04FF0FF3539
:1029D000F5E7236921682BB18B4203D211F8013C42
:1029E000AB420ED02346C4E90E1204F1400003228C
:1029F0002063626303F8425F0122C4E90032284683
:102A000038BD01390132C4E90012D8E710B50C46CF
:102A1000096B69B104F14003994201D005F032FF1E
:102A2000E36B63600020206313B1A36B236010BDD0
:102A3000A2892369002142F020026160A2814FF047
:102A4000FF30F3E72DE9F04F85B0834602FB03F03A
:102A50000E9C019398B38846D4E90015A842064617
:102A600022D9CDE902024FF0000904F1400A4046A4
:102A70002A46FFF7CDFA2168236B4F19C4E9007984
:102A8000194637465846A844761BDBB1534501D05A
:102A900005F0F8FEE16BC4F83090616091B10D462D
:102AA000B542A16B2160E2D332464046FFF7B0FA4F
:102AB000D4E90032921B3344C4E90032019805B0D6
:102AC000BDE8F08FDDE90202A3892844C01B43F072
:102AD0002003B0FBF2F02269A3810023C4E90023A4
:102AE00005B0BDE8F08F00BF2DE9F04F8A46B1F97F
:102AF0000C10DDB08C0407930390DAF8643007D42F
:102B000041F4005123F40053AAF80C10CAF86430C1
:102B10009804C3F3403100F1A483164616F8013B34
:102B20000D93002B00F08986DFF8A08406918E4675
:102B30008B4689460591089118F8034014F0080463
:102B40006ED1252B5DD131782746A1F12503721C6A
:102B5000532B61D8DFE813F0540060006000600080
:102B600060002F0260006000600060006000D00024
:102B7000D000D000D000D000D000D000D000D000D5
:102B8000D0006000600060006000600060006000D5
:102B90006000600060002302600060006000600070
:102BA000600060006000270260006000310160008A
:102BB0006000600060006000600060006000DC0099
:102BC000600060003A01600060006000600060002A
:102BD00060006000A001A501600060006000AC0121
:102BE000B40160006000FA016000050201061C02E9
:102BF0006000600020026000040660006000DC00ED
:102C00001646DAF80430002B5BDDDAF8003019786C
:102C100016F8012C914232D005985DB0BDE8F08FD6
:102C2000DAF80430039F0AF1400500241A460FE049
:102C3000DAF800301A7818F80220120703F10103BD
:102C40003DD5DAF80420013ACAE9003209F1010958
:102C5000002AEDDCDAF830303846194613B3AB42BF
:102C600001D005F00FFEDAF83C30CAF83040CAF85F
:102C70000430BBB1DAF83830CAF80030DAE7013393
:102C8000CAF80030DAF804300496013B09F1010972
:102C9000CAF80430049E16F8013B0D93002B7FF414
:102CA0004BAFB9E7BAF80C3043F02003AAF80C3068
:102CB000DAF81030CAF800300023CAF8043004965D
:102CC000E8E7DAF83010002900F0B9820AF1400391
:102CD000994202D0039805F0D5FDDAF83C30CAF8E5
:102CE00004300022CAF83020002B00F0A882DAF865
:102CF0003830CAF800308AE714F08F0F8CD107EB18
:102D0000870701EB4701A1F13007717816461CE7F0
:102D1000049244F40074AB4B0893102306930323EE
:102D2000DAF80410002900F3D880DAF8301000290E
:102D300000F085820AF14000814204D00398099393
:102D400005F0A0FD099BDAF83C10CAF80410002039
:102D5000CAF83000002900F07282DAF83810CAF898
:102D60000010600640F1B980022B00F0FE81032BB9
:102D700000F02E81012B37D0012F04F0100238BF54
:102D8000012714F001040A9240F02E840A9B002BC4
:102D900040F0CC82079C039854F8041BCDF800A0A7
:102DA0003B460122FFF74EFE002800F05382059BB0
:102DB00007940133814405936CE7049244F00104C5
:102DC000804B0893082306930323A9E711461CA808
:102DD00001F016F944F0400404900123DAF80410DD
:102DE0000029A2DD012BC7D1002F04F0100208BF7B
:102DF0004FF0FF3714F001040A9240F08883DAF8AC
:102E000000600A9A31781CAD695C002A00F0CE821D
:102E100000293FF401AFDAF8041001360139012F1F
:102E2000CAF80060CAF8041000F020830AF14006D6
:102E3000CDF82490B14626461C4612E0DAF8001080
:102E40000878285C0131002800F00D83CAF80010D2
:102E5000DAF8041001340139A742CAF8041000F06E
:102E600002830029EADCDAF8303003981946002B97
:102E700000F024854B4501D005F004FDDAF83C1044
:102E8000CAF83060CAF80410002900F01785DAF893
:102E90003810CAF80010D3E7049244F0400400232D
:102EA0009CE70492484B08930A230693032337E7D1
:102EB00023077FF4B1AE717844F00404164644E66B
:102EC000DAF804300492002B3F4B08934FF00003D4
:102ED00006934FF003037FF728AFDAF8000001787C
:102EE00018F8011009077FF53FAF0AF14006099471
:102EF000002534464E46994608E00130CAF80000E5
:102F0000017818F801100A0740F19581DAF80410E9
:102F10000139002906F10106CAF80410EDDCDAF8DF
:102F2000303003981946002B00F08981A34201D06C
:102F300005F0A8FCDAF83C10CAF83050CAF80410C2
:102F4000002900F07C81DAF83800D7E720077FF409
:102F500063AE71786C2900F0508444F00104164689
:102F6000F3E5E70604923FF595AE079A660752F837
:102F7000043B079200F10084E50700F15A84A4079E
:102F800040F157844FEAE972C3F800905A6081E635
:102F9000049244F40874BEE604920223C0E604924C
:102FA00044F001047EE721077FF436AE717844F0E7
:102FB00002041646C9E527437FF42EAE717810242B
:102FC0001646C2E5950A0008A91E0008D99503080F
:102FD0007B1E262B44F4586440F24781A7F1270357
:102FE0000B932727002312AE1A4609930AF14003D8
:102FF00035460A933346069EDAF8001091F800C071
:10300000ACF12B004D283AD8DFE800F07E397E394C
:1030100039896D6D6D6D6D6D6D83833939393939D0
:10302000393927272727272739393939393939397C
:1030300039393939393939393973393939393939C6
:10304000393927272727272739393939393939395C
:10305000393939393939393939730A2E0FDD24F4C0
:10306000386405F801CBDAF8040001380028CAF802
:10307000040060DD0131013FCAF80010BCD10696A2
:103080001E46E10505D5B54200F29783B5423FF4EF
:10309000C3AD14F0100240F0C980069B089F03984E
:1030A0002A703146B847079BA20603F1040700F1D6
:1030B000B780630700F15C8314F0010240F0AF8039
:1030C000A10740F1AC80B74B089903989942069B41
:1030D000314600F08B8400F075FF0B46079A1168AB
:1030E000C1E900039EE0B04824F4386430F916606A
:1030F000B7E704F4C060B0F5007FC0D124F40074D9
:1031000044F4A0641026ACE72006B8D524F080046F
:10311000A7E7A54830F91660082EA0DCAFE7200528
:103120009FD516B944F400740826600540F1AA82C0
:1031300024F4B06495E7DAF83010002900F08283B7
:103140000A98814205D00398069305F09BFB069BE5
:103150000022DAF83C10CAF83020CAF8041000291E
:1031600000F07083DAF8381085E7DAF800000378A9
:10317000002F18F8035008BF4FF0FF37E10704F0A5
:10318000100205F0080573D4002A00F07181002DAB
:103190007FF480ADDAF804300130013B012FCAF82A
:1031A0000000CAF8043008BF09F101093FF472AD0C
:1031B0000AF14006324601242E46154614E0DAF89C
:1031C0000030197818F80110090703F1010300F124
:1031D000E780CAF80030DAF804300134013BA74236
:1031E000CAF8043000F00F83002BE8DCDAF8303046
:1031F00003981946002B00F0A083AB4201D005F0E4
:1032000041FBDAF83C30CAF83060CAF80430002BD1
:1032100000F09383DAF83830CAF80030D1E7079B22
:103220001B681860059B079701330593099BAD1B2D
:103230001D44A9442EE54B46099CB14694E5DAF8B5
:103240001010BAF80C300022CAE9001243F0200333
:10325000AAF80C30059B23B1BAF80C305B067FF559
:10326000DBAC4FF0FF330593D6E400230B93B9E6B4
:10327000002A00F01E82002D7FF40CAD079C0DF19A
:10328000340C00250A945E462C460792654602F0EF
:103290002DF8A042DED0DAE900210DF1480B12F83A
:1032A000010B0BF80400631C0139032ECAE900214D
:1032B000099310AC02D12368042B04D0082200210A
:1032C0002046FDF7C9F85A46099B03980094294601
:1032D000FEF786FF421C0646BCD0002840F09682CE
:1032E0002860FEF779FF002840F05C83099B994431
:1032F000013F079B002B40F0A38204351C46DAF8FF
:103300000420002A40F3ED82DAF80020127818F841
:103310000220100701D4002FB9D10A9C079AAC46AD
:10332000B346002A00F0CB810794B3E4DAE9001336
:10333000BB4280F25483DAF8302018460AF1400686
:10334000CDE9099B13462546A346B14602461144E2
:10335000CAF800105E463C46039819469344BF1ACB
:10336000002B00F032824B4501D005F08BFADAF8E1
:103370003C20CAF83050CAF80420002A00F0258208
:10338000DAF83810CAF8001097424FF00003DEDC7C
:10339000DDE9099B13463444DB1B3944CAE90013B9
:1033A000A14477E4950A0008DC960308079A52F8CE
:1033B000040B00293FF430ACDAF804100139CAF8E4
:1033C0000410711CCAF800100446317804F8011B7F
:1033D000012F40D0C619CDF81C900AF14007B14624
:1033E00009900A9E0B9211E0DAF800100878285C28
:1033F00048B3DAF804000138CAF80400481CCAF8D7
:103400000000097804F8011B4C451CD0DAF80410C0
:103410000029E9DCDAF8303003981946002B00F077
:103420003682BB4201D005F02DFADAF83C10CAF81A
:103430003060CAF80410002900F02982DAF8381048
:10344000CAF80010D2E70998DDF81C900B9A231AED
:10345000002B3FF4E1AB9944059B079201330593A0
:103460000023237016E4DDF824902346994411E4E8
:10347000079951F8042B002D40F0B382DAF804309C
:10348000013BCAF80430431CCAF8003014460378E4
:1034900004F8013B012F00F0A682D61907910AF12A
:1034A0004007099216E0DAF80010087818F80000D2
:1034B000020701F1010300F1F080DAF80400CAF814
:1034C00000300138CAF80400097804F8011BB4423E
:1034D00000F0E380DAF804100029E4DCDAF8303098
:1034E00003981946002B00F01682BB4201D005F06C
:1034F000C9F9DAF83C10CAF83050CAF804100029AB
:1035000000F00982DAF83810CAF80010CDE7002A76
:1035100040F02081079B53F8042B09920793002465
:103520005D4601F0E3FEA0423FF494AEDAE90032DA
:1035300012A813F8011B0155013A032DCAE9003204
:1035400004F101040DF1380B03D1DBF80030042B3A
:1035500004D0082200215846FCF77EFF099E0398FC
:10356000CDF800B0234612AA3146FEF739FE431CBF
:1035700005463FF46FAE002840F0028130600646F9
:1035800010AB0822002118460B93FCF765FFB549E4
:103590000B9B03983246D1F8E0600CA9B047012894
:1035A0000CBF9DF8306000261CAB9B5D002B00F02B
:1035B0005D81032DA14400F0FA80013F0A9B13B9FD
:1035C000099B04330993DAF80430002B4FF0000410
:1035D00040F3A580002FA4D1AB460A9B002B7FF4BB
:1035E00059AB099A136048E0002A40F0908007998F
:1035F00051F8042B099207911C4612AE0B9301F06F
:1036000075FEA0423FF426AEDAE9002112F8010B64
:1036100030550139BBF1030FCAE9002104F101045F
:1036200010AD02D12B68042B04D0082200212846BB
:10363000FCF712FF09990398009523463246FEF7DE
:10364000CFFDB0F1FF3F83463FF404AE002840F0C9
:103650009F800A9BA144013F23B9099A1360099BEB
:1036600004330993DAF804200B9C002A34DD002F80
:10367000C5D10A9B002B7FF40DAB059B013305934D
:10368000FFF708BB0B9824F4607410B101380B905D
:103690000137099801300990E5E4099A0799A31ABE
:1036A0009944059B07910133059300232370FFF78D
:1036B000F1BA079C54F804CB002D3FF4E2AD059B12
:1036C0000794013305930023CCF80030FFF7E2BAEA
:1036D000DAF80420002A92DCDAF83010002900F031
:1036E0004E810AF14002914202D0039805F0CAF8D7
:1036F000DAF83C20CAF804200023CAF83030002A47
:1037000000F03D81DAF83820CAF80020AFE7002247
:10371000099271E7DAF80430002B3FF702AFDAF8CC
:103720003010002900F019810AF14003994202D0BB
:10373000039805F0A7F8DAF83C30CAF80430002204
:10374000CAF83020002B00F00881DAF83830CAF8C7
:1037500000303FE70DAB0993E1E60492FFF730BB81
:10376000414B08930A23069304920323FFF7D8BA28
:10377000079B1B68188055E5A3F80090FFF78ABAED
:10378000861CC7D0099B1E68701C7FF4F9AE0BE73E
:1037900010F1020F9CD00328A14402D12A68042A08
:1037A00000D0013F0A9B002B3FF459AF5AE7DBF8EA
:1037B0000030042B7FF401AF00E715F8011C0398DB
:1037C0005246013DFFF7E4F860E4BAF80C30DDF84A
:1037D000249043F02003AAF80C30DAF81030CAF82D
:1037E00000305C460023DDF828B0CAF80430002C15
:1037F0003FF430ADA144FFF74DBAB17844F0020474
:103800000236FFF7A2B9B944FFF744BA831C00F0AF
:10381000C7802868FEF7E0FC002840F0C380099BC1
:10382000032E99447FF464AD2268042A7FF460ADCE
:103830005FE5C3F80090FFF72DBA0593FFF7ECB9E9
:1038400000245CE506961E46BAF80C3043F02003CF
:10385000AAF80C30DAF81030CAF800300023CAF8A1
:1038600004300EE44C030020950A0008AB46002CFF
:103870003FF4B3AE12AB039E1D19013C15F8011DB8
:1038800052463046FFF784F8002CF6D1A5E6BAF888
:103890000C300998DDF81C900B9A43F02003AAF82D
:1038A0000C30DAF81030CAF80030A0424FF00003B4
:1038B000CAF804303FF4CEAC231ACCE5BAF80C2099
:1038C000DDF8249042F02002AAF80C20DAF810204B
:1038D000CAF8002023460022CAF804209944FFF7C2
:1038E000D9B9DAF83010002900F085800AF14002D9
:1038F000914202D0039804F0C5FFDAF83C20CAF8E0
:1039000004200021CAF83010002A74D0DAF83820D8
:10391000CAF80020FAE4099A0799A31A9944BAF858
:103920000C3043F02003AAF80C30DAF81030CAF853
:1039300000300023CAF80430B3E6BAF80C3043F084
:103940002003AAF80C30DAF81030CAF8003000234F
:10395000A144CAF80430FFF79DB9BAF80C3043F01F
:103960002003AAF80C30DAF81030CAF8003000232F
:10397000AB46CAF80430002C3FF42FAE6AE4BAF824
:103980000C3043F02003AAF80C30DAF81030CAF8F3
:1039900000300023CAF80430002C3FF46AAE59E42A
:1039A000099CACE4AC46DDE909545B46079AB34692
:1039B0001E46002D3FF4B5AC2E4407943446039EBA
:1039C00009926746013D14F8011D52463046FEF744
:1039D000DFFF002DF6D1079C099ABC46A1E43C46C6
:1039E000DAE414465DE609F101095AE603F0D8FB72
:1039F0000B46FFF773BBBAF80C30079A43F020036D
:103A0000AAF80C30DAF81030CAF80030AC460023BF
:103A10002546B3460A9CCAF80430002D7FF41AAC40
:103A20007FE400BF01F140032DE9F0410C46096B32
:103A3000994214D0666B77003A4605F0A3F8054624
:103A400030B300EB0608014632464046FEF7E0FA86
:103A5000C4E90C57C4F800800020BDE8F0814FF4A1
:103A6000806103F0CDFB98B194F842304FF480624E
:103A7000C4E90C0280F8FF3394F8413080F8FE333B
:103A800094F8402080F8FD2300F2FD332360E3E743
:103A90004FF0FF30E1E700BF70B54C1C2BD00E4655
:103AA0000546144610B1436B002B4CD0B4F90C30D2
:103AB00023F020025807A28106D4D9061BD51B0784
:103AC00034D442F00402A281226B6368F6B2AAB138
:103AD000626B9A4209DD23685A1E226003F8016C6A
:103AE000636801336360304670BD21462846FFF7A6
:103AF00099FF0028EFD04FF0FF36F4E722692168E4
:103B00002AB18A4203D211F8012CB2421ED02246B9
:103B1000C4E90E1304F1400003232063636302F839
:103B2000426F0123C4E90023304670BD2146284678
:103B300003F022FA0028DED1B4F90C20A06022F0B4
:103B40000802A061BDE7FEF735FDAFE7013901339B
:103B5000C4E90013C7E700BF10B4044C03460A468B
:103B600020685DF8044B1946FFF796BF1802002045
:103B700038B5074D0022044608462A6008F0B6FF13
:103B8000431C00D038BD2B68002BFBD0236038BD10
:103B9000DC0F002038B5D0F818410CB1002038BD3A
:103BA0008021054603F02CFB0246C5F8180130B110
:103BB000031F7C3243F8044F9342FBD1EEE74FF0F2
:103BC000FF3038BD30B51F2983B0054609D8D0F87D
:103BD00018310C4653B153F8240043F8242003B0A5
:103BE00030BD162303604FF0FF30F8E780210192CB
:103BF00003F006FB019AC5F8180103460028F2D02D
:103C0000011F00F17C05002041F8040FA942FBD1FF
:103C1000E1E700BF1F2938B505461FD8D0F81821A5
:103C20000C466AB152F8213053B1012B06D0591C11
:103C300010D0002142F8241020469847002038BDBB
:103C4000284602F0C3FD224601462846BDE838401A
:103C500002F0A6BD16230360012038BD16230360C1
:103C60004FF0FF3038BD00BF1F292CD838B5D0F831
:103C700018310C460546A3B153F8242003EB840306
:103C80004AB1511C0BD0012A07D0002520461D60E7
:103C90009047284638BD012038BD032038BD02209A
:103CA00038BD802103F0ACFA0346C5F8180138B1DD
:103CB000021F00217C3042F8041F8242FBD1DBE767
:103CC0004FF0FF3038BD4FF0FF30704738B5144B20
:103CD0001F281D681ED8D5F81821044662B152F875
:103CE00020304BB1012B05D0591C0FD0002142F8D8
:103CF00020109847002038BD284602F067FD224674
:103D000001462846BDE8384002F04ABD16232B6024
:103D1000012038BD16232B604FF0FF3038BD00BFA7
:103D200018020020124B1F2870B51E6809D8D6F85B
:103D3000183104460D464BB153F8240043F8245083
:103D400070BD162333604FF0FF3070BD80213046C8
:103D500003F056FA0346C6F818010028F3D0021FF4
:103D600000217C3042F8041F8242FBD1E4E700BF0F
:103D70001802002038B50C4B1D68D5F818410CB15D
:103D8000002038BD8021284603F03AFAC5F8180112
:103D900038B1031F00F17C0243F8044F9342FBD17A
:103DA000EEE74FF0FF3038BD1802002038B5184B51
:103DB0001F281D6828D80446D5F81801A0B150F86E
:103DC000243000EB84004BB15A1C0BD0012B07D0E0
:103DD0000025056020469847284638BD012038BD9B
:103DE000032038BD022038BD8021284603F008FAA0
:103DF000C5F8180140B1031F00F17C01002243F80F
:103E0000042F8B42FBD1DAE74FF0FF3038BD00BF03
:103E10001802002038B5074D074C2C1BA41005D004
:103E2000013C55F8043D9847002CF9D1BDE83840D5
:103E300035F0D2BAF0E50408ECE504089FED010A7C
:103E4000704700BF0000C07F2DE9F04F85B092465B
:103E50005B4A039089461E460D46294615F8014BDC
:103E6000135D13F00803F8D12D2C7DD02B2C41D0FD
:103E700002934FF0FF326FF00043CDE90023002E94
:103E800043D1302C79D00A27B0463E46DDE9000107
:103E90003A46434607F078FC00238E46834619468F
:103EA0001846A44610E08E4508BF83454CD000FB61
:103EB00008F307FB0133A0FB07010B44201843EB79
:103EC000E471012315F801CBACF13004092C05D9BC
:103ED000ACF14104192C1ED8ACF13704A64222DD06
:103EE000B3F1FF3FEED083457EEB0103DBD24FF011
:103EF000FF33E7E72C7802938D1C6FF000434FF0FF
:103F0000FF31CDE90013002EBBD0102E3ED0374636
:103F10004FEAE678BAE7ACF16104192C03D8ACF1AA
:103F20005704A642DCDC5A1C13D0029A12B140425C
:103F300061EB4101BAF1000F03D0002B3DD1CAF86B
:103F4000009005B0BDE8F08FA242B0DA4FF0FF3329
:103F5000B8E7039A22231360BAF1000F28D0DDE9F5
:103F6000000105F1FF39EAE700934FF0004001231B
:103F70002C78CDE901038D1C81E72B7803F0DF035A
:103F8000582B0ED00827B0463E467FE7302C03D092
:103F900037464FF0000879E72B7803F0DF03582B02
:103FA000F6D110276C784FF0000802353E466DE7D9
:103FB000DDE9000105B0BDE8F08FCDE90001CEE7F5
:103FC000D995030840E700BF10B4044C844613465B
:103FD00020685DF8044B0A46614635E71802002068
:103FE00010B4044C8446134620685DF8044B0A461E
:103FF000614629E718020020704700BF704700BFE4
:1040000070B50C785E2C864624D00023481C9C4654
:10401000002263F3070263F30F2263F3174263F393
:104020001F620EF58071734643F8042B8B42FBD15F
:1040300074B18CF001010EF80410451C15F8013C18
:104040002D2B0ED05D2B0AD01BB11C462846F2E763
:10405000013870BD01234C78881C9C46D8E728465F
:1040600070BD90F801C0BCF15D0FEED06445ECDC92
:10407000661C02300EEB060202F8011BA2EB0E03D7
:10408000013B9C45F8DCACEB0403013B6445A8BF55
:1040900000230235F418D1E72DE9F8430746884696
:1040A00016464FF00009D6E90154013D10D4A3890A
:1040B000012B08D9B4F90E3001332146384602D01D
:1040C000C04749EA0009013D6B1C04F16804EED1C8
:1040D0003668002EE7D14846BDE8F883F0307047D7
:1040E000004870473C040020004870473C04002012
:1040F0002DE9F04F2DED028B9DB0884600210792EF
:10410000189100220021CDE90412834641461791FF
:104110000F4611F8012B2D2A5ED801A050F822F08D
:10412000F3420008D9410008D9410008D9410008EC
:10413000D9410008D9410008D9410008D9410008F7
:10414000D94100080F4100080F4100080F41000845
:104150000F4100080F410008D9410008D94100086B
:10416000D9410008D9410008D9410008D9410008C7
:10417000D9410008D9410008D9410008D9410008B7
:10418000D9410008D9410008D9410008D9410008A7
:10419000D9410008D9410008D9410008D941000897
:1041A0000F410008D9410008D9410008D941000851
:1041B000D9410008D9410008D9410008D941000877
:1041C000D9410008D9410008D94100089B4800089E
:1041D000D9410008AF48000800210891302A00F0BA
:1041E0009780002309932F2A144640F202854FF04E
:1041F000000938464E464D4613E00130082D179011
:10420000C8BF09EB89090478C6BF02EB4902A2F1D5
:104210003009A3F130062F2C05F10105224640F3A9
:10422000B88006EB8603392C02EB4303E5DDB04989
:104230000122FCF749FC00287BD1179A1346013272
:1042400017925C78002D40F0A285302C40F09C85C0
:1042500013461846013317931C78302CF9D0C2F15D
:1042600001031844A4F13103082B36D8179F431CCF
:10427000A4F1300E0D9301253C464FF0000A06EBE9
:1042800086060EEB46060020631C17936478A4F1A3
:104290003002092A00F2F182179C01309646002A6A
:1042A000F2D00128D8BF05F1010C40F3FB8600EBEA
:1042B000050C0CF1FF3103E05E00A94200F0F2862C
:1042C000082D06EB860305F10105F5DD102DDCBF99
:1042D00009EB89094FEA4909EFE7652C40F0EA82CA
:1042E00000230122CDE90C239A46099B034340F0A9
:1042F000D282079B9FED7C8B0BB1C3F80080B0EEA0
:10430000480AF0EE680A1DB0BDEC028BBDE8F08FE4
:104310007A7802F0DF02582A00F02E8401371797CE
:104320003A78302AFAD0002A00F08F8201230993CC
:1043300059E70020CDE90C00AA46652C36D0452C63
:1043400034D000230E93002D7CD1099B034340F011
:104350007C820C9B002BCCD1692C00F0778400F37D
:104360007084492C00F072844E2CC2D1614917A888
:1043700004F0ECFD0028BCD0179B1B78282B00F024
:1043800083855D4804F0E4FEB0EE408AF0EE608A7A
:104390005DE257490122FCF797FB0028C9D1179B22
:1043A0000D905A1C17925C78AA4670E7002D9CD09D
:1043B000DDF85C8008F10103179398F801402B2C7D
:1043C00000F066822D2C00F05B824FF0000CA4F10F
:1043D0003001092900F24C82302C179B0AD101339D
:1043E00017931C78302CFAD0A4F13102082AA8D8EF
:1043F000A4F130015A1C17925C782F2C40F30D84E5
:1044000096460E9308E0013217929EF801402F2C39
:10441000A3F1300106DD964601EB8103392C04EB54
:104420004303F0DD0E9BD21A082A40F3F68344F6CC
:104430001F630E93BCF1000F85D00E9B5B420E9361
:10444000002D82D0DDE90D23BAF1000F08BFAA4686
:104450009B1A102D30460C932C46A8BF102406F052
:1044600073FC092D02460B46CDE9042316DD234BD0
:1044700003EBC40353E9122306F0E0FC024648466E
:104480009046894606F060FC02460B464046494687
:1044900006F01EFB0F2DCDE9040131DC0C9B002B37
:1044A00000F039830C9B40F36882162B40F3BC83E9
:1044B0000C9AC5F12503934222DB104CC5F10F0580
:1044C00004EBC501DDE90423D1E9000106F0B6FCE7
:1044D0000C9B5D1B04EBC504D4E9002306F0AEFC85
:1044E00041EC180BB3E100BF000000000000000029
:1044F00040B803082CB4030818B9030880980308CF
:104500000C9B2C1B1C44002C40F3DA8114F00F0090
:104510000AD03B4901EBC001DDE90423D1E90001E8
:1045200006F08CFCCDE9040134F00F034BD0B3F559
:104530009A7F00F3A083102BDFF8D8E04FEA231412
:1045400040F3E884DDE904234FF0000C0997F046BE
:10455000E146774614F0010F1046194607D0D8E916
:10456000002306F06BFC4FF0010C02460B46641072
:10457000012C09F1010908F10808EBD1BE46099F99
:10458000BCF1000F01D0CDE90423059BA3F15473C6
:104590000EEBC9010593DDE90423D1E9000106F022
:1045A0004DFC184BCDE904010B400A4616498B42DD
:1045B00000F2618315498B4240F24484144C4FF061
:1045C000FF33CDE904340023099300962B4652466D
:1045D0003946584604F07AFE1290002800F04B83CA
:1045E000DDE90D329B1A0C9A002AA8BF00230D9317
:1045F0004FF0000922EAE2731393CA46E6E000BFD7
:10460000809803080000F07F0000A07C0000907CF0
:10461000FFFFEF7F70990308D21A1F2AA4EB020450
:1046200000F33B82012303FA02F500231093099B58
:1046300026444444A0451E444346A8BF2346B342F3
:10464000A8BF3346002B03DDE41AF61AA8EB0308D3
:104650000D9B002B00F3CA81002C00F3E0810C9B22
:10466000002B00F31082002E00F30282B8F1000F3D
:1046700008DD51464246584605F012F882460028A9
:1046800000F0FF8118993A46584605F0A3F8814694
:10469000002800F0F6810023C268C36051460E92E4
:1046A00005F076F80028C0F20284059E00F07C83B5
:1046B0005146484605F03AFA55EC104B00224FF0AF
:1046C00080432046294606F035FE002800F07E8112
:1046D0000E9B002B40F0EE81049B002B40F0788273
:1046E000C6F31303002B40F01982B14B0022204681
:1046F000294606F015FE002840F04D83AD4B002200
:104700002046294606F09AFB0A460146CDE91012DA
:1047100002F100430A900B93DFF8A082A64B06EA51
:1047200008089845DDE90A4500F0CB81099B1BB3D9
:10473000B8F1D46F20D89AA3D3E90023DDE91001A2
:1047400006F0F8FDA0B1DDE9100106F04FFE0128EA
:1047500038BF012006F0F8FA0E9BCDE91001002BBE
:1047600040F08F8201F1004314901593DDE9144568
:1047700005F1D663A3EB0805B0EE480AF0EE680A2F
:1047800005F0E4F8204653EC102B294606F056FBC2
:1047900053EC182B06F09CF9CDE904010C46099B5B
:1047A00023B9864B2340984500F0C181189958469B
:1047B00004F032FD3946584604F02EFD5146584665
:1047C00004F02AFD4946584604F026FD129C58463E
:1047D000616804F0FBFC0746002800F05281226962
:1047E0000232920004F10C010C30FDF711FC9DED3A
:1047F000048B1AAA19A95846B0EE480AF0EE680AC6
:1048000005F034F91890002800F012810121584673
:1048100004F008FE8246002800F03381199B002B2B
:10482000C0F221810D9A139E03EB0208099A1A9C8B
:104830009B1A2344624A013B9342C4F13604FFF6BB
:10484000EBAE002310930125F1E69FED578B079AFD
:104850000AB1179B1360089B002B3FF450AD18EE74
:10486000901A18EE102A01F1004343EC182B46E58C
:104870000023CDF85C800E9365E501230C935CE585
:104880004FF0010C08F10203179398F802409EE5DF
:104890004FF0000CF6E700258AE500220892791C0B
:1048A00017917A78002A3FF424AD0F4696E401224E
:1048B0000892F4E7452C3FF413AD01230C9344E533
:1048C0003FF481AE644214F00F020AD03D4B03EB7B
:1048D000C203DDE90401D3E9002306F0D9FBCDE9E9
:1048E000040124113FF46FAE1F2C40DC14F01003C0
:1048F00018BF6A230993DDE90423DFF8CC804FF069
:10490000000C14F0010F1046194607D0D8E9002317
:1049100006F094FA4FF0010C02460B46641008F1C1
:104920000808EED1BCF1000F01D0CDE90423099BAA
:10493000A3B1DDE90401C1F30A52C2F16B03002BFC
:104940000ADD1F2B40F327830020342B049040F313
:104950008E834FF05C7305936A230993DDE90401AC
:104960000022002306F0D2FC00283FF42EAE2223C2
:104970009FED0D8BCBF8003069E71633FFF6C0AD25
:10498000DDE90D329A1A0F4B03EBC203DDE9040196
:10499000D3E9002306F07CFB41EC180B57E700BF7E
:1049A0000000C0FFFFFFDF4100000000000000002A
:1049B0000000F03F0000E03F0000E07F0000F07FDB
:1049C00002FCFFFF8098030828970308BE4B20468F
:1049D0002946002206F032FA0E9BCDE91001002B89
:1049E00063D101F100430A900B9395E651461A46B4
:1049F000584604F0FBFD8246002842D00146189A32
:104A0000584604F03DFD00283BD00E9018995846BA
:104A100004F002FC0E9B1893002C7FF720AE18992F
:104A20002246584604F03CFE189000287FF417AE4A
:104A300005469FED978B2223CBF800302946584638
:104A400004F0EAFB3946584604F0E6FB5146584666
:104A500004F0E2FB1299584604F0DEFB4946584642
:104A600004F0DAFBF3E6139ADDF83480D61ADDE6BB
:104A700039463246584604F013FE074600287FF4B4
:104A8000F5AD189DD5E73946139A584604F0AEFDAA
:104A9000074600287FF4E7ADF3E78C4AD31A0122DA
:104AA00002FA03F310931546C1E59DED107B8DEDE1
:104AB0000A7B31E69FED787B8DED0A7B8DED107BD7
:104AC0002AE6A6F154730593DDE9044545EC104B45
:104AD00004F03CFFDDE90A2351EC100B06F0AEF9BF
:104AE00022462B4605F0F4FF794A7A4B0A409A4257
:104AF000CDE9040179D918EE902A03F154739A4252
:104B000003D118EE103A0133BBD0734C4FF0FF3392
:104B1000CDE904344AE69DED048B98E69FED607B79
:104B20008DED0A7B9FED5C7B8DED107BF4E5DDE97F
:104B300010562846314606F053FE06F051F902465B
:104B40000B462846314605F0C1FF0E9D049EC4F376
:104B50001304354302460B462543CDE90E2325D1E8
:104B600051A3D3E9002306F0DBFB00283FF41EAE7F
:104B70009DED048B189D61E70293089B019318AB90
:104B80000093564A19AB17A9584601F073FE10F06E
:104B90000F0504463FF459AE062D40F0A9800137B9
:104BA00000239FED438B1797089350E642A3D3E968
:104BB000002306F0B5FB0028DAD1DDE90E0140A3A1
:104BC000D3E9002306F0CAFB00283FF4EFADCFE79E
:104BD000049B012BA2D1002EA0D1189C22239FED73
:104BE000348B2546CBF8003028E701F15474059446
:104BF000D5E53B4901223846FBF766FF002800F067
:104C0000BA804FF000094E464846CDF834904D46E4
:104C1000CDF83090CA46FFF792BB44F61F63994225
:104C2000A8BF19460E9105E40C982E4901EBC0016E
:104C3000DDE90423D1E9000106F000F941EC180B8D
:104C400005E66E2C3FF492ABFFF753BB264917A83D
:104C500004F07CF900283FF44CAB179B2349013B3F
:104C600017A8179304F072F910B9179B0133179323
:104C70009FED078BEBE522239FED058BCBF80030F2
:104C8000E5E59DED107B8DED147B6FE5AFF30080C6
:104C9000000000000000F07F000000000000F03F76
:104CA000000000000000F0BF9535A094FFFFCF3F4B
:104CB00000000000000000009535A094FFFFDF3FDA
:104CC00035E5AF350000E03F0000E03FE2FBFFFFCD
:104CD0000000F07FFFFF9F7CFFFFEF7F009703083E
:104CE00040B803088098030844B8030848B803088C
:104CF000189A3AB135211AA804F068FF1899584655
:104D000004F08AFA013D199B042D00F2DE81DFE8F0
:104D100005F0032C291E03001A9A049203F2334271
:104D20001B9B23F4801343EA02530593E20502D54B
:104D300043F000430593B64A1A409DED048B002AC8
:104D40007FF485AD02F052F9222303607FE54FF036
:104D5000FF326FF00043CDE90423E3057FF5DBAEBE
:104D6000059BE5E7AA4B0593F7E7DDE91A121B9BC4
:104D7000CDE90412DAE7179A1346013217925C78EC
:104D800006468146FFF761BA0020FFF76BBAAA46D4
:104D90000D90FFF77CBA9FED9A7B8DED0A7B9FED1E
:104DA0009A7B8DED107BB7E40E9BDDF840C09949EE
:104DB000A846C6F31302002B49D08A4200F0F380C4
:104DC000BCF1000F37D1049B1D4237D0B0EE480A2A
:104DD000F0EE680A04F0BAFD099B51EC100B002BB1
:104DE00000F04D81C6F30A53C3F16B03002B07DDBE
:104DF0001C0504F17F53002203F5401306F01EF852
:104E000002460B4651EC180B05F062FE41EC180B04
:104E1000814B51EC180B002206F010F841EC180BF6
:104E20007B4B18EE902A1340002B7FF4A3AE222375
:104E3000CBF800309EE61CEA060FC7D1099B002B79
:104E4000E6D197E602F154730593FFF7BCBB002A45
:104E500064D1DDE90401002840F09680099B002B15
:104E600040F0F48021F00044240D2405A4F58014C2
:104E70006FEA14536FEA035305934FF0FF33049323
:104E80009DED048B189DD9E5644917A81AAA04F072
:104E900079F805287FF475AA1B9B43F0FF4343F480
:104EA000E00305931A9B04939DED048BCFE4DDE9A9
:104EB00004010E9B0343C1D1C1F31303002BBDD1E9
:104EC00021F00044240D2405B4F1D66F2546B5D950
:104ED000D9F814301BB9D9F81030012BAEDD494692
:104EE0000122584604F0DCFB5146814604F050FC98
:104EF0000028A3DD099B002BB8D0A5F580156FEA2B
:104F000015536FEA035305934FF0FF3304939DED60
:104F1000048B7DE74FF00009FFF737BBBCF1000FB2
:104F20002DD1049B1D4289D0B0EE480AF0EE680AEC
:104F300004F00CFD099B51EC100B002B72D0C6F352
:104F40000A53C3F16B03002B07DD1C0504F17F53EB
:104F5000002203F5401305F071FF02460B4651ECA9
:104F6000180B05F0B3FD02460B4643EC182B00224C
:104F7000002306F0CBF900283FF44AAF2DE61CEAE7
:104F8000060F3FF45BAFCFE7BCF1000FF7D128422B
:104F90003FF454AFC8E74FF0FF3202FA03F3049A2C
:104FA0001A400492D8E4099B0499B3B1184A3240DC
:104FB000B2F1D46F11D8120DC2F16B024FF0FF3075
:104FC00000FA02F291420BD0BCF1000F7FF433AF34
:104FD00011EA080F3FF432AFF8E64FF0FF32F1E785
:104FE0000F4A964255D00A4A324002F58013059383
:104FF000002304939DED048B20E700BFAFF30080F6
:10500000000000000000E0BF000000000000E03FE2
:105010000000F07FFFFF0F000000503914970308D5
:10502000FFFFEF7F02460B4651EC180B05F04EFDDB
:10503000189C02460B4643EC182B00220023254601
:1050400006F064F900283FF4F9ACC7E5244D35407B
:10505000B5F1D66F3FF651AFB5F15C7F3FF6D8AEF4
:1050600022239FED1B8B189DCBF80030E6E4C2F1A4
:105070004B024FF0FF3393400B4005936CE4024624
:105080000B4651EC180B05F023FD189D41EC180B55
:10509000D4E40131A7D122239FED0F8B189DCBF8CB
:1050A0000030CBE40D9B082D03440D9302DC6546D4
:1050B000FFF7E5B8BCF1100FDCBF09EB890902EB83
:1050C000490965460020FFF7DFB800232EE600BF40
:1050D0000000000000000000000000000000F07F61
:1050E0000000F07F014BFFF703B800BF4C03002026
:1050F00010B4054C8446134620685DF8044B0A46FC
:105100006146FEF7F5BF00BF1802002010B4054C41
:10511000054B84460A4620685DF8044B6146FEF75D
:10512000E7BF00BF180200204C0300202DE9F0412A
:10513000DFF8A480044613462DED028B0A46D8F80A
:1051400000002146FEF7D4FF55EC104B22462B46BB
:105150002046294606F00CF950BB2046294606F0A9
:1051600065F908EE100ADFED197AB0EEC87AB4EEF0
:10517000677AF1EE10FA15DD25F00047144B4FF079
:10518000FF322046394606F0F3F838B9104B4FF09D
:10519000FF322046394606F0CDF818B1D8F8003075
:1051A00022221A60B0EE480ABDEC028BBDE8F08105
:1051B000002D084804DAFEF741FEB1EE408AF1E71F
:1051C000BDEC028BBDE8F041FEF738BEFFFF7F7FEC
:1051D000FFFFEF7F18B90308180200202DE9704384
:1051E0002C4E2D4B04460A462DED028B214630688D
:1051F000FEF77EFF55EC104B22462B4620462946F3
:1052000006F0B6F8C0BB2046294606F00FF908EEB6
:10521000100ADFED227AB0EEC87AB4EE677AF1EECA
:1052200010FA1ADD25F000491D4B4FF0FF322046E1
:10523000494606F09DF838B9194B204649464FF0CB
:10524000FF3206F077F840B1336822221A60B0EEE0
:10525000480ABDEC028BBDE8708318EE103A13F0DB
:10526000FF4FF4D10F4B2B40002BEDD1B0EE480A8D
:10527000BDEC028BBDE87083002D0B4804DAFEF70D
:10528000DDFDB1EE408AE2E7BDEC028BBDE8704384
:10529000FEF7D4BD180200204C030020FFFF7F7FE3
:1052A000FFFFEF7F0000F07F18B9030842B110B58F
:1052B0000B4910461446FBF7E3F918B9094810BD2D
:1052C0000848704707492046FBF7DAF90028F5D06F
:1052D00005492046FBF7D4F90028EFD0002010BD87
:1052E00054B8030850B8030818B90308014B93F8E1
:1052F000280170474C03002041B110B50C462046F0
:105300000A49FBF7BDF918B9094810BD08487047AC
:1053100007492046FBF7B4F90028F5D00549204697
:10532000FBF7AEF90028EFD0002010BD54B80308F9
:1053300050B8030818B9030800000000000000007E
:1053400001F0FF01102A2BDB10F0070F08D010F836
:10535000013B013A8B422DD010F0070F42B3F6D13A
:10536000F0B441EA012141EA014122F007047FF053
:1053700000070023F0E80256083C85EA010586EAAA
:10538000010685FA47F5A3FA87F586FA47F6A5FAE6
:1053900087F68EB9EED1F0BC01F0FF0102F00702F2
:1053A00032B110F8013B013A83EA010313B1F8D19D
:1053B0000020704701387047002D06BF354603387E
:1053C000073815F0010F07D1013015F4807F02BFB7
:1053D000013015F4C03F0130F0BC0138704700BF08
:1053E0002DE9F04FBFB00C46079192460993089003
:1053F000FEF776FE036810931846FAF7C1FFA389FB
:105400000F901E0603D52369002B00F0A8869FEDA0
:10541000A47B0023CDE92233CDE911338DED0C7B44
:105420002EAA0E93219291460593D3469BF8003005
:10543000002B00F042815C4604E014F8013F002B91
:1054400000F01981252BF8D1B4EB0B0540F0168143
:105450002378002B00F031814FF000038DF8673086
:1054600000276378049704F1010B4FF0FF3A0BF12A
:10547000010B9846A8F12003582B00F22B81DFE89E
:1054800013F05202290129014D02290129012901A4
:1054900029012901290115024702290120022502BB
:1054A0002901420259005900590059005900590078
:1054B000590059005900290129012901290129010F
:1054C000290129012901290129016800A4012901D3
:1054D000A40129012901290129017D0229012901AC
:1054E000950029012901290129012901A600290185
:1054F000290146062901290129012901290129013A
:1055000029012901290129016F026A00A401A401CE
:10551000A4016A026A00290129015D022901B90278
:105520009700A802A302290182022901A8002901EB
:1055300029016606A8F1300300221BF8018B02EB5B
:10554000820203EB4202A8F13003092BF5D9049241
:1055500090E747F01007BD0640F17781099B0733BC
:1055600023F007031A46596852F8083B09920A4685
:105570000029C0F29581BAF1000F9DF8674007DB62
:1055800027F08001029153EA020100F0B283029FEA
:105590000A2B72F1000180F06D8630338DF8B73040
:1055A0000123029706930DF1B70550E047F010076D
:1055B00017F0200200F06081099B073323F00703F6
:1055C00019465A6851F8083B099100210FE047F04D
:1055D000100717F0200200F04581099B073323F0E4
:1055E000070319465A6851F8083B09910121002424
:1055F000BAF1000F8DF8674007DB27F080000290BA
:1056000053EA020000F07683029F0129C0D00229EC
:1056100000F0F1822EAD03F00701DB0843EA42738C
:10562000D208303153EA0206284605F8011DF2D1AE
:10563000FB0740F1EE82302900F0EB823023023884
:1056400005F8013C2EAB1B1A029706930546069BF4
:105650005345B8BF5346039300230B9314B1039BE8
:1056600001330393029B13F0020345D0039B0233E3
:105670000393022340E0B4EB0B051ED0239B2B4485
:105680002393229B0133072BC9E900B522930BDC3E
:1056900009F10809059B2B440593D9E6AFF3008077
:1056A0000000000000000000DDE9071021AA03F05F
:1056B0000FFC30B90DF1B809ECE7239B002B40F04B
:1056C0003C87079B9B895B0601F10C8005983FB0E6
:1056D000BDE8F08FB8F1000FEFD000238DF86730F0
:1056E00001238DF890800393069324AD4FF0000AB8
:1056F0000297CDF82CA05346029A239C12F0840204
:105700000A9205D1DDE90312561A002E00F3048334
:105710009DF867208AB1229A0DF1670101320134A8
:10572000C9F80010072A4FF0010123942292C9F80A
:10573000041000F32A8309F1080983B1229A1AA9F7
:1057400001320234C9F80010072A4FF002012394F5
:105750002292C9F8041000F3268309F108090A9B74
:10576000802B00F0BD81069BAAEB0306002E00F300
:10577000F981029BDE0500F14A81069BC9F80430DD
:105780001C44229BC9F800500133072B2394229319
:1057900000F3588209F10809029B5A0705D5DDE993
:1057A00003239D1A002D00F30A83DDE904230399E6
:1057B0008A42ACBF9B185B180593002C40F02E82E8
:1057C000002322930DF1B80930E6099B073323F03B
:1057D0000703B3EC027B55EC174B099325F000430C
:1057E00015938DED147ADDE91401B74B4FF0FF32BC
:1057F0008DED0C7B05F0BCFD002840F01084DDE948
:105800001401B14B4FF0FF3205F094FD002840F039
:105810000684002200232046294605F081FD002849
:1058200040F025869DF86740A84D27F0800302933D
:10583000A74BB8F1470FD8BF1D464FF0000A03230E
:1058400003930693CDF82CA008E7099AFC0652F8BA
:10585000043B09921FD478061DD543F3C03211468C
:105860001BB285E6099951F8043B099117F0100124
:1058700000F0CD830121BAE6099951F8043B099162
:1058800017F010017FF4A1AE17F040023FF49DAE77
:105890000A469BB299E6DA1711460029BFF66BAEAD
:1058A0005B4262EB42022D240121A1E6099B53F8E1
:1058B000042B0492002A80F2A283049A0993524294
:1058C00004929BF8003047F00407D0E55A4612F8DE
:1058D000018BB8F12A0F00F04E87A8F13003092B95
:1058E00098BF4FF0000A00F2B98612F8018B0AEB5C
:1058F0008A0A03EB4A0AA8F13003092BF5D94AEAD0
:10590000EA7A9346B6E59BF8003047F08007AEE5AB
:105910002B238DF867309BF80030A8E59BF800300A
:1059200047F00107A3E59DF867209BF80030002AA7
:105930007FF49DAD20228DF8672098E59BF800301C
:105940006C2B03BF9BF8013047F020070BF1010BD4
:1059500047F010078BE59BF8003047F0400786E5DD
:10596000099B00228DF8672053F8042B099301232B
:105970008DF890200393069324ADB7E69BF8003092
:1059800047F0080773E5099C54F8045B00268DF87E
:105990006760002D00F01285BAF1000FC0F21A8482
:1059A000524631462846FFF7CBFC002800F04586DA
:1059B000431B069323EAE3730994B2469DF86740BC
:1059C000029703930B9649E69BF8003047F02007B7
:1059D0004DE5099A52F8043B099247F63002ADF8BA
:1059E00068203C4A119247F00207002202214FF042
:1059F0007808FCE5BD0640F18183099B059A1B6888
:105A00001A60D2175A60099B043309930EE5B8F166
:105A1000650F40F32381DDE90C010022002305F02E
:105A200075FC002800F00782229B2B4AC9F8002051
:105A3000013301340122072B23942293C9F8042057
:105A400000F3958409F108091B9B0E9A934203DB2E
:105A5000029BDD077FF5A0AE0F9B109A1C44C9E99D
:105A60000023229B23940133072B229300F3998474
:105A700009F108090E9B5D1E002D7FF78DAE102DDC
:105A8000229B164F40F3D380DDE907A8102605E0DE
:105A900009F10809103D102D40F3C980013310347D
:105AA000072BC9E90076CDE92234F1DD21AA514660
:105AB000404603F00DFA00287FF403AEDDE92234FE
:105AC0000DF1B809E6E700BFFFFFEF7F60B80308FC
:105AD0005CB803086CB80308ACB703086097030808
:105AE000DDE903239E1A002E7FF73DAE102E229B88
:105AF000B74F24DD4A462146A946DDE9075404E0B4
:105B0000103E102E02F1080216DD01331031102074
:105B1000072BCDE9223117605060F1DD21AA29461B
:105B2000204603F0D5F900287FF4CBAD103E102EAF
:105B3000DDE922312EAAE8DC4D460C4691460133C0
:105B40003444072BCDE92234C9F80070C9F8046049
:105B500000F31A84069BAAEB0306002E09F108093C
:105B60007FF707AE102E229B994F2CDD4A46214627
:105B7000B1464FF0100A2E46DDE9075406E0A9F1C0
:105B80001009B9F1100F02F1080218DD0133904835
:105B90001031072BC2E9000ACDE92231EFDD21AA3D
:105BA0002946204603F094F900287FF48AADA9F134
:105BB0001009B9F1100FDDE922312EAAE6DC3546D5
:105BC0000C464E46914601333444072BCDE922342E
:105BD000C9F80070C9F8046000F3EA8109F1080906
:105BE000C7E50129029F4FF000033FF4D6AC02291C
:105BF0001A467FF40FAD11982EAD03F00F011B096B
:105C0000415C05F8011D43EA0273120953EA0201DF
:105C1000F3D12EAB5B1B0297069318E5DDE9071065
:105C200021AA03F055F900283FF4CAAD49E5013334
:105C30002C44072BC9F80070C9F80450CDE9223470
:105C40007FF7A8ADDDE9071021AA03F041F900288C
:105C50007FF437AD239C0DF1B8099DE50E9B229E84
:105C6000012B04F1010406F1010609F1080840F3D3
:105C70005B810123072ECDE92264C9F80050C9F8E1
:105C8000043000F3A2810F9B109A01361C44072EAA
:105C9000C8E90023CDE9226400F3A48108F10808D3
:105CA0000E9BDDE90C0103F1FF390022002305F012
:105CB0002DFB002840F05381013601354C44072E5E
:105CC000CDE92264C8F80050C8F8049000F33A8186
:105CD00008F10808129BC8F8043001361C44072E4E
:105CE0001DABCDE92264C8F80030ABDC08F108092F
:105CF00052E50121BAF1000F7FF473AF002940F0A3
:105D00000E8117F00103069300F07E8130238DF899
:105D1000B7300DF1B7059AE4102E229A2D4F26DDEB
:105D200049462046A9461393DDE9075404E0103E96
:105D3000102E01F1080116DD013210301023072A60
:105D4000CDE922200F604B60F1DD21AA29462046D3
:105D500003F0BEF800287FF4B4AC103E102EDDE94D
:105D600022202EA9E8DC139B4D46044689460132C9
:105D70003444072ACDE92224C9F80070C9F8046028
:105D800000F3B28209F10809C2E4DDE9071021AA93
:105D9000139303F09DF800287FF493AC239C139B8E
:105DA0000DF1B809C9E4DDE9071021AA03F090F864
:105DB00000287FF486AC239C0DF1B809CFE4102DA8
:105DC000229B044F24DDDDE907A8102609E000BF6F
:105DD0006097030850970308103D102D09F108093A
:105DE00016DD01331034072BC9E90076CDE92234E2
:105DF000F2DD21AA5146404603F06AF800287FF4FC
:105E000060AC103D102DDDE922340DF1B809E8DC5D
:105E100001332C44072BC9E90075CDE922347FF703
:105E2000C4ACDDE9071021AA03F052F800287FF482
:105E300048AC239CB9E41B99002940F364820B9F72
:105E40000E9B9F42A8BF1F46002F0BDD229B0133F4
:105E50003C44072BC9E900572394229300F3CF83D6
:105E600009F108090B9E002FA8BFF61B002E00F3B6
:105E700085811B9B0E9A934280F26C810F9A109938
:105E80001444C9E90012229A23940132072A22926B
:105E900000F3F28209F108090E9A0B99D31A561AE7
:105EA0009E42A8BF1E46002E0EDD229AC9F804604D
:105EB00001320D443444072AC9F800502394229239
:105EC00000F3A98309F10809002EACBF9D1B1D46F4
:105ED000002D7FF761AC102D229BBB4F7FF7A7AE43
:105EE000DDE907A8102605E009F10809103D102D8D
:105EF0007FF79DAE01331034072BC9E90076CDE959
:105F00002234F1DD21AA5146404602F0E1FF00288B
:105F10007FF4D7ABDDE922340DF1B809E6E7CDF81F
:105F200018A02EADFFF793BB029BD9073FF5A1AE9A
:105F30000123072ECDE92264C9F80050C9F80430C6
:105F40007FF7C8AEDDE9071021AA02F0C1FF0028E3
:105F50007FF4B7ABDDE922640DF1B808BAE60E9B19
:105F6000012B7FF7B7AE112B974F40F36582DDF819
:105F700020A0102507E008F10808A9F11009B9F1DF
:105F8000100F40F3598201361034072EC8E900750E
:105F9000CDE92264EFDD079921AA504602F098FF6F
:105FA00000287FF48EABDDE922640DF1B808E4E748
:105FB000DDE9071021AA02F08BFF00287FF481ABF6
:105FC000239C0DF1B809FFF7D4BBDDE9071021AA26
:105FD00002F07EFF00287FF474ABDDE922640DF14E
:105FE000B80850E6DDE9071021AA02F071FF002889
:105FF0007FF467ABDDE922640DF1B80850E6099340
:106000009BF80030FFF733BA2EADFFF720BB17F037
:1060100040021CBF0A469BB20121FFF7E8BADDE946
:106020000C0102460B4605F0A3F9002840F05F83FF
:10603000BAF1FF3F28F0200600F0FC82472E04D181
:10604000BAF1000F08BF4FF0010ADDE90C0147F477
:10605000807200290292C0F229829DED0C7B8DEDA9
:10606000167B00230A93B8F1650F00F0F28200F36B
:106070002482B8F1450F00F0EC821FAB01931CABFA
:10608000009302219DED160B08981BAB524601F0C0
:10609000F9FBF907054640F1A88000EB0A04DDE9A9
:1060A00016010022002305F031F9002840F0258276
:1060B0001F9BA34206D230215A1C1F9219701F9BAE
:1060C0009C42F9D81B9A0B925B1B472E0E9300F053
:1060D0009180B8F1660F40F093800B9A07F00103AE
:1060E000002A43EA0A0340F36182002B40F019833F
:1060F0000B9B039306934FF0660814E2FC066FD4E3
:1061000078066DD5099B059A1B681A807BE42F4B96
:10611000119317F0200200F09F80099B073323F0B2
:10612000070319465A6851F8083B0991F90740F1ED
:10613000908053EA020100F08C8030218DF86810C5
:106140008DF8698047F002070221FFF750BA204B13
:106150001193DEE7029AD0077FF59EAE8EE608988F
:10616000402101F04DF8079B18601861002800F0ED
:10617000B682079A40235361FFF749B9102E229B3C
:10618000114F40F3668122464FF01008DDE9074ABF
:1061900005E009F10809103E102E40F35981013342
:1061A0001032072BC9E90078CDE92232F1DD21AAAE
:1061B0002146504602F08CFE00287FF482AADDE9D9
:1061C00022320DF1B809E6E760970308D49B030873
:1061D0006CB803082846FAF7D3F80346FFF7E9BB83
:1061E000099B059A1B681A600DE41F9B1B1A0E93EE
:1061F0001B9B0B930B9BDA1C80F28381A8F1020896
:106200000B9B8DF87480591E00291B91B6BFC3F1FA
:1062100001012B232D2309298DF8753000F39C8172
:10622000302330318DF8763004238DF877101293B7
:106230000E9A129B012A1344069340F31482069B84
:106240000F9A1344069323EAE373039300230B93FB
:1062500069E10221FFF7CBB9099951F8043B099193
:1062600017F010017FF462AF17F040021CBF9BB221
:106270000A465BE7CDE90287B34E2EAD4FF0050E1F
:10628000991841F10001A6FB010727F0030000EB7C
:106290009700091A581A9846944662F100034FF085
:1062A000CC3202FB00F206FB0322A0FB063003F017
:1062B00001070244A7FB0E074018B8F10A0F4FEA86
:1062C000530300F130007CF1000C43EAC27305F87F
:1062D000010D4FEA5202D3D2DDE902872EAB5B1BE0
:1062E00002970693FFF7B3B9DDE9071021AA1393CC
:1062F00002F0EEFD00287FF4E4A9239C139B0DF12E
:10630000B809FFF705BA229B904AC9F8002001336B
:1063100001340122072B23942293C9F8042000F3AF
:10632000B88009F10809002952D1029B0E9A03F0A6
:10633000010313433FF430AA0F9B10991A19C9E9BE
:106340000013229B23920133072B229300F3378102
:1063500009F108090E99C9F8005001338C18072B70
:10636000CDE92234C9F804107FF714AA6AE4DDE904
:10637000071021AA02F0ACFD00287FF4A2A9239CFB
:106380000DF1B809FFF760BBDDE9071021AA02F0A3
:106390009FFD00287FF495A9239C0DF1B809FFF714
:1063A000E2B9DDE9071021AA02F092FD00287FF48E
:1063B00088A9239C0DF1B809FFF75CBB5346062B57
:1063C00028BF0623624D069309940393FFF78EB905
:1063D0000F9B10981A19C9E90003229B23920133DD
:1063E000072B229300F3EB8009F108090029B1DAA9
:1063F0004E421031574F80F23F81DDE907A810244B
:1064000005E009F10809103E102E40F335810133F3
:106410001032072BC9E90074CDE92232F1DD21AA3F
:106420005146404602F054FD00287FF44AA9DDE9B8
:1064300022320DF1B809E6E701364C44072ECDE9CA
:106440002264C8F80070C8F804907FF741AC79E581
:10645000144601333444072BCDE92234C9F80070C7
:10646000C9F8046000F3B98009F1080901E52D2499
:106470008DF86740FFF7D8B9DDE9071021AA02F0CF
:1064800027FD00287FF41DA91B9B239C0DF1B80953
:1064900002E5DDE9071021AA02F01AFD00287FF4C9
:1064A00010A91B99239C0DF1B8093CE701F10043A9
:1064B00017932D2316900A93D5E5B8F1660F7FF454
:1064C000DCADCDF80CA00321039C08981FAB019311
:1064D0001CAB009322469DED160B1BAB01F0D2F9CD
:1064E000B8F1660F054604447FF4D9AD2B78302B04
:1064F00000F0E7801B9B1C44D1E51B9A0B922346BE
:10650000E2E59A45FFF67AAE0E9B0B9A934200F3B2
:10651000CB80FE070B9B00F1FB8023EAE372039222
:1065200006934FF067080A9B002B62D02D238DF84D
:1065300067304FF0000AFFF792B8DDE9071021AA93
:1065400002F0C6FCFFF7BDB8CDCCCCCCACB703088D
:1065500080B80308609703080DF183048D4E23462D
:106560001846A6FB0123DB0803EB8302A1EB4202E2
:10657000303200F8012C0A46632A194600F1FF3335
:10658000EEDC303103F8011C831EA34280F0FE8054
:106590000DF1750213F8011B02F8011FA342F9D196
:1065A0003EAB181AA0F17103129341E6002B40F0A4
:1065B000D080012303934FF066080693B3E7DDE92B
:1065C000071021AA02F084FC00287FF47AA8DDE9F4
:1065D00022321B990DF1B80908E7DDE9071021AA5D
:1065E00002F076FC00287FF46CA8239C0DF1B8091A
:1065F0003FE4DDF828A09DF86740FFF72FB8DDE9FC
:10660000071021AA02F064FC00287FF45AA8239CFA
:106610000DF1B80926E4DDE9071021AA02F058FCC3
:1066200000287FF44EA81B9B0E9A239CD31A0DF1D1
:10663000B80949E44FF0060A07E50994CDF80CA023
:10664000CDF818A09DF86740029782460B90FFF79F
:1066500005B80AF101030393022135E793464FF091
:10666000000AFEF707BF17F001020B927FF4E7ADB7
:1066700023EAE373039356E701333244072BCDE952
:106680002232C9F80070C9F804607FF761AEDDE915
:10669000071021AA02F01CFC00287FF412A8DDE9F3
:1066A00022320DF1B80955E6DDE90E3213440B9A9A
:1066B0000693002A41DD23EAE37303934FF0670852
:1066C00031E7DDE916010022002304F01FFE002857
:1066D0004BD01B9B0B931C44631B0E93FDE4089A49
:1066E0000C2313604FF0FF330593FEF7EFBF0D9BB4
:1066F000294D002BB8BF2D2427F080030293A8BF9B
:106700009DF86740254BB8BF8DF86740FFF791B8FB
:106710000F9A1344069323EAE37303934FF0670839
:1067200001E70F9B0AEB030808EB0203069323EA39
:10673000E37303934FF06608F5E60B9B069AC3F1EB
:1067400001031A4422EAE273069203934FF06708AA
:10675000E9E60F9B03F1010808EB0A03069323EA1D
:10676000E37303934FF06608DDE6039BC3F1010377
:106770001B931C4493E409999BF8013051F804AB36
:10678000099193464AEAEA7AFEF771BE0223129310
:106790004EE500BFCDCCCCCC68B8030864B8030884
:1067A00070B50C46084D03460026204611461C468F
:1067B0002E6006F0BBF9431C00D070BD2B68002B87
:1067C000FBD0236070BD00BFDC0F002006F09EB937
:1067D0002DE9F0410469B4EB611F05DC002303617E
:1067E00000234361BDE8F08100F114054E1111F062
:1067F0001F0C05EB840E05EB860321D055F82610FF
:1068000004339E4521FA0CF1CCF120082DD92F46F6
:106810001A6802FA08F20A4347F8042B53F8041BDB
:106820009E4521FA0CF1F3D8A31B9B00053B9B0866
:10683000013305EB830445F8231079B104340DE0EE
:106840009E4588BF00F11002C8D953F8041B42F8D6
:10685000041F9E45F9D8A41B05EB8404631B9B1001
:10686000AC420361BCD0BDE8F08141610029B5D0E4
:106870002C46E3E72DE9F04F0F6885B0CDE9002005
:10688000BA780393302A894640F0EC81FB1C1A78D1
:10689000302A1C4603F10103F9D0E71B023FDFF861
:1068A000008318F80230002B00F0EE80237818F8EF
:1068B00003304FF0000A5546002B00F06D8126464C
:1068C00016F8013F18F80330002BF9D1B349012223
:1068D0003046FAF7F9F8834600284CD03278002D7C
:1068E00000F0A181AB1B4FEA830B02F0DF02502ABC
:1068F00035464CD0C9F80060BAF1000F74D12A1B9C
:10690000013A072A514604DD5210072A01F101011C
:10691000FADC019802F05AFC8246002800F05F82FF
:1069200000F11406A542029666D90027B9460DE08B
:10693000202F1AD03A4604372B7818F8033003F08A
:106940000F03934049EA0309A54258D015F8013DC9
:106950002E2BEDD1A542EBD3904901222846FAF720
:10696000B3F80028F0D0202FE4D1002246F8049B91
:1069700004279146E0E7002D00F06581327802F0AF
:10698000DF02AB1B502A4FEA830B3546B2D16A783F
:106990002B2A00F046812D2A40F0D3800120AA78CE
:1069A00018F802104A1E182A05F1020600F2D380D8
:1069B000727818F80220103901365AB90CE001EB50
:1069C000810116F8013F02EB4102A2F1100118F813
:1069D00003200AB1192AF2DD00B149428B44C9F8FB
:1069E0000060BAF1000F8AD0002F0CBF06250025E9
:1069F000284605B0BDE8F08F029E4FF0000946F82A
:106A0000049B029BF61AB610CAF81060484602F0C2
:106A1000B7FC009B76011C68361AA64274DCC0F2F3
:106A200004810027009B9A685A45C0F23B81009B75
:106A30005A685A454BDDA2EB0B0B5C4500F38D8089
:106A4000DB68022B00F0DD80032B00F04A81012B74
:106A500040F0DB805C4540F0D880012C08D0611EFE
:106A6000504603F0E1F8002800F0CF80009B5A6800
:106A700003990A60029A0123CAF8103013600E9B32
:106A80006225C3F800A0B3E7444901222046FAF783
:106A90001BF88246002840F08580637818F80320B0
:106AA000651C002A00F08080302B2C4640F02481A9
:106AB00014F8013F302BFBD018F80330B3FA83FAF7
:106AC00001274FEA5A1A002B7FF4F9AE64E0012542
:106AD00087B1009BDA68022A6ED0032A70D0012A9F
:106AE00006D1B90704D5029B1A681743FA076AD47E
:106AF00045F010050E9BC3F800A0039B2846C3F881
:106B000000B005B0BDE8F08F361B3146504603F0AB
:106B10008BF8074678B1711E4A11029B012753F882
:106B2000220001F01F0207FA02F2024203D0B9422A
:106B300000F3C980022731465046FFF749FEB344AF
:106B400070E718F802104A1E182A05F101064FF0E6
:106B500000007FF62DAF2E46CCE60BF1FF36002F5E
:106B600040F0A980002E40F0A8807311029A06F030
:106B70001F0652F823200123B340134259465046C2
:106B800018BF47F00207FFF723FE009BA4EB0B049E
:106B90000225D3F804B09BE7264697E640B80308E1
:106BA000709703082378254603F0DF03502B00F08D
:106BB0009380C9F8005017E70F9BC3F101030F93AF
:106BC0000F9B002B94D0DAF81070029A4FEA8709D5
:106BD000904602EB8706002003E0964242F8040C40
:106BE00043D9944652F8041B4B1CF6D00131022DB8
:106BF000CCF8001079D014F01F0440F0A5802125B6
:106C000078E70F9B002B3FF433AF0198514602F019
:106C100003FB50250E9A00232846136005B0BDE8FB
:106C2000F08F0020BBE6AB465FE6A61B51460198FD
:106C3000324602F035FD00F11403ABEB060B824641
:106C400002930027EEE6727818F80210751C2E46A3
:106C500000293FF44AAE16F8012F18F80230002B35
:106C6000F9D13FE6BC1C002719E6DAF80820974264
:106C700044DA0AEB87017A1C0120022DCAF81020A1
:106C8000DDF80880486130D0002A6ADC0022CAF8AA
:106C900010200022CAF81420009B9A680BF1010B07
:106CA0005A45ACDA0198514602F0B6FA0E9A002322
:106CB000A32513609CE6012757E73146504602F0B2
:106CC000B3FF074651E7B11E504602F0ADFF002862
:106CD0003FF430AF03272EE74FF0000B4FF0010ACF
:106CE00055E60F9B002B90D0C2E6009B1A68013A34
:106CF000A24260D02225FDE60127E0E5DAF8041083
:106D00000198013102F062FA064600286DD0DAF8E7
:106D10001020023292000AF10C010C30FBF778F9D6
:106D20005146019802F078FA3269012006EB82019F
:106D3000022D0244326106F114084861B246D4D0F3
:106D40009742BFF658AF9FE7C144C4F1200459F8F9
:106D5000040C02F015FBA042BFF651AFDAF8102088
:106D600092E708EB82040AF11800DAF81420844252
:106D70004FEA52022BD94546036842EAC37245F8EE
:106D8000042B50F8042B84424FEA5202F4D8A4EBAF
:106D90000A0119398908013148F8212008EB8101DD
:106DA00002B10431A1EB080292104145CAF810204B
:106DB0007FF472AF6DE7621104F01F0458F82210DF
:106DC0000122A2400A4214BF2125222592E6C8F8DA
:106DD00000200AB14146E4E7CAF8102059E7064B03
:106DE00006485246E42102F0CBF9034B03483246F1
:106DF000842102F0C5F900BF88B803089CB80308D5
:106E000010B4034CD4F8E440A4465DF8044B60474A
:106E10004C03002082B049B15AB16BB113780B60BA
:106E20001278101E18BF012002B0704701A9002A75
:106E3000F3D1104602B070476FF00100F4E700BFD5
:106E4000B1F90C202DE9F04116070C4680464ED4CE
:106E5000496842F400630029A38163DDA56A002D1F
:106E600042D0002112F48052D8F80060C8F8001017
:106E7000E16964D101234046A847451C02466ED013
:106E8000B4F90C30A56AE169580705D56368D21AD0
:106E9000236B0BB1E36BD21A00234046A847431C77
:106EA0004FD1D8F80010B4F90C301D2940D8314A20
:106EB000CA40D7073CD52269226023F40062A28130
:106EC000DD044FF00002626001D5002945D0216B3E
:106ED000C8F8006041B104F14003994202D0404635
:106EE00001F0D0FC002323630020BDE8F0810E698F
:106EF000002EF9D00D680E6092070CBF4B6900237D
:106F0000AD1B8B600BE02B463246E169676A404659
:106F1000B847B0F1000CA5EB0C05664406DD002D6A
:106F2000F1DCE1E7E16B002998DCDDE7B4F90C3036
:106F300043F04003A3814FF0FF30BDE8F081226DA4
:106F4000A2E7B4F90C302269226023F40062A28126
:106F5000DB044FF000026260B9D52065B7E7D8F8CE
:106F60000030002B8CD01D2B01D0162BDED1C8F8A1
:106F70000060B9E70100402010B5044682B008B1B6
:106F8000436B53B1B1F90C0008B902B010BD2046F3
:106F900002B0BDE81040FFF753BF0191FBF70AFBB9
:106FA0000199EFE7A0B138B50C4B1D6804460DB14F
:106FB0006B6B4BB1B4F90C0000B938BD21462846C3
:106FC000BDE83840FFF73CBF2846FBF7F3FAF1E78E
:106FD000034A04490448FDF75FB800BF18020020C7
:106FE00040030020796F000820020020014B186840
:106FF000704700BF18020020FF289DBF024B185C9D
:1070000000F0080000207047D99503082DE9F04FE3
:1070100085B08B460192604A03901E460D46294674
:1070200015F8014B135D13F00803F8D12D2C7ED019
:107030002B2C03BF2C7802938D1C02936EB9302C3D
:1070400000F086804FF00A09B246DFF850814FF019
:10705000050C4FF099374E4617E0102E6CD04FEAD2
:10706000E67A324653464FF0FF304FF0FF3104F0DE
:107070008BFB32460746884653464FF0FF304FF0B1
:10708000FF3104F081FBB1469446002210461146C0
:1070900010E0414508BFB84239D000FB0AF209FBB5
:1070A0000121A0FB09021144181841EBE3710122F0
:1070B00015F8014BA4F13003092B05D9A4F14103C4
:1070C000192B0CD8A4F137039E4210DD541CEFD0CD
:1070D000874278EB0102DCD24FF0FF32E8E7A4F1FF
:1070E0006103192B03D8A4F157039E42EEDC531C15
:1070F00012D0029B13B1404261EB4101019B1BB1D5
:1071000092B9019BC3F800B005B0BDE8F08F6345AC
:10711000C3DD4FF0FF32CBE7039922230B60019BC5
:1071200010461146002BEFD005F1FF3BE9E70123A4
:107130002C7802938D1C81E7302C19D04FF00F0C66
:107140004FF0FF376FF07048B1464FF0000A9CE7F0
:107150002B7803F0DF03582B0FD04FF00809B2460D
:107160004FF0070C4FF0FF376FF060484E468CE74A
:107170002B7803F0DF03582BE0D14FF010096C7827
:107180004FF00F0C02354FF0FF376FF070484FF0A3
:10719000000A4E4679E700BFD995030899999919D5
:1071A00034E700BF10B4044C8446134620685DF8F1
:1071B000044B0A46614629E71802002010B4044C2B
:1071C0008446134620685DF8044B0A4661461DE775
:1071D0001802002038B50C46084D8446114620465A
:1071E0001A4600232B60644605F0B0FC431C00D017
:1071F00038BD2B68002BFBD0236038BDDC0F00208E
:107200002DE9F04F01F10B05162D83B0064623D86A
:10721000102900F2AF8001F057FE1025182302203C
:10722000C04F3B44A3F108025C68944200F0248103
:107230006368E268A16823F00303CA602344304610
:1072400091605A6842F001025A6001F03FFE083432
:10725000204603B0BDE8F08F35F0070500F18A80C5
:10726000A94200F2878001F02FFEB5F5FC7FC0F047
:107270006B816B0A00F08280042B00F22381AB0942
:1072800003F1390003F1380EC300A64F3B44A3F1CC
:10729000080C5C68A44507D10DE0002AE16880F283
:1072A000E5808C4507D00C46636823F003035A1B26
:1072B0000F2AF2DD7046DFF870823C69444500F029
:1072C000C280636823F0030CACEB05030F2B00F3C3
:1072D0003F81002BC7E9048880F22A81BCF5007F3A
:1072E000D7F804E080F0CE804FEADC0101314FEAAC
:1072F0005C1C012303FA0CF357F83120A2604EEA1C
:10730000030E07EBC103083BE360C7F804E047F84E
:107310003140D46083104FF0010C0CFA03FCF445AB
:1073200032D81CEA0E0F08D120F003004FEA4C0CB3
:107330001CEA0E0F00F10400F8D007EBC00AD64695
:107340008146DEF80C300BE0596821F003014A1B3E
:107350000F2A1C46DB6800F3C180002A80F2D5802A
:107360009E45F1D109F1010919F0030F0EF1080E44
:10737000E7D116E10C233360002469E74FF4007372
:1073800040204FF03F0E80E7BC68636823F003099C
:10739000A94503D3A9EB05030F2B57DCDFF88CB10C
:1073A000DBF8002004EB09031032082002EB05088B
:1073B000009301F0D9FBD7F808140131024605D03B
:1073C00008F1FF388044414201EA0808414630464E
:1073D000019201F0A9FDB0F1FF3F019A824600F051
:1073E000D280009B834200F2CC80DBF80410414441
:1073F000CBF80410084602F1FF3C40F0F4801AEA92
:107400000C0F40F0F080D7F808A0C84448F0010005
:10741000CAF80400DBF82C208A42DBF8302038BFA1
:10742000CBF82C108A4238BFCBF83010544620F0ED
:107430000308A845A8EB050301D30F2B06DC304653
:1074400001F044FD98E7D7F804E063E7621943F0E0
:10745000010345F0010565603046BA60536001F0F4
:1074600035FD0834204603B0BDE8F08FA268234400
:10747000D16030468A60E4E6DC68A3427FF4D8AE8F
:10748000023018E7BCF5206F4FEA5C2272D3142A51
:1074900000F2088102F15C03DB005B32F918FB5853
:1074A0000839994203D1E4E09B68994204D05A68B4
:1074B00022F003026245F7D8D968C4E902318C6032
:1074C000DC6027E7142B61D9542B00F2F4802B0BDE
:1074D00003F16F0003F16E0EC300D6E6D4F808C0C6
:1074E0003046661945F001056560CCF80C30C3F8EC
:1074F00008C042F00103C7E90466C6E90288736068
:10750000625001F0E3FC0834A2E6214430464A68A8
:1075100042F001024A6054F8082FD3609A6001F0EB
:10752000D5FC95E6C0040020C8040020A40F00206C
:10753000A4443046DCF8043043F00103CCF80430B6
:1075400001F0C4FC083483E6E80805F1080367E6A7
:10755000621943F0010145F0010565603046C7E955
:107560000422C2E90288516044F80C3001F0AEFCFC
:1075700008346DE64FEA9C1202F13903DB00383221
:107580008CE7BC4228D0BC68606850E703F15C001F
:1075900003F15B0EC30078E65AF80839534540F012
:1075A000D78010F0030F00F1FF30F5D17B6823EA9C
:1075B0000C037B604FEA4C0C9C453FF6E5AEBCF1FA
:1075C000000F04D1E0E64FEA4C0C09F104091CEA73
:1075D000030FF8D04846B0E6DBF804004044CBF88F
:1075E000040002F1FF3CD7F8081401316DD0009B74
:1075F000AAEB03031844CBF804001AF00703009326
:1076000041D0C3F108018A44D0440A4408EA0C017D
:10761000521A02EA0C013046019101F085FC421C2D
:107620006FD00199A0EB0A0000EB0108DBF8042001
:10763000C7F808A048F001001144BC42CAF8040091
:10764000CBF804103FF4E6AEB9F10F0F40D96268F1
:10765000A9F10C0020F0070002F001020243626071
:10766000052322180F28C2E9013352D8DAF80400A2
:10767000D0E692104FF0010C0CFA02F24EEA020E24
:10768000C7F804E019E70AEB080101EA0C01521AF5
:1076900002EA0C013046019101F046FC431CC0D1C6
:1076A0000099C3E7542A17D84FEA1C3202F16F033E
:1076B000DB006E32F2E6B3F5AA7F17D8EB0B03F1CD
:1076C000780003F1770EC300DFE5C7F808A494E75C
:1076D0000123CAF80430B2E6B2F5AA7F23D84FEAF4
:1076E000DC3202F17803DB007732D7E640F2545205
:1076F000934223D8AB0C03F17D0003F17C0EC30051
:10770000C3E5009BA3F108029044A8EB0A080021FE
:107710008CE704F10801304601F0B4F8DBF80410FE
:10772000D7F808A0A2E740F254539A420CD84FEA87
:107730009C4202F17D03DB007C32AFE64FF47E73A6
:107740007F204FF07E0EA0E54FF47E737E22A5E6EB
:107750007B682FE7000000002DE9F04F03690C69FA
:10776000A34283B0C0F28A80013C01F1140500F10C
:10777000140855F8243058F8242001339A428E46D4
:1077800081464FEA840105EB840708EB840AB2FBCB
:10779000F3F63AD3CDE900150022AC464046134635
:1077A0005CF8041B05681FFA81FB06FB0B22090C21
:1077B0004FEA124B06FB01BB92B2A9B2891A1944D7
:1077C0001FFA8BF3C3EB214303EB154389B241EA64
:1077D0000341674540F8041B4FEA1B424FEA23432D
:1077E000DED2DDE9001558F8013073B9AAF1040AB8
:1077F000D04504D307E0D04504F1FF3403D25AF852
:107800000439002BF7D0C9F810407146484601F002
:10781000BFFF00282EDB4146002255F8040BD1F8AB
:1078200000C01FFA80FE1FFA8CF3A3EB0E03134473
:10783000020CC2EB234202EB1C429BB243EA02431E
:10784000AF4241F8043B4FEA2242E6D258F82420E6
:1078500008EB84036AB9043B434504D807E0984524
:1078600004F1FF3403D253F80429002AF7D0C9F8F1
:1078700010400136304603B0BDE8F08F002003B061
:10788000BDE8F08F2DE9F04F9DB0CDE90A320291AD
:10789000816B269D04908DED060B57EC106B49B162
:1078A000C26B4A600123934004468B6001F0B4FC34
:1078B0000023A363B7F10009B4BF012300232B60A9
:1078C000774BBCBF29F00049CDF81C9033EA09037F
:1078D00000F0AA809DED067B002251EC170B0023DF
:1078E0008DED007B03F012FD804668B10A9A0123FA
:1078F0001360279B13B1279A6A4B13606A4B059359
:1079000005981DB0BDE8F08F9DED000B04981AAAF4
:107910001BA902F0ABF85FEA1955824640F09A8045
:10792000DDE91A85454405F23243202B40F38C8370
:10793000C3F1400309FA03F905F2124326FA03F3EF
:1079400049EA030003F000FA0123013DA1F1F871B7
:107950001293564B002203F0B9F84BA3D3E900234E
:1079600003F06CFA4AA3D3E9002303F0B1F806460A
:1079700028460F4603F0F8F947A3D3E9002303F0A4
:107980005DFA02460B463046394603F0A1F806463A
:107990000F4603F003FD0022044609900023304601
:1079A000394603F0BDFC002840F02483099CA8EB75
:1079B000050808F1FF33162C089300F28C813C4B2C
:1079C00003EBC403D3E90023DDE9000103F0A8FCC5
:1079D000002873D0631E099300231193089B002B8A
:1079E000C0F27F8100230C93099B002B6CDA099B6A
:1079F0000C9A0D93D21A0C925A4200230993029BBF
:107A00001092092B6AD8052B40F32383043B029381
:107A10000025029B023B032B00F23886DFE813F0BF
:107A200070046D04650449040A9AC9F3130942F20B
:107A30000F7359EA060913601CD1279B002B00F035
:107A400045861C4B05930833279A059813601DB093
:107A5000BDE8F08FDDE90012C2F31303084643F0DE
:107A60007F51CDF84880A5F2FF35DDF8688041F4FC
:107A700040116EE7279B002B40F0F6830E4B0593D9
:107A80003EE700BFAFF3008061436F63A787D23F3B
:107A9000B3C8608B288AC63FFB799F501344D33FFD
:107AA0000000F07FADB70308ACB703080000F83F53
:107AB00080980308D0B80308DCB80308B8F1000FB9
:107AC00040F3A38411900C90DDE90832134408932D
:107AD00000231093029B0D92092B94D900230125BA
:107AE00002930E954FF0FF3B0B93049BCDF84CB0E7
:107AF0000021D963049801F069FB0590002800F08B
:107B0000CE85DDE90432BBF10E0F9A6300F21881D5
:107B1000002D00F015810D99002940F34684B34BE8
:107B200001F00F0203EBC203C805D3E900894FEA55
:107B3000211540F10884AE4BDDE90001D3E90823AB
:107B400003F0A6FACDE9140105F00F0503277DB176
:107B5000A74EE90708D540464946D6E9002303F079
:107B60006DF90137804689466D1006F10806F0D19F
:107B700042464B46DDE9140103F08AFA8046894605
:107B8000119B43B19B4B00224046494603F0C8FB82
:107B9000002840F00B85384603F0E6F842464B4695
:107BA00003F04CF9944B002202F092FFA1F15073C4
:107BB000CDE914011593BBF1000F00F0A8800D9BD7
:107BC000CDE918B34946404603F0E8FB189A874BC5
:107BD00003EBC20313ED027B05468DED167B03F02C
:107BE000C3F80B4602464946404602F06FFF059F28
:107BF0000E9B30357E1CECB2804689463546002B04
:107C000000F06C84DDE916237C49002003F040FA83
:107C1000DDE9142302F05AFF3C7042464B4604460D
:107C20000D4603F09BFB002840F0B884CDF850A02F
:107C3000CDF858B00027AB46A246189D2AE0013780
:107C4000AF4280F2FD846E4B50465946002203F04D
:107C5000F5F86B4B002282468B464046494603F0BE
:107C6000EDF88946804603F099FB044603F07CF862
:107C700002460B464046494602F028FF303406F8DB
:107C8000014B52465B468046894603F049FB00287B
:107C900040F0D38442464B465649002002F016FF7E
:107CA00052465B4603F03CFB0028C8D0199BDDF828
:107CB00050A0059A374603F1010802E0974200F010
:107CC0009B843E4617F8013D392BF7D00133DBB2D8
:107CD0003B7045467DE101231193089B002BBFF6C5
:107CE00081AEC8F101030C93002308937CE638466B
:107CF00003F03AF842464B4603F0A0F83E4B002210
:107D000002F0E6FEA1F15073CDE9140115933D4B4D
:107D100000224046494602F0D9FEDDE914452246DC
:107D20002B4606460F4603F019FB002840F07384EB
:107D300030463946224605F1004303F0F1FA28BBEC
:107D40001B9B002BC0F290800D9A0E2A00F38C80B2
:107D5000264B0D9A03EBC20393ED007B0B9B002B8C
:107D60008DED027B19DABBF1000F16DC0ED1254B2D
:107D70000022DDE9020103F061F802460B46DDE96D
:107D8000000103F0D7FA002800F045840023059E87
:107D900000931F460B9BDD432DE2059B5D1CDDE937
:107DA0000278DDE900013A46434603F071F903F039
:107DB000F5FA064602F0D8FF3A46434603F03EF88D
:107DC00002460B46DDE9000102F080FE059A06F14D
:107DD0003003BBF1010F2F46137000F02183012502
:107DE000CDF800A0A846DDE9029A2BE080980308B0
:107DF000709903080000F03F00001C400000E03FC5
:107E000000002440000014404A46534620462946BC
:107E100003F03EF903F0C2FA064602F0A5FF4A4617
:107E2000534603F00BF808F101080B4602462946B9
:107E3000204602F04BFE06F13003D84507F8013B1F
:107E400000F0EC82844B002202F0F8FF00220023B5
:107E500004460D4603F05AFA0028D5D00D9DDDF8F2
:107E600000A001353E46B4E00E9A002A40F0D880CA
:107E70000023109E0C9D0E931F4665B1089A002AA0
:107E800009DD0C99AA421346A8BF2B46C91AED1A60
:107E9000D31A0C910893109B53B10E9B13B1002E73
:107EA00040F0F7825146109A049801F09FFB8246F9
:107EB0000498012101F0B6FA099B0090002B40F0D4
:107EC000BE81029B012B40F3D4810120089A10440B
:107ED00010F01F0000F09B80C0F12003042B40F342
:107EE000E3810C9BC0F11C00034402440C93054445
:107EF00008920C9B002B05DD514604981A4601F0B0
:107F0000CFFB8246089B002B05DD009904981A469A
:107F100001F0C6FB0090119B002B40F07581BBF176
:107F2000000F40F34C810E9B002B40F0A4800D9D70
:107F30000135DDF81480009CDDF81090012607E083
:107F4000514600230A22484601F070F90136824664
:107F500021465046FFF700FCB34500F1300008F819
:107F6000010BEDDCBBF1000F059BCCBF5E4601268B
:107F7000814603EB060B002451460122049801F0D0
:107F80008FFB0099824601F003FC002840F3EE814C
:107F9000059A02E0934500F003825E460BF1FF3B39
:107FA00016F8013C392BF5D001338BF80030DDF8A1
:107FB00010800099404601F02FF957B12CB1BC4216
:107FC00003D02146404601F027F90498394601F0D4
:107FD00023F90498514601F01FF9002333700A9BDE
:107FE0001D60279B002B3FF48BAC05981E601DB0D5
:107FF000BDE8F08F204602F0B7FE32463B4603F064
:1080000085F900287FF4D2AC631E0993CEE41C23CB
:108010000C9A1A440C92089A1A441D44089268E774
:10802000029A012A40F3AD81109B0BF1FF36B34257
:10803000C0F26981BBF1000FA3EB060680F2EF826C
:108040000C9BA3EB0B056CE1C3F1200306FA03F0D4
:1080500078E40125DDE400BF000024403946002318
:1080600004980A2201F0E2F8139B002B074640F324
:10807000FF820D969B46002D05DD394604982A4661
:1080800001F00EFB0746099B002B40F0E681B84645
:10809000059E731E03EB0B04069B03F00103CDE961
:1080A0000B43049C00995046FFF756FB3946834624
:1080B000504601F06DFB009905464246204601F00E
:1080C00089FBC3680BF130090146ABBB09905046F0
:1080D00001F05EFB09990890204601F09DF8089A8E
:1080E000002A54D1029B1BB90C9B002B00F0AE82DE
:1080F000002D3FDB0B9BB3469E420BF8019B00F02B
:10810000C381514600230A22204601F08FF84745DB
:10811000824639464FF000034FF00A02204630D025
:1081200001F084F84146074600230A22204601F068
:108130007DF85E468046B5E7049801F06DF8002DA5
:1081400006DB069B03F00102029B1D432A4329D153
:1081500051460122049801F0A3FA0099824601F0E9
:1081600017FB002840F3F680B9F1390F00F049827F
:108170000BF131090D9D06F8019B3C460135474640
:1081800015E701F053F85E46074680468AE7002D62
:10819000C0F29382029B1D430C9B1D4300F08D8215
:1081A000002AA7DDB9F1390F00F02B820D9D09F1EE
:1081B00001033C4606F8013B01354746F7E6029BC2
:1081C000022B7FF7B0AEBBF1000F40F02581009984
:1081D00004985B46052201F029F8014600905046BC
:1081E00001F0D6FA002840F31781059E0D9D31233A
:1081F00006F8013B01350099049801F00DF80135AE
:10820000002F7FF4E2AEE4E60099504601F0C0FA98
:108210000028BFF684AE5146002304980D9C0A2224
:1082200001F004F80E9B661E8246002B7FF416AF09
:10823000139B002B40F311820D9D9B4679E601466E
:108240001A46049801F0D2F9029B0090012B6EDDD2
:1082500000230993009A136902EB8303186901F064
:108260008FF8C0F1200031E6984B05930333FFF7F8
:10827000EBBB069B002B7FF428AEDDE90612C2F3B0
:108280001303002B7FF421AE914B134033B10C9BB1
:1082900001330C93089B013308930123099A099336
:1082A000002A3FF412AED5E73FF423AEC0F13C0301
:1082B000AEE601230E930B9B0D9A134403F1010BC1
:1082C0005E46012E1393B8BF0126172E40F3F981A5
:1082D000012204235B0003F11400B042114602F1B5
:1082E0000102F7D9049BD96304E401230E930B9E8A
:1082F000002E36DD1396B346E7E700230E93DAE748
:1083000000230E93F3E7109B099A1096F31A1A4470
:10831000089B09925B4408930C9B1D465B440C939D
:1083200000260498012101F07DF80746A5E5069B8B
:10833000002B8DD1DDE90601C1F313030A46002BA2
:10834000A2D0099086E79DED007B02278DED147B7E
:10835000FFF7FDBB7FF40EAF19F0010F7FF404AF00
:1083600008E701230B939B46FFF7BFBB03D119F02E
:10837000010F7FF40DAE5E461BF8013D302BFAD0A5
:1083800015E6129A002A00F09C8003F23343089A03
:10839000109E1A4408920C9A15461A440C92C0E793
:1083A000059A31230135137001E600F0FA800D9A29
:1083B000484B554205F00F0203EBC203D3E90023FB
:1083C000DDE9000102F03AFD2D11CDE9140100F0C4
:1083D0005881414E0023022780468946EA0709D585
:1083E000D6E900234046494602F028FD0137804681
:1083F000894601236D1006F10806EFD1002B7FF4AA
:10840000BFABDDE91489FFF7BBBBC8F101030890DE
:108410000C931190FFF758BB059EBBE4DDF800A05C
:1084200002460B4602F054FB0D9DCDE900010135DB
:1084300002460B46DDE90201A84602F071FF40B991
:10844000DDE90023DDE9020102F060FF18B1F30766
:1084500001D5059A35E43E46BBE57968049800F0FD
:10846000B5FE0546002800F021813B6902339A00E1
:1084700007F10C010C30F9F7CBFD049829460122D5
:1084800001F00EF9804603E60D9D3C460135474656
:1084900072E5049C39463246204601F0A7F8524660
:1084A00001460746204600F0EBFF51468046204635
:1084B00000F0B2FE109B9B1BC24610933FF4F8AC39
:1084C000F0E41A9BC3F1360361E700BFDCB8030890
:1084D0000000F07F8098030870990308DDE91623F7
:1084E000DDE9140102F0AAFC059B1C70189B012B0E
:1084F000CDE90E0100F0C380189F059B12961F4422
:108500007A4B00224046494602F098FC0D4604464C
:1085100002F044FF814602F027FC09F130090246CF
:108520000B462046294602F0D1FA06F8019BBE42CE
:1085300080468946E4D1129D6D4B0022DDE90E0193
:1085400002F0C6FA02460B464046494602F006FFD4
:1085500000286CD1DDE90E236549002002F0B6FA4F
:1085600002460B464046494602F0DAFE80B91B9BA4
:10857000002BFFF67DAC0D9B0E2B3FF779AC5D4BCE
:108580000D9A03EBC20393ED007B8DED027B06E4B5
:108590003E46013F16F8013C302BF9D0199D0135BC
:1085A00017E5DDE900890227FFF7EABABBF1000F02
:1085B0003FF49DAB139C002C7FF7C2AB0D9B013B9E
:1085C0000022404649461993484B02F037FC80464A
:1085D0008946781C02F0C8FB42464B4602F02EFC4E
:1085E000454B002202F074FAA1F15073CDE9140159
:1085F00018941593FFF7E6BA08F101083123FFF745
:1086000067BB0D9D059AB34639233C460BF8013BE9
:1086100001354746C1E4002300931F46E5E5089B6A
:108620005B4408930C9B1D465B440C9379E6199BB5
:10863000059A03F10108FFF744BBDDF850A0ADE750
:10864000DDF850A0DDF858B0FFF77ABBB9F1390F6B
:10865000D7D0002D3FF78CAD8CE5029B022B03DCBD
:108660000D9DDDF84CB064E4DDF84CB00D96AAE544
:10867000029B022BF8DCDDF84CB00D96FBE437468C
:108680005AE7DDE914890227FFF77ABA049B00252F
:10869000DD632946184600F099FD0590D0B9174BC7
:1086A0001748002240F2AF1100F06AFD134B144846
:1086B0002A4640F2EF2100F063FD002A3FF748AD63
:1086C00058E5049B0021D963FFF714BA0D4B0593BD
:1086D000FFF716B9DDE904329A634FF0FF33012248
:1086E0000B9513930E929B46FFF72ABB0000244084
:1086F0000000E03F8098030800001C4088B8030891
:10870000E0B80308D0B8030838B52F4B1B680546FE
:108710000C4613B15A6B002A4BD0B4F90C30180731
:108720001CD5226922B313F0010107D06169002032
:108730004942A060A1613AB1002038BD980758BFF6
:108740006169A160002AF7D1190658BF1046F4D517
:1087500043F04003A3814FF0FF3038BDD9062CD53C
:108760005A0712D4226943F00803A381002ADAD100
:1087700003F42071B1F5007FD5D02146284601F0E1
:1087800081FAB4F90C302269CDE7216B51B104F1C3
:108790004002914204D0284600F074F8B4F90C303D
:1087A0000022226322690021C4E9002123F024036E
:1087B000D9E71846F9F7FEFEAFE7092243F0400378
:1087C0002A60A381C7E700BF180200202DE9F84303
:1087D00006460820894600F0C7F9DFF8A480054660
:1087E000304600F071FBD8F808305F6827F00307C7
:1087F000A7F11104A4EB09042C44B4FBF5F4013CEB
:1088000005FB04F4A54208DC0021304600F08CFB97
:10881000D8F808303B44984205D0304600F056FB6B
:108820000020BDE8F8836142304600F07DFB013056
:108830000FD0114AD8F808303F1B47F001075F609E
:10884000136830461B1B136000F040FB0120BDE89D
:10885000F8830021304600F067FBD8F80820831A1F
:108860000F2BDADD43F001035360044B02491B6810
:10887000C01A0860D1E700BFA80F0020C808002078
:10888000C004002000297CD02DE9F0410C46804630
:1088900000F01AFB54F8043C754FA4F1080523F0CE
:1088A00001016818BE684268864222F0030200F0A7
:1088B0008380DE07426000EB020C33D454F8084C8E
:1088C000DCF804302D1B2144AC6807F1080C64452A
:1088D00003F0010364D0D5F80CE0C4F80CE0CEF846
:1088E0000840002B00F0818041F001036B600160C3
:1088F000B1F5007F22D27868CB0801224909013303
:108900008A40024357F833107A6007EBC302083AF3
:10891000C5E9021247F83350CD604046BDE8F0414A
:1089200000F0D4BADCF80430DB072BD541F00103AA
:10893000B1F5007F44F8043C0160DCD3B1F5206F51
:108940004FEA512353D28B0903F1390003F1380266
:10895000C300F818FB580838984203D161E09B68BF
:10896000984204D05A6822F003028A42F7D8D868A5
:10897000C5E902308560DD604046BDE8F04100F0A9
:10898000A5BA7047114407F1080C836863453FD0CE
:10899000C268DA60936041F001036B606950A7E739
:1089A000002B5FD10A44D0E90213CB60996042F0FA
:1089B00001036B60AA50B0E7DB070A4407D454F800
:1089C000083CED1A1A44D5E90213CB60996042F0D5
:1089D00001036B60274BBD601B6893429DD8264BFB
:1089E00040461968FFF7F2FE97E71144CDE7142BD4
:1089F00008D9542B1DD80B0B03F16F0003F16E0245
:108A0000C300A6E703F15C0003F15B02C300A0E72B
:108A100041F00103C7E90455C5E902CC6B60695018
:108A20007BE779689210012404FA02F20A437A6023
:108A30009EE7B3F5AA7F06D8CB0B03F1780003F1CC
:108A40007702C30085E740F25452934206D88B0C5C
:108A500003F17D0003F17C02C3007AE74FF47E73DB
:108A60007E2276E741F001036B60016055E700BFAD
:108A7000C0040020CC080020A40F002070B539B13C
:108A800006460C4608B1436B83B3B4F90C3013B9F6
:108A90000025284670BD21463046FEF7D1F9E36A2D
:108AA000054633B1E169304698470028B8BF4FF01A
:108AB000FF35A3891B061CD4216B41B104F140038F
:108AC000994202D03046FFF7DDFE00232363616C3C
:108AD00021B13046FFF7D6FE00236364F9F77AFD33
:108AE0000023A381F9F778FD284670BDF9F762FDF0
:108AF000CBE721693046FFF7C5FEDDE7024B0146B3
:108B00001868FFF7BBBF00BF1802002010B4034C69
:108B1000D4F8E040A4465DF8044B60474C030020C5
:108B200049B1FF2A02D80A70012070478A230360E6
:108B30004FF0FF3070470846704700BF38B50C460D
:108B4000084D8446114620461A4600232B60644691
:108B500003F0F4FF431C00D038BD2B68002BFBD082
:108B6000236038BDDC0F0020082802D14FF480506C
:108B7000704708B5FEF73AFA162303604FF0FF304E
:108B800008BD00BF2DE9F84F1646002900F0968079
:108B90000C46804606F10B0500F096F954F8041CCB
:108BA000162DA4F1080921F0030758D81025AE426C
:108BB00058D8AF4260DABE4B9A6809EB070C6245A1
:108BC000DCF8040000F0908020F0010363445B684F
:108BD000DB0768D420F003003B189D4247DDCB073C
:108BE00012D454F8083CA9EB030BDBF8043023F053
:108BF0000302104400EB070A554540F3F68007EBEB
:108C0000020A554540F3CC8031464046FEF7F8FA5B
:108C10000646002800F0208154F8043C23F00103AC
:108C20004B44A0F10802934200F0B4803A1F242A7A
:108C300000F2D780132A00F2A28003462246116870
:108C400019605168596092689A6021464046FFF762
:108C500019FE404600F03AF93046BDE8F88F35F08D
:108C60000705A4D50C23C8F80030002618E01F46DD
:108C7000DCE90223D3609A60D9F804307A1B0F2A0A
:108C800003F0010309EB07001DD83B43C9F804308A
:108C9000436843F001034360404600F017F926465D
:108CA0003046BDE8F88FC907AED454F8083CA9EBAC
:108CB000030BDBF8043023F00302A0E7BDE8F84F14
:108CC0001146FEF79DBA09EB05012B4342F0010264
:108CD000C9F804304A60436843F001034360083137
:108CE0004046FFF7CFFDD7E720F00300C21905F19A
:108CF000100C624580F29180CA0785D454F8082C84
:108D0000A9EB020BDBF8042022F00302104400EB75
:108D1000070AD4453FF773AF5E46DBF80C1056F8F0
:108D2000080F3A1F242AC160886000F2AE80132A1F
:108D300040F2A9802168CBF808106168CBF80C10CC
:108D40001B2A00F2A88008340BF110022168116080
:108D500061685160A16891600BEB0501AAEB050207
:108D600042F0010299604A60DBF8043003F001032D
:108D70002B434046CBF8043000F0A8F890E7236876
:108D80000360636843601B2A3CD804F1080200F1C9
:108D9000080354E750F8043C23F003031F446BE737
:108DA0003A1F5E46DBF80C3056F8081F242ACB60C9
:108DB000996022D8132A1ED92368CBF8083063683B
:108DC000CBF80C301B2A3BD808340BF11003226877
:108DD0001A6062685A60A2689A6034465746D9465B
:108DE0004AE72146F7F7B6FE2FE7DCE902133A1F00
:108DF000CB609960D5E73346E9E721463046F7F77F
:108E0000A9FEEAE7A3688360E368C360242A27D049
:108E100004F1100200F1100311E709EB050199605C
:108E2000531B43F001034B6054F8043C03F001036F
:108E30002B43404644F8043C00F048F826462FE710
:108E4000A368CBF81030E368CBF81430242A10D094
:108E500010340BF11803BAE7404600F037F804E786
:108E6000236903616169416104F1180200F118038B
:108E7000E5E62369CBF818306369CBF81C30183469
:108E80000BF12003A3E7324660E721463046F7F7AF
:108E900061FE074B60E7A168CBF81010E168CBF8E2
:108EA0001410242A06D010340BF118024EE700BF2C
:108EB000C00400202269CBF818206269CBF81C207E
:108EC00018340BF1200241E7704700BF704700BF24
:108ED0002DE9F843154692682C68FAB18046894618
:108EE000083401E00834CFB16B68591E002B1746D7
:108EF000696013DD54F8046C002EF3D0334654F847
:108F0000082C4946404600F091FF431C07D0AA6850
:108F1000921B1746AA600834002FE5D100200023D9
:108F2000C5E90133BDE8F88338B5074D0022044692
:108F300008462A600FF0F8FA431C00D038BD2B68B1
:108F4000002BFBD0236038BDDC0F002010B4046878
:108F5000013409E014F8013BA3F1410CBCF1190FF5
:108F600098BF2033934208D111F8012B002AF1D188
:108F7000046001205DF8044B704700205DF8044B4D
:108F8000704700BF09682DE9F04F4B1102EB8303D6
:108F900011F01F0B07460CBF1846181D3C680CBF8C
:108FA0001D1F1D46002340F8043C617885B0013444
:108FB000002900F0A8809E469A461E460B460146B0
:108FC0001046DFF8889101975A46A846AC4683467A
:108FD00010E0202B00F28F80564508DDE04502D9D5
:108FE000BEF1070F5FDDE34554D34FF0080E14F8D0
:108FF000013FB3B119F80370002FEAD00EF1010E52
:10900000BEF1080F06F101063ADCDCF800301B0166
:1090100007F00F071F43CCF8007014F8013F002B36
:10902000E8D15B46084693461A46002E6BD0C445ED
:1090300002D2BEF1070F73DD62454DD2111F6346A8
:1090400053F8044B41F8044FAB42F9D9A5EB0C039C
:1090500023F00303691C04330CF1010C8C4588BF19
:1090600004231344002143F8041BAB42FBD950F8FE
:10907000043C002B4DD1AA4249D055F8043DF8E7F5
:10908000E345B4D200234CF8043C4FF0010EACF1A0
:10909000040CBDE70023ACF104084CF8043CB246D4
:1090A000C4469E46A3E7CEF108008000CDE9022C1D
:1090B000DCF800306746C0F1200E8446786800FA7C
:1090C0000EF21A4320FA0CF33A6047F8043FB84511
:1090D000F4D8DDE9022C86E750F8043CBBF1000F20
:1090E000C7D0CBF1200B4FF0FF3121FA0BF10B4031
:1090F00040F8043CBDE70846194629295B46019F14
:1091000093461A4609D0042005B0BDE8F08F01232C
:109110002B60052005B0BDE8F08F01343C6084E78A
:10912000CEF10803DCF800109B00C3F1200E664668
:109130000C46776807FA0EF1214327FA03F43160F1
:1091400046F8044FB045F4D876E700BF709703089F
:109150009FED010B704700BF000000000000F87F8A
:10916000936810B514461BB918460023636010BD00
:10917000F9F748FA0023A3600023636010BD00BF25
:1091800000B50B4C25681446EE681A4685B00346B8
:109190000D464CB107490095CDE90114304606490A
:1091A00000F0B2FEF7F756FD04490C46F3E700BFA6
:1091B000180200200CB903081CB9030818B90308E9
:1091C00008B513460022FFF7DBFF00BF436C70B504
:1091D00005460C464BB153F8240080B1026843F8B1
:1091E00024200023C0E9033370BD2122042100F0B4
:1091F000E7FD034668640028EDD1002070BD012121
:1092000001FA04F6721D9200284600F0D9FD0028EC
:10921000F3D0C0E90146E4E731B1436C4A6853F842
:109220002200086043F82210704700BF2DE9F0418A
:109230000D6907460E461C4601F1140E0020DEF8AB
:1092400000108BB202FB03434FEA134C090C02FBE4
:1092500001CC01309BB203EB0C4385424EF8043B3A
:109260004FEA1C44EBDC3CB1B368AB4207DD06EBD4
:10927000850301355C6135613046BDE8F081716878
:1092800038460131FFF7A2FF8046A8B132690232A9
:1092900006F10C0192000C30F8F7BAFE7B6C726894
:1092A00053F82210316043F82260464606EB8503EE
:1092B00001355C613561DFE7024B03484246BA2164
:1092C000FFF75EFF88B803084CB903082DE9F8439F
:1092D0001746284A1E4608330C46092E82FB031205
:1092E0004FEAE3730546C3EB62033ADD4FF0010C2E
:1092F00000214FEA4C0C634501F10101F9DC2846DD
:10930000FFF764FF014670B3089B4361092F4FF0DC
:109310000103036112DC0A340927BE420BDDF61B90
:10932000264414F8013B0A22303B2846FFF77EFF13
:10933000B4420146F5D10846BDE8F88304F10908B6
:1093400004EB0709444614F8013B0A22303B284647
:10935000FFF76CFF4C450146F5D1A7F108044444E2
:10936000DBE70021CBE70A46034B0448D321FFF794
:1093700007FF00BF398EE33888B803084CB90308EB
:10938000B0F5803F034636BF030400201020B3F140
:10939000807F3CBF1B020830B3F1805F3CBF1B01E4
:1093A0000430B3F1804F03D3002B06DB013070474C
:1093B0009B0003D45B0003D4202070470230704729
:1093C00003307047036813F00702014607D0DA073D
:1093D0001FD4980721D55B080B600120704798B215
:1093E000A0B11046DAB20AB908301B0A1A0704BF46
:1093F0001B0904309A0704BF9B080230DA0703D424
:109400005B0800F1010006D00B6070471B0C1020B8
:10941000E8E700207047202070479B080B6002207F
:10942000704700BF38B5436C04460D464BB15868D1
:10943000B0B102685A6000220123C0E903234561EC
:1094400038BD2122042100F0BBFC034660640028E3
:10945000EDD1094B0948002240F24511FFF790FE7B
:109460001C220121204600F0ABFC0028F1D0012293
:109470000223C0E90123DEE788B803084CB90308DA
:109480002DE9F04FD1F810801569A84585B00E463A
:10949000924605DB2A46534645468A4690461E4676
:1094A000DAF80830DAF8041005EB0804A342B8BF74
:1094B0000131FFF78BFE8446002800F08B8000F11D
:1094C000140707EB840E774505D23B46002243F88C
:1094D000042B9E45FBD8143606EB88080AF11409C4
:1094E000464509EB850566D2A5EB0A03153B23F03B
:1094F00003030AF1150A043355452CBF9B464FF070
:10950000040BCDF808E00394AE46E24605E0090CF2
:109510002AD1B04507F104074AD956F8041B8DB289
:10952000002DF4D0CC463C46002301965CF8040B99
:10953000216886B28AB2000C05FB0622090C1A4487
:1095400005FB001101EB124192B242EA0142E645ED
:1095500044F8042B4FEA1143E8D8019E47F80B303A
:1095600056F8041C090CD4D03B68002248461D461E
:109570003C469446028801FB02C202EB15429BB2B4
:1095800043EA024344F8043B50F8043B25684FEAA1
:10959000134CABB201FB0C3303EB124370454FEAA3
:1095A000134CE7D3B04547F80B3007F10407B4D8A4
:1095B000DDE902E4D446002C02DC05E0013C03D0E6
:1095C0005EF8043D002BF9D06046CCF8104005B0A1
:1095D000BDE8F08F034B044862464FF4B171FFF7CA
:1095E000CFFD00BF88B803084CB9030812F003038D
:1095F0002DE9F041144607462CD10D46A4101CD08D
:109600003E6C86B3E3074FF0000806D4641014D014
:109610003068A8B10646E307F8D5324629463846F1
:10962000FFF72EFF35B17B6C696853F821202A6063
:1096300043F8215064100546EAD12846BDE8F08180
:10964000324631463846FFF71BFF3060C0F80080D5
:109650000646E0E7013B0F4A52F823200023FFF7BC
:10966000E5FD0546CAE701213846FFF7AFFD06468E
:1096700040B1012340F27122C0E904320023386472
:109680000360BFE7044B0548324640F24511FFF73F
:1096900077FD00BF7098030888B803084CB9030829
:1096A0002DE9F0470C4690462769A368496807EB07
:1096B00062177D1C9D4206464FEA621904DD5B007D
:1096C0009D4201F10101FADC3046FFF77FFD84463F
:1096D000002851D0B9F1000F00F114000EDD09F19E
:1096E00005024FEA820E03460CEB8202002143F88A
:1096F000041B9342FBD1AEF114031844216904F119
:10970000140318F01F0803EB81012DD0C8F12009C4
:1097100086464FF0000A1A6802FA08F242EA0A0284
:109720004EF8042B53F8042B994222FA09FAF2D886
:109730000B1B153B23F00303043304F11502914284
:1097400038BF042340F803A0BAF1000F00D13D4612
:10975000736C6268CCF8105053F822102160604698
:1097600043F82240BDE8F087043853F8042B40F852
:10977000042F9942F9D8EAE7034B044862464FF4B4
:10978000EF71FFF7FDFC00BF88B803084CB9030870
:109790000B6984460069C01A16D10CF1140C1431FF
:1097A0000CEB830210B401EB830301E0944508D273
:1097B00052F8044D53F8041D8C42F7D005D24FF0F7
:1097C000FF305DF8044B7047704701205DF8044B93
:1097D000704700BF2DE9F04F15460A692B69D21A70
:1097E000002A83B0884640F0878001F1140605F115
:1097F000140101EB830106EB830301E09E427ED25C
:1098000053F8044D51F8042D9442F7D075D32B46EC
:109810000024454698466968FFF7D8FC8146002831
:1098200000F089802E69C460D8F8100005F1140B8F
:1098300008F1140E09F1140A05F110020EEB800074
:109840000BEB860157464FF0000CCDF804B05EF8E4
:10985000044B52F8045F1FFA84FBABB2A3EB0B037B
:10986000240C6344C4EB154404EB23449BB243EA49
:109870000443704547F8043B4FEA244CE7D8A0EB7B
:10988000080208F115084045A2F1150234BF002076
:10989000012092080028DDF804B002F101044FEA2B
:1098A000840408BF04240BEB0405A942544433D9B3
:1098B0002746284650F8043B1CFA83FE1A0C6344E2
:1098C00002EB2E429BB243EA0243814247F8043B3B
:1098D0004FEA224CEED80139491B21F003010C4418
:1098E00023B954F8043D013E002BFAD04846C9F88C
:1098F000106003B0BDE8F08F89DA01248BE7002106
:10990000FFF764FC814678B101220023C0E90423FB
:10991000484603B0BDE8F08F00284FEA820208BF36
:1099200000220AEB0204DBE7064B07484A4640F2F6
:109930003721FFF725FC034B03484A4640F24521F7
:10994000FFF71EFC88B803084CB9030882B08DED00
:10995000000B164B019A1340A3F15073002B06DD48
:1099600000221946104641EC100B02B070475B42D2
:10997000B3F1A07F4FEA235209DA4FF400231341D9
:1099800000221946104641EC100B02B07047A2F1BC
:1099900014031E2BDABF4FF00042DA4001220023ED
:1099A0001946104641EC100B02B070470000F07FE2
:1099B000F8B5046900F1140606EB8404271F54F877
:1099C000045C2846FFF7DCFCC0F120030A280B608A
:1099D00033DDBE42A0F10B0119D254F8080C21B3BB
:1099E000C1F120078D4020FA07F215438840A4F109
:1099F000080145F07F538E4243F4401319D254F8C6
:109A00000C1CF9400843024643EC102BF8BD0B2810
:109A10000AD005FA01F141F07F53002043F44013CE
:109A2000024643EC102BF8BD002045F07F5343F471
:109A30004013024643EC102BF8BDC0F10B0C25FA85
:109A40000CF1BE4241F07F5338BF54F8081C00F1BE
:109A5000150034BF21FA0CF1002105FA00F008438B
:109A600043F44013024643EC102BF8BD2DE9F043BC
:109A70000E4683B0012159EC108B1546FFF7A6FB6B
:109A80000446002846D0C9F30A57C9F313030FB19F
:109A900043F480130193B8F1000313D101A8FFF739
:109AA00091FC019B63610122203022610FB3A7F278
:109AB00033470744C0F1350037602860204603B0C3
:109AC000BDE8F08368460093FFF77CFC019BF8B18A
:109AD0000099C0F1200203FA02F2C3400A43019345
:109AE000002B62610CBF01220222A3612261002FC0
:109AF000DDD104EB8203A0F2324030601869FFF739
:109B00003FFCC0EB42102860204603B0BDE8F08364
:109B1000009AE5E7034B0448224640F20F31FFF775
:109B20002FFB00BF88B803084CB903082DE9F043A8
:109B300083B0884669468146FFF73AFF01A940464F
:109B400055EC104BFFF734FFD8F81030D9F810203F
:109B5000D21ADDE900315B1A03EB4213002B59ECFA
:109B6000108B0DDD05EB03573D4642464B46204624
:109B7000294601F08DFA41EC100B03B0BDE8F083EB
:109B8000C3EB033309EB03518946EEE7172870B5A1
:109B900006460CDD0A490B4D0020002422462B46C8
:109BA00001F04CF9013EF9D141EC100B70BD064BB0
:109BB00003EBC003D3E9040141EC100B70BD00BFFF
:109BC0000000F03F0000244070980308013949115B
:109BD00001F1010C116902F1140303EB81018B42C5
:109BE00000EB8C0C16D210B5A0F1040E53F8044B08
:109BF0004EF8044F9942F9D88B1A153B23F0030312
:109C000004331844844504D9002340F8043B8445B8
:109C1000FBD810BD844505D9002340F8043B84459A
:109C2000FBD87047704700BF03694A11934200F1A7
:109C3000140009DA00EB830302E053F8042DAAB9FB
:109C40008342FAD80020704700EB8203F8DD11F060
:109C50001F01F5D010B450F8224024FA01F28A40D6
:109C6000944209D001205DF8044B704701207047F1
:109C700053F8042D002AF5D18342F9D800205DF86D
:109C8000044B70472DE9F041B1F90C300C469907AF
:109C900096B008D504F143030122C4E904322360DD
:109CA00016B0BDE8F081B4F90E100029064626DB97
:109CB0006A4600F03DF900281FDB019D05F4704560
:109CC000A5F50055B5FA85F54FF480686D094FF498
:109CD000006741463046FDF793FAE8B1B4F90C301D
:109CE000C4F8148043F0800320602061A3813DBB51
:109CF0003B43A38116B0BDE8F081B4F90C3013F0FA
:109D0000800519D04FF040080025414630462F46C7
:109D1000FDF776FA0028E1D1B4F90C309A05BFD4EA
:109D200023F0030304F1430243F002030121C4E9D9
:109D30000421A3812260B3E74FF480682F46C8E76F
:109D4000B4F90E10304600F009F910B9B4F90C302E
:109D5000CEE7A38923F0030343F001031BB2C7E757
:109D600070B50C46B1F90E10002996B015461E4686
:109D700014DB6A4600F0DCF800280FDB019901F4DF
:109D80007041A1F50051B1FA81F14FF480634909A6
:109D90004FF4006031602B6016B070BDA18911F0E6
:109DA000800106D000214023084631602B6016B0A8
:109DB00070BD4FF48063084631602B6016B070BDF3
:109DC00038B5A1FB021454BBFDF71AFA054650B38F
:109DD00050F8042C22F00302043A242A10D8132A43
:109DE00013D91B2AC0E9004416D9242AC0E9024429
:109DF0000ABFC0E9044400F1100200F1180205E0B6
:109E00002146F6F729FB284638BD02460023C2E961
:109E100000339360284638BD00F10802F6E7FDF7ED
:109E2000E5F80C2303600025284638BD2DE9F047EE
:109E30008F681D46AF420B680C46164636D8B1F9FE
:109E40000CC01CF4906F0ED13D46184631462A4690
:109E5000F6F780FEA368DF1B2368A7602B44002071
:109E60002360BDE8F0874A69096902EB42025F1A84
:109E700002EBD2726B1C52103B44934292BF91464C
:109E800099461A461CF4806F804611D01146FDF7A2
:109E9000B7F9824600B321693A46F8F7B9F8A389C1
:109EA00023F4906343F08003A38105E02F46CCE7C1
:109EB000FEF768FE824658B10AEB0703A9EB0707D5
:109EC000A760C4F810A0C4F8149023602F46BCE724
:109ED00021694046FEF7D6FCA3890C2243F04003DB
:109EE000C8F800204FF0FF30A381BAE70CB400B5EA
:109EF00083B004AB53F8042B019300F041F803B096
:109F00005DF804EB02B070470EB410B583B005AB3A
:109F1000064C53F8042B01930146206800F030F8FA
:109F200003B0BDE8104003B0704700BF1802002026
:109F300070B50C46084D03460026204611461C46C7
:109F40002E6002F0DBFD431C00D070BD2B68002B9F
:109F5000FBD0236070BD00BFDC0F002038B5074D7B
:109F60000022044608462A6002F0D8FD431C00D0B7
:109F700038BD2B68002BFBD0236038BDDC0F0020E0
:109F80002DE9F04FADB0CDE907301C460291934664
:109F900018B1436B002B00F003850299B1F90C2036
:109FA0004B6E950405D442F4005223F400538A8189
:109FB0004B66980400F12485029BB3F90C2011072D
:109FC00040F1D3801B69002B00F0CF8002F01A0211
:109FD0000A2A00F0D9800023CDE910330DF1700971
:109FE000CDF83C900993CA4605939BF80030002BAE
:109FF00000F0F4805C4604E014F8013F002B00F010
:10A00000D280252BF8D1B4EB0B0540F0CF8023781C
:10A01000002B00F0E3804FF000038DF837304FF055
:10A02000FF320023CDE90323617804F1010B984648
:10A030000BF1010BA1F12003582B00F2DC80DFE8CB
:10A0400013F0B201DA00DA00AD01DA00DA00DA006A
:10A05000DA00DA00DA007601A701DA008101860170
:10A06000DA00A2015900590059005900590059005D
:10A07000590059005900DA00DA00DA00DA00DA0093
:10A08000DA00DA00DA00DA00DA006800DA00DA0072
:10A09000DA00DA00DA00DA00DA00DA00DA00DA00F0
:10A0A0001902DA00DA00DA00DA00DA00EA01DA008E
:10A0B000DA001D04DA00DA00DA00DA00DA00DA0089
:10A0C000DA00DA00DA00DA00DD016A00DA00DA002C
:10A0D000DA00D8016A00DA00DA00CB01DA00BD014B
:10A0E0001B047F027A02DA005902DA001904DA004E
:10A0F000DA004204A1F1300300221BF8011B02EB3D
:10A10000820203EB4202A1F13003092BF5D904923C
:10A1100090E748F0100818F0200F00F0D780079B58
:10A12000073323F007031A46596852F8083B079291
:10A130000A460029C0F2DE8003999DF837500029B5
:10A14000C0F2E38053EA020128F0800840F0DD808D
:10A15000039B002B40F0598401934C46002D00F0E6
:10A16000BE81019A01320192B9E1029D0898294607
:10A17000FEF7CAFA002840F04384B5F90C2002F03B
:10A180001A020A2A7FF427AF029BB3F90E30002B84
:10A19000FFF621AF0299089823465A462DB0BDE834
:10A1A000F04F00F059BCB4EB0B0517D0119B2B44BA
:10A1B0001193109B0133072BCAE900B5109305DCFE
:10A1C0000AF1080A059B2B44059320E70299089899
:10A1D0000FAAFEF7C5FF28B9CA46F3E7119B002B6B
:10A1E00040F00084029B9B895B0600F1098405987E
:10A1F0002DB0BDE8F08F0029F0D000238DF8373066
:10A2000001238DF84810019312AC002203920692AC
:10A2100018F08407DDE9102105D10498019D451B44
:10A22000002D00F34F829DF8370080B101320DF10F
:10A2300037000131CAF80000072A4FF00100CDE9CC
:10A240001021CAF8040000F377820AF1080A069880
:10A2500078B101320EA80231CAF80000072A4FF087
:10A260000200CDE91021CAF8040000F373820AF15C
:10A27000080A802F00F09B810398C51A002D00F377
:10A28000D58101321944072ACDE91021CAF80040CE
:10A29000CAF8043000F302820AF1080A18F0040F29
:10A2A00005D0049B019A9C1A002C00F36182DDE921
:10A2B000042301988242ACBF9B181B180593002908
:10A2C00040F0F78100231093CA468EE6079A18F0F3
:10A2D000100F52F8043B079207D118F0400F04D03A
:10A2E00043F3C03211461BB223E7DA1711460029A7
:10A2F000BFF622AF03995B4262EB42022D25002993
:10A300008DF8375001DB28F080080A2B72F100012C
:10A3100080F0F3823033DBB28DF86F30039B012B7A
:10A32000B8BF012301930DF16F04012316E7079BCA
:10A3300053F8042B0492002A80F28882049A07932F
:10A34000524204929BF8001048F0040870E6584608
:10A3500010F8011B2A2900F05A83A1F13003092BC0
:10A3600098BF002200F2478310F8011B02EB820223
:10A3700003EB4202A1F13003092BF5D942EAE27363
:10A380000393834656E69BF8001048F080084FE69A
:10A390002B239BF800108DF8373049E69BF800100E
:10A3A00048F0010844E69DF837309BF80010002B78
:10A3B0007FF43EAE20238DF8373039E618F0200FB9
:10A3C00000F04D82079B059A1B681A60D2175A60ED
:10A3D000079B0433079308E69BF800106C2903BF22
:10A3E0009BF8011048F020080BF1010B48F0100811
:10A3F0001EE69BF8001048F0400819E6079B002273
:10A400008DF8372053F8042B079301238DF848204B
:10A41000019312ACF9E648F0100111F0200200F0AF
:10A42000DE81079B073323F0070318465A6850F86C
:10A43000083B079003980025A8428DF83750C0F2DA
:10A44000A782012553EA020021F0800840F09480A1
:10A450000398002840F09E82002D40F0F38111F017
:10A46000010300F0F88130228DF86F2001930DF187
:10A470006F0434E048F0100111F0200200F0BE81BA
:10A48000079B073323F0070318465A6850F8083B28
:10A49000079003980025A8428DF83750D2DA8846F5
:10A4A0004C4603F00701DB0843EA4273D20830311F
:10A4B00053EA0205204604F8011DF2D118F0010FFD
:10A4C0006DD030296BD0039A0238302304F8013C58
:10A4D000A9EB00039A42B8BF1A460446019218F04D
:10A4E000020206923FF494AE019A023201920222D5
:10A4F00006928DE6079D039B55F8044B00218DF8CD
:10A500003710002C00F05E82002BC0F2DF811A466B
:10A510002046FAF715FF002800F06B82031B9DF818
:10A52000372023EAE3710191002A00F052820022D1
:10A530000795039215E69BF8001048F0200877E590
:10A54000079A52F8043B079247F63002ADF83820DC
:10A55000B24A099248F00208002200218DF8371013
:10A56000039900290DDB414653EA02004FF0020532
:10A5700021F080083FF46CAF012D00F05482022DD1
:10A580008ED109984C4603F00F011B09415C04F879
:10A59000011D43EA0273120953EA0201F3D1039A3F
:10A5A000A9EB04039A42B8BF1A46019297E70498B0
:10A5B000019D451B002D7FF75FAE102D984E23DDCA
:10A5C00006945046089C10279A4604E0103D102D32
:10A5D00000F1080015DD01321031072AC0E90067DB
:10A5E000CDE91021F2DD02990FAA2046FEF7B8FD51
:10A5F00000287FF4F7AD103D102DDDE9102148460D
:10A60000E9DC069C5346824601322944072ACDE9FB
:10A610001021CAF80060CAF8045000F3C5810398FD
:10A62000C51A002D0AF1080A7FF72BAE102D7C4EBB
:10A6300026DD03945046089CB24610271E4604E0CF
:10A64000103D102D00F1080016DD0132744B103161
:10A65000072AC0E90037CDE91021F1DD02990FAAE0
:10A660002046FEF77DFD00287FF4BCAD103D102D87
:10A67000DDE910214846E8DC039C33465646824615
:10A6800001322944072ACDE91021CAF80060CAF82E
:10A69000045000F3C9800AF1080AF2E5029908980B
:10A6A0000FAAFEF75DFD00287FF49CAD1199CA4604
:10A6B000F4E5029908980FAAFEF752FD00283FF42E
:10A6C00001AE8FE5102D574E28DDCDE90A745046B6
:10A6D0003746089C029E9A4604E0103D102D00F17A
:10A6E000080016DD013210311023072ACDE91021B0
:10A6F00007604360F1DD0FAA31462046FEF730FDCA
:10A7000000287FF46FAD103D102DDDE91021484683
:10A71000E8DC3E460B9C0A9F5346824601322944A0
:10A72000072ACDE91021CAF80060CAF8045000F3E6
:10A7300021810AF1080A76E5029908980A930FAA7E
:10A74000FEF70EFD00287FF44DADDDE910210A9BD8
:10A75000CA467CE50299089806930FAAFEF700FD09
:10A7600000287FF43FADDDE91021069BCA4680E555
:10A77000102C109B2B4E1FDD089FDDF80880102544
:10A7800004E0103C102C0AF1080A15DD01331031E9
:10A79000072BCAE90065CDE91031F2DD0FAA414669
:10A7A0003846FEF7DDFC00287FF41CAD103C102C71
:10A7B000DDE91031CA46E9DC01332144072BCAE93F
:10A7C0000064CDE910317FF772AD029908980FAAA5
:10A7D000FEF7C6FC00287FF405AD119967E50798E0
:10A7E00050F8043B079011F010007FF423AE11F0F5
:10A7F00040023FF41FAE9BB202461BE6079850F89A
:10A80000043B079011F010007FF443AE11F04002BA
:10A810003FF43FAE9BB202463BE600BF6CB8030874
:10A82000A8990308989903080299089803930FAA16
:10A83000FEF796FC00287FF4D5ACDDE91021039BE0
:10A84000CA461EE5039B01934C4648E69BF8001060
:10A850000793FFF7EDBB039A01924C463FE618F0D1
:10A86000100F38D118F0400F35D0079B059A1B68A0
:10A870001A80ADE54146D0E54146FDE56B4B0993B5
:10A8800018F020022CD0079B073323F0070318464B
:10A890005A6850F8083B079018F0010F3FF45DAE7E
:10A8A00053EA02003FF459AE8DF8391030218DF88B
:10A8B000381000218DF837100399002980F28D801F
:10A8C00048F002085DE65A4B0993D9E72046F5F7B0
:10A8D00057FD034623E6079B059A1B681A6077E538
:10A8E000079850F8043B079018F01000D4D118F0E6
:10A8F00040021CBF9BB20246CEE74E4ECDF804A0EC
:10A900004C464FF0050E991841F10001A6FB0107D6
:10A9100027F0030000EB9700091A581A9A4694464C
:10A9200062F100034FF0CC3202FB00F206FB03227F
:10A93000A0FB063003F001070244A7FB0E074018F6
:10A94000BAF10A0F4FEA530300F130007CF1000C1A
:10A9500043EAC27304F8010D4FEA5202D3D2039ABC
:10A96000DDF804A0A9EB04039A42B8BF1A4601928D
:10A97000FFF7F4BB029908980A930FAAFEF7F0FBC1
:10A9800000287FF42FACDDE910210A9BCA464AE477
:10A990008846BAE4012D7FF4F2AD00253023BBE4F4
:10A9A000F7F708FEFFF7F9BA0299089806930FAA7D
:10A9B000FEF7D6FB00287FF415ACDDE91021069BDD
:10A9C000CA4659E4062B28BF06231B4C0795019362
:10A9D0001BE4CDE9062503921AE428F0800141F03A
:10A9E0000208CEE5029908980FAAFEF7B9FBFFF717
:10A9F000F9BB039B93E5002383460393FFF71ABB40
:10AA00004FF0FF330593FFF7F2BB302384E4079B3D
:10AA10009BF8011053F8042B079342EAE272834635
:10AA20000392FFF705BB00256FE400BFD49B03082A
:10AA30006CB80308CDCCCCCC80B8030810B4054C5E
:10AA40008446134620685DF8044B0A466146FFF7CA
:10AA500097BA00BF1802002070B50C468989ADF581
:10AA60008D6D21F00201ADF80C101AA9009104912E
:10AA70004FF4806102910591616E1991E189ADF801
:10AA80000E10E1690791616A0991002106916946FA
:10AA90000646FFF775FA051E07DB69463046FCF7E8
:10AAA0006BFA002818BF4FF0FF35BDF80C305B067D
:10AAB00003D5A38943F04003A38128460DF58D6D8E
:10AAC00070BD00BF81F0004102E000BF83F0004391
:10AAD00030B54FEA41044FEA430594EA050F08BF39
:10AAE00090EA020F1FBF54EA000C55EA020C7FEAFD
:10AAF000645C7FEA655C00F0E2804FEA5454D4EB7A
:10AB00005555B8BF6D420CDD2C4480EA020281EA43
:10AB1000030382EA000083EA010180EA020281EA7B
:10AB20000303362D88BF30BD11F0004F4FEA0131CD
:10AB30004FF4801C4CEA113102D0404261EB4101DC
:10AB400013F0004F4FEA03334CEA133302D0524262
:10AB500063EB430394EA050F00F0A780A4F101041E
:10AB6000D5F1200E0DDB02FA0EFC22FA05F2801858
:10AB700041F1000103FA0EF2801843FA05F359413E
:10AB80000EE0A5F120050EF1200E012A03FA0EFCBD
:10AB900028BF4CF0020C43FA05F3C01851EBE371E7
:10ABA00001F0004507D54FF0000EDCF1000C7EEB04
:10ABB00000006EEB0101B1F5801F1BD3B1F5001F42
:10ABC0000CD349085FEA30004FEA3C0C04F1010461
:10ABD0004FEA445212F5800F80F09A80BCF1004F8A
:10ABE00008BF5FEA500C50F1000041EB045141EA0C
:10ABF000050130BD5FEA4C0C404141EB0101013CD5
:10AC000028BFB1F5801FE9D291F0000F04BF0146C3
:10AC10000020B1FA81F308BF2033A3F10B03B3F195
:10AC200020020CDA0C3208DD02F1140CC2F10C0225
:10AC300001FA0CF021FA02F10CE002F11402D8BF83
:10AC4000C2F1200C01FA02F120FA0CFCDCBF41EA4F
:10AC50000C019040E41AA2BF01EB0451294330BD1E
:10AC60006FEA04041F3C1CDA0C340EDC04F11404FB
:10AC7000C4F1200220FA04F001FA02F340EA0300D2
:10AC800021FA04F345EA030130BDC4F10C04C4F118
:10AC9000200220FA02F001FA04F340EA03002946F8
:10ACA00030BD21FA04F0294630BD94F0000F83F442
:10ACB000801306BF81F480110134013D4EE77FEA25
:10ACC000645C18BF7FEA655C29D094EA050F08BF71
:10ACD00090EA020F05D054EA000C04BF1946104652
:10ACE00030BD91EA030F1EBF0021002030BD5FEA96
:10ACF000545C05D14000494128BF41F0004130BDBE
:10AD000014F580043CBF01F5801130BD01F0004511
:10AD100045F0FE4141F470014FF0000030BD7FEA84
:10AD2000645C1ABF194610467FEA655C1CBF0B467F
:10AD3000024650EA013406BF52EA033591EA030F96
:10AD400041F4002130BD00BF90F0000F04BF00218E
:10AD5000704730B54FF4806404F132044FF00005C1
:10AD60004FF0000150E700BF90F0000F04BF00213A
:10AD7000704730B54FF4806404F1320410F00045A0
:10AD800048BF40424FF000013EE700BF42004FEA9B
:10AD9000E2014FEA31014FEA02701FBF12F07F4318
:10ADA00093F07F4F81F06051704732F07F4208BFCF
:10ADB000704793F07F4F04BF41F40021704730B5D6
:10ADC0004FF4607401F0004521F000411CE700BF22
:10ADD00050EA010208BF704730B54FF000050AE0A5
:10ADE00050EA010208BF704730B511F0004502D5A6
:10ADF000404261EB41014FF4806404F132045FEAA8
:10AE0000915C3FF4D8AE4FF003025FEADC0C18BF50
:10AE100003325FEADC0C18BF033202EBDC02C2F142
:10AE2000200300FA03FC20FA02F001FA03FE40EAD4
:10AE30000E0021FA02F11444BDE600BF70B54FF0D8
:10AE4000FF0C4CF4E06C1CEA11541DBF1CEA1355B6
:10AE500094EA0C0F95EA0C0F00F0DEF82C4481EA1E
:10AE6000030621EA4C5123EA4C5350EA013518BF3E
:10AE700052EA033541F4801143F4801338D0A0FB2B
:10AE800002CE4FF00005E1FB02E506F00042E0FBD8
:10AE900003E54FF00006E1FB03569CF0000F18BFDE
:10AEA0004EF0010EA4F1FF04B6F5007F64F5407486
:10AEB00004D25FEA4E0E6D4146EB060642EAC62119
:10AEC00041EA55514FEAC52040EA5E504FEACE2E86
:10AED000B4F1FD0C88BFBCF5E06F1ED8BEF1004F89
:10AEE00008BF5FEA500E50F1000041EB045170BD05
:10AEF00006F0004646EA010140EA020081EA030149
:10AF0000B4EB5C04C2BFD4EB0C0541EA045170BD44
:10AF100041F480114FF0000E013C00F3AB8014F1BE
:10AF2000360FDEBF002001F0004170BDC4F1000407
:10AF3000203C35DA0C341BDC04F11404C4F1200588
:10AF400000FA05F320FA04F001FA05F240EA0200E3
:10AF500001F0004221F0004110EBD37021FA04F619
:10AF600042EB06015EEA430E08BF20EAD37070BDD3
:10AF7000C4F10C04C4F1200500FA04F320FA05F032
:10AF800001FA04F240EA020001F0004110EBD37034
:10AF900041F100015EEA430E08BF20EAD37070BDA4
:10AFA000C4F1200500FA05F24EEA020E20FA04F37D
:10AFB00001FA05F243EA020321FA04F001F000412C
:10AFC00021FA04F220EA020000EBD3705EEA430E9D
:10AFD00008BF20EAD37070BD94F0000F0FD101F0CC
:10AFE0000046400041EB010111F4801F08BF013C05
:10AFF000F7D041EA060195F0000F18BF704703F043
:10B000000046520043EB030313F4801F08BF013DC9
:10B01000F7D043EA0603704794EA0C0F0CEA135585
:10B0200018BF95EA0C0F0CD050EA410618BF52EA3F
:10B030004306D1D181EA030101F000414FF0000045
:10B0400070BD50EA410606BF1046194652EA430653
:10B0500019D094EA0C0F02D150EA013613D195EAC7
:10B060000C0F05D152EA03361CBF104619460AD10F
:10B0700081EA030101F0004141F0FE4141F4700119
:10B080004FF0000070BD41F0FE4141F4780170BD09
:10B0900070B54FF0FF0C4CF4E06C1CEA11541DBF6E
:10B0A0001CEA135594EA0C0F95EA0C0F00F0A7F870
:10B0B000A4EB050481EA030E52EA03354FEA01319D
:10B0C00000F088804FEA03334FF0805545EA1313B0
:10B0D00043EA12634FEA022245EA111545EA106578
:10B0E0004FEA00260EF000419D4208BF964244F10F
:10B0F000FD0404F5407402D25B084FEA3202B61A2E
:10B1000065EB03055B084FEA32024FF480104FF401
:10B11000002CB6EB020E75EB030E22BFB61A754675
:10B1200040EA0C005B084FEA3202B6EB020E75EB08
:10B13000030E22BFB61A754640EA5C005B084FEA70
:10B140003202B6EB020E75EB030E22BFB61A75463D
:10B1500040EA9C005B084FEA3202B6EB020E75EB48
:10B16000030E22BFB61A754640EADC0055EA060E09
:10B1700018D04FEA051545EA16754FEA06164FEA4C
:10B18000C30343EA52734FEAC2025FEA1C1CC0D1F8
:10B1900011F4801F0BD141EA00014FF000004FF085
:10B1A000004CB6E711F4801F04BF01430020B4F146
:10B1B000FD0C88BFBCF5E06F3FF6AFAEB5EB030CFE
:10B1C00004BFB6EB020C5FEA500C50F1000041EBFB
:10B1D000045170BD0EF0004E4EEA113114EB5C04C8
:10B1E000C2BFD4EB0C0541EA045170BD41F480119B
:10B1F0004FF0000E013C90E645EA060E8DE60CEAA3
:10B20000135594EA0C0F08BF95EA0C0F3FF43BAFBF
:10B2100094EA0C0F0AD150EA01347FF434AF95EA76
:10B220000C0F7FF425AF104619462CE795EA0C0F5A
:10B2300006D152EA03353FF4FDAE1046194622E727
:10B2400050EA410618BF52EA43067FF4C5AE50EA01
:10B2500041047FF40DAF52EA43057FF4EBAE12E7F1
:10B260004FF0FF3C06E000BF4FF0010C02E000BFD2
:10B270004FF0010C4DF804CD4FEA410C7FEA6C5CB5
:10B280004FEA430C18BF7FEA6C5C1BD001B050EA58
:10B29000410C0CBF52EA430C91EA030F02BF90EA43
:10B2A000020F0020704710F1000F91EA030F58BF02
:10B2B000994208BF90422CBFD8176FEAE37040F064
:10B2C000010070474FEA410C7FEA6C5C02D150EA02
:10B2D000013C07D14FEA430C7FEA6C5CD6D152EABD
:10B2E000033CD3D05DF8040B704700BF8446104682
:10B2F00062468C461946634600E000BF01B5FFF781
:10B30000B7FF002848BF10F1000F01BD4DF808ED50
:10B31000FFF7F4FF0CBF012000205DF808FB00BF21
:10B320004DF808EDFFF7EAFF34BF012000205DF87B
:10B3300008FB00BF4DF808EDFFF7E0FF94BF0120C8
:10B3400000205DF808FB00BF4DF808EDFFF7CEFFC9
:10B3500094BF012000205DF808FB00BF4DF808ED08
:10B36000FFF7C4FF34BF012000205DF808FB00BFD9
:10B370004FEA410C7FEA6C5C02D150EA013C0AD1F1
:10B380004FEA430C7FEA6C5C02D152EA033C02D1E3
:10B390004FF0000070474FF0010070474FEA410244
:10B3A00012F5001215D211D56FF47873B3EB625217
:10B3B00012D94FEAC12343F0004343EA505311F03E
:10B3C000004F23FA02F018BF404270474FF00000D0
:10B3D000704750EA013005D111F0004008BF6FF00E
:10B3E000004070474FF00000704700BF4A0011D284
:10B3F00012F5001211D20DD56FF47873B3EB6252CF
:10B400000ED44FEAC12343F0004343EA505323FADA
:10B4100002F070474FF00000704750EA013002D14F
:10B420004FF0FF3070474FF0000070474FEA410285
:10B43000B2F1E04324BFB3F5001CDCF1FE5C0DD992
:10B4400001F0004C4FEAC0024CEA5070B2F1004FDC
:10B4500040EB830008BF20F00100704711F0804FDF
:10B4600021D113F13872BCBF01F00040704741F4A4
:10B4700080114FEA5252C2F11802C2F1200C10FAA8
:10B480000CF320FA02F018BF40F001004FEAC1238C
:10B490004FEAD32303FA0CFC40EA0C0023FA02F330
:10B4A0004FEA4303CCE77FEA625307D150EA013306
:10B4B0001EBF4FF0FE4040F44000704701F00040D6
:10B4C00040F0FE4040F40000704700BF80F00040B4
:10B4D00002E000BF81F0004142001FBF5FEA41036C
:10B4E00092EA030F7FEA226C7FEA236C6AD04FEA6C
:10B4F0001262D2EB1363C1BFD218414048404140B1
:10B50000B8BF5B42192B88BF704710F0004F40F462
:10B51000000020F07F4018BF404211F0004F41F47E
:10B52000000121F07F4118BF494292EA030F3FD04A
:10B53000A2F1010241FA03FC10EB0C00C3F120035D
:10B5400001FA03F100F0004302D5494260EB4000EC
:10B55000B0F5000F13D3B0F1807F06D340084FEA57
:10B56000310102F10102FE2A51D2B1F1004F40EB4C
:10B57000C25008BF20F0010040EA030070474900B4
:10B5800040EB0000013A28BFB0F5000FEDD2B0FA51
:10B5900080FCACF1080CB2EB0C0200FA0CF0AABF74
:10B5A00000EBC25052421843BCBFD0401843704712
:10B5B00092F0000F81F4000106BF80F40000013218
:10B5C000013BB5E74FEA41037FEA226C18BF7FEAEF
:10B5D000236C21D092EA030F04D092F0000F08BF31
:10B5E0000846704790EA010F1CBF0020704712F018
:10B5F0007F4F04D1400028BF40F00040704712F157
:10B6000000723CBF00F50000704700F0004343F0BB
:10B61000FE4040F4000070477FEA226216BF0846F1
:10B620007FEA23630146420206BF5FEA412390EAB4
:10B63000010F40F4800070474FF0000304E000BFAA
:10B6400010F0004348BF40425FEA000C08BF70475B
:10B6500043F0964301464FF000001CE050EA01021F
:10B6600008BF70474FF000030AE000BF50EA010234
:10B6700008BF704711F0004302D5404261EB410121
:10B680005FEA010C02BF84460146002043F0B64346
:10B6900008BFA3F18053A3F50003BCFA8CF2083A6B
:10B6A000A3EBC25310DB01FA02FC634400FA02FC74
:10B6B000C2F12002BCF1004F20FA02F243EB02007B
:10B6C00008BF20F00100704702F1200201FA02FCDD
:10B6D000C2F1200250EA4C0021FA02F243EB0200D0
:10B6E00008BF20EADC7070477BB972B90029BEBF81
:10B6F00000204FF0004106E008BF00281CBF6FF09B
:10B7000000414FF0FF3001F0EFB9ADF1080C6DE9E9
:10B7100004CE002909DB002B1ADB00F0B7F8DDF8B6
:10B7200004E0DDE9022304B07047404261EB4101CF
:10B73000002B1BDB00F0AAF8DDF804E0DDE90223B2
:10B7400004B0404261EB4101524263EB4303704756
:10B75000524263EB430300F099F8DDF804E0DDE9C1
:10B76000022304B0404261EB41017047524263EB57
:10B77000430300F08BF8DDF804E0DDE9022304B0B8
:10B78000524263EB4303704753B94AB9002908BFDB
:10B7900000281CBF4FF0FF314FF0FF3001F0A4B97B
:10B7A000ADF1080C6DE904CE00F070F8DDF804E0AE
:10B7B000DDE9022304B0704707EE900AF5EEC07A87
:10B7C000F1EE10FA01D400F023B8F1EE677A08B573
:10B7D00017EE900A00F01CF8404261EB410108BDF1
:10B7E00038B50022002304460D46FFF799FD28B91D
:10B7F00020462946BDE8384000F02AB8204605F129
:10B80000004100F025F8404261EB410138BD00BF26
:10B81000D0B5FFF7BBFA0C4B002206460F46FFF7E8
:10B820000DFBFFF7E3FD0446FFF78EFA074B0022FE
:10B83000FFF704FB02460B4630463946FFF746F950
:10B84000FFF7D4FD2146D0BD0000F03D0000F041DF
:10B85000D0B50C4B002206460F46FFF7EFFAFFF774
:10B86000C5FD0446FFF770FA074B0022FFF7E6FA22
:10B8700002460B4630463946FFF728F9FFF7B6FD7A
:10B880002146D0BD0000F03D0000F0412DE9F04719
:10B89000089D0E4604460F46002B4AD194468C451F
:10B8A000B2FA82F260D942B1C2F12003974020FA85
:10B8B00003F30CFA02FC1F4394404FEA1C4E1FFA9C
:10B8C0008CF6B7FBFEF1230C0EFB117743EA07431E
:10B8D00001FB06F098420AD91CEB030301F1FF3784
:10B8E00080F01581984240F21281023963441B1A9C
:10B8F000A4B2B3FBFEF00EFB103344EA034400FB9A
:10B9000006F6A6420AD91CEB040400F1FF3380F0CE
:10B910000081A64240F2FD806444023840EA0140C2
:10B92000A41B00211DB1D4400023C5E90043BDE89C
:10B93000F0878B4205D90DB1C5E900010021084609
:10B94000F5E7B3FA83F1002946D1B34202D382422C
:10B9500000F2F580841A66EB030201201746002DE1
:10B96000E5D0C5E90047E2E7002A40F09380A1EB6B
:10B970000C034FEA1C471FFA8CFE0121B3FBF7F6BC
:10B9800007FB1630230C43EA00430EFB06F09842F7
:10B9900008D91CEB030306F1FF3802D2984200F2EB
:10B9A000D08046461B1AA4B2B3FBF7F007FB103356
:10B9B00044EA03440EFB00FEA64508D91CEB040430
:10B9C00000F1FF3302D2A64500F2B6801846A4EB80
:10B9D0000E0440EA0640A5E7C1F120078B4022FA99
:10B9E00007FC4CEA030C06FA01FE20FA07F426FADB
:10B9F00007F344EA0E0400FA01F84FEA1C404FEA4C
:10BA00001449B3FBF0FE1FFA8CF600FB1E3349EA23
:10BA100003430EFB06F9994502FA01F20BD91CEB20
:10BA200003030EF1FF3A80F08580994540F2828051
:10BA3000AEF1020E6344A3EB0909A4B2B9FBF0F323
:10BA400000FB139944EA094403FB06F6A64208D911
:10BA50001CEB040403F1FF3068D2A64266D9023B16
:10BA6000644443EA0E40A41BA0FB02E6B4427346C2
:10BA7000B14652D34FD05DB1B8EB030264EB090479
:10BA800004FA07F722FA01F31F43CC40C5E900741A
:10BA900000214CE7C2F1200120FA01F30CFA02FC6C
:10BAA00026FA01F1964033434FEA1C471FFA8CFEF9
:10BAB000B1FBF7F007FB1016190C41EA064100FB39
:10BAC0000EF68E4204FA02F408D91CEB010100F1D3
:10BAD000FF382DD28E422BD902386144891B9BB28C
:10BAE000B1FBF7F607FB161143EA014306FB0EF123
:10BAF000994208D91CEB030306F1FF3814D299428E
:10BB000012D9023E63445B1A46EA004136E73946E1
:10BB1000EDE6184602E7F045ADD2BEEB020366EB58
:10BB20000C060138B146A6E74646ECE7034698E71F
:10BB30004046D3E7D6467EE76444023847E70846E6
:10BB40000DE7023E63442DE703685A004CBF43F003
:10BB5000004323F000431844704700BF2DE9F0472D
:10BB600059B301F1FF380546164647464FF0000A23
:10BB70000AEB070101EBD171491005EBC1094846F9
:10BB8000FFF7E2FF88454FEAC104034610D004F1F5
:10BB90000800B342284407D8FFF7D6FF0138B04267
:10BBA00008D201F1010AE3E78A4506D04F1EDFE71C
:10BBB000B042F9D84846BDE8F0874FF00009484642
:10BBC000BDE8F087012809D0022805D0044B0028E1
:10BBD0000CBF184600207047024870470248704763
:10BBE000A1C20008A9C20008A5C2000830B5224BB6
:10BBF00083B004468D1E43B301A92846AFF30080ED
:10BC0000F0B101992A46FFF7A9FF0146C0B1FFF73D
:10BC10009BFF4B68A064012B2BD0002B01F104008B
:10BC200025DBFFF791FF002323650368E064002B09
:10BC300012DBFFF789FF03460020236103B030BD0C
:10BC400000230920236103B030BD0C4B0C49C91AF5
:10BC5000C91018460191D5E7C3F30360FFF7B2FF9F
:10BC6000031E0CBF09200020236103B030BD012357
:10BC7000DAE700230520E0E70000000004D704080D
:10BC8000C4E504080368DA0710B5044606D49B0728
:10BC900000F1500009D500F095FC2368590709D53B
:10BCA0001A070ED5DB0613D510BD00F083FC236800
:10BCB0005907F5D404F1D80000F08CFC23681A076A
:10BCC000F0D404F5AC7000F08DFC2368DB06EBD4F7
:10BCD00004F5EC70BDE8104000F0C8BC03460068F5
:10BCE00000B11844704700BF09207047704700BF7B
:10BCF00070B504460E46316C2046FFF777FF0546C7
:10BD000088B9326C62612369324621460120984726
:10BD10000828F0D0072806D12846316CFFF7E6FF47
:10BD2000301D00F03BFCFFDE2DE9F04701F1040C73
:10BD3000C768D0F8188006469146BCE80F00ADF5FC
:10BD4000767D03AC0FC4BCE80F000FC4BCE80F0045
:10BD50000FC49CE80F0002AD4FF0000E84E80F0006
:10BD6000C5F800E021E02B6C73614FF4F4722946B2
:10BD70007CA8F6F74DF933697CAA314650469847BE
:10BD80008A9BAB644946CDE9005882463346012080
:10BD90003246B847814630BB4FF4F4727CA928463E
:10BDA000F6F736F9BAF1080F1AD1296C3046FFF7C9
:10BDB0001DFF09F1090904465FFA89FA0028D2D06B
:10BDC000AB6BAB643246CDE9005833464AF0100104
:10BDD0000120B84738B920460DF5767DBDE8F087DB
:10BDE000BAF1070F05D0092420460DF5767DBDE890
:10BDF000F0874846296CFFF779FF03A800F0CEFBD7
:10BE0000806C7047F0B5CB6B0B6401F1040C0E46EF
:10BE10000546BCE80F00FBB001AC0FC4BCE80F0046
:10BE20000FC4BCE80F000FC49CE80F004FF0FF37B1
:10BE300084E80F00009706E02B696A462946984778
:10BE40000828044608D110992846FFF7CFFE00289D
:10BE5000F2D009207BB0F0BD6846FFF713FF062C37
:10BE6000F7D131462846FFF743FF00BFC160D96BC9
:10BE7000826119640022194656E700BF70B5C66892
:10BE800043690B64AEB903690A4604460D46014690
:10BE900002209847072805D008280ED129462046B9
:10BEA000FFF726FF3046296CFFF720FF281D00F022
:10BEB00075FB0122FFF738FFFFDEFFDEC2681AB113
:10BEC000CA6B0A6400222FE79CE700BF704700BFDF
:10BED000836801460BB1012018477047052915D822
:10BEE000DFE801F00A031403030501207047009AFC
:10BEF000436C13600020704743B90F2A06D800EB4B
:10BF0000820200205368009A136070470220704735
:10BF100000B585B00A46002303A900911946FFF732
:10BF2000DDFF039805B05DF804FB00BF052915D8B7
:10BF3000DFE801F00A031403030501207047009BAA
:10BF40001B6843640020704743B90F2A06D8009B42
:10BF500000EB82021B68536000207047022070478C
:10BF600010B584B0002303AC039200940A4619462E
:10BF7000FFF7DCFF04B010BD70B5D36B136402F1A2
:10BF8000040C05460C46BCE80F00ADF5107D0DF124
:10BF90005C0EAEE80F00BCE80F00AEE80F00BCE896
:10BFA0000F00AEE80F009CE80F004FF0FF368EE860
:10BFB0000F00169610E0FFF7D3FF214616A8A847FA
:10BFC000034616AA0820694683B9049B98470528AA
:10BFD00006460CD0092809D026996846FFF706FEC8
:10BFE00003460C216A4616A8002BE4D0092616A8A1
:10BFF000FFF748FE30460DF5107D70BD2DE9F04F7E
:10C000001646CA6C89B00D4652F8041B069200F021
:10C01000030C002B79D00C0C8DF81D400904E4B200
:10C02000059102EB840202218DF81C10296DBCF1F0
:10C03000020F08BFAA6B11F0010809D005A930460C
:10C0400000F0AEFB002856D1082009B0BDE8F08F03
:10C050001768002FF2D000F00801CDE90118E3467F
:10C060009A46BAF1020F4CD01788548802F104099D
:10C07000AA6C24F001030F21304603EB0208FFF7FE
:10C0800047FF80453BD827F0010202EB08038342BB
:10C0900094BF00230123640004F0020407F00107A9
:10C0A0002743012F4ED0022F35D027BBBBF1000F05
:10C0B00002D0002B40F0D38009F104021768002F52
:10C0C000CFD105A93046DDF8088000F069FB90B9B2
:10C0D000B8F1000FB8D00F213046FFF719FF0E213D
:10C0E00002463046FFF73CFF6C4A0F213046FFF70F
:10C0F00037FF072000E0092009B0BDE8F08F0023DA
:10C10000C9E7546802F10809B2E7090205918DF800
:10C110001D30032188E7D9F8004024F00048BBF126
:10C12000000F47D12BB1019B002B5CD0B8F1000F61
:10C1300059D0002C01DA09F1040908F1010209EBD8
:10C140008202BBE7BBF1000F1CD1C3B1D9F80430A8
:10C15000D9F80020991C4FEAD272CCD005F15804CE
:10C160000133049400F08E8009F10400FFF7B6FD5E
:10C1700004AB014628462BF0F1FF002859D109F104
:10C1800008029BE70D213046FFF7C2FE2C6A84426D
:10C19000F5D1AB6A9945F2D14846FFF7D5FC0F219E
:10C1A00002463046FFF7DCFE2A4600213046FFF704
:10C1B000D7FE9EE70D213046FFF7AAFE2F6A874281
:10C1C000B7D1AB6A9945B4D100240423C5E90B4328
:10C1D0004B44C5F828806B63D9F80030A34258DB84
:10C1E00001230293A9E705F15803CDF80CB009F13A
:10C1F0000407B34600241E460BE038460496FFF7BA
:10C200006DFD0022014604AB28462BF0A7FF043742
:10C21000F8B9444504F10104EFD10D215846FFF768
:10C2200077FE049BC5F828900246C5E9082306203E
:10C2300062E704460D213046FFF76AFE049E28623D
:10C24000022C04BFEE6205F12C06C5E9096906203F
:10C2500052E75E46D9F80040DDF80CB069E7484681
:10C26000FFF772FC09F104030446AB6328462BF088
:10C27000CDFF00283FF43FAF22460F213046FFF7A5
:10C280006FFE36E730460D21FFF742FE2646286254
:10C29000DBE708F1010209EB82007EE7D191030898
:10C2A0000023ABE60123A9E60223A7E62DE9F0412E
:10C2B0000646C4B01446052900F2D880DFE811F024
:10C2C00012002D00D6006C0091000600836B002C3C
:10C2D00040F0CC8053F8042B42648363002044B0C8
:10C2E000BDE8F081002B40F0C180856B1FFA84FC13
:10C2F000012006F1040E00FA03F111EA0C0F2A46A0
:10C3000004D052F8041B4EF8231015460133102BAD
:10C31000F1D1A704E2D4B563E0E7012B4FEA14475B
:10C32000A4B200F08380052B40F0A08007EB040846
:10C33000B8F1200F00F29A800F2F40F29980002C64
:10C34000CCD00268500700F11881019302AD284655
:10C3500000F044F94FEA440CA7F11000B16B019BC7
:10C360000CF1FF3C05EBC0000CF1010C043801EBB3
:10C370008C0251F8044B40F8044F9142F9D1012B43
:10C3800000F0DE800F2FB16302D822A800F01AF966
:10C39000284600F01FF9A1E7032B67D1A7B207EBEE
:10C3A0001443102B4FEA144460D80368190700F1B6
:10C3B000BF8022AD284600F037F97A00B06B05EB5C
:10C3C000C404531E42B1011B625844F8042B013BC4
:10C3D0005A1CF9D100EBC700B063284600F002F9FF
:10C3E0007CE7002B42D1102C40D80368DD0600F119
:10C3F000978022AD284600F043F9B76B2946002309
:10C400004FF0010C0CFA03F22242384603F101030B
:10C4100003D050F8042B0A600746042B01F10401F5
:10C42000F0D1B763284600F021F957E73A19102AEE
:10C430001CD8102F1AD00268D00708D5304622F039
:10C44000030240F8502B019300F0B8F8019B0193D0
:10C4500022AD284600F0B2F8B26B019B002C58D1F7
:10C460000432B263284600F0A5F837E7022036E729
:10C47000B8F1100F026865D9D40772D522F0010215
:10C4800042F0020240F8502B019300F09FF832680E
:10C49000019B12F0040F66D122AD2846019300F0F3
:10C4A00095F802A800F09AF8C7F110014900B26BA4
:10C4B000019BA8F1100C4C1E05EBC7000134043899
:10C4C00002EB840152F8044B40F8044F8A42F9D140
:10C4D000BCF1000F5AD0102F384638BF10204FEA59
:10C4E0004C0C103802AD0CF1FF3C05EBC0003BE7F3
:10C4F000304622F0010242F0020240F8502B22ADF9
:10C50000019300F063F8284600F060F8B26B24B3A2
:10C51000019B6400013C05EBC7004FF0000CCDE728
:10C5200023F01003036000F5EC7000F0A9F860E759
:10C5300023F00803036000F5AC7000F075F838E7ED
:10C5400022AD8DE7D107D3D422AD2846019300F068
:10C550003DF8B26B019B002CDBD1284600F032F88D
:10C56000BCE6540798D5304622F0040240F8D82B98
:10C57000019300F033F8019B8EE7304622F004026D
:10C5800040F8D82B019300F029F8DFE6012B3FF4A7
:10C5900067AF0F2FB2633FF6A1AEDEE700F13401C3
:10C5A00091E838009C46A6464CF8045D90E8FF0FE1
:10C5B000E54600BD90EC210B704700BF80EC210BDD
:10C5C000704700BF90EC200B704700BF80EC200B41
:10C5D000704700BFD0EC200B704700BFC0EC200BB1
:10C5E000704700BFF0EC0201F0EC0211F0EC022108
:10C5F000F0EC0231F0EC0241F0EC0251F0EC02619F
:10C60000F0EC0271F0EC0281F0EC0291F0EC02A18E
:10C61000F0EC02B1F0EC02C1F0EC02D1F0EC02E17E
:10C62000F0EC02F1704700BFE0EC0201E0EC021117
:10C63000E0EC0221E0EC0231E0EC0241E0EC0251DE
:10C64000E0EC0261E0EC0271E0EC0281E0EC0291CE
:10C65000E0EC02A1E0EC02B1E0EC02C1E0EC02D1BE
:10C66000E0EC02E1E0EC02F1704700BFB0FC0181B8
:10C67000B0FC0191B0FC01A1B0FC01B1704700BF5A
:10C68000A0FC0181A0FC0191A0FC01A1A0FC01B1D2
:10C69000704700BFEC4600B52DE900502DE9FF1FA3
:10C6A0004FF000032DE90C0001A9FFF7ABFBDDF80B
:10C6B00040E012B0704700BFEC4600B52DE90050D5
:10C6C0002DE9FF1F4FF000032DE90C0001A9FFF732
:10C6D000D5FBDDF840E012B0704700BFEC4600B576
:10C6E0002DE900502DE9FF1F4FF000032DE90C004C
:10C6F00001A9FFF7E3FBDDF840E012B0704700BF8F
:10C70000EC4600B52DE900502DE9FF1F4FF0000366
:10C710002DE90C0001ABFFF7A9FBDDF840E012B0FA
:10C72000704700BFEC4600B52DE900502DE9FF1F12
:10C730004FF000032DE90C0001AAFFF71DFCDDF806
:10C7400040E012B0704700BF027A03467AB9427ADD
:10C75000A2B14168013A10B44272086803220C1D6C
:10C760001A7202025C60000E10BC1A60704700680A
:10C77000013A1A7202021A60000E7047B020704728
:10C7800000B585B003AA0023009219460C22FFF7DA
:10C79000A5FB039805B05DF804FB00BFF0E700BF00
:10C7A0002DE9F043064685B00D464FF000082846B7
:10C7B000FFF7CAFFB028044600F01C8107065BD5CE
:10C7C00000F0F003A02B1AD030D8802B00F082802C
:10C7D000902B27D100F00D030D2B23D002AF0023A7
:10C7E00000F00F02194600973046FFF777FB002351
:10C7F00000970D2219463046FFF798FBD7E7C34351
:10C8000003F007034FF47F621A41010702F47F62CD
:10C8100001D542F48042002319463046FFF746FD19
:10C820000028C4D0092005B0BDE8F083B02B68D043
:10C83000C02B3DD1C62800F0CA80C72800F0DF8099
:10C8400000F0F803C02B00F0EC80C82800F0F7805F
:10C85000C928E7D12846FFF777FF020300F00F0051
:10C8600002F4702201300243012105233046FFF714
:10C870001DFD00289BD0D5E78300DBB21F1D0DF105
:10C88000080900231946CDF800900D223046FFF725
:10C8900025FB029BCDF8009060064CBFDF1BFF1804
:10C8A00000230D22194630460297FFF73FFB7EE733
:10C8B00000F0F803D02BB5D100F0070201320523B8
:10C8C00042F4002201213046FFF7F0FC00283FF43B
:10C8D0006EAFA7E72846FFF737FF24022043B0F5E5
:10C8E000004F9FD004010023A2B219463046FFF743
:10C8F000DDFC002896D114F4004F18BF4FF001085A
:10C9000055E7A0F1B103042B00F2B580DFE803F096
:10C910005529160C030003AA0023009219460D2284
:10C920003046FFF7DBFA42E700231A46052130467E
:10C93000FFF7BCFC00283FF43AAF73E72846FFF747
:10C9400003FF020300F00F00013002F47022012304
:10C95000024319463046FFF7A9FC00283FF427AFF1
:10C9600060E700230DF108090D221946CDF800906B
:10C970003046FFF7B3FA2846FFF7E6FE0206029CB0
:10C980004FF002070BD500F07F00B8400444284662
:10C990000294FFF7D9FE030607F10707F3D4B84066
:10C9A000002304F501740444CDF800900D221946CB
:10C9B00030460294FFF7BAFAF9E62846FFF7C4FEBC
:10C9C000431EDBB20E2B02467FF625AF2AE7284630
:10C9D000FFF7BAFE020300F00F00013002F47022EC
:10C9E0000323024319463046FFF760FC00283FF45A
:10C9F000DEAE17E7B8F1000F2DD0002013E7284670
:10CA0000FFF7A2FE431EDBB20E2B02463FF60AAF33
:10CA1000002304213046FFF749FC00283FF4C7AE4D
:10CA200000E700F00F020132032342F420221946EE
:10CA30003046FFF73BFC00283FF4B9AEF2E628464B
:10CA4000FFF782FE00F0F00200F00F031032013316
:10CA500043EA023208E702AC4346414600940E2204
:10CA60003046FFF73BFA0F220094434641463046DA
:10CA7000FFF75CFAC1E700F0FC03B42B3FF4D2AE41
:10CA800000F007020132012342F400221946304629
:10CA9000FFF70CFC00283FF48AAEC3E610B5C26C69
:10CAA000536884B04FF0030C08321C0208461B0E7A
:10CAB00001A9019402928DF80CC08DF80D30FFF79A
:10CAC0006FFE04B010BD00BF08B5FFF767FE806CB5
:10CAD00008BD00BF08B5FFF761FEC06CC37900EB6D
:10CAE0008300083008BD00BF704700BF024B5822CA
:10CAF0001A604FF0FF307047DC0F0020024B5822C5
:10CB00001A604FF0FF307047DC0F0020024B5822B4
:10CB10001A604FF0FF307047DC0F0020024B5822A4
:10CB20001A600020704700BFDC0F0020024B582223
:10CB30001A604FF0FF307047DC0F0020024B582284
:10CB40001A604FF0FF307047DC0F0020024B582274
:10CB50001A604FF0FF307047DC0F0020FEE700BF87
:10CB6000DFF838D0002103E00D4B5B58435004310F
:10CB70000C480D4B42189A42F6D30C4A02E00023AF
:10CB800042F8043B0A4B9A42F9D302F01FFE13F01D
:10CB90004BFAF5F76DFB13F0A3FA70470000022083
:10CBA000F0E5040800000020B40C0020B80C0020C0
:10CBB00054FA0020FEE7000008480068006880F38F
:10CBC00008884FF0000080F3148862B661B6BFF3A6
:10CBD0004F8FBFF36F8F00DF00BF000008ED00E054
:10CBE000DFF80C00016841F470010160704700003B
:10CBF00088ED00E00E4B1B6882B0002201330192E9
:10CC000008D04FF0500383F31188BFF36F8FBFF349
:10CC10004F8FFEE74FF0500383F31188BFF36F8F00
:10CC2000BFF34F8F019B002BFCD002B0704700BFB9
:10CC3000D008002010B44FF08073074C40F8043C3B
:10CC400021F001016FF0020340E9034140E909329C
:10CC50005DF8044B44387047F5CB00080000000035
:10CC6000074B19680868B0E8F04F80F30988BFF3F4
:10CC70006F8F4FF0000080F311887047AFF3008092
:10CC800018A300204FF0500383F31188BFF36F8F78
:10CC9000BFF34F8F0B4A13680133012B136000D091
:10CCA00070474FF0E023D3F8043DDBB2002BF7D000
:10CCB0004FF0500383F31188BFF36F8FBFF34F8F93
:10CCC000FEE700BFD0080020084A136843B94FF0C0
:10CCD000500383F31188BFF36F8FBFF34F8FFEE7CD
:10CCE000013B13600BB983F311887047D008002013
:10CCF000EFF30980BFF36F8F154B1A681EF0100F0A
:10CD000008BF20ED108A20E9F04F10602DE90900DE
:10CD10004FF0500080F31188BFF34F8FBFF36F8F38
:10CD200009F0E0FA4FF0000080F3118809BC19689F
:10CD30000868B0E8F04F1EF0100F08BFB0EC108A82
:10CD400080F30988BFF36F8F704700BFAFF3008097
:10CD500018A3002008B54FF0500383F31188BFF3E8
:10CD60006F8FBFF34F8F09F03FF928B14FF0E023E9
:10CD70004FF08052C3F8042D002383F3118808BDBF
:10CD80004FF0E02200230649136193610B680549C7
:10CD9000A1FB03139B090720013B536110617047FE
:10CDA000A80B0020D34D62104FF0E0233D4AD3F88A
:10CDB000001D914241D0D3F8002D3B4B9A4233D015
:10CDC00030B53A4B3A4C1A783A4883B0FF21D2B288
:10CDD000019219701B78DBB28DF803309DF8033097
:10CDE0009DF8032003F05003072112062370016011
:10CDF00048BF06220FD59DF803305B00DBB28DF8EB
:10CE000003309DF803301B06114602F1FF32F2D4C5
:10CE100003291BD001604FF0500383F31188BFF347
:10CE20006F8FBFF34F8FFEE74FF0500383F31188EE
:10CE3000BFF36F8FBFF34F8FFEE74FF0500383F3C5
:10CE40001188BFF36F8FBFF34F8FFEE7019B174A27
:10CE50004FF0E0244FF44071DBB201601370D4F85E
:10CE6000203D43F47003C4F8203DD4F8203D43F046
:10CE70007043C4F8203DFFF783FF0F4B00251D6072
:10CE8000FFF7AEFED4F8343F43F04043C4F8343FDC
:10CE9000FFF792FE09F026FAFFF7ACFE284603B032
:10CEA00030BD00BF71C20F4170C20F4100E400E00D
:10CEB000E40F0020E00F0020D0080020EFF30583EE
:10CEC0000F2B0ED91149124A5B5C12789A4208D98D
:10CED0004FF0500383F31188BFF36F8FBFF34F8F71
:10CEE000FEE74FF0E0230B4AD3F80C3D126803F441
:10CEF000E063934208D94FF0500383F31188BFF3E6
:10CF00006F8FBFF34F8FFEE7704700BFF0E300E085
:10CF1000E40F0020E00F002001207047B6EE000A69
:10CF2000704700BFB6EE000A704700BF9FED010AD0
:10CF3000704700BF5E74513F9FED010A704700BF0C
:10CF40005E74513F90F82C00A0F10200B0FA80F01E
:10CF50004009704790F82800A0F10200B0FA80F074
:10CF60004009704710B5254BDFED257A84460C4605
:10CF70000FCB84B0B4EEE70A0DF1100EF1EE10FA0B
:10CF80000EE90F0033D5DFED1F7AB4EEE70AF1EEBC
:10CF900010FA2FD5F3EE047AB4EEE70AF1EE10FAA8
:10CFA00054BF0123002399002CB104AA02EB830390
:10CFB00053F8103C2360BCF82430B3F5AA6F03D1BA
:10CFC000BCF826308B420FD0DCF81400ACF82610E9
:10CFD0004FF4AA630022BCF81810ACF824308CF887
:10CFE0002C2008B104F090FA012004B010BD0C21EF
:10CFF0000323D9E708210223D6E700BFE8930308FB
:10D000000000A0420000204290F82C302BB1C369F0
:10D0100023B11B69028C1A4200D07047002380F8AC
:10D020002C3070472DE9F04F074691B041F400468F
:10D030004FF0010A4FF47A7B27F8286FCDE90CAB4B
:10D0400000230B930A9700F10C092A4D0F92044616
:10D0500099E803000DF1200805F10C0E88E80300A3
:10D06000BEE80F00EC46ACE80F009EE80F008CE82D
:10D070000F0095E80E00A06814F08CFE20B9002582
:10D08000284611B0BDE8F08F50460BF0B7FB0A9769
:10D09000CDF834B02685CDF830A099E8030004F12E
:10D0A0002A030B9305F10C074FF6FF7388E8030082
:10D0B00063850FCF6E460FC697E80F0086E80F0016
:10D0C00095E80E00A06814F065FE05460028D6D04D
:10D0D00050460BF093FB638D4BF6EF629342CED03C
:10D0E0000F9A002ACCD0C3F30A032846138011B04C
:10D0F000BDE8F08F409A030810B582B001AA002164
:10D100000446FFF78FFF88B10DF106024FF400616E
:10D110002046FFF787FF48B1BDF80600BDF8043090
:10D12000000400F40000184302B010BD4FF0FF30BF
:10D1300002B010BD70B5C2F30A028EB011430126D1
:10D140004FF47A72CDE90C6200F10C0301850446BC
:10D15000114D93E8030000230B9304F128030A9375
:10D1600005F10C0E08AB83E80300BEE80F00EC46A7
:10D17000ACE80F009EE80F008CE80F0095E80E0069
:10D18000A06814F007FE044610B130460BF036FBE1
:10D1900020460EB070BD00BF409A030890F82C30B6
:10D1A000022B00F0838010B50446406982B018B1AC
:10D1B000218B002204F0A8F928200BF01FFB6069E6
:10D1C000002384F82C3018B1218B012204F09CF943
:10D1D000142009F043FCA28C4FF480512046FFF745
:10D1E000A9FF10B9002002B010BDA28C4FF48051ED
:10D1F0002046FFF79FFF0028F4D0A28C4FF4805107
:10D200002046FFF797FF0028ECD0A28C4FF4805106
:10D210002046FFF78FFF0028E4D0A28C4FF4805106
:10D220002046FFF787FF0028DCD0E28C4FF4C05186
:10D230002046FFF77FFF0028D4D064200BF0DEFAF1
:10D2400001234FF4805184F82C300DF10602204662
:10D25000FFF7E8FE0028C5D0A28CBDF806309A4240
:10D26000C0D10DF106024FF4C0512046FFF7DAFE9F
:10D270000028B7D0E28CBDF806309A42B2D12046E1
:10D28000FFF73AFF0028ADD1EFF3108372B694F8A0
:10D290002C20012A04BF022284F82C2083F310885A
:10D2A00094F82C00831E584258419CE70120704797
:10D2B000704700BF704700BF82B010B48BB001ACA4
:10D2C00084E80700019A0D931168029A1C460B68C6
:10D2D00012686FF0010003400B60CB680340CB6025
:10D2E0004B6943F001034B6108614C6213680340D2
:10D2F0001360D468039B04401B68D460546944F0F5
:10D30000010454610E9C106154621C6804401C604E
:10D31000DC680440DC605C69049144F001045C61F9
:10D320000F9C18615C620C6810681968059244F0E3
:10D33000010440F0010041F00101079408900693B8
:10D340000991EFF3108372B6DDE90410DDE90624DC
:10D350000C60DDE908410460116083F310880BB0B4
:10D360005DF8044B02B070470448054A036D1B6822
:10D37000934200D170475030184700BF40900020C2
:10D38000B5D200080448054A836B1B68934200D15C
:10D3900070473830184700BFE0900020B1D2000835
:10D3A000494A136813F0040331D0F0B5474E33688F
:10D3B0002DED028B03F00603062B85B004D0002070
:10D3C00005B0BDEC028BF0BD414F3B6803F0060396
:10D3D000062BF4D10546D06B0C460BF059FD3D48A9
:10D3E000FFF7B0FDA8B93C48FFF7ACFD002833D1EA
:10D3F00035483649364A6FF0040404606FF026035E
:10D4000001200B60136005B0BDEC028BF0BD184627
:10D410007047F26B314968460DF07CFD2F49FA6B7D
:10D420009DED008A02A80DF075FD9DF80430002BDB
:10D43000D9D09DF80C30002BD5D09DED027A2B7BF6
:10D44000F1EE487A77EEC77A5BB3C5ED007A85EDE9
:10D45000018A85ED027AC6E71C4B2149DA6C6846E1
:10D460000DF058FD1A4B1E49DA6C9DED008A02A89A
:10D470000DF050FD9DF80430002BB9D09DF80C3014
:10D48000002BB5D09DED027A237BF1EE487A77EE42
:10D49000C77A7BB1C4ED007A84ED018A84ED027A0B
:10D4A000A6E70123C5ED007A85ED018A85ED027AB4
:10D4B0002B7398E70123C4ED007A84ED018A84ED93
:10D4C000027A237394E700BF00200140002101404D
:10D4D000002201408091002050910020E08C00202B
:10D4E000908E002010B5382104462AF0B3FC204667
:10D4F00010BD00BF10B5502104462AF0ABFC2046F9
:10D5000010BD00BF08B502F091FA01F0DDF9084A3C
:10D51000084B1178FF2918BF1346DA78032A00D088
:10D52000FEE71A79062AFBD15B79382BF8D108BDC2
:10D530000078FF1F0000002070B582B002F06EF985
:10D5400001F074F901F0C8FD01F01AFE00F0DCFFF3
:10D5500001F0E2F800F0E6FD00F01CFE01F096FBA1
:10D5600001F062FE01F082F800F04EFE00F09CFE39
:10D5700000220121062003F095F9062003F0CEF9E0
:10D5800000220121072003F08DF9072003F0C6F9DE
:10D5900000220121082003F085F9082003F0BEF9DC
:10D5A00000220121092003F07DF9092003F0B6F9DA
:10D5B000002201210A2003F075F90A2003F0AEF9D8
:10D5C00000220121172003F06DF9172003F0A6F9BE
:10D5D00000220121282003F065F9282003F09EF99C
:10D5E000002205214D2003F05DF94D2003F096F94E
:10D5F000002211462C20554C03F054F92C2003F046
:10D600008DF994F8AD31002B35D194F8AE31002B63
:10D610003CD194F8BD31002B43D194F8BC313BB1DF
:10D6200094F8AB31072B00F08880012384F8F032A6
:10D63000474B4848D96841F00101D960DC6844F0A3
:10D640000204DC609C6844F080049C6000224FF47B
:10D65000805103F059FF28200BF0D0F801224FF43D
:10D6600080513C4803F050FF44F620600BF0C6F8B0
:10D67000012002B070BD384BD4F8B0211B685A604D
:10D6800001F0D6FB94F8AE31002BC2D0334BD4F866
:10D69000B4211B685A6001F0EFFB94F8BD31002BF8
:10D6A000BBD02F4D05F1180393E803006E4600230D
:10D6B00086E8030001221946304613F07BFD05F190
:10D6C000200393E80300002386E8030001221946A3
:10D6D000304613F06FFD05F1280393E803000023A3
:10D6E00086E8030001221946304613F063FD01204D
:10D6F00009F0B4F9AB69AA8B23B11B691A4214BFB4
:10D7000001230023286AAA8C28B101690A4214BFA8
:10D71000012000204000AA6AA98D32B1126911428D
:10D7200014BF0122002243EA820318430D4B40F04C
:10D730006800187002F0E6F86FE794F8AC31072B38
:10D740003FF476AF012384F8F03271E7C0E30020A4
:10D75000002004E000040240200B00201C0B0020ED
:10D76000F80F002024FA00202DE9F0438FB0EFF3EA
:10D77000108472B6304F314E3A6830689368DFF8E3
:10D78000D0902F4D23F44013936081682D4A01EA15
:10D79000090181602868816801EA090102F10C0829
:10D7A000816007CA0DF1080E8EE8070098E80700AF
:10D7B00005AB83E807009EE807000DF1200C8CE81C
:10D7C000070093E807000EAB03E907000EAA034623
:10D7D00012E903008DE803009CE80700FFF76CFDE9
:10D7E000396832688868184E2B6840F48010886069
:10D7F0009068304390609D68144835439D606FF099
:10D80000040500680D6015601D606FF002050D6075
:10D8100015601D606FF020050D6015606FF001024E
:10D820001D600261C36843F00103C36084F3108884
:10D830000FB0BDE8F08300BFA09B0020589B0020E4
:10D84000109B0020F8930308000010103C92002069
:10D85000FFFFCFCF034B834200D07047024814F044
:10D86000E1BA00BF58980020B4910020034B8342D6
:10D8700000D07047024814F0D5BA00BF5898002075
:10D88000B4910020034B834200D07047024814F04B
:10D89000C9BA00BF58980020B4910020014811F087
:10D8A000FBBC00BFEC0F00201F4B20491B68204829
:10D8B0006FF0010210B51A610A680478C2F3001C07
:10D8C000644522D01B4C80F800C0236803F5245324
:10D8D000043302F0100223604AB1174A40F2D663C3
:10D8E000CB638B634B63D3639363536310BD134864
:10D8F000134B90F804231A70A0F5804012F05CFBE3
:10D90000104B4D22C3F8002E10BD0F484FF40022DB
:10D9100000230DF021FABDE810400C484FF400221E
:10D9200000230DF019BA00BF3C9200200004014012
:10D93000E50F0020E80F002000000140C0E30020B8
:10D94000BC91002000E100E0E08C0020908E0020DF
:10D950002DE9F04F8BB002AD06ACDFF8CC8100238F
:10D9600021462846C5E90133C4E90133D8F80060EF
:10D970000293EB600693E360FFF712FD002800F0CE
:10D98000AA80624B5B6C13F4004300F09D80604BF7
:10D990005B6C13F4004300F090800DF1100999E8DE
:10D9A00003008DE8030008AF95E80C005948A6F283
:10D9B00056610DF021FC97E803008DE803005648FE
:10D9C00094E80C0031460DF017FC3146534813F033
:10D9D000ABF9534B534A596A490089B213689B0704
:10D9E000FCD54F4BDFF844B15B6A9BF80000DFF8D1
:10D9F00040A15B009BB25A1A18B1CAE9CE13CAF80B
:10DA00004023DAF84433934238BF13462146284670
:10DA1000CAF84433FFF7C4FC002841D099E803005A
:10DA20008DE8030006F50A5195E80C0039482E31BF
:10DA30000DF000FD97E803008DE8030006F524557E
:10DA4000043594E80C00344829460DF0F3FC06F543
:10DA5000E941304836310DF059FD06F5F6412E48C2
:10DA60000C310DF053FDD8F800309D4209D0294803
:10DA7000102200230DF070F92748102200230DF02A
:10DA80006BF99AF804331BB19BF8003083F0010363
:10DA900000228AF804338BF800200BB0BDE8F08F29
:10DAA0001C484FF0007200230DF056F91A484FF051
:10DAB000007200230DF050F9B0E79DF82420F2B178
:10DAC0000693C4E9013368E79DF8142082B10293FC
:10DAD000C5E901335BE70F484FF0007200230DF0FA
:10DAE0003BF90D484FF0007200230DF035F948E77F
:10DAF00001230292C5E901228DF8143047E7012382
:10DB00000692C4E901228DF8243046E70000014066
:10DB100000040140E08C0020908E0020C0A3002073
:10DB2000001C004000210140E80F0020BC910020B3
:10DB3000C0E30020014803F0C5BE00BF78A100206B
:10DB4000014803F00DBE00BF78A10020014804F099
:10DB50001DBB00BFA89300202DE9F04FCD48CE4E4D
:10DB6000CE4DCF4CCF4AAE600023C6E90003CE486D
:10DB7000E86002F11801E06000F58060C5E900216D
:10DB8000C4E90021E8614FF48042E0614FF40050A5
:10DB90006B612B8385F82C3022826361238384F8A8
:10DBA0002C3028820423C14AC148A6609BB00F21B3
:10DBB0002B8423840DF0ACFF0423BC4ABD481946D6
:10DBC0000DF0A6FFBC4ABD4900202AF0BFF8BC48B2
:10DBD0000DF0C6FFBB480DF0C3FFDFF8E482B44F81
:10DBE000B54AB949DFF8449300202AF0AFF8CDE9EF
:10DBF00001789FEDB60AA94BB54900950622B548B4
:10DC00000CF0EEFE383708F15002CDE900479FEDE9
:10DC1000AF0AA34BB0490292B048A34FDFF810837C
:10DC200006220CF0DDFE4FF4007306961297ADF855
:10DC30004C30ADF8643012AB93E803001022ADF81D
:10DC40005C2004AD2022ADF854201897CDF8508008
:10DC5000CDF8588085E8030014AB93E8030002ACCC
:10DC600084E8030016AB93E803008DE803001AABC9
:10DC700013E90C009A499B480EF030F84023ADF8A8
:10DC80003C308023ADF834304FF4004306960A97B9
:10DC9000ADF82C300AAA92E803001097ADF8443092
:10DCA000CDF83080CDF8388085E803000CAB93E8E0
:10DCB000030084E803000EAA92E8030010AB8A4D2B
:10DCC0008A4C8B4F0CCB8DE803008A498A480EF0B2
:10DCD00005F800238949AB800122C5E90233C5E973
:10DCE0000633AB822960AA712961AA754B4609F1F6
:10DCF0008006402218460021F2F7AEFB034640336F
:10DD00000222B34244608460C7608262026382631D
:10DD1000EFD1DFF820B27A4BDFF81CA2DFF81CE26B
:10DD20009FED784ADFED784A9FED785ADFED785A1B
:10DD30009FED786ADFED787ADFF804C25A4640F248
:10DD40000310F3EE046A4FF48067576400244FF029
:10DD50007E56B0EE007A4FF07A5756631664176518
:10DD6000C2F800E01083C2ED076A82ED084AC2EDF6
:10DD7000094A82ED0B5AC2ED0C5A82ED0E6AC2EDD1
:10DD8000127A82F83C40546582ED0A7A82ED137A69
:10DD900043F8B46C43F8B06C43F8AC6C43F8986C3F
:10DDA0005E4E43F8A46C43F8846C43F65011FF2692
:10DDB00003F89C6C03F8906C0A44594E43F8806C4D
:10DDC00001274FF480780226524523F8B84C43F8D7
:10DDD000A0CC43ED257A43ED236A43ED226A03F894
:10DDE000A87C43F8784C03F8744C43ED1C7A43ED5F
:10DDF0001B7A03F8684C43ED197A03F8604C43ED45
:10DE0000177A03F8584C43ED157A03F8504C43ED5C
:10DE1000137A43ED127A43ED117A43ED107A43ED14
:10DE20000F7A43ED0E7A43ED0D7A43ED0C7A43ED14
:10DE30000B7A43ED0A7A43ED097A43ED087A43ED14
:10DE4000077A43ED067A03F8124C43ED047A43ED6A
:10DE5000037A43ED017A23F8148C43F8086C0B44E1
:10DE60007FF471AF2F4B08952F4D0793CDE9029B9F
:10DE7000A3F12C0903230595CDF81890DFF854B0D1
:10DE800085ED017A85ED117A2C602C64DFF854A0C1
:10DE9000009357E058980020B49100208091002012
:10DEA000509100201C9A030800080240709A030851
:10DEB000E0900020189100201002002085D3000877
:10DEC000409000209090002069D30008FFFFF944A3
:10DED00068930020E08C00203C920020908E00206F
:10DEE000F0920020A08900208089002000007A4460
:10DEF0000118CF3AB4920020408B00208CBE03085A
:10DF0000B04F0020ABAA2A3EABAAAA3E9A99993FED
:10DF10000000807F0AD7233C000000000000204161
:10DF2000000020C1980A0020E01500200089002090
:10DF3000000402406016002000890020E0BE0308B3
:10DF4000000101014FF07C53CDF810B0CDF804A0D2
:10DF50003A46AB60EB60AB64EB6421463346424823
:10DF60000BF04EFA414B03930BF5D87304930AF56B
:10DF7000D073CDE900633E4B08933E4B029309F109
:10DF800084030793403509F15803059506933946F4
:10DF90000823072238480BF033FA384B384A9A6086
:10DFA00008209884A3F8440036481A6104259A6131
:10DFB0001A629A6398629865186720221020324985
:10DFC0009F811C609C809E829D839D864FF40044AF
:10DFD000A3F8542098852D4AA3F84C002C4E2D4DC3
:10DFE0002D489C874027A3F87440A3F864704FF431
:10DFF00000748027A3F87C80A3F85C401A631A643D
:10E000009A641A651A669A669A67A3F86C70C3F8E0
:10E010008020C1E90065A3F8844088601BB0BDE89A
:10E02000F08F01231D4D5C1E04F038042C44AC42DB
:10E030000FD12AF08DF80023194D5C1E04F0500416
:10E040002C44AC42F5D054F8503D1B68204698470C
:10E05000F7E754F8383D1B6820469847E7E7012367
:10E06000EAE70023DEE700BF80100020B04F002069
:10E07000908900204089002030130020F80F0020F4
:10E080000000024000080240EC0F002000040240A3
:10E09000789200200100020003000400E0900020BC
:10E0A0004090002030B5014689B000222D2002F0BA
:10E0B000F9FB2D2002F032FC0025164B02951A6C5C
:10E0C000154C42F480721A641B6C03F4807301A92E
:10E0D00003A80293029B04F079FF04F057FF0F4A54
:10E0E0000F4921604300A2FB03239B0C40F2E7325F
:10E0F000013B2046C4E903256360A56005F096FD59
:10E1000010B1012009B030BD204605F037FB09B041
:10E1100030BD00BF00380240C091002083DE1B43A9
:10E120000020004010B51848184901608CB04FF627
:10E13000FF71C1600321002301240422039103A97C
:10E14000C0E90133CDE90434CDE90632CDE9083424
:10E15000CDE90A32036105F0D9FD50B90022002350
:10E1600009486946CDE9002305F0ACFF30B90CB091
:10E1700010BD0748D82100F00FFCEFE70448DF216D
:10E1800000F00AFC0CB010BDF0920020000400402A
:10E19000809A030810B51948194901608CB04FF6F0
:10E1A000FF71C1600321002301240422039103A90C
:10E1B000C0E90133CDE90434CDE90632CDE90834B4
:10E1C000CDE90A32036105F0A1FD50B90022002318
:10E1D0000A486946CDE9002305F074FF30B90CB058
:10E1E00010BD0848F92100F0D7FBEFE705484FF4D0
:10E1F000807100F0D1FB0CB010BD00BFB4920020C4
:10E2000000080040809A030800B5244824490023F0
:10E2100087B04FF0FF32C0E90013C0E9023203615A
:10E2200005F058FD00BB002200231C486946CDE9DB
:10E23000002305F047FF58BB0A200122CDE9020266
:10E24000002108220F230491144805930DEB0201CD
:10E2500005F0E2FDB0B911480C2202A905F0DCFD81
:10E2600040B907B05DF804FB0E4840F2111100F010
:10E2700093FBD8E70B484FF4937100F08DFB07B088
:10E280005DF804FB074840F2211100F085FBE2E74E
:10E2900004484FF48C7100F07FFBCDE778920020AA
:10E2A000000C0040809A03080A480B4908B542F662
:10E2B00003120023C0E90013C0E90232036105F034
:10E2C000B5FC00B908BDBDE80840044840F2731130
:10E2D00000F062BB00920020001C0040809A0308FE
:10E2E000124A0368934282B012D0114A934201D07D
:10E2F00002B070470F4B002201921A6C42F080026C
:10E300001A641B6C03F080030193019B02B07047F9
:10E31000084B002200925A6C42F001025A645B6C76
:10E3200003F001030093009B02B07047000001401E
:10E33000001C0040003802400368B3F1804F82B0F7
:10E3400012D0114A934201D002B070470F4B002205
:10E3500001925A6C42F002025A645B6C03F00203B1
:10E360000193019B02B0704703F50E330022009227
:10E370001A6C42F001021A641B6C03F00103009353
:10E38000009B02B0704700BF00040140003802400B
:10E39000124A0368934282B012D0114A934201D0CC
:10E3A00002B070470F4B002201921A6C42F0040237
:10E3B0001A641B6C03F004030193019B02B07047C5
:10E3C000084B002200921A6C42F002021A641B6C85
:10E3D00003F002030093009B02B07047000400406A
:10E3E00000080040003802400E4B02689A4200D0FC
:10E3F000704700B583B003F50B3300220192196C0E
:10E4000041F0080119641B6C03F00803019301211A
:10E410003220019B02F046FA322003B05DF804EB93
:10E4200002F07CBA000C0040D0B5324A0368934237
:10E4300086B007D0B3F1804F21D02F4A934232D01B
:10E4400006B0D0BD4FF4604202230026002701240D
:10E4500069462A480494CDE90023CDE9026702F019
:10E460007FFE4FF4E0620223254804946946CDE91B
:10E470000267CDE9002302F073FE06B0D0BD4FF471
:10E4800040600221CDE9000100F180400123002617
:10E49000002700F5FC306946CDE90267049302F0DD
:10E4A0005FFE06B0D0BD0026002703248022022391
:10E4B000694613480494CDE90023CDE9026702F0D0
:10E4C0004FFE0322022369460C480494CDE9002341
:10E4D000CDE9026702F044FE4FF4E07202230948DE
:10E4E00004946946CDE90267CDE9002302F038FEC5
:10E4F00006B0D0BD0000014000040140000402400D
:10E50000000002400008024010B55548554C6022FA
:10E51000002396B040F6AC5182600222C0E900436D
:10E52000C0E90313426105F081FB00285DD14FF47F
:10E5300080534B48029302A905F0A2F9002840F04D
:10E540008580474805F0AAFB00287AD1444805F0A9
:10E5500089FB002870D12022002341486946CDE97B
:10E56000002305F0AFFD002861D10020002100222A
:10E57000CDE90A0170233A480C9206A9CDE906328A
:10E58000CDE9082205F026FD00284BD134480422AD
:10E5900006A905F01FFD00283FD13148082206A931
:10E5A00005F018FD002833D100232D4806930C22D6
:10E5B00006A905F0E3FC30BB9FED277B4FF400601C
:10E5C0004FF48061CDE90E010023142224481493F6
:10E5D0000EA98DED127BCDE9103205F099FD48B9F9
:10E5E0001F48FFF721FF16B010BD1F48532100F050
:10E5F000D3F99CE792211C4800F0CEF91848FFF7A8
:10E6000013FF16B010BD1848862100F0C5F9D3E7F6
:10E610001548802100F0C0F9C6E713487B2100F0BF
:10E62000BBF9BAE71048762100F0B6F9AEE70E481C
:10E630006A2100F0B1F998E70B48632100F0ACF9CA
:10E6400089E709485E2100F0A7F97FE706485921CC
:10E6500000F0A2F975E700BF0000000000200000F4
:10E660006893002000000140809A030810B52848F4
:10E6700000238AB04FF0804460214FF48052C0E9FB
:10E680000043C0E90212036105F008FB38BB002219
:10E6900000231F486946CDE9002305F013FD88BB20
:10E6A00002227020002104920822CDE902010023F9
:10E6B000174806930DEB020105F08CFCE8B941F216
:10E6C0000104002312480C2202A9CDE9034305F0FE
:10E6D00081FC48B90E48FFF7A7FE0AB010BD0D48EF
:10E6E000A52100F059F9D2E7BC210A4800F054F9FD
:10E6F0000748FFF799FE0AB010BD0648B52100F0A3
:10E700004BF9DCE70348AC2100F046F9C8E700BF4D
:10E710002C930020809A030810B54148414C602298
:10E72000002392B040F6AC5182600222C0E900435F
:10E73000C0E90313426105F0B1FA002841D120225B
:10E74000002337486946CDE9002305F0BBFC0028CB
:10E7500059D1002000210022CDE906017023304864
:10E76000089202A9CDE90232CDE9042205F032FC7B
:10E77000002842D12A48042202A905F02BFC0028D7
:10E7800035D1082226480DEB020105F023FC40BBE1
:10E790009FED217B4FF400604FF48061CDE90A01C9
:10E7A000002314221E4810930AA98DED0E7BCDE99B
:10E7B0000C3205F0ADFC50B91948FFF735FE12B028
:10E7C00010BD194840F2391100F0E6F8B7E74FF4F0
:10E7D000B171154800F0E0F81148FFF725FE12B0BE
:10E7E00010BD11484FF4AB7100F0D6F8D0E70E48D9
:10E7F00040F2511100F0D0F8C3E70B484FF4A67176
:10E8000000F0CAF8B6E708484FF4A07100F0C4F869
:10E810009FE700BFAFF30080000000000020000071
:10E820003C92002000040140809A030810B582B099
:10E830000024244B0094196B41F400111963186BE8
:10E8400000F40010009000980194186B40F48000D0
:10E8500018631B6B03F480032246042101930B20F1
:10E86000019B02F01FF80B2002F058F822460A2103
:10E870000D2002F017F80D2002F050F822460A2170
:10E880000F2002F00FF80F2002F048F822460A216C
:10E89000102002F007F8102002F040F822460A216A
:10E8A000112001F0FFFF112002F038F82246032169
:10E8B0002F2001F0F7FF2F2002B0BDE8104002F03A
:10E8C0002DB800BF0038024070B594B02A4A2B4BD7
:10E8D00000200190116C41F080511164126C02F023
:10E8E00080520192019A02901A6842F480421A60A2
:10E8F0001B689FED1F7B03F48043029301230224D6
:10E90000029A0D934FF480010425A822072308A83A
:10E910008DED087BCDE90E41CDE91052CDE91243D2
:10E9200004F0A8F800B1FEE74FF4A05205904FF4B0
:10E9300080530F26052103A8CDE90364CDE9062302
:10E9400004F084FA044600B1FEE704F019FB0C4B16
:10E95000A3FB0030800902F001F8284602F018F805
:10E96000224631464FF0FF3001F09CFF14B070BDDD
:10E970000900000000000100003802400070004063
:10E98000D34D6210034B02689A4200D0704701F0E9
:10E9900067B800BF00200040FEE700BF0000000095
:10E9A0000368B3F1A04F00D0704700B59FED147B12
:10E9B00089B04FF4C0500221CDE902010A2302A917
:10E9C000114806938DED047B02F0CAFB0F4B596B87
:10E9D000002241F0800159630192586C40F480405C
:10E9E00058645B6C03F48043062101934320019B30
:10E9F00001F058FF432001F091FF09B05DF804FBDE
:10EA00000000000003000000000002400038024047
:10EA1000F8B5D0F8EC5300F56F7605F2AA27044656
:10EA20003146384608F020FE95F8AA3203F060031C
:10EA3000402B03D195F8AB32502B06D0D4F8EC0321
:10EA40003146BDE8F84008F07FBAD5F8B832B5F8DD
:10EA5000B0229B680121C5E9A5122846394698478E
:10EA6000B5F8B03203B900B1F8BD2846BDE8F840AA
:10EA700008F066BEC1EBC10300EB8303D0F8EC03E2
:10EA8000D3F8042208F090BAC1EBC10300EB830372
:10EA9000D0F8EC035A6C08F0BBBA00BFD0F8EC0316
:10EAA00008F046BB10B5C16804460039D0F8EC0345
:10EAB00018BF012108F024FBD4F8EC03BDE8104096
:10EAC00008F0F6BA10B50446D0F8EC0308F01CFBC9
:10EAD0002268D2F8003E43F00103C2F8003E236AE8
:10EAE00023B1034A136943F00603136110BD00BF4D
:10EAF00000ED00E0D0F8EC0308F010BBD0F8EC0318
:10EB000008F026BBD0F8EC0308F020BBD0F8EC03EB
:10EB100008F020BBD0F8EC0308F01EBB02780AB165
:10EB200000207047194B10B5C3F8EC034FF0A04418
:10EB3000C0F8C43206200221C3E900401846C3E9E8
:10EB40000312C3E90521C3E90722C3E90B225A6274
:10EB500003F098FAA0B980210C4803F087FF402207
:10EB600000210A4803F05CFF40220121074803F01E
:10EB700057FF40220321054803F052FF002010BD3B
:10EB8000034840F25911FFF707FFE4E7A89300207C
:10EB9000949A030808B5D0F8C40203F0E1FA18B15A
:10EBA00002280CBF0120032008BD00BF944608B511
:10EBB0001A46D0F8C402634603F012FE18B10228C8
:10EBC0000CBF0120032008BD08B5D0F8C40203F033
:10EBD00049FE18B102280CBF0120032008BD00BF68
:10EBE00008B5D0F8C40203F0C7FE18B102280CBF64
:10EBF0000120032008BD00BF08B5D0F8C40203F00F
:10EC0000E9FE18B102280CBF0120032008BD00BF97
:10EC10000A06D0F8C43206D4C1EBC10103EB81036C
:10EC200093F8FA01704701F07F01C1EBC10103EBDA
:10EC3000810393F83A00704708B5D0F8C40203F096
:10EC4000BBFD18B102280CBF0120032008BD00BF86
:10EC500008B5D0F8C40203F067FE18B102280CBF53
:10EC60000120032008BD00BF08B5D0F8C40203F09E
:10EC700029FE18B102280CBF0120032008BD00BFE7
:10EC800008B5D0F8C40203F045FE08BD10B5114820
:10EC9000114C4FF482720023C0E900424FF400612E
:10ECA0000122C0E90231C0E904324FF40074182196
:10ECB0000A22C0E90641C0E90833C0E90A3204F07B
:10ECC000F3F900B910BDBDE8104004485221FFF728
:10ECD00063BE00BF58980020003C0040B09A030873
:10ECE0003A4B02689A4200D07047F0B587B003F5FE
:10ECF000FE33002700971A6C42F400421A641B6C22
:10ED000003F40043022100934FF4A0520126CDE901
:10ED10000211009B01920623044601A92C48CDE96B
:10ED200004634FF4006502F01BFA03962848294E4D
:10ED3000019501A902F014FA274B33604023C6E97C
:10ED40000173E3684FF48062C6E9037263BB1D463A
:10ED50001A460023C6E905521E4873624FF400327A
:10ED6000C6E9073201F020FE58BB1C4DE3681C4980
:10ED7000A66400224FF48060C5E90012C5E90222B2
:10ED8000B46328619BB919460022C5E905311348CF
:10ED90006A624FF48033C5E9072301F005FE58B9D4
:10EDA000E564AC6307B0F0BD4FF40052D1E74FF417
:10EDB00000634FF40051E7E70A48A021FFF7ECFD9C
:10EDC000EEE708488921FFF7E7FDCEE7003C004069
:10EDD00000080240F8970020B86002409897002091
:10EDE00010600240B09A03080D4B02689A4200D0AE
:10EDF00070470C4A136C10B523F4004304464FF4DB
:10EE0000E0511364084802F0CDFAA06C01F060FEF6
:10EE1000E06C01F05DFEBDE81040332001F08CBDD8
:10EE2000003C0040003802400008024000000000A2
:10EE30009FED0B7B0C480D4908B50C220023C0E95F
:10EE4000023380ED067B01600361426105F0EEFA5A
:10EE500000B908BDBDE8084005485121FFF79CBD39
:10EE60000000000000000000709A0020004C0040EC
:10EE7000C49A0308000000009FED0B7B0C480D496D
:10EE800008B50C220023C0E9023380ED067B016047
:10EE90000361426105F0CAFA00B908BDBDE8084047
:10EEA00005486421FFF778BD000000000000000065
:10EEB000309A002000440040C49A030870B5584AB4
:10EEC0000368934282B0044604D0564A93424BD022
:10EED00002B070BD002302F5F6320093116C524E61
:10EEE00041F400211164126C5049B36002F4002215
:10EEF00000924FF00062C6E9001200984FF4806162
:10EF00004FF480723046C6E90331C6E90533C6E9DD
:10EF10000833F26101F048FD002872D1444D454AA2
:10EF20002A604FF00062002366636A6040214FF45C
:10EF300080622846C5E90213C5E90533C5E90733F0
:10EF4000B4632A616B6201F02FFD002854D1256360
:10EF500000220A213420AC6301F0A4FC342002B06A
:10EF6000BDE8704001F0DABC002302F5FA320193EB
:10EF7000116C314E41F400311164126C2F49B360B1
:10EF800002F4003201924FF00062C6E900120198CB
:10EF90004FF480614FF480723046C6E90331C6E910
:10EFA0000533C6E90833F26101F0FEFC70BB244D65
:10EFB000244A2A604FF00062002366636A604021A1
:10EFC0004FF480622846C5E90213C5E90533C5E957
:10EFD0000733B4632A616B6201F0E6FCD8B925639C
:10EFE00000220A212620AC6301F05CFC262002B03E
:10EFF000BDE8704001F092BC13489421FFF7CCFCAF
:10F00000A5E711488221FFF7C7FC87E70E48B62124
:10F01000FFF7C2FCCBE70C48C821FFF7BDFCDEE7D9
:10F02000004C004000440040D09900204060024065
:10F0300070990020706002401099002088600240A2
:10F04000B0980020A0600240C49A030808B509687F
:10F0500028F08EFD002008BD08B5044B002218687A
:10F06000022107F0BFFD002008BD00BF14E700200B
:10F0700008B5044B00221868012107F0B3FD0020F9
:10F0800008BD00BF14E70020212806D14FF4E1306D
:10F090000022082308608A808B710020704700BF1F
:10F0A0008C46BCF1400F014613460DD8094A812B0E
:10F0B000D2F8BC220CD0832B06D15C32127A2AB94A
:10F0C0000448624608F0CABC03207047012070471C
:10F0D0004432F3E7E89D002030B52548254C4FF435
:10F0E0008031C0E90041244C002301228FB000256B
:10F0F000C0E90A458360036183610362C360C26142
:10F100000363426100F0D0FC08BB06240125002304
:10F11000174802936946CDE9004500F03BFE08BB65
:10F12000012206210023CDE905124FF480154FF48A
:10F1300080340F48099205A9CDE90C45CDE90A3381
:10F140000793089300F0CEFE30B90FB030BD0B48E6
:10F150005E21FFF721FCD8E708487821FFF71CFC67
:10F160000FB030BD05486821FFF716FCD8E700BF97
:10F17000A09B0020002001400100000FDC9A030842
:10F1800030B52648264C4FF4803100230122C0E9D7
:10F1900000418FB04FF060644FF08055C0E90A45E0
:10F1A0008360036183610362C360C2610363426180
:10F1B00000F07AFC08BB0D240125002317480293B8
:10F1C0006946CDE9004500F0E5FD08BB01220A21B2
:10F1D0000023CDE905124FF480154FF480340F4819
:10F1E000099205A9CDE90C45CDE90A3307930893A7
:10F1F00000F078FE30B90FB030BD0A489221FFF719
:10F20000CBFBD8E70748AC21FFF7C6FB0FB030BDFA
:10F2100004489C21FFF7C0FBD8E700BF589B0020A3
:10F2200000210140DC9A030830B52648264C4FF4F3
:10F23000803100230122C0E900418FB04FF06064AB
:10F240004FF08055C0E90A45836003618361036222
:10F25000C360C2610363426100F026FC08BB0C245A
:10F2600001250023174802936946CDE9004500F0C7
:10F2700091FD08BB01220B210023CDE905124FF4BB
:10F2800080154FF480340F48099205A9CDE90C454B
:10F29000CDE90A330793089300F024FE30B90FB08C
:10F2A00030BD0A48C621FFF777FBD8E70748E021C1
:10F2B000FFF772FB0FB030BD0448D021FFF76CFBA5
:10F2C000D8E700BF109B002000220140DC9A030811
:10F2D00070B5454A036893428AB007D0434A9342C7
:10F2E00040D0434A93425DD00AB070BD0026414BE6
:10F2F00001965A6C404D42F480725A645B6C0696DB
:10F3000003F4807301932F22032304A904463B488E
:10F31000CDE90423019B01F023FF70220323384829
:10F32000069604A9CDE9042301F01AFF354A6E625E
:10F330004FF48063C5E900262B614FF400624FF45F
:10F340000053C5E9052328464FF48073C5E90266DA
:10F35000C5E9073601F028FB00283AD1A563AC6364
:10F360000AB070BD0024234B02945A6C234842F427
:10F3700000725A645B6C06949FED197B03F4007372
:10F38000029304A98DED047B029B01F0E9FE70223B
:10F3900003231B48069404A9CDE9042301F0E0FEF1
:10F3A0000AB070BD134B002403945A6C42F480627F
:10F3B0005A645B6C06940F20032103F48063CDE94B
:10F3C000040103930D48039B04A901F0C9FE0AB090
:10F3D00070BD0D484FF48A71FFF7DEFABEE700BF3B
:10F3E0002F00000003000000002001400021014028
:10F3F0000022014000380240B09A0020000802407C
:10F400000000024010640240DC9A030810B582B08C
:10F410000024224B00945A6C42F480425A645A6C85
:10F4200002F480420092009A01941A6C42F08052D9
:10F430001A641B6C03F0805301930320019B01F0BD
:10F440001FFA224621466FF00B0001F02BFA2246EC
:10F4500021466FF00A0001F025FA224621466FF09E
:10F46000090001F01FFA224603216FF0040001F0A9
:10F4700019FA224621466FF0030001F013FA2246E2
:10F480000F216FF0010001F00DFA22460F214FF01D
:10F49000FF3002B0BDE8104001F004BA003802406D
:10F4A000122301480B8070473C0B002004230148C5
:10F4B0000B807047380B002010B5044C04480A46F6
:10F4C000214608F0E9F8204610BD00BFE89B002067
:10F4D000F09A030810B5044C04480A46214608F087
:10F4E000DBF8204610BD00BFE89B002010EA00209A
:10F4F00010B5044C04480A46214608F0CDF82046D1
:10F5000010BD00BFE89B0020009B030810B5044C11
:10F5100004480A46214608F0BFF8204610BD00BF47
:10F52000E89B00201C9B030810B5044C04480A46C5
:10F53000214608F0B1F8204610BD00BFE89B00202E
:10F54000289B03080020EE2908B5108002D0062968
:10F5500005D008BD1346122204481A8008BD04498C
:10F56000044808F099F8024808BD00BF6C0B002061
:10F57000E89B0020389B0308704700BF1B4A1C49CA
:10F58000536C10B423F4404353644B6C0468194A21
:10F590008FB023F440434B640294D0E901430394B9
:10F5A0000493D0E90434C16805910693D0E90613A9
:10F5B000079408910993936A0A93D2F888200E4B16
:10F5C0000B925B6B0C930A9BC3F340238DF80630C0
:10F5D0000A9B0122C3F300238DF807300D920D9B87
:10F5E000002BFCD10FB05DF8044B704700000140C8
:10F5F0000004014000ED00E000EF00E01EF0040F09
:10F600000CBFEFF30880EFF30980FFF7B7BF00BF2F
:10F610000549064A4B6C23F440434B64536C23F476
:10F6200040435364F6E700BF00000140000401407E
:10F6300008B5FFF7EDFF00BF08B5FFF7E9FF00BF12
:10F64000704700BF07F038BB014801F013BB00BF93
:10F6500098970020014801F00DBB00BFD099002011
:10F66000014801F007BB00BF70990020014801F07C
:10F6700001BB00BF10990020014801F0FBBA00BF98
:10F68000B0980020014801F0F5BA00BFF8970020BB
:10F69000014800F099BF00BF800B0020014800F036
:10F6A00093BF00BF800B0020014800F08DBF00BF5A
:10F6B000800B0020014800F087BF00BF800B0020B6
:10F6C000014805F03FB800BF309A002008B5044853
:10F6D00004F0A0F9BDE80840024804F09BB900BF5F
:10F6E0003C920020C0910020014803F03BBF00BFC6
:10F6F00058980020014805F025B800BF709A0020F6
:10F7000010B5094C09490022204607F0DDFB0849E5
:10F71000204607F0F1FB2046064908F097F92046FD
:10F72000BDE8104007F0FEBBE89D0020500B002014
:10F730001C0C0020240B0020224B02689A4200D0AF
:10F74000704730B589B0002503F5EA3301951A6C8E
:10F7500042F000721A641B6C4FF44070022103F0F7
:10F7600000730924CDE902010193002202A9164881
:10F7700006940323CDE90423019B01F0F1FC2A4602
:10F780002146132001F08EF8132001F0C7F82A4615
:10F790002146142001F086F8142001F0BFF82A4613
:10F7A0002146152001F07EF8152001F0B7F82A4611
:10F7B0002146162001F076F8162001F0AFF809B0C6
:10F7C00030BD00BF00640040000402401049114BEE
:10F7D000D1F8882042F4700210B4C1F888201A6869
:10F7E0000D4C002042F001021A6098601A6822F065
:10F7F000847222F480321A605C601A684FF00064F0
:10F8000022F480221A60D8608C605DF8044B704747
:10F8100000ED00E00038024010300024F0B58DB05B
:10F82000344B354E354F002401941A6B42F00402DC
:10F830001A63196B01F00401019101990294196B8B
:10F8400041F080011963196B01F080010291029966
:10F850000394196B012211431963196B1140039131
:10F8600003990494196B41F002011963196B01F0BB
:10F870000201049104990594196B41F00801196380
:10F880001B6B03F00803059330464FF4C041059B02
:10F8900001F03AFE224638464FF4805101F034FE22
:10F8A00001254FF4C04306A93046CDE90635CDE920
:10F8B000084401F055FC48F21022304606A9002306
:10F8C000CDE90623089401F04BFC4FF480533846F1
:10F8D00006A90693CDE90754099401F041FC0422DE
:10F8E00000230748089506A9CDE9062301F038FC56
:10F8F0000DB0F0BD00380240000802400004024094
:10F90000000C024038B50D4B0D4C0E4D002241004D
:10F91000C3E9005418464FF48044C3E90221C3E907
:10F920000442C3E906221A6201F0F2FD00B938BDB3
:10F93000BDE8384004484F21FFF72EB878A10020D9
:10F94000A086010000540040549B0308304B02681D
:10F950009A4200D0704770B582B000232D4A0193BF
:10F96000116C2D4E41F400111164126C2B49B360DF
:10F9700002F4001201924FF00072C6E90012044630
:10F980004FF4806101984FF480723046C6E903312C
:10F99000C6E90533C6E90833F26101F005F860BB3A
:10F9A0001F4D204A2A604FF000720023A6636A6050
:10F9B00040214FF480622846C5E90213C5E90533AA
:10F9C000C5E90733B4632A616B6200F0EDFFC8B983
:10F9D0006563002209211F20AC6300F063FF1F2034
:10F9E00000F09CFF00220921202000F05BFF202076
:10F9F00002B0BDE8704000F091BF0B486E21FEF7E9
:10FA0000CBFFCDE708488021FEF7C6FFE0E700BF47
:10FA1000005400400038024018A10020106002404D
:10FA2000B8A00020A0600240549B030808B50B4B0F
:10FA30001A6842F400721A601A6842F480621A600E
:10FA40001A6842F480721A60032000F019FF062041
:10FA5000FEF728FBFFF7DAFC002008BD003C02405F
:10FA6000034A044B11681B780B441360704700BFB6
:10FA7000CCA10020AC0B0020014B1868704700BFE0
:10FA8000CCA1002038B50446FFF7F6FF631C0546FD
:10FA900002D0044B1B781C44FFF7EEFF401BA04232
:10FAA000FAD338BDAC0B0020002800F09C80036C1A
:10FAB00010B504463BB1236CDB060CD5002384F85B
:10FAC0003C30012010BD436480F83C30FFF700FC5F
:10FAD000236CDB06F2D4236C464A23F4885323F0CC
:10FAE000020343F0020323645168236821F4403188
:10FAF000516051686068014351605A682069A1688B
:10FB000022F480725A605A6842EA00225A605A68A7
:10FB1000E06822F040725A605A680A435A609A6854
:10FB2000A16A22F400629A609A6802439A60324A9B
:10FB300091429A684FD022F07062E06A9A609A68A7
:10FB4000114399609A6822F040529A609A68024381
:10FB50009A609A68A069216A22F002029A609A6803
:10FB600042EA40029A605A6800293ED042F400629C
:10FB7000616A5A605A6822F460425A605A680139D0
:10FB800042EA41325A60DA6AE169206B22F470027B
:10FB9000DA62DA6A013942EA0152DA629A68616924
:10FBA00022F400729A609A6842EA40229A609A6847
:10FBB00022F480629A609A68002042EA81229A6068
:10FBC0006064236C23F0030343F0010323640023E8
:10FBD00084F83C3010BD22F070629A609A6822F07E
:10FBE00040529A60B5E70120704722F400625A60E3
:10FBF000C9E700BF002301400100000F70B50546B2
:10FC000090F83C0082B00023012801936BD02E684D
:10FC10001346012285F83C20B268D40714D4B26898
:10FC200042F00102B260314A1068314AA2FB002062
:10FC3000800C00EB40000190019A2AB1019C013C2C
:10FC4000019401980028F9D1B268D0073BD5286CFF
:10FC500020F4E06020F0010040F4807028647268B5
:10FC6000520505D52A6C22F4405242F480522A648F
:10FC70002A6CA86B12F480521CBF6A6C22F0060238
:10FC80006A64002285F83C200A461A49C1631A4971
:10FC900001641A49C1646FF022013160716841F05A
:10FCA00080617160B16841F48071B16006F14C010E
:10FCB00000F046FF124B5B68DB0607D12B689A68A1
:10FCC00012F0405F0AD0002002B070BD0D4A2B68D0
:10FCD0009342F8D19A6812F0405FF4D19A6842F0EA
:10FCE00080429A60EFE7022002B070BDA80B0020AE
:10FCF00083DE1B430DFD00086DFD00087DFD00083F
:10FD00000023014000200140704700BF836B1A6C44
:10FD100012F0500F25D11A6C196842F4007210B518
:10FD20001A648A6812F0405F17D19A69AAB9CA6A40
:10FD300012F4700F02D08A6850050ED44A6822F07F
:10FD400020024A601A6C22F480721A641A6CD2047F
:10FD500003D41A6C42F001021A641846FFF7D4FF6C
:10FD600010BD9B6BDB6C1847704700BF08B5806BFC
:10FD7000FFF7FAFF08BD00BF704700BF806B08B5F2
:10FD800040230364436C43F004034364FFF7F4FF30
:10FD900008BD00BF70B590F83C3082B00246012B20
:10FDA0004FF00000019000F09380012382F83C3076
:10FDB0000D6813688C68092DA8B228D81E6905EB58
:10FDC000450E4FF0070C0CFA0EFC26EA0C061E61DD
:10FDD0001E6904FA0EF434431C614C68062C04EBD3
:10FDE00084012AD85C6B05394FF01F0C88400CFA4F
:10FDF00001F124EA01015963596B084358633649FC
:10FE00008B422BD0002082F83C0002B070BD00EB8A
:10FE1000400CDE68ACF11E0C4FF0070E04FA0CF437
:10FE20000EFA0CFC26EA0C06DE60DE683443DC6069
:10FE30004C68062C04EB8401D4D90C2C34D81C6BF0
:10FE400023391F26884006FA01F124EA01011963CB
:10FE5000196B0843204918638B42D3D1122D30D03F
:10FE6000A5F11003012BCDD81C494B68102D43F48C
:10FE700000034B60C6D11A4B01F146711B6801F5B6
:10FE80002E3101F28331A1FB03139B0C03EB83039F
:10FE90005B000193019B002BB4D0019B013B0193BC
:10FEA000019B002BF9D1ADE7DC6A41391F26884060
:10FEB00006FA01F124EA0101D962D96A0843D8623D
:10FEC0009DE7D1F8043343F48003C1F8043399E784
:10FED000022002B070BD00BF00200140002301409D
:10FEE000A80B002090F83C30012B00F0BF800123CC
:10FEF00070B580F83C300C6803688A68092C844629
:10FF0000A0B25FD81D6904EB440E072606FA0EF670
:10FF100025EA06051D611D6902FA0EF22A431A61DF
:10FF20009A6B0E694D6822F440129A639A6B06F13F
:10FF3000FF3E42EA0E529A63EA1C921BD2B29E6BBB
:10FF400002EB82024FF01F0E90400EFA02F226EAF8
:10FF500002029A639A6B10439863CA6944488242CA
:10FF600064D0986820F470209860986802439A6082
:10FF70009A68086A22F440129A609A6802439A606A
:10FF80008A69002A4DD05A6842F480625A604A69F0
:10FF900042B35A6842F480525A60022DCA6828D08F
:10FFA000032D54D0012D4AD159696FF30B015961CA
:10FFB00059690A435A612F4A934224D000208CF891
:10FFC0003C0070BD00EB4005DE681E3D4FF0070EA3
:10FFD000AA400EFA05F526EA0505DD60DD682A432C
:10FFE000DA609DE75A6822F480525A60022DCA688E
:10FFF000D6D199696FF30B01996199690A439A61A6
:020000040801F1
:100000001C4A9342DAD1122C29D0103C012CD5D8AD
:10001000194A5368002043F4000353608CF83C00F5
:1000200070BD5A6822F480625A60B0E79A6822F480
:1000300070229A609A6822F440129A60A0E7196AC6
:100040006FF30B011962196A0A431A62B3E7D9699F
:100050006FF30B01D961D9690A43DA61ABE7D2F8D2
:10006000043343F48003C2F80433A7E70220704747
:1000700001000F00002001400023014000287BD038
:1000800038B590F820300446002B72D022681368EF
:1000900023F002031360FFF7EFFC054604E0FFF7CF
:1000A000EBFC401B0A285BD823685A689107F6D4FA
:1000B0001A6842F001021A60FFF7DEFC054604E010
:1000C000FFF7DAFC401B0A284AD823685A68D2078F
:1000D000F6D5227E012A1A680CBF42F0800222F077
:1000E00080021A60627E012A1A680CBF42F0400248
:1000F00022F040021A60A27E012A1A680CBF42F068
:10010000200222F020021A60E27E012A1A680CBF47
:1001100022F0100242F010021A60227F012A1A68AF
:100120000CBF42F0080222F008021A60627F012A26
:100130001A680CBF42F0040222F004021A60D4E9EB
:100140000220216902430A43606961680243013960
:100150000A4300200121DA61606284F8201038BD72
:10016000636A052243F40033636284F8202001208F
:1001700038BDFFF7E1FA89E70120704790F82020A9
:10018000012A0AD090F82020022A034605D0426AAC
:1001900042F4802201205A627047404BD3F800227B
:1001A0000120024330B4C3F80022D3F8002222F425
:1001B0007C52C3F80022D3F800224C6A42EA04229F
:1001C000C3F800224A69D3F81C42904024EA000494
:1001D000C3F81C42CD69C443002D45D1D3F80C525D
:1001E0002540C3F80C52D200CD688B8802F18042C2
:1001F00002F5C84243EA0543C2F840328D680B88D5
:1002000043EA0543C2F844328B69244A33BBD2F82F
:1002100004322340C2F804320B69C3B91F4BD3F830
:1002200014221440C3F814420B6A012B05D11B4A57
:10023000D2F81C320343C2F81C32184AD2F80032FA
:1002400023F00103002030BCC2F800327047134A8B
:10025000D2F814320343C2F81432E5E7D2F804327C
:100260000343C2F80432D7E7012DCDD1D3F80C52A5
:100270000543C3F80C52D2000D688B8802F180420E
:1002800002F5C84243EA0543C2F840328D688B89C3
:1002900043EA0543C2F84432B6E700BF00640040B9
:1002A00038B590F82030012B044605D0436A43F45A
:1002B00000234362012038BD0268022380F8203009
:1002C000136823F001031360FFF7D6FB054604E033
:1002D000FFF7D2FB431B0A2B07D823685B6813F098
:1002E0000103F5D16362184638BD636A052243F401
:1002F0000033636284F82020DCE700BF38B590F853
:100300002030022B044605D0436A43F48013436235
:10031000012038BD0268136843F001031360FFF742
:10032000ABFB054604E0FFF7A7FB431B0A2B0CD8E9
:1003300023685A68D207F6D51A68012122F0020212
:100340001A6084F82010002038BD636A052243F447
:100350000033636284F82020DAE700BF30B490F8FD
:100360002040012C0AD090F82040022C06D0436A8D
:1003700043F480234362012030BC70470468A568C1
:100380006D0105D4A5682D0102D4A568ED0039D50D
:10039000A0680125C0F3016085401D608B6843B3F0
:1003A000CD682B434D6843EAC50300F118052D01C4
:1003B000635104EB00130D69C3F88451097D0129D1
:1003C0004FEA001005D1D3F8841141F48071C3F8CD
:1003D000841104445168C4F88C111268C4F888214F
:1003E000D3F8802142F00102002030BCC3F8802104
:1003F0007047CB680D6843EA455500F118031B01AF
:10040000E550D6E7436A43F400134362B3E700BF05
:1004100090F82030012B05D090F82030022B01D02D
:1004200000207047036898689A689B681201C0F3BF
:10043000806048BF0130DB00F3D50130704700BF5A
:1004400070B590F82040012C09D090F82040022C83
:1004500005D0436A43F480234362012070BD0468E1
:10046000002959D1E568AE075BD004EB011C4FEAC7
:10047000011EDCF8B05105F004059560002D5DD13A
:10048000DCF8B0516D0D1560DCF8B051C5F34005D6
:10049000D560DCF8B451DCF8B46105F00F051561E6
:1004A0007444DCF8B451C6F3072696612D0CD4F8D9
:1004B000B86155611E7002687244D2F8B821120A00
:1004C0005A7002687244D2F8B821120C9A7002680D
:1004D0007244D2F8B821120EDA7002687244D2F86F
:1004E000BC211A7102687244D2F8BC21120A5A71F6
:1004F00002687244D2F8BC21120C9A7102687244EC
:10050000D2F8BC21120EDA7181B90268D36843F0C7
:100510002003D360002070BD0129A6D12569AD0755
:10052000A3D1436A43F40013436296E70129F1D152
:100530000268136943F020031361EBE7DCF8B05164
:10054000ED085560A0E700BF90F82030012B05D0E2
:1005500090F82030022B01D000207047036819B9B1
:10056000D86800F003007047186900F00300704776
:1005700090F82020012A034609D090F82020022A72
:1005800005D0426A42F4802201205A6270471A68FC
:1005900053690B4300205361704700BF90F820203F
:1005A000012A034609D090F82020022A05D0426A89
:1005B00042F4802201205A6270471A68536923EA84
:1005C00001030020536170472DE9F84F03685C690F
:1005D000D3F804809F68D3F80CB0D3F81090D3F808
:1005E00018A014F0010605461FD0F90700F19B8002
:1005F0000026F9050BD52B684FF480729A60BA0576
:1006000000F1DE807B0540F1D18046F40056F9030D
:100610000BD52B684FF480329A60BA0300F1D48076
:100620007B0340F1C88046F40046210702D51BF049
:10063000100F72D1620702D51BF0080F7ED1A307FD
:1006400004D52B68DB689F0740F09880600602D5D0
:1006500019F0100F5BD1A10602D519F0080F74D163
:10066000E20603D52B681B699B077CD1A70302D543
:1006700018F0100F7BD1E00302D518F0080F6BD1F2
:10068000210440D518F0040F2B683AD0E20544BF8E
:100690000AF001021643A70574D4610504F4006250
:1006A0002BD51AF0040F28D046F00406002A77D084
:1006B0001AF0700A74D0BAF1400F00F0A88000F26E
:1006C0008780BAF1200F00F0BD80BAF1300F00F042
:1006D000B080BAF1100F40F095809A69042122F0A1
:1006E00070029A6146F0080659606B6A33432846E7
:1006F0006B6212F0B7FBBDE8F88F12B11AF0700A06
:10070000D9D104225A60002EEFD1BDE8F88F2B68B2
:10071000102246F480661A619DE72B68102246F489
:100720000076DA6086E701229A60BA0735D47B0743
:1007300039D43E075BD54FF480565AE72B68082220
:10074000DA60284612F07AFB79E72B6808221A61F2
:10075000284612F081FB83E72B6808225A6028465E
:1007600012F07EFB8CE7284612F074FB7EE72B68C4
:1007700010225A60284612F071FB7CE7284612F0DE
:1007800051FB63E71AF0020F87D0600546F00206BE
:1007900004F4006285D41AB18AE712F019FB27E746
:1007A00004225A60A1E74FF4006622E7380525D5F8
:1007B00046F480462BE738031CD546F4803634E7F0
:1007C000284612F011FB22E7284612F019FB2CE70D
:1007D000BAF1500F24D0BAF1600F13D19A690421F5
:1007E00022F070029A6146F4807659607DE712F03B
:1007F00013FBFDE6284612F013FB16E7284612F01D
:100800000DFB04E79A6922F070029A6179E79A6910
:10081000042122F070029A6146F04006596064E7B4
:100820009A69042122F070029A6146F080065960AC
:100830005BE79A69042122F070029A6146F0200673
:10084000596052E79A69042122F070029A6146F0D9
:100850001006596049E700BF406A704790F82020B1
:10086000012A034609D090F82020022A05D0426AC6
:1008700042F4802201205A6270470020586270477B
:100880000749CA6803024FF6FF0003F4E063024021
:10089000134343F0BF6343F40033CB60704700BFA2
:1008A00000ED00E01B4BDB68C3F3022300B5C3F18E
:1008B000070EBEF1040F03F1040C28BF4FF0040E25
:1008C000BCF1060F1CD9A3F1030C4FF0FF3303FA60
:1008D0000CF322EA03024FF0FF3303FA0EF321EA8E
:1008E000030303FA0CF313431B010028DBB20ADBFA
:1008F00000F1604000F5614080F800335DF804FBD2
:1009000000229446E7E7044A00F00F000244137601
:100910005DF804FB00ED00E0FCEC00E0002807DBE4
:100920004109044A00F01F000123834042F82130AE
:10093000704700BF00E100E000280CDB43090649D6
:1009400000F01F0020330122824041F82320BFF332
:100950004F8FBFF36F8F704700E100E00138B0F1B7
:10096000807F01D30120704710B44FF0E023074C83
:1009700058614FF0F00C84F823C000220721104684
:100980009A615DF8044B1961704700BF00ED00E00B
:100990004FF0E022042813690CBF43F0040323F056
:1009A00004031361704700BF38B50446FFF764F8CD
:1009B000002C6BD023680222002184F8341084F8C4
:1009C00035201A6822F0010205461A6005E0FFF79B
:1009D00053F8431B052B37D823681A68D107F6D480
:1009E000D4E90120E16802430A43D4E90451A06933
:1009F0002A430A43E1691D6802430A4331492940F9
:100A0000256A2A430A43616A042924D01A605A6974
:100A100022F007021143D8B22B4A59611038A2FBC9
:100A20000052120929496FF30903895CE1655F28C7
:100A300088BF04333F228A40A36500209A600123C7
:100A4000606584F8353038BD03232022626584F860
:100A50003530184638BDD4E90B512943114319608C
:100A60005969A26A21F00701114341F00401002DE8
:100A7000D1D068B9012A21D032F00202CBD1EA01EB
:100A8000C9D540220123626584F83530012038BD84
:100A9000B0F5005F04D0022AF3D9032AEFD0BAE7F9
:100AA000032AB8D801A050F822F000BF830A010839
:100AB0007F0A0108830A0108BD0A0108B5F1C07F59
:100AC000A9D1DEE73F8010F0ABAAAAAA98B9030823
:100AD00000282FD090F83530022B0246D8B228D00B
:100AE00013681549D8B2103830B4A1FB0041090988
:100AF0001C68124D24F001046D5C1C60002119601B
:100B000059609960D9601961212159615F286FF39B
:100B1000090388BF04333F200021A840D5659365B1
:100B20009860516582F8341082F83510084630BC60
:100B30007047704701207047ABAAAAAA98B903086A
:100B400070B490F83440856D012C0AD090F835408F
:100B50004FF0010C644580F834C005D0002380F8C4
:100B60003430022070BC7047022680F8356004687B
:100B700000264665266826F4802626606360836822
:100B8000402B0EBFA260A160E260C26D08BFE160B1
:100B90003F239340AB602368026C43F0160323604D
:100BA000636943F0800363611AB1236843F008036B
:100BB0002360236843F001030020236070BC70476A
:100BC00070B50446866DFEF757FF94F83530022B5A
:100BD00006D00023802284F834306265012070BD85
:100BE00023681A6822F016021A605A6922F08002FD
:100BF0005A61226C054632B31A6822F008021A6064
:100C00001A6822F001021A6005E0FEF735FF431B67
:100C1000052B0FD823681B6813F00103F5D1E16D94
:100C20003F228A400121B26084F8343084F83510C4
:100C3000184670BD032020220023626584F83430FA
:100C400084F8350070BDA26C002AD5D1D8E700BF6A
:100C500090F83530022B03D0802343650120704784
:100C60000268052380F83530136823F00103002063
:100C700013607047F0B583B0674A876D166800232C
:100C80000193C36D3D6808229A402A42044603D06E
:100C900001680868400778D401229A402A4203D0AC
:100CA0002168496908066AD404229A402A4203D07E
:100CB0002168096889075CD410229A402A4203D02F
:100CC00021680868000741D420229A402A4214D0A3
:100CD00021680868C00610D5BA6094F83520052A46
:100CE00063D00B6813F4802F0B687ED0190340F19A
:100CF0008980E36B0BB120469847636D23B3636D26
:100D0000DA071AD522684549052384F83530136877
:100D1000A1FB061623F00103B60A136002E0136874
:100D2000DB0704D5019B0133B3420193F7D90022BD
:100D3000012384F8342084F83530E36C23B1204655
:100D400003B0BDE8F040184703B0F0BDBA600A68D0
:100D500012F4802F0A6822D1D20503D40A6822F047
:100D600008020A60226C002AAED020469047E36D4C
:100D7000AAE7BA60626D42F0040262659CE7BA605D
:100D8000626D42F0020262658EE7086820F004009E
:100D90000860BA60626D42F0010262657CE711038F
:100DA000E0D5A26C002AE0D18EE70A6822F0160294
:100DB0000A604A6922F080024A61226C3AB30A68EA
:100DC00022F008020A603F2202FA03F3216DBB60A1
:100DD0000022012384F8342084F835300029B3D070
:100DE000204603B0BDE8F040084713F4807380D17B
:100DF0000A6822F010020A60012284F8343084F874
:100E0000352076E7636C002B7FF475AF75E7A26C35
:100E1000002AD4D1D7E700BFA80B0020B5814E1B14
:100E20001B4BDA68D10605D51A49CA69102002435E
:100E3000CA61D860164BDA68920606D51549CA69A8
:100E4000202042F00802CA61D860114BDA685006CF
:100E500006D51049CA69402042F00402CA61D86030
:100E60000B4BDA68110606D50A49CA69802042F0A0
:100E70000202CA61D860064BDA68920706D50549B6
:100E8000CA69022042F02002CA61D860704700BFE0
:100E9000003C0240D0A10020064B1A69002A01DB69
:100EA000002070470449054A59605A601869C00F0C
:100EB000704700BF003C024023016745AB89EFCD7E
:100EC000034A136943F0004300201361704700BFD9
:100ED000003C0240014BD869704700BFD0A1002000
:100EE000144B70B500220446DA61FEF7C5FD124EC0
:100EF0000546F368D90305D5631C0FD10E4AD368A4
:100F0000D803FCD40C4BDA68D20744BF0122DA6064
:100F1000094BD86810F0F20008D170BD24B1FEF77B
:100F2000ABFD401BA042E4D9032070BDFFF778FF62
:100F3000012070BDD0A10020003C02402DE9F0410D
:100F40002F4D95F818C0BCF1010F30D080461C46DB
:100F50004CF2503001230E4617462B76FFF7C0FFA8
:100F600018B100232B76BDE8F081264BB8F1000FB5
:100F700020D0B8F1010F33D01A6922F440721A61FF
:100F8000B8F1020F1A6922D042F440721A611A694C
:100F900042F001021A61376074604CF25030FFF782
:100FA0009FFF184A136923F001031361D9E7022058
:100FB000BDE8F081196921F440711961196919615D
:100FC0001969FAB241F0010119613270E5E742F4A2
:100FD00000721A611A6942F001021A613760DCE797
:100FE000196921F440711961196941F4807119611D
:100FF0001969BAB241F0010119613280CDE700BF31
:10100000D0A10020003C02400D4B1A6922F440722E
:101010001A611A69022994BF09024FF440710A4308
:101020001A611A6922F0F8021A611A6942EAC000CC
:1010300040F0020018611A6942F480321A61704768
:10104000003C0240144B1A6891050FD51A6822F42F
:1010500000721A601A6842F400621A601A6822F478
:1010600000621A601A6842F400721A600A4B1A6829
:1010700052050FD51A6822F480621A601A6842F489
:1010800080521A601A6822F480521A601A6842F478
:1010900080621A60704700BF003C02402DE9F843AF
:1010A0002D4F3B7E012B38D0012304464CF25030AB
:1010B00088463B76FFF714FF064648BB4FF0FF33E8
:1010C000C8F800302368012B2BD0D4E902532B44FD
:1010D000AB421BD9DFF8849005E0D4E90223013547
:1010E0001344AB4212D9217C2846FFF78DFF4CF206
:1010F0005030FFF7F5FED9F8103023F0FA03C9F8A5
:1011000010300028E9D0C8F800500646FFF79AFFD3
:1011100000233B763046BDE8F88302263046BDE822
:10112000F8830E4D23692A6922F440722A612A69E4
:1011300042F004022A612A691B029BB2134343F462
:1011400080332B614CF25030FFF7CAFE2B6923F03D
:10115000040306462B61D9E7D0A10020003C0240E1
:101160002DE9F04F00230C68DFF820B285B08A46E5
:1011700003E00133102B00F0A280012202FA03F1F8
:1011800031EA040201EA0407F3D1DAF80420DAF8BC
:1011900008505E0005FA06FC22F010080325B54051
:1011A00002F0030EB8F1020F6FEA05050EFA06FE13
:1011B00000F08880D0F8009008F1FF3809EA0509AE
:1011C00049EA0E0EB8F1010FC0F800E040F29A8033
:1011D000C168294041EA0C01C160D100C9D5684D00
:1011E00000210391696C41F480416964696C01F4E8
:1011F00080410391039923F0030101F1804101F53E
:101200009C3103F003068D68B6004FF00F0C0CFA0A
:1012100006FC25EA0C0E5B4DA84228D005F580653A
:10122000A84200F08580584DA84200F08780DFF882
:1012300060C1604500F08980DFF858C1604500F06A
:101240008A80DFF854C1604500F08C80DFF84CC123
:10125000604500F08E80DFF848C160450CBF4FF05C
:10126000070C4FF0080C0CFA06F64EEA060EC1F811
:1012700008E0DBF80010FD43D60354BF2940394392
:10128000CBF80010DBF80410960354BF2940394313
:10129000CBF80410DBF80810D60254BF29403943BC
:1012A000CBF80810DBF80C10920203F1010354BFD5
:1012B00029403943102BCBF80C107FF45EAF05B0FA
:1012C000BDE8F08F4FEAD30900EB890903F0070866
:1012D000D9F820700097DAF810704FEA880807FAFA
:1012E00008F701970F2707FA08F8009F27EA080870
:1012F000019F47EA0807C9F8207007682F4047EAAE
:101300000E070760876807EA050EDAF80C70B74029
:1013100047EA0E078760466812099A4026EA0101EB
:101320000A434260C2682A4042EA0C02C26020E7D7
:10133000012505FA06F64EEA060E98E74FF0020C74
:101340000CFA06F64EEA060E91E7032505FA06F6B4
:101350004EEA060E8BE74FF0040C0CFA06F64EEA46
:10136000060E84E74FF0050C0CFA06F64EEA060E60
:101370007DE74FF0060C0CFA06F64EEA060E76E70D
:10138000003802400000024000080240003C0140DA
:10139000000C0240001002400014024000180240FD
:1013A000001C02402DE9F04F0023DFF84CA14D4E08
:1013B00083B001254FF003094FF00F0802E001331D
:1013C000102B6DD005FA03F232EA0104F7D104685C
:1013D0005F0009FA07F74FEAD30C24EA070400EB91
:1013E0008C0C046003F00704DCF820E0A40008FA89
:1013F00004F42EEA0404CCF82040846824EA0704AC
:101400008460446824EA02044460C46824EA07044F
:1014100023F0030707F1804707F59C37C46003F00A
:101420000304D7F808C0A400D24308FA04FE5045CC
:1014300001920EEA0C0C36D02B4A904237D02B4A40
:10144000904237D02A4A904239D02A4A904239D025
:10145000DFF8A8B058453AD0DFF8A4B058453BD0E3
:10146000DFF8A0B058450CBF4FF0070B4FF0080B4A
:101470000BFA04F4A445A2D1BC68019A24EA0E0434
:10148000BC60346814403460746814407460B4689C
:101490001440B460F46801332240102BF26091D103
:1014A00003B0BDE8F08F0024A44588D1E4E705FA35
:1014B00004F4F9E74FF0020B0BFA04F4F4E709FA2D
:1014C00004F4F1E74FF0040B0BFA04F4ECE74FF0EF
:1014D000050B0BFA04F4E7E74FF0060B0BFA04F4E4
:1014E000E2E700BF003C0140000402400008024067
:1014F000000C0240001002400000024000140240B4
:1015000000180240001C024002B9090481617047C2
:1015100000286AD038B590F83D30044603F0FF0249
:10152000002B4DD02268324D242384F83D301368BF
:1015300023F00103136001F029FD2E4B2268A3FB69
:10154000001361689B0CA942536024D84900B0FB8A
:10155000F1F040F6FC7101330842136208BF042029
:10156000D4E90731D0610B43D4E90301136001438F
:10157000D4E9053003439160D3601168002341F042
:10158000010120201160236484F83D00236384F866
:101590003E30184638BD184D4FF4967C0CFB03F3D3
:1015A000A5FB03539B0901331362A3686BB901EBDD
:1015B0004101B0FBF1F0C0F30B039BB90120CFE771
:1015C00080F83C20FEF7C2F9ACE701EB810101EBAA
:1015D0008101B0FBF1F0C0F30B03002BEED040F41F
:1015E0004040BDE740F40040BAE70120704700BF2B
:1015F000A086010083DE1B43D34D6210704700BFFD
:10160000704700BF704700BF704700BF704700BF02
:10161000704700BF704700BF704700BF704700BFF2
:10162000704700BF10B590F83D200368293A012AA1
:10163000044656D990F83D20602A05D05A68120514
:101640005CBF202280F83D200022226384F83E20E7
:101650001A6822F400621A605A6812F400621DD0FF
:101660005A68606B22F400625A6090F83530012BA2
:1016700056D0394B0365FFF7EBFA50B12268606B27
:101680001368202123F00103136084F83D10036DDB
:10169000984794F83D30282B13D010BD94F83D1096
:1016A000602924D05A69520604D5626A1B69511C0C
:1016B000616213702046FFF7B1FF94F83D30282B8C
:1016C000EBD1236C5B07E8D500232449E16220229B
:1016D0002363204684F83D2084F83E30FFF798FFCE
:1016E00010BD00212822016380F83D20B0E72021B1
:1016F00084F83D1022645A69510605D5626A1B6957
:10170000511C6162137023681A6822F001021A608A
:101710002046FFF785FF94F83D30282BBDD1D0E758
:10172000A06B0D4B0365FFF793FA0028B1D0236837
:101730005A69500605D5626A1B69511C61621370B3
:1017400023681A68A06B22F0010220211A6084F835
:101750003D10036D98479CE7392001080000FFFF0A
:1017600070B5036855495C695A680C4282B04CD028
:10177000D60504F4813504D4036C002B40D102B0AB
:1017800070BD016C41F0010101646FF48071596119
:10179000002D43D0016C41F00201016414F4823F3A
:1017A0006FF4007159611CD090F83E50428D90F852
:1017B0003D10066B202D92B2C9B233D0026C42F0BC
:1017C0000402026490F83E20102A57D06FF4806221
:1017D0005A6114F4843FCFD0036807E014F4823FC9
:1017E00019D114F4843FC7D0D205C5D5026C6FF46B
:1017F000006142F0080202645961036C002BBED004
:1018000002B0BDE87040FFF70DBF14F4813FE5D092
:10181000D505BFD4B0E7D105C6D4ADE714F4823FF7
:10182000C2D1DEE7002AC9D101F0F702212A03D094
:101830002829C3D1212EC1D190F83D20C16A0429A5
:10184000D2B220D008291ED0212ABFD11C49C162A2
:1018500002632021002280F83D1080F83E205A6863
:1018600001906FF4806122F4E0625A6059611A6855
:101870000A401A60FFF7C6FE0198AAE71A6842F408
:1018800000721A60A2E7282ADED10D4AC2625A68A5
:1018900001906FF4806122F4E0625A6059611A6825
:1018A00022F480621A6000212023016380F83D3019
:1018B00080F83E10FFF7ACFE01988AE700010100B6
:1018C0000000FFFFF0B503689E695A695C6890F8F4
:1018D0003E1010298DB03DD0CDB2402D3AD0904968
:1018E0001140002900F0BA80A70500F171818D49EF
:1018F0008D4D31401540002900F020818B49114069
:10190000002900F08781660540F18481002D40F0B8
:10191000848190F83D10428D92B2C9B2C2B1426A40
:10192000541C446212781A61428D013A92B2428587
:10193000428D92B262B929290AD15A68212422F42F
:10194000806228215A60046380F83D10FFF75AFE38
:101950000DB0F0BD12F0011F35D0A50500F12381B7
:10196000704D714935401140002D4ED06F4D1540DE
:10197000002D46D0670544D5002900F06081A605FA
:10198000E6D5C16A90F83D20212AE1D1428D92B27C
:10199000002A40F04A81042900F0F781082900F06C
:1019A000F48111F5803F00F0F081596821F4E06185
:1019B000596011242023046380F83E2080F83D30D4
:1019C000FFF71CFEC4E75A491140002940F0E480AB
:1019D000534D1540002DC3D0A705C1D590F83E50FA
:1019E000C76AD0F830E090F83DC0BCF1220FEDB2EC
:1019F00000F072810A9159690A9199690A910A99CC
:101A0000AEE70029BBD10DB0F0BD4A4D15400DB376
:101A100065051FD5002900F03081A20598D5C56A5B
:101A2000428D416A92B2042A01F1010400F09B81C7
:101A3000428D92B2032A00F09F81428D92B2022A17
:101A400000F0DB811B6944620B70438D013B9BB24C
:101A500043857DE70029E0D10DB0F0BD364D15403E
:101A6000002D3FF444AFA5057FF541AF90F83D4010
:101A70005A6822F4E0625A600B915A690B921A6814
:101A800042F001021A600B9A1A6822F480621A600E
:101A90005A681105E4B20ED590F83D20222A00F0D4
:101AA000568190F83D202A2A00F05181426B12683D
:101AB000526892B24285428D92B2C2B15A695207BF
:101AC00009D5426A1B69511C41621370428D03683B
:101AD000013A92B242855A69570608D5426A1B6993
:101AE000511C41621370438D013B9BB24385036CD3
:101AF000002B40F0EC80A4F12802022A40F2108171
:101B0000036B222B02D0222C7FF422AF0023202251
:101B1000036380F83D2080F83E30FFF775FD17E73E
:101B20000200010004001000040001008000010018
:101B30000800010040000100100001009E49114012
:101B4000002952D0610550D5002D51D190F83D109B
:101B5000428D92B2C9B2002A3FF4FAAE426A1B69C2
:101B6000541C44621370438D013B9BB24385438DEB
:101B70009BB2002B7FF4ECAE2A297FF4E9AE026819
:101B800053682224282123F480635360046380F87F
:101B90003D10FFF739FDDBE6A1057FF5E1AE416CB5
:101BA000C9B21961DCE690F83E10402900F0B1801E
:101BB0000169B1F5804F7ED0016D002940F0BB80F6
:101BC000416CC91101F0060141F0F0011961C7E64D
:101BD00099699B6981F004011E0654BF8289028BBA
:101BE000C1F38001FFF712FDB2E6002D3FF4B0AE65
:101BF000A2057FF5ADAE428D92B2002A3FF4A8AEA9
:101C0000426A1B69511C41621370438D013B9BB2B8
:101C100043859DE6002D3FF49BAEA4057FF598AE6D
:101C2000428D92B2002A3FF493AE426A511C416247
:101C300012781A61438D013B9BB2438588E690F888
:101C40003D20048D90F83E10C56AD2B2C9B2002C76
:101C500040F08E80212A00F0FC8040297FF478AE8D
:101C6000222A7FF475AE428D92B2002A40F02E8176
:101C70005A6822F480625A606AE690F83D20222A6F
:101C80007FF466AE428D92B2032A40F2F780426A38
:101C90001B69511C41621370438D013B9BB243850C
:101CA000438D9BB2032B7FF453AE0268536823F439
:101CB000806353604CE690F83D102129416C16BFBB
:101CC00041F0010101F0FE01C9B2196148E60DB011
:101CD000BDE8F040FFF7A6BC016D11B9402D00F042
:101CE000EE80056D25B90169B1F5404F00F0028124
:101CF000418D89B2002963D1039159690391996992
:101D000003910399196841F400711960002101657C
:101D100026E6016D09BB416C01F0FE0119611FE669
:101D20002649C1622022036380F83D2080F83E30BE
:101D3000FFF76EFC0CE6016D01297FF411AE416CDA
:101D4000C91101F0060141F0F101196108E6826B49
:101D50001268526892B24285ADE6416C41F00101D1
:101D6000C9B21961FCE55A6822F480625A6069E6DA
:101D7000212A7FF472AF76E75A6822F480625A60B3
:101D80001A6822F480621A605CE65A6822F4E06203
:101D90005A601A680021202442F400721A6001631C
:101DA00080F83D4090F83E3080F83E10402B7FF4A4
:101DB00007AEFFF72FFCCBE5400001000000FFFF5E
:101DC000418D89B2012900F0AB80418D89B2022991
:101DD00000F0C180196841F48061196059680905F3
:101DE00003D5596841F4805159600021099159691E
:101DF000099199690991099988E7013D012D1A68AE
:101E000040F2868042F400721A601B6944620B70D3
:101E1000438D426A0168013B9BB243850B69511CAB
:101E200041621370438D0168013B9BB243854B684F
:101E3000002223F4407320244B6080F83D4002636D
:101E400090F83E3080F83E20402B35D0FFF7D8FB8D
:101E50007EE5042D99D0082D97D015F5803F94D0BC
:101E60005A6822F4E0625A6011212023016380F84D
:101E70003E4080F83D30FFF7C1FB69E5012A3FF69F
:101E800067AD1A68446A22F480621A605A6822F4C4
:101E9000E0625A601B69621C42622370438D013B01
:101EA0009BB22022438580F83D20016390F83E30AC
:101EB00080F83E10402BC9D1FFF7AEFB48E50191F9
:101EC0005969019199690191019949E590F83E207C
:101ED000402A7FF4AAAE026D002A7ED1C26C012A8C
:101EE000826C00F09680C2F307221A61036D013301
:101EF00003652DE50295596902919969029102994C
:101F0000196841F480711960016D0131016527E59F
:101F100022F480621A601A6842F480721A6074E7D0
:101F200017F5803F41D0042F2FD0082F2DD0BEF1C0
:101F3000120F2AD0C16A0229196814BF21F48061E6
:101F400041F48061196000210691596906919969EF
:101F500006910699DAE6C16A0229196839D021F496
:101F600080611960196841F40061196059680D05B4
:101F700003D5596841F4805159600021089159698D
:101F80000891996908910899C0E6196821F480615F
:101F9000196000210791596907919969079107997B
:101FA000196841F400711960B0E6196821F4806184
:101FB0001960596811F4006120D0196821F480611A
:101FC0001960002104915969049199690491049957
:101FD0009CE641F480611960C8E7026D012A1ED0B9
:101FE000026D022A7FF4B4AC90F83D20222A1DD065
:101FF00090F83D20212A7FF4ABAC16E60591596993
:102000000591996905910599196841F40071196064
:102010007CE6D2B21A61036D0233036598E4826CE8
:10202000D2B21A61036D0133036591E41A6842F478
:1020300080721A608CE400BF806B0268116810B572
:1020400021F48061446B1160816B0023438523651B
:102050000B6590F83D1060294FF0200180F83D108D
:1020600080F83E3006D0136823F001031360FFF7B9
:10207000D5FA10BD0364136823F001031360FFF762
:10208000CFFA10BD002868D0F0B5032305468BB009
:1020900080F8B9332C46FCF783FC286802F086FCF4
:1020A00054F810EBA446BCE80F006F460FC7BCE81D
:1020B0000F000FC79CE8030087E803002E1D96E879
:1020C0000E00704602F014FC0021286802F076FC35
:1020D00000212B462A460127084682F83810D1876E
:1020E00001310F29C2E9100082F8397082F83B00F3
:1020F000D06402F11C02F0D100222F68114602F1D7
:10210000400083F8F821DA8707EB800001320F2ABC
:10211000C3E9801183F8F91183F8FB11C3F80C129D
:10212000416003F11C03EAD10FCCEC46ACE80F0090
:102130000FCCACE80F0094E803008CE803003846AD
:1021400096E80E0002F054FC0123286885F8B933A4
:1021500002F0CAFF00200BB0F0BD0120704700BFA5
:1021600090F8B833012B0FD010B504460123006856
:1021700084F8B83302F0AAFF206802F00FFC0023B5
:1021800084F8B833184610BD022070472DE9F04F8F
:10219000036887B004461846029302F0DFFF10B1CF
:1021A00007B0BDE8F08F0546206802F0ABFF0028BD
:1021B000F6D0206802F0A6FF10F0020F20681EBFC4
:1021C000436903F00203436102F09CFF010300F145
:1021D0006C8120684FF0000B02F094FF10F4802F08
:1021E000206840F0C08002F08DFF0028C0F22682F7
:1021F000206802F087FF01054CD4206802F082FFBE
:10220000C30471D4206802F07DFF10F4005F2068E1
:102210004CD102F077FF10F0100F206815D08369C1
:1022200023F010038361029B1D6A05F4F013B3F5DC
:10223000802F05F00F0600F01282B3F5402F00F05A
:10224000C681836943F01003836102F05BFF0707D7
:1022500000F19781206802F055FFC60200F18681E7
:10226000206802F04FFF850200F17581206802F0BE
:1022700049FF400000F16681206802F043FF4107FA
:102280008ED523685D686A0700F10A825A682A437E
:102290005A6085E7029BD3F80838DA0700F1FC8121
:1022A0002068436903F400634361A7E702F05AFF23
:1022B0002068C36823F47053C36002F06DFC0028EB
:1022C00040F073812268E0604FF400736361D3686B
:1022D00043F41053D3602046FCF7E4FB20684369C5
:1022E00003F40053436194E7029B206803F5006602
:1022F0001021736823F00103736002F03BFC6168F6
:1023000059B1029BFF2203F5106301358D429A609B
:10231000C3F8082203F12003F7D14FF0FF33B36174
:10232000F36943F00113F361236B002B40F032811A
:10233000736943F00B037361336943F00B0333613B
:10234000029A217CD2F80038206823F4FE63C2F898
:10235000003804F56F7202F01FFF2068436903F430
:10236000805343614FE702F0D9FE83462068BBF1FA
:10237000000F3FF438AF029BCDE903B5264603F5C5
:1023800010694FF0000AD84609E05FEA58080AF1E0
:10239000010A06F11C0609F1200900F0428118F03B
:1023A000010FF2D05FFA8AF7394602F0C9FEC3077F
:1023B000054640F12C8102980122D0F8343802FA07
:1023C0000AF123EA0103C0F834382369C9F8082068
:1023D000934203D1D6E9102313447364394620464F
:1023E000FCF752FB2169D4F800B0012900F002810A
:1023F000280744BF0823C9F80830E90644BF102362
:10240000C9F808306A0644BF4023C9F80830AB0752
:1024100044BF0223C9F808302D065846B5D50BF540
:10242000106C0CEB4A1CD6E91323DCF81850316C05
:102430001FFA85FED51A8D4228BF0D46E91CBEEB5A
:10244000910F25D9CDF814A0E2461AE0336C716CD7
:102450009A4228BF1A46237C0093154693B25846E9
:102460003A4602F0C9FD736CDAF818202B44736405
:10247000336D92B2E91C2B44B2EB910F336504D952
:10248000F26C9342A2EB0302E0D3DDF814A02068C3
:10249000002D7FF47AAFDBF83438012202FA0AF219
:1024A00023EA0203CBF834386FE7206802F02EFEEF
:1024B000034600283FF48DAE029A2068CDE903352B
:1024C00002F53067A1464FF000081E464FF0010AA2
:1024D00008E0760808F1010807F1200709F11C0956
:1024E00000F09880F207F4D55FFA88F5294602F0EB
:1024F0001DFE10F0010F834619D02269C7F808A00D
:10250000012A0CD13A69D9F80002C2F31202821AE8
:10251000C9F81022D9F804220244C9F80422294635
:102520002046FCF7A7FA2169012900F0BE801BF0C4
:10253000080F7DD11BF0100F18BF1023206818BFA3
:10254000BB60C6E72046FCF7E1FA2068436903F068
:102550008043436191E620465FFA8BF1FCF7CEFAA7
:102560002068436903F40013436180E620465FFA64
:102570008BF1FCF7C7FA2068436903F480134361C9
:102580006FE62046FCF78AFA2068436903F00803E7
:10259000436160E6D6F8843043F00B03C6F884301C
:1025A000736C43F00B037364CAE603224023E260BA
:1025B000636100F0E5FC714B714A0344934200F201
:1025C00083802268D36843F47053D36083E6082283
:1025D00004F56F710298C6EBC60602F023FD04EB0A
:1025E0008602C5F30A13D2F8101220680B44C2F811
:1025F000103226E6BAF1000F7FF4FAAEE36C002B3E
:102600007FF4F6AE584604F56F7202F0C5FDD4F8BB
:1026100000B0EDE6DDE90335B3FA83F3C3F1200B37
:10262000DAE5DDE903B5BBFA8BF3C3F1200BDAE59C
:102630002046FCF7EDF90822BA607BE7029B03F520
:102640000062D3F8043823F0010353602046FCF7FE
:1026500051FA2068436903F000434361C9E547F636
:10266000F0731D423FF4EDADC6EBC60604EB8606E3
:10267000C5F30A120298D6F80412154602F0D2FCED
:10268000D6F8042220682A44C6F80422D6F810227C
:102690002A44C6F81022D4E52046FCF713FAFFE5D9
:1026A0002046FCF737FA2368F0E5B8F1000F7FF415
:1026B0003EAFD4F80C22002A7FF439AF206804F52D
:1026C0006F7202F069FD32E72E4A2F4923680244F7
:1026D0008A4204D8DA6842F46052DA60FBE52B499A
:1026E000A0F57402A2F510528A4204D8DA6842F4C6
:1026F0005052DA60EFE52649A0F18372A2F5E74275
:102700008A4204D2DA6842F44052DA60E3E5214AB0
:10271000214902448A4204D8DA6842F43052DA602D
:10272000D9E51E4A1E4902448A4204D2DA6842F4BC
:102730002052DA60CFE51B4A1B4902448A4204D288
:10274000DA6842F41052DA60C5E51849A0F1B772B0
:10275000A2F558528A4204D2DA6842F40052DA6092
:10276000B9E5134A134902448A42DA6834BF42F495
:10277000E05242F4C052DA60ADE500BF405327FF9B
:10278000FF340C00401E1BFF3F420F007F4F120022
:1027900020D6130060B6E5FE5FE3160000D3CEFE40
:1027A00040771B00C05BB3FEC0912100207538004C
:1027B000E05459FEE09C410090F8B833012B0CD056
:1027C00010B504460123006884F8B83302F06EFCAB
:1027D000002384F8B833184610BD0220704700BFAC
:1027E0008C46090610B5044624D41C2101FB0C01BB
:1027F000CCEBCC0004EB800001F5FC71C0F80022AA
:10280000002280F8F8C180F8FB3180F8F921022B12
:1028100004BF00230B7194F8B833012B1FD00123A0
:1028200084F8B833206802F0D5F9002384F8B8336F
:10283000184610BD0CF07F0C1C2101FB0C01CCEBE9
:10284000CC0004EB800038310264012280F838C0EB
:1028500080F83B30A0F83EC080F83920D7E702204E
:1028600010BD00BF4BB2002B10B501F07F02044633
:1028700018DB1C2000FB0141DB0F81F8F82181F8F7
:10288000F93194F8B833012B01F5FC7118D001230C
:1028900084F8B833206802F0E1F9002384F8B833F3
:1028A000184610BD1C2101FB0201DB0F81F8382006
:1028B00081F8393094F8B833012B01F13801E6D1B1
:1028C000022010BD10B501F07F04C4EBC40C00EB76
:1028D0008C0C1C21CCF80C320023CCF804228CF890
:1028E000F841CCF810328CF8F931036901FB04018E
:1028F000012B08BFCCF80822006801F5FC71DAB2A0
:102900001CB902F0F9FA002010BD02F003FA002011
:1029100010BD00BF01F00F01C1EBC10100EB810050
:10292000B0F81002704700BF10B501F07F04C4EB8F
:10293000C40C00EB8C0C1C21CCF84C300023CCF8E0
:1029400050300123CCF844208CF838408CF83930D2
:10295000036901FB0401012B08BFCCF84820006883
:102960003831DAB21CB902F0C7FA002010BD02F00B
:10297000D1F9002010BD00BF38B54BB2002B044682
:1029800001F07F0517DB1C2202FB010101F5FC7140
:102990000122DB0F8A700D704B7094F8B8339342AC
:1029A00015D0206884F8B82302F04CFB45B1002014
:1029B00084F8B80338BD1C2101FB05013831E7E775
:1029C000217C206804F56F7202F0E6FBEFE702203D
:1029D00038BD00BF38B54BB2002B044601F07F0272
:1029E00017DB1C2000FB014101F5FC71DB0F00250A
:1029F0008D700A704B7094F8B833012B0ED0012300
:102A0000206884F8B83302F039FB84F8B8532846BC
:102A100038BD1C2101FB02013831E7E7022038BD37
:102A200010B404681204636A29B91A43A262002030
:102A30005DF8044B7047A06A013903EB104C0AD0D3
:102A4000002303F1400004EB800001334068994209
:102A50000CEB104CF5D1403104EB810442EA0C023E
:102A6000626000205DF8044B704700BF03680020DF
:102A700059627047002800F068812DE9F041036831
:102A8000DD0782B004462FD59E498A6802F00C0209
:102A9000042A00F0ED808A6802F00C02082A00F097
:102AA000E3806368B3F5803F00F0EC80B3F5A02FBE
:102AB00000F04D81934D2A6822F480322A602A6802
:102AC00022F480222A60002B40F0E180FCF7D4FF42
:102AD000064605E0FCF7D0FF801B642800F2018168
:102AE0002B689B03F6D423689F0728D5854A9168F5
:102AF00011F00C0F00F09A80916801F00C01082988
:102B000000F09080E368002B00F00E817E4B7D4E3C
:102B100001221A60FCF7B0FF054605E0FCF7ACFFA8
:102B2000401B022800F2DD8033689807F6D5336831
:102B3000226923F0F80343EAC203336023681A07CB
:102B40005BD458073AD56F4A136C13F0805340F0AA
:102B500089800193136C43F080531364136C03F06A
:102B600080530193019B0125684E3368D90540F1DC
:102B7000A880A368012B00F0B880052B00F023810A
:102B8000604E326F22F001023267326F22F004028F
:102B90003267002B40F0AE80FCF76EFF41F28838C0
:102BA000074605E0FCF768FFC01B404500F299802E
:102BB000336F9807F6D4002D40F0D380A369C3B1DA
:102BC000504DAA6802F00C02082A36D0022B4E4B58
:102BD0004FF000021A6600F0CA80FCF74DFF044671
:102BE00004E0FCF749FF001B02287AD82B689B0100
:102BF000F7D4002002B0BDE8F08163690BB3424B0B
:102C0000404E0122C3F8802EFCF736FF054604E053
:102C1000FCF732FF401B022863D8736F9B07F7D580
:102C200023688EE7526856023FF56CAF354A12684A
:102C300095073AD5E268012A37D0012002B0BDE8F5
:102C4000F081314A2F4EC2F8803EFCF715FF054651
:102C500004E0FCF711FF401B022842D8736F9F0766
:102C6000F7D4DDE700257FE74A6850027FF519AF0A
:102C7000244A126891037FF537AF6268002A7FF417
:102C800033AFDAE71F4A136843F480331360FCF76D
:102C9000F3FE1C4E054604E0FCF7EEFE401B6428E4
:102CA0001FD833689A03F7D51DE7164920690A68CB
:102CB00022F0F80242EAC0020A601A077FF541AF2B
:102CC0009BE7336843F480733360FCF7D5FE074617
:102CD0003368DA053FF54DAFFCF7CEFEC01B022886
:102CE000F6D9032002B0BDE8F081064A136F43F025
:102CF00001031367FCF7C0FE024F064641F2883815
:102D00000BE000BF00380240000047420070004066
:102D1000FCF7B2FE801B4045E3D83B6F9B07F7D51D
:102D2000002D3FF44BAF1CE02C4A2D4E1360FCF7F6
:102D3000A3FE054604E0FCF79FFE401B0228D0D806
:102D400033689907F7D42368F9E601207047244BCC
:102D50001A6842F480221A601A6842F480321A60BB
:102D600095E71F4A136C23F08053136426E7FCF7A2
:102D700083FE064604E0FCF77FFE801B0228B0D8E5
:102D80002B689901F7D4D4E90731626A0B4343EA0F
:102D90008213D4E90A205208104943EA0063013A39
:102DA00043EA024301226B600A66FCF765FE0C4DA4
:102DB000044604E0FCF760FE001B022891D82B6853
:102DC0009A01F7D515E7064B1A6F42F004021A670D
:102DD0001A6F42F001021A678CE700BF00004742F9
:102DE00000380240164908B58B6803F00C03042B29
:102DF0001BD0082B01D0134808BD4A684B684968AE
:102E000013F4800302F03F0211D10E48C1F3881180
:102E1000A1FB0001F8F7B8FC094B5B68C3F3014361
:102E200001335B00B0FBF3F008BD074808BD06485E
:102E3000C1F388110023A1FB0001F8F7A5FCEBE723
:102E4000003802400024F40000127A00002800F04C
:102E50008680474A136803F00F038B422DE9F04147
:102E60000D46044609D2CBB21370136803F00F036A
:102E70008B4202D00120BDE8F0812368980714D569
:102E8000590704D53B498A6842F4E0528A601A0720
:102E900004D538498A6842F460428A603549A0689E
:102EA0008A6822F0F00202438A60DF0721D5626857
:102EB000012A56D0931E012B2E4B1B684CD9990723
:102EC000D8D52C4EB36823F003031343B360FCF74B
:102ED000D3FD41F28838074604E0FCF7CDFDC01B66
:102EE000404543D8B368626803F00C03B3EB820F2C
:102EF000F3D11F4A136803F00F03AB4206D9EBB2BC
:102F00001370136803F00F03AB42B3D123685A0761
:102F100006D51849E0688A6822F4E05202438A60C4
:102F20001B0707D5134A2169936823F4604343EADA
:102F3000C1039360FFF756FF0E4A0F4C92680F498A
:102F4000C2F303120346A25C0620D3400B60FBF7DA
:102F5000A9F80020BDE8F0819801B2D48AE70120E9
:102F60007047044B1B689E03ABD483E7032082E7C2
:102F7000003C02400038024088B90308A80B00203A
:102F8000014B1868704700BFA80B0020044B05498F
:102F90009B68054A0868C3F38223D35CD840704716
:102FA00000380240A80B002080B90308044B0549F3
:102FB0009B68054A0868C3F34233D35CD840704726
:102FC00000380240A80B002080B903080E4B0F22E6
:102FD00002609A6802F0030242609A6802F0F0020E
:102FE00082609A6802F4E052C2609B68DB0810B409
:102FF00003F4E053054C036123685DF8044B03F0D0
:103000000F030B60704700BF00380240003C0240D5
:10301000F8B507460D4614461E463A68936835EAE9
:1030200003030CBF01230023A34209D0731C09D161
:10303000936835EA03030CBF012300239C42F7D1B8
:103040000020F8BD36B1FCF717FD069BC01AB04250
:10305000E3D33A685368796823F0E003B1F5827FDF
:10306000536015D0BB6AB3F5005F07D0012200237F
:1030700087F8512087F850300320F8BD13684DF6CB
:10308000FF710B401360136843F400531360EDE7C6
:10309000BB68B3F5004F02D0B3F5806FE2D113687F
:1030A00023F040031360DDE700283BD038B590F8EB
:1030B000513000220446826203F0FF0163B31046E0
:1030C000D4E90131E26825680B431343D4E90412C3
:1030D0000B431343E269022184F851101343226A1F
:1030E00029681343A26921F04001296002F4007CA1
:1030F000616A120C43EA0C0302F0040203430A4320
:103100002B606A60EB69002023F400630122EB610D
:10311000606584F8512038BD80F85010FBF7E0FD61
:10312000A06ACDE70120704798B10268022310B56C
:1031300080F85130136823F0400304461360FBF716
:1031400053FE0023636584F8503084F851301846EC
:1031500010BD0120704700BF90F85030012B4DD0BA
:1031600010B590F851300446012B4FF0010084F85F
:103170005000D8B238D1002937D0002A35D00320EA
:1031800084F85100A068A2860023B0F5004F636563
:10319000C4E91033E28621632268A363A387E3872F
:1031A00027D0A06C164B0364164BC363164BC36445
:1031B00000230365E38E0C329BB2FDF7C1FC23684C
:1031C0001A68520603D41A6842F040021A605A681C
:1031D00042F020025A605A6842F002025A6000230C
:1031E00084F85030002010BD0220002384F85030B5
:1031F00010BD136843F480431360D2E70220704788
:10320000E1330108353401081134010870B5044672
:1032100090F8500001286AD0012084F8500094F8FA
:103220005100656801285FFA80FC0DD0B5F5827FFA
:1032300004D00220002384F8503070BDA06800281C
:10324000F7D1BCF1040FF4D100294ED0002A4CD0A4
:10325000002B4AD094F85100216301284FF000055B
:1032600004BF052084F851006565E386E38794F880
:103270005110E06C1F4EA38604291F49A3871F4BE2
:10328000A26318BF0B46C4E910551D49036418BF5B
:1032900031461C4BC364E38FC163216805659BB253
:1032A0000C31FDF74DFC2268A06C5368216B43F094
:1032B00001035360E38E0C329BB2C0E90F55C0E9A5
:1032C0001355FDF73DFC23681A68520603D41A68AB
:1032D00042F040021A605A6842F020025A605A686E
:1032E00042F0020200205A60A4E70120A2E7022077
:1032F00070BD00BF0135010801340108F133010838
:10330000B13401081134010870B5856804460E46D1
:103310001DB94368B3F5827F4ED094F85030012B2D
:1033200053D0012384F8503094F85130012BD8B297
:1033300038D1002E37D0002A35D0042384F85130FC
:10334000B5F5004F4FF000036365C4E91033E28721
:103350002168A663A287A386E38628D0E06C1C4B75
:1033600003641C4BC3631C4BC36400230365E38FDE
:1033700032469BB20C31FDF7E3FB23681A68520614
:1033800003D41A6842F040021A605A6842F02002E0
:103390005A605A6842F001025A60002384F85030A3
:1033A000002070BD0220002384F8503070BD0B68EF
:1033B00023F480430B60D1E7042580F85150134675
:1033C000BDE870400A46FFF721BF022070BD00BF74
:1033D000F1330108B134010811340108704700BF0E
:1033E00008B5806BFFF7FAFF08BD00BF704700BF4C
:1033F00008B5806BFFF7FAFF08BD00BF704700BF3C
:1034000008B5806BFFF7FAFF08BD00BF704700BF2B
:10341000806B026808B5536823F003035360436D63
:10342000012143F01003436580F85110FFF7EEFFD0
:1034300008BD00BF30B5054685B0846BFCF71CFBAA
:103440002B681A6812F480721BD121684B6823F034
:1034500002034B600090642380212046FFF7D8FDD3
:10346000A0B9A36833B922680393D3680393936820
:103470000393039B01230022E28684F85130636D9D
:1034800083B92046FAF7E6F905B030BD636D43F025
:1034900020036365636D43F020036365A368002B1D
:1034A000E8D1E0E72046FFF7B1FF05B030BD00BF2F
:1034B00008B50368806B1B68DB050FD4D0E90021D9
:1034C0005368B1F5827F23F00303536009D00123D1
:1034D0000022C28780F85130436D73B9FAF7C6F9FC
:1034E00008BD8368B3F5004F02D0B3F5806FEED10D
:1034F000136823F040031360E9E7FFF787FF08BD77
:1035000030B5054683B0846BFCF7B6FA2B681A68B1
:1035100012F4807213D10090642380212046FFF7BB
:1035200077FD88B921684B68002223F0030301204E
:103530004B60E286E28784F85100636D6BB92046E8
:10354000FAF7A0F903B030BD636D43F02003636563
:10355000636D43F020036365E4E72046FFF756FF01
:1035600003B030BD026810B55168936803F0410C98
:10357000BCF1010F84B004465AD0980701D5080663
:103580005ED413F4B07F51D088064FD558060ED5BF
:1035900094F85100032842D0606D40F0040060654B
:1035A00000200090D06800909068009000989806E5
:1035B0000CD5606D40F001006065002002909068BD
:1035C0000290106820F0400010600298D80508D5DD
:1035D000636D002043F008036365039093680393D1
:1035E000039B636D13B3536823F0E0035360012022
:1035F0008B0784F8510029D05368E06C23F0030353
:10360000536018B1134B0365FDF722FBA06C68B142
:10361000104B036504B0BDE81040FDF719BB002353
:103620000193D368019393680193019B04B010BD8B
:1036300011F0400FA1D0036C04B0BDE81040184752
:10364000636C204604B0BDE8104018472046FFF7E1
:10365000DDFEEBE75936010808B5806B0023C38710
:10366000C386FFF7D3FE08BD036A23F0010303629C
:10367000036A70B4446882690D6822F073022A43B9
:103680008D6823F002032B430E4DA8420AD005F5A6
:103690008065A84206D049684460826170BC41637D
:1036A00003627047CD6823F008032B43D1E9056519
:1036B00024F4407446EA050C23F004034CEA0404A5
:1036C000E9E700BF00000140036A23F4807303624E
:1036D000036A70B44468C2690D6822F073022A4319
:1036E0008D6823F4007343EA05230F4DA8420AD0E6
:1036F00005F58065A84206D049684460C26170BC87
:10370000C16303627047CD6823F4006343EA052375
:10371000D1E9056524F4405446EA050C23F480639E
:1037200044EA0C14E8E700BF00000140036A23F4F8
:1037300080530362036A30B44468C2690D6822F49E
:10374000E64242EA05228D6823F4005343EA05333A
:10375000094DA8420AD005F58065A84206D04968FF
:103760004460C26130BC0164036270474D6924F457
:10377000804444EA8514F2E700000140034600203B
:103780001B68DA6842F00102DA601A6842F001024E
:103790001A607047704700BF03680122186A02FA76
:1037A00001F120EA01001862186A0A4A01439342B3
:1037B000196209D002F58062934205D01A6842F07E
:1037C000010200201A6070475A6C42F400425A64A9
:1037D000F4E700BF0000014003680C290CD8DFE8C3
:1037E00001F0070B0B0B250B0B0B200B0B0B1B001E
:1037F000DA6842F00202DA60186A012202FA01F184
:1038000020EA010018621A6A114319621A6842F02C
:10381000010200201A607047DA6842F01002DA6094
:10382000EAE7DA6842F00802DA60E5E7DA6842F0CF
:103830000402DA60E0E700BF0368C1B104290DD1DA
:103840001A6A22F010021A621A6A42F010021A6210
:103850001A6842F0010200201A6070471A6A22F0CA
:1038600001021A621A6A42F001021A62E8E71A6A51
:1038700022F001021A621A6A42F001021A62E7E7B4
:1038800090F83820012A70D00346026830B4022034
:10389000012483F8384083F8390090680C6820F4DC
:1038A0007F4020F07700502C906000F093800ED87D
:1038B000202C00F0888029D8002C7DD0102C1DD120
:1038C000916821F0700141F01701916016E0B4F5A4
:1038D000805F65D036D8602C49D0702C0ED1D1E9EC
:1038E000015094682843CD6824F47F4140EA0520C4
:1038F00008439060916841F07701916000200122B7
:1039000083F8392083F8380030BC7047302C4CD015
:10391000402CF3D14868CC68116A21F00A010843B1
:10392000116A21F001011162916921F0F00141EA6F
:10393000041191611062916821F0700141F047011A
:103940009160DBE7B4F5005FD8D1D1E9015094680C
:103950002843CD6824F47F4140EA05200843906065
:10396000916841F480419160C8E7022070474C683B
:10397000CD68116A21F0100111629069116A20F47A
:10398000704021F0A00141EA041140EA0530906145
:103990001162916821F0700141F067019160ADE71B
:1039A000916821F007019160A8E7916821F070010A
:1039B00041F037019160A1E7916821F0700141F079
:1039C000070191609AE7916821F0700141F02701A9
:1039D000916093E74868CC68116A21F00A010843B6
:1039E000116A21F001011162916921F0F00141EAAF
:1039F000041191611062916821F0700141F057014A
:103A000091607BE7704700BF704700BF704700BF01
:103A1000704700BF03681A69910710B5044602D5C4
:103A2000DA6892075FD41A69500702D5DA6851073D
:103A300046D41A69120702D5DA6810072ED41A691B
:103A4000D20602D5DA68D00618D41A69D10702D591
:103A5000DA68D2075DD41A69100602D5DA68110651
:103A60005FD41A69520602D5DA68500661D41A6921
:103A7000910602D5DA68920643D410BD6FF01001AA
:103A8000082219612276DB6913F4407F204664D056
:103A9000FFF7BAFF002223682276D6E76FF008010D
:103AA000042219612276DB699907204652D1FFF77B
:103AB000A9FF2046FFF7AAFF002223682276BEE76F
:103AC0006FF004010222196122769B6913F4407F92
:103AD00020463CD1FFF796FF2046FFF797FF0022D4
:103AE00023682276A5E76FF00201012219610276B0
:103AF0009B699B0725D0FFF787FF0022236822766A
:103B000091E76FF0200220461A61BDE8104000F0F6
:103B100029BB6FF001021A612046FAF733FF2368D0
:103B200099E76FF080021A61204600F01DFB2368C0
:103B300097E76FF040021A612046FFF769FF23689C
:103B400095E7FFF75FFF2046FFF760FFD5E7FFF738
:103B50005BFFC4E7FFF758FFAEE7FFF753FF2046D0
:103B6000FFF754FF96E700BF30B42D4D8C68036813
:103B70000A68A84239D0B0F1804F27D0A5F57C451E
:103B8000A84223D005F58065A8421FD005F58065C1
:103B9000A8421BD005F57845A84226D0214DA84261
:103BA00018D005F58065A84214D005F58065A842B7
:103BB00010D0A5F59835A84228D005F58065A84213
:103BC00008D005F58065A84208D103E04D6823F0D0
:103BD00070032B43C96823F440730B430360C46232
:103BE0008262012330BC436170474D6823F070034B
:103BF0002B43CD6823F440732B430360C46282627D
:103C00000B690363012330BC43617047C96823F427
:103C100040731943044B1960DC629A62E1E700BF0C
:103C2000000001400040014000180040C0B110B544
:103C300090F83930044603F0FF0263B121460223B5
:103C400084F8393051F8040BFFF78EFF012384F814
:103C50003930002010BD80F83820FAF741FBEDE73D
:103C600001207047C0B110B590F83930044603F018
:103C7000FF0263B12146022384F8393051F8040B66
:103C8000FFF772FF012384F83930002010BD80F85F
:103C90003820FFF77FFDEDE701207047C0B110B578
:103CA00090F83930044603F0FF0263B12146022345
:103CB00084F8393051F8040BFFF756FF012384F8DC
:103CC0003930002010BD80F83820FAF735FBEDE7D9
:103CD00001207047C0B110B590F83930044603F0A8
:103CE000FF0263B12146022384F8393051F8040BF6
:103CF000FFF73AFF012384F83930002010BD80F827
:103D00003820FAF771FBEDE701207047002846D014
:103D100070B590F839300C46054603F0FF02002BD1
:103D200038D02946022385F8393051F8040B8368CE
:103D300023F007038360FFF717FF81688369A66993
:103D4000A26823F4407323F0030342EA06221A43D5
:103D50002369E6691B0143EA0623E6683343066AE2
:103D600026F0AA0C266A22F47C4222F0FC0243EAE6
:103D70000633134366696268246842EA06122143E7
:103D8000816042EA0C0201218361026285F83910E8
:103D9000002070BD80F83820FAF7FAFAC1E7012058
:103DA000704700BF70B4046A1A4E24F00104046224
:103DB000B0428469056A1FD0B0F1804F1CD0A6F5CF
:103DC0007C46B04218D006F58066B04214D006F5A5
:103DD0008066B04210D006F57846B0420CD006F5A9
:103DE0007056B04208D0A6F59436B04204D024F004
:103DF000030242F0010202E024F00304224325F012
:103E00000A0401F00A01214363F30712826170BCC6
:103E1000016270470000014090F83830012B79D0E2
:103E200070B502230D461646012280F8382080F82E
:103E300039300446D1E900120068EB683EB3042E25
:103E4000AD682FD0082E4AD0066A26F48056066246
:103E5000C66926F4407646EA022663F30F36036A03
:103E6000C661090323F4204301F420411943016290
:103E7000C36923F44063C361C36943EA0523C36193
:103E80000020012384F8393084F8380070BDFFF732
:103E900089FF8369AA6823F00C0383618369134354
:103EA0008361EDE7066A26F010060662866926F44D
:103EB000407646EA022663F30F36036A86610901FB
:103EC00023F0A00301F0A00119430162836923F4E8
:103ED00040638361836943EA05238361D0E7066A0F
:103EE00026F480760662C66926F00306164363F35D
:103EF0000716036AC661090223F4206301F42061F6
:103F000019430162C36923F00C03C361C3692B43E6
:103F1000C361B5E702207047036A23F01003036210
:103F2000036A70B4446882690D6822F4E64242EA8A
:103F300005228D6823F0200343EA05130E4DA842A5
:103F40000AD005F58065A84206D0496844608261C0
:103F500070BC816303627047CD6823F0800343EA3D
:103F60000513D1E9056524F4406446EA050C23F005
:103F7000400344EA8C04E8E70000014090F8383040
:103F8000012B25D0022310B5044680F839300C2AC5
:103F90000BD8DFE802F0070A0A0A150A0A0A190A0A
:103FA0000A0A11000068FFF75FFB0020012384F874
:103FB000393084F8380010BD0068FFF7B7FBF4E72C
:103FC0000068FFF7A9FFF0E70068FFF77DFBECE76B
:103FD0000220704738B590F83830012B70D00D466C
:103FE00002230121044680F8381080F839300C2A69
:103FF00018D8DFE802F007171717361717174E17EC
:1040000017171E0000682946FFF72EFB83692A69EF
:1040100043F008038361836923F0040383618369A8
:10402000134383610020012384F8393084F8380079
:1040300038BD00682946FFF779FBC3692A6943F454
:104040000063C361C36923F48063C361C36943EA46
:104050000223C3610020012384F8393084F838003A
:10406000E6E700682946FFF757FF83692A6943F4AA
:1040700000638361836923F480638361836943EA16
:10408000022383610020012384F8393084F838004A
:10409000CEE700682946FFF717FBC3692A6943F09A
:1040A0000803C361C36923F00403C361C3691343F5
:1040B000C3610020012384F8393084F83800B7E761
:1040C000022038BD90F83830012B1FD0024603681B
:1040D000022030B582F8390058680D684C6820F02D
:1040E00070005860586828435860996821F0800132
:1040F000996099684FF0000C21434FF0010E9960D0
:1041000082F839E082F838C0604630BD022070473E
:1041100090F83830012B23D010B4D1E9024323F4B6
:1041200040730246234348680C6823F480630343CA
:1041300023F400630869234323F48053034348694D
:104140008C6923F40053034323F440431068002197
:104150002343436482F8381008465DF8044B7047E7
:1041600002207047704700BF704700BF02681169A6
:104170002DE9F8430446C068A368256921F440513D
:1041800001431161D168E0692B43656921F416414F
:104190002B4321F00C0103430B43D3605369A16906
:1041A00023F440730B43B0F5004F53619D4B00F077
:1041B0009C809A425AD003F580639A4256D0FEF70B
:1041C000E5FE6368DFF8608200EB80009B0000EB97
:1041D0008000B0FBF3F7FEF7D9FEA8FB0737636852
:1041E00000EB80009B0000EB8006B6FBF3F6FEF7C9
:1041F000CDFE636800EB80009B0000EB8000B0FB0D
:10420000F3F0A8FB003040094FF0640909FB106689
:104210003601FEF7BBFE3236A8FB063662687F0920
:10422000760900EB800303EB830392003F0106F065
:10423000F006B3FBF2F5FEF7A9FED4E9002300EB8C
:1042400080009B0000EB8000B0FBF3F0A8FB003087
:10425000400909FB10531B013233A8FB0383C3F34E
:10426000431333433B449360BDE8F883FEF79EFE5F
:104270006368DFF8B48100EB80009B0000EB8000F6
:10428000B0FBF3F7FEF792FEA8FB0737636800EB7D
:1042900080009B0000EB8006B6FBF3F6FEF786FE7F
:1042A000636800EB80009B0000EB8000B0FBF3F044
:1042B000A8FB003040094FF0640909FB1066360185
:1042C000FEF774FE3236A8FB063663687F0976096E
:1042D00000EB80009B003F0106F0F00600EB800041
:1042E000B0FBF3F5FEF762FEA7E79A425AD003F55A
:1042F00080639A4256D0FEF749FE6368DFF8288152
:1043000000EB80005B0000EB8007B7FBF3F7FEF7E4
:104310003DFEA8FB0737636800EB80005B0000EB05
:104320008006B6FBF3F6FEF731FE636800EB800013
:1043300000EB80005B00B0FBF3F3A8FB03235B09F9
:104340004FF0640909FB1366F600FEF71FFE3236D4
:10435000A8FB063662687F09360900EB800303EB91
:10436000830352003F0106F4F876B3FBF2F5FEF743
:104370000DFED4E9002300EB800000EB80005B0021
:10438000B0FBF3F3A8FB03135B0909FB1353DB003A
:104390003233A8FB0383C3F342133B44334493609B
:1043A000BDE8F883FEF702FE6368DFF87C8000EB6F
:1043B00080005B0000EB8000B0FBF3F7FEF7F6FD3A
:1043C000A8FB0737636800EB80005B0000EB80060A
:1043D000B6FBF3F6FEF7EAFD636800EB800000EB46
:1043E00080005B00B0FBF3F3A8FB03235B094FF0F5
:1043F000640909FB1366F600FEF7D8FD3236A8FB08
:10440000063663687F09360900EB80005B003F01D8
:1044100006F4F87600EB8000B0FBF3F5FEF7C6FD7E
:10442000A7E700BF001001401F85EB5160B338B50E
:1044300090F83930044603F0FF0203B322682423C6
:1044400084F83930D36823F400532046D360FFF753
:104450008DFE23681A6922F490421A615A6922F08B
:104460002A025A61DA680025202142F40052DA60FB
:10447000E56384F8391084F83A10284638BD80F88E
:104480003820FAF71BFDD9E701207047F8B504463C
:1044900090F8390020282DD151B34AB394F8380050
:1044A000012827D00120E28484F83800A284206B00
:1044B000DFF84CC0104F114E2162134622680025D0
:1044C0004FF0210EE563043284F839E0C0E90FC7EC
:1044D000C0E91365FCF734FB23686FF040021A60F3
:1044E00084F838505A6942F0800228465A61F8BD73
:1044F0000120F8BD0220F8BD09460108DD4601088B
:10450000D945010890F83A30202B3CD1002938D009
:10451000002A36D070B590F83830012B82B00446AE
:1045200033D00123002580F838302223C56381620F
:1045300080F83A308285406B154E056513460A4671
:104540002168C663134E0664134EC6640431FCF73B
:10455000F7FA236801951A6801925A68019284F863
:104560003850019ADA6842F48072DA605A6942F08F
:1045700001025A615A69284642F040025A6102B06B
:1045800070BD0120704702207047022002B070BD4C
:1045900019460108CD460108DD4601080368DA68BE
:1045A00022F4907210B5DA605A6922F001025A6161
:1045B0005A695206044609D55A69406B22F04002F6
:1045C0005A6118B100230365FCF7FAFA0020202392
:1045D000E08584F83A3010BD08B50368806B1B682D
:1045E00013F480730AD10268C384536923F08003F3
:1045F0005361D36843F04003D36008BD22F028FE26
:1046000008BD00BF704700BF08B5806BFFF7FAFF19
:1046100008BD00BF704700BF08B50368806B1B680A
:1046200013F4807310D10268C385D36823F48073B8
:10463000D360536923F0010353615369202123F0B0
:104640004003536180F83A10FFF7E4FF08BD00BF54
:1046500090F83A30222B29D181680269836AB1F53A
:10466000805F10B504680AD0591C02BB6268816281
:104670001A70C38D013B9BB2C38543B110BDE2B933
:104680006268C2F3080223F8022B8362F1E7036831
:10469000DA6822F49072DA605A69202122F001026D
:1046A0005A6180F83A10FFF7B5FF10BD7047626895
:1046B000816202F07F021A70DBE76268D2B223F8EF
:1046C000012B8362D5E700BF704700BF08B5806B40
:1046D000FFF7FAFF08BD00BF704700BF08B5806B49
:1046E0000368596990F83920212A0BD0596990F84C
:1046F0003A20222A16D0C36B43F01003C363FFF79E
:10470000EBFF08BD0906F1D50022C284DA6820213A
:1047100022F0C002DA6080F83910596990F83A2026
:10472000222AE8D14A06E6D50022C285DA6822F4B8
:104730009072DA605A69202122F001025A6180F8F1
:104740003A10D8E703681A6870B51607DD6859692A
:1047500004460CD1910601D5AE0658D4100601D5F9
:1047600029062DD4560601D5680645D470BD11F032
:10477000010163D115F4907FF0D0D0070AD5EE0582
:1047800040F19080E06B560740F00100E06346D5B1
:10479000002957D1E16B0029E8D0920602D5AE0678
:1047A00000F18A805A69E16B02F0400201F00801D1
:1047B00052EA01054FD12046FFF78EFFE56370BD39
:1047C00094F83920212AD1D1A168226AB1F5805FFD
:1047D00077D0511C216212785A60E28C013A92B271
:1047E000E284002AC2D1DA6822F08002DA60DA6854
:1047F00042F04002DA6070BDDA68202122F0400207
:10480000DA60204684F8391022F022FD70BDBDE840
:104810007040FFF71DBFEE05B4D4500712D49607C1
:1048200044D50029B6D0E16B100741F00401E163E3
:10483000B0D5E16B41F00801E163ABE7D007EAD402
:1048400051072CD5E16B960741F00201E163EAD4F0
:1048500011079FD5EDE7DA6822F49072DA605A69A1
:10486000202122F001025A6184F83A105A69550653
:1048700011D55A69606B22F040025A6158B1174B4A
:104880000365FCF7E5F900283FF470AF606BBDE805
:104890007040036D18472046FFF71EFF70BD91075B
:1048A000C1D4D5E750073FF575AFB8E710077FF5DE
:1048B00071AF0029BDD16DE72046FFF7C9FE23681F
:1048C00070E711882069C1F30801596010B90232FC
:1048D000226282E7013222627FE700BFE1480108DD
:1048E00008B5806B0023C385C384FFF7F5FE08BDC0
:1048F00084B00DF1040C8CE80E00069B012B2ED128
:10490000836B0D9A23F480338363C36823F4840399
:1049100023F04003C360C368012A23F44013C3603B
:1049200035D01D4B013B0CD00269002AFADA02692E
:10493000194B42F001020261013B02D00269D1072A
:10494000FAD4049B012B07D1836843F006038360EC
:10495000836843F020038360002004B07047C2687E
:104960000D4B42F04002C260013B0CD00269002AAC
:10497000FADA0269084B42F001020261013B02D0FF
:104980000269D207FAD44FF480338363D9E7C3684E
:1049900043F48013C360C4E7410D030003460020C5
:1049A0009A6842F001029A60704700BF03460020F7
:1049B0009A6822F001029A60704700BF08B5C36888
:1049C000012923F0C043C36009D019B9C36843F07B
:1049D0008043C3603220FBF755F8002008BDC36850
:1049E00043F00053C3603220FBF74CF8002008BDB1
:1049F00084B02DE9704307AC84E80E00119C0A9D39
:104A0000836B002C40F08B8043F4001383630023FE
:104A1000C0F8003E0C9BD0F80028C0F80028012BFD
:104A200000F5006C00F09280D0F8003843F00303EA
:104A3000C0F800384FF4846303614B4B013B02D054
:104A400002699606FAD410230361474B013B02D05A
:104A50000269D206FAD400224FF0FF33CCF81020BE
:104A6000CCF81420CCF81830CCF81C2071B300F529
:104A7000106396464FF090494FF0FF081E680132D0
:104A8000002EB4BFC3F80090C3F800E08A42C3F818
:104A900010E0C3F8088003F12003EFD1002200F5F5
:104AA000306396464FF090494FF0FF081E68013280
:104AB000002EB4BFC3F80090C3F800E08A42C3F8E8
:104AC00010E0C3F8088003F12003EFD1DCF81030C8
:104AD000012D23F48073CCF8103024D000226FF025
:104AE0008043826143611DB9836943F01003836190
:104AF00081691E4B0D9A0B4383611AB1836943F0A0
:104B000008038361012C05D1836943F0804343F09E
:104B100004038361BDE87043002004B0704743F490
:104B20000023836373E7124BCCF83030DCF830306D
:104B300043F4803343F00303CCF8303000226FF0AD
:104B40008043DCF8301082614361D1E7099B23B9CF
:104B5000D0F80038C0F800386CE7D0F8003843F0DF
:104B60000103C0F8003865E7410D030000383C80C0
:104B700000018000890141F02001064A0161013AEB
:104B800005D0036913F02003F9D1184670470320BC
:104B9000704700BF410D030000F50062D0F808081F
:104BA00010F0060014D0936803F00603022B0ED019
:104BB000936803F00603062B09D0906800F0060006
:104BC000A0F10400B0FA80F04009400070470320D3
:104BD000704700BF10B54C7891F800C00123012C3C
:104BE00000F5006E03FA0CF34FEA4C1219D0DEF810
:104BF0001C4000F5306044EA0343CEF81C30835873
:104C00001B040CD48B688458C978C3F30A0323436C
:104C100043EA814343F0805343F400438350002030
:104C200010BDDEF81C409BB2234300F51060CEF8A7
:104C30001C3083581C04F2D48B688458C978C3F3A1
:104C40000A03234343EA814343EA8C5343F08053EE
:104C500043F400438350002010BD00BF10B44A78D5
:104C600091F800C0012A4FEA4C1326D000F53062BB
:104C7000D118D45824F40044D4504FF00064D450D8
:104C80004FF08044D450224B013B3DD08A68D2067D
:104C9000FAD4D0F8043843F48063C0F80438D0F86C
:104CA0001C384FF4803202FA0CF223EA0203C0F8F7
:104CB0001C3800205DF8044B704700F51062D118D5
:104CC000D45824F40044D4504FF00064D4504FF032
:104CD0008044D4500E4B013B16D08A685400FAD45D
:104CE0004FF484620A4B0261013B02D002699106D3
:104CF000FAD40123D0F81C2803FA0CF39BB222EA61
:104D00000303C0F81C38D4E703205DF8044B704758
:104D1000410D03002DE9704F82B0CC7801944C789E
:104D20000D784B69012C4FEA451C4DD000F5306ED3
:104D30000EEB0C048D68D4F810806FF31208C4F8E1
:104D40001080D4F810806FF3DC48C4F810808BB367
:104D5000DFF8A0812B44013BB3FBF5F308EAC3481D
:104D60009BB203FB05F5236948EA0303236123692A
:104D7000C5F312051D432561012A04BFCB68636199
:104D8000019B012B0CD1D0F8083813F4807F5EF81A
:104D90000C300CBF43F0005343F080534EF80C30FE
:104DA0005EF80C3043F004434EF80C30002002B0A3
:104DB000BDE8708F2369C5F312051D432561236982
:104DC00043F400232361D7E700F5106808EB0C0ECD
:104DD000002B3FD1DEF810406FF3DC44CEF81040DA
:104DE000DEF8104044F40024CEF81040DEF8104005
:104DF000012A6FF31204CEF8104002D10C69CEF8EC
:104E00001440019C012C55D1D0F8084814F4807F3F
:104E100058F80C400CBF44F0005444F0805448F85B
:104E20000C4058F80C4044F0044448F80C40002A68
:104E3000BCD19BB203339A08B8D0CB6800F5805040
:104E400000EB053003EB820153F8042B026099421A
:104E5000FAD1ABE7DEF810908E686FF31209CEF846
:104E60001090DEF810906FF3DC49CEF81090DFF868
:104E70008490DEF810B006EB030A0AF1FF3ABAFBA1
:104E8000F6FA09EACA4949EA0B09CEF81090DEF8A9
:104E900010A0019EC3F3120949EA0A09012ECEF8B7
:104EA000109011D0012A21D0D0F83438AC401C43E6
:104EB000C0F8344858F80C30002043F0044348F858
:104EC0000C3002B0BDE8708FDEF8104024F0C04412
:104ED000CEF81040DEF81040012A44F00054CEF81D
:104EE000104091D10C69CEF814408DE70B69CEF8D3
:104EF0001430DFE70000F81F4B7870B50C784D696F
:104F0000012B4FEA441C26D000F5306000EB0C0367
:104F10008C681E696FF312061E611E696FF3DC4612
:104F20001E61B5B91D6945F400251D611D69012A81
:104F3000C4F3120408BFCA6844EA05041C6108BF30
:104F40005A6150F80C3043F0044340F80C30002014
:104F500070BD4C61E6E700F5106606EB0C039DB3EF
:104F6000D3F810E06FF3120EC3F810E0D3F810E09E
:104F70006FF3DC4EC3F810E0D1F808E0AE453CBF5B
:104F8000C1F814E07546D3F810E04EF4002EC3F8D3
:104F900010E0D3F810E0C5F3120545EA0E051D61D7
:104FA00056F80C50012A45F0044546F80C501FD025
:104FB0004B69002BCBD0D0F834280123A3401343F6
:104FC000C0F83438002070BD1D696FF3DC451D61E9
:104FD0001D6945F400251D611D696FF312051D61F2
:104FE00056F80C50012A45F0044546F80C50DFD124
:104FF0000A695A61002070BD10B49DF804406CB974
:1050000003339B080AD000F5805000EB023201EB1D
:10501000830351F8040B10608B42FAD100205DF835
:10502000044B7047033292080AD000F5805C01EB14
:105030008200DCF8003041F8043B8842F9D1704727
:10504000084670474A780B78012A4FEA43130ED07E
:1050500000F53060C258002A03DBC25822F08042BB
:10506000C250C25842F40012C2500020704700F5EE
:105070001060C258002AF0DAF3E700BFCB780A7854
:10508000497801290CBF00F5106000F5306052012D
:10509000023B8158DBB221F40011012B815003D86F
:1050A000835843F08053835000207047D0F8003875
:1050B00023F4FE63C0F80038D0F80038090101F489
:1050C000FE611943C0F800180020704708B5034678
:1050D0000320D3F8042822F00202C3F80428FAF7C8
:1050E000D1FC002008BD00BF08B503460320D3F85B
:1050F000042842F00202C3F80428FAF7C3FC002097
:1051000008BD00BF4269806910407047D0F8183868
:1051100000F50060C0691840000C7047D0F81838DE
:1051200000F50060C069184080B2704700F5306338
:1051300003EB411300F500609A6840691040704726
:10514000D0F81028D0F8343800EB4110CB40DB0108
:10515000D0F80809DBB2134318407047406900F0EB
:1051600001007047D0F8002900F500636FF30A02D0
:10517000C0F800299A6802F00602042A05D1D0F886
:10518000002942F00302C0F800295A6842F48072F4
:1051900000205A60704700BF10B40024C0F8104BC4
:1051A000D0F8104B44F40024C0F8104BD0F8104B4A
:1051B00044F01804C0F8104BD0F8104B012944F00B
:1051C000C044C0F8104B05D14FF08021C0F8142B1B
:1051D000C0F8001B00205DF8044B704700F1080385
:1051E0004FF0FF310022C0E90131C0E90333026012
:1051F000704700BF00230361704700BF4268036827
:1052000010B494680133C1E90124616091605DF8D4
:10521000044B08610360704730B40D686B1C10D0FC
:1052200000F108031C465B681A68AA42FAD90268B2
:105230004B60013299608C606160086130BC026033
:10524000704704696368F2E7036910B4D0E901129A
:105250005C688A608442516008BF5A601A685DF8D1
:10526000044B0021013A01611A601868704700BFC1
:10527000036C70B5856B04462BB90668013546B3DF
:105280001846A56370BD164682B91A464068ECF709
:10529000BFFE6368216CA2680B449342636024BF25
:1052A0002368636001350020A56370BD1A46C0689D
:1052B000ECF7AEFE226CE36851429B1A2268E36071
:1052C000934202D2A3680B44E360022E06D001355C
:1052D000E9E7806801F07CF9A660D2E7012D38BFCC
:1052E00001250020CDE700BF70B50546F7F7CAFCE1
:1052F00095F845305CB2002C14DD05F1240603E07E
:10530000631EDAB25CB26AB16B6A304653B101F027
:1053100049F80028F4D001F0D7F8631EDAB25CB285
:10532000002AF1D1FF2385F84530F7F7CDFCF7F7D8
:10533000A9FC95F844305CB2002C14DD05F1100690
:1053400003E0631EDAB25CB26AB12B69304653B136
:1053500001F028F80028F4D001F0B6F8631EDAB2A4
:105360005CB2002AF1D1FF2385F84430BDE87040DB
:10537000F7F7AABC38B5E0B104460D46F7F782FC52
:10538000D4E90F232168616003FB02F2D31A0A44B7
:10539000A2600022A2630B44FF2284F84420E36051
:1053A00084F8452075B92369C3B9F7F78DFC01204E
:1053B00038BD4FF0500383F31188BFF36F8FBFF3F5
:1053C0004F8FFEE704F11000FFF708FF04F12400FF
:1053D000FFF704FFF7F778FC012038BD04F1100057
:1053E00000F0E0FF0028E0D04FF0E0234FF08052C3
:1053F000C3F8042DBFF34F8FBFF36F8FD5E700BF06
:1054000040B94FF0500383F31188BFF36F8FBFF3A0
:105410004F8FFEE770B5044601FB00F048300D46A3
:1054200001F084FC064648B155B100F14803C6E9D5
:105430000F45336001213046FFF79CFF304670BDB9
:105440000346F4E7F0B585B0019200287ED00E4601
:105450001D460446002969D0022D0BD1E36B012BB8
:1054600008D04FF0500383F31188BFF36F8FBFF361
:105470004F8FFEE701F04AF8002870D0F7F702FCE2
:10548000A26BE36B9A4276D3022D74D000221746AA
:105490000EE0F7F719FC2046FFF726FF00F0E2FECA
:1054A000F7F7F0FBA16BE36B99424FF0010262D377
:1054B0000198002876D0002A44D0F7F705FC00F0C8
:1054C00085FDF7F7DFFB94F84430FF2B08BF84F825
:1054D000447094F84520FF2A08BF84F84570F7F718
:1054E000F3FB01A902A800F0ADFF00285ED1F7F799
:1054F000C9FBA26BE36B9A42CBD1F7F7E5FB0199AD
:1055000004F1100000F034FF2046FFF7EDFE00F03C
:10551000A9FE0028C4D14FF0E0234FF08052C3F819
:10552000042DBFF34F8FBFF36F8FB9E7036C002BD0
:1055300092D04FF0500383F31188BFF36F8FBFF306
:105540004F8FFEE702A800F071FFB6E74FF050035F
:1055500083F31188BFF36F8FBFF34F8FFEE7019B7B
:10556000002B8BD04FF0500383F31188BFF36F8F64
:10557000BFF34F8FFEE72A4631462046FFF778FEFD
:10558000636ACBB948B14FF0E0234FF08052C3F8C3
:10559000042DBFF34F8FBFF36F8FF7F795FB0120FB
:1055A00005B0F0BDF7F790FB0020F9E72046FFF7C4
:1055B0009BFE00F057FEF7E704F1240000F0F2FE36
:1055C0000028EAD0DFE700BF002847D02DE9F041EE
:1055D0000E4617461D46044621B3022D0BD1E36B40
:1055E000012B08D04FF0500383F31188BFF36F8F66
:1055F000BFF34F8FFEE7F7F761FCEFF311884FF031
:10560000500383F31188BFF36F8FBFF34F8FA26BEB
:10561000E36B9A4212D3022D10D0002088F3118838
:10562000BDE8F081036C002BD7D04FF0500383F31B
:105630001188BFF36F8FBFF34F8FFEE72A4694F8B0
:10564000455031466DB22046FFF712FE6B1C0ED05E
:105650006B1C5BB284F845300120DFE74FF050034C
:1056600083F31188BFF36F8FBFF34F8FFEE7636A39
:10567000002BF1D004F1240000F094FE0028EBD0C0
:10568000002FE9D001233B60E6E700BF60B3036C65
:1056900070B5044643B14FF0500383F31188BFF354
:1056A0006F8FBFF34F8FFEE703680D462BB3F7F7FD
:1056B00005FCEFF311864FF0500383F31188BFF31D
:1056C0006F8FBFF34F8FA36BE26B9A4221D994F88F
:1056D00045200133FF2AA36353B21ED001335BB2CE
:1056E00084F84530012015E04FF0500383F3118812
:1056F000BFF36F8FBFF34F8FFEE78368002BD6D0C9
:105700004FF0500383F31188BFF36F8FBFF34F8FB8
:10571000FEE7002086F3118870BD636A002BE1D09C
:1057200004F1240000F03EFE0028DBD0002DD9D08B
:1057300001232B60D6E700BFF0B585B001920028A9
:1057400000F084800E460446002941D000F0DEFEC1
:10575000002849D0F7F796FAA56B002D7FD1019B61
:105760008BB302A800F062FE2F46F7F7ADFA00F007
:105770002DFCF7F787FA94F84430FF2B08BF84F824
:10578000447094F84530FF2B08BF84F84570F7F754
:105790009BFA01A902A800F055FE002830D1F7F7C6
:1057A00071FAA36B002B38D0F7F78EFA2046FFF77B
:1057B0009BFD00F057FDF7F765FAA56B002D4ED164
:1057C000019B002BD1D1F7F77FFA002005B0F0BD87
:1057D000036C002BBAD04FF0500383F31188BFF352
:1057E0006F8FBFF34F8FFEE7019B002BB2D04FF0BE
:1057F000500383F31188BFF36F8FBFF34F8FFEE722
:105800002046FFF771FD00F02DFDF7F73BFAA36B83
:10581000002BD8D0F7F758FACDE7F7F755FA0199EA
:1058200004F1240000F0A4FD2046FFF75DFD00F028
:1058300019FD0028BFD14FF0E0234FF08052C3F88C
:10584000042DBFF34F8FBFF36F8FB4E74FF05003BA
:1058500083F31188BFF36F8FBFF34F8FFEE7226C86
:1058600052B1E168A36811449942E16024BF216804
:10587000E1603046ECF7CCFB013DA56323691BB921
:10588000F7F722FA0120A1E704F1100000F08AFDE9
:105890000028F5D04FF0E0234FF08052C3F8042DDC
:1058A000BFF34F8FBFF36F8FEAE700BFF0B585B04E
:1058B0000191002856D0066C044646B14FF05003C3
:1058C00083F31188BFF36F8FBFF34F8FFEE700F0B4
:1058D0001DFE054600284ED03546F7F7D3F9A36BD9
:1058E00000278BBB019B002B00F09A80002D5CD021
:1058F000F7F7EAF900F06AFBF7F7C4F994F84430D7
:10590000FF2B08BF84F8447094F84530FF2B08BF84
:1059100084F84570F7F7D8F901A902A800F092FDC4
:10592000002834D1F7F7AEF9A36B002B44D0F7F77A
:10593000CBF92046FFF7D8FC00F094FCF7F7A2F96A
:10594000A36B0125002BCDD02268013BA363002A65
:1059500000F082802369002B6DD1F7F7B5F90120A3
:1059600005B0F0BD4FF0500383F31188BFF36F8F84
:10597000BFF34F8FFEE7019B002B38D04FF0500351
:1059800083F31188BFF36F8FBFF34F8FFEE720467D
:10599000FFF7AAFC00F066FCF7F774F9A36B43B9B4
:1059A000F7F792F92EBB0020DAE702A800F03EFDDF
:1059B0009EE7F7F789F9C1E7F7F786F9236833B36C
:1059C000019904F1240000F0D3FC2046FFF78CFC81
:1059D00000F048FC0028B1D14FF0E0234FF0805296
:1059E000C3F8042DBFF34F8FBFF36F8FA6E72E468A
:1059F00073E7F7F747F9616A19B1236B1968C1F1C9
:105A00000701A06800F03CFEF7F75EF9CBE7F7F777
:105A100039F9A06800F08AFD0646F7F755F9CFE797
:105A2000002EF1D04FF0500383F31188BFF36F8F36
:105A3000BFF34F8FFEE704F1100000F0B3FC002825
:105A40008BD04FF0E0234FF08052C3F8042DBFF30A
:105A50004F8FBFF36F8F80E700F076FEA06079E78D
:105A60002DE9F84310B30E461746044691B1F7F7F7
:105A700025FAEFF311894FF0500383F31188BFF338
:105A80006F8FBFF34F8FA56BCDB9284689F311886F
:105A9000BDE8F883036C002BE9D04FF0500383F38B
:105AA0001188BFF36F8FBFF34F8FFEE74FF05003A6
:105AB00083F31188BFF36F8FBFF34F8FFEE794F826
:105AC0004480226C4FFA88F852B1E168A36811440F
:105AD0009942E16024BF2168E1603046ECF798FA12
:105AE000013DB8F1FF3FA56306D008F101035BB2A9
:105AF00084F844300120C9E72369002BFAD004F16F
:105B0000100000F04FFC0028F4D0002FF2D0012349
:105B10003B60EFE7F8B5214B214D1E682B6804462A
:105B2000181D0F46FFF790FB40B92B681D49DB6A33
:105B300001229A400B6823EA02030B60631C0FD01A
:105B40002B6834195C6010D2174B1868296804312F
:105B5000FFF762FB154B1A68A24200D91C60F8BD22
:105B6000A7B92B68721E5A603EB1114B186829689C
:105B7000BDE8F8400431FFF74FBB0B4B18682968AC
:105B80000431FFF749FB094B1B68F8BD2968094838
:105B9000BDE8F8400431FFF731BB00BF14A200207C
:105BA00018A3002010A2002060A20020F8A100206D
:105BB0005CA200201CA2002080B5174D174F184E84
:105BC000DFF860804FF0E02A4FF0805914E0F7F7DB
:105BD00059F8FB68DC68201DFFF736FB3368013B92
:105BE00033602B68013B2B60F7F76EF8206B01F0F8
:105BF0002BF9204601F028F92B68002BE7D1D8F8C3
:105C00000030012B05D9CAF8049DBFF34F8FBFF3B5
:105C10006F8F0AF0C3F8EFE730A2002034A2002013
:105C200018A200208CA200202DE9F04796008046A3
:105C300030460D46994601F079F8002800F0818041
:105C40000746542001F072F80446002876D0076316
:105C500032463846A521EAF7FFFB236B043E1E447B
:105C600026F00706002D7FD005F1FF3C05F10F025D
:105C700004F133031CF8015F03F8015F0DB1944593
:105C8000F8D1002384F84330089D062D28BF06254F
:105C90004FF0000A271DE56265643846C4F848A045
:105CA000FFF7A8FAC5F1070504F11800FFF7A2FAFB
:105CB000C4F84CA0A56184F850A0246164624A46EF
:105CC00041463046F6F7B6FF099B206003B11C60E1
:105CD000F6F7D8FF384A394D1368013313602B6843
:105CE000002B38D0364EE06A336873B3DFF8F480A7
:105CF000344A3946344F3B6801333B60176801230F
:105D0000834000EB80003B4308EB80001360FFF70B
:105D100075FAF6F7D9FF336873B12A68E36AD26A75
:105D20009A4209D24FF0E0234FF08052C3F8042D7D
:105D3000BFF34F8FBFF36F8F012004E0384601F0AF
:105D400083F84FF0FF30BDE8F0872B68DB6A8342B1
:105D500098BF2C60CAE72C601368012B07D0E06A5B
:105D6000DFF88080164EC3E784F834508CE7DFF804
:105D70007480464608F18C0930461436FFF72EFA37
:105D8000B145F9D1DFF86090104E4846FFF726FA8A
:105D90003046FFF723FA0E48FFF720FA0D48FFF7C9
:105DA0001DFA0D48FFF71AFA0C4BE06AC3F8009091
:105DB0000B4B1E60024E9BE718A2002018A3002088
:105DC0000CA2002010A20020FCA1002064A2002050
:105DD00048A2002034A200201CA2002060A20020C3
:105DE0005CA200208CA2002078A2002070B504469E
:105DF000354DF6F747FF002C4DD0261D3046FFF7F6
:105E000023FA38B9E26A314902EB82039B00CB588E
:105E1000002B2ED0A36A1BB104F11800FFF714FA6F
:105E20002B4A1368013313602B68A3422AD0294AF6
:105E3000206B1368013B136001F006F8204601F067
:105E400003F8254B1A68126872B11A68234BD2689E
:105E5000D26852681A60F6F737FF214B1B6813B1FE
:105E60002B68A34219D070BD1C4B4FF0FF321A6053
:105E7000F1E71C49012303FA02F20B6823EA02034B
:105E80000B60C7E718483146FFF7B8F9174A13689F
:105E900001331360DFE72C68AFE7154B1B6843B194
:105EA0004FF0500383F31188BFF36F8FBFF34F8F11
:105EB000FEE74FF0E0234FF08052C3F8042DBFF30C
:105EC0004F8FBFF36F8F70BD18A300208CA20020EE
:105ED000FCA1002018A2002060A20020F8A1002050
:105EE0000CA2002010A2002034A2002030A200202A
:105EF000F0A1002010B50446F6F7C4FE24B1E46A10
:105F0000F6F7E2FE204610BD034B1C68E46AF6F784
:105F1000DBFE204610BD00BF18A3002010B50446CC
:105F2000F6F7CCFFEFF311834FF0500282F31188A4
:105F3000BFF36F8FBFF34F8F1CB1E06A83F31188FB
:105F400010BD034A1468E06A83F3118810BD00BFD6
:105F500018A3002030B5174B1749184883B0002408
:105F6000CDE9004380222346FFF75EFE01280CD0D6
:105F7000013001D003B030BD4FF0500383F31188DE
:105F8000BFF36F8FBFF34F8FFEE74FF0500383F3E4
:105F90001188BFF36F8FBFF34F8F0949094A0A4B2E
:105FA0004FF0FF350D6010601C6003B0BDE830405D
:105FB000F6F7FABEF4A10020689B0308B95B01085C
:105FC000F8A100200CA2002014A20020024A1368AD
:105FD00001331360704700BFF0A10020014B186827
:105FE000704700BF14A200202DE9F04F4C4B1B68F6
:105FF00083B0002B48D14B4B1D6801351D60002D2F
:1060000050D0494B0193019B1B68AB4257D8474E78
:10601000DFF830813368DFF830911C68002C72D0D3
:10602000434F002422E0FFF70FF9DBF828200BF1A3
:1060300018000AB1FFF708F9DBF82C003B680122D1
:10604000824000EB80001A43514608EB80003A6022
:10605000FFF7D4F8D9F80030DBF82C20DB6A9A423D
:1060600028BF012433681B68002B4CD03368DB68E1
:10607000D3F80CB0DBF804200BF1040A954250462B
:10608000D1D2019B1A601FE02A4A13680133002411
:106090001360294B1B68002B0CBF2046012003B066
:1060A000BDE8F08F214B1A681268CAB14FF0500357
:1060B00083F31188BFF36F8FBFF34F8FFEE7DFF8D5
:1060C0008480DFF884900024D9F80030DB6A03EB89
:1060D00083039B0058F80330022B28BF0124D8E724
:1060E000164A186811681960154910600A6801326B
:1060F0000A601A6812685AB90B4B01931A464FF09E
:10610000FF3313607FE7019A4FF0FF331360DBE743
:106110001B68054ADB680192DB685B68136072E705
:10612000F0A1002014A20020F8A1002060A200200D
:1061300010A2002008A2002004A200205CA20020DF
:1061400000A200208CA2002018A300202DE9F84F07
:10615000F6F798FD394B1A68013A1A601B68002B54
:106160005BD1374B1B68002B57D0DFF8ECA0DAF877
:106170000030002B5ED0334DDFF8E080324FDFF887
:10618000E0900126DAF80C30DC6804F1040B04F12D
:106190001800FFF759F85846FFF756F8E06A2A68E2
:1061A00006FA00F300EB80001343594608EB800029
:1061B0002B60FFF723F83B68E26ADB6A9A4228BF4C
:1061C000C9F80060DAF80030002BDBD11F4B1A68E9
:1061D000126842BB1E4B4FF0FF321A601D4E3468EE
:1061E00044B10125FFF700FF08B1C9F80050013C98
:1061F000F8D13460D9F800307BB14FF0E0234FF094
:106200008052C3F8042DBFF34F8FBFF36F8F01246B
:10621000F6F75AFD2046BDE8F88F0024F6F754FD46
:106220002046BDE8F88F1A68094BD268D2685268D8
:106230001A60D3E7DFF82890D0E700BFF0A1002074
:1062400018A2002010A2002018A3002060A20020A5
:10625000F8A1002008A2002048A200208CA2002063
:1062600004A20020064B1B6843B94FF0500383F390
:106270001188BFF36F8FBFF34F8FFEE7FFF766BF45
:10628000F0A1002010B550B94FF0E0234FF080523C
:10629000C3F8042DBFF34F8FBFF36F8F10BD104CA9
:1062A000216841B14FF0500383F31188BFF36F8F22
:1062B000BFF34F8FFEE7236801332360FFF72AFC0B
:1062C000236843B94FF0500383F31188BFF36F8FF6
:1062D000BFF34F8FFEE7FFF739FF0028D4D010BD82
:1062E000F0A100201D4B1B681BB11D4B01221A6041
:1062F00070471B4A10B51B4C136022682368126854
:106300001B6B9A4223D9184B1B68B3FA83F3DBB299
:10631000C3F11F0303EB830314499A0001EB8303CA
:10632000885840B94FF0500383F31188BFF36F8F43
:10633000BFF34F8FFEE758680832406858600A4440
:10634000904204BF40685860C368236010BD206855
:106350002168343109F010FDD5E700BFF0A100201D
:1063600004A2002018A3002010A200208CA200206C
:1063700060B110B50A4B0C4619681831FEF74CFF96
:1063800020460121BDE81040FFF7C4BB4FF0500389
:1063900083F31188BFF36F8FBFF34F8FFEE700BF0A
:1063A00018A3002038B5C368DC6854B304F118059D
:1063B0002846FEF749FF174B1B6873B1164829465C
:1063C000FEF71CFF154BE26A1B68DB6A9A4283BF2B
:1063D000134B01201860002038BD251D2846FEF70C
:1063E00033FF104AE06A29460123156883402B4396
:1063F00013600D4B00EB800003EB8000FEF7FEFE08
:10640000E0E74FF0500383F31188BFF36F8FBFF3C2
:106410004F8FFEE7F0A1002048A2002018A3002023
:1064200004A2002010A200208CA20020034A044BEA
:1064300012681B68C0E90023704700BF00A200205B
:1064400014A20020F8B508B30D46B1B10446F6F722
:1064500019FC2B681A4A581C11682CD0DFF864C04C
:10646000D4E90060DCF80070BE4218D0884216D82B
:106470000124F6F729FC2046F8BD4FF0500383F3C2
:106480001188BFF36F8FBFF34F8FFEE74FF05003BC
:1064900083F31188BFF36F8FBFF34F8FFEE7A1EB3C
:1064A000000E734509D95B1ADCF80010126803442A
:1064B0002B60C4E900120024DBE700232B60D7E740
:1064C00014A2002000A20020014B01221A60704794
:1064D00004A2002078B1006B0378A52B11D10346EC
:1064E0009C4613F8012FA52AFAD0C0F101006044A0
:1064F000C0F38F007047044B1868006B0378A52B1E
:10650000EDD00020704700BF18A30020054B1B688A
:1065100033B1054B1868B0FA80F04009400070476D
:10652000012070470CA20020F0A10020F8B504461D
:10653000C8B1244DC36A2A68D26A934214D28269D0
:10654000002A04DB2A68D26AC2F1070282611E4E69
:10655000626903EB830306EB83039A420CD02B683A
:10656000DB6AE3620120F8BD2B68406CDB6A98426D
:106570002CBF00200120F8BD271D3846FEF764FE21
:1065800070B9E16A114A01EB81039B00F35843B9EA
:10659000012303FA01F1136823EA0103136000E009
:1065A0000A4A2B68D86AE06201231468834000EB32
:1065B00080002343394606EB80001360FEF71EFE81
:1065C000D0E700BF18A300208CA2002010A200205A
:1065D00010B3F8B5274B1B688342044608D04FF030
:1065E000500383F31188BFF36F8FBFF34F8FFEE724
:1065F0009B6C43B1C16A426C013B9142836400D001
:1066000063B10020F8BD4FF0500383F31188BFF34E
:106610006F8FBFF34F8FFEE700207047061D304697
:10662000FEF712FEA8B11448144A636CE3623146C7
:1066300001251668C3F10707A76105FA03F403EB08
:10664000830300EB830034431460FEF7D7FD284634
:10665000F8BDE36A084803EB8302920082580AB14E
:10666000064AE2E7054A01259D40136823EA05032F
:106670001360DAE718A300208CA2002010A20020EB
:1066800000283FD0836C70B504464BB1406CE26A81
:10669000814238BF01468A4201D0012B09D070BD2A
:1066A0004FF0500383F31188BFF36F8FBFF34F8F09
:1066B000FEE7224B1B68A34225D0A369E162002BB1
:1066C000A8BFC1F107011E4DA8BFA16102EB820264
:1066D000616905EB82039942E1D1261D3046FEF740
:1066E000B3FDE36AC0B10122164C9A4098001844E9
:1066F00023681343314605EB80002360BDE87040FA
:10670000FEF77CBD70474FF0500383F31188BFF351
:106710006F8FBFF34F8FFEE703EB830080000122F2
:106720002C589A4098000CB1064CE0E7054CD4F880
:1067300000C02CEA020CC4F800C0D8E718A300205F
:106740008CA2002010A20020044B1A681AB119680C
:106750008A6C01328A641868704700BF18A3002051
:106760002DE9F041204C1E46074688461546F6F7AF
:1067700089FA236893F85030022B09D02268D36C31
:1067800023EA0703D3642368012183F85010B6B9C4
:10679000F6F79AFAF6F776FA15B12368DB6C2B60F8
:1067A000236893F85030022B17D00025236800226D
:1067B00083F85020F6F788FA2846BDE8F081304685
:1067C000FFF7A8F94FF0E0234FF08052C3F8042DF3
:1067D000BFF34F8FBFF36F8FDAE72268D36C23EAE2
:1067E00008030125D364E1E718A30020F8B5F8B148
:1067F0001E460F4615460446F6F744FA0EB1E36C02
:10680000336094F850600223F6B284F85030042DBF
:1068100050D8DFE805F006161A050300022E36D020
:10682000E764012E15D00124F6F74EFA2046F8BD94
:106830004FF0500383F31188BFF36F8FBFF34F8F77
:10684000FEE7E36C3B43E364EBE7E36C0133E364B3
:10685000E7E7251D2846FEF7F7FC1C4AE06A2946B3
:10686000156806FA00F32B431360194B00EB800008
:1068700003EB8000FEF7C2FCA36A53B14FF0500354
:1068800083F31188BFF36F8FBFF34F8FFEE70024B0
:10689000CAE7104BE26A1B68DB6A9A42C3D94FF021
:1068A000E0234FF08052C3F8042DBFF34F8FBFF3A6
:1068B0006F8FB8E7E36C0133B3D04FF0500383F32D
:1068C0001188BFF36F8FBFF34F8FFEE710A2002038
:1068D0008CA2002018A3002058B32DE9F0410F46E8
:1068E00015461E460446F6F7E9FAEFF311884FF015
:1068F000500383F31188BFF36F8FBFF34F8F0EB137
:10690000E36C336094F850600223F6B284F85030A0
:10691000042D56D8DFE805F006161A050300022EEE
:1069200023D0E764012E15D0012088F31188BDE83B
:10693000F0814FF0500383F31188BFF36F8FBFF3E3
:106940004F8FFEE7E36C3B43E364EBE7E36C01331B
:10695000E364E7E7A36A53B14FF0500383F3118870
:10696000BFF36F8FBFF34F8FFEE70020DDE71B4BB8
:106970001B6803BB251D2846FEF766FCE06A184B22
:10698000184A864000EB800002EB80001A68294616
:1069900016431E60FEF732FC134BE26A1B68DB6A8B
:1069A0009A42C1D9069B13B1069A012313600F4B7B
:1069B00001221A60B8E70E4804F11801FEF71EFC28
:1069C000EAE7E36C0133ADD04FF0500383F3118855
:1069D000BFF36F8FBFF34F8FFEE700BFF0A1002022
:1069E00010A200208CA2002018A3002004A20020E6
:1069F00048A2002008B5FFF7ADFA002008BD00BF8F
:106A000010B584460B46BCF81020DCF80010BCF929
:106A100008C0406884B0BCF1840F14BF0CF10304BB
:106A20000024009403AC0194FFF7FEF801280CBF8A
:106A30000398002004B010BD08B5EFF3058333B10F
:106A4000FFF76CFA062806D8033800B208BDFFF736
:106A500051FA0628F8D9842008BD00BF08B50128DE
:106A600038BF0120FFF70EFC002008BD00B5002351
:106A700085B0CDE90233EFF30583BBB102AB0093E0
:106A8000012203ABFFF728FF012815D1029B4BB170
:106A90004FF0E0234FF08052C3F8042DBFF34F8F27
:106AA000BFF36F8F039805B05DF804FB03AB0122C1
:106AB000FFF79CFE0128F5D04FF00040F3E700BF40
:106AC00030B585B0002304460293EFF3058048B14A
:106AD0008223019304AB13E9070084E807002046F2
:106AE00005B030BD1346154602AAFFF739FE01284E
:106AF00004D02B1E18BF01239B01EAE7029B002B49
:106B0000B4BF86230823E4E7012910B502D000248E
:106B1000204610BD084603220021FEF771FC044602
:106B20000028F5D000231A461946FEF78BFC2046B4
:106B300010BD00BF00B583B00023019310B3EFF385
:106B40000582AAB101AA1946FEF78AFF012815D1CC
:106B5000019B8BB14FF0E0234FF08052C3F8042D1E
:106B6000BFF34F8FBFF36F8F002003B05DF804FBBE
:106B7000FEF79CFE012801D10020F6E7FF2003B0BC
:106B80005DF804FB802003B05DF804FB00B583B022
:106B900000230193EFF30583A3B101A9FEF776FD6E
:106BA000012815D1019B4BB14FF0E0234FF08052EB
:106BB000C3F8042DBFF34F8FBFF36F8F002003B0D6
:106BC0005DF804FB1A461946FEF73CFC0128F5D097
:106BD000FF2003B05DF804FBD0E900010022FEF7BE
:106BE0000FBC00BF10B584B0002401910394EFF3F3
:106BF0000583ABB1234603AA01A9FEF7E5FC0128F2
:106C000016D1039B4BB14FF0E0234FF08052C3F8F5
:106C1000042DBFF34F8FBFF36F8F002004B010BD62
:106C2000012A38BF012201A9FEF70CFC0128F4D08B
:106C3000FF2004B010BD00BF30B50B4685B0002169
:106C4000CDE9021304468BB30091EFF3058199B9A6
:106C500002A918461546FEF76FFD012829D02A1E05
:106C600018BF01229201019204AB13E9070084E8E6
:106C70000700204605B030BD18466A4602A9FEF757
:106C8000EFFEA0F10100B0FA80F04009009B000186
:106C90000190002BE8D04FF0E0234FF08052C3F872
:106CA000042DBFF34F8FBFF36F8FDDE78023019378
:106CB000DAE710230193D7E708B5FFF727FC01288F
:106CC00000D108BDBDE80840F6F744B810B4154B34
:106CD0001A461B688342FBD35468416802EB040CDC
:106CE000604513D04418A34206D00360824218BF07
:106CF00010605DF8044B70470B4C2468A342F4D03D
:106D0000D3E90034214403604160EFE72144501887
:106D100083425160EDD1044800688342E9D01046B7
:106D2000EEE700BF2CA3002028A300202DE9F843A4
:106D30003E4E0446FFF74AF93368002B58D03C4BCF
:106D40001D682C422ED16CB304F1080160071CBFF2
:106D500021F00701083129B3DFF8E880D8F8007086
:106D60008F421FD33348046803E0236823B12046D1
:106D70001C4662688A42F8D33368A34212D0531A81
:106D80002668D0F800900660102B16D960184207CC
:106D90000ED04FF0500383F31188BFF36F8FBFF312
:106DA0004F8FFEE7FFF75EFA00263046BDE8F88316
:106DB00043606160FFF78AFF62681F4B1968BF1A62
:106DC0008F4238BF1F602A430023C4E9003209F113
:106DD0000806C8F80070FFF745FA7307E5D04FF0D2
:106DE000500383F31188BFF36F8FBFF34F8FFEE71C
:106DF000124B134A10490E4F5D0718BF07330D4D54
:106E000022F0070218BF23F007032B601846D31A9D
:106E10000B600C4932600B60002169604FF0004547
:106E2000C2E900113D60C0E900238AE728A30020E1
:106E30001CA300202CA3002020A300200000001091
:106E4000F8FF001024A30020D0B11A4A50F8043CE7
:106E5000126813420BD050F8081C91B14FF0500348
:106E600083F31188BFF36F8FBFF34F8FFEE74FF0AF
:106E7000500383F31188BFF36F8FBFF34F8FFEE78B
:106E8000704700B523EA020383B040F8043C019048
:106E9000FFF79CF8084A0198116850F8043C08383C
:106EA0000B441360FFF712FF03B05DF804EBFFF72C
:106EB000D9B900BF1CA3002024A30020014B1868EF
:106EC000704700BF20A30020A0B1D0F8B83213B1A2
:106ED0000023C0F8B832D0F8CC3213B10023C0F888
:106EE000CC3209B1C0F8B412012380F89C32027090
:106EF000F7F714BE0320704730B583B00024ADF817
:106F0000064059B18B6AC0F8B81205460DF106006B
:106F10009847C5F8CC02204603B030BD032003B02B
:106F200030BD00BFF7F736BED0F8B8320BB11B68E2
:106F300018470320704700BF08B5D0F8B8320BB12E
:106F40005B689847002008BD38B5044600F2AA25C2
:106F5000284600F089FB94F8AA12B4F8B022C4F8CD
:106F600098220123C4F8943201F01F03012B0ED0A4
:106F7000022B06D08BB929462046BDE8384000F0E8
:106F8000F9B829462046BDE8384000F0CBBA29467A
:106F90002046BDE8384000F08FBA204601F080015D
:106FA000BDE83840F7F71CBE10B5044631B91346AA
:106FB000D0F89422032A0ED0002010BDD0F8B832A9
:106FC0009B6933B190F89C22032A02D1BDE810409E
:106FD0001847032010BDD0E9571291420DD8D0F8C0
:106FE000B8321B6923B190F89C22032A00D198473C
:106FF000204600F0A5FB0020DFE7891A8A4228BF5F
:107000000A46C0F85C11194600F092FBD4E700BFB5
:1070100070B5044669B91346D0F89422022A15D0F7
:1070200094F8A032012B02D1002384F8A032002072
:1070300070BDD0F8B8325B6933B190F89C22032A56
:1070400002D1BDE870401847032070BDD0E9072683
:10705000B2420D4610D81ED0D4F8B832DB681BB14E
:1070600094F89C22032A13D080212046F7F7B8FD1C
:10707000204600F071FBD3E7921BC261194600F075
:1070800041FB2B462A4629462046F7F7EDFDC7E788
:1070900020469847E8E783699A42DDD8D0F89822DD
:1070A0009342D9D20A4600F02DFBC4F89852E8E783
:1070B000D0F8BC320021012270B5044680F89C2231
:1070C000C0F894124160C0F8A4121BB1D0F8B832D5
:1070D0005B68984700224025114601264023204640
:1070E000F7F764FDA4F86461C4F860512B460022F0
:1070F00080212046F7F75AFD0020A684256270BD46
:1071000001740020704700BF90F89C2280F89D22F7
:10711000042380F89C320020704700BF90F89C3216
:10712000042B04BF90F89D3280F89C3200207047F9
:1071300090F89C22032A01D00020704708B5D0F8AF
:10714000B832DB6903B19847002008BD00207047C2
:107150000020704700207047D0F8B822012180F845
:107160009C122AB108B5526801799047002008BDE9
:107170000020704730B50B7803F06003202B83B0FC
:107180000D46044628D0402B26D05BB180212046F6
:10719000F7F726FD00212046F7F722FD00252846B7
:1071A00003B030BD4B78092BF0D801A252F823F080
:1071B00021720108497201088D7101086772010886
:1071C0008D7101086F720108A97201088D710108A3
:1071D000DD720108EB710108D4F8B8329B682946CA
:1071E000204603B0BDE8304018478978B14D0129E9
:1071F000297000F2318190F89C32022B00F013814B
:10720000032B00F0EE808021F7F7EAFC00212046F6
:10721000F7F7E6FC29782046FFF78EFE0325BEE748
:1072200090F89C32013B022BB0D8CA88022AADD11B
:10723000D0F8A4320146002B0CBF0123032341F8F0
:107240000C3F00F051FAA9E790F89C32013B022B69
:107250009CD84B88012BA1D10023C4F8A43220462E
:1072600000F06EFA9AE74B88012B97D1F5E78B88EF
:10727000002B8BD1CB88002B88D14B887F2B85D8D6
:1072800090F89C22032A81D0DDB280F89E522946D4
:10729000F7F7D2FC204600F053FA002D00F0FC80F6
:1072A000022384F89C3279E74A88130A0021013BC3
:1072B000ADF80610062B3FF669AF01A151F823F097
:1072C0008173010867730108557301088D71010806
:1072D0008D7101083F73010803730108CA88012AF0
:1072E0007FF454AF90F89C32022B00F2AE80002B5A
:1072F0003FF44CAF0146002341F8083F00F0F4F999
:107300004CE7037C002B7FF441AFD0F8B8320DF18D
:1073100006001B6B984707234370EB88002B9ED019
:10732000BDF80620002A3FF431AF9A4228BF1A4622
:1073300001462046ADF8062000F0D6F92EE7037C82
:10734000002B7FF423AFD0F8B8320DF106005B6B51
:107350009847E2E7D1B2052900F2A280DFE801F008
:107360003B352F231829027CD0F8B832002A40F090
:1073700085809B6A0DF10600984702234370CCE795
:10738000D0F8B432007C1B680DF106019847C4E7C1
:10739000D0F8B4325B69002B3FF4F8AE207C0DF1DD
:1073A00006019847B9E7D0F8B4321B69002BF5D134
:1073B000ECE6D0F8B4329B69002BEFD1E6E6D0F8CA
:1073C000B432DB68002BE9D1E0E6D0F8B4329B6838
:1073D000002BE3D1DAE6D0F8B4325B68002BDDD1C4
:1073E000D4E6002940D0416801293FF438AFC9B242
:1073F000FFF7A2FD297861602046FFF795FD05465D
:1074000000283FF42CAF80212046F7F7E9FB00214C
:107410002046F7F7E5FB21792046FFF78DFD022393
:1074200084F89C32BBE600293FF419AF012141608A
:10743000FFF77AFD054640B380212046F7F7D0FBE1
:1074400000212046F7F7CCFBA9E6032B7FF49EAE84
:10745000011D00F049F9A1E68021F7F7C1FB0021E9
:107460002046F7F7BDFBD9E6022380F89C32416045
:10747000FFF762FD204600F063F98FE6DB6A0DF14D
:10748000060098470223437047E7204600F058F96A
:10749000032384F89C3281E6012384F89C327DE644
:1074A000D0F8B8329B6B002B3FF470AE0DF10602A2
:1074B000984732E734A3002070B50B785A060D4682
:1074C00004460DD503F06002402A09D08021F7F769
:1074D00087FB00212046F7F783FB0026304670BD6E
:1074E00094F89C32013B022B12D82B79012B0FD838
:1074F000D4F8B83229469B6820469847EB88064660
:10750000002BEBD10028E9D1204600F019F9E5E77E
:1075100080212046F7F764FB00212046F7F760FB47
:10752000DBE700BF70B50B788A8803F06003202B7F
:107530000C4605463AD0402B38D04BB18021284626
:10754000F7F74EFB00212846F7F74AFB002070BDF5
:107550006378012BD1B242D0032B2FD0002BEDD179
:1075600090F89C32022B58D0032BE7D101F00F0387
:1075700003EB8303120600EB83035DD4B3F864319D
:10758000002BDBD0142404FB010404F5AA740029A9
:107590005FD02846F7F73CFB002860D0012323602A
:1075A00002222146284600F09FF8CFE7D5F8B832EE
:1075B000214628469B68BDE87040184790F89C32E9
:1075C000022B21D0032BB9D1638823B94A0602D0FC
:1075D000E388002B45D0284600F0B2F8B6E790F8D3
:1075E0009C32022B10D0032BA8D16388002BADD185
:1075F0004E0631D1284600F0A3F8D5F8B83221461E
:107600009B6828469847A1E74B0697D0F7F7E8FA1A
:1076100080212846F7F7E4FA98E748068ED111064C
:107620004CBF05F1140105F5AA7100230B6002227D
:10763000284600F059F889E79B8C002B3FF47EAF79
:1076400001F07F04013404EB8404802900EB8404FE
:107650009FD100232360A3E7F7F7CEFACAE72060A3
:107660009EE7F7F7BDFAB6E70B7803704B784370E7
:107670004B8843808B888380CB88C380704700BF52
:1076800010B580210446F7F7ABFA20460021BDE88B
:107690001040F7F7A5BA00BF08B370B503780E46DF
:1076A00014460546E3B10130E8F76AFE431CDBB23D
:1076B00001335B00DAB223800323327073702C78BD
:1076C00064B12846022300215A1CD2B2F454B154AA
:1076D00010F8014F0233DBB2002CF5D170BD7047BA
:1076E00002221346E7E700BF08B513460A46022107
:1076F000C0E90633C0F894120021F7F7A9FA002078
:1077000008BD00BF08B513460A460021F7F7A0FAE6
:10771000002008BD08B513460A460321C0E95633C8
:10772000C0F894120021F7F79FFA002008BD00BFAF
:1077300008B513460A460021F7F796FA002008BD5F
:1077400008B504220023C0F8942219461A46F7F718
:107750007FFA002008BD00BF08B505220023C0F84D
:10776000942219461A46F7F77FFA002008BD00BF99
:10777000D0F8C03283B110B5D0F8BC4294F84000C4
:10778000FF2807D09B6894F8412021469847FF23A3
:1077900084F84030002010BD002070476A23038029
:1077A00000487047B00B00200A2303800048704750
:1077B000580C0020012970B5D0F8BC6204460D4673
:1077C00015D0032911D1683629462046F7F758FA13
:1077D000D4F8BC32706043B1D4F8C0322A46DB68BA
:1077E000311D00209847002070BD032070BD503629
:1077F000EAE700BF38B5D0F8BC52D0F8C4427DB338
:1078000001EB810200EB82028C4693694BB1C1EB24
:10781000C10E04EB8E04246CB3FBF4FE04FB1E3398
:107820003BB1BCF1010F09D0BCF1030F0FD0002018
:1078300038BD93611A46F7F70BFAF8E7094B0022B7
:10784000186885F84C200321FFF7CCF9EFE7054BCA
:107850000022186885F864200421FFF7C3F9E6E7E1
:10786000032038BD14E7002070B582B00B78D0F843
:10787000BC6200228DF80520ADF8062013F06002EE
:107880000C4605461AD0202A06D028462146FFF786
:10789000F7FE032002B070BDCA8891F801C05AB348
:1078A0001B064AD5D5F8C03231469B6860469847DA
:1078B000E28831462846FFF717FF22E04B780B2B72
:1078C000E3D801A252F823F00979010803790108ED
:1078D0008B7801088B7801088B7801088B78010878
:1078E0008B7801088B7801088B7801088B78010868
:1078F000277901081D790108D0F8C03260469B68DD
:107900009847002002B070BD90F89C32032BBCD188
:1079100002220DF10601FFF7E7FEF2E790F89C3234
:10792000032BEED0B1E790F89C32032BADD10122AE
:107930000DF10501FFF7D8FEE3E786F840C086F8B1
:1079400041203146FFF7E6FEDBE700BF38B50446CD
:1079500000258121F7F738F9012125872046F7F71F
:1079600033F98221A4F878512046F7F72DF98321C5
:10797000E5642046F7F728F90321A4F86050204673
:10798000F7F722F9D4F8BC32A4F8A0514BB1D4F8DF
:10799000C0325B689847D4F8BC02EAF731FBC4F800
:1079A000BC52002038BD00BF70B504467420EAF711
:1079B0001FFB0546C4F8BC02C8B3012640230222BF
:1079C00081212046F7F7F2F831464023268702222C
:1079D0002046F7F7EBF81022A4F84E204023A4F835
:1079E0007861022283212046F7F7E0F84023022243
:1079F000A4F8606003212046F7F7D8F8032282211B
:107A00000823A4F8A0612046F7F7D0F8D4F8C032D4
:107A1000A4F84C601B689847002385F84C3085F823
:107A2000583085F8643085F87030184670BD0220F3
:107A300070BD00BF6A23038000487047B00B002070
:107A40006A23038000487047B00B002019B1C0F8CA
:107A5000C012002070470320704700BF38B5D0F82F
:107A6000BC426CB1812B9C460DD0832B08D194F87D
:107A700064305C3403F0FF0563B10125284638BD4E
:107A80000325284638BD94F84C30443403F0FF05F4
:107A9000002BF2D113460A4661464FF0010C84F8E0
:107AA00008C0F7F7D5F8284638BD00BF10B5D0F8A4
:107AB000BC423CB18C46194613466246F7F7D4F8EF
:107AC000002010BD032010BDF0B5044685B00F4660
:107AD0001D4602B1106094F828301BBB02AE95E839
:107AE000030004F1200383E8030097E8030004F196
:107AF000180282E803006068022284F828200268E5
:107B000004F10F031568236103930D4B04F10C027C
:107B1000CDE9003402926B46314604F10802A847D1
:107B200005B0F0BD03238DF808302B683A68039246
:107B300002AE002BD3D096E8060068689847CEE7DF
:107B4000698101082DE9F04788B002AC84E806009D
:107B5000DDF840A08846914605460E4603B1186000
:107B600095F82830002B76D106ACA9EB08077F2FBB
:107B70000CD9DAF80030CDF81C8003228DF81820DB
:107B800023B194E80600DAF8040098479AE8030065
:107B900005F1200383E80300FAB2AA232B736A736A
:107BA00005F10C030820E8214FFA81FC4900BCF1E3
:107BB000000F00F1FF30C9B2B8BF81F0370110F0FB
:107BC000FF00F1D14A40082150B25200002801F1D3
:107BD000FF31D2B2B8BF82F0370211F0FF01F3D10A
:107BE000C5E90689AA73002F46D0474441F23732CF
:107BF00043F6655096F800C00821013682EA0C224F
:107C00000FFA82FC5200BCF1000F01F1FF3192B279
:107C1000B8BF424011F0FF01F2D1BE42EAD1110AD1
:107C2000D2B26868E9732A74026806931668144A27
:107C3000049205F10F0304AA022185F82810079386
:107C40006B61009294E80600059505F10803B047C2
:107C500008B0BDE8F087DAF80030CDF81C800322C8
:107C60008DF8182006AC002B3FF47FAF94E8060097
:107C7000DAF80400984778E737221321D1E700BFEC
:107C8000017F01084268816870B414680123646848
:107C900080F828302848844242D1506891680568AD
:107CA00082F828306D68A54237D14268816814682F
:107CB00080F828306468AC4232D150689168056819
:107CC00082F828306D68A54227D14268816814681F
:107CD00080F828306468AC4222D150689168056809
:107CE00082F828306D68A54217D14268816814680F
:107CF00080F828306668AE4216D1546891682068D2
:107D000082F828304268B24212D1D4E901010268F7
:107D100084F8283070BC536818472B4670BC18474D
:107D20002346104670BC18473346104670BC1847AF
:107D3000204670BC104700BF857C010842688168FE
:107D400070B414680123646880F82830284884429D
:107D500042D150689168056882F828306D68A54264
:107D600037D142688168146880F828306468AC4272
:107D700032D150689168056882F828306D68A54254
:107D800027D142688168146880F828306468AC4262
:107D900022D150689168056882F828306D68A54244
:107DA00017D142688168146880F828306668AE424E
:107DB00016D154689168206882F828304268B2422F
:107DC00012D1D4E90101026884F8283070BC5368EC
:107DD00018472B4670BC18472346104670BC1847FE
:107DE0003346104670BC1847204670BC104700BF91
:107DF0003D7D010870B5034688B002A880E8060002
:107E000093F828209DF80810039C012A2BD0D9B99B
:107E10005D69AC4235D3022A5CD0032A42D0042AE1
:107E20001FD1D3E90724586A83F82810C3E9081141
:107E30008DF818100792A4B108AB13E90600234689
:107E400008B0BDE8704018471C6A9D69586A8DF8F3
:107E500018100022C3E9082283F828200795002C77
:107E6000EAD108B070BD1C6A9D69586A8DF8182067
:107E70000021C3E9081183F828100795002CDBD1F5
:107E8000EFE75868026816681C4A049204AA009238
:107E90000694079508AA059312E906000833B0472F
:107EA00008B070BD5868016803F111020C685A618E
:107EB000042183F8281003F10F0507920F49069556
:107EC00004AA009208AACDE9041312E906000833B7
:107ED000A047C6E75868DD690168084A5D61032468
:107EE00083F828400C68069206A9009103F1180255
:107EF000079306CA0833A04708B070BD017F010888
:107F000000B585B0EC468CE8060086469CE8030088
:107F100002AB83E8050093E80600704605B05DF803
:107F200004EBFFF767BF00BFF0B587B06B4683E88F
:107F3000060090F828109DF800300129044600F052
:107F40008380002B5DD1036993426ED8022900F033
:107F50009F80032900F08680042973D1D0E9055061
:107F6000002D00F0DA8000EB050C074641F23733B4
:107F700043F6655617F8012B83EA0223082219B24B
:107F80005B00002902F1FF329BB2B8BF734012F0D0
:107F9000FF02F4D1BC45EDD1227B43F6655683EA5E
:107FA0000223082219B25B00002902F1FF329BB2C2
:107FB000B8BF734012F0FF02F4D1627B43F66556FE
:107FC00083EA0223082219B25B00002902F1FF3282
:107FD0009BB2B8BF734012F0FF02F4D1002B40F007
:107FE0009F80266A84F8283005448DF81030606A36
:107FF0000595C4E908332EB306AB13E906003346F2
:108000000FE0056A81698DF81030002280F8282081
:108010000591406AC4E90822A5B106AB13E9060040
:108020002B4607B0BDE8F0401847406801680D686E
:1080300004924C4A0593CDE9022402AB04F10802F4
:1080400004A9A84707B0F0BD056A82698DF8101031
:10805000002380F828300592406AC4E90833002DD7
:10806000DBD1EFE74068016804F10E0304220D68DC
:10807000236184F8282005933A4B04F10802CDE9E6
:1080800002340C3402AB049404A9A84707B0F0BD35
:10809000037BAA2B20D190F90D30457B002B36DBDA
:1080A00000F10C06304604F10F07422310F8012BB3
:1080B0005340082259B25B00002902F1FF32DBB2C3
:1080C000B8BF83F0370312F0FF02F3D1B842EDD10D
:1080D00083B31546032105E00D4600F10C0601218E
:1080E00000F10F0731442A463046E8F733FD606857
:1080F00003682E441D681B4B02960397CDE9043498
:1081000004F1080204AB02A9A84707B0F0BD01259D
:1081100000F10C0600F10F07E4E741F237333BE7CB
:108120006068016804F10F0302220D6884F82820BA
:108130002361A0E7D4E906320320D21A954284F8DD
:108140002800606828BF1546AA4294BF991859199B
:10815000026865611D442561156802930391014B16
:10816000CCE700BF6981010800B585B0EC468CE81A
:10817000060086469CE8030002AB83E8050093E80E
:108180000600704605B05DF804EBFFF7CDBE00BFFA
:1081900038B5D0E9002400230D469E460CB1944228
:1081A0003CD912F801CB02600CFA03FC0833202BF7
:1081B0004EEA0C0EF2D1BEF1FF3F1CD0184B1B68EB
:1081C000734501D8012038BDD5E90004A3EB0E03A7
:1081D000241A9C42134928BF1C4622467144E9F7E1
:1081E00017FFD5E90032D21AA24294BF9B181B197F
:1081F0002B600120E7E70C4B69681C682B680022A4
:1082000024FA02F0083209B1994207D918702B6894
:10821000202A03F101032B60F2D1D3E7002038BDFF
:10822000D4CE0308D8CE030808EA002030B4D0F832
:108230000C4103460A4644B3406883F814110268AF
:108240001F4B55689D4230D1436819684C6881685E
:108250000122AC4280F828202DD158689968056821
:1082600083F828206D68A54220D1436881681C6886
:1082700080F828206468AC421DD1D3E9010104686C
:1082800083F82820636830BC18470139D0F81851AA
:10829000D0F81C01C9B20129C3E9464498BF0322A2
:1082A0003DB119462B4630BC184721462B4630BC01
:1082B000184730BC70471846234630BC184700BFEB
:1082C000857C01082DE9F0478CB002AB83E80600FD
:1082D0009DF80810039B02292DD001292BD049BB02
:1082E00000220446944600F18C06002B3DD09E42AD
:1082F00026D200F18D018B4290F88C5020D909785C
:1083000045EA0125C9091BD104F18E01581A052837
:1083100030D82068514B026815680A9604F58672B9
:10832000CDE908340B9208AB06AA0AA9A8470CB0FD
:10833000BDE8F08703210CB0BDE8F047FFF776BF3A
:1083400004F5867908AF0DF1180A0AAD20683B469E
:108350002946424F056852462D68CDE90A69CDE9A4
:108360000874A8470CB0BDE8F08790F88C5000F175
:108370008D01C4E7002B4BD08B420AD904F18F0149
:108380008B4294F88E0004D90A7804F1900140EAF7
:1083900002220FFA82F8B8F1000FC2F30E0030DBB0
:1083A00060BB012213F801EC13F8027C47EA0E27A8
:1083B000BA42AED18B4204D94A1C93424CD931F80F
:1083C00002CBA2680491023A9445A3F102036746E6
:1083D000059388BF97B204F10E030DF1180A0693B6
:1083E00052463B4404A9079310F0CCFFB8F1000FAC
:1083F00004F5867911DB08AF0AADA7E7184A1288A1
:10840000D0E7D4F80C71002FCAD0C4F81031A9E716
:1084100094F88E0004F18F01B6E722466FEA4545D5
:10842000DDE906136FEA554522F80C5F5B1A6068B8
:108430000C490568C3F102033B441344D5F800809E
:10844000CDE90A2308AF00970AADCDE908144B46E1
:1084500095E80600C04779E71146B2E7698401084C
:108460000CEA00209184010800B585B0EC468CE848
:10847000060086469CE8030002AB83E8050093E80B
:108480000600704605B05DF804EBFFF71BBF00BFA8
:1084900030B484B06C4684E8060090F814410022A1
:1084A0000346C0F80C2174B9D0F81021B2B1039280
:1084B0008DF8084004AA12E90600C0F8104104B083
:1084C00030BCFFF7FFBED0F81851D0F81C01611E78
:1084D0000129C3E9462298BF032415B904B030BC72
:1084E0007047194622462B4604B030BC184700BFDF
:1084F000034603C903F58C7210B582E803001A46DF
:1085000086B052F88C0B046824680492054A03F57F
:108510008671CDE90223059102AB01AA04A9A04707
:1085200006B010BD6984010810B40346EFF3108152
:1085300072B60A4A106860B1094C24680344A34229
:1085400094BF13604FF0FF3081F310885DF8044B47
:108550007047044800681060EEE700BF38A30020B1
:10856000640C0020680C0020F5EEC00ADFED677A8D
:10857000F1EE10FA60EEA77AB5EEC00A4CDBF1EE30
:1085800010FA2BDBB4EEE70AF1EE10FA7AD570EEB2
:10859000276AB7EE007A77EEC07A37EE667AB6EEE3
:1085A000006A37EE677A27EE067A77EE277A77EE5B
:1085B000A66AF5EEC07AF1EE10FA06DBB7EE006AB5
:1085C000F4EEC67AF1EE10FA45D900230370C0ED3F
:1085D000016A80ED027AC0ED037A7047B1EE677AE6
:1085E000B4EEC70AF1EE10FAD1D59FED496AB7EEA5
:1085F000007AA0EEC67AB1EE400A30EE670AF6EED7
:10860000007A37EE407A27EE277AF0EE476AE0EEFE
:10861000866A76EE807ACCE7F1EE10FA5CDBB1EE9A
:10862000677AB4EEC70AF1EE10FA40D5B1EE407A9F
:1086300037EE677AF7EE006A30EE670A76EEC76AC1
:10864000F6EE007A76EEC06A66EEA76A76EE877A74
:1086500037EE807AADE7B5EEC07AF1EE10FAB4DB12
:10866000B4EEC67AF1EE10FAAFD8F5EEC06AF1EECC
:1086700010FAAADBF4EEC66AF1EE10FA94BF0123F9
:108680000023A3E730EE670AF7EE007A9FED206A39
:1086900077EEC07AB6EE007AE0EEC67A67EE877AB9
:1086A00037EE807AF0EE476AE0EE866A81E79FED6A
:1086B000196AB7EE007AA0EEC67A30EE270AF6EE17
:1086C000007A37EE407A67EE277A77EE806AB0EE6E
:1086D000667AA0EE867A6CE7B4EEE70AF1EE10FA5D
:1086E000A4D577EEC07AF7EE006A9FED0A6A76EEBF
:1086F000E76AB6EE007AE0EEC66A66EE876AB0EE2A
:10870000667AA0EE867A77EE277A52E73ACD133F63
:108710003ACD933F3ACD93BFF0EEC07AF0EEE06AE7
:10872000F4EEE76AF1EE10FA9FED2E6AB0EE407AB1
:108730002BDC3FD577EE867ADFED2B4A9FED2B5A67
:10874000DFED2B5A86EEA76ADFED2A7A66EE066A1F
:10875000A6EEA45AE6EE855A66EEA56AA6EE266A4D
:1087600037EEC60AF5EEC00AF1EE10FA48BFDFEDAB
:10877000227AB5EEC07A48BF37EEC00AF1EE10FAA1
:1087800000D47047B1EE400A704776EE866ADFED9E
:10879000165A9FED166A87EEA60ADFED156A60EE9F
:1087A000007AA7EEA56AE6EE276A67EEA67AA0EE43
:1087B000270AD7E736EE866A9FED0B5ADFED0B5A94
:1087C000C6EE867ADFED0A6A27EEA76AE6EE055A5C
:1087D000E5EE866A66EE866AE6EEA77AB0EE670A8E
:1087E000C0E700BF0000800016733EBD4423233E57
:1087F0002CBEA7BEDB0FC93FDB0F49402DE9F84374
:108800000F4D8046F7F738F96F6A0446F7F734F9E9
:108810008442F7D14FF47A79094E09FB0477F7F7D0
:108820002BF9756A0446F7F727F98442F7D1ED1B57
:1088300009FB0455454501D200BFF0E7BDE8F883C8
:1088400000200040DFED1F7AB5EEC00A60EE277A07
:10885000F1EE10FABDEEE77A04D517EE103A013BBF
:1088600007EE103AB8EEC77ADFED176A77EEC77AEF
:1088700067EEA67ABCEEE77A17EE103A9BB2B3F534
:10888000007F1AD207EE103AB8EE477A591C77EEFD
:10889000C77A0E4AB7EE000A02EB830302EB8102AD
:1088A00030EE670AD3ED006A92ED007A20EE260AD8
:1088B00067EE877A30EE270A704777EEE67A012175
:1088C0000023E6E783F9223E0000004460C7040865
:1088D0009FED217A20EE070AF5EE007A30EE270AA6
:1088E000B5EEC00AF1EE10FAFDEEC07A04D517EE2F
:1088F000903A013B07EE903AF8EEE77ADFED176A1F
:1089000070EE677A67EEA67ABCEEE77A17EE103A59
:108910009BB2B3F5007F1AD207EE103AB8EE477A51
:10892000591C77EEC77A0E4AB7EE000A02EB8303B2
:1089300002EB810230EE670AD3ED006A92ED007A15
:1089400020EE260A67EE877A30EE270A704777EE28
:10895000E67A01210023E6E783F9223E0000004485
:1089600060C70408B4EE400AF1EE10FA6CBF0120B3
:108970000020704710B4EFF3108172B60D4A0E4814
:10898000D2F85841D2F808240023C4F8C030C2F805
:10899000C0300A4B1B680022DA634FF0010C41F231
:1089A000010280F800C01A6481F310885DF8044B5E
:1089B000704700BF8010002071A300202C9300207E
:1089C0000F4A38B51178EFF3108072B60D4B0024C2
:1089D0001B68147041F20102DC631A6480F3108892
:1089E00061B1094D2146D5F8580102F01DF9D5F8BD
:1089F00008042146BDE8384002F016B938BD00BF72
:108A000071A300202C93002080100020F8B5384C72
:108A1000384DD4F85801002102F006F9D4F80804C2
:108A2000002102F001F9002240F2D66055F8223010
:108A30001B6858639863D863196A41F00101196291
:108A4000196A41F004011962196A41F010011962B2
:108A5000196A41F040011962196A41F48071196282
:108A6000196A6C3241F48061D82A1962DED1224A37
:108A7000224B1268196893682148224D43F0010384
:108A800093608B68026843F001038B60936843F046
:108A9000010393600220FDF7E1FFF4F765FE2B6808
:108AA000002741F20106DF6308211E642846FAF719
:108AB00073FE0C212846FAF76FFE134B93F8CC3166
:108AC00003B9F8BDEFF3108172B6D4F808042B682F
:108AD000D4F858510022C5F8C020C0F8C0200B4A75
:108AE000DF63012010701E6481F31088F8BD00BFA1
:108AF00080100020E08C0020A09B0020589B0020CC
:108B0000109B00202C930020C0E3002071A30020C4
:108B100070B51949194D1A4AAA624FF480300023E2
:108B20000126C5E9001084B010222846AB602E61F2
:108B3000AE612B62EB62EB60EA612E636E61F6F769
:108B4000B3FF90B904460296009469460134284662
:108B50000194F7F71FF940B9102CF5D109490748DE
:108B60002246F7F74BF804B070BD074B012283F89B
:108B7000F02204B070BD00BF00200140A09B002087
:108B80000100000F48A30020C0E3002082B002AB28
:108B900003E903006649BDF80430884212D06549F4
:108BA000884206D0644988425AD04FF6FF7002B01E
:108BB0007047012B52D0022B4FF6FF7008BF0920DF
:108BC00002B07047202B00F29180002BEDD0013BCA
:108BD0001F2BEAD801A252F823F000BF118D010823
:108BE0000D8D0108AB8B0108098D0108AB8B0108C5
:108BF000AB8B0108AB8B0108058D0108AB8B01081D
:108C0000AB8B0108AB8B0108AB8B0108AB8B010868
:108C1000AB8B0108AB8B0108018D0108AB8B010800
:108C2000AB8B0108AB8B0108AB8B0108AB8B010848
:108C3000AB8B0108AB8B0108AB8B0108AB8B010838
:108C4000AB8B0108AB8B0108AB8B0108AB8B010828
:108C5000AB8B0108AB8B0108FD8C01080820A6E74F
:108C6000013B1F2BA1D801A252F823F0258D01084A
:108C7000298D0108AB8B0108218D0108AB8B010800
:108C8000AB8B0108AB8B01081D8D0108AB8B010874
:108C9000AB8B0108AB8B0108AB8B0108AB8B0108D8
:108CA000AB8B0108AB8B0108198D0108AB8B010858
:108CB000AB8B0108AB8B0108AB8B0108AB8B0108B8
:108CC000AB8B0108AB8B0108AB8B0108AB8B0108A8
:108CD000AB8B0108AB8B0108AB8B0108AB8B010898
:108CE000AB8B0108AB8B0108158D0108402B1DD003
:108CF000802B4FF6FF7008BF072058E7052056E786
:108D0000042054E7032052E7022050E701204EE7F9
:108D100000204CE70F204AE70E2048E70D2046E7E9
:108D20000C2044E70A2042E70B2040E706203EE7FC
:108D300000000240000402400008024000B583B079
:108D40006B4683E8030093E80300FFF71FFF0F283B
:108D50000AD8084B33F810309BB200EE103ABBEE45
:108D6000CA0A03B05DF804FBBFEE000A03B05DF869
:108D700004FB00BF48A3002000B585B06A4682E826
:108D8000030092E8030002AB83E80300FFF7FEFE56
:108D90000F280ED8094BDFED0A7A33F810309BB25A
:108DA00000EE103ABBEECA0A20EE270A05B05DF8C5
:108DB00004FB9FED040A05B05DF804FB48A3002006
:108DC00033335340333353C02DE9F0412DED028B43
:108DD000214EDFF89880DFED218A9FED218A82B055
:108DE0006F46204C204D04E00835B54204F10C04D8
:108DF0002BD020680CF02CF80028F5D0AB882A681E
:108E00000092ADF8043097E80300FFF7BFFE0F288B
:108E10001FD838F810309BB207EE903AF8EE677A18
:108E200067EEA87A67EE887A87EE887A2068083538
:108E30000C3414ED020A54ED017A77EEC07AA7EEF5
:108E4000870A0CF019F8B542D3D10A20FDF706FEC7
:108E5000C7E7BFEE007AE9E7801000200000803904
:108E600033335340E0E50020F80F002048A30020F2
:108E70000F2808D8054B33F810309BB200EE103A9B
:108E8000BBEECA0A7047BFEE000A704748A3002035
:108E900007EE900ADFED8E5ADFED8E6A9FED8E6A47
:108EA0008E498F4AF8EE677A38B527EEA57A8D4B52
:108EB0008D4C27EE267A67EE867A206081ED007A67
:108EC00093E80300C2ED007AFFF760FE0F2868D830
:108ED000864B874933F8103091ED006A854A864900
:108EE0009BB207EE103AB8EEC77A92F89F31834AE8
:108EF00027EE257AF7EE005A27EE267A033B27EE77
:108F0000066A18BF0123B4EEE56AF1EE10FA81EDAE
:108F1000007A82ED006A4FEA4303C0F2B080B0EEFF
:108F20000A5ADFED776AB4EEC57AF1EE10FA67EE11
:108F3000A66A60D4B7EE007AF4EEC76AF1EE10FAD2
:108F400043F0080364DCDFED6F6AF4EEE67AF1EEDD
:108F500010FA6DD576EE075AF0EE476A77EEA66AFC
:108F6000F4EEC66AF1EE10FA60D4F4EEE57AF1EEB2
:108F700010FA5BDC002B5BD1634964480A6803602C
:108F80001F2A40F29680624D624C63486349644AEE
:108F900001232B702370002303700B6082ED006AA5
:108FA00038BD534B9FED5F7A93ED006A514B5249A8
:108FB00093F89F31514A81ED007A26EE076A032B20
:108FC00082ED006A5AD0DFED4E6A67EEA66A06238C
:108FD000B7EE007AF4EEC76AF1EE10FA5EDC9FEDB0
:108FE000497AF4EEC77AF1EE10FA21D5F7EE006A6D
:108FF00076EE265AB2E7F4EEE56AF1EE10FA4DDCB1
:109000009FED407AF4EEC77AF1EE10FAB2D5EDE7B3
:109010009FED3C7AF4EEC77AF1EE10FA76EE865ABE
:109020009CD4F4EEE57AF1EE10FA01DD43F0100382
:109030003648354C026800213F2A21600AD935485C
:10904000364A017013603449354B374A1A600120A3
:10905000087038BD2F4C0132217030490260402A1F
:109060000B60F0D02A4B1B78002B99D12A4B1B7830
:10907000002B95D12A4BC3ED007A38BD0223F0EEC8
:109080000A5ADFED1F6AB4EEE57AF1EE10FA67EEE8
:10909000A66A43F004037FF54DAF99E79FED197A77
:1090A000F4EEC77AF1EE10FA76EE865A7FF55DAFF0
:1090B00054E70132202A0A603FF465AF154C174986
:1090C000174A237001200860C2ED007A38BD00BF46
:1090D00033335340000080393333113C84A30020E4
:1090E000740C00201010002088A3002048A300204A
:1090F000700C0020C0E300207CA3002080A300208F
:109100008FC2F53C0000084244A3002040A3002089
:109110003CA3002079A3002078A300206C0C002041
:10912000780C0020000000000000C07F38B56F4BB5
:10913000D3F8582192F89C102DED048B002952D0C1
:1091400092ED308ADFED6A7A38EE278AD3F8083458
:1091500093F89C201AB1D3ED307A38EE278A654D0A
:1091600005F5804494F8CC31002B3FD0D4ED729AB1
:10917000F5EEC09AF1EE10FA40F39B8094ED717A0F
:109180005D4BF1EE487A77EEC77A93ED009A94F84A
:10919000D83167EEA97AC7EE898A43B194ED777A20
:1091A000D4ED787AB4EEE77AF1EE10FA71D4B0EE3D
:1091B000680AFFF7D7FB002840F09080DFED4F7A78
:1091C000F4EEE78AF1EE10FA5DDAF5EEC08AF1EE20
:1091D00010FA48BFDFED468A29EE289A89EE297AEF
:1091E00038EE078A06E09FED428AAFE7DFED408A5E
:1091F000B0EE687A424BD5ED1A5AD3ED007AD4ED31
:10920000796A404A38EE676AF4EEC86AE5EE867A13
:10921000F1EE10FA82ED007AC3ED007A51D4D4ED6C
:109220007A7AF4EEC87AF1EE10FA24DCF7EE007ADE
:1092300077EEE87AB0EE677ABEEECA7A17EE104A99
:10924000A4F1280525EAE575631B272B41D9EFF327
:10925000108272B62C4B1B7843B12C4B1B6800213B
:10926000D96341F201011964DD631C6482F3108843
:10927000BDEC048B38BDBDEC048B1E48BDE8384006
:10928000082106F03FBE224B0122F0EE678A1A70D9
:10929000A2E779EE476A77EEC77A86EEA77AB5EE4F
:1092A000C07AF1EE10FA48BF9FED117A78EE878A06
:1092B0007DE7BDEC048B28468021BDE8384006F0F0
:1092C00021BEBDEC048B0B48BDE83840102106F0F0
:1092D00019BE0848202106F015FEB8E7BDEC048B46
:1092E0000448BDE83840402106F00CBE8010002044
:1092F00000000000C0A30020780C00203333733F2F
:1093000074A300206CA3002071A300202C930020E4
:1093100070A3002010B5094C0FCC86B00DF1040CE1
:10932000ACE80F002368CCF80030002101A8FDF75D
:1093300067FB034B186006B010BD00BF1094030814
:1093400068A30020D0ED067AF5EEC07AF1EE10FAAF
:109350000AD49FED0D7AF4EEC77AF1EE10FA07DD2C
:109360000A4BC0F8A83270470023C0F8A8327047F3
:109370009FED077A67EE877AFCEEE77A17EE903A70
:10938000C0F8A832704700BF300E034900B6F7FF9F
:109390000000FA4503680B400360704703680B4305
:1093A0000360704790F84C32BBB1D0F86422D0E92A
:1093B00094312AB11269B0F868C21CEA020F0DD1CB
:1093C000013B41F1FF31D0F8002102F540524FF04E
:1093D000010CC0E9943182F83CC97047013341F176
:1093E0000001F0E7836810B5044613B1032201467B
:1093F0009847204610BD00BFC043704700000000E2
:109400002DE9F04F044641606381AB49AB4B2360CB
:109410000C9BBDF9240022818946A08103F5405AA6
:109420000F46B9E80F00DFEDA67A9FEDA61AC4ED4E
:10943000067A002504F1240EC4E904552577C4F802
:109440001E50AEE80F0099E8070040F2011B8EE8BD
:10945000070084ED0E1AA4F83DB00FCF04F1400CC4
:10946000ACE80F0099E807004FF001038CE8070013
:1094700084F8583064220A23C4E92023924BC4F8AC
:10948000B030DFED921A0C9B9FED912A9FED913A3F
:10949000DFED913ADFED914A9FED915ADFED915A60
:1094A000C4F80031F2EE042A8F4B9FED907AC4EDA0
:1094B000131AB3EE044AC4E9225584ED142AC4ED0C
:1094C000172A84ED183AC4ED193A84ED1A4AC4ED0E
:1094D0001B4A84ED1C5AA4F8745084F87650A56792
:1094E00084F87C50C4ED2D5AC4F804310A9BC4F8AA
:1094F000AC3002260B9BC4F8FC30C4E92455C4E907
:109500002655C4E92855C4F8A850C4ED2E7A84F82D
:10951000BC50C4ED307A84F8C450C4ED327AC4ED46
:10952000337A84F8D05084F8D450C4F8D850C4EDBD
:10953000377AC4ED387AC4F8E460C4ED3A7AC4F8F6
:10954000EC60C4ED3C7AC4F8F460C4ED3E7A84ED7E
:10955000427A84ED437A84ED447AC4ED457AC4EDD1
:10956000467A0D9BC4F858310E9BC4F85C310F9BB2
:10957000C4F86031109BC4F864319FED4D6B119BB2
:10958000C4ED477AC4E95A3504F26D284FF40063FC
:10959000C4E94956C4E95C55C4E95E55C4E960555F
:1095A000C4ED487AC4ED4B7AC4ED4C7AC4F834610A
:1095B000C4ED4E7AC4ED4F7AC4F84061C4ED517ADF
:1095C000C4F84861C4ED537AC4ED557AC4F85061CB
:1095D000C4E96255C4E96455C4E96655C4E96855EF
:1095E000C4E96A55C4E96C55C4E96E55C4E97055BF
:1095F000C4E97255C4E97455C4E97655C4E978558F
:10960000C4E97A55C4E97C55C4E97E55C4E980555E
:10961000C4E98255C4F84032C4E9845584ED946BA2
:10962000C4E98755C4E98955C4E98B55C4E98D550A
:10963000C4E99655C4E9A055C4E9A255C4F8185226
:1096400084F86C62C4F83C5284F84452C4F848521E
:1096500084F84C52A4F86052C4F86452A4F86852DA
:10966000C4F86D52C4F87152A4F87552C4F87882E7
:1096700084F87C52C4E9A4550A9BC4F8A852C4E9F2
:10968000A655C4E9A8551C630B9B1C600D9BCAF82A
:10969000D848C3F884400E9B1C600F9B1C61109B34
:1096A0001C61119B2046DC60BDE8F08FAFF30080A9
:1096B00000000000000000002494030894BA03088E
:1096C0000000000063141D4434BE0308000048433A
:1096D0000000C843CDCCCC3EDB0F49400000204207
:1096E0000000C842C74B6B41CCBF03080000807F1D
:1096F0003E4BDFED3F3A9FED3F4ADFED3F4ADFED66
:109700003F5A9FED3F6A9FED3F7ADFED3F7A2DE9AB
:10971000F04F00249E469A4600238446C0E9044444
:109720000477836100F1240700F14005BEE80F00D3
:109730008FB0E946A9E80F009EE8070089E8070016
:10974000BAE80F000DF11C0B5E46ABE80F009EE877
:10975000070040F201138BE80700E846ADF8193026
:109760004FF001038DF83430B8E80F00CDED053A25
:109770000FC798E807008DED0A4A87E807000FCE6B
:10978000CDED0B4A0FC596E807000A2385E80700D0
:109790006421CCE92013DCF80820DCF80430CCED9F
:1097A000185AB2EE045AF3EE046ACCE92244CCE92A
:1097B0002444CCE92644CCE928448CED175A8CED9E
:1097C000196ACCED1A6A8CED1B7ACCED1C7AACF8D8
:1097D00074408CF876408CF87C40CCF8A840CCF8EB
:1097E0001E20CCF878300FB0BDE8F08F2494030829
:1097F00063141D44000048430000C843CDCCCC3E58
:10980000DB0F4940000020420000C84210B5D0F8EC
:1098100040320D4986B004460C480022CDE90101D2
:109820009B08CDF80E20ADF812202146A2890593A1
:1098300001A8ADF80C20FDF7E3F80123C4F83C02C1
:1098400084F8443206B010BD19A70108C4B7030854
:1098500000B585B068464FF0FF320121FDF730F9C1
:1098600068464FF0FF320121FDF72AF968464FF0B4
:10987000FF320121FDF724F9012005B05DF804FB5A
:1098800010B4C28B124C102A94BF04EBC2022246C1
:10989000034692E8030083B06A4682E80300198C0D
:1098A000C3F85C021029908888BF0949A3F86002B8
:1098B00098BF04EBC10103C982E803009288C3F892
:1098C0006402A3F8682203B05DF8044B704700BF40
:1098D000F80F002010B50446C0F8A800FFF7D0FF2D
:1098E0002368134A1B68934214D1D4ED067AF5EE2F
:1098F000C07AF1EE10FA0BD49FED0E7AF4EEC77A2F
:10990000F1EE10FA0ADD0C4BC4F8A832012010BDAC
:109910000023F9E720469847012010BD9FED077A04
:1099200067EE877AFCEEE77A17EE903AECE700BF35
:1099300045930108300E034900B6F7FF0000FA45D1
:1099400038B504460D46D0F8580101F06DFAD4F848
:109950005801294601F0A2FED4F860319A7AAAB1E2
:109960001A7D5B7D934211D082B1D4F878321B7896
:109970000B2B0BD04FF4805104F51270FFF70EFD46
:10998000D4F84802B0FA80F0400938BDD4F8643108
:109990009A7A002AF4D01A7D5B7D9342F0D0002A97
:1099A000EED0D4F878321B780B2BE9D04FF400516D
:1099B00004F51270FFF7F2FCE2E700BF08B5037F81
:1099C0002BB1D0F8A82222B1013AC0F8A822012078
:1099D00008BD4FF4006100F51270FFF7DFFC104680
:1099E00008BD00BF2DE9F0432DED048B044687B080
:1099F0000D4691461E46EFF3108072B691ED007A47
:109A000091ED016AD4F85831CA68C4F81021C7EE44
:109A1000066A93F838200021C4F82811C4F83411DC
:109A2000C4F84011C4F848112969C4F81411022A75
:109A30004FF00001C4F854114FF00001DFED877AB8
:109A4000C4ED426AC4ED436A0ABFF0EE476AF0EE25
:109A5000676AB0EE677AC4ED4B7AC4ED4C7AC4ED18
:109A60004E7AC4ED4F7AC4ED517AC4ED537A84ED49
:109A7000467AC4ED476AC4F8501193F8EC10023AE4
:109A800018BF012202291CBF022183F8EC1093F8B1
:109A9000F81083F8E02002291CBF022183F8F81097
:109AA00093F8001104F594720229C3F8E42004F538
:109AB0009A72C3F8F02018BF022104F5A07218BFF3
:109AC00083F80011C3F8FC2094F8BC10C4F8B82047
:109AD00002291CBF022184F8BC1093F888110229C6
:109AE0001CBF022183F8881193F80811022904F59C
:109AF000A4721CBF022183F80811C3F88421C3F8A3
:109B0000042194F8C430C4F8C020022B1CBF0223E7
:109B100084F8C43080F310884FF0FF32012168468A
:109B2000FCF7CEFF4FF0FF3201216846FCF7C8FF7B
:109B300068464FF0FF320121FCF7C2FFD4F858010C
:109B400000F1C80101F02EF895ED047A94F86C321A
:109B5000B5EEC07AF7EE008AFFEE007AF1EE10FA69
:109B6000B8BFF0EE678A002B74D19FED3D9A9846FE
:109B700028E0B4EEE77AF1EE10FA02DB6A7E002A02
:109B800054D1D4F8AC2092F88E2012B1AA7E002ACB
:109B90004CD1B3687BB1B4EEC98AF1EE10FA94BF30
:109BA00001220022F3688DF817200DF117013046CD
:109BB000984700284ED00120FCF750FF94F86C32F3
:109BC000002B47D1D4F8583193F89C70002F43D024
:109BD000D5ED047A94ED538A94ED557A38EE678A80
:109BE000D5ED057AB0EEC88AB4EEC98AF1EE10FA66
:109BF00028EE877A68EEA77ABBD82A7EB2B9B4EE8F
:109C0000E77AF1EE10FA01DB6A7E7AB9D4F8AC009B
:109C100090F88E20002AB9D1B8F1000F01D0B846D3
:109C2000B7E7012102F0C2F9B846B2E7B9F1000F77
:109C300009D10021184600F0F7FF384607B0BDEC07
:109C4000048BBDE8F0834F46384607B0BDEC048B6B
:109C5000BDE8F083D4F858310027EAE7000000009F
:109C600000000034F0B5C57D89B00446002D40F0F9
:109C70000081EFF310873E4672B6D0F8000100F580
:109C8000405393F8C028012A00F25181C44993F847
:109C9000F0C84FF42C7707FB0217BCF1020FD7F87E
:109CA000AC7007F1E007C3F8EC7893F8007918BFBF
:109CB0004FF0020C00F1400018BF83F8F0C8C3F861
:109CC000FC08012F4FF42C7018BF012700FB021075
:109CD00018BF83F80079D0F8AC0093F8E878D0305A
:109CE000022FC3F8E4084FF42C7018BF022700FBC2
:109CF000021118BF83F8E878D1F8AC2093F8F8186F
:109D0000D8320229C3F8F42802D0022283F8F828B6
:109D1000D4F8000103F0AEFDD4F80021D4F8583196
:109D200002F54051012081F83C0901F60C10002792
:109D3000076093F8800102F56552022802F10802DB
:109D40001CBF022083F88001C3F87C21002D40F065
:109D50008980D4F8AC20D2ED177AF8EEE77A93F840
:109D6000380093F8EC70C3ED637A821E18BF0122AD
:109D7000022F1CBF022783F8EC7093F8F87083F869
:109D8000E020022F03F5CE72C3F8E42018BF0227AB
:109D900003F5C87218BF83F8F870C3F8F020002DDF
:109DA00063D0D4F8FC20283294F8BC70C4F8B820F2
:109DB000022F1CBF022784F8BC7093F8007103289F
:109DC00008BF04F1F402022F1CBF022783F80071C0
:109DD000C3F8FC20002D41D0D4F8FC20303294F898
:109DE000C470C4F8C020022F1CBF022784F8C470BE
:109DF000032893F8880108BF04F1EC0202281CBF75
:109E0000022083F8880193F80801C3F8842102280E
:109E10001CBF022083F80801C3F804219DB1D3EDD3
:109E2000087A9FED607AD4ED146AF8EEE77A01F6CD
:109E3000181367EE877A01F6081186EEA77A83ED8C
:109E4000007A81ED007A86F31088D4F8583193F8BF
:109E50009C30002B52D0012009B0F0BDD4F8AC20CA
:109E6000A432BCE7F7EE007A79E7D4F8AC209C3254
:109E70009AE70023CDE90433CDE90633012204AB90
:109E800000F14001FFF7AEFD069B06461BB104A999
:109E9000032208469847002E76D0EFF3108672B65C
:109EA000D4F8003103F5405393F8E82893F8F818F4
:109EB000022A1CBF022283F8E8280022C3F8E42803
:109EC00093F8F028022A1CBF022283F8F02800220F
:109ED000C3F8EC2893F80029022A1CBF022283F859
:109EE00000290022C3F8FC28D4F8FC20022902F142
:109EF0003802C3F8F4287FF408AF09E768464FF04A
:109F0000FF320121FCF7DCFD68464FF0FF320121F2
:109F1000FCF7D6FD68464FF0FF320121FCF7D0FD7B
:109F2000D4F8580100F1C80100F03CFE93E793F823
:109F3000F028022A1CBF022283F8F0280022C3F86E
:109F4000EC2893F8E828022A1CBF022283F8E828AC
:109F50000022C3F8E42893F80029022A1CBF022239
:109F600083F800290022C3F8FC2893F8F828022A75
:109F70001CBF022283F8F8280022C3F8F42810211D
:109F800003F0B0FB87F31088002009B0F0BD04A8EF
:109F9000FFF728FA1EF0DCF886F310881EF0D8F8D8
:109FA00080100020DB0FC94030B5044683B0FFF7B6
:109FB00059FE637D04F51775002B3AD0254B0094AC
:109FC00000220121284607F0D3F900283CD00123C4
:109FD00084F84C3207E0D4F8583193F89C300120D3
:109FE0002BB1FCF73BFD94F86C32002BF3D0637D72
:109FF000C3B1A37DB3B1174B0094002201212846C1
:10A0000007F0B6F9D8B1012384F84C32D4F85801DE
:10A01000002100F009FED4F84802B0FA80F04009AF
:10A0200003B030BD002384F84C32284607F06AFAAA
:10A03000ECE784F84C32284607F064FAD3E7064B85
:10A04000012283F8F022DEE7034B012283F8F0229D
:10A05000BDE700BFA5930108C0E300202DE9F04152
:10A06000D0F860319B7A2DED028B044653B94FF442
:10A07000003100F51270FFF791F9BDEC028B002062
:10A08000BDE8F081D0F8002140F2022102F54053F2
:10A09000118303F61411D2ED147A002501220D600C
:10A0A00083F83C2903F6181203F61C13F1EE677AC5
:10A0B0000027C2ED007A4FF480501D6084F87C7256
:10A0C000FFF79AF904F5127601463046FFF762F978
:10A0D0002046FFF7C7FD94F86C32ABB1D4F85801B5
:10A0E000394600F0A1FDD4F8003103F564539D61B9
:10A0F000C3E7D4F86021157D7DB9FCF7AFFC94F877
:10A100006C32002B40F09880D4F8583193F89C10B2
:10A1100001200029EDD1184691E00021184600F0F9
:10A1200083FDD4F8008108F5645300279F614FF444
:10A130008050FFF761F901463046FFF72BF9D4F85C
:10A14000AC3093ED358A40F20353A8F8183020461E
:10A15000FFF788FDD4F86011D4F80031D1ED007A12
:10A1600003F5405377EE887A03F61412C2ED007AB5
:10A1700003F6041282ED008A03F60812012117602B
:10A1800094F86C22A3F83C1972B16CE0D4F8003159
:10A1900003F5405393F83D59002D59D1FCF75EFC6F
:10A1A00094F86C32002B58D1D4F8582192F89C10B6
:10A1B00001200029EAD1104600F036FD002D3FF4C1
:10A1C0005CAFD4F8AC00036800211B689847D4F852
:10A1D0000031616803F5405393F8C0288A4210D0DB
:10A1E000012A0ED8234B4FF42C7101FB02330021BE
:10A1F000D3F8AC0003681B689847D4F8003103F526
:10A20000405303F6141100220A6003F604110125DD
:10A210000A6003F6081128460A6083F83C59FCF7E7
:10A220001DFCBDEC028BD4F8480284F87C52B0FAD5
:10A2300080F04009BDE8F081D4F85801294600F0CB
:10A24000F3FCD4F8003103F5645300229A6114E75B
:10A250000021104600F0E8FCB3E7D4F85801294685
:10A2600000F0E2FC09E7D4F85801002100F0DCFC22
:10A27000A7E700BF8010002010B5D0F85831044681
:10A2800082B0D868F2F738FFD4F86831C4F85802C1
:10A290001A68184613689847637D03B3A37DF3B12A
:10A2A000154B00940022012104F5177007F060F8A7
:10A2B000E8B1012384F84C3206E0D4F8580100F0EC
:10A2C00013FD0120FCF7CAFB94F86C32002BF4D08C
:10A2D000D4F84802B0FA80F0400902B010BD002363
:10A2E00084F84C3204F5177007F00CF9ECE7034BD7
:10A2F000012283F8F022DCE7A5930108C0E30020E7
:10A300002DE9F0432DED028BAE4DDFEDAF8A9FEDD1
:10A31000AF8A85B0044600F15C0694F86C32CBB18C
:10A32000022B00F05781032B00F08681012284F874
:10A330006E2284F86D3202222244002382F86D32AC
:10A34000012084F86C32FFF757F8014604F51270CB
:10A35000FFF720F8D4F878321B78013B0C2B12D889
:10A36000DFE813F0FC0011001100F60011002101DC
:10A37000E900BF009E000A019100850022004FF411
:10A38000007101F0A9FD012104F51270FFF706F834
:10A390000022D4F87832C4F86D22C4F87122A4F8EF
:10A3A000752201221A70B8E7D4F8583193F89E301C
:10A3B000002BE8D0D4F8AC0090F86530002BDED04C
:10A3C00001F06EFF0746002FE2D004F26D2704F281
:10A3D0006E21B94200F0CC80C91B04F2772E092906
:10A3E000AEEB070E00F04881AEEB010C614522DABE
:10A3F000012900F05F81BCF1000F07EB01030DDDC7
:10A400007A1E03EB0C0912F8010F93F8008082F812
:10A41000008003F8010B4B45F5D167449EFBF1F337
:10A4200001FB13E3002B00F0A3808E46C91AAEEBAC
:10A43000010C6145DCDBBCF1010F07EB0E0200F003
:10A440002781002907EB010340F3BA8013F8011DAF
:10A4500012F8010D18709F421170F7D19EFBFCF1AC
:10A460000CFB11E1002900F08380E646BCE7D4F83C
:10A47000583193F89E30002B85D0D4F8AC0001F011
:10A4800083FE07469FE7D4F800312046B3F81880D2
:10A49000FFF7E4FDD4F800310746A3F8188092E7EF
:10A4A000D4F8583193F89E30002B3FF46CAFD4F8B9
:10A4B000AC30DB6D002B3FF466AF00226B463146BB
:10A4C0002046CDE90022CDE90222FFF78BFA029B5C
:10A4D0000746002B3FF477AF03226946684698474A
:10A4E00071E7D4F8583193F89E30002B3FF44BAF0E
:10A4F000D4F8AC30DB6D1BB9E37D002B3FF443AFE8
:10A5000023681B68AB4240F0EE80D4ED067AF5EE8E
:10A51000C07AF1EE10FA00F1E480F4EEE87AF1EEA0
:10A5200010FA40F3E3802A4BC4F8A8322046FFF724
:10A530003BFD074647E7D4F8583193F89E30002B8F
:10A540003FF421AFD4F8AC0001F092FF07463AE7A0
:10A55000D4F8580100F00EFE074634E72046FFF716
:10A560008BFE04F26D2704F26E21B9427FF434AF02
:10A57000002384F87632D0E6D4F8583193F89E3030
:10A58000002B3FF400AFD4F8AC0001F0ADFD002883
:10A590003FF4FEAED4F85831D4F8AC0093F838103C
:10A5A00001F054FC11E7D4F8583193F89E30002B99
:10A5B0003FF4E9AED4F8AC0001F05CFD074602E7D9
:10A5C0001F464BE745930108300E03490000FA454A
:10A5D00000B6F7FF217C00294BD0042284F86D22BD
:10A5E0001A460123617C51B1D4F8AC1091F858108F
:10A5F00029B1E1180620134681F86D020132A17CD1
:10A6000029B1E1180720134681F86D020132217D3E
:10A6100029B1E1180B20134681F86D020132E17C6B
:10A6200029B1E1180820134681F86D020132234454
:10A63000012183F86D127FE6D4F8AC108A8E0420D5
:10A64000012A84F86D0247D00223012291F85810A4
:10A6500029B1A11806201A4681F86D020133A0180D
:10A6600023440727012180F86D72023283F86D12AE
:10A6700062E601220B46B5E794F86D3294F86E223B
:10A6800084F86E32002384F86D2284F8763244E632
:10A690000EF1FF3EBEF1010F17F80E802DDD724660
:10A6A0003946781CE6F756FA002387F8008084F8CC
:10A6B000763232E639460EF1FF38B8F1010F11F863
:10A6C000019B1FDD42463846E6F744FA002307F8AF
:10A6D000089084F8763220E60C2284F86E2202225A
:10A6E000B4E7002320E7204698471FE767EE887A03
:10A6F000FCEEE77A17EE903A16E704BF3B7802F8D3
:10A70000013CD1E704BF7B783B70DFE76846FEF78A
:10A7100069FE1DF01DFD00BF08B5FFF7F1FD00BF8C
:10A720004068704790F824300022826113B1002302
:10A7300080F82430704700BF82B010B483B00DF1B0
:10A74000080C9DF81C4005930CE906000246002CFD
:10A7500047D090ED077A9FED2F4A90ED025ADDED3C
:10A76000065ADDED056AD0ED014A90ED056AD0ED9F
:10A77000067A25EE045A75EEC75A36EE666A64EE1E
:10A78000844AA5EE257AE4EE867AB0EE476A80ED3B
:10A79000076AB0EEE77A92ED036AC2ED067AB4EE8C
:10A7A000C76AF1EE10FAC2ED046A29D49DF80430AC
:10A7B000F3B1DDED006A9FED187A66EE876AB7EEB9
:10A7C000006A86EE267A01230020002182F82430D8
:10A7D00067EE277AC2ED087A03B05DF8044B02B049
:10A7E00070479FED0E7AF0EE477AF0EE476AD2E7B7
:10A7F0004FF00040002103B05DF8044B02B07047F9
:10A80000074B93610120002103B05DF8044B02B0B7
:10A81000704700BF6F120339ABAA2A3F0000000047
:10A820000000C07F00230372704700BF82B010B4E5
:10A8300083B00DF1080C9DF81C4005930CE906004F
:10A84000089A44B3037ADDED057A63B90123026106
:10A850000372C0ED057A82610021002003B05DF82B
:10A86000044B02B0704790ED017A90ED056AB5EEA9
:10A87000C07A37EEC66A90ED077AFFEE006AF7EE0F
:10A88000005AF1EE10FAB8BFF0EE656AA6EE267A2D
:10A8900080ED077ADDE74FF08040002103B05DF8DE
:10A8A000044B02B0704700BF10B5034B0360044671
:10A8B0001DF016FD204610BD24BB030810B5054B46
:10A8C000036004461DF00CFD204608211DF0C2FA6D
:10A8D000204610BD24BB030813499FED147AD1ED27
:10A8E000007A117A67EE877AF7EE006A86EEA77A29
:10A8F000D0ED017AF1EE677AC0ED017A67EE277A42
:10A9000051B10021C2ED007A51600021012219608D
:10A910001A7100200021704700200121C2ED007A49
:10A9200050601172F1E700BF780C0020ABAA2A3FFB
:10A9300010B5D0E9004114431943C0E9004110BDEE
:10A9400003680B430360704790F8241011B900208E
:10A9500004217047117AD0F820C081B10021C2F8DB
:10A9600000C05160D0ED087A90ED047A67EE877AE6
:10A9700001221A71C3ED007A0020002170470021E6
:10A9800051600121C2F800C01172EBE710B5044616
:10A9900008201DF035FB0349034AC0E900140349B0
:10A9A0001EF014F824BB0308A9A80108B0BA0308D4
:10A9B000094B0A4A5B6A10B45B0014789BB25A1ABE
:10A9C00014B1C0E900138260C3685DF8044B934280
:10A9D00038BF1346C3607047001C0040BC91002084
:10A9E000DFED657A9FED656ADFED656A016087EEF0
:10A9F000A77AF0B5634F4763634F8764634FC764BB
:10AA0000634F0765634F47650725634F069E0271D5
:10AA1000F0EE005A0021614A0562C360079D076796
:10AA20004FF0FF4E059FC0ED0A5A4FF07E5C5C4B25
:10AA30000761F2EE005A80ED020A01774262C0ED32
:10AA40000B7AC0ED0C7A80F83810C2638265C2655B
:10AA500080F860104266A0F86C1046618561C0F80D
:10AA600044E0C0F868C0C0ED105A80ED1E6AC0ED29
:10AA70001F6A9FED3F6BC0F8C83027EE277A20335E
:10AA80000227C0F8CC300123C0E92111C0F874E0DE
:10AA9000C0F8DCC0C0F88C10C0ED267AA0F89C107D
:10AAA00080F89E1080F8AC10C0ED2C7AC0ED2D7AA5
:10AAB000C0ED2E7AC0ED2F7AC0ED307AC0ED317A3C
:10AAC00080F8E010C0ED397AC0ED3A7A80F8EC10E9
:10AAD000C0ED3C7AC0ED3D7A80F8F810C0ED3F7AC9
:10AAE00080F80011C0ED417A80F8081180F810114B
:10AAF00080F81C1180ED246B80F8281180F830114B
:10AB000080F8381180F8441180F85011C0ED577A60
:10AB1000C0ED587AC0ED597AC0ED5A7AC0ED5B7A33
:10AB2000C0ED5F7A80F8801180F88811C0ED617AFD
:10AB3000C0F89071C0F89C71C0F87021306280F844
:10AB4000D830C0ED5D7AC0ED5E7AC0ED637AC0EDBD
:10AB5000657AC0ED667AC0ED687AC0ED697AC0F8B2
:10AB60008000C0ED347A80ED357A2862F0BD00BFF8
:10AB7000000000000000000000000000CDCCCC3D33
:10AB8000CDCC4C3E0AD7233D0000704200007A44F1
:10AB90000000C8420000F042000080FF0000204199
:10ABA0007CBF0308D0F8843070B50446D3F8680140
:10ABB00003685B680D469847EFF3108672B6D4F8C9
:10ABC0008430C4F8A851D3F8000102F077FDD4F81E
:10ABD0008430D4F8A8010022C3F8DC2010B1036847
:10ABE0001B6898470E4B93F8CC3113B10D4B1B7873
:10ABF0003BB140F20113A4F89C3086F31088012089
:10AC000070BD4FF40002002304F19000FFF790FEA6
:10AC100086F31088012070BD86F310881DF098FA25
:10AC2000C0E3002071A3002038B50C46EFF3108C70
:10AC300072B60021036890F89C50A0F89C101B6825
:10AC40005A6C22F480425A645A6C22F400425A64CC
:10AC5000C0F8A8118CF310881DB904B1257001202B
:10AC600038BDFEF763FAF8E7D0ED0B7A90ED0C6A89
:10AC7000D0ED136A90F8D83086EE277A67EEA67A80
:10AC800027EE277A23B1C0ED347A80ED357A70470C
:10AC90000123C0ED347A80ED357A80F8D8307047E2
:10ACA000D0ED0B7A90ED0C6AD0ED136A90F8D830A5
:10ACB000027FC0F8800086EE277A80F89E2067EE3B
:10ACC000A67A27EE277A2BB1C0ED347A80ED357A5B
:10ACD000012070470123C0ED347A80ED357A80F889
:10ACE000D8300120704700BF10B52DED028B04460F
:10ACF00082B0406900F0B2FEA06900F0AFFEDFED67
:10AD0000147A94ED028A94ED120AE06828EE278AFC
:10AD100001A988EE000AF2F725F9A0B1E068DDED9F
:10AD2000017AF7EE006A86EEA77ADFED0A7A84ED03
:10AD3000317A27EE088A68EE277A84ED5D8AC4EDC1
:10AD40005E7AF2F72BFA02B0BDEC028B10BD00BFA9
:10AD50001F859B3FCDCCCC3D10B504469030FFF70E
:10AD6000E7FDD4F884009FED167A402100F51270BB
:10AD7000FFF7E6FD134BD3EDC07AF8EE677A67EE86
:10AD8000877AC4ED267AEFF3108C72B6002123681F
:10AD900094F89C00A4F89C101B685A6C22F4804222
:10ADA0005A645A6C22F400425A64C4F8A8118CF315
:10ADB000108800B910BDBDE81040FEF7B7B900BF5C
:10ADC0006F120339C0E30020F8B505460C4616465D
:10ADD000EFF3108772B6124B93F8CC3113B1114BCD
:10ADE0001B7893B12B6822881B685A6362889A6328
:10ADF000A288DA6336B995F89C201AB15A6C42F4ED
:10AE000080425A6487F31088F8BD4FF40002002393
:10AE1000FFF7A2FFE6E787F310881DF099F900BF5E
:10AE2000C0E3002071A30020D0F8843090ED0F0A19
:10AE3000D3F8583110B593F83820022A2DED028B43
:10AE4000044629D093ED5D8AB4EEC80AF1EE10FAFB
:10AE5000D8BFB0EE408AA06903689B6898476069D4
:10AE60000368B4EE480AF1EE10FAF0EE407A9B68FF
:10AE700094ED0F0A48BFB0EE678A9847B4EE408A57
:10AE8000F1EE10FAC8BFB0EE408AB0EE480A84ED89
:10AE90005C8ABDEC028B10BD074BDFED087A93EDA9
:10AEA000008A28EE278AB4EEC80AF1EE10FAD8BF5D
:10AEB000B0EE408ACFE700BF780C00207CD8103F6E
:10AEC00090F83830D0ED0D7A90ED5C7A032B67EE78
:10AED000877A0ED0F5EEC07AF1EE10FA14D490ED28
:10AEE000110AB4EEE70AF1EE10FA58BFB0EE670AA5
:10AEF0007047D0F8843093ED377A67EE877AF5EEB5
:10AF0000C07AF1EE10FAEAD5DFED017AE7E700BF8B
:10AF100000000000A2F5BA7C40F617539C4510B51E
:10AF2000044617D8A2F5006307EE903A9FED0F7A1A
:10AF3000D1ED316AF8EEE77A012367EE877A91ED79
:10AF4000027A037167EEA67A67EE877AC0ED007A1F
:10AF5000204610BD01F190004FF480620023FFF7FE
:10AF6000E7FC00232371204610BD00BF3333533A62
:10AF700030B52DED028B8BB03C493D4A0291002348
:10AF80003C490993CDE906330892049301224FF01E
:10AF90007E5300916946B0EE408A054601938DF8D4
:10AFA00024208DED050ACDED030A40F6B834FFF7F5
:10AFB000F9FD08E0D3F8583193F89C3053B1FBF712
:10AFC0004DFD013C06D0D5F8843093F86C22012069
:10AFD000002AEFD095F89C40EFF3108C72B6002158
:10AFE0002B6895F89C00A5F89C101B685A6C22F4FD
:10AFF00080425A645A6C22F400425A64C5F8A8117F
:10B000008CF3108838BB9DED067ADDED057A87EE6E
:10B01000270A85ED0C0AFDF7A5FCF8B9DDED078AD6
:10B02000B0EE680AFDF79EFC50B9F0EEE88A88EEB3
:10B03000887ADFED117AB4EEE77AF1EE10FA05DDE9
:10B04000002208232846FFF787FE002420460BB085
:10B05000BDEC028B30BDFEF769F8D4E70122002376
:10B060002846FFF779FE0024D8E700BF0000A04281
:10B070000000C07F38BB0308CDCC4C3E30B589B052
:10B080003749384C05910023002269460094054653
:10B090008DF8083003920493069307928DED010A10
:10B0A00040F2E244FFF77EFD08E0D3F8583193F810
:10B0B0009C3053B1FBF7D2FC013C06D0D5F884306C
:10B0C00093F86C220120002AEFD095F89C40EFF312
:10B0D000108C72B600212B6895F89C00A5F89C1086
:10B0E0001B685A6C22F480425A645A6C22F4004263
:10B0F0005A64C5F8A8118CF3108870BB069B049A9B
:10B10000DFED196ADDED075A9B1A07EE903AF8EE6B
:10B11000677A87EEA67ADDED017ADFED146A85EEB7
:10B12000876AF0EEE77A87EE867AB4EEE67AF1EE99
:10B1300010FA85ED0B7A06DBDFED0D7AB4EEE77AD7
:10B14000F1EE10FA06D90222002305F19000FFF774
:10B15000EFFB0024204609B030BDFDF7E7FFCDE747
:10B160000000C07F54BB0308A037204DBD37063612
:10B170006F12833B10B590F838302DED028B0446EA
:10B1800090ED0A8AE3B1032B1AD0022B20D1D4ED23
:10B190000B7A94ED0C6AD4ED136A94F8D83086EEED
:10B1A000277A67EEA67A27EE277AEBB1C4ED347AD8
:10B1B00084ED357ABDEC028B012084F89E0010BD31
:10B1C00094ED090AF0EE480A2046FFF7D1FE18B9BF
:10B1D000BDEC028B002010BDB0EE480A2046FFF700
:10B1E0004DFF0028D3D1F3E70123C4ED347A84ED79
:10B1F000357A84F8D830DDE782B02DE9F041044695
:10B200008748D4ED1F7A456AD4F884608AB0B1EEDD
:10B210000E7A10A880E80C0067EE877AD4F88830A0
:10B2200094ED2F7A94F89D200133B4EEE77A6D0007
:10B23000C4F88830F1EE10FA02F1FF330F46ADB2D8
:10B2400094F8AC10DBB2C0F2A18094ED2C7AD4ED6E
:10B250005E7AF0EEC76AF4EEE67AF1EE10FA40F3A9
:10B260009580D4ED2D6AB0EEE66AF4EEC67AF1EE82
:10B2700010FA40F38B8094ED2E5AB0EEC56AF4EECE
:10B28000C67AF1EE10FA40F38180012B40F29D80E6
:10B290009DF84C30002B7BD0DDED105A9DED116AEE
:10B2A000DDED127A75EEC75A77EEC57A36EE667A1C
:10B2B000002900F0A480C4ED285A84ED297AC4ED59
:10B2C0002A7A584804F044FE94F8AC30002B65D03C
:10B2D000D4ED297A94ED287AD4ED2A6AD4ED105A67
:10B2E0009FED516A67EEA77AE7EE077A94ED5C7AF4
:10B2F000E6EEA67A37EE257A67EE867A27EE077AAB
:10B30000B4EEE77AF1EE10FA6BD4D4F8A8C1BCF130
:10B31000000F23D0454B1B680493DCF80030D3F8B2
:10B32000048094F8AC3001228DF81420002B40D119
:10B330008DF8243003970AAA12E907008DE8070068
:10B3400004AF97E80600069B6046C0470B4650EAEC
:10B35000030103D002462046FFF7FEFC304B344A7F
:10B360005B6A11785B009BB25A1B19B1C6E987531F
:10B37000C6F82422D6F82832934238BF1346C6F8BE
:10B3800028320AB0BDE8F04102B07047012B1CD949
:10B39000002996D0002384F8AC3092E794F89C30D2
:10B3A000002BB2D04FF0804200232046FFF7D4FCA0
:10B3B000ABE7D4F8A0300693D4F8A4300793D4F8C0
:10B3C000A8308DF824200893B4E70023C4F8A030F7
:10B3D000C4F8A430C4F8A83051B1013284F89D20DB
:10B3E0006FE74FF4805200232046FFF7B5FC8CE74F
:10B3F0000123013284F8AC3084F89D2061E70123F9
:10B40000C4ED285A84ED297AC4ED2A7A84F8AC3048
:10B4100057E7294606F50770FFF7CAFA1CF098FEB1
:10B42000001C0040C0A30020ABAA2A3F780C0020DB
:10B43000BC91002082B030B430499DF81450496A64
:10B4400002AC490084E80C00D0F884408AB2002D98
:10B4500048D09FED2B3A90ED1F7AD0ED2C5A90ED0D
:10B460002D6AD0ED2E6A9DED024ADDED034A9DED79
:10B47000045AC3EE077AF7EE003AF4EE637A34EE3C
:10B48000654A74EEC64A35EE665AF1EE10FAC8BF48
:10B49000F0EE637AE4EE275AA4EEA76AE5EE276A97
:10B4A00090ED2F7AC0ED2C5A37EE037A80ED2D6A9D
:10B4B000C0ED2E6A114B13495B6A80ED2F7A5B0059
:10B4C00008789BB2991A18B1C4E98323C4F81412FE
:10B4D000D4F818328B4238BF0B46C4F8183230BC4F
:10B4E00002B07047DFED087AB0EE677AC0ED2C7AD3
:10B4F000C0ED2D7AC0ED2E7ADCE700BF001C0040C5
:10B500006F120339BC910020000000005E4B5F4ABF
:10B51000F0B55E6AD0F88C30D0F88470D0F8A851BD
:10B520000133C0F88C3004468E4607CA89B07600D5
:10B5300000230DF1140C8CE80700CDE90333B6B2FB
:10B54000002D7AD06246D5F800C0284603ABDCF85F
:10B5500008507146A8470B4694F89C10B1B350EAC6
:10B56000030179D19FED4A6ADDED056A9DED067A0A
:10B57000DDED077A66EE866A27EE067AFCEEE66A6D
:10B5800067EE867A16EE903ABCEEC77AFCEEE77A62
:10B59000ADF8043017EE103AADF8063017EE903AD9
:10B5A000002201A92046ADF80830FFF70DFC94F801
:10B5B0009C305BB19DF8103013B1DDED037A0EE0E5
:10B5C0004FF0804200232046FFF7C6FB9FED317A03
:10B5D0000123F0EE477A8DED037A8DF8103094ED6B
:10B5E0001C7AC4ED307AB4EEE77AF1EE10FA1DDC85
:10B5F00094ED1D7AB4EEE77AF1EE10FA16D4FDF769
:10B6000095FD214B244A5B6A11785B009BB29A1B23
:10B6100019B1C7E98B63C7F83422D7F8383293429F
:10B6200038BF1346C7F8383209B0F0BD4FF4800276
:10B6300000232046FFF790FBE1E794F89C30002BB5
:10B64000C4D022681268526C2B464FF40010024698
:10B650002046FFF781FBAAE721680968496C11F4CD
:10B660000041F4D1042B08BF8842F0D1002201230D
:10B6700003928DF81030A0E7314607F50B70FFF705
:10B6800097F91CF065FD00BF001C004040940308C2
:10B6900000C05A4500000000BC91002010B50446CF
:10B6A000C068F1F7B1FCE068F1F74CFC80B1A0692B
:10B6B00000F018FA20B1606900F014FA70B110BD02
:10B6C0004FF4003200232046FFF746FB002010BD58
:10B6D000082200232046FFF73FFBF7E74FF48022C4
:10B6E00000232046FFF738FBF0E700BF70B52DEDD3
:10B6F000028B90F88031022B044600F0D680012B9B
:10B7000000F0C080002B40F05C8190ED5F7AD4F8AF
:10B710009C31D4ED637A012B27EE277A00F0C080AC
:10B720009FEDA96AF0EE467AD4F88450D5F85831E6
:10B7300093F83820D3ED5C6A032A00F0D3809FEDA4
:10B74000A38A26EEC88AB4EE678AF1EE10FAC8BF63
:10B75000F0EE487AB1EE488AF4EEC87AF1EE10FACB
:10B76000D8BFB0EE678A032A00F0E88093ED0D6A37
:10B77000C7EE067A28EE487AA6EEA67AB5EEC07A2B
:10B78000F1EE10FA00F2A280F5EEC07AF1EE10FAB6
:10B7900000F10D81DFED8C8AF4EEE87AF1EE10FA1B
:10B7A000D8BFF0EE678A022A06D0002384ED688AAB
:10B7B000C4ED698AC4F89C31854B5E6A05F1B0001E
:10B7C0007600B6B201F0B8FD814B82495B6A097818
:10B7D0005B009BB29A1B19B1C5E97763C5F8E421F8
:10B7E000D5F8E831934238BF1346C5F8E83194F8EC
:10B7F0008831022B00F0B480012B00F0D180002BA7
:10B8000040F0DF80D4ED616A94F86C2094F86D30DC
:10B81000002A00F0B88094ED0B6ADFED6B7AD4ED6E
:10B820000C5A26EE866AB0EE677AA8EEC67AE6EE85
:10B83000087AA5EE887AE8EEA57A6BB194ED086AED
:10B84000D4ED0D4A9FED645AB8EEC66A66EE856A7D
:10B85000C4EE865AE6EEA57AD4F88430D3F858318F
:10B8600093F83830022B04BF37EE087A78EEA77AC7
:10B87000BDEC028B002384ED657AC4ED667AC4F8D2
:10B88000903170BDD0F87C31ABB193ED007AD4F833
:10B890009C31D4ED637A012B27EE277A7FF440AFF9
:10B8A000D4ED687A94ED696A3EE7D0F87C3113B143
:10B8B0001A68002A6ED04FF08052BDEC028B04F162
:10B8C00090000023BDE87040FFF732B8F1EEC78A60
:10B8D000B1EE687AB4EE677AF1EE10FAC8BFF0EE16
:10B8E000477A59E794F8600000283FF428AFB0EE9B
:10B8F000C66AF4EEC67AF1EE10FA4CBFD4ED195ACE
:10B90000D4ED1A5A9FED355A9FED358A36EE676AA7
:10B9100026EE888A26EE256AD4ED175AE6EE057AD9
:10B92000F4EE657AF1EE10FA48BFF0EE657AB4EE07
:10B93000E78AF1EE10FA58BFB0EE678AD5ED377A94
:10B94000D4ED165A93ED0D6AF4EE657AF1EE10FA25
:10B9500048BFF0EE657A26EE276AC7EE067A09E759
:10B96000D4F8843123B11A6812B9D3ED016A4BE7D8
:10B9700094F86C308BB994F86D3073B99FED127AEE
:10B98000F0EE477A68E7002BF8D0DFED0F7AB0EEE3
:10B99000677A53E793ED017AB9E64FF000628CE7DE
:10B9A000D4F88431002BE3D0D3ED006A2CE7DFED2F
:10B9B0000D8AF8E6314605F5EE70FEF7F9FF1CF04A
:10B9C000C7FB0948FEF7E2FF00000000A4707D3FBE
:10B9D000001C0040BC910020ABAA2A3F6F12033923
:10B9E0006666663F00000080849B030808B5C36953
:10B9F0001B782DED028BB0EE408A2BB3D0E90532D7
:10BA000090ED047AD2ED007AD3ED006A37EEC77A72
:10BA100077EEE67AC7EE278A68EE808AF5EEC08A6E
:10BA2000F1EE10FA15D4B0EE680AFCF79BFFDFEDDB
:10BA30000A7A002818BFF0EE678AF4EEC88AF1EEA1
:10BA400010FAD8BFB0EE688AB0EE480ABDEC028B9F
:10BA500008BDDFED018AF0E70000000010B50446E4
:10BA60002DED028B8088FDF703FAD4E90232DFED79
:10BA70001B7A4AB103EB8202B3EC017AA0EE277A7B
:10BA80009A42F0EE477AF7D194ED097ADFED146A25
:10BA900094ED0A8A77EEC77AA7EEA67A77EE487A0F
:10BAA00084ED097AA7EEA68AB0EE480A84ED0A8AE8
:10BAB000FCF758FF20B984ED048ABDEC028B10BD61
:10BAC000DFED067AB0EE678A84ED048ABDEC028B66
:10BAD000C4ED097AC4ED0A7A10BD00BF0000000071
:10BAE0000BD7A33AC3691B7883B1836990ED047ABD
:10BAF000D3ED007AF1EE046A77EEA67AB4EEE77A37
:10BB0000F1EE10FAB4BF0120002070470120704709
:10BB100030B500F12C05C0E902230D4C456100232E
:10BB200000F13005C0E908330A4A818004610A49FE
:10BB30000A4C8561836200F13405012300F1240E73
:10BB4000C5610460C162026380F8343030BD00BF5B
:10BB50000000C07F0000F0420000C84204BD03089E
:10BB600070B5194B194DDFF870C0044693E8030017
:10BB700082B06A4604F12C0682E80300A66004F154
:10BB80004006256166614FF6FF7504F14406002307
:10BB90000421A580A6610E480E4DE16004F148061F
:10BBA000A1872064C4E9083392E80300E661A36238
:10BBB0002560C4F844C084F84830FCF7E7FFA08053
:10BBC000204602B070BD00BF181000200000C07FEA
:10BBD0000000C84218BD03080000F04210B5828F73
:10BBE000094BC064102A98BF03EBC203044693E8D4
:10BBF000030082B06B4683E80300FCF7C7FF0346EF
:10BC00000120A38002B010BDF80F002010B5828F74
:10BC1000084B102A98BF03EBC203044693E80300C5
:10BC200082B06B4683E80300FCF7B0FFA08002B04F
:10BC300010BD00BFF80F0020EFF3108372B68268CA
:10BC400007EE901A1268C0F89010F8EEE77AA0F8A4
:10BC5000EA10C0ED2B7A516283F31088704700BF61
:10BC60000B781BB10368012283F8F620012070478E
:10BC70000B781BB10368012283F8F720012070477D
:10BC800052B1012A02D1016000207047022A04BF8C
:10BC90000B68036000207047014B03600020704771
:10BCA0009CBD030852B1012A02D1016000207047F7
:10BCB000022A04BF0B68036000207047014B036039
:10BCC0000020704760BD0308038819430180704756
:10BCD00003680B4303607047084070472DE9F04745
:10BCE00082B08446816000F1140400F10C0102A8C6
:10BCF00000E90C004E48CCF8000081E80C000AABCB
:10BD000093E803000CAB84E8030093E803000CF114
:10BD10001C0383E803000EAB93E803000CF124033B
:10BD200083E80300434BCCF83C30434BCCF8443021
:10BD3000424A434E109DCCF838204FF40053002463
:10BD40004FF0000ECCF850303E4ACCF82C5040F268
:10BD50000113CCF84020CCF83040ACF83440CCF89B
:10BD60004840CCF84CE0CCF854E0ACF85840CCE972
:10BD700017430FCE0CF16805ACF864400FC596E888
:10BD80000300DFF8C4A085E8030002274FF0040990
:10BD90004FF6FF786046CCE92244CCE92444CCF845
:10BDA00080A0ACF88490CCF898E0CCF89C70CCF8EB
:10BDB000A0E0CCF8A470CCF8A8E0CCF8ACE0CCF8CB
:10BDC000B0E0CCF8B4E0CCF8B8E0CCF8BCE0CCF80B
:10BDD000C0E0CCF8C4E0CCF8C840CCF8CCE0CCF85B
:10BDE000D070CCF8D4E0CCF8D870CCF8DCE0CCF84B
:10BDF000E070CCF8E4E0CCF8E8408CF8F240CCF805
:10BE0000F440CCF830E1CCF834E18CF83841ACF8AF
:10BE10003A41CCF83C41ACF84041ACF84C81CCF80C
:10BE20007C41ACF880418CF8984102B0BDE8F087C5
:10BE3000DCBD0308DB0F494200007A440AD7A33C6B
:10BE4000E0BD0308DB0F494101000300D0ED117A8A
:10BE50009FED207A77EEA77AB5EE006A67EEA76AC3
:10BE600027EE877A66EE866AB7EE006AB4EEC67A87
:10BE7000F1EE10FA10B50246C0F88800C0ED2F7A36
:10BE8000C0ED306A0C460DD40023A0F8E830012143
:10BE90008C30FFF719FF106B4FF4807100F51270B2
:10BEA000FFF716FF92F8593063B1938E012B0BD038
:10BEB000022B02D1012382F88F30032C04BF01230F
:10BEC00082F88F30012010BD92F86530002BF4D03D
:10BED000F0E700BF6F12033908B502460023A0F84F
:10BEE000E8308C30FFF7F0FE106BBDE808404FF4EF
:10BEF000807100F51270FFF7EBBE00BF90F858306C
:10BF000010B50446B3B3EFF3108372B600220021DC
:10BF1000C0F89410C0F8B02083F3108890F8603017
:10BF200003B3D0ED147A90ED157A03681D4A1B68AF
:10BF3000F8EEE77A934267EE877AFDEEE77A17EE3E
:10BF4000901A2CD1EFF3108372B68268F8EEE77A7C
:10BF50001268C0F89010C0ED2B7AA0F8EA10516278
:10BF600083F3108894F8593053B984F88F30012343
:10BF700084F88E3004F10C00BDE8104005F0C2BA20
:10BF8000236BD3F8003103F54053012293F898183E
:10BF900084F88F200029EAD083F83E29E7E7984704
:10BFA000E0E700BF39BC0108FFF7A8BF90F85830A0
:10BFB00013B90C3005F0A6BA19B990F86230002B0D
:10BFC000F7D100B583B0074B0090002201210C305F
:10BFD00005F0CEF918B9044B012283F8F02203B022
:10BFE0005DF804FBA9BF0108C0E30020D0ED117A81
:10BFF0009FED147A77EEA77AB5EE006A67EEA76A2E
:10C0000027EE877A66EE866AB7EE006AB4EEC67AE5
:10C01000F1EE10FAC0ED2F7AC0ED306A00D570470E
:10C0200008B502460023A0F8E83001218C30FFF764
:10C030004BFE106BBDE808404FF4807100F51270A4
:10C04000FFF746BE6F120339036BD3F8583193F8EC
:10C050003830032B0CD090F88F300BB980F8593062
:10C06000B0F83A3123B990F88E300BB980F85930D6
:10C07000704700BF30B590F862200125002387B0DB
:10C08000044680F8585080F88E30DAB90090144B8E
:10C0900029460C3005F06CF9C0B1206B002202ABD0
:10C0A00000F12401CDE9032202920592FDF79AFCEA
:10C0B000049B04461BB102A9032208469847204668
:10C0C00007B030BD0C3005F01DFAE6E7054B83F8EC
:10C0D000F052E2E702A8FDF785F91CF039F800BF3D
:10C0E000A9BF0108C0E300202DE9F041066BD0F89C
:10C0F000907006F1240E0546BEE80F008CB00DF1DD
:10C10000140CACE80F009EE807008CE80700DDED9A
:10C11000097AB0EE087A002467EE877A4FF48078C7
:10C1200001AB3046224605A9CDE9024401940494AE
:10C13000ADF82C808DF82E40CDED0A7AFDF752FC3B
:10C14000039B04461BB101A90322084698473CB152
:10C15000D5F8903007F10802934205DD0123EB6525
:10C1600020460CB0BDE8F081083FBB42B4BF4FF0A1
:10C17000FF3300232046EB650CB0BDE8F08101A839
:10C18000FDF730F91BF0E4FF2DE9F041066B06F1F5
:10C19000240E044600F1F807BEE80F008CB00DF144
:10C1A000140CACE80F009EE807008CE80700DDEDFA
:10C1B000097AB0EE087A002567EE877A29462022B0
:10C1C0004FF4807884F865503846ADF82C808DF8AF
:10C1D0002E50CDED0A7AE4F73FF92F4B04932F4B05
:10C1E00003932A4605A9304601ABCDE90145FDF789
:10C1F000F9FB039B05461BB101A90322084698479A
:10C20000002184F8F610BDB304F1F40C08460B4687
:10C2100001265CF8042F002A07DD06FA03FE322A05
:10C2200040EA0E00C8BF41EA0E010133082BF0D1ED
:10C23000814212D1C9B27E2925D0BD2921D0DB2966
:10C2400023D0E72909D104220123284684F8642059
:10C2500084F865300CB0BDE8F0810023102104F1B2
:10C260008C00A4F8E830FFF72FFD206B4FF48071AD
:10C2700000F51270FFF72CFD002528460CB0BDE834
:10C28000F0810122E0E70022DEE70222DCE701A8DC
:10C29000FDF7A8F81BF05CFF61BC0108A5BC010814
:10C2A0002DE9F047D0F8308008F1240E054600F162
:10C2B000680400F18007BEE80F008CB00DF1140C8B
:10C2C000ACE80F009EE807008CE80700DDED097A76
:10C2D000B3EE0E7A67EE877A00264FF480794FF03E
:10C2E000010ABC4285F8F5A0ADF82C908DF82E60BF
:10C2F000CDED0A7A05D0AE666660A660E66026617E
:10C300006661554B04930022544B039305A94046A4
:10C31000C5F81821C5F81C21C5F82021C5F824212D
:10C32000C5F82821C5F82C2101AB01950292FDF733
:10C3300059FB039B80461BB101A90322084698477D
:10C34000B5F88C001021FFF7C7FC002856D1B8F1D2
:10C35000000F53D095ED1A5A9FED416ADFED415A17
:10C36000F0EE457A05F16C0305F1840211E0F3EC7F
:10C37000016A76EEE77A9A4287EEA57ABDEE477AB1
:10C38000B8EEC77AE7EE657A36EE276A11D0F0EE9E
:10C39000667A9F42EBD175EE677ADFED326A87EEFF
:10C3A000A67ABDEE477AB8EEC77AE7EE667A36EE41
:10C3B000276AB5EEC06AF1EE10FA2FD40123EB65BF
:10C3C0009FED296AF1EE086AF4EC017A77EEC57AFE
:10C3D00067EE867A87EEA67ABDEE477AB8EEC77A20
:10C3E000E7EE667AF5EEC07AF1EE10FA48BF77EE26
:10C3F000A67ABC4244ED017AE6D108E01B4E0FCE8E
:10C400000FC496E8030084E803004FF000080023FF
:10C41000404685F8F5300CB0BDE8F0874FF0FF33AB
:10C42000DFED106AEB652346D3ED007AF1EE677A13
:10C4300087EEA67ABDEE477AB8EEC77AE7EE667A5F
:10C44000E3EC017ABB42EFD195ED1A5AB8E701A8A7
:10C45000FCF7C8FF1BF07CFE71BC010881BC010821
:10C4600000000000DB0FC9404576743FE0BD0308C3
:10C4700090F858302DE9F047054623B190F88E30FA
:10C48000002B00F0DA80AB8E012B00F0CC80D5F8C9
:10C490009430C5F89030EFF3108072B62B6BDFED5F
:10C4A000DC7AD3F85821D5ED0F5A92ED097AC3ED15
:10C4B0004B7A77EE076A0021C3F82811C3F83411CC
:10C4C000C3F84011C3F8481192F83810C3ED426A1E
:10C4D000C3ED436ADFEDCE6AC3ED4C7A0229C3EDAA
:10C4E0004E7AC3ED4F7AC3ED537A0ABFB0EE475A86
:10C4F000B0EE675AB0EE677AB6EE006AF0EE667A92
:10C50000E5EEC67A4FF0FF44C3F810419FEDC16AD3
:10C5100083ED467A87EE867ABDEE477A0024C3F82B
:10C520005041023918BF0121B8EEC77A83ED475A4E
:10C53000E7EE467AC3ED456AC3ED556AC3ED487A26
:10C54000C3ED517A92F8EC4082F8E010022C1CBF47
:10C55000022482F8EC4092F8F840022C1CBF02241E
:10C5600082F8F84092F8004103F59471022CC2F869
:10C57000E41003F59A71C2F8F01018BF022403F515
:10C58000A07118BF82F80041C2F8FC1093F8BC40BB
:10C59000C3F8B810022C1CBF022483F8BC4092F8E8
:10C5A0008841022C1CBF022482F8884192F808417D
:10C5B000022C03F5A4711CBF022482F80841C2F8C2
:10C5C0008411C2F8041193F8C420C3F8C010022AE1
:10C5D0001CBF022283F8C42080F31088286BFDF76B
:10C5E00037F92B6BD3F8580100F1C801FEF7DAFADE
:10C5F0004FF47A7406E093F86C3263B9FAF72EFAC6
:10C60000013C29D02B6BD3F8582192F89C60012073
:10C61000002EF0D103E000211046FEF705FB0026B6
:10C620003046BDE8F08795F86530002B7FF42FAFDA
:10C63000A5F8E8304FF4007102E0A0F8E8302021BE
:10C6400005F18C00FFF740FB286B4FF4807100F57B
:10C650001270FFF73DFBE2E7D5F89090EFF3108200
:10C6600072B62B6B296CC3F814110020C3F8540167
:10C67000C3F8504182F31088D5F830A09AF86C3294
:10C68000002B40F0E9802746A04615E095ED0F7A93
:10C69000DAED557AB4EEE77AF1EE10FA15D9DF1932
:10C6A00048EBE378FAF7DAF9D5F830A09AF86C326B
:10C6B0000134002B40F0B280DAF85821D5F89030E0
:10C6C00092F89C200120002AE0D109F1080293424F
:10C6D00007DCA9F10802934280F285804FF0FF3217
:10C6E00000E0012295ED147AEA65B8EEC77AF7EE1C
:10C6F000004AC4EE876AA3EB0903002BDAF858213D
:10C70000B8BF5B4207EE903A136A9FED435AD5EDEE
:10C710000F5A95ED0E6A5B0007EE103AB8EEC77A35
:10C72000F8EEE77A27EE057AC5ED317A27EE267A1C
:10C73000C5EE876A77EEE67AF0EEE77A87EEA67ABC
:10C74000B4EEC67AF1EE10FA73DCEFF3108372B632
:10C75000D5ED107A2A6BF1EE677AC2ED457A83F354
:10C7600010882B6B93F86C226AB15AE0D5F89030A0
:10C77000DF1948EBE378FAF771F92B6B93F86C2229
:10C780000134002A4DD1D3F8582192F89C10012091
:10C7900000293FF444AFD3ED557AF5EEC07AF1EEBF
:10C7A00010FAE3D810460021FEF73EFA002338467F
:10C7B00022464146EEF798FF04FB107707EE907A89
:10C7C000B8EEE77A07EE904AF8EE677AB6EE006ABE
:10C7D000C7EE276A0123A86485F88F3076EE867A43
:10C7E000C5ED137A1CE7002205F18C00A5F8E820BE
:10C7F0000421FFF769FA0AF512704FF48071FFF710
:10C8000067FADAF858011146FEF70EFA07E700BF9B
:10C8100000000000DB0FC940DB0F4940D5F8903025
:10C8200053E7D3F8582192F89C30002B3FF4F7AE31
:10C83000B8E7002405F18C00A5F8E8400221FFF7D5
:10C8400043FA0AF512704FF48071FFF741FA21465E
:10C850001046FEF7E9F9E2E6D5F890302746A04603
:10C8600033E700BF2F4A4369018B93422DD002F575
:10C870008062934253D002F58062934208BF022344
:10C8800024D00022C3692749B0F820C08B4226D0AB
:10C8900001F580618B423ED001F580618B4208BF7B
:10C8A00002231DD0436A1F49B0F828C08B4223D011
:10C8B00001F580618B4230D001F580618B4208BF69
:10C8C00002231AD080F8F2207047002300EB4303C4
:10C8D000B3F8EC30194214BF01220022D2E7002342
:10C8E00000EB4303B3F8EC301CEA030F14BF012341
:10C8F000002342EA4302D5E7002300EB4303B3F8E9
:10C90000EC301CEA030F14BF0123002342EA830228
:10C9100080F8F22070470123E2E70123EDE70123CD
:10C92000D4E700BF0000024038B5B0F83A31DB056B
:10C9300001D4012038BD00F5A8750446284605F04D
:10C9400087F90028F6D0D4F83C11B4F840210D4BFB
:10C95000C4F8903104F5A6700023C4F87C11A4F843
:10C96000802104F5A7710122C4E96212C4F8840190
:10C97000C4F89441E06AC4F89C31294605F0E4F912
:10C98000D7E700BF0DCB010830B5B0F83A31022B24
:10C9900085B004461CD014D86BB12A492A4A2B4BC7
:10C9A000096912691B69A4F8F030A4F8EC10A4F826
:10C9B000EE2005B030BD83681B685B6AA0F8EA30E2
:10C9C000EBE7A3F58073042B2DD8FFF7ADFFE4E769
:10C9D000B0F882301E4D102B94BF05EBC3032B46DD
:10C9E00093E803006B4683E80300FCF7A7F9B4F86B
:10C9F0008430102B88BF164BF6EE007A98BF05EBFB
:10CA0000C30393E8030030EE670A02AB84ED4C0ADF
:10CA100083E80300FCF792F9F6EE007A30EE670A3D
:10CA200084ED4D0AB9E70023A0F8E83008218C30E6
:10CA3000FFF74AF9206B4FF4807100F51270FFF791
:10CA400047F9AAE700000240000402400008024043
:10CA5000F80F0020024699B308B5B0F83A31B3F5A3
:10CA6000827F3DD8B3F5817F17D8B3F5807F2BD077
:10CA700040F201118B4233D1B0F84E3183EA1321D9
:10CA800081EA111181EA910181EA5101C90711D4AA
:10CA900058040FD4C3F30D0302E0B0F84E319B08E5
:10CAA00092F85900C2F8C830012182F8381108B153
:10CAB00082F88F10BDE8084002F5A87005F0DAB8DA
:10CAC00000F5A87005F0D6B8B0F84E3183EA13210E
:10CAD00081EA111181EA9101C9438907EAD1D9E7B5
:10CAE0000023A2F8E830082102F18C00FFF7ECF8EF
:10CAF000106B4FF4807100F51270FFF7E9F8BDE894
:10CB0000084002F5A87005F0B5B800BFFFF7A2BF56
:10CB1000B0F88020134B10B5102A98BF03EBC20366
:10CB2000044693E8030082B0EC468CE8030001223F
:10CB3000BCF80410C4F83C01A4F8401100231146CD
:10CB400004F59E7004F036FBD4F83C0138B1B4F81B
:10CB50004011012202B0BDE81040F4F7D5BC02B08C
:10CB600010BD00BFF80F002010B5182104468068E2
:10CB7000F6F762FE00212046FFF718FAA38EA4F80C
:10CB80003A31B3F5817F37D0B3F5827F4FF48270AD
:10CB90000CBF012100214FF000024FEA4101C4F80F
:10CBA00050014FF40060C4E95520C4F85C114FF007
:10CBB00001004FF40071C4E958014FF018004FF024
:10CBC0000A01C4E95A02C4E95C22C4F8781110D100
:10CBD000A4F84C212046FFF79BFF236BD3F80031CC
:10CBE00003F5405393F8982812B1012283F83E29A7
:10CBF00010BDDB05EED410BD4FF4006200234FF4EE
:10CC000082700221C4F858210122C4E95712C4E9F4
:10CC1000540318214FF400700A22C4E95901C4E9F1
:10CC20005B33C4E95D32D5E710B52DED028B0446C8
:10CC3000B0EE408AE3F72EFBB1EE087AC8EE077A31
:10CC4000FDEE677AF8EEE77AFDEEC06AB0EE480ACC
:10CC5000A7EEC70A16EE900AB5EEC00AF1EE10FA7A
:10CC600048BF30EE070AB1EE087AFDEEC07A17EE43
:10CC7000903A5A1F012A94BF05235A1C04EB8303E0
:10CC8000D3ED1A7A70EE677A98BF0022C7EE876AF2
:10CC9000FDEE666AF8EEE66AE6EEC77AF5EEC07A71
:10CCA000F1EE10FA16D404EB8204D4ED1A7A30EEC9
:10CCB000670ABDEC028BC0EE077AFDEE677AF8EEEC
:10CCC000E77AA7EEC70AB5EEC00AF1EE10FAC8BFC0
:10CCD000013010BDBDEC028B013810BD2DE9F041D3
:10CCE000B0F83A31D0F8C860022B2DED068B04461F
:10CCF00000F0A18100F23581002B00F07681FFF772
:10CD0000B1FD90F8F63043B190F8F23000EB8303B8
:10CD1000D3F8F8200132C3F8F82094F86550002DBC
:10CD200040F0F881D4E92486276D96FBF7F307FBE2
:10CD30001366002EC4F89080C0F26C8194ED2CAA8A
:10CD4000D4ED2E8ADFEDE97A94ED2B9AA38EC4F808
:10CD50009460B0EE4A8AA8EEA79A012BA8EEA78AA3
:10CD600084ED2B9A84ED2C8AB0EE490A00F05481B0
:10CD7000E3F790FAF0EE409AFDEEE99AB0EE480A39
:10CD800019EE903AA8EB030309EE903AE3F782FA22
:10CD9000FDEEC07AF8EEE99A17EE900A331A07EE24
:10CDA000103A07EE907AB8EEC77AF8EEE77A9FED80
:10CDB000CF6A94ED2F5ADFEDCE5A226BC7EE276A69
:10CDC000FDEE666AF8EEE66A25EE065AA7EEE67A0A
:10CDD000B0EE486AA5EE076AD4ED2D6A77EE664A92
:10CDE000A5EE299AE4EEA56AC6EE275ABDEE655A6D
:10CDF000B8EEC55AC4ED2D6AA7EEC56ADFEDBB4A91
:10CE000094ED305A84ED2B9AB5EEC06AF1EE10FA2B
:10CE100048BF36EE276A65EE244A76EE4A5A89EE16
:10CE2000274AC5EEA76AF0EE685AE4EE875ADFEDAE
:10CE3000B14A9FEDB17A25EE245AF0EEE54AB4EE00
:10CE4000E45AF1EE10FAC8BFF0EE475ABDEE667A2A
:10CE5000B8EEC77AC4ED2E5A85EEA75AD2F8003143
:10CE6000C8BF012136EEC77AD4ED396AD3ED104A36
:10CE700084ED2C6A37EE267A4FF00003C7EE246A61
:10CE8000FDEE666AD8BF1946C4F8D030C4F8D83071
:10CE90000023C4F8E030A36CF8EEE66A84ED354A6E
:10CEA000A4EEE67A84ED375AB5EEC07AF1EE10FAC8
:10CEB00048BF37EE247A84ED397A21B994F86110AD
:10CEC000002940F0F480B6EE007AF0EE476A84ED77
:10CED000267A94F88F10002941D0B7EE007AC7EE79
:10CEE000275AD2F85821F31A07EE903A136A9FEDA9
:10CEF000836A5A0007EE102AF8EEE77AB8EEC77A8E
:10CF000077EEA67A27EE067AD4ED136A9FED7C6A57
:10CF100027EE257A77EEE67A06EE903A67EE877A84
:10CF200025EE065AC7EE865AFDEE655A0023C4F870
:10CF30009C30C4F8A430F8EEE55AF8EEE66AE5EE67
:10CF4000C67A94ED177A25EE265AB8EEC77A25EE02
:10CF5000075A27EE277A84ED2A5A84ED287A012091
:10CF60003FE0A3F58073042B2BD890F83831D0ED37
:10CF7000337A002B00F0A4809FED5F7ADFED5B6ACF
:10CF800037EE677AE7EE267AC0ED337AD4F894501C
:10CF9000276DD4F89020751B002384F8383195FB59
:10CFA000F7F307FB1355002DB8BFED1907EBD77347
:10CFB000B5EB630FC8BFED1B05EB0208C4F890800A
:10CFC000BCE60023A0F8E830082104F18C00FEF74D
:10CFD0007BFE206B4FF4807100F51270FEF778FE37
:10CFE0000020BDEC068BBDE8F081D0F89030B0F8A1
:10CFF000EA50D0F89460076DED1A2DB203EB0508E6
:10D000002E4496FBF7F307FB1366002EC4F89080BE
:10D01000BFF694AE3E4491E62046FFF705FEA8EB2E
:10D02000000007EE900AB0EE480A2046F8EEE79AB4
:10D03000FFF7FAFDB2E6D0ED4D0A90ED4C0AFBF792
:10D040006BFBDFED307AD4F894202F49276D20EE6A
:10D05000270ABDEEC00A10EE103A9B1A81FB0301AD
:10D06000DD17C5EBA12541F68B0101FB1535002D20
:10D07000B8BF6D1840F645408542C8BFA5F5C455F8
:10D08000D4F89030B4F83A11C8BF0B3D05EB030853
:10D09000531993FBF7F207FB1233002BB8BFDB19D0
:10D0A00011F4807FC4F8908008BF1E4646E6002D2C
:10D0B0003EDD9FED117AF0EE476A84ED267A08E7AF
:10D0C000B7EE007A37EE677A9FED086ADFED0F6AF8
:10D0D000E7EE067AF4EEE67AF1EE10FAC0ED337A76
:10D0E0007FF754AFA0F8E83080216EE76F12033964
:10D0F000CDCCCC3D6F12833800000000DB0F4940DF
:10D10000DB0FC94000007A44BF05B929CDCC4C3DA6
:10D110006F12033994F8F23094F864205340013BC5
:10D12000052B00F28F80DFE803F06A1B68666462FB
:10D1300011D11FED096AD4ED266AE5EE866AB7EED5
:10D14000007AF4EEC76AF1EE10FA72DD84ED267A09
:10D15000F7EE006ABDE64FF07E51C4F89810F7E78D
:10D16000022394F8F520002A4BD094F8F72094F885
:10D17000F410002A6ED000296ED094F8F3103F4AC4
:10D18000581A82FB0052A2EBE07202EB4202A0EBC3
:10D190004202002A66DB27D0012A68D0052A54D132
:10D1A00004EB8102206BD2F8181190ED517A013115
:10D1B0000129C2F8181157D0D2ED1A5A9FED306AE2
:10D1C00007EE901A77EE656AF8EEE77A86EEA77AB0
:10D1D00077EE257A87EE867ABDEE477AB8EEC77A83
:10D1E000E7EE467AC2ED1A7A84F8F330B7E6032305
:10D1F000B7E70523B5E70423B3E70123B1E700232D
:10D20000AFE7D4F894601D4D276D9B1B85FB03256C
:10D21000A5EBE37505EB4505B3EB450548BF0635C2
:10D22000D4F89030032DC8BF063D05EB03082E440B
:10D23000E7E6F5EEC06AF1EE10FAC4ED266A3FF5B6
:10D2400038AF46E694F863309BB90023A4F8E83081
:10D250001021BAE60029C7D1012284F8F33084F8FE
:10D26000F4207CE6063297E782ED1A7ABCE719468D
:10D2700096E7D4E92486276D0025C2E6ABAAAA2A40
:10D28000DB0FC94090F8283083B1D0ED077AD0ED9C
:10D29000096A90ED087A77EEA67AF4EE477AF1EE15
:10D2A00010FAC8BFF0EE477AC0ED077A837A027DA4
:10D2B000427513B30389144A817D102B98BF02EB8A
:10D2C000C3021368928823B11B691A4214BF012359
:10D2D0000023994217BF9FED0D7AD0ED077A80EDBC
:10D2E000077AF0EE477A90ED087A8375B4EEE77A24
:10D2F000F1EE10FA02D8C27A0AB10375704783F0D2
:10D3000001030375FAE700BFF80F002000000000DA
:10D31000D0ED017A9FED077A837A80F82830F8EE15
:10D32000677A002267EE877AC261C0ED097A012030
:10D33000704700BF6F12833A38B52DED048B037B25
:10D34000022B044600F0B780012B00F08D80002BEB
:10D3500040F0DC8090ED028A0123227D022A00F059
:10D360008C80012A00F0AF80002A40F0CF8094ED3D
:10D37000049A012294F82000022800F08B800128F2
:10D3800000F0A680002840F0BC8094ED067A94ED71
:10D39000076A0120002B00F08980002A00F09F809E
:10D3A000002800F0A98094F82430A26AA162002B22
:10D3B00000F09D808B1A07EE903ADFED565AD4EDBF
:10D3C0000B6AF8EE677A37EE667AC7EEA59AD4ED67
:10D3D000015A27EE257AF0EE667AE9EE877AC6EEF4
:10D3E000278AC4ED0B7A68EEA58AB0EE680AFBF7CF
:10D3F000B9FA002840F08280DFED477AC7EEA96ACB
:10D40000B0EEE87ADFED457AF4EE476AF1EE10FA15
:10D4100048BFF0EE678AD4ED0C7A9FED417AC4EDF7
:10D420000E8AE8EEA97A0023636338EE899AC7EE84
:10D43000876AFDEE666AE3636364F8EEE66A84ED8C
:10D44000109AE6EEC77A37EE888AC4ED0C7AC8EEF9
:10D45000077AFDEE677AF8EEE77AA7EEC78A84EDE1
:10D46000128ABDEC048B38BD8268002A39D092ED57
:10D47000008A227D022A7FF474AF2269AAB3106861
:10D4800098BB94F8200092ED019A02284FF0010217
:10D490007FF475AFA06930B3056825BB90ED017AC4
:10D4A00090ED026A0120002B7FF477AFBDEC048B76
:10D4B00084F8243038BD83689BB11A688AB993ED2B
:10D4C000018A012349E7206978B190ED009A51E77C
:10D4D000A56945B195ED007A95ED016A5AE71346C5
:10D4E000E4E7002339E7002054E7002242E7002266
:10D4F0000123E2622263D9E70346D7E7DFED078A1B
:10D5000089E7FF2802D10748FDF740FA0648FDF7F2
:10D510003DFA00BFA037204DCDCCCC3D000000002F
:10D52000DB0FC940A89B0308849B03080E4B82882D
:10D5300044F29C1113445B5C0E2B00D070470B4BE4
:10D54000102A98BF03EBC203827918682AB9002811
:10D55000F4D099880122F3F7D7BF18B19988002237
:10D56000F3F7D2BF704700BFC0A30020F80F002020
:10D570000D4B828844F29C1113445B5C0E2B00D04F
:10D5800070470A4B102A98BF03EBC20382791868D0
:10D5900022B140B199880122F3F7B6BF0028EFD03D
:10D5A0009988F3F7B1BF7047C0A30020F80F00209F
:10D5B000B1F5616F3ABF00EB810090ED160A9FED67
:10D5C000010A70470000000000F5405069B100F604
:10D5D0001413D3ED007A30EE270A00F6141201235B
:10D5E00082ED000A80F83C39704700F60413D3ED51
:10D5F000007A30EE270AF0E700F54050D0F8D8382E
:10D60000D3F8483213B9012380F89938704700BF26
:10D6100000F1580300F56252DFED0B7A183219461B
:10D62000B1EC017A8A4277EE877AF9D19FED077AD9
:10D6300087EE870AD3ED007A77EEC07AE3EC017AC1
:10D640009A42F7D1704700BF00000000000061451A
:10D6500003781940017070470378194301707047CF
:10D66000C043C0B270470000D0ED137A9FED107A2E
:10D6700000F54053F4EEC77AF1EE10FAC3F8D4087F
:10D6800011DC77EEA77AF5EE006A27EEA77A27EE8F
:10D69000267A03F6241203F51263C2ED007A012004
:10D6A00083ED007A70479FED037ADFED037AF0E7B0
:10D6B0000000FA440024744A00007A4500F5405303
:10D6C00003F60C1103F6081C0022CCF8002000F52C
:10D6D00065500A6003F5116103F644130A600260A5
:10D6E0001A607047024600F5635008B51C30FFF71A
:10D6F000B3FF074B9FED077AD3EDC07AF8EE677A58
:10D7000002F5635067EE877AC0ED087A08BD00BF66
:10D71000C0E300206F12033900F5405303F69C016B
:10D72000D3F8D82891ED006AD2F8AC1091ED147AB4
:10D73000B8EEC77A03F61412C6EE076A10B4D2ED3B
:10D74000007A426D37EEC00AB0EEC00AF4EEC06A4D
:10D75000F1EE10FA0CDB03F50A61D1ED006AC6EEBA
:10D76000877AF0EEE00AF4EEE07AF1EE10FA39DCB6
:10D77000B2F5616F1BD207EE902A9FED227AF8EE88
:10D78000E77A032467EE877A047603F6141103F62A
:10D79000181403F61C10C1ED007A0022012122604A
:10D7A00002605DF8044B83F83C19002070470024A8
:10D7B0004FF0030C446580F818C003F614100021E4
:10D7C000016003F618100122016003F61C100160CD
:10D7D000104683F8994883F83C295DF8044B83F898
:10D7E0003E29704703F60C11B2F5616F0C6802F127
:10D7F000010128BF4FF4616200EB8202416594652C
:10D800000A46B5E7B4A29139D0ED117A90F83C20E0
:10D8100000F5405303F6141110B5F8EE677AD3F80B
:10D82000D84881ED000ADAB190ED107AC0EE076AAF
:10D83000FDEE666AF8EEE66AA7EE660AB5EEC00A85
:10D84000F1EE10FA48BF30EE070AC0EE076A66EE46
:10D85000A77A17EE900AEDF7AFFFC4E9940110BD67
:10D8600060EE277A17EE900AEDF7A6FFC4E994015F
:10D8700010BD00BF08B5037E022B13D990F83C30D1
:10D8800093B900F5635324331A79022A12D0012A7E
:10D8900015D0CAB993ED000A00F5645383ED010A6F
:10D8A000FFF7B2FF012008BD00F563532C331A794E
:10D8B000022AECD11B682BB193ED010AECE71B683F
:10D8C000002BE7D1002008BD0148FDF75FF800BF3D
:10D8D000849B0308D0ED137A9FED0F7AF4EEC77A9C
:10D8E000F1EE10FA12DC77EEA77AF5EE006A27EE79
:10D8F000A77A27EE267A00F5405000F6241300F5AB
:10D900001260C3ED007A80ED007A70479FED037AD4
:10D91000DFED037AEFE700BF0000FA440024744A09
:10D9200000007A452DE9F04F2DED088B00F54054AD
:10D9300087B094F8E838022B054600F02E81012BC1
:10D9400000F0A380002B40F07A8504F6E40393ED09
:10D9500000AA4FF0010B94F8F038022B00F0A280DF
:10D96000012B00F03C81002B40F0698504F6EC03AC
:10D9700093ED009A0123009394F80069022E00F0C1
:10D98000A480012E00F03881002E40F0588504F666
:10D99000FC03D3ED008A012694F8F878022F00F0FA
:10D9A000A680012F00F02281002F40F0488504F668
:10D9B000F40393ED008A0127D4F8D888D8F8AC3066
:10D9C000D3F8D020002A40F0A780D3F8D820D3ED98
:10D9D000359A4FF00109002A40F0A580D3ED37AA0F
:10D9E00098F84C324FF0010A002B00F0A38095F814
:10D9F0003C30002B00F0DB80002E00F0CA806B6C06
:10DA000004F614111A4601910023D8E994010BEE93
:10DA1000902AEDF769FE19461046EDF727FEF8EE5D
:10DA20006B7A07EE100AC8EEA76A019994F8993844
:10DA300067EE267AC1ED007A002B7ED104F614132E
:10DA4000D3ED007A87EEA87ABDEE477A04F6141378
:10DA50000121B8EEC77AE8EEC77AF5EEC07AF1EEAA
:10DA600010FA48BF77EEA87AC3ED007A6B7E082BD8
:10DA700000F2E183DFE813F0DC03C7031201D000FA
:10DA8000DF039A03700322035001D4F8E428002A2C
:10DA900000F0BB809B4694F8F03892ED00AA022B70
:10DAA0007FF45EAFD4F8EC38002B00F0AB801A683E
:10DAB000002A40F0A78094F8006993ED019A022EA5
:10DAC0004FF0010300937FF45CAFD4F8FC38002BD7
:10DAD00000F09E801A68002A40F09A8094F8F87846
:10DAE000D3ED018A022F4FF001067FF45AAFD4F82C
:10DAF000F438002B00F08E801A68002A40F08A80EB
:10DB0000D4F8D88893ED018AD8F8AC30D3F8D02077
:10DB10000127002A3FF459AFD3F8D8204FF000096D
:10DB2000002A3FF45BAF98F84C324FF0000A002B0C
:10DB30007FF45DAF94F899382BB3B9F1000F02D0A0
:10DB4000BAF1000F18D105F5635020211C30FFF702
:10DB500083FD6D4B9FED6E7AD3EDC07AF8EE677A58
:10DB600004F50E6467EE877AC4ED007A002007B0F2
:10DB7000BDEC088BBDE8F08FF0EE6A0AB0EE690AE2
:10DB80002846FFF7C9FD95F83C3033B3002E7FF4EB
:10DB900055AF05F563504021D8E7D4F8E438A3B376
:10DBA0001A6892BB93ED01AA4FF0010BD3E604F67D
:10DBB0001413D8E994010193EDF758FDD5ED117ACE
:10DBC000019B06EE900AF8EE677A86EEA77A83ED5F
:10DBD000007A94F89938002BAFD1002146E7D4F8A9
:10DBE000EC287AB192ED009A0093C5E6D4F8F438A7
:10DBF00083B193ED008ADFE6D4F8FC3843B1D3ED6E
:10DC0000008AC9E600230093B6E64FF0000BA2E6B7
:10DC10000026C1E60027CFE604F6041393ED006A60
:10DC200004F61413D3ED006A76EEC66A49B1002EED
:10DC3000AFD0C6EEA87AFDEE677AF8EEE77AE7EEA7
:10DC4000E86A04F6081304F6181293ED007AD2ED90
:10DC5000007A9FED2F5AD5ED125A04F62412D2ED18
:10DC6000004A77EEC77A04F5126267EEA47AD2ED25
:10DC7000004AE4EEA67A04F51162A7EE857A65EE15
:10DC8000A77AA7EE056AC2ED007A83ED007A04F662
:10DC9000041383ED006AD4F8D8388BE09FED1C7A2A
:10DCA000D5ED0D7A04F60813D3ED006A04F61813C7
:10DCB00067EE877A93ED007AF0EEE77A37EE667AD0
:10DCC000B1EE676AB4EEC67AF1EE10FA00F13C8369
:10DCD000B4EEE77AF1EE10FAD8BFF0EE477ADFED56
:10DCE0000C5A95ED126A87EEA57A04F6081376EEC3
:10DCF000A76A67EE067AC3ED006A04F51163C3ED07
:10DD0000007AD4F8D83855E0C0E30020DB0FC940D2
:10DD10006F120339B4A2913904F628135FED057A26
:10DD200093ED007A5FED066A04F6381827EE277A3D
:10DD300098ED000AA7EE260A80EE277ABDEE477A14
:10DD4000B8EEC77AA7EE670A88ED000AFAF7C0FDB9
:10DD5000F0EE40AA98ED000AFAF774FD04F62C13D1
:10DD6000D3ED007A04F61413D3ED006A04F51363BF
:10DD7000E7EE806AD3ED007A04F6181393ED007A8B
:10DD800004F6341393ED006A04F61C13A7EEAA7A86
:10DD9000D3ED007AE0EE467A04F60413C3ED006A90
:10DDA00004F6081383ED007A04F51163C3ED007ADD
:10DDB000D4F8D83894F8B128BAB1D5ED0A7A04F677
:10DDC000081292ED007AF1EE676AF4EE476AF1EE1E
:10DDD00010FAC8BFB0EE667AF4EEC77AF1EE10FA28
:10DDE00058BFF0EE477AC2ED007AD3F85801FDF73C
:10DDF00067F804F51163D3ED007A297EB1EE407A1D
:10DE0000B4EE677AF1EE10FAC8BFF0EE477AB4EEDE
:10DE1000670AF1EE10FA48BFF0EE407AC3ED007ADF
:10DE2000022904F60813D3ED006A41D995F83C3075
:10DE3000002B00F02F82009B002B3FF484AE002EBD
:10DE40003FF481AE04F6041393ED006AC6EE285A3F
:10DE5000FDEE655A04F60413F8EEE55AB1EE685A81
:10DE6000A8EEE56AB5EEC06AF1EE10FA48BF36EEEC
:10DE7000286A36EE499A83ED006AC9EE285AFDEE0B
:10DE8000655AF8EEE55AA5EE859A94F8B03895ED06
:10DE9000076AE6EE096A5BB104F6AC0393ED006A2B
:10DEA000B0EEC99AB4EEC96AF1EE10FA80F2468279
:10DEB000B7EE005A94F8B13895ED0A6A7BB1F1EEED
:10DEC000465AF4EE665AF1EE10FAC8BFF0EE656AF3
:10DED000B4EE666AF1EE10FA48BFF0EE466A94F8C6
:10DEE000B23873B1002F3FF42EAED5ED0B4A66EE7B
:10DEF000244AF0EEC85AF4EEE54AF1EE10FA00F1C9
:10DF00006282D4F8D838D5ED085AD3F85821D5ED27
:10DF1000094A92F83800032800F0D48194F83E3979
:10DF200013B394F8A838FBB1B9F1000F3FF40BAE6E
:10DF30005FED883ADD4B89EEA34A4FF4616EBDEE8A
:10DF4000C44A14EE106A83FB063CB444F317C3EBD7
:10DF5000EC230EFB1363002BB8BF734405EB830364
:10DF600093ED164A77EE847A012940F26881002FFA
:10DF70003FF4E9AD76EEC86A65EE255A04F60C1357
:10DF8000E5EEA67A93ED006A77EE867AB4EEE70ABC
:10DF9000F1EE10FA40F1B081B4EEC07AF1EE10FA71
:10DFA000D8BFB0EE407A04F60C13D3ED007ADFED63
:10DFB000C06A67EEA67AD5ED0C6AB1EE666AB4EE79
:10DFC000676AF1EE10FAC8BFF0EE467AF4EEE76A3F
:10DFD000F1EE10FA58BFF0EE676A04F60C1302284F
:10DFE000D2ED5B7AC3ED006A13D0D2ED566AD2ED62
:10DFF0000C5A66EEA66AB7EE085A25EE666AD2EDAE
:10E00000556AE5EE867A66EEA66A66EE856AE5EE04
:10E01000E67A05F5655104F6C4039FEDA66AD1EDD5
:10E02000006A93ED005ADFEDA54A27EE088AB0EEAC
:10E03000664A28EE068AF0EE003A98EE234A04F685
:10E04000441204F6C80392ED006AD3ED005A25EE9F
:10E05000245A77EEC67AE5EE046A04F50D6365EEA0
:10E06000A45AA5EEA76AD3ED007AC1ED006AF4EEDA
:10E07000E76AF1EE10FA82ED006A09D504F6CC03E6
:10E08000D3ED007AB4EEE76AF1EE10FA00F388817E
:10E09000002304F6481282ED017A2020C4F84839A2
:10E0A000FFF7DEFA014605F563501C30FFF7D0FAA2
:10E0B000012007B0BDEC088BBDE8F08F94F8B438B0
:10E0C000012B00F268817C494FF42C7202FB031291
:10E0D000D2F8AC20D2F8D000002840F0798192ED3F
:10E0E00035BA4FF0010CD2F8D80000287FF42BADE0
:10E0F0004FF42C7000FB0311D1F8003103F54053AD
:10E10000D3F8481900297FF41EADBCF1000F3FF48D
:10E110001AAD03F64C13D3ED006A92ED377A04F68C
:10E12000B803D3ED007A04F6BC0327EE8BBA67EE92
:10E13000877A93ED007A04F6041383ED00BA27EE94
:10E14000267A04F60813C3ED007A04F5116383ED13
:10E15000007AD4F8D8382DE69FED587AD5ED0E7AAE
:10E1600004F51163D3ED006A04F61C1367EE877A99
:10E1700093ED007AF0EEE77A37EE667AB1EE676AF1
:10E18000B4EEC67AF1EE10FA00F1DB80B4EEE77A75
:10E19000F1EE10FAD8BFF0EE477A76EEA76A04F5F2
:10E1A0001163C3ED006AD4F8D83803E694F83C391B
:10E1B000002B40F0CC8094F83D29D4F8D838002AC0
:10E1C0007FF4F8ADD3F85C0190ED0F0AD0ED0D7A35
:10E1D000F4EEC07AF1EE10FA40F10A81D0ED059A22
:10E1E0000321297604F60411C1ED009A04F6081102
:10E1F00000220A6004F511610A60012284F83D29B9
:10E200004FF00109D6E504F61413186804F6181344
:10E21000196804F61C131A6804F60413186004F64F
:10E220000813196004F511631A60D4F8D838C1E5F1
:10E23000D4F8D838BEE505F56350022186E494F899
:10E24000B338002B6BD0002F3FF47DACF1EE466A63
:10E2500076EEC86A36EE486A66EEA56A26EE256A4C
:10E26000F4EE667AF1EE10FA48BFF0EE667AB4EE9C
:10E27000E76AF1EE10FA00F1AE80B4EEE70AF1EED3
:10E2800010FA51D4B4EEE77AF1EE10FAD8BFB0EE3E
:10E29000677A50E0BBF1000F3FF455AC04F604136D
:10E2A00093ED009A39EE4A9AEFE500BFC5B3A2910B
:10E2B000A4707D3FDB0F4940801000206F120339AE
:10E2C0000000000093ED374AD2ED163AB0EEC43AA2
:10E2D000F4EEC33AF1EE10FA09DD14EE103AF0EE66
:10E2E000E33A002BB8BFF1EE633AB0EE634AC5EEF5
:10E2F000845AC4EE844A11E6B4EEE77AF1EE10FADD
:10E300003FF751AE25EE245A5FED145A25EE255AFB
:10E31000B0EE677AF0EE467AE5EE267A4BE6F4EE5A
:10E32000C07AF1EE10FAADDDB4EEC07AF1EE10FA7B
:10E33000D8BFB0EE407A5FED1E6A4EE689EE065A0F
:10E34000B8E5F0EE467A28E7F0EE467AC7E404F640
:10E350000813D8F85C0193ED001AD0ED032A90ED74
:10E36000022AD0ED011A04F60413D3ED000A04F6D4
:10E37000141393ED000A00F0ADFDD4F8D8385FED2A
:10E38000307AD3F85C010022C0ED0F7AB0EE670A54
:10E39000A4F83C291AE705F563500821FFF7D6BB1E
:10E3A00005F5635080211C30FFF756F9254BD3ED5E
:10E3B000C07AF8EE677A04F50E6467EEA47AC4EDCD
:10E3C000007AFFF7D3BB05F563500121FFF7BEBB11
:10E3D0004FF0000C87E6B4EEC60AF1EE10FAA3D4B3
:10E3E000B4EEC67AF1EE10FAD8BFB0EE467AA2E7E4
:10E3F00000F048FED4F8D838D5ED127AD3F85C1185
:10E40000DFED116A8DED030A21EE277AD1ED0F7A47
:10E41000CDED040A04F6041204F6081077EEA67A8D
:10E4200082ED000AC0ED000A04F5116080ED007A6B
:10E43000C1ED0F7AD2ED009A8DED051AE0E60348A2
:10E44000FCF7A4FAC0E300206F120339849B030891
:10E4500090F87C200023C0F89430C0F8983012B1B6
:10E46000002380F87C3090F8883013B1002380F8C6
:10E4700088300023C0F8A430704700BF82B000B5D8
:10E4800083B0EE468EE8060084469EE803000899B5
:10E49000CCF874100CF1780181E805009CF8882014
:10E4A00005939DF81C304AB19BB98CF88830002048
:10E4B000002103B05DF804EB02B07047002BF6D0EA
:10E4C00005AB93E803000CF1800383E8030001230C
:10E4D000EBE7059A069BCCF88020CCF88430E6E781
:10E4E00082B010B588B0EE460B939DF838308EE8B8
:10E4F00006000022CDE905220F99079284466BBBE6
:10E50000DCF80020DFED2B7AD4682B4A9442B0EE81
:10E51000677A37D1CCF874109EE803000CF17802CA
:10E5200082E803009CF8882003AC84E8030072B9F9
:10E5300033B101238CED207ACCED217A8CF8883030
:10E540000020002108B0BDE8104002B07047002B49
:10E55000F4D08CED207ACCED217AF1E7DCF80020C4
:10E560009DED0D7ADDED0C7AD468134ADFED136A68
:10E5700077EEC77A94429DED0B7A67EEA67A4FF05C
:10E580000103C7D00E918DF81C30CDED067A08A995
:10E5900011E903008DED057A0CAA059B82E80300C2
:10E5A0009EE806006046A44608B0BDE8104002B0F0
:10E5B000604700BF000000007DE401083ACD133F32
:10E5C000F8B504461F46406F636CC01A80EAE07ECF
:10E5D000AEEBE07E40F2567CE6452DED0C8B00F371
:10E5E000A58094F86030002B00F0E58094F8683046
:10E5F000002B00F0958094F87030002B00F0908094
:10E6000007EE900ADFED7D6AD4ED19CA94ED1BDAAE
:10E6100094ED20CAD4ED21BA94ED1E9AD4ED16AA39
:10E6200094ED17BADFED768AF8EEE77AB0EE6C8AF1
:10E6300087EEA67A0D461646ADEE078AB0EE480A7A
:10E64000FAF746F9F0EE409AB0EE480AFAF7FAF80F
:10E650002BEE80AA20EE4C8AACEE29AA94F8483022
:10E66000ABEEA98A94ED237AD4ED247AD4ED056A31
:10E6700038EE676A7AEE475AE6EE867AA6EEA57A13
:10E6800069EE288AB7EE006AC6EE286A84ED237A1E
:10E69000C4ED247A002B4FD16AEEA6AA2BEE26BA3F
:10E6A000636CDFED566AEB1A07EE903AF8EEE77A04
:10E6B00087EEA67AEDEE07CAB0EE6C0AFAF708F913
:10E6C000F0EE407AB0EE6C0AF0EE679AFAF7BAF81C
:10E6D0006BEE407A20EE2A0AE9EEAA7A337AA9EEA6
:10E6E0008B0A28EEA77A68EE808A84ED277AC4ED3B
:10E6F000288A002B64D0C6ED007A86ED010A28EE48
:10E700000B8A0123AAEE2A8A3B710020002129EE00
:10E71000089A87ED008A84ED299ABDEC0C8BF8BD30
:10E720004FF080600021BDEC0C8BF8BDBDEC0C8B74
:10E730004FF000700021F8BD237C002B5AD094F8D4
:10E740005430002B52D094ED147A94ED265A94ED67
:10E75000024AD4ED135AD4ED257ADFED2A3AD4EDEE
:10E76000034A37EE487A3BEE05BA75EECA5AA4EE74
:10E7700007BA7AEEA7AA26EE8BBAE4EE25AA66EED1
:10E78000AAAA6BEE0B6AEAEEAA6AB1EEE64AC3EEFB
:10E79000846AF4EEC66AF1EE10FA18D4DFED1A6A54
:10E7A00064EEA66AE5EEA67AA7EE265AC4ED257AAF
:10E7B00084ED265A74E7BDEC0C8B00200121F8BDD6
:10E7C0000123C6ED007A86ED010A337297E79FEDCB
:10E7D0000F7A67EE877A25EE077A6AEEA6AA2BEE05
:10E7E00026BAC4ED257A84ED267A59E74FF0005019
:10E7F000002198E70020022195E700BFA037204DB7
:10E80000ABAA2A3FAC5C313F6F120339A4707D3F45
:10E8100010B490F87C4034B190F888401CB15DF899
:10E82000044BFFF7CDBE002004215DF8044B704778
:10E8300010B5EFF3108472B690F82430027E416474
:10E84000022B80F8482000F08B80012B43D0002B56
:10E8500040F0C580C269036A90F85410002943D182
:10E860000121C264036580F8541090F83030022B07
:10E8700040D0012B00F08180002B40F0BC80826AE8
:10E88000C36A90F86010002940D08265C36590F893
:10E890003830022B43D0012B00F08480002B40F055
:10E8A000AF80D0F834E0012290F84030C0F864E046
:10E8B000022B80F8682043D0012B68D0002B40F059
:10E8C0008B80D0F83CC00123C0F86CC080F8703059
:10E8D00084F3108810BDC369002B45D090F8541004
:10E8E0001A685B680029BBD0036590F83030C264B9
:10E8F000022BBED1836A002B41D01A68002A3ED178
:10E9000090F860105A689B680029BED1C36590F8E2
:10E91000383082650121022B80F86010BBD1426B38
:10E92000002AC1D01368002B4AD190F84030D2F8A9
:10E9300004E0C0F864E00122022B80F86820BBD11B
:10E94000C36B002BC0D01A68002A3BD1D3F804C097
:10E95000C0F86CC0012380F8703084F3108810BDBB
:10E96000C3690BB11A6842B390F85430002B3FF4DE
:10E970007CAF002380F8543077E7836AD3B990F8EE
:10E980006030002B83D0002380F860307FE7C26BBB
:10E9900002B3D2F800C0C0F86CC080F8703084F3C5
:10E9A000108810BD426B002A3FF47EAFD2F800E021
:10E9B0001A4679E71A685B6863E75A689B684BE711
:10E9C000002271E70023C0F86CC080F8703084F337
:10E9D000108810BD134677E70C48FBF7D7FFFF2BD5
:10E9E00006D10B48FBF7D2FF84F3108819F0B0FB77
:10E9F0000648FBF7CBFFFF2B05D10548FBF7C6FF09
:10EA00000248FBF7C3FF0148FBF7C0FF849B0308E4
:10EA1000A89B0308A0F10400FFF70ABFF0B5164653
:10EA20002DED028B026815692A4A89B000249542AF
:10EA3000CDE90144039444D190F87C408CB390F824
:10EA4000884074B301AAFFF7BBFD04460D4654EAA3
:10EA5000050320D19DF80C3053B39DED018AB0EE33
:10EA6000480AF9F77FFF18BBDDED028AB0EE680AAD
:10EA7000F9F778FFE0B9F0EE680AB0EE480A04A8AA
:10EA8000F9F772FD9DF8103003B3069B079A736087
:10EA9000059B3260B3602046294609B0BDEC028B6D
:10EAA000F0BD04252046294609B0BDEC028BF0BD1F
:10EAB0004FF4803400252046294609B0BDEC028B76
:10EAC000F0BD01AAA84704460D46C0E780241D46B4
:10EAD000E1E700BF11E80108436ADFED4D4AD0EDE0
:10EAE000011A90ED054A90ED021A90ED032A9FED70
:10EAF000493AC26CDFED483A012B036B0CBF90ED35
:10EB00000A6A9FED456AC0ED0B3A012BC36B0CBF3F
:10EB1000D0ED0D6ADFED406AC0ED0E3A012B436C7B
:10EB20000CBFD0ED105AD0ED075A012B036A0CBF71
:10EB300090ED127A9FED387A0162CB1A07EE903A87
:10EB4000B8EE675AF0EE462AC5EE247A00234362F7
:10EB500003634364C3630023C364D0ED064A90EDAE
:10EB6000045AE1EEE72AA1EEA76AF0EE661AF4EE87
:10EB7000442AE1EE671AF1EE10FAC8BFB0EE624A1D
:10EB8000E1EE276AB4EEC46AF0EE472AE2EE672AA5
:10EB9000F1EE10FAF4EE641A58BFB0EE446AF1EEEA
:10EBA00010FAC8BFF0EE614AA2EE277AF4EEE46AEA
:10EBB000F1EE10FAF4EE452A58BFF0EE646AF1EE79
:10EBC00010FAC8BFB0EE625AB4EEC57AF1EE10FA90
:10EBD00058BFB0EE457A67EE877A80ED0A6A37EE65
:10EBE000A56AC0ED0D6AC6EE036AFDEE666A012AEB
:10EBF000F8EEE66A08BFD0ED143A80ED127AA6EE80
:10EC0000C36A77EEA37A80ED106AC0ED147A70477C
:10EC1000A037204DDB0FC940000000000369002B26
:10EC200035D093ED007A8369D0ED057A6BB31B681C
:10EC30001968B4EEE77AF1EE10FA00F5804306D5D4
:10EC4000012283F8202093F8212062B9704793F8BD
:10EC50002020002AF7D0B4EEE77AF1EE10FAF2DBCA
:10EC60004FF480721A84DA69B2F5805F08D200EB43
:10EC7000820010B4541CDC615DF8044BC161704724
:10EC80000022DA6183F8212070470021D1E79FED4F
:10EC9000017AC8E70000000003781943017070474B
:10ECA00003680B430360704710B52DED048B90EDA6
:10ECB000028A9FED839A38EE088AF7EE007A28EEF2
:10ECC000099A0446B4EEE79AF1EE10FA40F1D680C4
:10ECD0000268D2F8583193F89C1093ED284AD3ED8E
:10ECE000296AD3ED2A7A93F8AC00002900F0BF809E
:10ECF000002800F0D98094ED036AD3ED0C4A94ED1E
:10ED0000095AD4ED085A94ED070AD4ED060A94ED99
:10ED1000013AD3F86411D3F86821DFED6A8A76EE00
:10ED2000E76ADFED697A26EE066A66EEA76AF7EE15
:10ED3000007A87EE867AA4EEE65ADFED617AE4EE99
:10ED4000C45AA5EE270AE5EEA70AD3ED0B4A236BBA
:10ED50002162F0EE405AE6EEE45A012B6262B0EE18
:10ED6000605AA4EEC45A27EE037AF6EE003A27EE74
:10ED7000237A65EEA53A08BFD4ED0D9AE5EE053A83
:10ED800036EE636A27EE067A25EE075A65EE875A55
:10ED9000E5EE270AA5EEA70A94ED057A18BFDFED88
:10EDA0004B7AC4ED060A0CBF69EEA77AF0EE679ABB
:10EDB00077EE877A84ED070A87EEA87ABDEE477A68
:10EDC000B8EEC77AA6EEE40AE7EE687AE4EEC40A83
:10EDD000C4ED057AF9F7A0FCD4ED057A9FED386A09
:10EDE000236830EE677A28EE088AF5EE006A28EE8E
:10EDF000268AC7EE286AFDEE666AD3F85831F8EE27
:10EE0000E66A28EE068AA6EEE87AF0EE696AE9EE8E
:10EE1000077AE8EE076A87EEA86ABDEE466A93EDC8
:10EE2000087A84ED0B0AB8EEC66AB8EEC77AE6EE49
:10EE3000687A0023A362B7EE006AB4EEC67AF1EEF8
:10EE400010FAC4ED057AC4ED0D6A236305D437EEDC
:10EE5000077ADFED1F8A67EE288AC6EEA87ABDEC36
:10EE6000048B00230120A363C4ED0F7A10BDDFEDF6
:10EE7000177AB0EE674AF0EE676A3CE7012110307E
:10EE8000FFF70AFF2068802100F51270FFF708FFE6
:10EE9000BDEC048B002300206361E363A063236265
:10EEA0006362A361E36110BD04F110000221FFF76A
:10EEB000F3FE802102F51270FFF7F2FEE8E700BFD3
:10EEC0006F120339DB0FC9403ACD133F0000000039
:10EED000DB0F494061EE013A32EEA27A11EE103AB0
:10EEE000C3EE877A002B30EE605AF0EEE77AB8BFB7
:10EEF000F1EE677A75EE677A17EE903A002B72DAC8
:10EF0000B1EE422AB1EE617AF1EE417AB1EE453AC4
:10EF1000FFEE005AF4EEE71AF1EE477AF1EE10FA3E
:10EF200087EEA26A77EE416A80ED072A48BFB1EE0C
:10EF3000422AC6EE827AF6EE004A66EE246A31EE86
:10EF4000074A67EEA44A66EE876A48BF80ED072A43
:10EF5000E4EE846AC0ED092A66EEA54A80ED087ADF
:10EF6000F4EEC34AF1EE10FA80ED0C6AC0ED0A7AB5
:10EF700044DD72EE027A32EEC27A67EEA27ADFEDFB
:10EF8000404A67EE857AE3EEA27AC7EE876AF4EE2E
:10EF9000E46AF1EE10FA55D4F1EEE67A65EEA75A7E
:10EFA00035EEC17AC0ED085AC7EE027AF4EEE47A83
:10EFB000F1EE10FA5CDCB0EE647AF0EE647AF1EE19
:10EFC000655A85EEA26AF0EE676AB5EEC06AF1EEA8
:10EFD00010FAD8BF9FED2A6A9FED294AC0ED0A6A50
:10EFE00080ED0C6A12E0B0EE453AF0EE417AB0EEF8
:10EFF000617AF1EE622AF7EE005A8BE735EE665A37
:10F0000067EEA74A85EE074A37EE847AF0EE606A2B
:10F01000E1EE276AF6EE005A62EE255A77EE067A9E
:10F02000B0EE667AA5EEA47A80ED0B4AC0ED0D7ABB
:10F03000C0ED040A80ED050A80ED061A80ED0E7A17
:10F040000120704765EEA45A35EEC17AC0ED085A2A
:10F05000C7EE027AF5EEC07AF1EE10FA08DCF0EEB7
:10F06000646AB0EE647AF0EE647AB0EE646AB3E794
:10F070009FED037A67EEA74A37EE877A9FE700BFD6
:10F0800000000000B5EEC00AF1EE10FA88B03DD4E1
:10F09000D0ED0A7AF4EEC07AF1EE10FA15DDD0ED7B
:10F0A000060A90ED047A90ED071AA0EE807AF6EE4B
:10F0B000007A61EE277A60EE006AE1EE000AA7EEC0
:10F0C000A67AB0EE470A08B07047D0ED0B6A77EE2B
:10F0D000A66AF4EEC06AF1EE10FA21DCD0ED0D7AEA
:10F0E000F4EEC07AF1EE10FA28DD70EE670A90EDCA
:10F0F000091A90ED057AF6EE007A60EEA06A61EEEC
:10F10000277A60EE810AA7EEA67ADAE790ED047A14
:10F11000D0ED060A9FED0D1AB0EE470A08B0704711
:10F12000D0ED080A90ED0E7A9FED081A70EE677A1E
:10F13000A0EEA77AB0EE470A08B07047C1D89FED9D
:10F14000031A90ED057AF0EE410ABAE700000000DC
:10F150002DE9F043174B89B00A260127CDE9006756
:10F1600000260F27CDE9026706460FCB04AD85E8E0
:10F170000F00114F002444F2F01804EB440307EB96
:10F18000830353F8080005F063FE50B1D5F80090F2
:10F19000306869464A46F4F73FFE30684946F4F75E
:10F1A0001BFB0134042C05F10405E6D109B0BDE8D0
:10F1B000F08300BF4C940308C0A30020032919DC8E
:10F1C00000EB41002C4B8088102898BF03EBC00354
:10F1D0004FEA410C186868B19B885BB1F0B50069D3
:10F1E000264C034283B006D1635C254D6BB9254E96
:10F1F000002003E07047224D224E0120012346F8F3
:10F2000021206854635403B0F0BD6B5C1D4E002B8D
:10F21000EED056F821301C4FD31AA3F524401038F5
:10F22000B842E5D8BB421948DFED196A019228BF00
:10F230003B46834238BF0346A3F5A433203B07EE89
:10F24000903AF8EEE77A134B009187EEA67A8C4459
:10F2500003EB8C0303F5834090ED1D0AD0ED1E7A7D
:10F2600044F2F01077EEC07A1858A7EE270A05F09E
:10F2700003FEDDE90012BBE7F80F00208CA300209D
:10F2800090A3002094A30020409002002048010099
:10F290000010A447C0A3002003681B681A699207E6
:10F2A00010B5044609D41A69500712D41A69110717
:10F2B0001CD41A69D20626D410BD6FF002021A615E
:10F2C0005A6B0021FFF77AFF23681B681A69500701
:10F2D000ECD56FF004021A619A6B01212046FFF70A
:10F2E0006DFF23681B681A691107E2D56FF00802E9
:10F2F0001A61DA6B02212046FFF760FF23681B6862
:10F300001A69D206D8D56FF010021A6120461A6C1D
:10F31000BDE810400321FFF751BF00BFBFF34F8F7F
:10F320000549064BCA6802F4E0621343CB60BFF3A1
:10F330004F8F00BFFDE700BF00ED00E00400FA05BD
:10F34000B1F5805F3ABF00EB810090ED070A9FEDB9
:10F35000010A70470000C07F08B5FFF7DFFF00BF5C
:10F36000024B1A6888181860704700BF20E7002019
:10F3700001F10E03FD2B1ED811F10C0F02DA4FF034
:10F38000004070474BB2002B18DB01F1604303F5DE
:10F39000614393F8000300090E4B4A0901F01F0175
:10F3A00053F8222001238B40134214BF0123002372
:10F3B00040EAC37070474FF0FF307047064A03F0D1
:10F3C0000F031A440029107E4FEA1010E4DA40F0CF
:10F3D0000040704700E100E0FCEC00E010B5214C7B
:10F3E0008E460FCC90B0EC46ACE80F000FCCACE8EA
:10F3F0000F000FCCACE80F0094E80F00BEF10F0F28
:10F400008CE80F0029D810AB03EB8E0E5EF8403C61
:10F410001A6862B11A6818684FF00041C2F342637B
:10F42000C0F30140084340EA830010B010BD5A68A1
:10F43000002AEFD19A68002AECD1DA68002AE9D1D3
:10F4400019690029E6D15A69212AE3D11A68186896
:10F45000C2F34263C0F30140E4E74FF0FF3010B065
:10F4600010BD00BF5C94030810B40B4C0023184679
:10F4700004F1040C54F8332042B112693CF8331003
:10F48000114214BF012200229A4010430133112B74
:10F49000F0D15DF8044B7047F80F002000B543F63B
:10F4A000655C01EB020E11F8012B082380EA0220B3
:10F4B00002B24000002A03F1FF3380B2B8BF80EAF5
:10F4C0000C0013F0FF03F3D17145ECD15DF804FBA0
:10F4D00008B502F045FAFFF721FF00BF38B5064D29
:10F4E000E868EDF709FE0446D5F8BC01EDF704FE27
:10F4F0000146204638BD00BFE08C0020000000001F
:10F50000174B9FED157B30B54FF0000C03F5AC6E3B
:10F510000022D3E93F41D3F8585101F5405185ED20
:10F52000247B81F8DC28D3F8AC10227403F52C730B
:10F530007345A1F88C20C1F8CCC043F8682CE8D101
:10F54000084B028793F8CC3103B930BDBDE8304099
:10F55000F9F710BAAFF300800000000000000000CF
:10F5600080100020C0E30020F8B51D4803F08AFA9F
:10F5700050B11C4C1C4D1D4E04F5D87794F8381032
:10F580002846FCF763FC08B90020F8BDD6F8000156
:10F59000FEF76AF80028F7D0D6F86001FDF7B8FE4C
:10F5A0000028F1D0D6F86401FDF7B2FE0028EBD0B8
:10F5B0002046FBF775FB0028E6D0A069FCF70EFBA0
:10F5C0000028E1D03046FAF785F9BC42DDD004F5D9
:10F5D000D87405F5D07506F52C760028CED1D3E782
:10F5E000C4E40020E08C0020A089002080100020CE
:10F5F000064B102998BF03EBC10393E8030082B0C8
:10F600006B4683E8030002B0F9F7B6BBF80F0020A1
:10F6100008B590F87030032B00D008BD90F8713019
:10F62000042BFAD972B6024B024A1A60FFF776FE33
:10F6300054FA0020EFBEADDE037819400170704728
:10F6400003680B43036070470388194301807047C8
:10F650002DE9F04F074D95F80CE0BEF1020F83B095
:10F660000AD0BEF1010F11D003232B73002003B089
:10F67000BDE8F08FA8A30020BB4928694FF4A87209
:10F6800002F0EEF90028EFD195F80CE0B649AB8A0C
:10F6900001F5A87643F6655411F8010B082283EAB8
:10F6A000002318B25B00002802F1FF329BB2B8BF02
:10F6B000634012F0FF02F4D1B142EDD128696B61D1
:10F6C00000F5A870BEF1020F286100F09781BEF12D
:10F6D000010FC9D1A54E43F6655406F10C0716F883
:10F6E000012B83EA0223082219B25B00002902F1F0
:10F6F000FF329BB2B8BF634012F0FF02F4D1BE42AA
:10F70000EDD1DFF874829A4E9A4F0C30BEF1020FA1
:10F71000C5E9040308F5AC6B43F66554A6F1580936
:10F7200000F05581BEF1010F9ED1AB8A19F8011B83
:10F73000082283EA012319B25B00002902F1FF329B
:10F740009BB2B8BF634012F0FF02F4D1B145EDD1D6
:10F750002869D8F8ECA06B615830BEF1020F28611F
:10F760000AF1040900F03E81BEF1010F7FF47CAF85
:10F770000AF1100A43F6655119F8012B83EA0223B6
:10F7800008220FFA83FC5B00BCF1000F02F1FF328C
:10F790009BB2B8BF4B4012F0FF02F2D1D145EBD182
:10F7A000D8F8F020019200F10C0ABEF1020FC5E971
:10F7B00004A302F1180900F03081BEF1010F7FF4BB
:10F7C00053AF019A02F5635C0CF1180C43F66550D7
:10F7D00019F8012B83EA0223082219B25B000029E1
:10F7E00002F1FF329BB2B8BF434012F0FF02F4D1E6
:10F7F000E145EDD10AF56350D8F84CA1BEF1020FF6
:10F80000C5E904030AF1040900F01681BEF1010FF5
:10F810007FF42AAF0AF1100A43F6655C19F8012B50
:10F8200083EA0223082219B25B00002902F1FF32A9
:10F830009BB2B8BF83EA0C0312F0FF02F3D1D145AB
:10F84000ECD1D8F850A10C30BEF1020FC5E9040389
:10F85000D14600F0FD80BEF1010F7FF405AF0AF143
:10F86000100A43F6655C19F8012B83EA022308228B
:10F8700019B25B00002902F1FF329BB2B8BF83EAE4
:10F880000C0312F0FF02F3D1D145ECD1D8F854A10A
:10F890001030BEF1020FC5E90403D14600F0EC8040
:10F8A000BEF1010F7FF4E0AE0AF1100A43F6655C89
:10F8B00019F8012B83EA0223082219B25B00002900
:10F8C00002F1FF329BB2B8BF83EA0C0312F0FF02D1
:10F8D000F3D1D145ECD16B61D8F858311030BEF17D
:10F8E000020F286103F1040900F0EA80BEF1010F64
:10F8F0007FF4BAAEA88A49460822FFF7CFFD2B7BDA
:10F9000068612869022B00F10800286100F0D080AE
:10F91000012B7FF4A9AEA88A68223946FFF7BEFD05
:10F9200057F8083C686103F12C0928692B7B683083
:10F93000022B286100F0B480012B7FF495AEA88AD9
:10F9400049460C22FFF7AAFD57F8043C686103F111
:10F950002C0928692B7B0C30022B286100F0988041
:10F96000012B7FF481AE09E05CE50020CCE40020AF
:10F970002C8A0020FC8C002090100020A88A494688
:10F980002422FFF78BFD2B7B68612869022B00F195
:10F990002400286168D0012B7FF466AEA88A414616
:10F9A0009C22FFF77BFD2B69686108F52C789C335E
:10F9B000C3452B612FD095F80CE006F5D076BEF14B
:10F9C000020F07F5D877A6F158097FF4ABAE286986
:10F9D0005822494602F044F800287FF445AE95F8D5
:10F9E0000CE0A2E60C22494602F03AF800287FF427
:10F9F0003BAEAB8A286995F80CE0B9E60C22A1F57C
:10FA0000F07102F02DF800287FF42EAEAB8A286941
:10FA100095F80CE05EE6012029E650464FF463526B
:10FA2000494602F01DF800287FF41EAEAB8AD5F8D7
:10FA300010A095F80CE0C4E60C22494602F010F83C
:10FA400000287FF411AEAB8A286995F80CE0E1E656
:10FA50001022514602F004F800287FF405AEAB8A6C
:10FA6000286995F80CE0FAE69C22414601F0F8FF7F
:10FA700000287FF4F9AD91E71022514601F0F0FF24
:10FA800000287FF4F1ADAB8A286995F80CE00BE70C
:10FA90002422494601F0E4FF00287FF4E5AD6DE73C
:10FAA0000C22494601F0DCFF00287FF4DDAD46E77B
:10FAB0006822394601F0D4FF00287FF4D5AD2AE74B
:10FAC0000822494601F0CCFF00287FF4CDAD11E7B4
:10FAD00070B582B0EFF3108572B6404BD3F8582161
:10FAE00092F89C20CAB9D3F8083493F89C30A3B993
:10FAF0003B4C237B6BB900204AF6CC310123C4E98F
:10FB000004012373FFF7A4FD28B1237B2669012B91
:10FB100008D003232373FFF701FC85F3108800202E
:10FB200002B070BD0236266101F032FF8642F0D885
:10FB3000206901F067FF0028EBD100204AF6CC31A4
:10FB40000223C4E904012373FFF782FD0028E2D0F9
:10FB5000227BA38AADF80630022A04D0012A0AD0FB
:10FB600003262673D7E720690DF1060101F078FF1F
:10FB70000028F5D1A38A9DF80610082283EA012304
:10FB800043F6655019B25B0000299BB202F1FF32C7
:10FB9000B8BF434012F0FF02F4D19DF807200826B9
:10FBA00083EA022343F665511AB25B00002A9BB236
:10FBB00006F1FF32B8BF4B4012F0FF06F4D12269C4
:10FBC00063610232226101F0CBFF0028C8D12673A5
:10FBD000A1E785F3108818F0BBFA00BF8010002061
:10FBE000A8A30020C043C0B27047000038B53F4D05
:10FBF000EFF786FDF8F78CFF04F026FF3C48FFF78F
:10FC0000A7FAD5F8AC00838EDA0564D4D5F85C0386
:10FC1000838EDB0566D4D5F85801FBF765F8D5F877
:10FC20000804FBF761F8D5F8AC00FCF79DFFD5F8A8
:10FC30005C03FCF799FF95F8D010D5F858310229EC
:10FC400003F5CE7295F88013C5F8C8201CBF0223B7
:10FC500085F8D030D5F80834022903F5CE731CBFDF
:10FC6000022285F88023C5F87833F8F7CFFEF9F73C
:10FC700051FB4FF4FA64D5F8583193F8AC300120B9
:10FC800023B3D5F8083493F8AC30FBB10220FFF76A
:10FC9000A9FF0246D5F8FC0011461030FFF7CCFC56
:10FCA000D5F8AC0311461030FFF7C6FC0F48F9F742
:10FCB000ADFD1048F9F7AAFD0F4B1049012283F85A
:10FCC00084200868BDE83840F6F790B8F6F7C6FE1D
:10FCD000013CD0D1DAE7FCF71BFFD5F85C03838E3B
:10FCE000DB0598D5FCF714FF95E700BF80100020D6
:10FCF000EC0F002030130020C0A30020A4930020AC
:10FD0000038FABBB1B4BD3F848228ABBD3F85811E7
:10FD1000D1E924210A432BD1D3F8FC20127C3ABB31
:10FD2000D3F8AC20B2F88C2012BBD3F8002102F536
:10FD3000405292F8DC28DAB9D3F8F824C2B9D3F8E3
:10FD40000814D1E924210A4312D1D3F8AC23127C40
:10FD500072B9D3F85C23B2F88C204AB9D3F8B03327
:10FD600003F5405393F8DC08003818BF01207047B2
:10FD7000012070478010002010B5074C0021D4F8F6
:10FD80005801FAF751FF0021D4F80804FAF74CFFA4
:10FD9000F8F716FEFEE700BF801000202DE9F04FB7
:10FDA0004E4C94F8843085B013B905B0BDE8F08F9F
:10FDB000F6F714F9C4F88800F7F780F8484DC4F84E
:10FDC0008C00D5F83C02DFF830A1DFF83091DFF885
:10FDD0003081F6F77FFB0646D5F8EC04F6F77AFBA0
:10FDE000B600D5F840323F4A8000864294BF9B1B44
:10FDF0001B1ADAF80000D2F800B0C4F89030F6F719
:10FE000069FB394BABEB80001B68C4F89400D9F850
:10FE100000001E46F6F75EFBA6EB8000C4F89800D3
:10FE2000324801960268D8F800001746F6F752FBF0
:10FE300004F58046A7EB80000297C4F89C00D6E941
:10FE40004C07F6F747FBA7EB8007C4F8A0702848DB
:10FE5000284F016838680391F6F73CFB019BC4F812
:10FE6000B030039B029AC4F8BC30A3EB8000C4F806
:10FE7000A400D5F84002C4F8A800D5F83C02D6F892
:10FE80003451C4F8B420C4F8ACB0C4F8B850F6F794
:10FE9000D3FDC4F8C000DAF80000F6F7CDFDC4F8D1
:10FEA000C400D9F80000F6F7C7FD0246D8F80000F4
:10FEB000C4F8C820F6F7C0FD0346D6F83001C4F8F0
:10FEC000CC30F6F7B9FD03463868C4F8D030F6F701
:10FED000B3FDC4F8D40005B0BDE8F08FC0A3002086
:10FEE0008010002054C70408E0C604087CB9030849
:10FEF00054BA030868A3002020FA0020C0F20020B2
:10FF0000A4930020F8B504460D46EFF3108772B6AF
:10FF10000E4E4FF08072D6F858010023FAF71CFFFE
:10FF2000D6F808044FF080720023FAF715FFF8F7AF
:10FF300047FD294604F13800FFF786FB87F3108858
:10FF4000F8BD87F3108818F003F900BF8010002077
:10FF5000174B1B783BBB70B5164E00F58045D6EDB0
:10FF6000007A95ED747AB4EEE77AF1EE10FA044671
:10FF700007D895ED757AB4EEE77AF1EE10FA0CDB5E
:10FF800070BD0221FFF7BEFFD6ED007A95ED757AC0
:10FF9000B4EEE77AF1EE10FAF2DA20460421BDE879
:10FFA0007040FFF7AFBF4FF48071FFF7ABBF00BFEA
:10FFB00078A30020780C0020F8B500F58045174A9A
:10FFC000D5F8FC32164F0133C5F8FC32546A0646A8
:10FFD0006400D7F8AC00A4B2FCF7D6FCD7F85C03F9
:10FFE000FCF7D2FC0D4B0F4A5B6A11785B009BB2A9
:10FFF0001A1B19B1C5E9C243C5F81023D5F814334B
:020000040802F0
:10000000934238BF1346C5F81433F8BD06F5864051
:1000100021460830FAF7CCFC18F09AF8001C004092
:1000200080100020BC91002010B50E4C0E4A2368B1
:10003000934205D00D4A934206D02A2B0ED110BD13
:100040000B4B00BF013BFCD10A4B23600A4B83F3EF
:1000500008880A4B5B6898472368EEE72A232360E9
:10006000FFF75CF954FA002075FEADDEEFBEADDEA1
:1000700000A86100EDFEFECA000002200000FF1F84
:1000800038B50378012B054603D002232B700020DE
:1000900038BD406810220C4601F08CFC0028F4D1D9
:1000A0002B8904F1100043F6655114F8012B83EA03
:1000B000022308220FFA83FC5B00BCF1000F02F15F
:1000C000FF329BB2B8BF4B4012F0FF02F2D1A04208
:1000D000EBD16A68AB6010326A60012038BD00BFA6
:1000E0002DE9F04FCE4ACF49D2F8103AD2F8180A8B
:1000F000B2F8162ACC4ECD4C2DED068B034442EAC5
:1001000003421B0CC1E9002397B0314606F10C05F0
:10011000C3F303301B01205C01F8010BA94243EA41
:1001200012734FEA0212F3D100233373EDF7EAF9A9
:1001300001F0DCFB002800F06582BD4BDFF8608336
:1001400002221A700DF1400ABA4FBB4CBB4EDFF8C9
:100150005493DFEDBBAA9FEDBBAADFEDBB9A9FEDE9
:10016000BB9A9FEDBB8ADFEDBB8A4FF4A8720021DA
:1001700007F5CE70E0F770F9B749C7F89D11012275
:100180004FF0804187F8AD2187F8BC21C7F8C8112E
:100190004FF00332B149C7F8BE21C7F8A5114FF09F
:1001A000FF42AF49C7F8E421C7F8A911AD4AC7F823
:1001B000E8210321AC4A87F8A1114FF08241C7F82A
:1001C000D0110021019107CA4FF4E133C7E96C3324
:1001D000C7F8B831A54BC7F8D431C7F8DC31C7F838
:1001E000E03107F5867383E80700CDE902780DF169
:1001F0002C0B4FF40053DFF8B0E2236540F20113FB
:100200002366BEE80F0057460FC79EE8030087E845
:100210000300D046B8E80F00002504F1680CA5865D
:10022000A564A4F85850E56584F8645084F86550D6
:10023000C4ED0EAA84ED0FAAC4ED109A84ED119AB4
:1002400084ED138A84ED158AACE80F0097E803006B
:10025000874A884BD6F800818CE8030007CAC4F8A7
:1002600080304FF00403A4F88430D6F8FC30C4F892
:100270008850043383E8070029464FF4635208F19D
:100280001800E0F7E9F87C4AC8F8242040F2031C83
:10029000A8F818C0794AC8F82C204FF4806CC8F828
:1002A00044C008F540534FF0FF424FF07A5CC8F865
:1002B0003020C8F850C0724AC8F8382003F69C0CA9
:1002C0004FF07E526F49C8F834204FF08040C8F894
:1002D0004020C8F81C10C8F82800C8F84C00C8ED29
:1002E000088ACCF8002003F50A6CDFF8C0E1CCF8EE
:1002F000002003F6A40C6448CCF8002003F6AC0CF4
:10030000012783F8A878CCF800E0C3F8B008FF20F4
:1003100083F8B40803F6B8004FF0320C026003F61D
:10032000C40204F5D074116003F6C802116003F62C
:10033000CC025649C2F800E003F50D621160544941
:10034000019A83F8C02807C9D6F85C31043383E8E2
:100350000700D6F860314F499D60C3F804C0DD60E6
:1003600083ED008AD6F86431C3E901C5DD6083ED11
:10037000008AD6F8683168229D809D609F7109F1DE
:100380001C00E1F745FEDFF828C1ACF10C0107C9FC
:100390008BE807005B46D9E905E503CBCEF82C00D6
:1003A000CEF830101B788EF83430BCE80F002C35B6
:1003B0000FC5BCE80F000FC5DCF800302B603046DD
:1003C000F9F796F9019A06F52C7609F5D8790AB964
:1003D00001970EE7DDE90278FFF7C6F897F8F032EB
:1003E0007BB997F8AD31002B40F0008197F8AE3122
:1003F00013B1294A126822B197F8AF31002B40F0AF
:10040000358187F8F032EDF797F8002877D000258E
:10041000224CDFF8A0A04FF001092E465DE000BF9E
:100420000070FF1F20EA002010EA0020D49B030880
:10043000A8A30020C0E30020A08900208010002095
:100440000AD7A33CDB0F4942DB0F494100007A4445
:1004500000000000ABAA2A3E040403030B0B020CAD
:100460000C0207070AD723BC9C94030815AE6F4201
:10047000A894030801000300ABAAAA3E9A99993FE9
:100480000AD7233C0000A04100010101000020C167
:10049000B4940308C09403081C0B0020F80F00203C
:1004A0005CE50020E08C0020E0BD03080000204156
:1004B00034950308EC080020022A21D9032A47D1E9
:1004C0000C920F960D965946F0F74AFE0135112D04
:1004D00004F108040AF1180A4DD02068A388002806
:1004E000F4D0002BF2D018F805200B930F2A2FD848
:1004F0000D2AE1D90F96CDE90C960E96E3E7FEE7BB
:1005000000230F930F2A32D801A353F822F000BF23
:10051000950602089F060208AB0602086F0502084E
:10052000B7060208DB060208E3060208EB0602082B
:10053000050702086F05020889060208F905020886
:10054000F9050208F9050208F7040208F704020891
:100550005AF8183C934200F08F805AF8103C9A42A7
:1005600000F0D0815AF8083C9A4200F0C88101237B
:1005700087F8F032AAE70024012105A80594F6F7D0
:10058000C3FA664B214618600425F6F7D3FA082310
:10059000214607A8CDE90735F6F71EFB604B0A9503
:1005A00018602146072309A80993F6F715FB5D4B50
:1005B00006941860012106A8F6F7A6FA5A4B2146C0
:1005C0001860F6F7B7FA594B59491B68594A0B910D
:1005D0009B08584621460F93CDE90D440C92F6F73F
:1005E0000FFA554B1860F6F705FAFEE7534A126802
:1005F000002A7FF4FBAE04E70023CDE90D3302238C
:100600000C9360E74E4CDFF840814AF6CC32C4E9E7
:10061000010201234FF4A8724146237001F0CAF988
:10062000F8B923894FF4A875464643F6655016F885
:10063000012B83EA0223082219B25B00002902F190
:10064000FF329BB2B8BF434012F0FF02F4D1013D2C
:10065000EDD16068227800F5A870012AC4E9010391
:1006600074D0022323700DF1400A6DE5354B1B68F1
:10067000B3FA83F35B09C4E6AAF11803534518BF24
:100680001B797FF43EAF72E70223CDE90C330023E0
:100690000E9318E70023CDE90C330E9313E70023E4
:1006A0000C930E9301230D930DE700230C930E93EF
:1006B00002230D9307E797F8AD31002D4FF00202AA
:1006C0000C9218BF01220D9203220E92002B7FF490
:1006D000FAAE012387F8F032F5E697F8AE31002D37
:1006E000ECE797F8AF31002DE8E700224FF0020C5D
:1006F00097F8BC31CDE90CC203220E92002B7FF497
:10070000E2AEE6E70122122197F8BD31CDE90C12E5
:1007100003220E92002B7FF4D6AEDAE71CE700200E
:1007200018E7002014E7002010E700207CB9030838
:10073000C89B0308EDFB0108A4930020200B0020B8
:10074000A8A30020B09100205CE50020B7490C224E
:1007500001F030F9002884D12389B44E0C2543F6EA
:10076000655016F8012B83EA0223082219B25B00B8
:10077000002902F1FF329BB2B8BF434012F0FF02E2
:10078000F4D1013DEDD16268DFF8B0A2A84EA94DC9
:100790000C32C4E901230AF5AC672378012B7FF4FE
:1007A00060AFA5F1580960685822494601F002F986
:1007B00000287FF456AF238943F6655019F8012BC2
:1007C00083EA0223082219B25B00002902F1FF32FA
:1007D0009BB2B8BF434012F0FF02F4D1A945EDD15E
:1007E0006068A3602378DAF8ECB05830012B6060C1
:1007F0007FF437AF0BF104090C22494601F0DAF817
:1008000000287FF42EAF23890BF1100B43F66550BF
:1008100019F8012B83EA0223082219B25B00002990
:1008200002F1FF329BB2B8BF434012F0FF02F4D195
:10083000D945EDD16068A3602378DAF8F0B00C30C8
:10084000012B60607FF40DAF0BF118094FF4635278
:10085000494601F0AFF800287FF403AF0BF5635C65
:1008600023890CF1180C43F6655019F8012B83EA23
:100870000223082219B25B00002902F1FF329BB269
:10088000B8BF434012F0FF02F4D1E145EDD16068FA
:10089000A3602378DAF84CB100F56350012B606057
:1008A0007FF4DFAE0BF104090C22494601F082F817
:1008B00000287FF4D6AE23890BF1100B43F6655068
:1008C00019F8012B83EA0223082219B25B000029E0
:1008D00002F1FF329BB2B8BF434012F0FF02F4D1E5
:1008E000D945EDD1A3606368DAF8501152480C3352
:1008F0006360FFF7C5FB40B90DF1400A24E4AAF19B
:100900000803BBE6AAF11003B8E6DAF854114A4826
:10091000FFF7B6FB0028EFD02278DAF85831012A29
:100920007FF49FAE03F1040960680822494601F094
:1009300041F800287FF495AE208949460822FEF749
:10094000ADFD2378A0606068012B00F108006060B5
:100950007FF487AE6822314601F02CF800287FF43E
:1009600080AE208968223146FEF798FD2278A0608B
:10097000606856F8083C6830012A60607FF471AE08
:1009800003F12C090C22494601F014F800287FF4E9
:1009900068AE20890C224946FEF780FD2278A060CF
:1009A000606856F8043C0C30012A60607FF459AE50
:1009B00003F12C092422494600F0FCFF00287FF4B3
:1009C00050AE208949462422FEF768FD2378A060B6
:1009D0006068012B00F1240060607FF442AE9C222D
:1009E000514600F0E7FF00287FF43BAE20899C22AF
:1009F0005146FEF753FD6268A0600AF52C7A034663
:100A0000574502F19C0006F5D87605F5D075606073
:100A10007FF4C3AE9B462378012B91460DF1400A2B
:100A20000ED002232370FFF78FBB00BFCCE4002061
:100A3000FC8C00202C8A0020A8A30020901000200D
:100A40000222514600F0B6FF0028EAD19DF840206E
:100A5000238943F6655083EA0223082219B25B001A
:100A6000002902F1FF329BB2B8BF434012F0FF02EF
:100A7000F4D19DF8412043F6655083EA0223082211
:100A800019B25B00002902F1FF329BB2B8BF4340AC
:100A900012F0FF02F4D1A36063680233636023782D
:100AA000012B03D000232370FFF74EBBBDF840306D
:100AB0005B45F7D12270FEF757FD00283FF444ABA9
:100AC000034F09F19E03C7F8EC320DF12C0B85E4BE
:100AD000C0E3002070B5754C44F25032002120462E
:100AE000DFF7BAFC724A734B1578734A187873496A
:100AF00012780978002365F3070360F30F2362F38C
:100B000017436F4A226061F31F636E4A6E49C4F84F
:100B10007330C4E90F126D496D4A6E4BC4F8D8307A
:100B2000C4E911126C496D4A6D4B6E48A067C4E967
:100B300013126D496D4AC4E915126D496D4AC4E935
:100B400017126D4AE2666D4AE2676D4A6D49616649
:100B5000C4E937236C49C4F880104FF07E504FF041
:100B60007C530025A066C4F8F43040F203603823BB
:100B70004FF48051A4F87000C4F8EC1084F872307F
:100B80004FF48042294604F1FC0004F58044DFF76D
:100B900063FC01225D4B5E4884F8102104F58271EC
:100BA0004FF48062C4F80431C4F81811C4F8342139
:100BB000A4F8005184F8085104F5A273C4F80C019C
:100BC00004F5D271FF2203F80C2C0C339942FAD1B0
:100BD000504BC4F8D431C4F8DC31C4F8E0314FF0E4
:100BE000FF43C4F8E4314C4BC4F8E8310023C4F8A7
:100BF000C4314FF08043C4F8C8314FF08243C4F889
:100C0000D031464E4FF4E133C4E96C33C4F8B83107
:100C10004FF00333C4F8BE310FCE04F5CE7CACE800
:100C20000F00002533688CF800304FF0010E3022A1
:100C3000294604F5F870A4F8ADE1A4F8BCE1C4F8C5
:100C4000985184F8AF5184F8CC5184F8D851C4F845
:100C5000EC51DFF701FCCC22294604F50870DFF7E0
:100C6000FBFB2F4B2F4A1B78C4F8EC52FF3B18BFFD
:100C70000123C4E9BD55C4E9BF55C4E9C255C4E95F
:100C8000C455C4E9C655C4E9C855C4E9CA55C4E940
:100C9000CC55C4E9CE55C4E9D05584F8F05284F857
:100CA000045384F848331570157370BDC0A3002039
:100CB0005FC704085EC704085DC704085CC7040872
:100CC00058C00308740C0020780C002088A3002072
:100CD00084A3002014FA002080A300207CA300201D
:100CE0004CC0030871A30020700C002079A30020E1
:100CF00078A300206C0C002020EA002070A30020C4
:100D000024FA002074A300206CA30020F0C0030884
:100D100090D0030015AE6F420AD723BC5895030844
:100D20000078FF1FA8A300202DE9F04F00F5804AAE
:100D3000C94ADAF80033CAF8F8120133CAF80033A6
:100D4000566AC64C83B0760001908846B6B204F568
:100D5000AC692346D3F8E420D3F800110132C3F87C
:100D6000E420D3F8EC200132C3F8EC20D3F8F420CF
:100D700001F540510132C3F8F420D1F84809D3F805
:100D8000AC200130C1F84809D2F89C00D3F85811C2
:100D90000130C2F89C00D2F8A4000130C2F8A400CF
:100DA000D2F8D0000130C2F8D000D2F8D80001301B
:100DB000C2F8D800D2F8E0000130C2F8E000D1F863
:100DC00090210132C1F89021D1F89C210132C1F863
:100DD0009C21D3F828210132C3F82821D3F83421EB
:100DE0000132C3F83421D3F840210132C3F8402145
:100DF000D3F848210132C3F84821D3F850210132F9
:100E0000C3F85021D3F8FC20916A01319162116B33
:100E100001311163916B03F52C7301319945916395
:100E200098D116F007FA8E48FDF7F8FE8A4B8D4DE3
:100E30005B6A29785B009BB29A1B19B1CAE9C66349
:100E4000CAF82023DAF82433844EDFF80CB2934238
:100E500038BF1346CAF82433DBF82470D6F8600193
:100E60007F00BFB2FCF70EFAD6F86401FCF70AFA6D
:100E7000DBF8243029785B009BB2DA1B19B1C6E994
:100E80006773C6F8A421D6F8A831934238BF134639
:100E9000C6F8A83106F52C76B145DDD16E4B6F4E04
:100EA0005B6A5B001FFA83FB41463046F8F748FD5A
:100EB00007463046F8F782FD07B120B9D6F8580149
:100EC0000021F9F7B1FE06F52C76B145ECD1624B65
:100ED00029785B6A5B009BB2A3EB0B0219B1CAE9EC
:100EE000CAB3CAF83023DAF834335C4E934238BFC1
:100EF0001346CAF83433DFF860A1DAF82470D6F864
:100F000058317F005869BFB2FAF7A8FDD6F85831BA
:100F10009869FAF7A3FDDAF8243029785B009BB2D0
:100F2000DA1B19B1C6E95B73C6F87421D6F87831BB
:100F3000D6F8AC00934238BF1346C6F87831DAF8D9
:100F400024707F00BFB2FBF7C9FEDAF8243029789D
:100F50005B009BB2DA1B19B1C6E95F73C6F8842146
:100F6000D6F88831934238BF1346C6F8883106F563
:100F70002C76B145C1D13C4E374F7B6AD4F8FC008A
:100F80004FEA430A1FFA8AFAFDF78EFE7B6A297838
:100F90005B009BB2A3EB0A0219B1C4E963A3C4F8D6
:100FA0009421D4F89831D4F80001934238BF134605
:100FB000C4F898317B6A4FEA430A1FFA8AFAFCF7B1
:100FC000B1FC20B94FF400713046FEF739FB7B6A63
:100FD00029785B009BB2A3EB0A0219B1C4E96FA3A5
:100FE000C4F8C421D4F8C831934238BF1346C4F8BA
:100FF000C8317B6A41464FEA430A04F582701FFA02
:101000008AFAFDF769FD7B6A29785B009BB2A3EB46
:101010000A0219B1C4E973A3C4F8D421D4F8D831B1
:10102000D4F85801934238BF1346C4F8D8317B6ACC
:1010300041464FEA430A1FFA8AFAFAF757FB7B6ADE
:1010400029785B009BB2A3EB0A0279B1C4E97BA3C8
:10105000C4F8F4210AE000BF001C0040801000200A
:10106000A0A40020BC910020C8120020D4F8F831C0
:10107000D4F85801934238BF1346C4F8F8317B6A5C
:10108000C8304FEA430A41461FFA8AFAFDF7D0FBFF
:101090007B6A29785B009BB2A3EB0A0219B1C4E911
:1010A0007FA3C4F80422D4F80832934238BF134611
:1010B000C4F8083204F52C74A14506F52C767FF4AB
:1010C0005CAF384BD3F83C0210B10121F5F7CEFCF0
:1010D000344BD3F8EC0410B10121F5F7C7FC324BC7
:1010E000D3F8EC21314B102A98BF03EBC2031C68E4
:1010F0005CB12F489D88FEF703FE29460246204634
:1011000003B0BDE8F04FF0F7FFB903B0BDE8F08FD2
:10111000514604F5FE70F9F74BFC17F019F85146EB
:1011200004F5F670F9F744FC17F012F8514604F58F
:10113000E670F9F73DFC17F00BF8514604F5DE7048
:10114000F9F736FC17F004F8514604F5C670F9F7C4
:101150002FFC16F0FDFF394606F5BE70F9F728FCA6
:1011600016F0F6FF394606F5B670F9F721FC16F0D1
:10117000EFFF019B03F5864059462830F9F718FC2C
:1011800016F0E6FF394606F5CE70F9F711FC16F0B9
:10119000DFFF019B03F5864031461830F9F708FC64
:1011A00016F0D6FF80100020C0E30020F80F0020CA
:1011B000C0A3002070B50468654DAC4288B05FD014
:1011C000644DAC4217D0644DAC427BD0634DAC4211
:1011D00000F08680624DAC4266D0624DAC4200F0B9
:1011E0008D80614DAC4200F0A580604DAC4200F0B6
:1011F0009380002042E005F55055002601962E6BA5
:1012000046F002062E632D6B05F002050195019D47
:101210008088400844D0B0FA80F0C0F120001FFA66
:1012200080FE4FEA4E004FF0030C0CFA00FC8240A7
:101230006FEA0C0C266801F0030506EA0C068540EF
:101240003543256021F01005013D012D10D8834064
:10125000A06800EA0C000343A36063680120090949
:1012600000FA0EF001FA0EF123EA0003194361605F
:10127000E36803EA0C031A430120E26008B070BD82
:1012800005F56055002600962E6B808846F0010615
:101290002E632D6B05F0010500954008009DBAD125
:1012A0006FF0030C8646C5E705F520550026049629
:1012B0002E6B46F010062E632D6B05F0100504957D
:1012C000049DA5E705F54055002602962E6B46F0D5
:1012D00004062E632D6B05F004050295029D97E729
:1012E00005F53055002603962E6B46F008062E6352
:1012F0002D6B05F008050395039D89E705F510554D
:10130000002605962E6B46F020062E632D6B05F009
:1013100020050595059D7BE705F5E0550026079618
:101320002E6B46F080062E632D6B05F08005079529
:10133000079D6DE705F50055002606962E6B46F0D5
:1013400040062E632D6B05F040050695069D5FE770
:10135000000002400004024000080240000C02406D
:10136000001002400014024000180240001C02401D
:101370002DE9F041B0F804C05FEA5C0C82B000F0E7
:101380009980BCFA8CFCCCF1200C544D1FFA8CFCDB
:101390000CEB4C0E05EB8E0E0468BFF35B8F5EE822
:1013A000006F002E03D14EE80047002FF7D1BFF3A6
:1013B0005B8F0CBF0124002440F08E80484C494FC5
:1013C00000260196666C46F4804666644FEA9C0EE1
:1013D000646C4FEA8E0E0EF1804E04F480440EF5DC
:1013E0009C3E01940CF00308019CDEF808404FEA93
:1013F00088080F2606FA08F624EA06040668BE42A4
:101400001AD007F58067BE4245D0374FBE424CD058
:10141000364FBE4244D0364FBE424ED0354FBE420C
:1014200050D0354FBE4252D0344FBE420CBF07267B
:10143000082606FA08F634438688CEF80840304875
:101440006FEA060EE1B9816801EA0E0181602C495C
:10145000E2B1CA683243CA6029494C6804EA0E0402
:101460004C600C6834430C600CEB4C0C4E610899DA
:1014700005EB8C02C2E90131012002B0BDE8F08128
:101480008168314381601E49002AE2D1CA6802EABC
:101490000E02CA60E0E7012606FA08F63443CBE7FD
:1014A000032606FA08F63443C6E7022606FA08F6CB
:1014B0003443C1E7094DAE466EE7042606FA08F646
:1014C0003443B9E7052606FA08F63443B4E706269E
:1014D00006FA08F63443AFE72046CEE72CE70020B3
:1014E000003802400000024000080240000C0240A8
:1014F000001002400014024000180240001C02408C
:10150000003C01408288530830B404D0B3FA83F31E
:10151000C3F120039BB203EB43030C4900684FEA7D
:10152000830C01EB830351F80C40844201D030BCA2
:101530007047074C2568002015432560626130BC68
:10154000C3E9010041F80C00704700BF2CE7002000
:10155000003C0140054B5A69D20706D504494A6848
:10156000012058610AB1886810477047003C01406B
:101570002CE70020054B5A69920706D504490A69F1
:10158000022058610AB1486910477047003C014089
:101590002CE70020054B5A69520706D50449CA6951
:1015A000042058610AB1086A10477047003C0140A6
:1015B0002CE70020054B5A69120706D504498A6AB0
:1015C000082058610AB1C86A10477047003C0140C2
:1015D0002CE70020054B5A69D20606D504494A6B10
:1015E000102058610AB1886B10477047003C0140D9
:1015F0002CE700201E4B5A69920610B506D51D49EE
:101600000A6C202058610AB1486C9047184B5A69FF
:10161000540606D51749CA6C402058610AB1086DB6
:101620009047134B5A69100606D512498A6D8020DF
:1016300058610AB1C86D90470D4B5A69D10507D55D
:101640000C494A6E4FF4807058610AB1886E904719
:10165000074B5A69920509D506490A6F4FF4007085
:1016600058611AB1BDE81040486F104710BD00BF67
:10167000003C01402CE700202B4B5A69510510B566
:1016800008D52A49CA6F4FF48060586112B1D1F869
:1016900080009047244B5A69120509D52349D1F897
:1016A00088204FF40060586112B1D1F88C00904747
:1016B0001D4B5A69D40409D51C49D1F894204FF424
:1016C0008050586112B1D1F898009047164B5A6972
:1016D000900409D51549D1F8A0204FF40050586165
:1016E00012B1D1F8A40090470F4B5A69510409D5A3
:1016F0000E49D1F8AC204FF48040586112B1D1F8B6
:10170000B0009047084B5A6912040BD50749D1F82D
:10171000B8204FF40040586122B1BDE81040D1F824
:10172000BC00104710BD00BF003C01402CE700206A
:10173000024B00221A609A80704700BF24E7002005
:1017400030B5002387B0416803910122CDE9013310
:101750000223CDE904230546EFF79EFB0A4BF32253
:10176000DA60694601A8EFF799FC38B9EB682B609D
:101770000446EFF7A5FB204607B030BDEFF7A0FB0E
:10178000EFF7A8FB07B030BD003C02402DE9F04167
:101790000646C068884250D8B4688818A0424CD227
:1017A0005BB21D0145EA83051D4345EA83154B00E5
:1017B00003F0060301F00308FF249C40904421F04D
:1017C0000307EFF769FB1E4BE443F322EDB2E4B2EB
:1017D000DA600EE0316945EA0402002301EB97016B
:1017E000D2B21846EFF7AAFBA8F104080446043762
:1017F000E8B9B8F1030FEDD8B8F1000F12D0C8F175
:1018000004084FEA48086FF0FF023169254342FAA5
:1018100008F200232A4301EB97011846D2B2EFF7F2
:101820008DFB20B9EFF74CFB0020BDE8F081EFF70E
:1018300047FBBDE8F041EFF74DBB4FF0FF30F4E759
:10184000003C024052B2F0B5C4684FEA021E0646A0
:101850004EEA820EC81C20F0030042EA0E0E251D3F
:101860004EEA821EA8424FFA8EF7A0EB01015FFA02
:101870008EFE38D3421E36699208B25CD2B281B174
:101880004FEA410C6FF0FF0141FA0CF122EA01022C
:101890000EEA01010A4304E0AC451FD3725C6046C6
:1018A000D2B2411F72454FEA9101A0F1040CF3D06E
:1018B00007F00307B7EB921F4FEA921510D1A04231
:1018C00002D80DE0A04207D09200C2F38111A942D4
:1018D00000F1FF30D2B2F5D01970F0BD6046E7E7F5
:1018E00029461970F0BD7246E2E700BF30B5184CCA
:1018F00083B0A1680DF1050303222046FFF7A2FF84
:101900000DF1060303222060216A054604F1180048
:10191000FFF798FF0F4BA06100221A709DF8062078
:101920009AB9012205461A7004F118000DF1070357
:1019300029460022FFF786FF00230749074A2D1A90
:1019400018460D60136003B030BD2046EEE700BFBF
:101950007C0C0020F4E70020ECE70020F0E70020FA
:1019600038B50949094C0020E268636A08702046CE
:101970002260A361FFF7E4FE054604F11800FFF7BB
:10198000DFFE284338BD00BFF4E700207C0C0020B8
:10199000064B074A1B78C3F1010303EB430302EB39
:1019A000C303D3E90203C01AC0007047F4E7002064
:1019B0007C0C002038B5104C256800EB020CBCEB09
:1019C000C50F15D8034608460C4991F800C00C49CC
:1019D0000CEB4C0C51F83C4001EBCC01A4EB050C9A
:1019E000496903EBCC031944E0F712FB002038BD32
:1019F0004FF0FF3038BD00BFECE70020F4E70020D7
:101A00007C0C0020F8B5134B134E1B78C3F1010377
:101A100003EB430306EBC305DC00D5E902320730D4
:101A20009A1AB2EBD00F12D33159C7085B1ABB42D6
:101A300004D22846FFF784FE40B9315901233A46C3
:101A40002846FFF7A3FE08B9044B1F60F8BD4FF00E
:101A5000FF30F8BDF4E700207C0C0020F0E7002008
:101A60003B4B2DE9F04115461A684319B3EBC20F01
:101A70006BD8384B04461F788846EFF70DFA364B83
:101A8000F322DA60A207C7F1010721D0002D57D059
:101A9000324E07EB470306EBC30606E00134A3070B
:101AA00005F1FF3514D0002D4AD03268716900234A
:101AB00001EBC201214418F8012B1846EFF73EFA5A
:101AC0000028EBD0EFF7FCF9BDE8F041EFF702BAE0
:101AD000032D18D9214E07EB470306EBC30604E09C
:101AE000043D032D04F104040DD93368716958F8DD
:101AF000042B01EBC301214400230220EFF71EFA5F
:101B00000028EDD0DEE7DDB1144E07EB470306EB0E
:101B1000C30608EB0507454601E0BD4210D07269D7
:101B2000316802EBC10121440023A1EB08012944E3
:101B3000184615F8012BEFF701FA0028EDD0C1E7A0
:101B4000EFF7BEF90020BDE8F0814FF0FF30FAE773
:101B5000F0E70020F4E70020003C02407C0C00206D
:101B60002DE9F0411D4E1E4D34781E4FC4F1010089
:101B700000EB40004FEAC0083A6855F8081005EB42
:101B8000C0000023FFF702FE08BB3A6855F8083092
:101B90003860134445F80830134B1A6004EB4403D3
:101BA000DF0005EBC3033278D3F808C0E95904EB32
:101BB0004404C2F101036145337005EBC40008D24F
:101BC00001231A46FFF7E2FDEB590133EB51BDE863
:101BD000F081BDE8F041FFF7B3BD00BFF4E700209E
:101BE0007C0C0020F0E70020ECE70020017070473B
:101BF00002680B689A4201D00020704742684B6827
:101C00009A42F9D182688B689A42F5D1C268CB6852
:101C10009A42F1D102690B699A42EDD142694B694E
:101C20009A42E9D182698B699A42E5D1C269CB694E
:101C30009A42E1D1026A0B6A9A42DDD1426A4B6A4A
:101C40009A42D9D1806A8B6AC31A58425841704768
:101C500048304FF00102BFF35B8FD0E84F3FC0E840
:101C6000412F0029F9D1BFF35B8FD8B2B0FA80F0D1
:101C700040097047002380F848307047F8B5446841
:101C8000F4B106680546311D2046FFF7B1FFC8B123
:101C9000E06A218E002832D00022EFF735FC2E6852
:101CA000B36C93F83530012B04D1F36C93F83530D5
:101CB000012B2ED0E06A218E10B10122EFF724FC17
:101CC0000020F8BD3046F1F72FFAA446BCE80F001B
:101CD0002F683E1D0FC6BCE80F000FC69CE807002A
:101CE00086E807003846F1F7DFF92E68E06A3268C7
:101CF000218E136843F0400313600028CCD1B36CED
:101D000093F83530012BDBD1F36C93F83530012B90
:101D1000D0D1D4E90D1571B1A38F3DB12A4630461B
:101D2000F1F774FA0028C5D10120F8BD1A463046F3
:101D3000F1F712FAF6E7002DBCD0A28F2946304603
:101D4000F1F7E2FAEEE700BF002310B50C46CB64D2
:101D5000EFF3108172B6436800F1040C53B11A46D8
:101D6000DB6C002BFBD142F84C4F81F3108894457B
:101D700003D010BD446081F31088FFF77FFF014658
:101D80000028F6D1236C002BF3D0606CBDE8104026
:101D9000184700BF84B0F0B597B00DF1740C8CE813
:101DA0000E000023CDE914331D4B1293FF23074689
:101DB0008DF80730BCE80F000DF1080EAEE80F00FB
:101DC000BCE80F00AEE80F009CE8070028AD8EE8E5
:101DD000070095E803000DAC84E803002A9B0F93ED
:101DE0002B9B10930DF107062C9B1193384602A9EB
:101DF0001396FFF7A9FF9DF80730FF2B06D10120AE
:101E0000F4F72CFE9DF80730FF2BF8D09DF8070063
:101E1000003818BF012017B0BDE8F04004B070478B
:101E2000ED1B02084368E3B110B50446D86A20B13F
:101E3000198E0122EFF768FB63681A6C12B1586CB7
:101E400001219047EFF3108272B66368DB6C636028
:101E500082F3108823B12046BDE81040FFF70EBF83
:101E600010BD7047F0B5D1F858210F4B056891F8B7
:101E70007CE0D2F89070D2F894608C6F0FCB85B074
:101E8000EC468CE80F00CDF80770CDF80B602B689E
:101E90008DF804E0640103341B6800946146284611
:101EA000984705B0F0BD00BF6C95030803680B436D
:101EB00003607047F0B5D1F8AC20104BB2F88C201D
:101EC000056891F87C608C6F4FF0000E774662F3E6
:101ED0000F0E0FCB85B0EC468CE80F00CDF807E075
:101EE000CDF80B702B688DF80460640104341B6816
:101EF000009461462846984705B0F0BD6C950308EC
:101F00002DE9F041104B0568D1F8FC7091F87C8008
:101F10008C6F0FCB84B0EC468CE80F003B7C8DF8C7
:101F200004804FF0000ECDF80BE063F3070ECDF800
:101F300007E02B68640105341B680094614628465D
:101F4000984704B0BDE8F0816C950308F0B5D1F86E
:101F50000021114B056891F87C608C6F02F54052AE
:101F60004FF0000E92F8DC28774662F3070E0FCB95
:101F700085B0EC468CE80F00CDF807E0CDF80B708B
:101F80002B688DF8046064011D341B680094614661
:101F90002846984705B0F0BD6C950308F0B5D1F818
:101FA000AC200F4B056891F87CE0D2F89070D2F825
:101FB00094608C6F0FCB85B0EC468CE80F00CDF8A9
:101FC0000770CDF80B602B688DF804E064010A34CB
:101FD0001B68009461462846984705B0F0BD00BFD5
:101FE0006C9503082DE9F04FD1F858410568D1F8F8
:101FF0000021234BD1F84892D1F8788291F87CB037
:10200000D4E9240402F540522043D1F8AC0092F800
:102010003DE9B0F88C6092F8DC288C6F4FF0000A34
:1020200014BF012757464FEACE1EB6EB0A0618BF6B
:102030000126524518BF4EF0010E0FCB85B0EC467D
:102040008CE80F00CDF80BA0CDF8079098F8003081
:102050008DF804B043EA072343EA064323F07F43A5
:1020600043EA0E63CDF80B302B68640101341B6822
:10207000009461462846984705B0BDE8F08F00BF40
:102080006C950308F0B50F4A0F4B17680F4A0568A7
:10209000166891F87CE08C6F0FCB85B0EC468CE82D
:1020A0000F00CDF80770CDF80B602B688DF804E0B9
:1020B000640117341B68009461462846984705B0B0
:1020C000F0BD00BF780C00206C95030874A30020BD
:1020D00070B50F4B0568D1F8FC6091F87CE08C6F0F
:1020E0000FCB84B0EC468CE80F00F36BCDF80B30CF
:1020F0007369CDF807302B688DF804E0640115345E
:102100001B68009461462846984704B070BD00BF24
:102110006C950308F0B5D1F8582191F87CE08C6FEC
:102120000F4B92F81C110668D2F81851D2F858716A
:1021300000290FCB85B0EC468CE80F0008BF0025C6
:10214000CDF80750CDF80B7033688DF804E06401CA
:1021500014341B68009461463046984705B0F0BDC2
:102160006C950308F0B5D1F80021284B8C6F91F8DD
:102170007C7002F5405C05460FCB9CF8E86885B0A2
:102180006401EE460934022E8EE80F0000948DF8AB
:10219000047026D0012E1FD00CF6E403002E32D19D
:1021A0001B68CDF807300022CDF80B209CF8F828EA
:1021B000022A1CD0012A20D02ABB0CF6F40CDCF831
:1021C00000202868CDF80730CDF80B200368714651
:1021D0001B68984705B0F0BDDCF8E438002BDFD170
:1021E000DFE7DCF8E438002BDBD05B68D9E7DCF80C
:1021F000F428002AE5D05268E3E7DCF8F428002A46
:10220000DFD01268DDE70248F8F7C0FB6C950308E1
:10221000849B030830B5194B4FF42C7202FB013339
:102220000C4600EB81020546204493F87C109B6F1E
:10223000D36087B001750020CDE903006FF01F0067
:1022400005905B01B1B1039301238DF81030516803
:1022500019B1286803689B6898472868084A03688A
:10226000013405EB840400945C6803A92B46A04765
:1022700007B030BDADF80C30E9E700BF801000209A
:102280000528020810B500210446FFF7C3FF28B156
:1022900020460121BDE81040FFF7BCBF10BD00BFC4
:1022A000F0B5D1F80730054685B000EE103AD0F809
:1022B00000010C46FBF7A8FAD5F800319FED177A1C
:1022C000DFED176A03F5405E94E80F00EC468CE8FA
:1022D0000F00DDF80B301BB207EE903AF8EEE77A0C
:1022E000B0EE476AA7EEA66A0EF618170EF61C1691
:1022F000012587ED006A94E80F008CE80F00DDF8F7
:102300000B301B1407EE903AF8EEE77AA7EEA67AA8
:1023100086ED007A8EF83C5905B0F0BD0000000053
:102320006F12833A70B5194BD2F807C08C6F91F8D1
:102330007CE006460FCB86B05FFA8CFC640102ADF0
:102340001C34BCF1100F85E80F0002948DF80CE0EE
:1023500002D9002006B070BD0D4A02EBCC0292E813
:1023600003006B4683E80300F6F706FD10EE102A23
:10237000DDF813303068CDF80F20CDF81330036846
:1023800029461B68984706B070BD00BF6C950308CE
:10239000F80F00202DE9F04FABB0774C0090EDF72F
:1023A0006BFB009AA16FD3689942074604D194F859
:1023B0007C10137D994205D0104600210092FFF752
:1023C00029FF009AD4F828131369994204D194F88C
:1023D0002C13537D994205D0104601210092FFF73E
:1023E00019FF009A644D00924FF0FF390DF1980AE1
:1023F0004FF0000BA846614BCDE9043B604BCDE9A3
:10240000083B604BCDE90C3B5F4BCDE9103B5F4B8C
:10241000CDE9143B5E4BCDE9183B5E4BCDE91C3B4F
:102420005D4BCDE9203B08F52073039308F184034D
:10243000069308F52173079308F188030A9308F5BA
:1024400022730B9308F18C030E9308F523730F93FB
:1024500008F19003129308F52473139308F1940381
:10246000169308F52573179308F198031A9308F546
:1024700026731B9308F19C031E9308F527731F9383
:1024800008F1800608F1A00302962293434BCDE9A0
:10249000243B434BCDE9283B424B5D6A08F528734A
:1024A0006D00239308F1A403ADB2269308F52973B8
:1024B000279302AC01950AE01344DB1B23EAE37384
:1024C000994528BF9946A2451AD054F8106F326832
:1024D000002AF8D065682B68F91A8A42ECD8D4E94A
:1024E00002230098591000EB6300DB0702D5009B24
:1024F0005B589A584146904700BB2B683268DBE72F
:10250000284B294A5B6A019D10785B009BB2591BDE
:1025100018B1C8E96B53C8F8B411D8F8B8318B4278
:1025200038BF0B46C8F8B831204B08F52C789845D1
:102530007FF461AF48462BB0BDE8F08F2F60326862
:102540003B46B9E7184B1978164B5B6A45465B006A
:10255000DDF804809BB2A3EB080219B1C5E96B83D7
:10256000C5F8B421D5F8B831934238BF1346C5F841
:10257000B83115F0EDFD00BF80100020E51F020806
:1025800065210208651E0208B51E02084D1F0208DB
:10259000011F02089D1F020815210208D120020810
:1025A00085200208001C0040BC910020E01500209E
:1025B0002DE9F04116460A683368126803F01F04DB
:1025C000074608460D469047A31E1B2B22D8DFE87E
:1025D00013F0FD00F100E500D900D500D000210086
:1025E000C400B800AC00A60097008F0084007D00F6
:1025F00077006E0068005D00520005014700420050
:1026000039001C00300029002300D5F80031D6F82D
:102610000720DA61BDE8F08129463846BDE8F0417F
:10262000FFF794BC324629463846BDE8F041FFF733
:1026300079BED5F80031D6F807201A62D6F80B20FB
:102640005A62E7E7D5F8AC00D6F807100368BDE892
:10265000F0411B681847BDE8F0416748FCF750BFE0
:10266000737913B9B379002BD4D129463846BDE824
:10267000F041FFF707BD737913B9B379002BC9D1C6
:1026800029463846BDE8F041FFF722BD737913B9FA
:10269000B379002BBED129463846BDE8F041FFF79B
:1026A00039BDD5F80031D6F807209A64B2E7D5F8DD
:1026B0005C31D6F807209A60D6F80B20DA60A9E7DB
:1026C000D5F85C31D6F807205A60A3E7D5F80001A9
:1026D0000368BDE8F0415B681847D5F80021D6F8DB
:1026E0000710D5F858319162D6F80B20DA6391E7DC
:1026F000D5F80031D6F8072003F56453DA6189E78D
:10270000D5F80031D6F8071003F5405303F6181238
:1027100003F61C131160D6F80B201A607AE73146D5
:102720002846BDE8F041FFF7BBBDD5F80001D6F85B
:1027300007300376D6F80B304376BDE8F041FBF75F
:1027400099B873791BB9B379002B7FF463AF29462D
:102750003846BDE8F041FFF721BC73791BB9B37966
:10276000002B7FF457AF29463846BDE8F041FFF70C
:10277000F9BCD6F8073085F86C324BE7D6F807304D
:10278000AB6747E773791BB9B379002B7FF442AF8E
:1027900029463846BDE8F041FFF7B2BB73791BB953
:1027A000B379002B7FF436AF29463846BDE8F041B7
:1027B000FFF780BB73791BB9B379002B7FF42AAF85
:1027C00029463846BDE8F041FFF74CBB05F51270CD
:1027D0004FF48041BDE8F041FFF768BBBFF34F8F76
:1027E0000649074BCA6802F4E0621343CB60BFF3AB
:1027F0004F8F00BFFDE700BFC0A3002000ED00E049
:102800000400FA050F4B0A6810B59C6FB4EB521F19
:102810004FEA521C10D0D3F82823944500D010BDA5
:1028200093F82C230B799A42F9D1074B0A46BDE85D
:1028300010401946FFF7BCBE93F87CE00A79964534
:10284000E9D1F3E7801000203013002030B50546B1
:1028500089B0D0F894000C46EDF7FEFF88B92279D4
:10286000216892000492A2790346D5F894008DF86D
:102870001C30CDE90211CDE905320193EDF7C8FD19
:1028800010B9002009B030BDD5F8940001ABE21DAD
:1028900002A9EDF763FDB0FA80F0400909B030BD40
:1028A00000F13402914207D300F1940291420346B1
:1028B00002D20A78FF2A01D00020704710B5D3F861
:1028C00094408AB0282200216846DDF7C5FD69469C
:1028D0002046EDF753FCB0FA80F040090AB010BD75
:1028E000F0B500F1340500F19406504CA6EB050C50
:1028F0004FEAAC0C04FB0CFC8BB04FEAAC0EBEF103
:10290000000F109F40F385800EEB4E0E00EB0E1E65
:102910000EF1340E2C4611E094F80CC0BCF1FF0F00
:102920004BD094F818C0BCF1FF0F48D094F824C0E5
:10293000BCF1FF0F45D03034744544D094F800C04A
:10294000BCF1FF0FE8D1A64253D0C4E90123002314
:10295000237007B13C600B79012B25D0002B5AD195
:102960008B680A885B05520543F004032F49D0F8B1
:102970009400641BA41001FB04F40021CDE90414AD
:102980000124CDE90744140C069192B200946946E3
:102990001C0C9BB2CDE901240393EDF7EFFBB0FAD9
:1029A00080F040090BB0F0BD0A688B68D200DB00F4
:1029B00042F0040243F00403D8E70C34C3E71834B0
:1029C000C1E72434BFE7DFF864E0A6EB040C4FEA6C
:1029D000AC0C0EFB0CFCBCF1020F13D0BCF1030FCE
:1029E0000AD0BCF1010F04D194F800C0BCF1FF0F74
:1029F000A9D000200BB0F0BD94F800C0BCF1FF0FCF
:102A0000A1D00C3494F800C0BCF1FF0F9BD00C3463
:102A1000EAE72C46DFE7082015F0F2FA044C0549F6
:102A2000054AC0E90041054915F0D0FFABAAAAAAA2
:102A300024BB0308849B0308A9A80108B0BA0308B3
:102A40000840704710B50446D0F89400EDF756FCE6
:102A5000D4F89400EDF702FFD4F89400EDF70EFBE4
:102A600008B1002010BDD4F89400EDF719FC00283F
:102A7000F7D1D4F894001321EDF77AFDB0FA80F085
:102A8000400910BD8268084910B5B1FBF2F404FB9F
:102A900002F28A42006105D1D0F8943013B15C6033
:102AA000FFF7D0FF012010BD80841E0030B5826882
:102AB000C0F894100D4BB3FBF2F387B04B600446A3
:102AC000FFF7C0FF054670B10022CDE90322236B5A
:102AD0000749084A9B08CDE9011201A82146059340
:102AE000F3F78EFFE062284607B030BD80841E00F9
:102AF000E89B0308C92D02080C4A10B4B2FBF1F49C
:102B000004FB01FC944508D1D0F89420816042B1C7
:102B100054605DF8044BFFF795BF00205DF8044B4F
:102B2000704701205DF8044B704700BF80841E0091
:102B30002DE9F04F00F1940900F1340A744AA9EB31
:102B40000A039B1002FB03F34FEAA30808EB4805B6
:102B50008FB000EB051534350193A9EB05039B10ED
:102B600002FB03F307460C469B46D7F89400214628
:102B7000EDF7EAFC00286AD0664B0FCB03AE86E87F
:102B80000F000DF1130307AA2146D7F89400EDF7C3
:102B900057FC0999DDE90723002918BF1A46DDE92A
:102BA0000A3014BF01210021003B18BF0123B8F1F6
:102BB000000F8DF812008DF8101003928DF811306F
:102BC00040F3A18000260D9A5346314625E08A4203
:102BD000B44601F101002BD093F80CE0BEF1000FD8
:102BE00038D18242664600F1010139D093F818E0ED
:102BF000BEF1000F38D18A42B44601F1010039D04C
:102C000093F824E0BEF1000F38D18242664600F10D
:102C1000010139D030339D423AD093F800E0BEF143
:102C2000000FD4D0084631468A4206F1010CD3D1B8
:102C3000A645D1D1994598D0D3E9012003A9904761
:102C4000D7F894002146EDF77FFC002894D10FB00F
:102C5000BDE8F08F0146604682420CF10106C5D105
:102C6000A645C3D10C33E5E7084631468A4206F152
:102C7000010CC5D1A645C3D11833DBE70146604638
:102C800082420CF10106C5D1A645C3D12433D1E758
:102C90005A46022A22D0032A0ED0012A7FF465AFB9
:102CA0000D9A1878002818BF314691427FF45DAF25
:102CB000A0427FF45AAFBDE71878D8B90D9A8C4678
:102CC000624501F101011BD0187B0C3350B98C46D1
:102CD000944501F101010AD00C33E2E718780D9A0E
:102CE0000028F4D0B446944506F10106F4D1A04280
:102CF000F2D19FE70D9AB446624506F10106E3D191
:102D0000A042E1D196E70026019A53463146C0E73A
:102D1000ABAAAAAA7C9503082DE9F041067B0446DC
:102D200001213046FFF78CFE04F11408002844D13D
:102D3000D4F89400234FEDF78FFD03460121304670
:102D4000F3B9FFF77DFE50BB4FF0FF350021204661
:102D5000FFF7EEFE01212046FFF7EAFE1321D4F82B
:102D60009400EDF705FC29463868F3F7E3FED4F844
:102D70009400EDF771FD034601213046002BE0D0B1
:102D8000B3F5003FD4F89400D5D1EDF767FDD4F842
:102D90009400EDF785FA50B1D4F89400CBE74046A3
:102DA000FFF7F8FA012838BF01200546CEE7D4F82E
:102DB00094000321EDF7DCFBEEE74046FFF762FAF3
:102DC000B6E700BF10E7002008B5FFF7A5FF00BF7A
:102DD00008B50121EDF7E2FB024B1868BDE8084099
:102DE000F3F7D4BE10E7002008B50121EDF7D6FBBC
:102DF000024B1868BDE80840F3F7C8BE10E7002092
:102E000008B50121EDF7CAFB024B1868BDE8084080
:102E1000F3F7BCBE10E70020704700BF704700BF4B
:102E2000704700BF08B50221EDF7B8FB024B1868E8
:102E3000BDE80840F3F7AABE10E7002008B510214E
:102E4000EDF7ACFB024B1868BDE80840F3F79EBEF7
:102E500010E70020704700BF704700BF704700BFF9
:102E6000704700BF704700BF0020704700207047C8
:102E700000207047008870470180704790ED000A7D
:102E8000704700BF006870470078704790ED000AF7
:102E9000704700BF80ED000A704700BFD0E9000115
:102EA000704700BF00787047007870470170704726
:102EB000006870470160704700687047007870478D
:102EC0000170704700787047017070470078704754
:102ED00001707047006882B002B0704782B0016034
:102EE00002B0704700787047017070470068704703
:102EF00001607047D0E90001704700BF007870475B
:102F00000078704701707047D0E90001704700BF3A
:102F1000C0E90023704700BF006870470160704738
:102F200000787047017070470078704701707047F3
:102F300000787047017070470078704701707047E3
:102F40000088704701807047008870470180704793
:102F500000887047018070470078704701707047A3
:102F600082B010B502A981E80C00044610220021AD
:102F7000DDF772FA2046BDE8104002B0704700BF8E
:102F8000A1F10801ECE700BF82B010B502A981E809
:102F90000C00044610220021DDF75EFA2046BDE851
:102FA000104002B0704700BFA1F10801ECE700BF7C
:102FB00082B010B502A981E80C000446102200215D
:102FC000DDF74AFA2046BDE8104002B0704700BF66
:102FD000A1F10801ECE700BF82B010B502A981E8B9
:102FE0000C00044610220021DDF736FA2046BDE829
:102FF000104002B0704700BFA1F10801ECE700BF2C
:1030000082B010B502A981E80C000446102200210C
:10301000DDF722FA2046BDE8104002B0704700BF3D
:10302000A1F10801ECE700BF82B010B502A981E868
:103030000C00044610220021DDF70EFA2046BDE800
:10304000104002B0704700BFA1F10801ECE700BFDB
:1030500082B010B502A981E80C00044610220021BC
:10306000DDF7FAF92046BDE8104002B0704700BF16
:10307000A1F10801ECE700BF82B010B502A981E818
:103080000C00044610220021DDF7E6F92046BDE8D9
:10309000104002B0704700BFA1F10801ECE700BF8B
:1030A00082B010B502A981E80C000446102200216C
:1030B000DDF7D2F92046BDE8104002B0704700BFEE
:1030C000A1F10801ECE700BF82B010B502A981E8C8
:1030D0000C00044610220021DDF7BEF92046BDE8B1
:1030E000104002B0704700BFA1F10801ECE700BF3B
:1030F00082B010B502A981E80C000446102200211C
:10310000DDF7AAF92046BDE8104002B0704700BFC5
:10311000A1F10801ECE700BF82B010B502A981E877
:103120000C00044610220021DDF796F92046BDE888
:10313000104002B0704700BFA1F10801ECE700BFEA
:1031400082B010B502A981E80C00044610220021CB
:10315000DDF782F92046BDE8104002B0704700BF9D
:10316000A1F10801ECE700BF82B010B502A981E827
:103170000C00044610220021DDF76EF92046BDE860
:10318000104002B0704700BFA1F10801ECE700BF9A
:103190000020704782B010B502A981E80C000446F7
:1031A00010220021DDF758F92046BDE8104002B09A
:1031B000704700BFA1F10801ECE700BF0020704795
:1031C000A0F10400FAE700BF82B010B502A981E8BF
:1031D0000C00044610220021DDF73EF92046BDE830
:1031E000104002B0704700BFA1F10801ECE700BF3A
:1031F00082B010B502A981E80C000446102200211B
:10320000DDF72AF92046BDE8104002B0704700BF44
:10321000A1F10801ECE700BF82B010B502A981E876
:103220000C00044610220021DDF716F92046BDE807
:10323000104002B0704700BFA1F10801ECE700BFE9
:1032400082B010B502A981E80C00044610220021CA
:10325000DDF702F92046BDE8104002B0704700BF1C
:10326000A1F10801ECE700BF82B010B502A981E826
:103270000C00044610220021DDF7EEF82046BDE8E0
:10328000104002B0704700BFA1F10801ECE700BF99
:1032900082B010B502A981E80C000446102200217A
:1032A000DDF7DAF82046BDE8104002B0704700BFF5
:1032B000A1F10801ECE700BF82B010B502A981E8D6
:1032C0000C00044610220021DDF7C6F82046BDE8B8
:1032D000104002B0704700BFA1F10801ECE700BF49
:1032E00010B582B00C4601AA0449DDF707F90128A0
:1032F00006BF019B2370002002B010BD009C030894
:1033000030B40C4C0C4D43F6655114F8012B0823D6
:1033100080EA022002B24000002A03F1FF3380B2AB
:10332000B8BF484013F0FF03F4D1AC42EDD130BC3C
:10333000704700BFD8CE030885A90408F8B5174622
:103340000AB31E468847D6E900424FF0000CCCF184
:10335000200520FA0CFE01FA05F50AB1944214D2B8
:10336000BCF120034EEA050E5CBF41FA03F34EEABE
:10337000030E84F800E034680CF1080C0134BCF151
:10338000400F3460E3D13846F8BD00273846F8BD19
:1033900070B51E46D1E9000315469847034A034617
:1033A00031462846DEF7DCFD012070BD009C030895
:1033B000A0F10400ECE700BF37B51D46D1E90003DA
:1033C0001446984710EE100AE7F7E0FC044ACDE9EE
:1033D000000129462046DEF7C3FD012003B030BDC1
:1033E000FCC00308A0F10400E6E700BF10B5D1E976
:1033F000000314469847002330302070637001208A
:1034000010BD00BFA0F10400F0E700BF70B51E467C
:10341000D1E9000315469847034A0346314628463A
:10342000DEF79EFD012070BDFFC00308A0F104007F
:10343000ECE700BF70B51E46D1E90003154698477A
:10344000034A034631462846DEF78AFD012070BD57
:10345000009C0308A0F10400ECE700BF70B51E4615
:10346000D1E9000315469847034A034631462846EA
:10347000DEF776FD012070BD009C0308A0F104007A
:10348000ECE700BF70B51E46D1E90003154698472A
:10349000034A034631462846DEF762FD012070BD2F
:1034A000009C0308A0F10400ECE700BF08B5D1E9D7
:1034B00000039847002008BDA0F10400F6E700BF14
:1034C00070B51E46D1E9000315469847034A0346E6
:1034D00031462846DEF744FD012070BD009C0308FC
:1034E000A0F10400ECE700BF70B51E46D1E900036F
:1034F00015469847034A034631462846DEF730FD15
:10350000012070BD009C0308A0F10400ECE700BF9F
:1035100070B51E46D1E9000315469847034A034695
:1035200031462846DEF71CFD012070BD009C0308D3
:10353000A0F10400ECE700BF70B51E46D1E900031E
:1035400015469847034A034631462846DEF708FDEC
:10355000012070BD009C0308A0F10400ECE700BF4F
:1035600037B51D46D1E9000314469847044ACDE912
:10357000000129462046DEF7F3FC012003B030BDF0
:1035800003C10308A0F10400EAE700BF70B51E46BE
:10359000D1E9000315469847034A034631462846B9
:1035A000DEF7DEFC012070BD08C10308A0F10400B5
:1035B000ECE700BF70B51E46D1E9000315469847F9
:1035C000034A034631462846DEF7CAFC012070BD97
:1035D000009C0308A0F10400ECE700BF70B51E4694
:1035E000D1E9000315469847034A03463146284669
:1035F000DEF7B6FC012070BD009C0308A0F10400BA
:10360000ECE700BF70B51E46D1E9000315469847A8
:10361000034A034631462846DEF7A2FC012070BD6E
:10362000009C0308A0F10400ECE700BF70B51E4643
:10363000D1E9000315469847034A03463146284618
:10364000DEF78EFC012070BD009C0308A0F1040091
:10365000ECE700BF70B51E46D1E900031546984758
:10366000034A034631462846DEF77AFC012070BD46
:10367000009C0308A0F10400ECE700BF70B51E46F3
:10368000D1E9000315469847034A034631462846C8
:10369000DEF766FC012070BD009C0308A0F1040069
:1036A000ECE700BF70B51E46D1E900031546984708
:1036B000034A034631462846DEF752FC012070BD1E
:1036C000009C0308A0F10400ECE700BF70B51E46A3
:1036D000D1E9000315469847034A03463146284678
:1036E000DEF73EFC012070BD009C0308A0F1040041
:1036F000ECE700BF00887047FFF7FCBF40687047E9
:10370000FFF7FCBF807A7047FFF7FCBF0089704766
:10371000FFF7FCBF90ED040A70470000FFF7FABF07
:1037200090F8250070470000FFF7FABFB0F84C0092
:1037300070470000FFF7FABF90F82E0070470000B6
:10374000FFF7FABF90F8240070470000FFF7FABFB8
:1037500090ED0D0A70470000FFF7FABFC06A70478E
:10376000FFF7FCBF00787047FFF7FCBF00F564501F
:1037700090ED050A70470000FFF7F8BF90ED0C0AC6
:1037800070470000FFF7FABF90ED050A7047000090
:10379000FFF7FABF90ED040A70470000FFF7FABF89
:1037A00000787047FFF7FCBF008A7047FFF7FCBF47
:1037B000008A7047FFF7FCBFC0897047FFF7FCBF66
:1037C00000687047FFF7FCBF10B52DED028B0C466B
:1037D000DCF73AFDD4E90003B0EE408A9847BCEE2E
:1037E000C80A2068A36810EE102A91B29847BDEC71
:1037F000028B012010BD10B52DED028B0C46DCF7BD
:1038000023FDD4E90003B0EE408A9847FDEEC87A64
:103810002068A36817EE901A9847BDEC028B012030
:1038200010BD38B50C46DCF70FFD10EE105AD4E988
:10383000000398472846E7F7EBFF02460B4620684F
:10384000A1688847012038BD10B52DED028B0C46CC
:10385000DCF7FAFCD4E90003B0EE408A9847FCEEAE
:10386000C87A2068A36817EE901A9847BDEC028BBF
:10387000012010BD10B52DED028B0C46DCF7E4FCE9
:10388000D4E90003B0EE408A9847FCEEC87A20687D
:10389000A36817EE901A9847BDEC028B012010BD6B
:1038A00010B50C462DED028BD1E90003B0EE408A35
:1038B00098472068A368B0EE480A9847BDEC028B91
:1038C000012010BD00887047FFF7FCBF40687047BB
:1038D000FFF7FCBF807A7047FFF7FCBF0089704795
:1038E000FFF7FCBF90ED0F0A70470000FFF7FABF2B
:1038F00090ED0D0A70470000FFF7FABF90ED0B0A3C
:1039000070470000FFF7FABF90ED120A7047000001
:10391000FFF7FABF90ED100A70470000FFF7FABFFB
:1039200090ED0E0A70470000FFF7FABF90ED040A11
:1039300070470000FFF7FABF90F8250070470000BD
:10394000FFF7FABFB0F84C0070470000FFF7FABF6E
:1039500090F82E0070470000FFF7FABF90F824009F
:1039600070470000FFF7FABF90ED370A704700007C
:10397000FFF7FABF90ED390A70470000FFF7FABF72
:1039800090ED350A70470000FFF7FABF90ED280A66
:1039900070470000FFF7FABF90ED0D0A7047000076
:1039A000FFF7FABFC06A7047FFF7FCBF00787047A7
:1039B000FFF7FCBF00F5645090ED050A704700006A
:1039C000FFF7F8BF90ED0C0A70470000FFF7FABF51
:1039D00090ED050A70470000FFF7FABF90ED040A6A
:1039E00070470000FFF7FABF00787047FFF7FCBF91
:1039F00090F8703013B190ED1B0A70479FED010AEB
:103A0000704700BF00000000FFF7F2BF90F8683079
:103A100013B190ED190A70479FED010A704700BF7E
:103A200000000000FFF7F2BF008A7047FFF7FCBFFD
:103A3000008A7047FFF7FCBFC0897047FFF7FCBFE3
:103A400000687047FFF7FCBFF0B583B002AC04E933
:103A50000C00099E9DED000A9DF804309DF820E0C1
:103A60009DF8217041B30C463BB1D7B17146036854
:103A70001B689847204603B0F0BDD6E900511A46AE
:103A800009B1A94218D915F801CB35600CFA03FC2D
:103A90000833202B42EA0C02F2D100EE102A002F4C
:103AA000E4D1D6E90032934206D05A1C326019782C
:103AB000003918BF0121DAE70024204603B0F0BD29
:103AC0002DE9F04784B004AC04E90F009DF80C70B8
:103AD000DDE910C557B39DF83810019ADDE90CA94E
:103AE000044639B3204690475246064688464B4620
:103AF000029920468847D5E900400023C3F1200100
:103B0000A3F1200C26FA03F208FA01F10A4328FA7D
:103B10000CFC42EA0C02083308B1A0422AD92270F8
:103B20002C68402B04F101042C60E7D1384604B026
:103B3000BDE8F087DCE9006E8A468946A1F12000E5
:103B4000C1F12008BEF1000F01D0B64517D916F813
:103B5000013BCCF8006003FA00F023FA08F88B4030
:103B6000083140EA0800402943EA0A0A40EA090904
:103B7000E4D1B7E70027384604B0BDE8F087204617
:103B8000904706468846B6E7F7B510460D466A46A2
:103B90000A49DCF7B3FC012801D000200BE0DDE985
:103BA00000670446D5E9000398472868A9683246AB
:103BB0003B468847204603B0F0BD00BF03C1030861
:103BC000A0F10400E0E700BF2DE9F04190460AB300
:103BD0001F468847D7E900434FF0000CCCF1200680
:103BE000ACF1200520FA0CFE01FA06F64EEA060EAC
:103BF00021FA05F54EEA050E0CF1080C0BB19C42BA
:103C00000BD284F800E03C68BCF1400F04F10104E1
:103C10003C60E3D14046BDE8F0814FF000084046EB
:103C2000BDE8F08138B53AB11D4614468847D5E95C
:103C3000002323B1934202D80024204638BD1070DF
:103C40002B6801332B60204638BD00BF38B53AB130
:103C50001D4614468847D5E9002323B1934202D874
:103C60000024204638BD10702B6801332B6020469D
:103C700038BD00BF38B51546A2B11C468847D4E907
:103C800000134FF0000C40FA0CF20CF1080C0BB1D1
:103C9000994209D20A702168BCF1200F01F101019B
:103CA0002160F0D1284638BD0025FBE72DE9F04121
:103CB00084B004AC04E90F009DF80C600D9CF6B1D3
:103CC0009DF82C30DDF828808C460746DBB138465D
:103CD000E047029B0546414638469847D4E9003103
:103CE000002245FA02FC083209B199421DD983F835
:103CF00000C02368202A03F101032360F1D130467C
:103D000004B0BDE8F0810C9AD2E9002598460DB1C7
:103D100095420CD912F8010B0C9998400833202BCE
:103D20000A6048EA0008F2D1D1E70026E7E7384602
:103D3000E0470546D2E700BF2DE9F04184B004AC6E
:103D400004E90F009DF80C600D9CF6B19DF82C3035
:103D5000DDF828808C460746DBB13846E047029BF9
:103D60000546414638469847D4E90031002225FAF5
:103D700002FC083209B199421DD983F800C02368BA
:103D8000202A03F101032360F1D1304604B0BDE8DD
:103D9000F0810C9AD2E9002598460DB195420CD9D4
:103DA00012F8010B0C9998400833202B0A6048EA5E
:103DB0000008F2D1D1E70026E7E73846E04705469C
:103DC000D2E700BF2DE9F04184B004AC04E90F0054
:103DD0009DF80C400C9D9DF828709DF8293074B119
:103DE000DDE9008283B140469047029B0646394692
:103DF00040469847D5E90023A3B1934212D8002446
:103E0000204604B0BDE8F0810B9B0B991B68496804
:103E10008B420FD00B98591C01601F78003F18BFD0
:103E20000127E0E716702B68204601332B6004B0B1
:103E3000BDE8F081404690470646DBE708B50368D9
:103E40001B689847012008BD30B5154683B0BAB14C
:103E50001C468847D4E900138DED010A01984FF004
:103E6000000C20FA0CF20CF1080C0BB199420AD2AA
:103E70000A702168BCF1200F01F101012160F0D12D
:103E8000284603B030BD0025FAE700BF38B5154617
:103E9000A2B11C468847D4E900134FF0000C20FA69
:103EA0000CF20CF1080C0BB1994209D20A7021688E
:103EB000BCF1200F01F101012160F0D1284638BD8D
:103EC0000025FBE770B5059D71B30E4683B103680D
:103ED0001649DB688B4224D1B2F5616F1ED200EB2C
:103EE000820292ED160A049B83ED000A304670BDF3
:103EF000D5E900411A4609B1A14215D914F801CB00
:103F00002C600CFA03FC0833202B42EA0C02F2D19D
:103F100003680649DB688B42DED002E09FED040AAD
:103F2000E1E711469847DEE70026DFE7B1D5010853
:103F3000000000002DE9F04184B004AC04E90F005A
:103F40009DF80C600D9CF6B19DF82C30DDF82880B2
:103F50008C460746DBB13846E047029B05464146A2
:103F600038469847D4E90031002225FA02FC08328D
:103F700009B199421DD983F800C02368202A03F1B2
:103F800001032360F1D1304604B0BDE8F0810C9A02
:103F9000D2E9002598460DB195420CD912F8010BD3
:103FA0000C9998400833202B0A6048EA0008F2D1A7
:103FB000D1E70026E7E73846E0470546D2E700BFED
:103FC0002DE9F0412DED028B84B004AC04E90F0023
:103FD0009DF80C600F9CFEB19DF834309DED0C8A6D
:103FE0000F468046F3B1884710EE105A029BB0EEA0
:103FF000480A40469847D4E900302946002221FA71
:1040000002F5083208B1984229D91D702368202A88
:1040100003F101032360F2D1304604B0BDEC028B02
:10402000BDE8F0810E9AD2E900109C4608B18842A2
:1040300010D911F8015B0E9A9D400833202B1160B6
:104040004CEA050CF2D1404608EE10CAB84710EE13
:10405000105ACBE74046B84710EE105ACBE700267F
:10406000DAE700BF2DE9F04184B004AC04E90F00A9
:104070009DF80C600C9CBDF828709DF82A308EB31A
:10408000DDE90082D3B140469047029B05463946A0
:1040900040469847D4E900324AB3934222D21D7079
:1040A000236801339A4223601CD92D121D702368A6
:1040B00030460133236004B0BDE8F0810B9BD3E9A7
:1040C0000010C8B188421DD90B460B9D13F8017B27
:1040D0002B60984216D91B7847EA03270B9B0231C5
:1040E0001960D0E70026304604B0BDE8F0811D70AD
:1040F000236801332360D8E70B460B9813F8017B44
:104100000360E8E7404690470546C3E72DE9F041E4
:1041100084B004AC04E90F009DF80C600C9CBDF861
:1041200028709DF82A308EB3DDE90082D3B1404675
:104130009047029B0546394640469847D4E90032ED
:104140004AB3934222D21D70236801339A422360FE
:104150001CD92D121D70236830460133236004B032
:10416000BDE8F0810B9BD3E90010C8B188421DD98E
:104170000B460B9D13F8017B2B60984216D91B78D8
:1041800047EA03270B9B02311960D0E7002630462F
:1041900004B0BDE8F0811D70236801332360D8E7C7
:1041A0000B460B9813F8017B0360E8E74046904705
:1041B0000546C3E72DE9F04184B004AC04E90F00E3
:1041C0009DF80C600C9CBDF828709DF82A308EB3C9
:1041D000DDE90082D3B140469047029B054639464F
:1041E00040469847D4E900324AB3934222D21D7028
:1041F000236801339A4223601CD92D121D70236855
:1042000030460133236004B0BDE8F0810B9BD3E955
:104210000010C8B188421DD90B460B9D13F8017BD5
:104220002B60984216D91B7847EA03270B9B023173
:104230001960D0E70026304604B0BDE8F0811D705B
:10424000236801332360D8E70B460B9813F8017BF2
:104250000360E8E7404690470546C3E7F0B587B0FE
:104260006C4684E80F009DF80C509DF83420DDE981
:104270000E34002D33D00646002A34D00C9804901A
:1042800030468847029B05900499304698476168FC
:10429000BDF81400BDF816202368002955D08B42C4
:1042A0001DD21A70236801339942236017D9121264
:1042B0001A7022686368511C2160002B4ED08B421B
:1042C0000DD95070226801329342226007D9001242
:1042D0001070236828460133236007B0F0BD002525
:1042E000284607B0F0BDD3E90020F0B1904231D9A3
:1042F000174617F801CB1F60B8422BD957784CEA04
:10430000072E971CB8421F6024D9D71CB84292F8D8
:1043100002C01F601ED9D07804324CEA002C1A600B
:10432000ADF830C0ADF832E0A8E71046971C10F8A1
:1043300001CB186050781F604CEA002ED01C92F818
:1043400002C01860D0780432E7E71A70236801339E
:104350002360ACE730468847059098E750702268A4
:1043600001322260B3E700BF2DE9F04184B004AC14
:1043700004E90F009DF80C400C9D9DF828809DF8E5
:10438000293074B1DDE9007283B1384690470646A2
:10439000029B414638469847D5E9002383B19342B2
:1043A0000ED80024204604B0BDE8F0810B9BD3E971
:1043B0000031384661B199420AD890470646EBE78A
:1043C00016702B68204601332B6004B0BDE8F081E5
:1043D0000B9913F8018B0B6090470646D8E700BF96
:1043E0002DE9F04184B004AC04E90F009DF80C40C5
:1043F0000C9D9DF828809DF8293074B1DDE900728C
:1044000083B1384690470646029B41463846984756
:10441000D5E9002383B193420ED80024204604B08E
:10442000BDE8F0810B9BD3E90031384661B1994278
:104430000AD890470646EBE716702B6820460133F2
:104440002B6004B0BDE8F0810B9913F8018B0B6071
:1044500090470646D8E700BF2DE9F04184B004AC90
:1044600004E90F009DF80C400C9D9DF828809DF8F4
:10447000293074B1DDE9007283B1384690470646B1
:10448000029B414638469847D5E9002383B19342C1
:104490000ED80024204604B0BDE8F0810B9BD3E980
:1044A0000031384661B199420AD890470646EBE799
:1044B00016702B68204601332B6004B0BDE8F081F4
:1044C0000B9913F8018B0B6090470646D8E700BFA5
:1044D0002DE9F04184B004AC04E90F009DF80C40D4
:1044E0000C9D9DF828809DF8293074B1DDE900729B
:1044F00083B1384690470646029B41463846984766
:10450000D5E9002383B193420ED80024204604B09D
:10451000BDE8F0810B9BD3E90031384661B1994287
:104520000AD890470646EBE716702B682046013301
:104530002B6004B0BDE8F0810B9913F8018B0B6080
:1045400090470646D8E700BF2DE9F04184B004AC9F
:1045500004E90F009DF80C400C9D9DF828809DF803
:10456000293074B1DDE9007283B1384690470646C0
:10457000029B414638469847D5E9002383B19342D0
:104580000ED80024204604B0BDE8F0810B9BD3E98F
:104590000031384661B199420AD890470646EBE7A8
:1045A00016702B68204601332B6004B0BDE8F08103
:1045B0000B9913F8018B0B6090470646D8E700BFB4
:1045C0002DE9F04184B004AC04E90F009DF80C40E3
:1045D0000C9D9DF828809DF8293074B1DDE90072AA
:1045E00083B1384690470646029B41463846984775
:1045F000D5E9002383B193420ED80024204604B0AD
:10460000BDE8F0810B9BD3E90031384661B1994296
:104610000AD890470646EBE716702B682046013310
:104620002B6004B0BDE8F0810B9913F8018B0B608F
:1046300090470646D8E700BF2DE9F04184B004ACAE
:1046400004E90F009DF80C400C9D9DF828809DF812
:10465000293074B1DDE9007283B1384690470646CF
:10466000029B414638469847D5E9002383B19342DF
:104670000ED80024204604B0BDE8F0810B9BD3E99E
:104680000031384661B199420AD890470646EBE7B7
:1046900016702B68204601332B6004B0BDE8F08112
:1046A0000B9913F8018B0B6090470646D8E700BFC3
:1046B0002DE9F04184B004AC04E90F009DF80C40F2
:1046C0000C9D9DF828809DF8293074B1DDE90072B9
:1046D00083B1384690470646029B41463846984784
:1046E000D5E9002383B193420ED80024204604B0BC
:1046F000BDE8F0810B9BD3E90031384661B19942A6
:104700000AD890470646EBE716702B68204601331F
:104710002B6004B0BDE8F0810B9913F8018B0B609E
:1047200090470646D8E700BF2DE9F04184B004ACBD
:1047300004E90F009DF80C400C9D2CB30B9BDDE9A8
:104740000072D3E90031384671B199420CD89047D4
:10475000D5E900230646ABB916702B682046013315
:104760002B6004B0BDE8F0810B9913F8018B0B604E
:104770009047029B0646414638469847D5E90023B4
:10478000002BE9D09342E7D80024204604B0BDE8CE
:10479000F08100BF73B510460D4601AA0949DBF749
:1047A000ADFE012801D000200AE0BDF804600446F7
:1047B000D5E9000398472868AB68314698472046FA
:1047C00002B070BD009C0308A0F10400E2E700BF46
:1047D00030B52DED028B83B0104600230D4601AAA3
:1047E0000B490193DBF78AFE01280CD19DED018A6C
:1047F0000446D5E9000398472868AB68B0EE480A3C
:104800009847204600E0002003B0BDEC028B30BD8D
:10481000FCC00308A0F10400DAE700BF73B510463E
:104820000D4601AA0949DBF769FE012801D00020E5
:1048300009E0019E0446D5E9000398472868AB6863
:1048400031469847204602B070BD00BFFFC0030844
:10485000A0F10400E2E700BF73B510460D4601AABF
:104860000949DBF74BFE012801D0002009E0019E39
:104870000446D5E9000398472868AB683146984755
:10488000204602B070BD00BF009C0308A0F10400E8
:10489000E2E700BF73B510460D4601AA0949DBF7F0
:1048A0002DFE012801D0002009E0019E0446D5E933
:1048B000000398472868AB6831469847204602B005
:1048C00070BD00BF08C10308A0F10400E2E700BF0B
:1048D00073B510460D4601AA0949DBF70FFE012802
:1048E00001D000200AE0BDF804600446D5E90003C9
:1048F00098472868AB6831469847204602B070BD9B
:10490000009C0308A0F10400E2E700BF73B5104665
:104910000D4601AA0949DBF7F1FD012801D000206D
:104920000AE0BDF804600446D5E90003984728680A
:10493000AB6831469847204602B070BD009C030822
:10494000A0F10400E2E700BF73B510460D4601AACE
:104950000949DBF7D3FD012801D000200AE0BDF8AA
:1049600004600446D5E9000398472868AB683146DF
:104970009847204602B070BD009C0308A0F10400D7
:10498000E2E700BF10B52DED028B0C46DBF75CFCB7
:10499000D4E90003B0EE408A9847BCEEC80A20680C
:1049A000A36810EE102A91B29847BDEC028B01204B
:1049B00010BD10B52DED028B0C46DBF745FCD4E99C
:1049C0000003B0EE408A9847BCEEC80A2068A3688E
:1049D00010EE102A91B29847BDEC028B012010BD59
:1049E00010B52DED028B0C46DBF72EFCD4E900034D
:1049F000B0EE408A9847BCEEC80A2068A36810EE63
:104A0000102A91B29847BDEC028B012010BD000026
:104A1000D1E900231BB1934201D8002070471070E8
:104A20000B68012003440B60704700BFD1E90023ED
:104A30001BB1934201D80020704710700B68012011
:104A400003440B60704700BF10B5174C94F8AD21BC
:104A500094F8AE318AB1154A1068BBB1012384F8CD
:104A6000F03260B112F0B8FB13F0ACF894F8BD313D
:104A7000BBB994F8BC3173B910BD002BF4D00C4B0A
:104A800018680028F0D012F0A7FBEDE70028EBD063
:104A900012F0A2FBE8E7BDE8104006490648FEF721
:104AA00005B813F051F9E4E7C0E30020200B002023
:104AB0001C0B0020800B0020C4E400202DE9F047EF
:104AC000DFF8348198F8BE31023B012B14460D46C5
:104AD000174607D998F8C131023B012B2BD9204644
:104AE000BDE8F087DFF81491D9E91006731C03F0D4
:104AF0003F03834213D03F3606F03F06B0425BD8F7
:104B0000361A964228BF164632464844DDF780FAE8
:104B1000D9F840301E4406F03F06C9F84060324BD9
:104B20001A78002AD6D13149086801211970032169
:104B3000F2F758F8CEE7DFF8C880D8E91006731C02
:104B400003F03F03834214D03F3606F03F06B042E5
:104B50001BD8361ABE4228BF3E463246294640443C
:104B6000DDF756FAD8F840301E4406F03F06C8F884
:104B700040601F4B1A78002AB1D11E4801211970DC
:104B800000680721F2F72EF8A9E7C0F14007A74215
:104B900028BF27463A4629464044DDF739FAD8F877
:104BA0004000A742384400F03F0028BF27463D445C
:104BB000C8F84000E71BCCE7C0F1400A924528BF87
:104BC000924652464844DDF723FAD9F84000A24500
:104BD000504400F03F0028BFA246C9F8400005EB52
:104BE0000A01A4EB0A028BE75CED002018E7002025
:104BF0006CF3002014E70020C0E3002080F00020C8
:104C000090F6002010B5024C8260C0E9004110BD52
:104C10003CCA03080B4611469868FDF76DBF0000BB
:104C200008B50A4601460020FFF7F4FF08BD00BFA3
:104C3000D1F89800CA81F4F723BE000008B50A46EF
:104C400001460020FFF7F4FF08BD00BFD1F898002F
:104C50000A82F4F715BE000008B50A460146002096
:104C6000FFF7F4FF08BD00BF086A0A82F6F7CEBF5F
:104C700008B50A4601460020FFF7F6FF08BD00BF51
:104C80004B6E0A7093F89E2002B91A7F83F89E201B
:104C90007047000008B50A4601460020FFF7F0FF04
:104CA00008BD00BF486E81ED040AF5F7DDBF0000C6
:104CB00008B501460020FFF7F5FF08BD486E81EDFD
:104CC000050AF5F7D1BF000008B501460020FFF73F
:104CD000F5FF08BD486E81ED0C0AF5F7C5BF000071
:104CE00008B501460020FFF7F5FF08BD10B50C46DA
:104CF000084604F54054F8F787FD012384F83C3951
:104D000010BD000008B501460020FFF7EFFF08BD09
:104D10000A7001F54051D1F8BC08F8F7ABBD0000AE
:104D200008B50A4601460020FFF7F2FF08BD00BFA4
:104D300002B9CA6ACA62704708B50A46014600202D
:104D4000FFF7F6FF08BD00BF81ED0D0A01F54051E8
:104D5000D1F8BC08F8F7BEBD08B501460020FFF742
:104D6000F3FF08BD0B4681F82420586D0021F7F7AA
:104D70001DB9000008B50A4601460020FFF7F2FF02
:104D800008BD00BF0B4681F82E20586D0021F7F7B3
:104D90000DB9000008B50A4601460020FFF7F2FFF2
:104DA00008BD00BF486DA1F84C20F7F7B1BE000068
:104DB00008B50A4601460020FFF7F4FF08BD00BF12
:104DC000486D81F82520F7F73FB9000008B50A467D
:104DD00001460020FFF7F4FF08BD00BF486D81EDDC
:104DE000040AF7F703B9000008B501460020FFF7F1
:104DF000F5FF08BDC8680A81F8F78ABA08B50A46FF
:104E000001460020FFF7F6FF08BD00BFC8688A72A0
:104E1000F8F77EBA08B50A4601460020FFF7F6FF0C
:104E200008BD00BFC8684A60F8F772BA08B50A46FC
:104E300001460020FFF7F6FF08BD00BF0A8070475B
:104E400008B50A4601460020FFF7F8FF08BD00BF7D
:104E5000084B82B01B88019080B2984207D1BDF800
:104E60000600B0F5477F8CBF0020012000E0002045
:104E700002B070470CEA002000B52DED028B054B07
:104E800089B01B88019080B2984205D0002003F0C1
:104E90009CBD00BF0CEA002000230793BDF806303C
:104EA00040F21532013BB0EE408A934203F27A851C
:104EB000DFE813F01603781D781D781D781D781D26
:104EC000781D781D781D781D781D781D2003781DAC
:104ED000781D781D781D781D781D781D781D781D2A
:104EE000781D781D781D781D2A03781D781D781D82
:104EF0003403781D781D781D3E03781D781D781DBC
:104F00004803781D781D781D5203781D781D781D83
:104F1000781D781D781D781D781D781D781D781DE9
:104F2000781D781D781D781D781D781D781D781DD9
:104F3000781D781D781D781D781D781D781D781DC9
:104F4000781D781D781D781D5C03781D660370033D
:104F50007A038403781D8E039803A203AC03B6037F
:104F6000C003CA03D403DE03E803F203FC03060410
:104F700010041A04240494049E04A804B204BC047B
:104F8000C604D004DA04E404EE04F80402050C05B7
:104F9000160520052A0534053E05480552055C0521
:104FA000660570057A0584058E059805A20502063A
:104FB0000C06160620062A0634063E064806520649
:104FC0005C06660670067A068406781D781D781DD4
:104FD000781D8E069806A206AC06B606C006CA065E
:104FE000D406DE06E806F206FC06060710077C0774
:104FF000860790079A07A407AE07B807C207CC0731
:10500000D607E007EA07F407FE07080812081C089D
:10501000260830083A0844084E08580862086C0808
:10502000760880088A08DE08E808F208FC08060905
:1050300010091A0924093109781D781D781D781D79
:10504000781D3E094B095809781D6509781D781DA2
:10505000781D781D720980098E09781D9C09AA099E
:10506000B809C609D409E209F009FE09781D781DBE
:105070003A0A781D781D781D781D781D781D781DD9
:10508000781D781D781D781D470A550A781D781DF2
:10509000781D781D630A700A7D0A8A0A970AA40A95
:1050A000B10ABE0ACB0AD80AE50AF20AFF0A0C0BBB
:1050B000190B260B330B400B4D0B5A0B670B9E0B3A
:1050C000AB0BB80BC50BD20BDF0BEE0BFD0B090CBA
:1050D000180C781D781D781D781D270C360C450C92
:1050E000540C630C720C810C900C9F0CAC0CB90C22
:1050F000C60CD30C040D110D1E0D2B0D380D450DD6
:10510000520D5F0D6C0D790D860D950DA40DB30D2F
:10511000C10D781DCE0D781DDD0DEC0D781DFB0D3C
:105120000A0E190E280E370E640E730E820E910EA3
:10513000781D781D781DA00EAD0E781D781D781D88
:10514000781DBA0E781DC70E781D781D781D781D44
:10515000781D781D781D781D781D781D781D781DA7
:10516000781D781D781DD40E781DE10EEE0EFB0E15
:10517000080F150F220F2F0F3C0F490F560F630F0B
:10518000700F7D0F8A0FD40FE10FEE0FFB0F081089
:1051900015102210781D2F10781D781D781D781D90
:1051A000781D3C104610781D781D781D781D531011
:1051B00060106D107A1087109410781DA110AD103A
:1051C000B910C510D210781DDE10EA10F610381193
:1051D000451151115E11781D781D781D781D781DBF
:1051E0006B11781D781D781D7511781D781D781D3F
:1051F0007F11781D781D781D8911781D781D781D07
:105200009311781D781D781D9D11781D781D781DCE
:10521000A711781D781D781DB111781D781D781D96
:10522000BB11781D781D781DC511781D781D781D5E
:10523000CF11781D781D781DD911781D781D781D26
:10524000E311781DED11781D781D781D781DF7117B
:1052500001120B1215121F12291233123D1247129E
:10526000A412AE12B812C212CC12D612E012EA1276
:10527000F412FE12081312131C13261330133A13E0
:1052800044134E13581362136C13761380138A134E
:1052900094139E13A813B213081412141C1426148A
:1052A00030143A1444144E14581462146C147614C6
:1052B00080148D14781D781D781D781D781D9A1422
:1052C000A714B414781DC114781D781D781D781D9D
:1052D000CE14DC14EA14781DF814061514152215E2
:1052E0006815761584159215781D781DA015781D02
:1052F000781D781D781D781D781D781D781D781D06
:10530000781D781DAD15BB15781D781D781D781D8D
:10531000C915D615E315F015FD150A16171624162E
:1053200031163E164B165816651672167F168C16D9
:10533000C416D116DE16EB16F816051712171F172E
:105340002C17391746175517641770177F17781DD4
:10535000781D781D781D8E179D17AC17BB17CA17BF
:10536000D917E817F7171E182B18381845185218B0
:105370005F186C18791886189318A018AD18BA1809
:10538000C718D418E118F018FF180E191C19781D49
:105390002919781D38194719781D80198E199C19FB
:1053A000AA19B819C619D419E219F019781D781D6F
:1053B000781DFE190A1A781D781D781D781D161A99
:1053C000781D221A781D781D781D781D781D781D8E
:1053D000781D781D781D781D781D781D781D781D25
:1053E000781D2E1A781D3A1A461A521A5E1A6A1A2F
:1053F000761A821A8E1A9A1ADA1AE61AF21AFE1A0D
:105400000A1B161B221B2E1B3A1B461B521B5E1B24
:10541000781D6A1B781D781D781D781D781D761BF8
:105420007F1B781D781D781D781D8B1B971BA31B78
:10543000AF1BBB1BC71B781DD31BDE1BE91B2C1C22
:10544000381C781D431C4E1C591C641C701C7B1C92
:10545000871C781D781D781D781D781D931C781D7C
:10546000781D781D9C1C781D781D781DA51C781D45
:10547000781D781DAE1C781D781D781DB71C781D11
:10548000781D781DC01C781D781D781DC91C781DDD
:10549000781D781DD21C781D781D781DDB1C781DA9
:1054A000781D781DE41C781D781D781DED1C781D75
:1054B000781D781DF61C781D781D781DFF1C781D41
:1054C000781D081D781D781D111D781D781D781D0B
:1054D000781D781D781D781D1A1D781D781D701D8A
:1054E0008B4B03938B4B04938B4B05938B4B079305
:1054F00003F058BA8A4B03938A4B04938A4B059363
:105500008A4B079303F04EBA894B0393894B04935C
:10551000894B0593894B079303F044BA884B039357
:10552000884B0493884B0593884B079303F03ABA52
:10553000874B0393834B0493834B0593834B0793D0
:1055400003F030BA834B03937E4B04937E4B059359
:105550007E4B079303F026BA7F4B0393794B04935A
:10556000794B0593794B079303F01CBA7B4B03935C
:10557000744B0493744B0593744B079303F012BA66
:10558000774B0393774B0493774B0593774B0793B4
:1055900003F008BA764B0393764B0493764B05934E
:1055A0006A4B079303F0FEB9744B0393744B049357
:1055B000744B0593744B079303F0F4B9734B039347
:1055C000604B0493604B0593604B079303F0EAB97B
:1055D0006F4B0393574B0493574B0593574B0793CC
:1055E00003F0E0B96B4B0393524B0493524B05937A
:1055F000524B079303F0D6B9674B03934D4B04937B
:105600004D4B05934D4B079303F0CCB9634B03937C
:105610004C4B04934C4B05934C4B079303F0C2B98E
:105620005F4B0393474B0493474B0593474B0793BB
:1056300003F0B8B95B4B0393424B0493424B059381
:10564000424B079303F0AEB9574B0393394B049386
:10565000394B0593394B079303F0A4B9534B03938C
:10566000344B0493344B0593344B079303F09AB9AE
:105670004F4B03934F4B04934F4B05934F4B079363
:1056800003F090B94E4B03934A4B04934A4B059356
:105690004A4B079303F086B94A4B0393454B049357
:1056A000454B0593454B079303F07CB9464B039359
:1056B000404B0493404B0593404B079303F072B962
:1056C000424B0393174B0493174B0593174B0793C8
:1056D00003F068B93E4B0393124B0493124B0593AE
:1056E000124B079303F05EB93A4B0393114B0493AB
:1056F000114B0593114B079303F054B9364B0393A9
:10570000084B0493084B0593084B079303F04AB9E1
:10571000F8A30020752E0208792E0208FCE900206B
:1057200028A400208D2E0208952E0208E8E900200A
:10573000C4E60020A92E0208AD2E0208D4E90020FC
:10574000D4E60020B12E0208B52E0208C0E90020E0
:10575000E4E60020F4E6002004E70020A4A40020F2
:10576000C8E40020BD2E0208C12E0208ACE90020CA
:10577000CCE40020C5370208F58E0208D0E40020F2
:10578000C52E0208C92E020898E90020B4E60020C0
:105790006DE500206EE500206FE5002070E500203B
:1057A00074E5002078E500207CE500207DE5002000
:1057B00081E50020CD2E0208D12E020884E90020C8
:1057C0007EE500207FE5002080E5002084E50020C4
:1057D00088E500208CE5002090E500208B4B0393AA
:1057E0008B4B04938B4B05938B4B079303F0DAB8E9
:1057F0008A4B03938A4B04938A4B05938A4B0793F6
:1058000003F0D0B8894B0393814B0493814B0593EC
:10581000814B079303F0C6B8854B03937C4B0493ED
:105820007C4B05937C4B079303F0BCB8814B0393EF
:10583000774B0493774B0593774B079303F0B2B8FC
:105840007D4B0393724B0493724B0593724B0793FA
:1058500003F0A8B8794B0393794B0493794B0593E4
:10586000794B079303F09EB8784B0393784B0493DE
:10587000784B0593784B079303F094B8774B0393D9
:10588000634B0493634B0593634B079303F08AB810
:10589000734B03935E4B04935E4B05935E4B0793F0
:1058A00003F080B86F4B0393694B0493694B0593E6
:1058B000694B079303F076B86B4B0393544B0493F7
:1058C000544B0593544B079303F06CB8674B039309
:1058D0004F4B04934F4B05934F4B079303F062B824
:1058E000634B0393634B0493634B0593634B0793A1
:1058F00003F058B8624B03935E4B04935E4B0593E1
:105900005E4B079303F04EB85E4B0393594B0493E1
:10591000594B0593594B079303F044B85A4B0393E3
:10592000544B0493544B0593544B079303F03AB8EC
:10593000564B03934F4B04934F4B05934F4B079399
:1059400003F030B8524B03934A4B04934A4B0593F0
:105950004A4B079303F026B84E4B0393454B0493F1
:10596000454B0593454B079303F01CB84A4B0393F3
:10597000404B0493404B0593404B079303F012B800
:10598000464B03933B4B04933B4B05933B4B079395
:1059900003F008B8424B0393364B0493364B059300
:1059A000364B079302F0FEBF3E4B0393314B0493FB
:1059B000314B0593314B079302F0F4BF3A4B0393FD
:1059C0002C4B04932C4B05932C4B079302F0EABF0E
:1059D000364B0393274B0493274B0593274B079391
:1059E00002F0E0BF324B0393224B0493224B05930A
:1059F000224B079302F0D6BF2E4B03931D4B04930B
:105A00001D4B05931D4B079302F0CCBF94E500207E
:105A10008D2E0208952E0208E8E9002098E5002066
:105A2000A92E0208AD2E0208D4E900209CE5002032
:105A3000A0E50020A4E50020A8E50020ACE50020BA
:105A4000B12E0208B52E0208C0E9002004E60020AD
:105A5000D52E0208DD2E020870E9002008E600209D
:105A60000CE6002010E6002014E6002018E60020D6
:105A70005DE50020E52E0208E92E02085CE9002021
:105A80005EE500205FE5002060E5002061E5002084
:105A900062E5002063E5002064E5002065E5002064
:105AA00066E5002067E5002068E5002069E5002044
:105AB0006AE500206BE500208B4B03938B4B04932E
:105AC0008B4B05938B4B079302F06CBF8A4B039370
:105AD0008A4B04938A4B05938A4B079302F062BF6B
:105AE000894B0393894B0493894B0593894B079307
:105AF00002F058BF884B0393844B0493844B059367
:105B0000844B079302F04EBF844B03937B4B04936B
:105B10007B4B05937B4B079302F044BF804B039371
:105B20007A4B04937A4B05937A4B079302F03ABF72
:105B30007C4B0393754B0493754B0593754B0793FF
:105B400002F030BF784B03936C4B04936C4B05937E
:105B50006C4B079302F026BF744B03936B4B04937B
:105B60006B4B05936B4B079302F01CBF704B039379
:105B7000664B0493664B0593664B079302F012BF86
:105B80006C4B03935D4B04935D4B05935D4B079307
:105B900002F008BF684B03935C4B04935C4B059386
:105BA0005C4B079302F0FEBE644B0393574B049388
:105BB000574B0593574B079302F0F4BE604B03938A
:105BC000604B0493604B0593604B079302F0EABE71
:105BD0005F4B03935F4B04935F4B05935F4B0793BE
:105BE00002F0E0BE5E4B03935E4B04935E4B059365
:105BF0005E4B079302F0D6BE5D4B0393594B049363
:105C0000594B0593594B079302F0CCBE594B039364
:105C1000544B0493544B0593544B079302F0C2BE6C
:105C2000554B03934F4B04934F4B05934F4B0793A7
:105C300002F0B8BE514B03934A4B04934A4B059371
:105C40004A4B079302F0AEBE4D4B0393454B049372
:105C5000454B0593454B079302F0A4BE494B039374
:105C6000404B0493404B0593404B079302F09ABE80
:105C7000454B03933B4B04933B4B05933B4B0793A3
:105C800002F090BE414B0393364B0493364B059381
:105C9000364B079302F086BE3D4B03931B4B049398
:105CA0001B4B05931B4B079302F07CBE394B0393B0
:105CB0002C4B04932C4B05932C4B079302F072BE94
:105CC0002B4B0393344B0493344B0593344B079382
:105CD00002F068BE264B0393324B0493324B05937C
:105CE0002F4B079302F05EBE6CE50020E52E020804
:105CF000E92E02085CE90020B0E50020D52E02085C
:105D0000DD2E020870E90020B4E500208D2E020887
:105D1000952E0208E8E90020B8E50020BCE5002047
:105D2000C0E50020C4E50020C8E50020CCE5002047
:105D3000D0E50020D4E50020D8E50020DCE50020F7
:105D4000C8120020ED2E0208F12E020848E90020BA
:105D5000EC120020012F0208052F020834E9002070
:105D6000FC120020A92E0208AD2E0208D4E9002062
:105D7000901000209110002092100020931000201D
:105D800094100020951000209610002097100020FD
:105D9000981000209C100020BD370208118F0208C7
:105DA00020E90020B53702082D8F02088B4B0393A2
:105DB0008B4B04938B4B05938B4B079302F0F2BDF7
:105DC0008A4B0393864B0493864B0593864B07932C
:105DD00002F0E8BD864B0393814B0493814B0593FE
:105DE000814B079302F0DEBD824B03937C4B0493FF
:105DF0007C4B05937C4B079302F0D4BD7E4B039301
:105E0000774B0493774B0593774B079302F0CABD0A
:105E10007A4B0393724B0493724B0593724B079327
:105E200002F0C0BD764B03936D4B04936D4B05930D
:105E30006D4B079302F0B6BD724B0393684B04930E
:105E4000684B0593684B079302F0ACBD6E4B039310
:105E5000634B0493634B0593634B079302F0A2BD1E
:105E60006A4B03935E4B04935E4B05935E4B079323
:105E700002F098BD664B0393594B0493594B05931D
:105E8000594B079302F08EBD624B0393624B049310
:105E9000624B0593624B079302F084BD614B039301
:105EA0005D4B04935D4B05935D4B079302F07ABD08
:105EB0005D4B0393584B0493584B0593584B0793F2
:105EC00002F070BD594B0393454B0493454B05932A
:105ED000454B079302F066BD554B0393404B04932B
:105EE000404B0593404B079302F05CBD514B03932D
:105EF0003B4B04933B4B05933B4B079302F052BD46
:105F00004D4B0393364B0493364B0593364B079317
:105F100002F048BD494B0393314B0493314B059339
:105F2000314B079302F03EBD454B03932C4B04933A
:105F30002C4B05932C4B079302F034BD414B03933C
:105F4000354B0493354B0593354B079302F02ABD2F
:105F50003D4B0393304B0493304B0593304B0793E9
:105F600002F020BD394B03932B4B04932B4B05932D
:105F70002B4B079302F016BD354B0393354B04931F
:105F8000354B0593354B079302F00CBD344B03930F
:105F9000214B0493214B0593214B079302F002BD43
:105FA000304B03932B4B04932B4B05932B4B0793B5
:105FB00002F0F8BC2C4B0393264B0493264B05931D
:105FC000264B079302F0EEBC284B0393214B04931E
:105FD000214B0593214B079302F0E4BCA410002051
:105FE0008D2E0208952E0208E8E90020A810002056
:105FF000AC100020B0100020B4100020C010002011
:10600000C4100020C8100020CC100020D0100020A8
:10601000D4100020D8100020A92E0208AD2E0208AE
:10602000D4E90020D9100020DA100020DC10002074
:10603000E0100020E4100020E8100020EC10002008
:10604000F0100020F4100020F5100020F6100020C1
:10605000F8100020B12E0208B52E0208C0E9002079
:10606000FC10002000110020041100200811002065
:10607000964B0393964B0493964B0593964B07933D
:1060800002F090BC954B0393914B0493914B059375
:10609000914B079302F086BC914B03938C4B049376
:1060A0008C4B05938C4B079302F07CBC8D4B039378
:1060B000874B0493874B0593874B079302F072BC81
:1060C000894B0393824B0493824B0593824B079336
:1060D00002F068BC854B03937D4B04937D4B059385
:1060E0007D4B079302F05EBC814B0393784B049386
:1060F000784B0593784B079302F054BC7D4BD3F853
:106100005831983303937C4B04937C4B05937C4B21
:10611000079302F047BC774BD3F858319033039381
:10612000784B0493784B0593784B079302F03ABC75
:10613000704BD3F85831B03303936F4B04936F4BCC
:1061400005936F4B079302F02DBC6A4BD3F858317F
:10615000B4330393684B0493684B0593684B0793E0
:1061600002F020BC634BD3F85831B8330393624B31
:106170000493624B0593624B079302F013BC5D4B93
:10618000D3F85831C43303935B4B04935B4B0593B3
:106190005B4B079302F006BC564BD3F858315B6952
:1061A0002C330393544B0493544B0593544B079354
:1061B00002F0F8BB4F4BD3F858315B69303303938F
:1061C0004D4B04934D4B05934D4B079302F0EABBA7
:1061D000484BD3F858315B69343303934C4B0493E9
:1061E0004C4B05934C4B079302F0DCBB414BD3F86F
:1061F00058319B692C330393484B0493484B0593C8
:10620000484B079302F0CEBB3A4BD3F858319B6909
:106210002C330393384B0493384B0593384B079337
:1062200002F0C0BB334BD3F858319B693033039332
:10623000314B0493314B0593314B079302F0B2BBC2
:106240002C4BD3F858319B69343303932A4B049376
:106250002A4B05932A4B079302F0A4BB254BD3F896
:1062600058319B6938330393234B0493234B059395
:10627000234B079302F096BB1E4BD3F858319B6912
:10628000403303931C4B04931C4B05931C4B079307
:1062900002F088BB174BD3F858319B694433039302
:1062A000154B0493154B0593154B079302F07ABBDE
:1062B000104BD3F858319B6948330393144B049324
:1062C000144B0593144B079302F06CBB0C11002088
:1062D000B12E0208B52E0208C0E9002010110020DE
:1062E00014110020181100201C1100202011002082
:1062F00024110020801000208D2E0208952E020807
:10630000E8E90020092F0208112F02080CE90020FB
:10631000A92E0208AD2E0208D4E90020AD370208EC
:10632000458F020820E900209C4BD3F85831DC331C
:1063300003939B4B04939B4B05939B4B079302F05A
:1063400031BB964BD3F8583103F5AE730393944B9E
:106350000493944B0593944B079302F023BB8F4B0C
:10636000D3F8583103F5B07303938D4B04938D4BE1
:1063700005938D4B079302F015BB884BD3F858312A
:106380001C330393894B0493894B0593894B0793E3
:1063900002F008BB814BD3F8583120330393864B6E
:1063A0000493864B0593864B079302F0FBBA7B4B15
:1063B000D3F8583124330393794B0493794B0593E5
:1063C000794B079302F0EEBA744BD3F85831283367
:1063D0000393734B0493734B0593734B079302F032
:1063E000E1BA6E4BD3F858311C330393754B0493C9
:1063F000754B05936C4B079302F0D4BA674BD3F8F7
:1064000058311C330393714B0493714B0593664BC6
:10641000079302F0C7BA614BD3F858313433039372
:106420005F4B04935F4B05935F4B079302F0BABA3F
:106430005A4BD3F8583138330393664B0493664B69
:106440000593664B079302F0ADBA544BD3F858311D
:106450003C330393524B0493524B0593524B079397
:1064600002F0A0BA4D4BD3F85831403303934C4B54
:1064700004934C4B05934C4B079302F093BA474B54
:10648000D3F8583144330393454B0493454B05935C
:10649000454B079302F086BA404BD3F8583150333E
:1064A00003933F4B04933F4B05933F4B079302F0FD
:1064B00079BA3A4BD3F8583154330393384B049399
:1064C000384B0593384B079302F06CBA334BD3F833
:1064D000583148330393324B0493324B0593324B7C
:1064E000079302F05FBA2D4BD3F858311C33039356
:1064F0003B4B04933B4B05932B4B079302F052BA53
:10650000264BD3F8583158330393254B0493254B2E
:106510000593254B079302F045BA204BD3F8583129
:106520005C3303931E4B04931E4B05931E4B079342
:1065300002F038BA194BD3F85831603303932A4B21
:1065400004932A4B05931B4B079302F02BBA134B72
:10655000D3F8583164330393114B0493114B0593D3
:10656000114B079302F01EBA0C4BD3F85831683325
:1065700003930B4B04930B4B05930B4B079302F0C8
:1065800011BA064BD3F858316C330393164B04936E
:10659000164B0593074B079302F004BA80100020B6
:1065A0008D2E0208952E0208E8E90020A537020882
:1065B000698F0208D4E90020192F02081D2F020854
:1065C000F8E800209D370208858F020891370208FD
:1065D0009D8F0208212F0208252F0208E4E80020E1
:1065E00085370208B58F0208A92E0208AD2E0208D1
:1065F000A04BD3F858316D3303939F4B04939F4BBB
:1066000005939F4B079302F0CDB99A4BD3F85831BD
:10661000703303939B4B04939B4B05939B4B0793C6
:1066200002F0C0B9934BD3F8583174330393954BB0
:106630000493954B0593954B079302F0B3B98D4B9B
:10664000D3F85831783303938E4B04938E4B0593D4
:106650008E4B079302F0A6B9864BD3F858317C33A2
:106660000393884B0493884B0593884B079302F060
:1066700099B9804BD3F8003103F563531C3303936E
:10668000834B0493834B0593834B079302F08AB9A2
:10669000784BD3F8003103F5635320330393794BE0
:1066A0000493794B0593794B079302F07BB9714BB7
:1066B000D3F800310393794B0493794B0593734BD3
:1066C000079302F06FB96B4BD3F8003103F56453B5
:1066D000183303936B4B04936B4B05936B4B0793EE
:1066E00002F060B9634BD3F8003103F564531C33F7
:1066F0000393644B0493644B0593644B079302F03C
:1067000051B95C4BD3F8003103F564530C33039358
:106710005C4B04935C4B05935C4B079302F042B9CE
:10672000544BD3F8003103F564533E330393524B7B
:106730000493524B0593524B079302F033B94D4BE0
:10674000D3F8003103F56453383303934D4B04936E
:106750004D4B05934D4B079302F024B9454BD3F8AD
:10676000003103F562532C330393464B0493464B9D
:106770000593464B079302F015B93E4BD3F8003111
:1067800003F56253313303933B4B04933B4B059327
:106790003B4B079302F006B9364BD3F8003103F5B3
:1067A000625333330393344B0493344B0593344B8C
:1067B000079302F0F7B82F4BD3F8003103F562537B
:1067C000303303932C4B04932C4B05932C4B0793A2
:1067D00002F0E8B8274BD3F8003103F562533233A7
:1067E0000393254B0493254B0593254B079302F008
:1067F000D9B8204BD3F8003118330393294B0493B5
:10680000294B0593294B079302F0CCB8194BD3F8C9
:10681000003119330393264B0493264B0593264BE3
:10682000079302F0BFB8134BD3F800311C33039326
:10683000144B0493144B0593144B079302F0B2B816
:106840000C4BD3F80031203303930E4B04930E4BC3
:1068500005930E4B079302F0A5B8064BD3F8003111
:1068600024330393074B0493074B0593074B07937C
:1068700002F098B880100020A92E0208AD2E020860
:10688000D4E900208D2E0208952E0208E8E90020A8
:10689000292F02082D2F0208D0E80020793702089E
:1068A000D98F020869370208F58F0208BCE800207A
:1068B000312F0208352F0208A8E80020A04BD3F89A
:1068C0000031303303939F4B04939F4B05939F4BB1
:1068D000079302F067B89A4BD3F80031283303933B
:1068E000984B0493984B0593984B079302F05AB832
:1068F000934BD3F800312C330393924B0493924B78
:106900000593924B079302F04DB88D4BD3F80031AD
:10691000343303938B4B04938B4B05938B4B07932F
:1069200002F040B8864BD3F8003138330393854BDF
:106930000493854B0593854B079302F033B8804B46
:10694000D3F800313C330393814B0493814B05937F
:10695000814B079302F026B8794BD3F800314033CE
:106960000393784B0493784B0593784B079302F08D
:1069700019B8734BD3F8003118330393774B049352
:10698000774B0593774B079302F00CB86C4BD3F819
:106990000031503303936B4B04936B4B05936B4B5C
:1069A000079301F0FFBF664BD3F8003148330393E0
:1069B000644B0493644B0593644B079301F0F2BF5F
:1069C0005F4BD3F8003103F5625334330393664BC6
:1069D0000493664B0593664B079301F0E3BF584B56
:1069E000D3F8003103F5625338330393554B0493C6
:1069F000554B0593554B079301F0D4BF504BD3F83B
:106A0000003103F562533C3303934E4B04934E4BDA
:106A100005934E4B079301F0C5BF494BD3F80031A6
:106A200003F563530393504B0493504B0593504B22
:106A3000079301F0B7BF424BD3F8003118330393EB
:106A40004C4B04934C4B0593404B079301F0AABF6A
:106A50003B4BD3F8003103F56253183303933C4B9F
:106A600004933C4B05933C4B079301F09BBF344B85
:106A7000D3F8003103F562531C330393314B049375
:106A8000314B0593314B079301F08CBF2C4BD3F85E
:106A9000003103F56253203303932A4B04932A4BAE
:106AA00005932A4B079301F07DBF254BD3F80031A6
:106AB00003F5625328330393254B0493254B059329
:106AC000254B079301F06EBF1D4BD3F8003103F542
:106AD0006353043303931B4B04931B4B05931B4BD2
:106AE000079301F05FBF164BD3F8003103F56353F2
:106AF00008330393134B0493134B0593134B0793E2
:106B000001F050BF0E4BD3F8003103F5635310333F
:106B100003930C4B04930C4B05930C4B079301F020
:106B200041BF074BD3F8003103F563530C33039394
:106B3000044B0493044B0593044B079301F032BFBD
:106B4000801000208D2E0208952E0208E8E9002012
:106B5000A92E0208AD2E0208D4E9002061370208F0
:106B60000D900208F8E80020392F02083D2F020896
:106B700094E80020593702082D900208994BD3F869
:106B8000003103F5645328330393974B0493974BD9
:106B90000593974B079301F005BF924BD3F8003153
:106BA00003F564532C3303938F4B04938F4B05935E
:106BB0008F4B079301F0F6BE8A4BD3F8003103F5F3
:106BC000645330330393884B0493884B0593884B6D
:106BD000079301F0E7BE834BD3F8003103F564530C
:106BE00034330393804B0493804B0593804B07937E
:106BF00001F0D8BE7B4BD3F80031043303937A4BBA
:106C000004937A4B05937A4B079301F0CBBE754BF7
:106C1000D3F8003108330393764B0493764B0593F6
:106C2000764B079301F0BEBE6E4BD3F800311033A4
:106C30000393734B0493734B0593734B079301F0CA
:106C4000B1BE684BD3F8AC308C3303936F4B0493D5
:106C50006F4B05936F4B079301F0A4BE614BD3F8C4
:106C6000AC30C83303936C4B04936C4B05936C4B63
:106C7000079301F097BE5B4BD3F8AC3034330393EA
:106C8000684B0493684B0593684B079301F08ABEE9
:106C9000544BD3F8AC3034330393654B0493654BBA
:106CA0000593564B079301F07DBE4E4BD3F8AC30A5
:106CB000543303934C4B04934C4B05934C4B079329
:106CC00001F070BE474BD3F8AC3060330393494BAF
:106CD0000493494B0593494B079301F063BE414B25
:106CE000D3F8AC3034330393534B0493534B059395
:106CF000424B079301F056BE3A4BD3F8AC303433D5
:106D000003934F4B04934F4B05934F4B079301F065
:106D100049BE344BD3F8AC30503303933E4B04930D
:106D20003E4B05933E4B079301F03CBE2D4BD3F8F1
:106D3000AC3048330393384B0493384B0593384BAE
:106D4000079301F02FBE274BD3F8AC304C3303939D
:106D5000254B0493254B0593254B079301F022BE49
:106D6000204BD3F8AC305C3303932B4B04932B4B69
:106D700005932B4B079301F015BE1A4BD3F8AC309B
:106D800034330393314B0493314B05931B4B0793DF
:106D900001F008BE134BD3F8AC3061330393154BAD
:106DA0000493154B0593154B079301F0FBBD0D4B59
:106DB000D3F8AC3034330393264B0493264B05931E
:106DC0000B4B079301F0EEBD064BD3F8AC303833D4
:106DD0000393054B0493054B0593054B079301F073
:106DE000E1BD00BF801000208D2E0208952E020804
:106DF000E8E90020A92E0208AD2E0208D4E90020FF
:106E0000B12E0208B52E0208C0E90020412F020869
:106E1000452F020880E80020192F02081D2F0208C4
:106E2000F8E80020492F02084D2F02086CE80020E6
:106E30004D3702084990020841370208699002085C
:106E4000353702088590020820E90020293702081A
:106E5000A19002081D370208BD900208964BD3F896
:106E6000AC303C330393954B0493954B0593954B72
:106E7000079301F097BD904BD3F8AC3040330393A8
:106E80008E4B04938E4B05938E4B079301F08ABD76
:106E9000894BD3F8AC30633303938B4B04938B4B08
:106EA00005938B4B079301F07DBD834BD3F8AC303A
:106EB00064330393874B0493874B0593874B079366
:106EC00001F070BD7C4BD3F8AC30653303937E4B3F
:106ED00004937E4B05937E4B079301F063BD764B85
:106EE000D3F8AC30823303937D4B04937D4B0593F1
:106EF0007D4B079301F056BD6F4BD3F8AC30843314
:106F00000393774B0493774B0593774B079301F0EB
:106F100049BD694BD3F8AC3004330393734B0493EE
:106F2000734B0593734B079301F03CBD724B039376
:106F3000624B0493624B0593624B079301F032BDA1
:106F40005D4BD3F8FC30103303936C4B04936C4BC4
:106F500005936C4B079301F025BD574BD3F8FC30DC
:106F600004330393554B0493554B0593554B0793AB
:106F700001F018BD504BD3F8FC30083303934F4B4E
:106F800004934F4B05934F4B079301F00BBD4A4BB6
:106F9000D3F8FC300C330393484B0493484B0593D0
:106FA000484B079301F0FEBC434BD3F85C310433EC
:106FB0000393424B0493424B0593424B079301F0DA
:106FC000F1BC3D4BD3F85C31083303933B4B049346
:106FD0003B4B05933B4B079301F0E4BC364BD3F896
:106FE0005C310C330393354B0493354B0593354B90
:106FF000079301F0D7BC304BD3F860310393424B79
:107000000493424B0593384B079301F0CBBC2A4BBA
:10701000D3F8603103933E4B04933E4B05932C4BC6
:10702000079301F0BFBC244BD3F860310393234B8B
:107030000493234B0593234B079301F0B3BC1E4BE2
:10704000D3F860310B3303931F4B04931F4B05930D
:107050001F4B079301F0A6BC174BD3F86031039385
:107060002D4B04932D4B05932D4B079301F09ABCA8
:10707000114BD3F864310393234B0493234B0593B3
:10708000194B079301F08EBC0B4BD3F8643103937B
:107090001F4B04931F4B05930D4B079301F082BCCC
:1070A000054BD3F864310393044B0493044B0593CD
:1070B000044B079301F076BC801000208D2E02084F
:1070C000952E0208E8E90020A92E0208AD2E02083C
:1070D000D4E90020392F02083D2F020894E800204F
:1070E000512F0208552F020820E90020192F02080D
:1070F0001D2F0208F8E8002034110020592F020843
:107100005D2F020858E8002011370208D1900208CC
:1071100009370208E99002080137020801910208C4
:10712000C0E900208C4BD3F864310B3303938B4BB5
:1071300004938B4B05938B4B079301F033BC864B29
:10714000D3F864310393884B0493884B0593884BA1
:10715000079301F027BC804BD3F8683104330393C5
:10716000844B0493844B0593844B079301F01ABC22
:10717000794BD3F8683106330393784B0493784BFB
:107180000593784B079301F00DBC7D4B03937D4B2A
:1071900004937D4B0593764B079301F003BC7B4B27
:1071A0000393784B0493784B0593714B079301F04D
:1071B000F9BB774B0393734B0493734B05936C4B61
:1071C000079301F0EFBB734B03936E4B04936E4B2D
:1071D0000593674B079301F0E5BB6F4B0393694B36
:1071E0000493694B0593624B079301F0DBBB6B4B38
:1071F0000393644B0493644B05935D4B079301F039
:10720000D1BB674B03935F4B04935F4B0593584B84
:10721000079301F0C7BB634B03935A4B04935A4B3C
:107220000593534B079301F0BDBB5F4B0393554B45
:107230000493554B05934E4B079301F0B3BB5B4B47
:107240000393504B0493504B0593494B079301F024
:10725000A9BB574B03934B4B04934B4B0593444BA8
:10726000079301F09FBB534B0393464B0493464B4C
:1072700005933F4B079301F095BB4F4B0393414B55
:107280000493414B05933A4B079301F08BBB4B4B57
:1072900003934B4B04934B4B05934B4B079301F0DC
:1072A00081BB4A4B03934A4B04934A4B05934A4B89
:1072B000079301F077BB494B0393284B0493284B6A
:1072C0000593284B079301F06DBB454B0393234B6C
:1072D0000493234B0593234B079301F063BB414B6E
:1072E00003931E4B04931E4B05931E4B079301F013
:1072F00059BB3D4B0393194B0493194B0593194B01
:10730000079301F04FBB394B0393144B0493144B79
:107310000593144B079301F045BB354B03930F4B7B
:1073200004930F4B05930F4B079301F03BBB314B7D
:1073300003930A4B04930A4B05930A4B079301F0FE
:1073400031BB2D4B0393054B0493054B0593054B24
:10735000079301F027BB00BF80100020A92E020870
:10736000AD2E0208D4E9002001370208019102087D
:10737000C0E90020F93602081591020820E9002032
:10738000F8110020B12E0208B52E020808120020C4
:107390001812002028120020381200204812002065
:1073A0005812002068120020781200208812002055
:1073B00098120020A8120020B81200207815002092
:1073C000ED2E0208F12E020848E900209C1500204D
:1073D000012F0208052F020834E90020AC15002017
:1073E00040130020411300204213002043130020CB
:1073F0004413002045130020461300208B4B0393B9
:107400008B4B04938B4B05938B4B079301F0CABABC
:107410008A4B03938A4B04938A4B05938A4B0793B9
:1074200001F0C0BA894B0393814B0493814B0593C0
:10743000814B079301F0B6BA854B0393854B0493B8
:10744000854B0593854B079301F0ACBA804B0393B2
:10745000834B0493834B0593804B079301F0A2BAAF
:10746000814B0393764B0493764B0593764B0793AE
:1074700001F098BA7D4B0393714B0493714B0593C4
:10748000714B079301F08EBA794B03936C4B0493C5
:107490006C4B05936C4B079301F084BA754B0393C7
:1074A000674B0493674B0593674B079301F07ABAD8
:1074B000714B0393624B0493624B0593624B0793AA
:1074C00001F070BA6D4B03935D4B04935D4B0593D4
:1074D0005D4B079301F066BA694B0393584B0493D5
:1074E000584B0593584B079301F05CBA654B0393D7
:1074F000534B0493534B0593534B079301F052BAEC
:10750000614B03934E4B04934E4B05934E4B0793A5
:1075100001F048BA5D4B0393494B0493494B0593E3
:10752000494B079301F03EBA594B0393444B0493E4
:10753000444B0593444B079301F034BA554B0393E6
:107540003B4B04933B4B05933B4B079301F02ABA0B
:10755000514B0393364B0493364B0593364B0793AD
:1075600001F020BA4D4B0393314B0493314B0593FB
:10757000314B079301F016BA494B0393304B0493F8
:10758000304B0593304B079301F00CBA454B0393F6
:107590002B4B04932B4B05932B4B079301F002BA13
:1075A000414B0393264B0493264B0593264B07939D
:1075B00001F0F8B93D4B0393214B0493214B059304
:1075C000214B079301F0EEB9394B03931C4B049305
:1075D0001C4B05931C4B079301F0E4B9354B039307
:1075E000174B0493174B0593174B079301F0DAB928
:1075F000314B03930E4B04930E4B05930E4B0793A5
:1076000001F0D0B92D4B0393094B0493094B05931B
:10761000094B079301F0C6B9294B0393044B04931C
:10762000044B0593044B079301F0BCB947130020AA
:10763000A92E0208AD2E0208D4E90020481300202C
:107640008D2E0208952E0208E8E900204C13002038
:1076500040130020BD370208118F020820E90020E6
:10766000B53702082D8F020854130020581300204C
:107670005C130020601300206413002070130020AE
:1076800074130020781300207C1300208013002046
:107690008413002088130020891300208A130020FF
:1076A0008C130020901300209413002098130020C6
:1076B0009C130020A0130020A4130020A513002079
:1076C000A6130020934B0393934B0493934B059382
:1076D000934B079301F066B9924B0393924B04933B
:1076E000924B0593924B079301F05CB9914B039336
:1076F000894B0493894B0593894B079301F052B949
:107700008D4B0393844B0493844B0593844B0793D5
:1077100001F048B9894B03937F4B04937F4B05934A
:107720007F4B079301F03EB9854B03937A4B04934B
:107730007A4B05937A4B079301F034B9814B03934D
:10774000754B0493754B0593754B079301F02AB95C
:107750007D4B0393704B0493704B0593704B0793D1
:1077600001F020B9794B03936B4B04936B4B05935A
:107770006B4B079301F016B9754B0393664B04935B
:10778000664B0593664B079301F00CB9714B03935D
:10779000614B0493614B0593614B079301F002B970
:1077A0006D4B03935C4B04935C4B05935C4B0793CD
:1077B00001F0F8B8694BD3F8083498330393684B59
:1077C0000493684B0593684B079301F0EBB8634B48
:1077D000D3F8083490330393644B0493644B0593BC
:1077E000644B079301F0DEB85C4BD3F80834B03338
:1077F00003935B4B04935B4B05935B4B079301F047
:10780000D1B8564BD3F80834B4330393544B049394
:10781000544B0593544B079301F0C4B84F4BD3F826
:107820000834B83303934E4B04934E4B05934E4BA1
:10783000079301F0B7B8494BD3F80834C433039326
:10784000474B0493474B0593474B079301F0AAB866
:10785000424BD3F808345B692C330393404B0493B9
:10786000404B0593404B079301F09CB83B4BD3F83A
:1078700008345B6930330393394B0493394B0593D8
:10788000394B079301F08EB8344BD3F808345B6959
:1078900034330393244B0493244B0593244B0793D5
:1078A00001F080B82D4BD3F808349B692C33039337
:1078B000314B0493314B0593314B079301F072B870
:1078C000264BD3F808349B692C330393244B049341
:1078D000244B0593244B079301F064B81F4BD3F856
:1078E00008349B69303303931D4B04931D4B059360
:1078F0001D4B079301F056B8184BD3F808349B6919
:1079000034330393164B0493164B0593164B07938E
:1079100001F048B8A8130020B12E0208B52E0208C5
:10792000C0E90020AC130020A92E0208AD2E0208E9
:10793000D4E90020B0130020B4130020B8130020B5
:10794000BC130020C0130020C4130020C813002063
:10795000CC130020D0130020D4130020801000206E
:107960008D2E0208952E0208E8E90020092F020852
:10797000112F02080CE90020AD370208458F0208DC
:1079800020E90020984BD3F808349B6938330393DF
:10799000964B0493964B0593964B079301F002B8D0
:1079A000914BD3F808349B69403303938F4B049376
:1079B0008F4B05938F4B079300F0F4BF8A4BD3F89E
:1079C00008349B6944330393884B0493884B059395
:1079D000884B079300F0E6BF834BD3F808349B69CC
:1079E00048330393844B0493844B0593844B079350
:1079F00000F0D8BF7C4BD3F80834DC3303937B4BC7
:107A000004937B4B05937B4B079300F0CBBF764BE6
:107A1000D3F8083403F5AE730393744B0493744B9B
:107A20000593744B079300F0BDBF6F4BD3F8083438
:107A300003F5B07303936D4B04936D4B05936D4B3E
:107A4000079300F0AFBF684BD3F808341C3303939F
:107A50006C4B04936C4B0593694B079300F0A2BFEA
:107A6000614BD3F8083420330393684B0493684B7D
:107A70000593684B079300F095BF5B4BD3F8083430
:107A800024330393594B0493594B0593594B079354
:107A900000F088BF544BD3F8083428330393534B7A
:107AA0000493534B0593534B079300F07BBF4E4B0E
:107AB000D3F808341C330393574B0493574B059367
:107AC0004C4B079300F06EBF474BD3F808341C3380
:107AD0000393534B0493534B0593464B079300F08A
:107AE00061BF414BD3F80834343303933F4B0493C5
:107AF0003F4B05933F4B079300F054BF3A4BD3F8ED
:107B0000083438330393484B0493484B0593484B50
:107B1000079300F047BF344BD3F808343C3303934A
:107B2000324B0493324B0593324B079300F03ABF2C
:107B30002D4BD3F80834403303932C4B04932C4B38
:107B400005932C4B079300F02DBF274BD3F8083437
:107B500044330393254B0493254B0593254B0793FF
:107B600000F020BF204BD3F80834503303931F4B51
:107B700004931F4B05931F4B079300F013BF1A4B41
:107B8000D3F8083454330393184B0493184B0593DC
:107B9000184B079300F006BF134BD3F80834483353
:107BA0000393124B0493124B0593124B079300F06F
:107BB000F9BE0D4BD3F808341C3303931D4B0493CB
:107BC0001D4B05930B4B079300F0ECBE064BD3F80F
:107BD000083458330393054B0493054B0593054B29
:107BE000079300F0DFBE00BF801000208D2E02083A
:107BF000952E0208E8E90020A92E0208AD2E020801
:107C0000D4E90020A5370208698F0208192F02085D
:107C10001D2F0208F8E800209D370208858F020812
:107C2000913702089D8F0208212F0208252F020894
:107C3000E4E8002085370208B58F0208A04BD3F88E
:107C400008345C3303939F4B04939F4B05939F4BE6
:107C5000079300F0A7BE9A4BD3F808346033039320
:107C60009B4B04939B4B05939B4B079300F09ABE51
:107C7000934BD3F8083464330393924B0493924BA1
:107C80000593924B079300F08DBE8D4BD3F80834CB
:107C9000683303938B4B04938B4B05938B4B079368
:107CA00000F080BE864BD3F808346C330393884BC6
:107CB0000493884B0593884B079300F073BE804B69
:107CC000D3F808346D330393814B0493814B0593B0
:107CD000814B079300F066BE794BD3F808347033BC
:107CE0000393784B0493784B0593784B079300F0FC
:107CF00059BE734BD3F8083474330393714B049318
:107D0000714B0593714B079300F04CBE6C4BD3F84D
:107D10000834783303936B4B04936B4B05936B4B95
:107D2000079300F03FBE664BD3F808347C330393CF
:107D3000644B0493644B0593644B079300F032BE8D
:107D40005F4BD3F8B03303F563531C330393634B9A
:107D50000493634B0593634B079300F023BE584B8A
:107D6000D3F8B03303F5635320330393554B049397
:107D7000554B0593554B079300F014BE504BD3F869
:107D8000B0330393584B0493584B05934F4B0793D1
:107D900000F008BE4A4BD3F8B03303F564531833F0
:107DA0000393484B0493484B0593484B079300F0CB
:107DB000F9BD434BD3F8B03303F564531C3303933D
:107DC000404B0493404B0593404B079300F0EABDB2
:107DD0003B4BD3F8B03303F564530C330393394B67
:107DE0000493394B0593394B079300F0DBBD344BBB
:107DF000D3F8B03303F564533E330393344B049309
:107E0000344B0593344B079300F0CCBD2C4BD3F887
:107E1000B03303F56453383303932A4B04932A4B4E
:107E200005932A4B079300F0BDBD254BD3F8B03323
:107E300003F562532C330393224B0493224B059397
:107E4000224B079300F0AEBD1D4BD3F8B03303F5C2
:107E50006253313303931E4B04931E4B05931E4B09
:107E6000079300F09FBD164BD3F8B03303F5625370
:107E700033330393164B0493164B0593164B07931A
:107E800000F090BD0E4BD3F8B03303F5625330339E
:107E900003930F4B04930F4B05930F4B079300F085
:107EA00081BD074BD3F8B03303F5625332330393EC
:107EB000074B0493074B0593074B079300F072BDE4
:107EC000801000208D2E0208952E0208E8E900207F
:107ED000A92E0208AD2E0208D4E90020292F02089D
:107EE0002D2F0208D0E8002079370208D98F020828
:107EF0009B4BD3F8B033183303939A4B04939A4BAC
:107F000005939A4B079300F04DBD954BD3F8B033D2
:107F100019330393964B0493964B0593964B079313
:107F200000F040BD8E4BD3F8B0331C330393934B1A
:107F30000493934B0593934B079300F033BD884B09
:107F4000D3F8B033203303938C4B04938C4B0593BD
:107F50008C4B079300F026BD814BD3F8B03324330C
:107F60000393864B0493864B0593864B079300F04F
:107F700019BD7B4BD3F8B033303303937F4B04935D
:107F80007F4B05937F4B079300F00CBD744BD3F8E8
:107F9000B03328330393794B0493794B0593794B92
:107FA000079300F0FFBC6E4BD3F8B0332C33039330
:107FB000724B0493724B0593724B079300F0F2BC23
:107FC000674BD3F8B033343303936C4B04936C4B4F
:107FD00005936C4B079300F0E5BC614BD3F8B033CD
:107FE00038330393654B0493654B0593654B0793B7
:107FF00000F0D8BC5A4BD3F8B0333C330393624BF8
:108000000493624B0593624B079300F0CBBC544B37
:10801000D3F8B03340330393584B0493584B059334
:10802000584B079300F0BEBC4D4BD3F8B033183318
:108030000393584B0493584B0593584B079300F008
:10804000B1BC474BD3F8B033503303934B4B04933D
:108050004B4B05934B4B079300F0A4BC404BD3F81C
:10806000B03348330393454B0493454B0593454B3D
:10807000079300F097BC3A4BD3F8B03303F5625343
:1080800034330393464B0493464B0593464B079377
:1080900000F088BC324BD3F8B03303F56253383369
:1080A0000393364B0493364B0593364B079300F0FE
:1080B00079BC2B4BD3F8B03303F562533C330393B5
:1080C0002E4B04932E4B05932E4B079300F06ABC66
:1080D000234BD3F8B03303F563530393304B04932E
:1080E000304B0593304B079300F05CBC1C4BD3F82E
:1080F000B033183303932D4B04932D4B0593214B31
:10810000079300F04FBC164BD3F8B03303F562531E
:10811000183303931C4B04931C4B05931C4B079380
:1081200000F040BC0E4BD3F8B03303F562531C3360
:108130000393124B0493124B0593124B079300F0D9
:1081400031BC074BD3F8B03303F5625320330393AC
:108150000A4B04930A4B05930A4B079300F022BC89
:108160008010002069370208F58F0208BCE8002063
:10817000312F0208352F0208A8E800208D2E0208B2
:10818000952E0208E8E90020A92E0208AD2E02086B
:10819000D4E90020613702080D900208F8E80020B9
:1081A000392F02083D2F020894E8002059370208B1
:1081B0002D900208924BD3F8B03303F56253283365
:1081C0000393904B0493904B0593904B0793E9E3F3
:1081D0008B4BD3F8B03303F56353043303938C4BC9
:1081E00004938C4B05938C4B0793DBE3844BD3F8C0
:1081F000B03303F5635308330393854B0493854BE6
:108200000593854B0793CDE37D4BD3F8B03303F54E
:108210006353103303937E4B04937E4B05937E4B45
:108220000793BFE3764BD3F8B03303F563530C33B6
:108230000393774B0493774B0593774B0793B1E305
:108240006F4BD3F8B03303F5645328330393704B6B
:108250000493704B0593704B0793A3E3684BD3F8DB
:10826000B03303F564532C330393694B0493694B88
:108270000593694B079395E3614BD3F8B03303F54E
:10828000645330330393624B0493624B0593624B08
:10829000079387E35A4BD3F8B03303F56453343371
:1082A00003935B4B04935B4B05935B4B079379E321
:1082B000534BD3F8B03304330393554B0493554BCE
:1082C0000593554B07936DE34D4BD3F8B03308330B
:1082D00003934C4B04934C4B05934C4B079361E336
:1082E000474BD3F8B033103303934C4B04934C4BB0
:1082F00005934C4B079355E3414BD3F85C338C33D8
:108300000393494B0493494B0593494B079349E326
:108310003B4BD3F85C33C8330393464B0493464B33
:108320000593464B07933DE3354BD3F85C33343329
:108330000393434B0493434B0593434B079331E320
:108340002F4BD3F85C3334330393404B0493404BAF
:1083500005932E4B079325E3294BD3F85C33543315
:1083600003932B4B04932B4B05932B4B079319E350
:10837000234BD3F85C3360330393224B0493224B9B
:108380000593224B07930DE31D4BD3F85C33343335
:108390000393304B0493304B05931C4B079301E33D
:1083A000174BD3F85C33343303932C4B04932C4B8F
:1083B00005932C4B0793F5E2114BD3F85C33503304
:1083C00003931C4B04931C4B05931C4B0793E9E24E
:1083D0000B4BD3F85C3348330393164B0493164B83
:1083E0000593164B0793DDE2054BD3F85C334C3312
:1083F0000393074B0493074B0593074B0793D1E275
:1084000080100020A92E0208AD2E0208D4E9002019
:108410008D2E0208952E0208E8E90020B12E0208F0
:10842000B52E0208C0E90020412F0208452F02089E
:1084300080E80020192F02081D2F0208F8E800200C
:10844000492F02084D2F02086CE800204D37020822
:10845000499002084137020869900208353702083E
:108460008590020820E900208C4BD3F85C335C3304
:1084700003938B4B04938B4B05938B4B079391E2A8
:10848000864BD3F85C3334330393884B0493884B87
:108490000593884B079385E2804BD3F85C336133B7
:1084A0000393854B0493854B0593824B079379E2A5
:1084B0007A4BD3F85C3334330393814B0493814B71
:1084C0000593814B07936DE2744BD3F85C333833DB
:1084D00003937E4B04937E4B05937B4B079361E2A2
:1084E0006E4BD3F85C333C330393784B0493784B57
:1084F0000593754B079355E2684BD3F85C334033D3
:108500000393724B0493724B05936F4B079349E2AD
:10851000624BD3F85C3363330393674B0493674B2D
:108520000593644B07933DE25C4BD3F85C336433B3
:108530000393684B0493684B0593684B079331E2B0
:10854000564BD3F85C33653303935B4B04935B4B1F
:108550000593584B079325E2504BD3F85C33823395
:1085600003935F4B04935F4B05935F4B079319E2B3
:108570004A4BD3F85C3384330393594B0493594BE0
:108580000593594B07930DE2444BD3F85C33043306
:108590000393434B0493434B0593434B079301E2EF
:1085A000524B0393494B0493494B0593464B079316
:1085B000F8E13A4BD3F8AC33103303934C4B0493AC
:1085C0004C4B05934C4B0793ECE1344BD3F8AC3355
:1085D000043303933D4B04933D4B05933A4B079370
:1085E000E0E12E4BD3F8AC3308330393374B0493BD
:1085F000374B0593344B0793D4E1284BD3F8AC3376
:108600000C330393314B0493314B05932E4B07935B
:10861000C8E1224BD3F80C34043303932B4B04935F
:108620002B4B0593284B0793BCE11C4BD3F80C3420
:1086300008330393254B0493254B0593224B079353
:10864000B0E1164BD3F80C340C3303931F4B049357
:108650001F4B05931C4B0793A4E1104BD3F8103428
:108660000393264B0493264B05931F4B079399E1E5
:108670000A4BD3F810340393224B0493224B0593F7
:108680000C4B07938EE1054BD3F8103403930F4B3B
:1086900004930F4B05930C4B079383E1801000204C
:1086A000192F02081D2F0208F8E8002029370208B8
:1086B000A1900208D4E90020A92E0208AD2E0208DC
:1086C0001D370208BD900208E8E900208D2E02083F
:1086D000952E0208392F02083D2F020894E8002049
:1086E000512F0208552F020820E90020E413002032
:1086F000592F02085D2F020858E8002011370208A0
:10870000D190020809370208E99002087B4BD3F8A0
:1087100010340B3303937A4B04937A4B05937A4BC3
:1087200007933FE1754BD3F810340393774B0493D1
:10873000774B0593774B079334E1704BD3F81434A0
:108740000393754B0493754B0593754B079329E180
:108750006A4BD3F814340393724B0493724B059312
:10876000694B07931EE1654BD3F8143403936F4BA9
:1087700004936F4B05936F4B079313E15F4BD3F853
:1087800014340B3303935E4B04935E4B05935E4BA3
:10879000079307E1594BD3F8143403935B4B0493CD
:1087A0005B4B05935B4B0793FCE0544BD3F81834B9
:1087B00004330393604B0493604B0593584B07932A
:1087C000F0E04E4BD3F81834063303934C4B04932C
:1087D0004C4B05934C4B0793E4E0594B0393594B97
:1087E0000493594B05934B4B0793DBE0574B039393
:1087F000544B0493544B0593464B0793D2E0544B90
:108800000393504B0493504B0593424B0793C9E09D
:10881000504B03934B4B04934B4B05933D4B0793AA
:10882000C0E04D4B0393474B0493474B0593394BA3
:108830000793B7E0494B0393424B0493424B059394
:10884000344B0793AEE0464B03933E4B04933E4BB1
:108850000593304B0793A5E0424B0393394B0493A8
:10886000394B05932B4B07939CE03F4B0393354BC0
:108870000493354B0593274B079393E03B4B0393AE
:10888000304B0493304B0593224B07938AE0384BCF
:1088900003932C4B04932C4B05931E4B079381E0C1
:1088A000344B0393274B0493274B0593194B0793A2
:1088B00078E0314B0393234B0493234B0593154BE3
:1088C00007936FE02D4B03932D4B04932D4B059392
:1088D0002D4B079366E02D4B03931A4B04931A4BD1
:1088E00005930C4B07935DE0294B0393244B0493B2
:1088F000244B0593244B079354E000BF80100020C5
:10890000A92E0208AD2E0208D4E900200137020882
:1089100001910208C0E9002011370208D190020835
:1089200020E9002009370208E99002088D2E02088C
:10893000952E0208E8E90020F93602081591020890
:10894000A8140020B12E0208B52E0208B814002089
:10895000C8140020D8140020E8140020F8140020C7
:1089600008150020181500202815002038150020B3
:10897000481500205815002068150020C4A30020C9
:10898000192F02081D2F0208F8E80020CCA30020B0
:10899000D8A300200F4B03930F4B04930F4B059369
:1089A0000F4B0793079800283CF470AA0D4A0E4914
:1089B0006FF001030FF050FA00283CF467AA036837
:1089C000B0EE480A1B6803A9984709B0BDEC028BBA
:1089D0005DF804FBE0A30020392F02083D2F0208B8
:1089E00094E8002064C1030820C1030830B583B0B7
:1089F0000446D0E90003ADF8041098479DF805300F
:108A0000054623B1A3689DF80410206898472846BE
:108A100003B030BD37B510460D4601AA0B49D7F754
:108A20006DFD012801D000200DE0019B8DF80500AF
:108A3000003B18BF01238DF80430044601992846F5
:108A4000FFF7D4FF204603B030BD00BF0CC10308C0
:108A5000A0F10400DEE700BF13B5B5EEC00AF1EEE9
:108A600010FAACBF0123002301248DF804308DF8E7
:108A7000054008460199FFF7B9FF204602B010BD36
:108A800030B583B00446D0E90003ADF80410984730
:108A90009DF80530054623B1A3689DF804102068B1
:108AA0009847284603B030BD37B500230D46104621
:108AB0000DF103018DF80330FAF712FC044650B1B2
:108AC0009DF803308DF8043001238DF805300199AD
:108AD0002846FFF7D5FF204603B030BDA0F10400C3
:108AE000E2E700BF30B583B00446D0E90003ADF83B
:108AF000041098479DF80530054623B1A3689DF8FA
:108B0000041020689847284603B030BD37B50023CD
:108B10000D4610460DF103018DF80330FAF7E0FB26
:108B2000044650B19DF803308DF8043001238DF8D0
:108B3000053001992846FFF7D5FF204603B030BD28
:108B4000A0F10400E2E700BFD1E900231BB193428A
:108B500001D80020704710700B68012003440B609F
:108B6000704700BF30B583B00446D0E90003ADF8CC
:108B7000041098479DF80530054623B1A3689DF879
:108B8000041020689847284603B030BD37B500234D
:108B90000D4610460DF103018DF80330FAF7A0FBE6
:108BA000044650B19DF803308DF8043001238DF850
:108BB000053001992846FFF7D5FF204603B030BDA8
:108BC000A0F10400E2E700BF30B583B00446D0E96D
:108BD0000003ADF8041098479DF80530054623B111
:108BE000A3689DF8041020689847284603B030BD5C
:108BF00037B500230D4610460DF103018DF8033003
:108C0000FAF76EFB044650B19DF803308DF804303E
:108C100001238DF8053001992846FFF7D5FF20463E
:108C200003B030BDA0F10400E2E700BF30B583B06F
:108C30000446D0E90003ADF8041098479DF80530CC
:108C4000054623B1A3689DF804102068984728467C
:108C500003B030BD37B500230D4610460DF10301BA
:108C60008DF80330FAF73CFB044650B19DF8033011
:108C70008DF8043001238DF8053001992846FFF75F
:108C8000D5FF204603B030BDA0F10400E2E700BFED
:108C900030B583B00446D0E90003ADF8041098471E
:108CA0009DF80530054623B1A3689DF8041020689F
:108CB0009847284603B030BD37B500230D4610460F
:108CC0000DF103018DF80330FAF70AFB044650B1A9
:108CD0009DF803308DF8043001238DF8053001999B
:108CE0002846FFF7D5FF204603B030BDA0F10400B1
:108CF000E2E700BF30B583B00446D0E90003ADF829
:108D0000041098479DF80530054623B1A3689DF8E7
:108D1000041020689847284603B030BD37B50023BB
:108D20000D4610460DF103018DF80330FAF7D8FA1D
:108D3000044650B19DF803308DF8043001238DF8BE
:108D4000053001992846FFF7D5FF204603B030BD16
:108D5000A0F10400E2E700BF30B583B00446D0E9DB
:108D60000003ADF8041098479DF80530054623B17F
:108D7000A3689DF8041020689847284603B030BDCA
:108D800037B500230D4610460DF103018DF8033071
:108D9000FAF7A6FA044650B19DF803308DF8043076
:108DA00001238DF8053001992846FFF7D5FF2046AD
:108DB00003B030BDA0F10400E2E700BF30B583B0DE
:108DC0000446D0E90003ADF8041098479DF805303B
:108DD000054623B1A3689DF80410206898472846EB
:108DE00003B030BD37B500230D4610460DF1030129
:108DF0008DF80330FAF774FA044650B19DF8033049
:108E00008DF8043001238DF8053001992846FFF7CD
:108E1000D5FF204603B030BDA0F10400E2E700BF5B
:108E200030B583B00446D0E90003ADF8041098478C
:108E30009DF80530054623B1A3689DF8041020680D
:108E40009847284603B030BD37B500230D4610467D
:108E50000DF103018DF80330FAF742FA044650B1E0
:108E60009DF803308DF8043001238DF80530019909
:108E70002846FFF7D5FF204603B030BDA0F104001F
:108E8000E2E700BF30B583B00446D0E90003ADF897
:108E9000041098479DF80530054623B1A3689DF856
:108EA000041020689847284603B030BD37B500232A
:108EB0000D4610460DF103018DF80330FAF710FA54
:108EC000044650B19DF803308DF8043001238DF82D
:108ED000053001992846FFF7D5FF204603B030BD85
:108EE000A0F10400E2E700BF0B4611469868F9F7CD
:108EF00003BE000008B50A4601460020FFF7F4FF54
:108F000008BD00BFD1F89800CA81F0F7B9BC0000D5
:108F100008B50A4601460020FFF7F4FF08BD00BF70
:108F2000D1F898000A82F0F7ABBC000008B50A46F9
:108F300001460020FFF7F4FF08BD00BF086A0A825F
:108F4000F2F764BE08B50A4601460020FFF7F6FFB7
:108F500008BD00BF4B6E0A7093F89E2002B91A7FBD
:108F600083F89E207047000008B50A46014600209D
:108F7000FFF7F0FF08BD00BF486E81ED040AF1F76E
:108F800073BE000008B501460020FFF7F5FF08BDDD
:108F9000486E81ED050AF1F767BE000008B501468D
:108FA0000020FFF7F5FF08BD486E81ED0C0AF1F7D0
:108FB0005BBE000008B501460020FFF7F5FF08BDC5
:108FC00010B50C46084604F54054F4F71DFC012387
:108FD00084F83C3910BD000008B501460020FFF7B9
:108FE000EFFF08BD0A7001F54051D1F8BC08F4F755
:108FF00041BC000008B50A4601460020FFF7F2FF19
:1090000008BD00BF02B9CA6ACA62704708B50A46FD
:1090100001460020FFF7F6FF08BD00BF81ED0D0AF5
:1090200001F54051D1F8BC08F4F754BC08B501462D
:109030000020FFF7F3FF08BD0B4681F82420586D90
:109040000021F2F7B3BF000008B50A460146002030
:10905000FFF7F2FF08BD00BF0B4681F82E20586DC8
:109060000021F2F7A3BF000008B50A460146002020
:10907000FFF7F2FF08BD00BF486DA1F84C20F3F7E1
:1090800047BD000008B50A4601460020FFF7F4FF7F
:1090900008BD00BF486D81F82520F2F7D5BF00005C
:1090A00008B50A4601460020FFF7F4FF08BD00BFDF
:1090B000486D81ED040AF2F799BF000008B501463A
:1090C0000020FFF7F5FF08BDC8680A81F4F720B952
:1090D00008B50A4601460020FFF7F6FF08BD00BFAD
:1090E000C8688A72F4F714B908B50A460146002028
:1090F000FFF7F6FF08BD00BFC8684A60F4F708B97B
:1091000008B50A4601460020FFF7F6FF08BD00BF7C
:109110000A80704708B50A4601460020FFF7F8FFAD
:1091200008BD00BF034607C94FF0010C83E80700E4
:1091300083F80CC018467047034607C94FF0010C6E
:1091400083E8070083F80CC018467047034607C938
:109150004FF0010C83E8070083F80CC018467047F5
:10916000034607C94FF0010C83E8070083F80CC0E1
:1091700018467047034607C94FF0010C83E8070003
:1091800083F80CC018467047034607C94FF0010C1E
:1091900083E8070083F80CC018467047034607C9E8
:1091A0004FF0010C83E8070083F80CC018467047A5
:1091B000037B8AB07BB107C807AB0DF1100C83E8C5
:1091C00007008CE80700DDED050A9DED061A9DED10
:1091D000040A0AB0704707C904AB83E80700F2E746
:1091E0007FB500236946A030009301930293FFF7F7
:1091F000DFFFB0EE410A07B05DF804FBFFF7F0BFF8
:109200007FB500236946A030009301930293FFF7D6
:10921000CFFFB0EE600A07B05DF804FBFFF7F0BFC8
:109220007FB500236946A030009301930293FFF7B6
:10923000BFFF07B05DF804FBFFF7F2BF037A84B00D
:109240004BB103C804AB03E90300DDED030A9DED58
:10925000020A04B0704703C904AB03E90300DDED63
:10926000030A9DED020A04B0704700BF1FB500233A
:109270006946803000930193FFF7E0FFB0EE600A8B
:1092800005B05DF804FB0000FFF7F0BF1FB5002339
:109290006946803000930193FFF7D0FF05B05DF879
:1092A00004FB0000FFF7F2BF1FB5002369465830EA
:1092B00000930193FFF7C2FFB0EE600A05B05DF8BE
:1092C00004FB0000FFF7F0BF1FB5002369465830CC
:1092D00000930193FFF7B2FF05B05DF804FB0000B7
:1092E000FFF7F2BF1FB5002369464C30009301938E
:1092F000FFF7A4FFB0EE600A05B05DF804FB0000C4
:10930000FFF7F0BF1FB5002369464C30009301936F
:10931000FFF794FF05B05DF804FB0000FFF7F2BF14
:109320001FB500236946083000930193FFF786FFBD
:10933000B0EE600A05B05DF804FB0000FFF7F0BF77
:109340001FB500236946083000930193FFF776FFAD
:1093500005B05DF804FB0000FFF7F2BF034607C944
:109360004FF0010C83E8070083F80CC018467047E3
:10937000034607C94FF0010C83E8070083F80CC0CF
:10938000184670472DE9F0410D4690B0144600266E
:10939000B0F5477F09F2DF80DFE810F01D032403FA
:1093A000590363036D03770381038B0395039F03C5
:1093B000A903B303BD03C703E103EB03F403FD03F8
:1093C00006040F04180421042A0434043E0449044A
:1093D00052045B0473047C0485048E04E004E904F5
:1093E000F204FB0415051E05270530054A05530543
:1093F0005C0565057F05880591059A05A305AC0503
:10940000B505BE05C705D005D905E205EB05F40590
:10941000FD0506060F06180621062A0633063E0637
:109420004A065606AE06BA06C606D206DB06E406AD
:10943000ED06FD061707200743075D0781079B0719
:10944000A407BC07D407EC07060854086E08860872
:109450009E08B608CE08E608FE08180932094A092F
:1094600064097E099609B009F809120A2C0A460A0D
:10947000610A7B0A950AB00ACA0AE40AFC0A140BBC
:109480002C0B440B5C0BA20BBA0BD20BEA0B020C9D
:109490001A0C320C4A0C620C7A0C920CAD0CC70CF4
:1094A000E10CFC0C400D5A0D750D8F0DA90DC40D6E
:1094B000DE0DF80D110E1A0E230E2C0E3D0E540E5D
:1094C0006C0E840E9C0EF00E080F200F380F500FFC
:1094D000680F820F9A0FB00FC60FE00FFA0F14102B
:1094E0002E1048108E10A810C210DC10F6101011AB
:1094F00028114011581172118C11A611C011DA11E6
:10950000F41132124A1262127C129412AE12C81274
:10951000E212FC12161330134A1364137E139813CD
:10952000E013FC13081414141F142A1435145214D5
:109530006F148C149814B514C214CF14DC14E914ED
:109540000715251541154E158415A215C015DE15F4
:10955000FC151A163816541660166C1689169516D0
:10956000A116AD16B916C516D116DD16E916F616F2
:10957000031730174E176C177917861792179E1717
:10958000B917D617F31710182D184A18671881182D
:109590009E18DA18F718141931194E196B19881911
:1095A000A519C019DD19FA19151A301A5C1A791A99
:1095B000961AB31ACF1AEE1A0A1B291B481B561B00
:1095C000641B721B801B9F1BBC1BF21B111C2E1CDF
:1095D0004B1C681C851C9F1CB91CD61CF31C101D41
:1095E0002D1D4A1D7A1D971DB41DCF1DEC1D091E92
:1095F000261E431E601E7F1E9E1EBA1ED71EE31E21
:10960000181F261F451F641F721F8F1FAE1FCD1FFF
:10961000EC1F0B202A204920682087209420B020AE
:10962000C820E520002105210A21162125214221FB
:109630004E21662172217E218A219621A221AD210F
:10964000B821C421CF21DB21E721F321FE210A2209
:109650001622332266227E229922B622D122EC22C1
:10966000052322233F235C2379239423AF23CC2398
:1096700010242D244A24652480249B24B424CD2442
:10968000D724F424FD2406250F25182521253B2564
:10969000552560256C257725B225CF25EC25092693
:1096A000262643266026692681269B26B726D226B3
:1096B000EE26F7260F2740275C2777279327AC272E
:1096C000C727CF27D527DE27E727F0270A28132823
:1096D0001C2825283F28482851285A2874287D28E6
:1096E00086288F28A928B228F82801291B2924298F
:1096F0002D2936295029592962296B2985298E2936
:109700009729A029BA29C329CC29D529EF29F829D5
:10971000012A0A2A242A2D2A362A3F2A592A622A6D
:109720006B2AB42ACE2AD72AE02AE92A032B082B4F
:10973000212B292B322B3B2B442B5B2B732B8B2B7D
:10974000A32BBB2BD32BEB2B032C1B2C6E2C882C8D
:10975000A02CB62CCC2CE62C002D1A2D342D4E2D01
:10976000682D822D9C2DB62DD02D162E2E2E462EF8
:109770005E2E782E922EAC2EC62EE02EFA2E122FB2
:109780002A2F422F5C2F742FB82FD22FEC2F0630A8
:1097900020303A3054306E308830A230BF30DB3069
:1097A000E530EF30FA3005311031543171318E31FE
:1097B0009A31B731C431D131DE31EB310932273240
:1097C000433250326A328832A632D432F232103307
:1097D0002E334A33563362337F338B339733A3337D
:1097E000AF33BB33C733D333DF33EC33F933063412
:1097F000243442344F347C3488349434AF34CC3401
:10980000E9340635233540355D3577359435B13546
:10981000CE35EB35243641365E367B369836B33658
:10982000D036ED360837233740375D377A37A637DD
:10983000C237E137FD371C383B384938573865386F
:1098400071389038AD38CC38EB3808393A39573957
:1098500074398E39A839C539E239FF391C3A393A99
:10986000563A733A903AAB3ADA3AF73A143B313B0C
:109870004E3B6D3B8C3BA83BC53BD13BEE3BFA3BA3
:10988000193C383C463C7E3C9D3CBC3CDB3CFA3CB5
:10989000193D383D573D763D833D913DA93DC63D3F
:1098A000E13DE63DF13DFD3D183E353E413E593E30
:1098B000633E6D3E793E853E913E9C3EA73EB33E63
:1098C000BE3ECA3ED63EE03EEB3EF73E033F203F63
:1098D0002C3F443F5F3F7C3FC23FDD3FF63F13409C
:1098E00030404D406A408540A040BD40DA40F740DE
:1098F00014412F416C418741A041B941C341E0412E
:10990000E941F241FB4104420D42274241424C42AF
:10991000584263426E428B42A842C5420E432B43DB
:1099200048435143694383439F43BA43D643DF438C
:10993000F74311442D44484464449844B344B84424
:10994000BD44C644CF44D844F144FA4403450C45D1
:1099500025452E4537454045594562456B4574457B
:109960008D4596459F45A845C145CA45D345DC452B
:10997000F545FE45074652466B4674467D4686468B
:109980009F46A846B146BA46D346DC46E546EE4673
:1099900007471047194722473B4744474D4756471B
:1099A0006F47784781478A47A347AB47F2470B4841
:1099B000144826483F4848484F4855485A485F4849
:1099C00064486C4885488E489748AE48B748BE48BA
:1099D000C748CF48D8481146284610B0BDE8F041E6
:1099E000EEF7D6BBD1E90031374609B18B420DD233
:1099F0001A4612F8010B2A6009B1914206D95F7824
:109A0000023340EA07272B60012600E00026B74812
:109A1000F9F730FA05461EB1B4483946F9F72CFA81
:109A2000D4E9002323B19A4202D3002008F096BD66
:109A300015702268511C21600BB18B42F5D92D1293
:109A40005570236801332360012008F087BDA848C2
:109A5000A849C06B1346012210B0BDE8F041FAF7E7
:109A6000F3B9A348A349006C1346012210B0BDE826
:109A7000F041FAF7E9B99E489F49406C134601222C
:109A800010B0BDE8F041FAF701BA99489949806CE5
:109A90001346012210B0BDE8F041FAF7D5B9944859
:109AA0009449C06C1346012210B0BDE8F041FAF7AA
:109AB000CBB98F488F49006D1346012210B0BDE825
:109AC000F041FAF7C1B98A488A49406D134601222C
:109AD00010B0BDE8F041FAF7B7B985488749806D05
:109AE0001346012210B0BDE8F041FAF7AFB8804844
:109AF0008249C06D1346012210B0BDE8F041FAF76B
:109B0000A5B87B487C49006E1346012210B0BDE821
:109B1000F041FAF7BBB976487649406E1346012208
:109B200010B0BDE8F041FAF78FB9754B08930CAE51
:109B3000744B099308A9744B0A933046FFF7F2FA65
:109B400000238DF81C30DDE90601CDE902548DE8D3
:109B5000030096E80F00FAF733FA08F0FFBC6448F8
:109B60006A49C06E1346012210B0BDE8F041FAF711
:109B70002BB8674967481346012210B0BDE8F04191
:109B8000FAF750B8624964481346012210B0BDE8A4
:109B9000F041FAF747B85E4960481346012210B019
:109BA000BDE8F041FAF73EB859495D481346012235
:109BB00010B0BDE8F041FAF735B855495948134699
:109BC000012210B0BDE8F041FAF72CB850495648D0
:109BD0001346012210B0BDE8F041FAF723B84C4912
:109BE00052481346012210B0BDE8F041FAF71AB806
:109BF0003F484249806F1346012210B0BDE8F04152
:109C0000FAF724B83A483D49C06F1346012210B014
:109C1000BDE8F041FAF71AB835483649D0F8800067
:109C20001346012210B0BDE8F041FAF70DB93249F0
:109C30003F481346012210B0BDE8F041FAF726B9BB
:109C40002D493C481346012210B0BDE8F041FAF717
:109C50001DB9394B08930CAE384B099308A9384B02
:109C60000A933046FFF768FACDE901540023ADF8B6
:109C70000030ADF8183096E80F00FAF7A3F808F0B6
:109C80006DBC1D492F481346012210B0BDE8F041BC
:109C9000FAF7FCB818492C481346012210B0BDE869
:109CA000F041FAF7F3B8144928481346012210B0DE
:109CB000BDE8F041FAF7EAB8254B08930CAE254B06
:109CC000099308A9244B0A933046FFF73FFA002373
:109CD0008DF81C30DDE90601CDE902548DE8030062
:109CE00096E80F00FAF726F908F038BCF8A3002030
:109CF000C0A300207D2E0208852E0208892E0208AE
:109D000028A400208D2E0208952E02089D2E020800
:109D1000A52E020830A4002031A4002032A4002087
:109D200033A4002034A4002035A4002036A4002051
:109D3000BCE60020C0E60020C4E60020A92E0208F0
:109D4000AD2E0208C8E60020CCE60020D0E60020B8
:109D5000D4E60020B12E0208B52E0208C049C14841
:109D60001346012210B0BDE8F041FAF78FB8BC49A4
:109D7000BD481346012210B0BDE8F041FAF786B89D
:109D8000B749BA481346012210B0BDE8F041FAF7CE
:109D90007DB8B74B08930CAEB64B099308A9B64BE8
:109DA0000A933046FFF7D2F900238DF81C30DDE925
:109DB0000601CDE902548DE8030096E80F00FAF79A
:109DC000B9F808F0CBBBA649AC481346012210B045
:109DD000BDE8F041FAF75AB8A149A9481346012253
:109DE00010B0BDE8F041FAF751B89D49A5481346B7
:109DF000012210B0BDE8F041FAF748B8A24B089331
:109E00000CAE9C4B099308A99B4B0A933046FFF775
:109E10009DF900238DF81C30DDE90601CDE90254DF
:109E20008DE8030096E80F00FAF784F808F096BB77
:109E30008B4996481346012210B0BDE8F041FAF76D
:109E400025B8874992481346012210B0BDE8F04179
:109E5000FAF71CB882498F481346012210B0BDE8BA
:109E6000F041FAF713B88C4B08930CAE814B099371
:109E700008A9814B0A933046FFF768F900238DF853
:109E80001C30DDE90601CDE902548DE8030096E8B7
:109E90000F00FAF74FF808F061BB71497F4813468D
:109EA000012210B0BDE8F041F9F7F0BF6C497C48E1
:109EB0001346012210B0BDE8F041F9F7E7BF684949
:109EC00078481346012210B0BDE8F041F9F7DEBF33
:109ED000634975481346012210B0BDE8F041F9F717
:109EE000D5BF5F4971481346012210B0BDE8F0416B
:109EF000F9F7CCBF5A496E481346012210B0BDE8AD
:109F0000F041F9F7C3BF56496A481346012210B021
:109F1000BDE8F041F9F7BABF51496748134601223D
:109F200010B0BDE8F041F9F7B1BF4D4963481346A1
:109F3000012210B0BDE8F041F9F7A8BF48496048D8
:109F40001346012210B0BDE8F041F9F79FBF444924
:109F50005C481346012210B0BDE8F041F9F796BF06
:109F60003F4959481346012210B0BDE8F041F9F7C6
:109F70008DBF3B4955481346012210B0BDE8F04162
:109F8000F9F784BF364952481346012210B0BDE8A4
:109F9000F041F9F77BBF4F494F481346012210B0FB
:109FA000BDE8F041F9F766BE4A494C481346012224
:109FB00010B0BDE8F041F9F75DBE46494848134688
:109FC000012210B0BDE8F041F9F754BE41494548BF
:109FD0001346012210B0BDE8F041F9F74BBE3D49F0
:109FE00041481346012210B0BDE8F041F9F742BEE6
:109FF00038493E481346012210B0BDE8F041F9F758
:10A0000039BE3B481649D0F8D8001346012210B09B
:10A01000BDE8F041F9F73ABF354B1149D3F8D80004
:10A0200013460430012210B0BDE8F041F9F72EBF0D
:10A030002F4B0B49D3F8D80013460830012210B03B
:10A04000BDE8F041F9F722BF29482A49D0F8DC00E1
:10A050001346012210B0BDE8F041F9F7E3BD00BF9F
:10A06000852E0208D8E60020DCE60020E0E600208D
:10A07000E4E60020B12E0208B52E0208E8E6002032
:10A08000ECE60020F0E60020F4E60020F8E60020F0
:10A09000FCE6002000E7002004E7002048A40020A0
:10A0A0004CA4002050A4002054A4002058A4002058
:10A0B00060A400205CA4002064A4002068A4002008
:10A0C0006CA4002070A4002074A4002078A40020B8
:10A0D0007CA40020B92E020880A4002084A40020C3
:10A0E00088A400208CA4002090A4002094A4002028
:10A0F000C0A30020A52E0208B84BB949D3F8DC0054
:10A1000013460430012210B0BDE8F041F9F7BEBE9D
:10A11000B24BB349D3F8DC0013460830012210B02B
:10A12000BDE8F041F9F7B2BEAC4BAD49D3F8DC0065
:10A1300013460C30012210B0BDE8F041F9F7A6BE7D
:10A14000A749A8481346012210B0BDE8F041F9F72D
:10A150009DBEA549A5481346012210B0BDE8F041B7
:10A16000F9F774BD9E49A2481346012210B0BDE81C
:10A17000F041F9F78BBE994AD2F8E430B3F5805F2D
:10A1800036BF02EB83039B4BD3F8FC30C2F8E830B8
:10A19000012008F0E3B9984B08930CAE974B099354
:10A1A00008A9974B0A933046FEF7D0FF00238DF89D
:10A1B0001C30DDE90601CDE902548DE8030096E884
:10A1C0000F00F9F7B7FE08F0C9B98E498E4813465B
:10A1D000012210B0BDE8F041F9F736BED1E90032F6
:10A1E0000AB1934204D213F8016B2B60012700E0FF
:10A1F00000278648F8F762FE05461FB183483146BE
:10A20000F8F75EFED4E900320AB1934206D21D701F
:10A21000236801332360012008F0A0B9002008F072
:10A220009DB97B4B08930CAE7A4B099308A97A4BE6
:10A230000A933046FEF78AFF00238DF81C30DDE9D3
:10A240000601CDE902548DE8030096E80F00F9F706
:10A2500071FE08F083B9D1E900320AB1934204D209
:10A2600013F8018B2B60012601E0B04600266B48F5
:10A27000F8F728FE05461EB168484146F8F724FE67
:10A28000D4E900320AB1934206D21D70236801332B
:10A290002360012008F062B9002008F05FB9604B2C
:10A2A00008930CAE554B099308A9554B0A933046B9
:10A2B000FEF74CFF00238DF81C30DDE90601CDE9E7
:10A2C00002548DE8030096E80F00F9F733FE08F01A
:10A2D00045B9454953481346012210B0BDE8F04145
:10A2E000F9F7B4BC504B08930CAE504B099308A936
:10A2F0004F4B0A933046FEF71FFFCDE90154002370
:10A30000ADF80030ADF8183096E80F00F9F75AFDB7
:10A3100008F024B9474B08930CAE444B099308A9A5
:10A32000434B0A933046FEF707FFCDE90154002363
:10A33000ADF80030ADF8183096E80F00F9F742FD9F
:10A3400008F00CB93C4B08930CAE384B099308A9A4
:10A35000374B0A933046FEF7EFFECDE90154002358
:10A36000ADF80030ADF8183096E80F00F9F72AFD87
:10A3700008F0F4B8314B08930CAE204B099308A9B0
:10A380001F4B0A933046FEF7E1FE00238DF81C3088
:10A39000DDE90601CDE902548DE8030096E80F00DF
:10A3A000F9F7C8FD08F0DAB8254B08930CAE134B4B
:10A3B000099308A9124B0A933046FEF7C7FE002303
:10A3C0008DF81C30DDE90601CDE902548DE803006B
:10A3D00096E80F00F9F7AEFD08F0C0B8C0A3002062
:10A3E000852E0208ACE60020892E0208B0E6002087
:10A3F000ACA400200000C07FA4A40020B12E02085D
:10A40000B52E02087D2E0208A8A40020C8E4002072
:10A41000CCE40020453A0208214C0208D0E4002098
:10A42000B4E6002008E700206DE50020A92E020810
:10A43000AD2E02086EE500206FE5002070E50020DB
:10A4400074E50020BA4B08930CAEBA4B099308A9E7
:10A45000B94B0A933046FEF779FE00238DF81C3085
:10A46000DDE90601CDE902548DE8030096E80F000E
:10A47000F9F760FD08F072B8B04B08930CAEB04B22
:10A48000099308A9AF4B0A933046FEF755FECDE974
:10A4900001540023ADF80030ADF8183096E80F00F5
:10A4A000F9F790FC08F05AB8A74B08930CAEA44BF0
:10A4B000099308A9A34B0A933046FEF73DFECDE968
:10A4C00001540023ADF80030ADF8183096E80F00C5
:10A4D000F9F778FC08F042B89C4B08930CAE9C4B03
:10A4E000099308A99B4B0A933046FEF739FECDE944
:10A4F00001540023ADF80030ADF8183096E80F0095
:10A50000FAF7D6F808F02AB8934B08930CAE904BA4
:10A51000099308A98F4B0A933046FEF721FECDE937
:10A5200001540023ADF80030ADF8183096E80F0064
:10A53000FAF7BEF808F012B8884B08930CAE844BBB
:10A54000099308A9834B0A933046FEF709FECDE92B
:10A5500001540023ADF80030ADF8183096E80F0034
:10A56000FAF7A6F807F0FABF7D4B08930CAE784BCC
:10A57000099308A9774B0A933046FEF7F1FDCDE920
:10A5800001540023ADF80030ADF8183096E80F0004
:10A59000FAF78EF807F0E2BF724B08930CAE724BDD
:10A5A000099308A9714B0A933046FEF7BBFD0023BF
:10A5B0008DF81C30DDE90601CDE902548DE8030079
:10A5C00096E80F00F9F7FCFC07F0C8BF684B08934A
:10A5D0000CAE654B099308A9644B0A933046FEF70D
:10A5E000A1FD00238DF81C30DDE90601CDE9025400
:10A5F0008DE8030096E80F00F9F7E2FC07F0AEBF24
:10A600005C4B08930CAE4E4B099308A94D4B0A9333
:10A610003046FEF791FDCDE901540023ADF800303E
:10A62000ADF8183096E80F00F9F7CCFB07F096BFAD
:10A63000514B08930CAE4C4B099308A94B4B0A9312
:10A640003046FEF76FFD00238DF81C30DDE9060172
:10A65000CDE902548DE8030096E80F00F9F7B0FC4D
:10A6600007F07CBF454B08930CAE3F4B099308A9FC
:10A670003E4B0A933046FEF755FD00238DF81C3003
:10A68000DDE90601CDE902548DE8030096E80F00EC
:10A69000F9F796FC07F062BF394B08930CAE284BD4
:10A6A000099308A9274B0A933046FEF745FDCDE9EB
:10A6B00001540023ADF80030ADF8183096E80F00D3
:10A6C000F9F780FB07F04ABF2E4B08930CAE264BE0
:10A6D000099308A9254B0A933046FEF723FD002372
:10A6E0008DF81C30DDE90601CDE902548DE8030048
:10A6F00096E80F00F9F764FC07F030BF224B08938F
:10A700000CAE194B099308A9184B0A933046FEF773
:10A7100009FD00238DF81C30DDE90601CDE9025466
:10A720008DE8030096E80F00F9F74AFC07F016BF22
:10A7300078E50020B12E0208B52E02087CE5002045
:10A74000A92E0208AD2E02087DE5002081E500203B
:10A75000CD2E0208D12E02087EE500207FE50020E4
:10A7600080E5002084E500208D2E0208952E020849
:10A7700088E500208CE5002090E5002094E500208D
:10A7800098E500209CE50020A0E50020BD4B089343
:10A790000CAEBD4B099308A9BC4B0A933046FEF79B
:10A7A000C1FC00238DF81C30DDE90601CDE902541F
:10A7B0008DE8030096E80F00F9F702FC07F0CEBE23
:10A7C000B34B08930CAEB04B099308A9AF4B0A9357
:10A7D0003046FEF7A7FC00238DF81C30DDE90601AA
:10A7E000CDE902548DE8030096E80F00F9F7E8FB85
:10A7F00007F0B4BEA74B08930CAEA74B099308A96A
:10A80000A64B0A933046FEF7A1FC00238DF81C30BE
:10A81000DDE90601CDE902548DE8030096E80F005A
:10A82000F9F788FB07F09ABE9D4B08930CAE9D4B41
:10A83000099308A99C4B0A933046FEF79BFC002322
:10A840008DF81C30DDE90601CDE902540090ADF829
:10A85000041096E80F00F9F701FD07F07FBE934B57
:10A8600008930CAE884B099308A9884B0A9330468D
:10A87000FEF758FC00238DF81C30DDE90601CDE918
:10A8800002548DE8030096E80F00F9F799FB07F0F2
:10A8900065BE874B08930CAE7B4B099308A97B4B95
:10A8A0000A933046FEF73EFC00238DF81C30DDE9AC
:10A8B0000601CDE902548DE8030096E80F00F9F790
:10A8C0007FFB07F04BBE7B4B08930CAE754B099397
:10A8D00008A9754B0A933046FEF74CFC00238DF80F
:10A8E0001C30DDE90601CDE902540090ADF80410FA
:10A8F00096E80F00F9F7B2FC07F030BE6E4B0893F4
:10A900000CAE614B099308A9604B0A933046FEF7E1
:10A9100009FC00238DF81C30DDE90601CDE9025465
:10A920008DE8030096E80F00F9F74AFB07F016BE22
:10A93000624B08930CAE544B099308A9534B0A93EE
:10A940003046FEF7EFFB00238DF81C30DDE90601F1
:10A95000CDE902548DE8030096E80F00F9F730FBCB
:10A9600007F0FCBD564B08930CAE564B099308A953
:10A97000554B0A933046FEF707FCCDE901540023FE
:10A98000ADF80030ADF8183096E80F00F9F764FD27
:10A9900007F0E4BD4D4B08930CAE4A4B099308A950
:10A9A000494B0A933046FEF7EFFBCDE901540023F3
:10A9B000ADF80030ADF8183096E80F00F9F74CFD0F
:10A9C00007F0CCBD424B08930CAE3E4B099308A94F
:10A9D0003D4B0A933046FEF7D7FBCDE901540023E7
:10A9E000ADF80030ADF8183096E80F00F9F734FDF7
:10A9F00007F0B4BD374B08930CAE324B099308A94E
:10AA0000314B0A933046FEF7BFFBCDE901540023DA
:10AA1000ADF80030ADF8183096E80F00F9F71CFDDE
:10AA200007F09CBD2C4B08930CAE264B099308A94C
:10AA3000254B0A933046FEF7A7FBCDE901540023CE
:10AA4000ADF80030ADF8183096E80F00F9F704FDC6
:10AA500007F084BD214B08930CAE1A4B099308A94B
:10AA6000194B0A933046FEF78FFBCDE901540023C2
:10AA7000ADF80030ADF8183096E80F00F9F7ECFCAF
:10AA800007F06CBDA4E500208D2E0208952E02086B
:10AA9000A8E50020ACE50020B12E0208B52E020882
:10AAA00004E60020D52E0208DD2E020808E600206C
:10AAB0000CE6002010E6002014E6002018E6002036
:10AAC0005DE50020E52E0208E92E02085EE5002083
:10AAD0005FE5002060E5002061E5002062E50020E0
:10AAE000B94B08930CAEB94B099308A9B84B0A931C
:10AAF0003046FEF749FBCDE901540023ADF80030A4
:10AB0000ADF8183096E80F00F9F7A6FC07F026BD5F
:10AB1000B04B08930CAEAD4B099308A9AC4B0A930C
:10AB20003046FEF731FBCDE901540023ADF800308B
:10AB3000ADF8183096E80F00F9F78EFC07F00EBD5F
:10AB4000A54B08930CAEA14B099308A9A04B0A93FF
:10AB50003046FEF719FBCDE901540023ADF8003073
:10AB6000ADF8183096E80F00F9F776FC07F0F6BC60
:10AB70009A4B08930CAE954B099308A9944B0A93F2
:10AB80003046FEF701FBCDE901540023ADF800305B
:10AB9000ADF8183096E80F00F9F75EFC07F0DEBC60
:10ABA0008F4B08930CAE894B099308A9884B0A93E5
:10ABB0003046FEF7E9FACDE901540023ADF8003044
:10ABC000ADF8183096E80F00F9F746FC07F0C6BC60
:10ABD000844B08930CAE7D4B099308A97C4B0A93D8
:10ABE0003046FEF7D1FACDE901540023ADF800302C
:10ABF000ADF8183096E80F00F9F72EFC07F0AEBC60
:10AC0000794B08930CAE714B099308A9704B0A93CA
:10AC10003046FEF7B9FACDE901540023ADF8003013
:10AC2000ADF8183096E80F00F9F716FC07F096BC5F
:10AC30006E4B08930CAE654B099308A9644B0A93BD
:10AC40003046FEF7A1FACDE901540023ADF80030FB
:10AC5000ADF8183096E80F00F9F7FEFB07F07EBC60
:10AC6000634B08930CAE594B099308A9584B0A93B0
:10AC70003046FEF789FACDE901540023ADF80030E3
:10AC8000ADF8183096E80F00F9F7E6FB07F066BC60
:10AC9000584B08930CAE4D4B099308A94C4B0A93A3
:10ACA0003046FEF771FACDE901540023ADF80030CB
:10ACB000ADF8183096E80F00F9F7CEFB07F04EBC60
:10ACC0004D4B08930CAE4D4B099308A94C4B0A937E
:10ACD0003046FEF74FFA00238DF81C30DDE90601FF
:10ACE000CDE902540090ADF8041096E80F00F9F792
:10ACF000B5FA07F033BC434B08930CAE424B0993B3
:10AD000008A9424B0A933046FEF70CFA00238DF84F
:10AD10001C30DDE90601CDE902548DE8030096E818
:10AD20000F00F9F74DF907F019BC394B08930CAE39
:10AD3000354B099308A9354B0A933046FEF7F2F9D3
:10AD400000238DF81C30DDE90601CDE902548DE8C1
:10AD5000030096E80F00F9F733F907F0FFBB2D4B1E
:10AD600008930CAE254B099308A9254B0A9330464E
:10AD7000FEF700FA00238DF81C30DDE90601CDE96D
:10AD800002540090ADF8041096E80F00F9F766FA47
:10AD900007F0E4BB204B08930CAE1B4B099308A9AA
:10ADA0001A4B0A933046FEF7BDF900238DF81C308C
:10ADB000DDE90601CDE902548DE8030096E80F00B5
:10ADC000F9F7FEF807F0CABB63E50020E52E02089C
:10ADD000E92E020864E5002065E5002066E5002014
:10ADE00067E5002068E5002069E500206AE50020AD
:10ADF0006BE500206CE50020B0E50020D52E0208B0
:10AE0000DD2E0208B4E500208D2E0208952E0208E2
:10AE1000B8E50020BCE50020C0E50020B94B089350
:10AE20000CAEB94B099308A9B84B0A933046FEF70C
:10AE300079F900238DF81C30DDE90601CDE90254D3
:10AE40008DE8030096E80F00F9F7BAF807F086BB23
:10AE5000AF4B08930CAEAF4B099308A9AE4B0A93C6
:10AE60003046FEF787F900238DF81C30DDE9060136
:10AE7000CDE902540090ADF8041096E80F00F9F700
:10AE8000EDF907F06BBBA54B08930CAE9E4B0993F5
:10AE900008A99E4B0A933046FEF744F900238DF82B
:10AEA0001C30DDE90601CDE902548DE8030096E887
:10AEB0000F00F9F785F807F051BB994B08930CAEDA
:10AEC000914B099308A9914B0A933046FEF72AF952
:10AED00000238DF81C30DDE90601CDE902548DE830
:10AEE000030096E80F00F9F76BF807F037BB8D4BBE
:10AEF00008930CAE874B099308A9874B0A933046F9
:10AF0000FEF738F900238DF81C30DDE90601CDE9A4
:10AF100002540090ADF8041096E80F00F9F79EF97E
:10AF200007F01CBB804B08930CAE774B099308A924
:10AF3000764B0A933046FEF7F5F800238DF81C3067
:10AF4000DDE90601CDE902548DE8030096E80F0023
:10AF5000F9F736F807F002BB744B08930CAE6A4B56
:10AF6000099308A9694B0A933046FEF7DBF80023E2
:10AF70008DF81C30DDE90601CDE902548DE80300AF
:10AF800096E80F00F9F71CF807F0E8BA684B0C9345
:10AF9000684B0D93684B0E9301238DF83C300023D2
:10AFA0008DF82430CDE90212DDE908018DE80300B7
:10AFB00010AB13E90F00F8F7BFFE07F0CFBA5F49F7
:10AFC0005F481346012210B0BDE8F041F8F73EBEDD
:10AFD0005C495D481346012210B0BDE8F041F8F726
:10AFE00055BF5A495A481346012210B0BDE8F041F6
:10AFF000F8F7A4B9D2E9005313B19D4287F0AD82AE
:10B00000544BD3F87802F7F779FF2870236801339F
:10B010002360FFF7BDB8504B0C93504B0D93504B32
:10B020000E93CDE9011201238DF83C300023ADF8D9
:10B030000030ADF8203010AB13E90F00F9F7FCFA3F
:10B0400007F08CBA474B08930CAE474B099308A9FD
:10B05000464B0A933046FEF76FF8CDE901540023C2
:10B06000ADF80030ADF8183096E80F00F8F7AAFEFA
:10B0700007F074BA3E4B08930CAE3B4B099308A9FA
:10B080003A4B0A933046FEF757F8CDE901540023B6
:10B09000ADF80030ADF8183096E80F00F8F792FEE2
:10B0A00007F05CBA334B08930CAE2F4B099308A9F9
:10B0B0002E4B0A933046FEF73FF8CDE901540023AA
:10B0C000ADF80030ADF8183096E80F00F8F77AFECA
:10B0D00007F044BA284B08930CAE234B099308A9F8
:10B0E000224B0A933046FEF727F8CDE9015400239E
:10B0F000ADF80030ADF8183096E80F00F8F762FEB2
:10B1000007F02CBAC4E500208D2E0208952E020807
:10B11000C8E50020D52E0208DD2E0208CCE500206F
:10B12000D0E50020D4E50020D8E50020DCE50020B3
:10B13000C8120020ED2E0208F12E0208892E020806
:10B14000CC120020852E0208D8120020F52E02080D
:10B15000D012002080100020EC120020012F0208E5
:10B16000052F0208FC120020A92E0208AD2E0208AD
:10B17000901000209110002092100020B84B0893EE
:10B180000CAEB84B099308A9B74B0A933046FDF7AC
:10B19000D3FFCDE901540023ADF80030ADF81830ED
:10B1A00096E80F00F8F70EFE07F0D8B9AF4B0893FA
:10B1B0000CAEAC4B099308A9AB4B0A933046FDF794
:10B1C000BBFFCDE901540023ADF80030ADF81830D5
:10B1D00096E80F00F8F7F6FD07F0C0B9A44B089306
:10B1E0000CAEA04B099308A99F4B0A933046FDF77C
:10B1F000A3FFCDE901540023ADF80030ADF81830BD
:10B2000096E80F00F8F7DEFD07F0A8B9994B089310
:10B210000CAE944B099308A9934B0A933046FDF763
:10B220008BFFCDE901540023ADF80030ADF81830A4
:10B2300096E80F00F8F7C6FD07F090B98E4B08931B
:10B240000CAE884B099308A9874B0A933046FDF74B
:10B2500073FFCDE901540023ADF80030ADF818308C
:10B2600096E80F00F8F7AEFD07F078B9834B089326
:10B270000CAE834B099308A9824B0A933046FDF725
:10B2800051FF00238DF81C30DDE90601CDE90254A1
:10B290008DE8030096E80F00F8F792FE07F05EB91C
:10B2A000794B08930CAE6F4B099308A96E4B0A9328
:10B2B0003046FDF741FFCDE901540023ADF80030E1
:10B2C000ADF8183096E80F00F8F77CFD07F046B9A6
:10B2D0006E4B08930CAE6E4B099308A96D4B0A9305
:10B2E0003046FDF75BFFCDE9015400230093069340
:10B2F00096E80F00F8F7B6FE07F030B9634B0893F5
:10B300000CAE654B099308A9644B0A933046FDF7D0
:10B3100045FFCDE9015400230093069396E80F0002
:10B32000F8F7A0FE07F01AB95D4B08930CAE544B2A
:10B33000099308A9534B0A933046FDF7F3FE002307
:10B340008DF81C30DDE90601CDE902548DE80300DB
:10B3500096E80F00F8F734FE07F000B9514B089358
:10B360000CAE474B099308A9464B0A933046FDF7AC
:10B37000D9FE00238DF81C30DDE90601CDE9025429
:10B380008DE8030096E80F00F8F71AFE07F0E6B81C
:10B39000454B08930CAE3A4B099308A9394B0A93D5
:10B3A0003046FDF7BFFE00238DF81C30DDE90601B5
:10B3B000CDE902548DE8030096E80F00F8F700FE8F
:10B3C00007F0CCB8394B08930CAE2D4B099308A964
:10B3D0002C4B0A933046FDF7A5FE00238DF81C3058
:10B3E000DDE90601CDE902548DE8030096E80F007F
:10B3F000F8F7E6FD07F0B2B82D4B08930CAE204BE2
:10B40000099308A91F4B0A933046FDF78BFE0023D2
:10B410008DF81C30DDE90601CDE902548DE803000A
:10B4200096E80F00F8F7CCFD07F098B8214B089389
:10B430000CAE134B099308A9124B0A933046FDF743
:10B4400071FE00238DF81C30DDE90601CDE90254C0
:10B450008DE8030096E80F00F8F7B2FD07F07EB81C
:10B4600093100020A92E0208AD2E0208941000208F
:10B4700095100020961000209710002098100020B2
:10B480008D2E0208952E02089C100020901000209E
:10B490003D3A02083D4C0208353A0208594C020870
:10B4A000A4100020A8100020AC100020B010002034
:10B4B000B4100020C0100020BE4B08930CAEBE4B51
:10B4C000099308A9BD4B0A933046FDF72BFE0023D4
:10B4D0008DF81C30DDE90601CDE902548DE803004A
:10B4E00096E80F00F8F76CFD07F038B8B44B0893F6
:10B4F0000CAEB14B099308A9B04B0A933046FDF747
:10B5000011FE00238DF81C30DDE90601CDE902545F
:10B510008DE8030096E80F00F8F752FD07F01EB81B
:10B52000A84B08930CAEA44B099308A9A34B0A930C
:10B530003046FDF7F7FD00238DF81C30DDE90601EC
:10B54000CDE902548DE8030096E80F00F8F738FDC6
:10B5500007F004B89C4B08930CAE974B099308A9CD
:10B56000964B0A933046FDF7DDFD00238DF81C3025
:10B57000DDE90601CDE902548DE8030096E80F00ED
:10B58000F8F71EFD06F0EABF904B08930CAE8A4B0D
:10B59000099308A9894B0A933046FDF7C3FD0023A0
:10B5A0008DF81C30DDE90601CDE902548DE8030079
:10B5B00096E80F00F8F704FD06F0D0BF844B08931F
:10B5C0000CAE844B099308A9834B0A933046FDF7D0
:10B5D000B3FDCDE901540023ADF80030ADF81830CB
:10B5E00096E80F00F8F7EEFB06F0B8BF7B4B089328
:10B5F0000CAE784B099308A9774B0A933046FDF7B8
:10B600009BFDCDE901540023ADF80030ADF81830B2
:10B6100096E80F00F8F7D6FB06F0A0BF704B089332
:10B620000CAE6C4B099308A96B4B0A933046FDF79F
:10B6300083FDCDE901540023ADF80030ADF818309A
:10B6400096E80F00F8F7BEFB06F088BF654B08933D
:10B650000CAE594B099308A9584B0A933046FDF795
:10B6600061FD00238DF81C30DDE90601CDE90254AF
:10B670008DE8030096E80F00F8F7A2FC06F06EBF15
:10B68000594B08930CAE4C4B099308A94B4B0A93AA
:10B690003046FDF747FD00238DF81C30DDE906013B
:10B6A000CDE902548DE8030096E80F00F8F788FC16
:10B6B00006F054BF4D4B08930CAE3F4B099308A9BD
:10B6C0003E4B0A933046FDF72DFD00238DF81C30CC
:10B6D000DDE90601CDE902548DE8030096E80F008C
:10B6E000F8F76EFC06F03ABF414B08930CAE324BB4
:10B6F000099308A9314B0A933046FDF713FD002347
:10B700008DF81C30DDE90601CDE902548DE8030017
:10B7100096E80F00F8F754FC06F020BF354B08936D
:10B720000CAE254B099308A9244B0A933046FDF72C
:10B73000F9FC00238DF81C30DDE90601CDE9025447
:10B740008DE8030096E80F00F8F73AFC06F006BF14
:10B75000294B08930CAE184B099308A9174B0A9371
:10B760003046FDF7DFFC00238DF81C30DDE90601D3
:10B77000CDE902548DE8030096E80F00F8F720FCAD
:10B7800006F0ECBE1D4B08930CAE124B099308A9B2
:10B79000114B0A933046FDF7CFFCCDE9015400234D
:10B7A000ADF80030ADF8183096E80F00F8F70AFB56
:10B7B00006F0D4BEC41000208D2E0208952E02087B
:10B7C000C8100020CC100020D0100020D410002081
:10B7D000D8100020A92E0208AD2E0208D910002092
:10B7E000DA100020DC100020E0100020E41000201F
:10B7F000E8100020EC100020F0100020F4100020D1
:10B80000C14B08930CAEC14B099308A9C04B0A93D6
:10B810003046FDF791FCCDE901540023ADF800302E
:10B82000ADF8183096E80F00F8F7CCFA06F096BE9F
:10B83000B84B08930CAEB54B099308A9B44B0A93C7
:10B840003046FDF779FCCDE901540023ADF8003016
:10B85000ADF8183096E80F00F8F7B4FA06F07EBE9F
:10B86000AD4B08930CAEAD4B099308A9AC4B0A93B2
:10B870003046FDF76BFC00238DF81C30DDE9060136
:10B88000CDE902548DE8030096E80F00F8F752FB6B
:10B8900006F064BEA34B08930CAE9C4B099308A919
:10B8A0009B4B0A933046FDF747FCCDE9015400233A
:10B8B000ADF80030ADF8183096E80F00F8F782FACE
:10B8C00006F04CBE984B08930CAE944B099308A914
:10B8D000934B0A933046FDF739FC00238DF81C305A
:10B8E000DDE90601CDE902548DE8030096E80F007A
:10B8F000F8F720FB06F032BE8C4B08930CAE874B5A
:10B90000099308A9864B0A933046FDF71FFC0023D4
:10B910008DF81C30DDE90601CDE902548DE8030005
:10B9200096E80F00F8F706FB06F018BE804B089368
:10B930000CAE7A4B099308A9794B0A933046FDF770
:10B9400005FC00238DF81C30DDE90601CDE9025429
:10B950008DE8030096E80F00F8F7ECFA06F0FEBD5C
:10B96000744B08930CAE6D4B099308A96C4B0A936A
:10B970003046FDF7EBFB00238DF81C30DDE90601B6
:10B98000CDE902548DE8030096E80F00F8F7D2FAEB
:10B9900006F0E4BD684B08930CAE604B099308A910
:10B9A0005F4B0A933046FDF7D1FB00238DF81C3026
:10B9B000DDE90601CDE902548DE8030096E80F00A9
:10B9C000F8F7B8FA06F0CABD5C4B08930CAE534BBF
:10B9D000099308A9524B0A933046FDF7B7FB0023A1
:10B9E0008DF81C30DDE90601CDE902548DE8030035
:10B9F00096E80F00F8F79EFA06F0B0BD504B08939A
:10BA00000CAE464B099308A9454B0A933046FDF707
:10BA10009DFB00238DF81C30DDE90601CDE90254C1
:10BA20008DE8030096E80F00F8F784FA06F096BD5B
:10BA3000444B08930CAE394B099308A9384B0A9331
:10BA40003046FDF783FB00238DF81C30DDE906014D
:10BA5000CDE902548DE8030096E80F00F8F76AFA82
:10BA600006F07CBD384B08930CAE2C4B099308A90B
:10BA70002B4B0A933046FDF769FB00238DF81C30F1
:10BA8000DDE90601CDE902548DE8030096E80F00D8
:10BA9000F8F750FA06F062BD2C4B08930CAE1F4B22
:10BAA000099308A91E4B0A933046FDF74FFB00236C
:10BAB0008DF81C30DDE90601CDE902548DE8030064
:10BAC00096E80F00F8F736FA06F048BD204BD3F899
:10BAD0005831983308930CAE1E4B099308A91E4B9E
:10BAE0000A933046FDF71EFB00238DF81C30DDE97C
:10BAF0000601CDE902548DE8030096E80F00F8F73F
:10BB00005FFA06F02BBD00BFF5100020A92E020839
:10BB1000AD2E0208F6100020F8100020B12E020809
:10BB2000B52E0208FC100020001100200411002096
:10BB3000081100200C110020101100201411002009
:10BB4000181100201C1100202011002024110020B9
:10BB5000801000208D2E0208952E0208C34BD3F8CA
:10BB6000583190330C93C24B0D93C24B0E93CDE9D9
:10BB7000041201238DF83C3000238DF8283008ABE7
:10BB80000FCB8DE80F0010AB13E90F00F7F798FF0C
:10BB900006F0E4BCB54BB849D3F8580113469C30C5
:10BBA000012210B0BDE8F041F8F750B8AF4BB249F0
:10BBB000D3F8580113469E30012210B0BDE8F04181
:10BBC000F8F744B8A948AD49D0F858011346012206
:10BBD00010B0BDE8F041F8F737B9A448A849D0F84B
:10BBE00058011346012210B0BDE8F041F8F72CB916
:10BBF0009E48A449D0F858011346012210B0BDE870
:10BC0000F041F8F721B9994BD3F85831B033089384
:10BC10000CAE9D4B099308A99C4B0A933046FDF747
:10BC200081FA00238DF81C30DDE90601CDE90254CC
:10BC30008DE8030096E80F00F8F7C2F906F08EBC15
:10BC40008A4BD3F85831B43308930CAE8E4B09931A
:10BC500008A98E4B0A933046FDF764FA00238DF84D
:10BC60001C30DDE90601CDE902548DE8030096E8B9
:10BC70000F00F8F7A5F906F071BC7C4BD3F85831EA
:10BC8000B83308930CAE804B099308A97F4B0A93F5
:10BC90003046FDF747FA00238DF81C30DDE9060138
:10BCA000CDE902548DE8030096E80F00F8F788F913
:10BCB00006F054BC6D4B7649D3F858011346C0309A
:10BCC000012210B0BDE8F041F8F7BEB8674BD3F8D9
:10BCD0005831C43308930CAE6B4B099308A96B4BD6
:10BCE0000A933046FDF71EFA00238DF81C30DDE97B
:10BCF0000601CDE902548DE8030096E80F00F8F73D
:10BD00005FF906F02BBC594B6149D3F85801134633
:10BD100000F5B870012210B0BDE8F041F8F794B812
:10BD2000524B5B49D3F85801134600F5BA70012213
:10BD300010B0BDE8F041F8F787B84C4B5449D3F840
:10BD40005801134600F5BC70012210B0BDE8F04167
:10BD5000F8F77AB8454B4E49D3F85831586913462D
:10BD60001030012210B0BDE8F041F8F76DB83F4B3C
:10BD7000D3F858315B692C3308930CAE424B0993CE
:10BD800008A9424B0A933046FDF7CCF900238DF801
:10BD90001C30DDE90601CDE902548DE8030096E888
:10BDA0000F00F8F70DF906F0D9BB304BD3F8583136
:10BDB0005B69303308930CAE334B099308A9334BBE
:10BDC0000A933046FDF7AEF900238DF81C30DDE90B
:10BDD0000601CDE902548DE8030096E80F00F8F75C
:10BDE000EFF806F0BBBB214BD3F858315B69343315
:10BDF00008930CAE274B099308A9274B0A933046AA
:10BE0000FDF79AF9CDE901540023ADF80030ADF803
:10BE1000183096E80F00F7F7D5FF06F09FBB134BDD
:10BE20001B49D3F85831986913461030012210B0DD
:10BE3000BDE8F041F8F708B80C4BD3F858319B69CE
:10BE40002C3308930CAE154B099308A9144B0A9395
:10BE50003046FDF7A3F9CDE9015400230093069382
:10BE600096E80F00F8F7FEF806F078BB8010002087
:10BE7000092F0208112F0208892E020839920208A0
:10BE80001D920208FD9102088D2E0208952E0208CF
:10BE90007D2E0208A92E0208AD2E02082D3A0208B6
:10BEA000714C0208C54BD3F858319B692C33089369
:10BEB0000CAEC34B099308A9C24B0A933046FDF759
:10BEC00031F900238DF81C30DDE90601CDE902547B
:10BED0008DE8030096E80F00F8F772F806F03EBB15
:10BEE000B64BD3F858319B69303308930CAEB44B42
:10BEF000099308A9B34B0A933046FDF713F90023C1
:10BF00008DF81C30DDE90601CDE902548DE803000F
:10BF100096E80F00F8F754F806F020BBA74BD3F8CB
:10BF200058319B69343308930CAEA54B099308A98B
:10BF3000A44B0A933046FDF7F5F800238DF81C302A
:10BF4000DDE90601CDE902548DE8030096E80F0013
:10BF5000F8F736F806F002BB984BD3F858319B69D6
:10BF6000383308930CAE964B099308A9954B0A9366
:10BF70003046FDF7D7F800238DF81C30DDE90601C7
:10BF8000CDE902548DE8030096E80F00F8F718F8A1
:10BF900006F0E4BA894BD3F858319B6940330893D3
:10BFA0000CAE874B099308A9864B0A933046FDF7E0
:10BFB000B9F800238DF81C30DDE90601CDE9025403
:10BFC0008DE8030096E80F00F7F7FAFF06F0C6BA0F
:10BFD0007A4BD3F858319B69443308930CAE784BB5
:10BFE000099308A9774B0A933046FDF79BF8002385
:10BFF0008DF81C30DDE90601CDE902548DE803001F
:10C0000096E80F00F7F7DCFF06F0A8BA6B4BD3F801
:10C0100058319B69483308930CAE6B4B099308A9C0
:10C020006A4B0A933046FDF787F8CDE901540023A7
:10C03000ADF80030ADF8183096E80F00F7F7C2FE03
:10C0400006F08CBA5D4B6249D3F858011346C830EC
:10C05000012210B0BDE8F041F7F7F6BE574B5D493D
:10C06000D3F858011346C830012210B0BDE8F041A2
:10C07000F7F7EABE514BD3F85831DC3308930CAED6
:10C080004F4B099308A94F4B0A933046FDF74AF8E6
:10C0900000238DF81C30DDE90601CDE902548DE85E
:10C0A000030096E80F00F7F78BFF06F057BA434BF3
:10C0B0004949D3F858011346C830012210B0BDE8F1
:10C0C000F041F7F7C1BE3D4B4449D3F85801134640
:10C0D000C830012210B0BDE8F041F7F7B5BE374BCC
:10C0E0003F49D3F858011346C830012210B0BDE8CB
:10C0F000F041F7F7A9BE314B3A49D3F8580113463E
:10C10000C830012210B0BDE8F041F7F79DBE2B4BBF
:10C110003549D3F858011346C830012210B0BDE8A4
:10C12000F041F7F791BE254B3049D3F8580113463B
:10C13000C830012210B0BDE8F041F7F785BE1F4BB3
:10C140002B49D3F858011346C830012210B0BDE87E
:10C15000F041F7F779BE194B2649D3F85801134639
:10C16000C830012210B0BDE8F041F7F76DBE134BA7
:10C170002149D3F85801134600F5AA70012210B0E6
:10C18000BDE8F041F7F760BE0C4B1B49D3F85801EE
:10C19000134600F5AC70012210B0BDE8F041F7F78E
:10C1A00053BE064B1449D3F85801134600F5B67038
:10C1B000012210B0BDE8F041F7F746BE8010002024
:10C1C0008D2E0208952E0208A92E0208AD2E020817
:10C1D000599302083D9302081D9302080193020837
:10C1E000E1920208C5920208253A0208093A0208BB
:10C1F000A5920208899202087D2E0208C54BD3F849
:10C20000583103F5AE7308930CAEC34B099308A9DC
:10C21000C24B0A933046FCF785FF00238DF81C3093
:10C22000DDE90601CDE902548DE8030096E80F0030
:10C23000F7F7C6FE06F092B9B64BD3F8583103F5BE
:10C24000B07308930CAEB44B099308A9B34B0A938F
:10C250003046FCF767FF00238DF81C30DDE906014E
:10C26000CDE902548DE8030096E80F00F7F7A8FE29
:10C2700006F074B9A74BAA49D3F85801134600F544
:10C28000B270012210B0BDE8F041F7F7DDBDA14B5F
:10C29000A349D3F85801134600F5B470012210B039
:10C2A000BDE8F041F7F7D0BD9A4B9E49D3F858014D
:10C2B00013468830012210B0BDE8F041F7F7E6BD23
:10C2C000944B9849D3F8580113468C30012210B092
:10C2D000BDE8F041F7F7DABD8E4BD3F858311C3387
:10C2E00008930CAE904B099308A9904B0A933046E3
:10C2F000FCF722FFCDE901540023ADF80030ADF882
:10C30000183096E80F00F7F75DFD06F027B9814B6E
:10C31000D3F85831203308930CAE854B099308A904
:10C32000844B0A933046FDF719F800238DF81C3032
:10C33000DDE90601CDE902548DE8030096E80F001F
:10C34000F7F7B4FC06F00AB9724BD3F8583124332E
:10C3500008930CAE704B099308A9704B0A933046B2
:10C36000FCF7E0FE00238DF81C30DDE90601CDE985
:10C3700002548DE8030096E80F00F7F721FE06F05F
:10C38000EDB8644BD3F85831283308930CAE624BA8
:10C39000099308A9614B0A933046FCF7C3FE0023BA
:10C3A0008DF81C30DDE90601CDE902548DE803006B
:10C3B00096E80F00F7F704FE06F0D0B8554BD3F817
:10C3C00058311C3308930CAE5B4B099308A95B4BA7
:10C3D0000A933046FCF7A6FE00238DF81C30DDE9F9
:10C3E0000601CDE902548DE8030096E80F00F7F747
:10C3F000E7FD06F0B3B8474BD3F858311C33089328
:10C400000CAE4F4B099308A94E4B0A933046FCF7EC
:10C4100089FE00238DF81C30DDE90601CDE90254C8
:10C420008DE8030096E80F00F7F7CAFD06F096B80E
:10C43000384BD3F85831343308930CAE364B09934C
:10C4400008A9364B0A933046FCF76CFE00238DF8A2
:10C450001C30DDE90601CDE902548DE8030096E8C1
:10C460000F00F7F7ADFD06F079B82A4BD3F8583135
:10C4700038330C93344B0D93344B0E93CDE90112AA
:10C4800001238DF83C300023ADF80030ADF82030AA
:10C4900010AB13E90F00F8F757F806F05FB81D4B23
:10C4A000D3F858313C3308930CAE1B4B099308A9C1
:10C4B0001A4B0A933046FCF735FE00238DF81C30EA
:10C4C000DDE90601CDE902548DE8030096E80F008E
:10C4D000F7F776FD06F042B80E4BD3F858314033EB
:10C4E00008930CAE0C4B099308A90C4B0A933046E9
:10C4F000FCF718FE00238DF81C30DDE90601CDE9BC
:10C5000002548DE8030096E80F00F7F759FD06F096
:10C5100025B800BF801000208D2E0208952E02083D
:10C520007D2E0208852E0208ED390208954C02087E
:10C53000192F02081D2F0208E5390208B14C020824
:10C54000D9390208C94C0208212F0208252F0208F8
:10C55000B94BD3F85831443308930CAEB74B099319
:10C5600008A9B74B0A933046FCF7DCFD00238DF891
:10C570001C30DDE90601CDE902548DE8030096E8A0
:10C580000F00F7F71DFD05F0E9BFAB4BD3F85831AD
:10C59000503308930CAEA94B099308A9A84B0A93F2
:10C5A0003046FCF7BFFD00238DF81C30DDE90601A5
:10C5B000CDE902548DE8030096E80F00F7F700FD7F
:10C5C00005F0CCBF9C4BD3F85831543308930CAED4
:10C5D0009A4B099308A99A4B0A933046FCF7A2FD9F
:10C5E00000238DF81C30DDE90601CDE902548DE809
:10C5F000030096E80F00F7F7E3FC05F0AFBF8E4BA2
:10C60000D3F85831483308930CAE8C4B099308A9E2
:10C610008B4B0A933046FCF785FD00238DF81C30C8
:10C62000DDE90601CDE902548DE8030096E80F002C
:10C63000F7F7C6FC05F092BF7F4BD3F858311C3397
:10C6400008930CAE7F4B099308A97F4B0A933046A1
:10C65000FCF768FD00238DF81C30DDE90601CDE90B
:10C6600002548DE8030096E80F00F7F7A9FC05F0E7
:10C6700075BF714BD3F85831583308930CAE6F4BDC
:10C68000099308A96E4B0A933046FCF74BFD002333
:10C690008DF81C30DDE90601CDE902548DE8030078
:10C6A00096E80F00F7F78CFC05F058BF624BD3F803
:10C6B00058315C3308930CAE604B099308A9604B6A
:10C6C0000A933046FCF72EFD00238DF81C30DDE97F
:10C6D0000601CDE902548DE8030096E80F00F7F754
:10C6E0006FFC05F03BBF544BD3F8583160330893CF
:10C6F0000CAE564B099308A9554B0A933046FCF7EC
:10C700001BFDCDE901540023ADF80030ADF8183021
:10C7100096E80F00F7F756FB05F020BF464BD3F81D
:10C720005831643308930CAE444B099308A9444B29
:10C730000A933046FCF7F6FC00238DF81C30DDE947
:10C740000601CDE902548DE8030096E80F00F7F7E3
:10C7500037FC05F003BF384BD3F8583168330893E2
:10C760000CAE364B099308A9354B0A933046FCF7BB
:10C77000D9FC00238DF81C30DDE90601CDE9025417
:10C780008DE8030096E80F00F7F71AFC05F0E6BE07
:10C79000294BD3F858316C3308930CAE2B4B0993CB
:10C7A00008A92B4B0A933046FCF7C6FCCDE901548F
:10C7B0000023ADF80030ADF8183096E80F00F7F719
:10C7C00001FB05F0CBBE1C4BD3F858316D330893F9
:10C7D0000CAE1E4B099308A91D4B0A933046FCF77B
:10C7E000ABFCCDE901540023ADF80030ADF81830B2
:10C7F00096E80F00F7F7E6FA05F0B0BE0E4BD3F857
:10C800005831703308930CAE0C4B099308A90C4BAC
:10C810000A933046FCF786FC00238DF81C30DDE9D6
:10C820000601CDE902548DE8030096E80F00F7F702
:10C83000C7FB05F093BE00BF801000208D2E0208BC
:10C84000952E0208CD390208E14C0208A92E0208F3
:10C85000AD2E0208BF4BD3F85831743308930CAE99
:10C86000BD4B099308A9BD4B0A933046FCF75AFC0F
:10C8700000238DF81C30DDE90601CDE902548DE876
:10C88000030096E80F00F7F79BFB05F067BEB14B7E
:10C89000D3F85831783308930CAEAF4B099308A9FD
:10C8A000AE4B0A933046FCF73DFC00238DF81C305C
:10C8B000DDE90601CDE902548DE8030096E80F009A
:10C8C000F7F77EFB05F04ABEA24BD3F858317C3314
:10C8D00008930CAEA04B099308A9A04B0A933046CD
:10C8E000FCF720FC00238DF81C30DDE90601CDE9C2
:10C8F00002548DE8030096E80F00F7F761FB05F09E
:10C900002DBE944BD3F8003103F563531C330C93C5
:10C91000934B0D93934B0E93CDE9011201238DF8A8
:10C920003C300023ADF80030ADF8203010AB13E9F7
:10C930000F00F7F755FD05F011BE864BD3F8003117
:10C9400003F56353203308930CAE834B099308A976
:10C95000824B0A933046FCF7E5FB00238DF81C3030
:10C96000DDE90601CDE902548DE8030096E80F00E9
:10C97000F7F726FB05F0F2BD764BD3F800310893AC
:10C980000CAE794B099308A9784B0A933046FCF713
:10C99000C9FB00238DF81C30DDE90601CDE9025406
:10C9A0008DE8030096E80F00F7F70AFB05F0D6BD07
:10C9B000684BD3F8003103F56453183308930CAE79
:10C9C000654B099308A9654B0A933046FCF7AAFB0F
:10C9D00000238DF81C30DDE90601CDE902548DE815
:10C9E000030096E80F00F7F7EBFA05F0B7BD594BD7
:10C9F000D3F8003103F564531C3308930CAE564B47
:10CA0000099308A9554B0A933046FCF78BFB00238A
:10CA10008DF81C30DDE90601CDE902548DE80300F4
:10CA200096E80F00F7F7CCFA05F098BD494B50494E
:10CA3000D3F8000100F5645013460430012210B011
:10CA4000BDE8F041F7F700BA424B4949D3F800017D
:10CA500000F5645013460830012210B0BDE8F041E3
:10CA6000F7F7F2B93B4B4249D3F8000100F56450A7
:10CA700013461030012210B0BDE8F041F7F7E4B9D9
:10CA8000344B3C49D3F8000100F5645013463D3067
:10CA9000012210B0BDE8F041F7F7D8B82D4BD3F81C
:10CAA000003103F564530C3308930CAE2A4B099301
:10CAB00008A92A4B0A933046FCF734FB00238DF873
:10CAC0001C30DDE90601CDE902548DE8030096E84B
:10CAD0000F00F7F775FA05F041BD1E4BD3F8003192
:10CAE00003F564533E3308930CAE234B099308A916
:10CAF000224B0A933046FCF71FFBCDE9015400237B
:10CB0000ADF80030ADF8183096E80F00F7F75AF995
:10CB100005F024BD0F4BD3F8003103F564533833CF
:10CB200008930CAE0C4B099308A90C4B0A933046A2
:10CB3000FCF7F8FA00238DF81C30DDE90601CDE999
:10CB400002548DE8030096E80F00F7F739FA05F074
:10CB500005BD00BF801000208D2E0208952E020812
:10CB6000292F02082D2F0208C1390208054D02089D
:10CB70007D2E0208892E0208A92E0208AD2E020879
:10CB8000BA4BD3F8003103F562532C3308930CAE43
:10CB9000B74B099308A9B74B0A933046FCF7C2FA82
:10CBA00000238DF81C30DDE90601CDE902548DE843
:10CBB000030096E80F00F7F703FA05F0CFBCAB4B84
:10CBC000D3F8003103F56253313308930CAEAA4B0E
:10CBD000099308A9A94B0A933046FCF7ADFACDE9B1
:10CBE00001540023ADF80030ADF8183096E80F007E
:10CBF000F7F7E8F805F0B2BC9C4BD3F8003103F529
:10CC00006253333308930CAE9B4B099308A99B4B9B
:10CC10000A933046FCF790FACDE901540023ADF8B1
:10CC20000030ADF8183096E80F00F7F7CBF805F0B4
:10CC300095BC8E4BD3F8003103F562533033089323
:10CC40000CAE8D4B099308A98C4B0A933046FCF728
:10CC500073FACDE901540023ADF80030ADF8183077
:10CC600096E80F00F7F7AEF805F078BC7F4BD3F8E5
:10CC7000003103F56253323308930CAE7E4B0993B7
:10CC800008A97E4B0A933046FCF756FACDE90154C9
:10CC90000023ADF80030ADF8183096E80F00F7F734
:10CCA00091F805F05BBC714BD3F8003118330C934D
:10CCB000734B0D93734B0E93CDE9011201238DF845
:10CCC0003C300023ADF80030ADF8203010AB13E954
:10CCD0000F00F7F7FDFB05F041BC644BD3F80031C2
:10CCE00019330C93684B0D93684B0E93CDE90112E9
:10CCF00001238DF83C300023ADF80030ADF8203032
:10CD000010AB13E90F00F7F75BFC05F027BC574B9E
:10CD1000D3F800311C3308930CAE554B099308A986
:10CD2000544B0A933046FCF7FDF900238DF81C3074
:10CD3000DDE90601CDE902548DE8030096E80F0015
:10CD4000F7F73EF905F00ABC484BD3F80031203321
:10CD500008930CAE464B099308A9464B0A933046FC
:10CD6000FCF7E0F900238DF81C30DDE90601CDE980
:10CD700002548DE8030096E80F00F7F721F905F05B
:10CD8000EDBB3A4BD3F80031243308930CAE384B4B
:10CD9000099308A9374B0A933046FCF7C3F90023DF
:10CDA0008DF81C30DDE90601CDE902548DE8030061
:10CDB00096E80F00F7F704F905F0D0BB2B4BD3F83A
:10CDC0000031303308930CAE294B099308A9294B45
:10CDD0000A933046FCF7A6F900238DF81C30DDE9F4
:10CDE0000601CDE902548DE8030096E80F00F7F73D
:10CDF000E7F805F0B3BB1D4BD3F800312833089397
:10CE00000CAE1B4B099308A91A4B0A933046FCF74A
:10CE100089F900238DF81C30DDE90601CDE90254C3
:10CE20008DE8030096E80F00F7F7CAF805F096BB07
:10CE30000E4BD3F800312C3308930CAE0C4B0993F6
:10CE400008A90C4B0A933046FCF76CF900238DF8C7
:10CE50001C30DDE90601CDE902548DE8030096E8B7
:10CE60000F00F7F7ADF805F079BB00BF8010002088
:10CE70008D2E0208952E0208A92E0208AD2E02085A
:10CE8000B1390208214D0208312F0208352F02085E
:10CE9000C24BD3F80031343308930CAEC04B099326
:10CEA00008A9C04B0A933046FCF73CF900238DF8E3
:10CEB0001C30DDE90601CDE902548DE8030096E857
:10CEC0000F00F7F77DF805F049BBB44BD3F80031FC
:10CED000383308930CAEB24B099308A9B14B0A93AF
:10CEE0003046FCF71FF900238DF81C30DDE9060100
:10CEF000CDE902548DE8030096E80F00F7F760F8DB
:10CF000005F02CBBA54BD3F800313C3308930CAE95
:10CF1000A54B099308A9A54B0A933046FCF70CF9D9
:10CF2000CDE901540023ADF80030ADF8183096E893
:10CF30000F00F6F747FF05F011BB984BD3F800310F
:10CF4000403308930CAE964B099308A9954B0A936E
:10CF50003046FCF7E7F800238DF81C30DDE90601C8
:10CF6000CDE902548DE8030096E80F00F7F728F8A2
:10CF700005F0F4BA894BD3F80031183308930CAE9E
:10CF80008B4B099308A98B4B0A933046FCF7E6F9C3
:10CF900000238DF81C30DDE90601CDE902548DE84F
:10CFA000030096E80F00F6F781FE05F0D7BA7B4B39
:10CFB000D3F80031503308930CAE794B099308A98C
:10CFC000784B0A933046FCF7ADF800238DF81C30FF
:10CFD000DDE90601CDE902548DE8030096E80F0073
:10CFE000F6F7EEFF05F0BABA6C4BD3F800314833D0
:10CFF00008930CAE6A4B099308A96A4B0A93304612
:10D00000FCF790F800238DF81C30DDE90601CDE92E
:10D0100002548DE8030096E80F00F6F7D1FF05F003
:10D020009DBA5E4BD3F8003103F562533433089355
:10D030000CAE614B099308A9604B0A933046FCF78C
:10D0400097F9CDE901540023ADF80030ADF8183060
:10D0500096E80F00F7F788F905F080BA4F4BD3F840
:10D06000003103F56253383308930CAE4C4B0993EF
:10D0700008A94C4B0A933046FCF754F800238DF86E
:10D080001C30DDE90601CDE902548DE8030096E885
:10D090000F00F6F795FF05F061BA404BD3F8003169
:10D0A00003F562533C3308930CAE3D4B099308A93A
:10D0B0003C4B0A933046FCF735F800238DF81C30C2
:10D0C000DDE90601CDE902548DE8030096E80F0082
:10D0D000F6F776FF05F042BA304BD3F8003103F58E
:10D0E000635308930CAE344B099308A9334B0A934E
:10D0F0003046FCF73DF9CDE901540023ADF800308E
:10D10000ADF8183096E80F00F7F72EF905F026BABB
:10D11000224BD3F80031183308930CAE284B0993F7
:10D1200008A9284B0A933046FBF7FCFF00238DF833
:10D130001C30DDE90601CDE902548DE8030096E8D4
:10D140000F00F6F73DFF05F009BA144B1E49D3F85E
:10D15000000113465430012210B0BDE8F041F6F74B
:10D1600095BE0E4BD3F8003103F562531833089384
:10D170000CAE0D4B099308A90C4B0A933046FBF7F4
:10D18000DBFFCDE901540023ADF80030ADF81830D5
:10D1900096E80F00F6F716FE05F0E0B980100020C3
:10D1A0008D2E0208952E0208A92E0208AD2E020827
:10D1B000A9390208394D0208392F02083D2F02080B
:10D1C000A1390208594D0208852E0208C44BC549F1
:10D1D000D3F8000100F5625013461930012210B057
:10D1E000BDE8F041F6F732BDBD4BD3F8003103F591
:10D1F00062531C3308930CAEBB4B099308A9BB4B7D
:10D200000A933046FBF78EFF00238DF81C30DDE9D2
:10D210000601CDE902548DE8030096E80F00F6F709
:10D22000CFFE05F09BB9AE4BD3F8003103F5625346
:10D23000203308930CAEAC4B099308A9AB4B0A936F
:10D240003046FBF76FFF00238DF81C30DDE9060147
:10D25000CDE902548DE8030096E80F00F6F7B0FE22
:10D2600005F07CB99E4BA249D3F8000100F562504D
:10D2700013462430012210B0BDE8F041F6F7E4BDBA
:10D28000974BD3F8003103F56253283308930CAE63
:10D29000984B099308A9984B0A933046FBF74CFF2B
:10D2A000CDE901540023ADF80030ADF8183096E810
:10D2B0000F00F6F787FD05F051B9894BD3F800311F
:10D2C00003F56353043308930CAE874B099308A905
:10D2D000864B0A933046FBF725FF00238DF81C3060
:10D2E000DDE90601CDE902548DE8030096E80F0060
:10D2F000F6F766FE05F032B9794BD3F8003103F545
:10D300006353083308930CAE774B099308A9774B06
:10D310000A933046FBF706FF00238DF81C30DDE949
:10D320000601CDE902548DE8030096E80F00F6F7F8
:10D3300047FE05F013B96A4BD3F8003103F5635388
:10D34000103308930CAE684B099308A9674B0A93F6
:10D350003046FBF7E7FE00238DF81C30DDE90601BF
:10D36000CDE902548DE8030096E80F00F6F728FE99
:10D3700005F0F4B85A4BD3F8003103F563530C337E
:10D3800008930CAE584B099308A9584B0A933046A2
:10D39000FBF7C8FE00238DF81C30DDE90601CDE95E
:10D3A00002548DE8030096E80F00F6F709FE05F039
:10D3B000D5B84B4BD3F8003103F5645328330893A9
:10D3C0000CAE494B099308A9484B0A933046FBF72A
:10D3D000A9FE00238DF81C30DDE90601CDE90254D9
:10D3E0008DE8030096E80F00F6F7EAFD05F0B6B801
:10D3F0003B4BD3F8003103F564532C3308930CAE48
:10D40000394B099308A9394B0A933046FBF78AFE3A
:10D4100000238DF81C30DDE90601CDE902548DE8CA
:10D42000030096E80F00F6F7CBFD05F097B82C4BFC
:10D43000D3F8003103F56453303308930CAE2A4B14
:10D44000099308A9294B0A933046FBF76BFE00238A
:10D450008DF81C30DDE90601CDE902548DE80300AA
:10D4600096E80F00F6F7ACFD05F078B81C4BD3F842
:10D47000003103F56453343308930CAE1A4B09930F
:10D4800008A91A4B0A933046FBF74CFE00238DF88F
:10D490001C30DDE90601CDE902548DE8030096E871
:10D4A0000F00F6F78DFD05F059B80D4B1049D3F874
:10D4B0000001134600F56550012210B0BDE8F041AF
:10D4C000F6F7C2BC064B0A49D3F8000100F56550D7
:10D4D00013460430012210B0BDE8F041F6F7B4BCA9
:10D4E00080100020892E02088D2E0208952E020839
:10D4F0007D2E0208A92E0208AD2E0208C74BD3F8D4
:10D50000000143680C930121037A8DF820308DF8D7
:10D510002110BDF820308DF83410ADF800300195A1
:10D52000DDE90C23F6F790FA05F018B8BB4BD3F8F9
:10D530000031043308930CAEB94B099308A9B94BD9
:10D540000A933046FBF7EEFD00238DF81C30DDE931
:10D550000601CDE902548DE8030096E80F00F6F7C6
:10D560002FFD04F0FBBFAD4BD3F800310833089317
:10D570000CAEAD4B099308A9AC4B0A933046FBF7B0
:10D58000DBFDCDE901540023ADF80030ADF81830D3
:10D5900096E80F00F6F716FC04F0E0BF9F4BD3F8B7
:10D5A000000100F0CDBE9D4BD3F8004103F0DFBC7D
:10D5B0009A4B9F49D3F8000113460C30012210B05A
:10D5C000BDE8F041F6F740BC944BD3F80001CDE93B
:10D5D000011200F114030093012302691946F6F7C2
:10D5E00071FC04F0BBBF8D4BD3F8003110330893AE
:10D5F0000CAE904B099308A98F4B0A933046FBF76A
:10D60000A5FD00238DF81C30DDE90601CDE90254AB
:10D610008DE8030096E80F00F6F78CFC04F09EBF3F
:10D620007E4B8349D3F8000113461430012210B019
:10D63000BDE8F041F6F708BC784BD3F8AC308C333A
:10D640000C937E4B0D937E4B0E93CDE9011201237B
:10D650008DF83C3000230093089310AB13E90F00C2
:10D66000F6F754FD04F07ABF6C4B7649D3F8AC0062
:10D6700013468F30012210B0BDE8F041F6F7E6BA4C
:10D68000664B7049D3F8AC0013468E30012210B0BF
:10D69000BDE8F041F6F7DABA604B6B49D3F8AC005D
:10D6A00013469030012210B0BDE8F041F6F7E2BA1F
:10D6B0005A4B6549D3F8AC0013469430012210B0A0
:10D6C000BDE8F041F6F7D6BA544B5949D3F8AC004F
:10D6D00013469830012210B0BDE8F041F6F7B4BB14
:10D6E0004E485A49D0F8AC001346012210B0BDE8AC
:10D6F000F041F6F7A9BB49485549D0F8AC001346AC
:10D70000012210B0BDE8F041F6F79EBB434B4849FB
:10D71000D3F8AC001346AC30012210B0BDE8F041A4
:10D72000F6F792BB3D484B49D0F8AC0013460122B6
:10D7300010B0BDE8F041F6F787BB384B3C49D3F851
:10D74000AC001346B030012210B0BDE8F041F6F74E
:10D750007BBB324B3649D3F8AC001346B4300122C0
:10D7600010B0BDE8F041F6F76FBB2C4B3A49D3F847
:10D77000AC001346F230012210B0BDE8F041F6F7DC
:10D7800051BA26483549D0F8AC001346012210B0F2
:10D79000BDE8F041F6F758BB204B2549D3F8AC0063
:10D7A0001346B830012210B0BDE8F041F6F74CBB8B
:10D7B0001A4B1F49D3F8AC001346C430012210B0F5
:10D7C000BDE8F041F6F740BB144BD3F8AC30C8339A
:10D7D00008930CAE224B099308A9224B0A933046BA
:10D7E000FBF7BCFD00238DF81C30DDE90601CDE917
:10D7F00002548DE8030096E80F00F6F757FA04F09C
:10D80000ADBE064B0A49D3F8AC001346CC3001221A
:10D8100010B0BDE8F041F6F717BB00BF8010002044
:10D820008D2E0208952E0208A92E0208AD2E0208A0
:10D830007D2E0208B12E0208B52E0208412F0208E3
:10D84000452F0208892E0208B92E020895390208D0
:10D85000893902087D390208A52E020871390208AB
:10D86000192F02081D2F0208C14BD3F8AC303433F6
:10D870000C93C04B0D93C04B0E93CDE901120123C5
:10D880008DF83C3000230093089310AB13E90F0090
:10D89000F6F790FC04F062BEB54BD3F8AC303433ED
:10D8A00008930CAEB54B099308A9B54B0A933046C3
:10D8B000FBF742FCCDE901540023ADF80030ADF890
:10D8C000183096E80F00F6F77DFA04F047BEA84B33
:10D8D000D3F8AC30543308930CAEAA4B099308A983
:10D8E000A94B0A933046FBF71DFC00238DF81C3032
:10D8F000DDE90601CDE902548DE8030096E80F004A
:10D90000F6F75EFB04F02ABE994BD3F8AC306033D7
:10D9100008930CAE9D4B099308A99D4B0A93304682
:10D92000FBF70AFCCDE901540023ADF80030ADF857
:10D93000183096E80F00F6F745FA04F00FBE8C4B4E
:10D94000D3F8AC30343308930CAE924B099308A94A
:10D95000914B0A933046FBF7EFFBCDE901540023CE
:10D96000ADF80030ADF8183096E80F00F6F72AFA57
:10D9700004F0F4BD7E4BD3F8AC30343308930CAED6
:10D98000864B099308A9864B0A933046FBF706FCA1
:10D99000CDE9015400230093069396E80F00F6F7B3
:10D9A00061FB04F0DBBD724BD3F8AC30503308930D
:10D9B0000CAE7C4B099308A97B4B0A933046FBF7CE
:10D9C000CDFC00238DF81C30DDE90601CDE90254C1
:10D9D0008DE8030096E80F00F6F768F904F0BEBD85
:10D9E000634BD3F8AC30483308930CAE6D4B0993BE
:10D9F00008A96D4B0A933046FBF7B0FC00238DF865
:10DA00001C30DDE90601CDE902548DE8030096E8FB
:10DA10000F00F6F74BF904F0A1BD554BD3F8AC302D
:10DA20004C3308930CAE574B099308A9564B0A93F5
:10DA30003046FBF777FB00238DF81C30DDE906014B
:10DA4000CDE902548DE8030096E80F00F6F7B8FA26
:10DA500004F084BD464BD3F8AC305C3308930CAE75
:10DA6000504B099308A9504B0A933046FBF776FCBC
:10DA700000238DF81C30DDE90601CDE902548DE864
:10DA8000030096E80F00F6F711F904F067BD384B74
:10DA9000D3F8AC30343308930CAE444B099308A947
:10DAA000434B0A933046FBF747FBCDE90154002373
:10DAB000ADF80030ADF8183096E80F00F6F782F9AF
:10DAC00004F04CBD2A4BD3F8AC30613308930CAE54
:10DAD0002E4B099308A92E4B0A933046FBF72CFBDB
:10DAE000CDE901540023ADF80030ADF8183096E8C8
:10DAF0000F00F6F767F904F031BD1D4BD3F8AC30D9
:10DB0000343308930CAE2B4B099308A92A4B0A9384
:10DB10003046FBF707FB00238DF81C30DDE90601DA
:10DB2000CDE902548DE8030096E80F00F6F748FAB5
:10DB300004F014BD0E4BD3F8AC30383308930CAE60
:10DB4000104B099308A9104B0A933046FBF7EAFAE9
:10DB500000238DF81C30DDE90601CDE902548DE883
:10DB6000030096E80F00F6F72BFA04F0F7BC00BFAD
:10DB700080100020492F02084D2F02086539020845
:10DB8000754D02088D2E0208952E0208A92E020856
:10DB9000AD2E020859390208954D02084D39020888
:10DBA000B14D0208192F02081D2F02084139020841
:10DBB000CD4D020835390208E94D0208B84BD3F8BB
:10DBC000AC303C3308930CAEB64B099308A9B64B66
:10DBD0000A933046FBF7A6FA00238DF81C30DDE9E6
:10DBE0000601CDE902548DE8030096E80F00F6F730
:10DBF000E7F904F0B3BCAA4BD3F8AC304033089338
:10DC00000CAEA84B099308A9A74B0A933046FBF723
:10DC100089FA00238DF81C30DDE90601CDE90254B4
:10DC20008DE8030096E80F00F6F7CAF904F096BCF9
:10DC30009B4BD3F8AC30633308930CAE9B4B0993EA
:10DC400008A99B4B0A933046FBF776FACDE90154BD
:10DC50000023ADF80030ADF8183096E80F00F6F765
:10DC6000B1F804F07BBC8E4BD3F8AC30643308932E
:10DC70000CAE904B099308A98F4B0A933046FBF7E3
:10DC800077FBCDE901540023ADF80030ADF8183032
:10DC900096E80F00F6F768FB04F060BC804BD3F801
:10DCA000AC30653308930CAE804B099308A9804BC8
:10DCB0000A933046FBF740FACDE901540023ADF852
:10DCC0000030ADF8183096E80F00F6F77BF804F056
:10DCD00045BC734BD3F8AC30823308930CAE774B12
:10DCE000099308A9764B0A933046FBF757FACDE91A
:10DCF000015400230093069396E80F00F6F7B2F95B
:10DD000004F02CBC664BD3F8AC30843308930CAED3
:10DD10006A4B099308A96A4B0A933046FBF73EFA0F
:10DD2000CDE9015400230093069396E80F00F6F71F
:10DD300099F904F013BC5A4BD3F8AC000A46416879
:10DD400010B0BDE8F041F6F779B8554BD3F8AC30D8
:10DD5000043308930CAE5B4B099308A95A4B0A9302
:10DD60003046FBF7FBFA00238DF81C30DDE9060195
:10DD7000CDE902548DE8030096E80F00F5F796FF11
:10DD800004F0ECBB514952481346012210B0BDE8E3
:10DD9000F041F6F759B84F494F481346012210B0E9
:10DDA000BDE8F041F6F750B848494C481346012207
:10DDB00010B0BDE8F041F6F747B849494648134668
:10DDC000012210B0BDE8F041F6F73EB8454942489F
:10DDD0001346012210B0BDE8F041F6F735B8424BCA
:10DDE00008930CAE2F4B099308A92F4B0A9330468A
:10DDF000FBF798F900238DF81C30DDE90601CDE929
:10DE000002548DE8030096E80F00F6F7D9F804F005
:10DE1000A5BB234BD3F8FC3010330C93334B0D933D
:10DE2000334B0E93CDE9011201238DF83C300023D2
:10DE3000ADF80030ADF8203010AB13E90F00F6F765
:10DE400073FC04F08BBB16482A49D0F8FC0013463B
:10DE5000012210B0BDE8F041F5F7F6BF104B1B49A9
:10DE6000D3F8FC0013461430012210B0BDE8F04195
:10DE7000F5F7EABF0A482049D0F8FC001346012212
:10DE800010B0BDE8F041F5F7DFBF05481B49D0F8F9
:10DE9000FC001346012210B0BDE8F041F5F7D4BFF5
:10DEA000801000208D2E0208952E0208A92E02084F
:10DEB000AD2E0208392F02083D2F0208512F02080B
:10DEC000552F0208192F02081D2F02087D2E020867
:10DED0005C11002029390208301100206011002057
:10DEE0001D3902081139020834110020592F020887
:10DEF0005D2F020805390208F9380208ED380208DA
:10DF0000BB4BD3F8FC30043308930CAEB94B0993E8
:10DF100008A9B94B0A933046FBF704F900238DF8A2
:10DF20001C30DDE90601CDE902548DE8030096E8D6
:10DF30000F00F6F745F804F011BBAD4BD3F8FC30F9
:10DF4000083308930CAEAB4B099308A9AA4B0A936C
:10DF50003046FBF7E7F800238DF81C30DDE90601B9
:10DF6000CDE902548DE8030096E80F00F6F728F893
:10DF700004F0F4BA9E4BD3F8FC300C3308930CAE8B
:10DF80009C4B099308A99C4B0A933046FBF7CAF8AF
:10DF900000238DF81C30DDE90601CDE902548DE83F
:10DFA000030096E80F00F6F70BF804F0D7BA904B91
:10DFB000D3F85C31043308930CAE8E4B099308A957
:10DFC0008D4B0A933046FBF7ADF800238DF81C30DB
:10DFD000DDE90601CDE902548DE8030096E80F0063
:10DFE000F5F7EEFF04F0BABA814BD3F85C31083391
:10DFF00008930CAE7F4B099308A97F4B0A933046D8
:10E00000FBF790F800238DF81C30DDE90601CDE91F
:10E0100002548DE8030096E80F00F5F7D1FF04F0F5
:10E020009DBA734BD3F85C310C3308930CAE714B33
:10E03000099308A9704B0A933046FBF773F8002345
:10E040008DF81C30DDE90601CDE902548DE80300AE
:10E0500096E80F00F5F7B4FF04F080BA644BD3F8EC
:10E0600060311146187DF6F7D3FC04F077BA604BA7
:10E07000D3F8603108930CAE604B099308A9604B4C
:10E080000A933046FBF78AF8CDE901540023009348
:10E09000069396E80F00F5F7E5FF04F05FBA544BDE
:10E0A000D3F8603108930CAE564B099308A9564B30
:10E0B0000A933046FBF740F8CDE901540023ADF850
:10E0C0000030ADF8183096E80F00F5F77BFE04F04D
:10E0D00045BA474BD3F8603108930CAE454B0993D2
:10E0E00008A9454B0A933046FBF71CF800238DF82E
:10E0F0001C30DDE90601CDE902548DE8030096E805
:10E100000F00F5F75DFF04F029BA394BD3F8603101
:10E110000B3308930CAE3D4B099308A93C4B0A9373
:10E120003046FBF709F8CDE901540023ADF8003083
:10E13000ADF8183096E80F00F5F744FE04F00EBA7B
:10E140002B4BD3F8603108930CAE324B099308A9DE
:10E15000314B0A933046FAF7F9FF00238DF81C3053
:10E16000DDE90601CDE902548DE8030096E80F00D1
:10E17000F5F7E0FE04F0F2B91D4BD3F86431114617
:10E18000187DF6F745FC04F0E9B9194BD3F8643172
:10E1900008930CAE194B099308A9194B0A93304602
:10E1A000FAF7FCFFCDE9015400230093069396E8AB
:10E1B0000F00F5F757FF04F0D1B90D4BD3F86431D8
:10E1C00008930CAE0F4B099308A90F4B0A933046E6
:10E1D000FAF7B2FFCDE901540023ADF80030ADF8F5
:10E1E000183096E80F00F5F7EDFD04F0B7B900BF61
:10E1F000801000208D2E0208952E0208E1380208BA
:10E20000FD4D0208D9380208154E0208A92E020851
:10E21000AD2E0208D13802082D4E0208BD4BD3F8AE
:10E22000643108930CAEBC4B099308A9BB4B0A930D
:10E230003046FAF777FF00238DF81C30DDE9060140
:10E24000CDE902548DE8030096E80F00F5F7B8FE1B
:10E2500004F084B9AF4BD3F864310B3308930CAEA0
:10E26000AF4B099308A9AF4B0A933046FAF764FF06
:10E27000CDE901540023ADF80030ADF8183096E830
:10E280000F00F5F79FFD04F069B9A24BD3F8643194
:10E2900008930CAEA44B099308A9A44B0A933046EB
:10E2A000FAF754FF00238DF81C30DDE90601CDE9B3
:10E2B00002548DE8030096E80F00F5F73BFE04F0EA
:10E2C0004DB9944BD3F86831043308930CAE984B96
:10E2D000099308A9974B0A933046FAF75FFFCDE9F7
:10E2E000015400230093069396E80F00F5F7BAFE59
:10E2F00004F034B9874BD3F86831063308930CAE79
:10E30000874B099308A9874B0A933046FAF714FF05
:10E31000CDE901540023ADF80030ADF8183096E88F
:10E320000F00F5F74FFD04F019B97A4BD3F86801E7
:10E3300003681B689847FBF72BBF764BD3F868013F
:10E3400003685B68F6E77C497C481346012210B0FD
:10E35000BDE8F041F5F79ABD7749794813460122A7
:10E3600010B0BDE8F041F5F791BD7349754813460B
:10E37000012210B0BDE8F041F5F788BD724B08935B
:10E380000CAE724B099308A9714B0A933046FAF709
:10E39000DDFE00238DF81C30DDE90601CDE90254D5
:10E3A0008DE8030096E80F00F5F7C4FD04F0D6B839
:10E3B000614968481346012210B0BDE8F041F5F705
:10E3C00065BD5D4964481346012210B0BDE8F041C7
:10E3D000F5F75CBD584961481346012210B0BDE80D
:10E3E000F041F5F753BD5E4B08930CAE574B0993C4
:10E3F00008A9574B0A933046FAF7A8FE00238DF878
:10E400001C30DDE90601CDE902548DE8030096E8F1
:10E410000F00F5F78FFD04F0A1B8474951481346A6
:10E42000012210B0BDE8F041F5F730BD42494E4839
:10E430001346012210B0BDE8F041F5F727BD3E4973
:10E440004A481346012210B0BDE8F041F5F71EBD61
:10E45000474B08930CAE3D4B099308A93C4B0A93DC
:10E460003046FAF773FE00238DF81C30DDE9060113
:10E47000CDE902548DE8030096E80F00F5F75AFD48
:10E4800004F06CB82C493B481346012210B0BDE89B
:10E49000F041F5F7FBBC284937481346012210B07C
:10E4A000BDE8F041F5F7F2BC234934481346012298
:10E4B00010B0BDE8F041F5F7E9BC314B08930CAE64
:10E4C000224B099308A9224B0A933046FAF73EFEE5
:10E4D00000238DF81C30DDE90601CDE902548DE8FA
:10E4E000030096E80F00F5F725FD04F037B8124950
:10E4F00024481346012210B0BDE8F041F5F7C6BC30
:10E500000D4921481346012210B0BDE8F041F5F74E
:10E51000BDBC00BF801000208D2E0208952E020881
:10E52000A92E0208AD2E0208D13802082D4E02088D
:10E53000C9380208414E0208852E0208EC1100205D
:10E54000F0110020F4110020F8110020B12E020873
:10E55000B52E0208FC110020001200200412002039
:10E56000081200200C1200201012002014120020AB
:10E57000181200201C12002020120020241200205B
:10E58000281200202C12002030120020BD49BE4865
:10E590001346012210B0BDE8F041F5F777BCBB4B44
:10E5A00008930CAEBA4B099308A9BA4B0A933046AC
:10E5B000FAF7CCFD00238DF81C30DDE90601CDE92A
:10E5C00002548DE8030096E80F00F5F7B3FC03F062
:10E5D000C5BFAC49B0481346012210B0BDE8F041B8
:10E5E000F5F754BCA749AD481346012210B0BDE869
:10E5F000F041F5F74BBCA349A9481346012210B0DE
:10E60000BDE8F041F5F742BCA64B08930CAEA04B19
:10E61000099308A99F4B0A933046FAF797FD002308
:10E620008DF81C30DDE90601CDE902548DE80300C8
:10E6300096E80F00F5F77EFC03F090BF91499A48E9
:10E640001346012210B0BDE8F041F5F71FBC8D491B
:10E6500096481346012210B0BDE8F041F5F716BC0C
:10E66000884993481346012210B0BDE8F041F5F700
:10E670000DBC904B08930CAE854B099308A9854BB4
:10E680000A933046FAF762FD00238DF81C30DDE96D
:10E690000601CDE902548DE8030096E80F00F5F776
:10E6A00049FC03F05BBF774983481346012210B051
:10E6B000BDE8F041F5F7EABB7249804813460122F4
:10E6C00010B0BDE8F041F5F7E1BB6E497C48134658
:10E6D000012210B0BDE8F041F5F7D8BB794B0893A3
:10E6E0000CAE6B4B099308A96A4B0A933046FAF7B4
:10E6F0002DFD00238DF81C30DDE90601CDE9025423
:10E700008DE8030096E80F00F5F714FC03F026BF30
:10E710005C496D481346012210B0BDE8F041F5F7A1
:10E72000B5BB584969481346012210B0BDE8F04115
:10E73000F5F7ACBB534966481346012210B0BDE85B
:10E74000F041F5F7A3BB634B08930CAE504B099314
:10E7500008A9504B0A933046FAF7F8FC00238DF8CD
:10E760001C30DDE90601CDE902548DE8030096E88E
:10E770000F00F5F7DFFB03F0F1BE424956481346A0
:10E78000012210B0BDE8F041F5F780BB3D49534888
:10E790001346012210B0BDE8F041F5F777BB3949C7
:10E7A0004F481346012210B0BDE8F041F5F76EBBAB
:10E7B0004C4B08930CAE364B099308A9354B0A9382
:10E7C0003046FAF7C3FC00238DF81C30DDE9060162
:10E7D000CDE902548DE8030096E80F00F5F7AAFB97
:10E7E00003F0BCBE274940481346012210B0BDE8E3
:10E7F000F041F5F74BBB23493C481346012210B0CA
:10E80000BDE8F041F5F742BB1E49394813460122E5
:10E8100010B0BDE8F041F5F739BB364B08930CAEAC
:10E820001B4B099308A91B4B0A933046FAF78EFC41
:10E8300000238DF81C30DDE90601CDE902548DE896
:10E84000030096E80F00F5F775FB03F087BE0D494E
:10E8500029481346012210B0BDE8F041F5F716BB78
:10E86000084926481346012210B0BDE8F041F5F7EB
:10E870000DBB044922481346012210B0BDE8F04107
:10E88000F5F704BB852E0208341200203812002050
:10E89000B12E0208B52E02083C12002040120020C2
:10E8A00044120020481200204C1200205012002078
:10E8B00054120020581200205C1200206012002028
:10E8C00064120020681200206C12002070120020D8
:10E8D00074120020781200207C1200208012002088
:10E8E00084120020881200208C1200209012002038
:10E8F00094120020981200209C120020A0120020E8
:10E90000A4120020BF4B08930CAEBF4B099308A97B
:10E91000BE4B0A933046FAF719FC00238DF81C30E1
:10E92000DDE90601CDE902548DE8030096E80F0009
:10E93000F5F700FB03F012BEB549B64813460122B5
:10E9400010B0BDE8F041F5F7A1BAB149B24813469D
:10E95000012210B0BDE8F041F5F798BAAC49AF48D4
:10E960001346012210B0BDE8F041F5F78FBAAC4B69
:10E9700008930CAEA44B099308A9A44B0A93304604
:10E98000FAF7E4FB00238DF81C30DDE90601CDE940
:10E9900002548DE8030096E80F00F5F7CBFA03F078
:10E9A000DDBDA048EAF7CEFCFBF7F2BB9E4B0C9313
:10E9B0009E4B0D939E4B0E9301238DF83C3000230C
:10E9C0008DF82430CDE90212DDE908018DE803005D
:10E9D00010AB13E90F00F5F7AFF903F0BFBD914B92
:10E9E000114693F8FC04F6F713F803F0B7BD884915
:10E9F00090481346012210B0BDE8F041F5F746BA41
:10EA00008D498E481346012210B0BDE8F041F4F75D
:10EA100095BC844BD3F8283511461878FAF794F84A
:10EA200003F09CBD864B0C93864B0D93864B0E9347
:10EA3000CDE9011201238DF83C300023ADF8003000
:10EA4000ADF8203010AB13E90F00F5F7F5FD03F03A
:10EA500085BD7E4B08930CAE7D4B099308A97D4B79
:10EA60000A933046FAF768FBCDE901540023ADF86C
:10EA70000030ADF8183096E80F00F5F7A3F903F071
:10EA80006DBD754B08930CAE714B099308A9714B82
:10EA90000A933046FAF750FBCDE901540023ADF854
:10EAA0000030ADF8183096E80F00F5F78BF903F059
:10EAB00055BD6A4B08930CAE654B099308A9654B8D
:10EAC0000A933046FAF738FBCDE901540023ADF83C
:10EAD0000030ADF8183096E80F00F5F773F903F041
:10EAE0003DBD5F4B08930CAE594B099308A9594B98
:10EAF0000A933046FAF720FBCDE901540023ADF824
:10EB00000030ADF8183096E80F00F5F75BF903F028
:10EB100025BD544B08930CAE4D4B099308A94D4BA2
:10EB20000A933046FAF708FBCDE901540023ADF80B
:10EB30000030ADF8183096E80F00F5F743F903F010
:10EB40000DBD494B08930CAE414B099308A9414BAD
:10EB50000A933046FAF7F0FACDE901540023ADF8F4
:10EB60000030ADF8183096E80F00F5F72BF903F0F8
:10EB7000F5BC3E4B08930CAE354B099308A9354BB9
:10EB80000A933046FAF7D8FACDE901540023ADF8DC
:10EB90000030ADF8183096E80F00F5F713F903F0E0
:10EBA000DDBC334B08930CAE294B099308A9294BC4
:10EBB0000A933046FAF7C0FACDE901540023ADF8C4
:10EBC0000030ADF8183096E80F00F5F7FBF803F0C9
:10EBD000C5BC284B08930CAE1D4B099308A91D4BCF
:10EBE0000A933046FAF7A8FACDE901540023ADF8AC
:10EBF0000030ADF8183096E80F00F5F7E3F803F0B1
:10EC0000ADBC00BFA8120020B12E0208B52E02082C
:10EC1000852E0208AC120020B0120020B412002091
:10EC2000B81200208010002078150020ED2E020878
:10EC3000F12E020888150020F52E0208801500200C
:10EC40009C150020012F0208052F0208AC1500209A
:10EC5000A92E0208AD2E0208401300204113002007
:10EC600042130020431300204413002045130020CA
:10EC70004613002047130020BD4B08930CAEBD4B3C
:10EC8000099308A9BC4B0A933046FAF74BFA0023C4
:10EC90008DF81C30DDE90601CDE902548DE8030052
:10ECA00096E80F00F5F78CF903F058BCB34B0893C6
:10ECB0000CAEB34B099308A9B24B0A933046FAF74E
:10ECC0003BFACDE901540023ADF80030ADF818301F
:10ECD00096E80F00F5F776F803F040BCAA4B0893CE
:10ECE0000CAEAA4B099308A9A94B0A933046FAF730
:10ECF00055FACDE9015400230093069396E80F00DE
:10ED0000F5F7B0F903F02ABC9F4B08930CAEA14B6A
:10ED1000099308A9A04B0A933046FAF73FFACDE9C8
:10ED2000015400230093069396E80F00F5F79AF933
:10ED300003F014BC994B08930CAE8E4B099308A9B1
:10ED40008D4B0A933046FAF7EDF900238DF81C300D
:10ED5000DDE90601CDE902548DE8030096E80F00D5
:10ED6000F5F72EF903F0FABB8D4B08930CAE814BEF
:10ED7000099308A9804B0A933046FAF7D3F9002388
:10ED80008DF81C30DDE90601CDE902548DE8030061
:10ED900096E80F00F5F714F903F0E0BB814B0893F8
:10EDA0000CAE744B099308A9734B0A933046FAF7DB
:10EDB000B9F900238DF81C30DDE90601CDE90254D4
:10EDC0008DE8030096E80F00F5F7FAF803F0C6BBEC
:10EDD000754B08930CAE674B099308A9664B0A93D1
:10EDE0003046FAF79FF900238DF81C30DDE9060163
:10EDF000CDE902548DE8030096E80F00F5F7E0F83E
:10EE000003F0ACBB694B08930CAE5A4B099308A9AD
:10EE1000594B0A933046FAF785F900238DF81C30D8
:10EE2000DDE90601CDE902548DE8030096E80F0004
:10EE3000F5F7C6F803F092BB5D4B08930CAE4D4B53
:10EE4000099308A94C4B0A933046FAF76BF9002353
:10EE50008DF81C30DDE90601CDE902548DE8030090
:10EE600096E80F00F5F7ACF803F078BB514B089328
:10EE70000CAE404B099308A93F4B0A933046FAF772
:10EE800051F900238DF81C30DDE90601CDE902546B
:10EE90008DE8030096E80F00F5F792F803F05EBBEB
:10EEA000454B08930CAE334B099308A9324B0A9398
:10EEB0003046FAF737F900238DF81C30DDE90601FA
:10EEC000CDE902548DE8030096E80F00F5F778F8D5
:10EED00003F044BB394B08930CAE264B099308A9A9
:10EEE000254B0A933046FAF71DF900238DF81C30A4
:10EEF000DDE90601CDE902548DE8030096E80F0034
:10EF0000F5F75EF803F02ABB2D4B08930CAE194BB6
:10EF1000099308A9184B0A933046FAF703F900231E
:10EF20008DF81C30DDE90601CDE902548DE80300BF
:10EF300096E80F00F5F744F803F010BB214B089357
:10EF40000CAE0C4B099308A90B4B0A933046FAF709
:10EF5000E9F800238DF81C30DDE90601CDE9025403
:10EF60008DE8030096E80F00F5F72AF803F0F6BAEB
:10EF7000481300208D2E0208952E02084C13002005
:10EF8000A92E0208AD2E0208401300203D3A0208C7
:10EF90003D4C0208353A0208594C0208541300202F
:10EFA000581300205C13002060130020641300201D
:10EFB0007013002074130020781300207C130020AD
:10EFC0008013002084130020BB4B08930CAEBB4B76
:10EFD000099308A9BA4B0A933046FAF7ADF8CDE980
:10EFE00001540023ADF80030ADF8183096E80F005A
:10EFF000F4F7E8FE03F0B2BAB24B08930CAEAF4B95
:10F00000099308A9AE4B0A933046FAF795F8CDE973
:10F0100001540023ADF80030ADF8183096E80F0029
:10F02000F4F7D0FE03F09ABAA74B08930CAEA34BAB
:10F03000099308A9A24B0A933046FAF77DF8CDE967
:10F0400001540023ADF80030ADF8183096E80F00F9
:10F05000F4F7B8FE03F082BA9C4B08930CAE9C4BBD
:10F06000099308A99B4B0A933046FAF75BF80023F3
:10F070008DF81C30DDE90601CDE902548DE803006E
:10F0800096E80F00F4F79CFF03F068BA924B0893E0
:10F090000CAE8F4B099308A98E4B0A933046FAF7B2
:10F0A00041F800238DF81C30DDE90601CDE902545A
:10F0B0008DE8030096E80F00F4F782FF03F04EBAE4
:10F0C000864B08930CAE824B099308A9814B0A9397
:10F0D0003046FAF727F800238DF81C30DDE90601E9
:10F0E000CDE902548DE8030096E80F00F4F768FFBD
:10F0F00003F034BA7A4B08930CAE754B099308A908
:10F10000744B0A933046FAF70DF800238DF81C3043
:10F11000DDE90601CDE902548DE8030096E80F0011
:10F12000F4F74EFF03F01ABA6E4B08930CAE684B1F
:10F13000099308A9674B0A933046F9F7F3FF0023B8
:10F140008DF81C30DDE90601CDE902548DE803009D
:10F1500096E80F00F4F734FF03F000BA624B08930F
:10F160000CAE5B4B099308A95A4B0A933046F9F74A
:10F17000D9FF00238DF81C30DDE90601CDE90254EA
:10F180008DE8030096E80F00F4F71AFF03F0E6B9E4
:10F19000564B08930CAE494B099308A9484B0A9368
:10F1A0003046F9F7C9FFCDE901540023ADF800302E
:10F1B000ADF8183096E80F00F4F704FE03F0CEB96E
:10F1C0004B4B08930CAE3D4B099308A93C4B0A935B
:10F1D0003046F9F7B1FFCDE901540023ADF8003016
:10F1E000ADF8183096E80F00F4F7ECFD03F0B6B96F
:10F1F000404B08930CAE314B099308A9304B0A934E
:10F200003046F9F799FFCDE901540023ADF80030FD
:10F21000ADF8183096E80F00F4F7D4FD03F09EB96E
:10F22000354B08930CAE354B099308A9344B0A9320
:10F230003046F9F78BFF00238DF81C30DDE906011D
:10F24000CDE902548DE8030096E80F00F4F772FE52
:10F2500003F084B92B4B08930CAE184B099308A903
:10F26000174B0A933046F9F767FFCDE901540023A5
:10F27000ADF80030ADF8183096E80F00F4F7A2FDB5
:10F2800003F06CB9204B08930CAE1C4B099308A9F2
:10F290001B4B0A933046F9F759FF00238DF81C30B9
:10F2A000DDE90601CDE902548DE8030096E80F0080
:10F2B000F4F740FE03F052B988130020A92E02088B
:10F2C000AD2E0208891300208A1300208C13002021
:10F2D0008D2E0208952E0208901300209413002012
:10F2E000981300209C130020A0130020A4130020DA
:10F2F000A5130020A6130020A8130020B12E020899
:10F30000B52E0208AC130020B0130020BA4B0893AE
:10F310000CAEBA4B099308A9B94B0A933046F9F7DA
:10F3200015FF00238DF81C30DDE90601CDE90254FC
:10F330008DE8030096E80F00F4F7FCFD03F00EB92A
:10F34000B04B08930CAEAD4B099308A9AC4B0A9394
:10F350003046F9F7FBFE00238DF81C30DDE906018D
:10F36000CDE902548DE8030096E80F00F4F7E2FDC2
:10F3700003F0F4B8A44B08930CAEA04B099308A972
:10F380009F4B0A933046F9F7E1FE00238DF81C30BD
:10F39000DDE90601CDE902548DE8030096E80F008F
:10F3A000F4F7C8FD03F0DAB8984B08930CAE934B12
:10F3B000099308A9924B0A933046F9F7C7FE002338
:10F3C0008DF81C30DDE90601CDE902548DE803001B
:10F3D00096E80F00F4F7AEFD03F0C0B88C4B08932D
:10F3E0000CAE864B099308A9854B0A933046F9F772
:10F3F000ADFE00238DF81C30DDE90601CDE9025495
:10F400008DE8030096E80F00F4F794FD03F0A6B82A
:10F41000804B08930CAE794B099308A9784B0A935B
:10F420003046F9F793FE00238DF81C30DDE9060124
:10F43000CDE902548DE8030096E80F00F4F77AFD59
:10F4400003F08CB8744B08930CAE6C4B099308A96D
:10F450006B4B0A933046F9F779FE00238DF81C3088
:10F46000DDE90601CDE902548DE8030096E80F00BE
:10F47000F4F760FD03F072B8684B08930CAE5F4B75
:10F48000099308A95E4B0A933046F9F75FFE002303
:10F490008DF81C30DDE90601CDE902548DE803004A
:10F4A00096E80F00F4F746FD03F058B85C4B08935C
:10F4B0000CAE524B099308A9514B0A933046F9F709
:10F4C00045FE00238DF81C30DDE90601CDE902542C
:10F4D0008DE8030096E80F00F4F72CFD03F03EB82A
:10F4E000504BD3F80834983308930CAE4E4B099325
:10F4F00008A94E4B0A933046F9F714FE00238DF805
:10F500001C30DDE90601CDE902548DE8030096E8E0
:10F510000F00F4F755FD03F021B8424BD3F808343F
:10F5200090330C93424B0D93424B0E93CDE9041252
:10F5300001238DF83C3000238DF8283008AB0FCB29
:10F540008DE80F0010AB13E90F00F4F7B9FA03F0E0
:10F5500005B8344BD3F80834114693F89C00F5F7FE
:10F5600057FA02F0FBBF2F4BD3F80834114693F83B
:10F570009E00F5F74DFA02F0F1BF2A482E49D0F867
:10F5800008041346012210B0BDE8F041F4F75CBC5A
:10F5900024482A49D0F808041346012210B0BDE8D7
:10F5A000F041F4F751BC1F482549D0F80804134630
:10F5B000012210B0BDE8F041F4F746BC194BD3F876
:10F5C0000834B03308930CAE174B099308A9174BB6
:10F5D0000A933046F9F7A6FD00238DF81C30DDE9CB
:10F5E0000601CDE902548DE8030096E80F00F4F718
:10F5F000E7FC02F0B3BF00BFB4130020B12E020835
:10F60000B52E0208B8130020BC130020C013002040
:10F61000C4130020C8130020CC130020D0130020F6
:10F62000D4130020801000208D2E0208952E020891
:10F63000092F0208112F0208399202081D920208B0
:10F64000FD910208B74BD3F80834B43308930CAEDD
:10F65000B54B099308A9B54B0A933046F9F762FDFB
:10F6600000238DF81C30DDE90601CDE902548DE858
:10F67000030096E80F00F4F7A3FC02F06FBFA94B5C
:10F68000D3F80834B83308930CAEA74B099308A9F4
:10F69000A64B0A933046F9F745FD00238DF81C3040
:10F6A000DDE90601CDE902548DE8030096E80F007C
:10F6B000F4F786FC02F052BF9A4B9D49D3F8080438
:10F6C0001346C030012210B0BDE8F041F4F7BCBBD6
:10F6D000944BD3F80834C43308930CAE924B09937F
:10F6E00008A9924B0A933046F9F71CFD00238DF8C8
:10F6F0001C30DDE90601CDE902548DE8030096E8EF
:10F700000F00F4F75DFC02F029BF864B8849D3F85F
:10F710000804134600F5B870012210B0BDE8F041AE
:10F72000F4F792BB7F4B8249D3F80804134600F5E7
:10F73000BA70012210B0BDE8F041F4F785BB794BF7
:10F740007B49D3F80804134600F5BC70012210B0C1
:10F75000BDE8F041F4F778BB724B7549D3F8083433
:10F76000586913461030012210B0BDE8F041F4F79B
:10F770006BBB6C4BD3F808345B692C3308930CAE2D
:10F78000694B099308A9694B0A933046F9F7CAFCFB
:10F7900000238DF81C30DDE90601CDE902548DE827
:10F7A000030096E80F00F4F70BFC02F0D7BE5D4BA8
:10F7B000D3F808345B69303308930CAE5A4B099385
:10F7C00008A95A4B0A933046F9F7ACFC00238DF890
:10F7D0001C30DDE90601CDE902548DE8030096E80E
:10F7E0000F00F4F7EDFB02F0B9BE4E4BD3F808342E
:10F7F0005B69343308930CAE4E4B099308A94E4B0A
:10F800000A933046F9F798FCCDE901540023ADF88E
:10F810000030ADF8183096E80F00F4F7D3FA02F094
:10F820009DBE404B4249D3F80834986913461030C6
:10F83000012210B0BDE8F041F4F706BB394BD3F814
:10F8400008349B692C3308930CAE3C4B099308A9F0
:10F850003B4B0A933046F9F7A1FCCDE90154002354
:10F860000093069396E80F00F4F7FCFB02F076BED7
:10F870002C4BD3F808349B692C3308930CAE2A4BDD
:10F88000099308A9294B0A933046F9F74BFC00234A
:10F890008DF81C30DDE90601CDE902548DE8030046
:10F8A00096E80F00F4F78CFB02F058BE1D4BD3F81E
:10F8B00008349B69303308930CAE1B4B099308A99D
:10F8C0001A4B0A933046F9F72DFC00238DF81C30B3
:10F8D000DDE90601CDE902548DE8030096E80F004A
:10F8E000F4F76EFB02F03ABE0E4BD3F808349B6976
:10F8F000343308930CAE0C4B099308A90B4B0A93B5
:10F900003046F9F70FFC00238DF81C30DDE90601C5
:10F91000CDE902548DE8030096E80F00F4F750FBA0
:10F9200002F01CBE801000208D2E0208952E0208C9
:10F930007D2E0208A92E0208AD2E02082D3A0208DB
:10F94000714C0208C34BD3F808349B6938330893D1
:10F950000CAEC14B099308A9C04B0A933046F9F786
:10F96000E1FB00238DF81C30DDE90601CDE90254EE
:10F970008DE8030096E80F00F4F722FB02F0EEBDDD
:10F98000B44BD3F808349B69403308930CAEB24BA8
:10F99000099308A9B14B0A933046F9F7C3FB00233A
:10F9A0008DF81C30DDE90601CDE902548DE8030035
:10F9B00096E80F00F4F704FB02F0D0BDA54BD3F896
:10F9C00008349B69443308930CAEA34B099308A9F0
:10F9D000A24B0A933046F9F7A5FB00238DF81C30A3
:10F9E000DDE90601CDE902548DE8030096E80F0039
:10F9F000F4F7E6FA02F0B2BD964BD3F808349B69EF
:10FA0000483308930CAE964B099308A9954B0A937B
:10FA10003046F9F791FBCDE901540023ADF80030F1
:10FA2000ADF8183096E80F00F4F7CCF902F096BD67
:10FA3000884B8D49D3F808041346C830012210B012
:10FA4000BDE8F041F4F700BA824B8849D3F80804C6
:10FA50001346C830012210B0BDE8F041F4F7F4B904
:10FA60007C4BD3F80834DC3308930CAE7A4B099303
:10FA700008A97A4B0A933046F9F754FB00238DF816
:10FA80001C30DDE90601CDE902548DE8030096E85B
:10FA90000F00F4F795FA02F061BD6E4B7449D3F88C
:10FAA00008041346C830012210B0BDE8F041F4F755
:10FAB000CBB9684B6F49D3F808041346C83001220C
:10FAC00010B0BDE8F041F4F7BFB9624B6A49D3F812
:10FAD00008041346C830012210B0BDE8F041F4F725
:10FAE000B3B95C4B6549D3F808041346C83001220A
:10FAF00010B0BDE8F041F4F7A7B9564B6049D3F810
:10FB000008041346C830012210B0BDE8F041F4F7F4
:10FB10009BB9504B5B49D3F808041346C830012207
:10FB200010B0BDE8F041F4F78FB94A4B5649D3F80D
:10FB300008041346C830012210B0BDE8F041F4F7C4
:10FB400083B9444B5149D3F808041346C830012205
:10FB500010B0BDE8F041F4F777B93E4B4C49D3F80B
:10FB60000804134600F5AA70012210B0BDE8F04168
:10FB7000F4F76AB9374B4649D3F80804134600F541
:10FB8000AC70012210B0BDE8F041F4F75DB9314B23
:10FB90003F49D3F80804134600F5B670012210B0AF
:10FBA000BDE8F041F4F750B92A4BD3F8083403F517
:10FBB000AE7308930CAE284B099308A9274B0A9300
:10FBC0003046F9F7AFFA00238DF81C30DDE9060165
:10FBD000CDE902548DE8030096E80F00F4F7F0F940
:10FBE00002F0BCBC1B4BD3F8083403F5B073089388
:10FBF0000CAE194B099308A9184B0A933046F9F734
:10FC000091FA00238DF81C30DDE90601CDE902549C
:10FC10008DE8030096E80F00F4F7D2F902F09EBCDD
:10FC20000C4B1B49D3F80804134600F5B2700122AF
:10FC300010B0BDE8F041F4F707B9064B1449D3F80A
:10FC40000804134600F5B470012210B0BDE8F0417D
:10FC5000F4F7FAB8801000208D2E0208952E0208C5
:10FC6000A92E0208AD2E0208599302083D930208FE
:10FC70001D93020801930208E1920208C59202084E
:10FC8000253A0208093A0208A59202088992020858
:10FC90007D2E0208C54BC649D3F8080413468830A8
:10FCA000012210B0BDE8F041F4F7F0B8BF4BC049F5
:10FCB000D3F8080413468C30012210B0BDE8F0419F
:10FCC000F4F7E4B8B94BD3F808341C3308930CAEFE
:10FCD000B84B099308A9B84B0A933046F9F72CFAA8
:10FCE000CDE901540023ADF80030ADF8183096E8A6
:10FCF0000F00F4F767F802F031BCAC4BD3F80834CE
:10FD0000203308930CAEAD4B099308A9AC4B0A9372
:10FD10003046F9F723FB00238DF81C30DDE906019E
:10FD2000CDE902548DE8030096E80F00F3F7BEFF1B
:10FD300002F014BC9D4BD3F80834243308930CAE66
:10FD4000A04B099308A9A04B0A933046F9F7EAF9AA
:10FD500000238DF81C30DDE90601CDE902548DE861
:10FD6000030096E80F00F4F72BF902F0F7BB8F4B76
:10FD7000D3F80834283308930CAE924B099308A9A2
:10FD8000914B0A933046F9F7CDF900238DF81C30DA
:10FD9000DDE90601CDE902548DE8030096E80F0085
:10FDA000F4F70EF902F0DABB804BD3F808341C33B9
:10FDB00008930CAE854B099308A9854B0A933046EE
:10FDC000F9F7B0F900238DF81C30DDE90601CDE923
:10FDD00002548DE8030096E80F00F4F7F1F802F002
:10FDE000BDBB724BD3F808341C3308930CAE794B6F
:10FDF000099308A9784B0A933046F9F793F9002341
:10FE00008DF81C30DDE90601CDE902548DE80300D0
:10FE100096E80F00F4F7D4F802F0A0BB634BD3F8D8
:10FE20000834343308930CAE664B099308A9664B2B
:10FE30000A933046F9F776F900238DF81C30DDE996
:10FE40000601CDE902548DE8030096E80F00F4F7AF
:10FE5000B7F802F083BB554BD3F8083438330C9312
:10FE60005E4B0D935E4B0E93CDE9011201238DF88D
:10FE70003C300023ADF80030ADF8203010AB13E972
:10FE80000F00F4F761FB02F069BB484BD3F808346C
:10FE90003C3308930CAE4B4B099308A94A4B0A9389
:10FEA0003046F9F73FF900238DF81C30DDE90601F3
:10FEB000CDE902548DE8030096E80F00F4F780F8CE
:10FEC00002F04CBB394BD3F80834403308930CAEE6
:10FED0003C4B099308A93C4B0A933046F9F722F9A9
:10FEE00000238DF81C30DDE90601CDE902548DE8D0
:10FEF000030096E80F00F4F763F802F02FBB2B4BDA
:10FF0000D3F80834443308930CAE2E4B099308A958
:10FF10002D4B0A933046F9F705F900238DF81C3074
:10FF2000DDE90601CDE902548DE8030096E80F00F3
:10FF3000F4F746F802F012BB1C4BD3F808345033E8
:10FF400008930CAE1F4B099308A91F4B0A93304628
:10FF5000F9F7E8F800238DF81C30DDE90601CDE95A
:10FF600002548DE8030096E80F00F4F729F802F038
:10FF7000F5BA0E4BD3F80834543308930CAE114B3A
:10FF8000099308A9104B0A933046F9F7CBF80023E0
:10FF90008DF81C30DDE90601CDE902548DE803003F
:10FFA00096E80F00F4F70CF802F0D8BA80100020A1
:10FFB000852E0208ED390208954C0208192F020817
:10FFC0001D2F02088D2E0208952E0208E539020821
:10FFD000B14C0208D9390208C94C0208212F020885
:10FFE000252F0208B94BD3F80834483308930CAED8
:10FFF000B74B099308A9B74B0A933046F9F792F823
:020000040803EF
:1000000000238DF81C30DDE90601CDE902548DE8AE
:10001000030096E80F00F3F7D3FF02F09FBAAB4B53
:10002000D3F808341C3308930CAEAB4B099308A9E2
:10003000AA4B0A933046F9F775F800238DF81C3067
:10004000DDE90601CDE902548DE8030096E80F00D2
:10005000F3F7B6FF02F082BA9C4BD3F8083458335A
:1000600008930CAE9A4B099308A99A4B0A93304611
:10007000F9F758F800238DF81C30DDE90601CDE9C9
:1000800002548DE8030096E80F00F3F799FF02F0A1
:1000900065BA8E4BD3F808345C3308930CAE8C4BA6
:1000A000099308A98B4B0A933046F9F73BF80023D4
:1000B0008DF81C30DDE90601CDE902548DE803001E
:1000C00096E80F00F3F77CFF02F048BA7F4BD3F8B5
:1000D0000834603308930CAE814B099308A9814B17
:1000E0000A933046F9F728F8CDE901540023ADF81A
:1000F0000030ADF8183096E80F00F3F763FE02F019
:100100002DBA724BD3F80834643308930CAE704B9D
:10011000099308A96F4B0A933046F9F703F80023B7
:100120008DF81C30DDE90601CDE902548DE80300AD
:1001300096E80F00F3F744FF02F010BA634BD3F8D0
:100140000834683308930CAE614B099308A9614BDE
:100150000A933046F8F7E6FF00238DF81C30DDE9FE
:100160000601CDE902548DE8030096E80F00F3F78D
:1001700027FF02F0F3B9554BD3F808346C330893DA
:100180000CAE574B099308A9564B0A933046F8F723
:10019000D3FFCDE901540023ADF80030ADF818309D
:1001A00096E80F00F3F70EFE02F0D8B9474BD3F8EC
:1001B00008346D3308930CAE494B099308A9494B99
:1001C0000A933046F8F7B8FFCDE901540023ADF8A3
:1001D0000030ADF8183096E80F00F3F7F3FD02F0A9
:1001E000BDB93A4BD3F80834703308930CAE384B92
:1001F000099308A9374B0A933046F8F793FF002379
:100200008DF81C30DDE90601CDE902548DE80300CC
:1002100096E80F00F3F7D4FE02F0A0B92B4BD3F809
:100220000834743308930CAE294B099308A9294B61
:100230000A933046F8F776FF00238DF81C30DDE98D
:100240000601CDE902548DE8030096E80F00F3F7AC
:10025000B7FE02F083B91D4BD3F808347833089306
:100260000CAE1B4B099308A91A4B0A933046F8F7BA
:1002700059FF00238DF81C30DDE90601CDE9025459
:100280008DE8030096E80F00F3F79AFE02F066B9D6
:100290000E4BD3F808347C3308930CAE0C4B099307
:1002A00008A90C4B0A933046F8F73CFF00238DF861
:1002B0001C30DDE90601CDE902548DE8030096E823
:1002C0000F00F3F77DFE02F049B900BF8010002057
:1002D0008D2E0208952E0208CD390208E14C020845
:1002E000A92E0208AD2E0208BF4BD3F8B03303F598
:1002F00063531C330C93BD4B0D93BD4B0E93CDE953
:10030000011201238DF83C300023ADF80030ADF828
:10031000203010AB13E90F00F4F762F802F01EB9B9
:10032000B14BD3F8B03303F56353203308930CAECD
:10033000B04B099308A9B04B0A933046F8F7F2FE88
:1003400000238DF81C30DDE90601CDE902548DE86B
:10035000030096E80F00F3F733FE02F0FFB8A24B5C
:10036000D3F8B03308930CAEA44B099308A9A44B5F
:100370000A933046F8F7D6FE00238DF81C30DDE9ED
:100380000601CDE902548DE8030096E80F00F3F76B
:1003900017FE02F0E3B8944BD3F8B03303F564537F
:1003A000183308930CAE934B099308A9924B0A9308
:1003B0003046F8F7B7FE00238DF81C30DDE9060162
:1003C000CDE902548DE8030096E80F00F3F7F8FD3D
:1003D00002F0C4B8844BD3F8B03303F564531C3334
:1003E00008930CAE834B099308A9834B0A933046BC
:1003F000F8F798FE00238DF81C30DDE90601CDE901
:1004000002548DE8030096E80F00F3F7D9FD02F0DF
:10041000A5B8754B7B49D3F8B00300F5645013467B
:100420000430012210B0BDE8F041F3F70DBD6E4B72
:100430007449D3F8B00300F5645013460830012224
:1004400010B0BDE8F041F3F7FFBC674B6D49D3F83E
:10045000B00300F5645013461030012210B0BDE81F
:10046000F041F3F7F1BC604BD3F8B03303F54053E0
:10047000114693F83D09F4F7CBFA02F06FB85A4BE6
:10048000D3F8B03303F564530C3308930CAE594BD7
:10049000099308A9584B0A933046F8F743FE002306
:1004A0008DF81C30DDE90601CDE902548DE803002A
:1004B00096E80F00F3F784FD02F050B84A4BD3F8EA
:1004C000B03303F564533E3308930CAE4E4B09939F
:1004D00008A94E4B0A933046F8F72EFECDE9015499
:1004E0000023ADF80030ADF8183096E80F00F3F7B0
:1004F00069FC02F033B83C4BD3F8B03303F56453D6
:10050000383308930CAE3B4B099308A93A4B0A9336
:100510003046F8F707FE00238DF81C30DDE90601B0
:10052000CDE902548DE8030096E80F00F3F748FD8B
:1005300002F014B82C4BD3F8B03303F562532C33CC
:1005400008930CAE2B4B099308A92B4B0A9330460A
:10055000F8F7E8FD00238DF81C30DDE90601CDE950
:1005600002548DE8030096E80F00F3F729FD01F02F
:10057000F5BF1D4BD3F8B03303F562533133089305
:100580000CAE214B099308A9204B0A933046F8F78B
:10059000D3FDCDE901540023ADF80030ADF818309B
:1005A00096E80F00F3F70EFC01F0D8BF0E4BD3F81E
:1005B000B03303F56253333308930CAE124B0993F7
:1005C00008A9124B0A933046F8F7B6FDCDE901545D
:1005D0000023ADF80030ADF8183096E80F00F3F7BF
:1005E000F1FB01F0BBBF00BF80100020292F0208E3
:1005F0002D2F02088D2E0208952E0208C1390208FF
:10060000054D02087D2E0208A92E0208AD2E020813
:10061000C64BD3F8B03303F56253303308930CAEB6
:10062000C34B099308A9C34B0A933046F8F784FDDE
:10063000CDE901540023ADF80030ADF8183096E84C
:100640000F00F3F7BFFB01F089BFB84BD3F8B0330D
:1006500003F56253323308930CAEB54B099308A9E6
:10066000B44B0A933046F8F767FDCDE901540023F7
:10067000ADF80030ADF8183096E80F00F3F7A2FBA4
:1006800001F06CBFA94BD3F8B03318330C93AA4BCD
:100690000D93AA4B0E93CDE9011201238DF83C3046
:1006A0000023ADF80030ADF8203010AB13E90F0097
:1006B000F3F70EFF01F052BF9C4BD3F8B033193360
:1006C0000C939F4B0D939F4B0E93CDE90112012389
:1006D0008DF83C300023ADF80030ADF8203010AB81
:1006E00013E90F00F3F76CFF01F038BF8F4BD3F81D
:1006F000B0331C3308930CAE934B099308A9934B6A
:100700000A933046F8F70EFD00238DF81C30DDE922
:100710000601CDE902548DE8030096E80F00F3F7D7
:100720004FFC01F01BBF814BD3F8B033203308934B
:100730000CAE854B099308A9844B0A933046F8F711
:10074000F1FC00238DF81C30DDE90601CDE90254EF
:100750008DE8030096E80F00F3F732FC01F0FEBECF
:10076000724BD3F8B033243308930CAE764B099315
:1007700008A9764B0A933046F8F7D4FC00238DF88D
:100780001C30DDE90601CDE902548DE8030096E84E
:100790000F00F3F715FC01F0E1BE644BD3F8B03362
:1007A000303308930CAE684B099308A9674B0A9342
:1007B0003046F8F7B7FC00238DF81C30DDE9060160
:1007C000CDE902548DE8030096E80F00F3F7F8FB3B
:1007D00001F0C4BE554BD3F8B033283308930CAEA8
:1007E000594B099308A9594B0A933046F8F79AFCDC
:1007F00000238DF81C30DDE90601CDE902548DE8B7
:10080000030096E80F00F3F7DBFB01F0A7BE474BB0
:10081000D3F8B0332C3308930CAE4B4B099308A993
:100820004A4B0A933046F8F77DFC00238DF81C30C4
:10083000DDE90601CDE902548DE8030096E80F00DA
:10084000F3F7BEFB01F08ABE384BD3F8B033343334
:1008500008930CAE3C4B099308A93C4B0A933046D5
:10086000F8F760FC00238DF81C30DDE90601CDE9C6
:1008700002548DE8030096E80F00F3F7A1FB01F0A6
:100880006DBE2A4BD3F8B033383308930CAE2E4BE1
:10089000099308A92D4B0A933046F8F743FC00232F
:1008A0008DF81C30DDE90601CDE902548DE8030026
:1008B00096E80F00F3F784FB01F050BE1B4BD3F812
:1008C000B0333C3308930CAE194B099308A9194B6C
:1008D0000A933046F8F730FCCDE901540023ADF817
:1008E0000030ADF8183096E80F00F3F76BFA01F01E
:1008F00035BE0E4BD3F8B033403308930CAE124BD9
:10090000099308A9114B0A933046F8F70BFC002312
:100910008DF81C30DDE90601CDE902548DE80300B5
:1009200096E80F00F3F74CFB01F018BE8010002092
:10093000A92E0208AD2E0208B1390208214D020885
:10094000312F0208352F02088D2E0208952E02083D
:10095000C44BD3F8B033183308930CAEC24B099391
:1009600008A9C24B0A933046F8F7F8FC00238DF82B
:100970001C30DDE90601CDE902548DE8030096E85C
:100980000F00F3F793F901F0E9BDB64BD3F8B0339C
:10099000503308930CAEB64B099308A9B54B0A9394
:1009A0003046F8F7BFFB00238DF81C30DDE9060167
:1009B000CDE902548DE8030096E80F00F3F700FB41
:1009C00001F0CCBDA74BD3F8B033483308930CAE3D
:1009D000A74B099308A9A74B0A933046F8F7A2FB47
:1009E00000238DF81C30DDE90601CDE902548DE8C5
:1009F000030096E80F00F3F7E3FA01F0AFBD994B5F
:100A0000D3F8B03303F56253343308930CAE9A4BEA
:100A1000099308A9994B0A933046F8F7A9FCCDE948
:100A200001540023ADF80030ADF8183096E80F00FF
:100A3000F3F79AFC01F092BD8A4BD3F8B03303F57B
:100A40006253383308930CAE894B099308A9894B3C
:100A50000A933046F8F766FB00238DF81C30DDE979
:100A60000601CDE902548DE8030096E80F00F3F784
:100A7000A7FA01F073BD7B4BD3F8B03303F5625393
:100A80003C3308930CAE7A4B099308A9794B0A932F
:100A90003046F8F747FB00238DF81C30DDE90601EE
:100AA000CDE902548DE8030096E80F00F3F788FAC9
:100AB00001F054BD6B4BD3F8B03303F56353089387
:100AC0000CAE6D4B099308A96C4B0A933046F8F7AE
:100AD0004FFCCDE901540023ADF80030ADF81830DB
:100AE00096E80F00F3F740FC01F038BD5D4BD3F8FA
:100AF000B033183308930CAE614B099308A9614BCE
:100B00000A933046F8F70EFB00238DF81C30DDE920
:100B10000601CDE902548DE8030096E80F00F3F7D3
:100B20004FFA01F01BBD4F4B5749D3F8B0031346A2
:100B30005430012210B0BDE8F041F3F7A7B9494B9A
:100B4000D3F8B03303F56253183308930CAE4F4B10
:100B5000099308A94E4B0A933046F8F7EDFACDE910
:100B600001540023ADF80030ADF8183096E80F00BE
:100B7000F3F728F901F0F2BC3A4BD3F8B03303F5A0
:100B80004053114693F89908F3F742FF01F0E6BC91
:100B9000344BD3F8B03303F562531C3308930CAED7
:100BA000334B099308A9334B0A933046F8F7BAFA46
:100BB00000238DF81C30DDE90601CDE902548DE8F3
:100BC000030096E80F00F3F7FBF901F0C7BC254BD3
:100BD000D3F8B03303F56253203308930CAE244BA3
:100BE000099308A9234B0A933046F8F79BFA002390
:100BF0008DF81C30DDE90601CDE902548DE80300D3
:100C000096E80F00F3F7DCF901F0A8BC154B214979
:100C1000D3F8B00300F5625013462430012210B01F
:100C2000BDE8F041F3F710B90E4BD3F8B03303F53C
:100C30006253283308930CAE144B099308A9144B44
:100C40000A933046F8F778FACDE901540023ADF85D
:100C50000030ADF8183096E80F00F3F7B3F801F064
:100C60007DBC00BF80100020A9390208394D020860
:100C70008D2E0208952E0208392F02083D2F0208FA
:100C8000A1390208594D0208852E0208A92E020832
:100C9000AD2E02087D2E0208C64BD3F8B03303F503
:100CA0006353043308930CAEC34B099308A9C34B99
:100CB0000A933046F8F736FA00238DF81C30DDE948
:100CC0000601CDE902548DE8030096E80F00F3F722
:100CD00077F901F043BCB74BD3F8B03303F5635356
:100CE000083308930CAEB44B099308A9B34B0A938D
:100CF0003046F8F717FA00238DF81C30DDE90601BD
:100D0000CDE902548DE8030096E80F00F3F758F997
:100D100001F024BCA74BD3F8B03303F56353103371
:100D200008930CAEA44B099308A9A44B0A93304630
:100D3000F8F7F8F900238DF81C30DDE90601CDE95C
:100D400002548DE8030096E80F00F3F739F901F03B
:100D500005BC984BD3F8B03303F563530C330893B9
:100D60000CAE954B099308A9944B0A933046F8F7BB
:100D7000D9F900238DF81C30DDE90601CDE90254D4
:100D80008DE8030096E80F00F3F71AF901F0E6BBCF
:100D9000884BD3F8B03303F56453283308930CAE73
:100DA000854B099308A9854B0A933046F8F7BAF9A1
:100DB00000238DF81C30DDE90601CDE902548DE8F1
:100DC000030096E80F00F3F7FBF801F0C7BB794B7F
:100DD000D3F8B03303F564532C3308930CAE764B41
:100DE000099308A9754B0A933046F8F79BF900233D
:100DF0008DF81C30DDE90601CDE902548DE80300D1
:100E000096E80F00F3F7DCF801F0A8BB694BD3F8C4
:100E1000B03303F56453303308930CAE664B09933B
:100E200008A9664B0A933046F8F77CF900238DF841
:100E30001C30DDE90601CDE902548DE8030096E897
:100E40000F00F3F7BDF801F089BB5A4BD3F8B0336C
:100E500003F56453343308930CAE574B099308A938
:100E6000564B0A933046F8F75DF900238DF81C3095
:100E7000DDE90601CDE902548DE8030096E80F0094
:100E8000F3F79EF801F06ABB4A4B4D49D3F8B00323
:100E9000134600F56550012210B0BDE8F041F2F7AD
:100EA000D3BF444B4649D3F8B00300F56550134611
:100EB0000430012210B0BDE8F041F2F7C5BF3D4B50
:100EC000D3F8B00343680C930121037A8DF82030E6
:100ED0008DF82110BDF820308DF83410ADF80030B9
:100EE0000195DDE90C23F2F7AFFD01F037BB314B83
:100EF000D3F8B033043308930CAE2F4B099308A9F1
:100F00002E4B0A933046F8F70DF900238DF81C306C
:100F1000DDE90601CDE902548DE8030096E80F00F3
:100F2000F3F74EF801F01ABB224BD3F8B033083375
:100F300008930CAE234B099308A9234B0A93304620
:100F4000F8F7FAF8CDE901540023ADF80030ADF818
:100F5000183096E80F00F2F735FF01F0FFBA154B95
:100F6000D3F8B003FDF7ECB9124BD3F8B0432368C4
:100F700020469B68984784ED030AF9F709B90D4BA1
:100F80000F49D3F8B00313460C30012210B0BDE86E
:100F9000F041F2F759BF074BD3F8B003CDE9011286
:100FA00000F114030093012302691946F2F78AFF46
:100FB00001F0D4BA801000208D2E0208952E020870
:100FC0007D2E0208A92E0208AD2E0208BF4BD3F8D1
:100FD000B033103308930CAEBD4B099308A9BD4B39
:100FE0000A933046F8F7B2F800238DF81C30DDE99B
:100FF0000601CDE902548DE8030096E80F00F2F7F0
:1010000099FF01F0ABBAB14BB349D3F8B003134623
:101010001430012210B0BDE8F041F2F715BFAB4B20
:10102000D3F85C338C330C93AC4B0D93AC4B0E93D9
:10103000CDE9011201238DF83C3000230093089381
:1010400010AB13E90F00F3F761F801F087BA9F4B7B
:10105000D3F85C33114693F88F00F3F7D9FC01F015
:101060007DBA9A4BD3F85C33114693F88E00F3F7B0
:10107000CFFC01F073BA954B9A49D3F85C03134641
:101080009030012210B0BDE8F041F2F7F3BD8F4B74
:101090009449D3F85C0313469430012210B0BDE8A4
:1010A000F041F2F7E7BD894B8B49D3F85C03134657
:1010B0009830012210B0BDE8F041F2F7C5BE834878
:1010C0008949D0F85C031346012210B0BDE8F04115
:1010D000F2F7BABE7D488549D0F85C031346012279
:1010E00010B0BDE8F041F2F7AFBE784B7A49D3F8C3
:1010F0005C031346AC30012210B0BDE8F041F2F7BA
:10110000A3BE72487A49D0F85C031346012210B09E
:10111000BDE8F041F2F798BE6C4B6F49D3F85C0321
:101120001346B030012210B0BDE8F041F2F78CBE9A
:10113000664B6949D3F85C031346B430012210B002
:10114000BDE8F041F2F780BE604BD3F85C33114646
:1011500093F8F200F3F76AFC01F000BA5B486549C6
:10116000D0F85C031346012210B0BDE8F041F2F75D
:101170006BBE564B5849D3F85C031346B830012276
:1011800010B0BDE8F041F2F75FBE504B5249D3F8C2
:101190005C031346C430012210B0BDE8F041F2F701
:1011A00053BE4A4BD3F85C33C83308930CAE524B52
:1011B000099308A9514B0A933046F8F7CFF800235A
:1011C0008DF81C30DDE90601CDE902548DE80300FD
:1011D00096E80F00F2F76AFD01F0C0B93B4B3E49BB
:1011E000D3F85C031346CC30012210B0BDE8F041C7
:1011F000F2F72ABE354BD3F85C3334330C93404BB3
:101200000D93404B0E93CDE9011201238DF83C3034
:1012100000230093089310AB13E90F00F2F7CAFF05
:1012200001F09CB9294BD3F85C33343308930CAEEE
:10123000354B099308A9354B0A933046F7F77CFFE5
:10124000CDE901540023ADF80030ADF8183096E830
:101250000F00F2F7B7FD01F081B91C4BD3F85C33F6
:10126000543308930CAE2A4B099308A9294B0A93CF
:101270003046F7F757FF00238DF81C30DDE90601F3
:10128000CDE902548DE8030096E80F00F2F798FECE
:1012900001F064B90D4BD3F85C33603308930CAEA6
:1012A0001D4B099308A91D4B0A933046F7F744FFDD
:1012B000CDE901540023ADF80030ADF8183096E8C0
:1012C0000F00F2F77FFD01F049B900BF8010002048
:1012D000B12E0208B52E02087D2E0208412F020809
:1012E000452F0208B92E02089539020889390208EB
:1012F0007D39020871390208192F02081D2F0208D2
:10130000492F02084D2F020865390208754D020861
:101310008D2E0208952E0208A92E0208AD2E020875
:10132000C34BD3F85C33343308930CAEC14B0993F1
:1013300008A9C14B0A933046F7F7FEFECDE90154E8
:101340000023ADF80030ADF8183096E80F00F2F742
:1013500039FD01F003B9B64BD3F85C33343308934D
:101360000CAEB64B099308A9B54B0A933046F7F774
:1013700015FFCDE9015400230093069396E80F0072
:10138000F2F770FE01F0EAB8A94BD3F85C335033A2
:1013900008930CAEAB4B099308A9AB4B0A933046AC
:1013A000F7F7DCFF00238DF81C30DDE90601CDE9FD
:1013B00002548DE8030096E80F00F2F777FC01F085
:1013C000CDB89B4BD3F85C33483308930CAE9D4BA0
:1013D000099308A99C4B0A933046F7F7BFFF0023F7
:1013E0008DF81C30DDE90601CDE902548DE80300DB
:1013F00096E80F00F2F75AFC01F0B0B88C4BD3F826
:101400005C334C3308930CAE904B099308A9904B76
:101410000A933046F7F786FE00238DF81C30DDE98D
:101420000601CDE902548DE8030096E80F00F2F7BB
:10143000C7FD01F093B87E4BD3F85C335C3308935F
:101440000CAE804B099308A97F4B0A933046F7F7FF
:1014500085FF00238DF81C30DDE90601CDE902543B
:101460008DE8030096E80F00F2F720FC01F076B853
:101470006F4BD3F85C33343308930CAE754B099340
:1014800008A9754B0A933046F7F756FECDE901548B
:101490000023ADF80030ADF8183096E80F00F2F7F1
:1014A00091FC01F05BB8624BD3F85C336133089375
:1014B0000CAE6A4B099308A9694B0A933046F7F7BB
:1014C0003BFECDE901540023ADF80030ADF81830F3
:1014D00096E80F00F2F776FC01F040B8544BD3F8D1
:1014E0005C33343308930CAE5E4B099308A95E4B12
:1014F0000A933046F7F716FE00238DF81C30DDE91D
:101500000601CDE902548DE8030096E80F00F2F7DA
:1015100057FD01F023B8464BD3F85C3338330893BA
:101520000CAE4A4B099308A9494B0A933046F7F78A
:10153000F9FD00238DF81C30DDE90601CDE90254E8
:101540008DE8030096E80F00F2F73AFD01F006B8C7
:10155000374BD3F85C333C3308930CAE3B4B0993C9
:1015600008A93B4B0A933046F7F7DCFD00238DF8C2
:101570001C30DDE90601CDE902548DE8030096E850
:101580000F00F2F71DFD00F0E9BF294BD3F85C33E3
:10159000403308930CAE2D4B099308A92C4B0A93AA
:1015A0003046F7F7BFFD00238DF81C30DDE906015A
:1015B000CDE902548DE8030096E80F00F2F700FD34
:1015C00000F0CCBF1A4BD3F85C33633308930CAEF6
:1015D000224B099308A9224B0A933046F7F7ACFD3A
:1015E000CDE901540023ADF80030ADF8183096E88D
:1015F0000F00F2F7E7FB00F0B1BF0D4BD3F85C33FF
:10160000643308930CAE194B099308A9184B0A933D
:101610003046F7F7ADFECDE901540023ADF80030B8
:10162000ADF8183096E80F00F2F79EFE00F096BF76
:101630008010002059390208954D02084D390208E2
:10164000B14D0208192F02081D2F02088D2E020825
:10165000952E020841390208CD4D0208A92E020834
:10166000AD2E020835390208E94D0208392F02086B
:101670003D2F0208BA4BD3F85C33653308930CAEA8
:10168000B84B099308A9B84B0A933046F7F754FDB5
:10169000CDE901540023ADF80030ADF8183096E8DC
:1016A0000F00F2F78FFB00F059BFAD4BD3F85C335E
:1016B000823308930CAEAD4B099308A9AC4B0A9347
:1016C0003046F7F76BFDCDE90154002300930693F4
:1016D00096E80F00F2F7C6FC00F040BFA04BD3F82D
:1016E0005C33843308930CAEA04B099308A9A04B3C
:1016F0000A933046F7F752FDCDE9015400230093D9
:10170000069396E80F00F2F7ADFC00F027BF944B6C
:10171000D3F85C030A46416810B0BDE8F041F2F727
:101720008DBB8F4BD3F85C33043308930CAE914BD5
:10173000099308A9904B0A933046F7F70FFE002350
:101740008DF81C30DDE90601CDE902548DE8030077
:1017500096E80F00F2F7AAFA00F000BF8749884820
:101760001346012210B0BDE8F041F2F76DBB854988
:1017700085481346012210B0BDE8F041F2F764BB82
:101780007E4982481346012210B0BDE8F041F2F7CD
:101790005BBB7F497C481346012210B0BDE8F04195
:1017A000F2F752BB7B4978481346012210B0BDE8DE
:1017B000F041F2F749BB784B08930CAE774B099395
:1017C00008A9774B0A933046F7F7ACFC00238DF855
:1017D0001C30DDE90601CDE902548DE8030096E8EE
:1017E0000F00F2F7EDFB00F0B9BE5D4BD3F8AC3360
:1017F00010330C936B4B0D936B4B0E93CDE9011291
:1018000001238DF83C300023ADF80030ADF82030D6
:1018100010AB13E90F00F2F787FF00F09FBE5048AE
:101820006249D0F8AC031346012210B0BDE8F04184
:10183000F2F70ABB4A4B5149D3F8AC0313461430B4
:10184000012210B0BDE8F041F2F7FEBA4448584911
:10185000D0F8AC031346012210B0BDE8F041F2F716
:10186000F3BA3F485349D0F8AC031346012210B0F5
:10187000BDE8F041F2F7E8BA394BD3F8AC330433A2
:1018800008930CAE454B099308A9454B0A93304683
:10189000F7F748FC00238DF81C30DDE90601CDE99F
:1018A00002548DE8030096E80F00F2F789FB00F080
:1018B00055BE2B4BD3F8AC33083308930CAE374BE3
:1018C000099308A9364B0A933046F7F72BFC0023FF
:1018D0008DF81C30DDE90601CDE902548DE80300E6
:1018E00096E80F00F2F76CFB00F038BE1C4BD3F803
:1018F000AC330C3308930CAE284B099308A9284B42
:101900000A933046F7F70EFC00238DF81C30DDE912
:101910000601CDE902548DE8030096E80F00F2F7C6
:101920004FFB00F01BBE0E4BD3F80C34043308936E
:101930000CAE1A4B099308A9194B0A933046F7F7D6
:10194000F1FB00238DF81C30DDE90601CDE90254DE
:101950008DE8030096E80F00F2F732FB00F0FEBDC1
:1019600080100020A92E0208AD2E0208512F020877
:10197000552F0208192F02081D2F02087D2E02087C
:101980000C14002029390208E01300201014002054
:101990001D39020811390208E41300208D2E0208B7
:1019A000952E0208592F02085D2F020805390208FA
:1019B000F9380208ED380208B74BD3F80C34083375
:1019C00008930CAEB54B099308A9B54B0A93304662
:1019D000F7F7A8FB00238DF81C30DDE90601CDE9FF
:1019E00002548DE8030096E80F00F2F7E9FA00F0E0
:1019F000B5BDA94BD3F80C340C3308930CAEA74BF0
:101A0000099308A9A64B0A933046F7F78BFB0023EE
:101A10008DF81C30DDE90601CDE902548DE80300A4
:101A200096E80F00F2F7CCFA00F098BD9A4BD3F885
:101A300010341146187DF2F7EBFF00F08FBD964B86
:101A4000D3F8103408930CAE964B099308A9964B23
:101A50000A933046F7F7A2FBCDE901540023009327
:101A6000069396E80F00F2F7FDFA00F077BD8A4B77
:101A7000D3F8103408930CAE8C4B099308A98C4B07
:101A80000A933046F7F758FBCDE901540023ADF82F
:101A90000030ADF8183096E80F00F2F793F900F037
:101AA0005DBD7D4BD3F8103408930CAE7B4B09938E
:101AB00008A97B4B0A933046F7F734FB00238DF8D7
:101AC0001C30DDE90601CDE902548DE8030096E8FB
:101AD0000F00F2F775FA00F041BD6F4BD3F81034E8
:101AE0000B3308930CAE734B099308A9724B0A93FE
:101AF0003046F7F721FBCDE901540023ADF8003063
:101B0000ADF8183096E80F00F2F75CF900F026BD4A
:101B1000614BD3F8103408930CAE684B099308A9B5
:101B2000674B0A933046F7F711FB00238DF81C3002
:101B3000DDE90601CDE902548DE8030096E80F00C7
:101B4000F2F7F8F900F00ABD534BD3F814341146FC
:101B5000187DF2F75DFF00F001BD4F4BD3F8143450
:101B600008930CAE4F4B099308A94F4B0A9330468C
:101B7000F7F714FBCDE9015400230093069396E890
:101B80000F00F2F76FFA00F0E9BC434BD3F81434BE
:101B900008930CAE454B099308A9454B0A93304670
:101BA000F7F7CAFACDE901540023ADF80030ADF8DB
:101BB000183096E80F00F2F705F900F0CFBC364B6D
:101BC000D3F8143408930CAE344B099308A9344B62
:101BD0000A933046F7F7A6FA00238DF81C30DDE9AA
:101BE0000601CDE902548DE8030096E80F00F2F7F4
:101BF000E7F900F0B3BC284BD3F814340B33089347
:101C00000CAE2C4B099308A92B4B0A933046F7F7DF
:101C100093FACDE901540023ADF80030ADF8183047
:101C200096E80F00F2F7CEF800F098BC1A4BD3F804
:101C3000143408930CAE214B099308A9204B0A9346
:101C40003046F7F783FA00238DF81C30DDE90601F2
:101C5000CDE902548DE8030096E80F00F2F76AF927
:101C600000F07CBC0C4BD3F81834043308930CAE52
:101C7000144B099308A9144B0A933046F7F78EFAD0
:101C8000CDE9015400230093069396E80F00F2F784
:101C9000E9F900F063BC00BF801000208D2E02081F
:101CA000952E0208E1380208FD4D0208D9380208D5
:101CB000154E0208A92E0208AD2E0208D1380208DE
:101CC0002D4E0208C9380208414E0208BB4BD3F81A
:101CD0001834063308930CAEB94B099308A9B94BD5
:101CE0000A933046F7F728FACDE901540023ADF8FE
:101CF0000030ADF8183096E80F00F2F763F800F006
:101D00002DBCAE4BD3F81804FCF712BBAB4BD3F889
:101D10001804FCF715BBAC49AC481346012210B0BF
:101D2000BDE8F041F2F7B2B8A749A948134601222D
:101D300010B0BDE8F041F2F7A9B8A349A548134691
:101D4000012210B0BDE8F041F2F7A0B8A24B089311
:101D50000CAEA24B099308A9A14B0A933046F7F7A2
:101D6000F5F900238DF81C30DDE90601CDE90254B8
:101D70008DE8030096E80F00F2F7DCF8EEE39249F5
:101D800098481346012210B0BDE8F041F2F77EB842
:101D90008D4995481346012210B0BDE8F041F2F795
:101DA00075B8894991481346012210B0BDE8F04149
:101DB000F2F76CB88E4B08930CAE884B099308A9C8
:101DC000874B0A933046F7F7C1F900238DF81C3092
:101DD000DDE90601CDE902548DE8030096E80F0025
:101DE000F2F7A8F8BAE3784982481346012210B006
:101DF000BDE8F041F2F74AB873497F481346012223
:101E000010B0BDE8F041F2F741B86F497B48134686
:101E1000012210B0BDE8F041F2F738B8784B0893D2
:101E20000CAE6E4B099308A96D4B0A933046F7F739
:101E30008DF900238DF81C30DDE90601CDE902544F
:101E40008DE8030096E80F00F2F774F886E35E4928
:101E50006C481346012210B0BDE8F041F2F716B805
:101E6000594969481346012210B0BDE8F041F2F724
:101E70000DB8554965481346012210B0BDE8F04140
:101E8000F2F704B8624B08930CAE544B099308A9BF
:101E9000534B0A933046F7F759F900238DF81C305D
:101EA000DDE90601CDE902548DE8030096E80F0054
:101EB000F2F740F852E3444956481346012210B065
:101EC000BDE8F041F1F7E2BF3F4953481346012214
:101ED00010B0BDE8F041F1F7D9BF3B494F48134678
:101EE000012210B0BDE8F041F1F7D0BF4C4B089390
:101EF0000CAE3A4B099308A9394B0A933046F7F7D1
:101F000025F900238DF81C30DDE90601CDE90254E6
:101F10008DE8030096E80F00F2F70CF81EE32A495B
:101F200040481346012210B0BDE8F041F1F7AEBFC2
:101F300025493D481346012210B0BDE8F041F1F7B4
:101F4000A5BF214939481346012210B0BDE8F04130
:101F5000F1F79CBF364B08930CAE204B099308A9B0
:101F60001F4B0A933046F7F7F1F800238DF81C3029
:101F7000DDE90601CDE902548DE8030096E80F0083
:101F8000F1F7D8FFEAE210492A481346012210B0BF
:101F9000BDE8F041F1F77ABF0B492748134601220B
:101FA00010B0BDE8F041F1F771BF0749234813466F
:101FB000012210B0BDE8F041F1F768BF80100020A9
:101FC000A92E0208AD2E0208852E02089C140020BE
:101FD000A0140020A4140020A8140020B12E020890
:101FE000B52E0208AC140020B0140020B414002058
:101FF000B8140020BC140020C0140020C414002019
:10200000C8140020CC140020D0140020D4140020C8
:10201000D8140020DC140020E0140020E414002078
:10202000E8140020EC140020F0140020F414002028
:10203000F8140020FC1400200015002004150020D6
:10204000B04B08930CAEB04B099308A9AF4B0A9361
:102050003046F7F77BF800238DF81C30DDE90601E8
:10206000CDE902548DE8030096E80F00F1F762FF16
:1020700074E2A749A7481346012210B0BDE8F04119
:10208000F1F704BFA249A4481346012210B0BDE8ED
:10209000F041F1F7FBBE9E49A0481346012210B063
:1020A000BDE8F041F1F7F2BE9D4B08930CAE964BA4
:1020B000099308A9954B0A933046F7F747F8002390
:1020C0008DF81C30DDE90601CDE902548DE80300EE
:1020D00096E80F00F1F72EFF40E28D499148134634
:1020E000012210B0BDE8F041F1F7D0BE88498E481A
:1020F0001346012210B0BDE8F041F1F7C7BE844994
:102100008A481346012210B0BDE8F041F1F7BEBE87
:10211000874B08930CAE7C4B099308A97B4B0A9321
:102120003046F7F713F800238DF81C30DDE906017F
:10213000CDE902548DE8030096E80F00F1F7FAFEAE
:102140000CE273497B481346012210B0BDE8F04110
:10215000F1F79CBE6E4978481346012210B0BDE8E5
:10216000F041F1F793BE6A4974481346012210B05A
:10217000BDE8F041F1F78ABE714B08930CAE624B9B
:10218000099308A9614B0A933046F6F7DFFF002355
:102190008DF81C30DDE90601CDE902548DE803001D
:1021A00096E80F00F1F7C6FED8E159496548134695
:1021B000012210B0BDE8F041F1F768BE5449624811
:1021C0001346012210B0BDE8F041F1F75FBE50495F
:1021D0005E481346012210B0BDE8F041F1F756BE4B
:1021E0005B4B08930CAE484B099308A9474B0A93E5
:1021F0003046F6F7ABFF00238DF81C30DDE9060111
:10220000CDE902548DE8030096E80F00F1F792FE45
:10221000A4E13F494F481346012210B0BDE8F04108
:10222000F1F734BE3A494C481346012210B0BDE8DC
:10223000F041F1F72BBE364948481346012210B051
:10224000BDE8F041F1F722BE454B08930CAE2E4B92
:10225000099308A92D4B0A933046F6F777FF002320
:102260008DF81C30DDE90601CDE902548DE803004C
:1022700096E80F00F1F75EFE70E1254939481346F4
:10228000012210B0BDE8F041F1F700BE2049364808
:102290001346012210B0BDE8F041F1F7F7BD1C492B
:1022A00032481346012210B0BDE8F041F1F7EEBD0F
:1022B0002F4B08930CAE144B099308A9134B0A93A8
:1022C0003046F6F743FF00238DF81C30DDE90601A8
:1022D000CDE902548DE8030096E80F00F1F72AFEDD
:1022E0003CE12448D0F8B03200F52C701B68FCF7B4
:1022F00021B8214A21495368086803440B60936060
:10230000F7F746BF08150020B12E0208B52E0208C7
:10231000852E02080C150020101500201415002031
:10232000181500201C150020201500202415002061
:10233000281500202C150020301500203415002011
:10234000381500203C1500204015002044150020C1
:10235000481500204C150020501500205415002071
:10236000581500205C150020601500206415002021
:102370006815002080100020C0A3002020E7002066
:10238000784B08930CAE784B099308A9774B0A93C6
:102390003046F6F7E3FF00238DF81C30DDE9060137
:1023A000CDE902548DE8030096E80F00F1F77EFCBA
:1023B000D4E06F496F481346012210B0BDE8F041E8
:1023C000F1F758BC6C4C6D4BE268102A98BF03EBD8
:1023D000C20393E803000CAA82E80300E6F7CCFCF2
:1023E00084ED040AF7F7D4BE654B08930CAE654B39
:1023F000099308A9644B0A933046F6F7A7FE002319
:102400008DF81C30DDE90601CDE902548DE80300AA
:1024100096E80F00F1F78EFDA0E05C495C4813469A
:10242000012210B0BDE8F041F1F70EBD524C20463C
:10243000EDF74EFB2075F7F7ABBE4F4B1146187DFD
:10244000F2F7E6FA8AE04C48EDF742F8F7F7A0BE5B
:10245000494803681B69FBF76DBF4748EDF7D8F89B
:10246000F7F796BE444CA1692046ECF781FFE06186
:10247000F7F78EBE474B08930CAE3B4B099308A968
:102480003A4B0A933046F6F769FF00238DF81C306B
:10249000DDE90601CDE902548DE8030096E80F005E
:1024A000F1F704FC5AE03C493C481346012210B0C5
:1024B000BDE8F041F1F7EABC2F4C94F8201020461B
:1024C000ECF78CFF6062F7F763BE354B08930CAEF8
:1024D000344B099308A9344B0A933046F6F748FF6A
:1024E000CDE901540023ADF80030ADF8183096E87E
:1024F0000F00F1F739FF31E027492C48134601223C
:1025000010B0BDE8F041F1F7C1BC1B4C2046ECF720
:10251000ABFFA062F7F73CBE1F49254813460122D6
:1025200010B0BDE8F041F1F7B1BC134C2046ECF718
:10253000D5FFC4E90C01F7F72BBE1E491E48134610
:10254000012210B0BDE8F041F1F73EBB0A48ECF7BC
:10255000D7FFF7F71DBE002000E0002010B0BDE857
:10256000F08100BFC4A30020192F02081D2F02080C
:10257000B92E0208C8A30020C0A30020F80F002035
:10258000CCA30020B12E0208B52E02087D2E020831
:10259000D0A30020D8A30020852E0208DCA30020B1
:1025A000E0A30020392F02083D2F0208E4A30020F9
:1025B000E8A300209D2E0208F0A3002010B50446D9
:1025C000CDF742FEFCEEC07A012017EE903A237060
:1025D00010BD00BF37B500230DF103000D468DF887
:1025E0000330FFF7EBFF044650B19DF803308DF840
:1025F000043001238DF8053001992846F6F716FBC3
:10260000204603B030BD37B500230DF103000D4661
:102610008DF80330FFF7D2FF044650B19DF8033028
:102620008DF8043001238DF8053001992846F6F71E
:10263000F7FB204603B030BD37B500230DF1030092
:102640000D468DF80330FFF7B9FF044650B19DF8F1
:1026500003308DF8043001238DF8053001992846A8
:10266000F6F7ACFB204603B030BD37B500230DF1C3
:1026700003000D468DF80330FFF7A0FF044650B16C
:102680009DF803308DF8043001238DF80530019951
:102690002846F6F761FB204603B030BD37B500236E
:1026A0000DF103000D468DF80330FFF787FF044658
:1026B00050B19DF803308DF8043001238DF80530BA
:1026C00001992846F6F780FA204603B030BD37B5A9
:1026D00000230DF103000D468DF80330FFF76EFF68
:1026E000044650B19DF803308DF8043001238DF875
:1026F000053001992846F6F7FDFA204603B030BDB3
:1027000037B500230DF103000D468DF80330FFF7B8
:1027100055FF044650B19DF803308DF80430012375
:102720008DF8053001992846F6F71CFA204603B0CB
:1027300030BD37B500230DF103000D468DF8033091
:10274000FFF73CFF044650B19DF803308DF804308C
:1027500001238DF8053001992846F6F793FB2046B2
:1027600003B030BD37B500230DF103000D468DF8E1
:102770000330FFF723FF044650B19DF803308DF876
:10278000043001238DF8053001992846F6F778F9D1
:10279000204603B030BD37B500230DF103000D46D0
:1027A0008DF80330FFF70AFF044650B19DF803305F
:1027B0008DF8043001238DF8053001992846F6F78D
:1027C00067FA204603B030BD37B500230DF1030092
:1027D0000D468DF80330FFF7F1FE044650B19DF829
:1027E00003308DF8043001238DF805300199284617
:1027F000F6F778F9204603B030BD000038B5012067
:10280000F0F77EFDAD4B04461880F0F779FDAC4B38
:10281000AC491A6840EA044012F00102086000F076
:10282000A482A94B1A6812F0010200F08982A74B1A
:102830001A6812F0010200F06E82A54B1A6812F0BD
:10284000010200F05382A34B1A6812F0010200F05B
:102850003882A14B1A6812F0010200F01D829F4BD2
:102860001A6812F0010200F002829D4B1A6812F001
:10287000010200F0E7819B4B1A6812F0010200F0A0
:10288000CC81994B1A6812F0010200F0B181974B8C
:102890001A6812F0010200F09681954B1A6812F046
:1028A000010200F07B81934B1A6812F0010200F0E4
:1028B000EF80914B1A6812F0010200F0D4808F4B28
:1028C0001A6812F0010200F0B9808D4B1A6812F0FC
:1028D000010200F09E808B4B1A6812F0010200F09A
:1028E0008380894B1A6812F0010268D0874B1A68FE
:1028F00012F001024ED0864B1A6812F0010234D059
:10290000844B1A6812F001021AD0834B1A6812F035
:10291000010200D038BD814C8148824D01211960EF
:10292000C4E90050804904F10800F2F76BF97F4BCD
:1029300003F1180103F12802C4E90031A26038BD97
:102940007B4C7748774D01211960C4E900507949E3
:1029500004F10800F2F756F9774B03F1180103F17F
:102960002802C4E90031A260CFE7744C6C486D4D79
:1029700001211960C4E90050714904F10800F2F71F
:1029800041F9704B03F1180103F12802C4E9003149
:10299000A260B5E76C4C6248624D01211960C4E940
:1029A00000506A4904F10800F2F72CF9684B03F172
:1029B000180103F12802C4E90031A2609BE7654CCD
:1029C0005748584D01211960C4E90050624904F18B
:1029D0000800F2F717F9614B03F1180103F128021F
:1029E000C4E90031A26081E75D4C4D484D4D0121A5
:1029F0001960C4E900505B4904F10800F2F702F9DC
:102A0000594B03F1180103F12802C4E90031A26017
:102A100067E7564C4248434D01211960C4E9005014
:102A2000534904F10800F2F7EDF8524B03F1180195
:102A300003F12802C4E90031A2604CE74E4C38484B
:102A4000384D01211960C4E900504C4904F10800D7
:102A5000F2F7D8F84A4B03F1180103F12802C4E950
:102A60000031A26031E7474C2D482E4D01211960FD
:102A7000C4E90050444904F10800F2F7C3F8434B9D
:102A800003F1180103F12802C4E90031A26016E73E
:102A90003F4C2348234D01211960C4E900503D49B2
:102AA00004F10800F2F7AEF83B4B03F1180103F113
:102AB0002802C4E90031A260FBE600BF0CEA002056
:102AC0004CE8002008EA002048E8002044E8002004
:102AD00040E800203CE8002038E8002034E80020EE
:102AE00030E800202CE8002028E8002024E800201E
:102AF00020E800201CE8002018E8002014E800204E
:102B000010E800200CE8002008E8002004E800207D
:102B100000E80020FCE70020F8E7002050E8002053
:102B200048CA030858CA030814C10308A8CE0308FA
:102B300064E8002014C1030874CE030878E800207C
:102B400014C1030840CE03088CE8002014C1030818
:102B50000CCE0308A0E8002014C10308D8CD030858
:102B6000B4E8002014C10308A4CD0308C8E800207D
:102B700014C1030870CD0308DCE8002014C1030869
:102B80003CCD0308F0E8002014C1030808CD030879
:102B900004E9002014C10308D4CC03087D4C7E480E
:102BA0007E4D01211960C4E900507D4904F10800FF
:102BB000F2F728F87B4B03F1180103F12802C4E96E
:102BC0000031A2606FE6784C7348744D01211960A2
:102BD000C4E90050754904F10800F2F713F8744B8A
:102BE00003F1180103F12802C4E90031A26054E6A0
:102BF000704C6948694D01211960C4E900506E4963
:102C000004F10800F1F7FEFF6C4B03F1180103F12A
:102C10002802C4E90031A26039E6694C5E485F4D84
:102C200001211960C4E90050664904F10800F1F778
:102C3000E9FF654B03F1180103F12802C4E90031F3
:102C4000A2601EE6614C5448544D01211960C4E94C
:102C500000505F4904F10800F1F7D4FF5D4B03F128
:102C6000180103F12802C4E90031A26003E65A4CBE
:102C700049484A4D01211960C4E90050574904F1FF
:102C80000800F1F7BFFF564B03F1180103F12802CA
:102C9000C4E90031A260E8E5524C3F483F4D0121B4
:102CA0001960C4E90050504904F10800F1F7AAFF87
:102CB0004E4B03F1180103F12802C4E90031A26070
:102CC000CDE54B4C3448354D01211960C4E9005025
:102CD000484904F10800F1F795FF474B03F118014B
:102CE00003F12802C4E90031A260B2E5434C2A484E
:102CF0002A4D01211960C4E90050414904F108003E
:102D0000F1F780FF3F4B03F1180103F12802C4E9FA
:102D10000031A26097E53C4C1F48204D012119600D
:102D2000C4E90050394904F10800F1F76BFF384B52
:102D300003F1180103F12802C4E90031A2607CE527
:102D4000344C1548154D01211960C4E90050324931
:102D500004F10800F1F756FF304B03F1180103F1BD
:102D60002802C4E90031A26061E52D4C0A480B4DF0
:102D700001211960C4E900502A4904F10800F1F763
:102D800041FF294B03F1180103F12802C4E9003186
:102D9000A26046E518E9002048CA030858CA03089B
:102DA00014C10308A0CC03082CE9002014C10308B7
:102DB0006CCC030840E9002014C1030838CC030898
:102DC00054E9002014C1030804CC030868E900207A
:102DD00014C10308D0CB03087CE9002014C1030808
:102DE0009CCB030890E9002014C1030868CB0308BA
:102DF000A4E9002014C1030834CB0308B8E900207B
:102E000014C1030800CB0308CCE9002014C1030857
:102E1000CCCA0308E0E9002014C1030898CA0308DB
:102E2000F4E9002014C1030864CA030882B08DE8E5
:102E30000C00049B0C2B20D8DFE803F01E07090BC5
:102E40000D0F11131517191B1D00103214E020323D
:102E500012E0303210E040320EE050320CE06032CE
:102E60000AE0703208E0803206E0903204E0A032DE
:102E700002E0B03200E0C032026002B070470000F1
:102E800082B08DE80C00049B3BB1012B0AD1064BAC
:102E900043600232054B026003E0054B4360054B83
:102EA0000260836002B07047A92E0208AD2E0208AE
:102EB000C9380208414E020882B08DE80C00049B1C
:102EC0000BB90432026002B07047000082B08DE896
:102ED0000C00049B042B1ED8DFE803F003080D123E
:102EE00018000E4B436002600D4B13E00D4B436026
:102EF00002600D4B0EE00D4B436002600C4B09E08D
:102F00000C4B43600B320C4B026003E00B4B4360F5
:102F10000B4B0260836002B0704700BFE1380208CB
:102F2000FD4D0208D9380208154E02088D2E020800
:102F3000952E0208A92E0208AD2E0208D1380208EB
:102F40002D4E020882B08DE80C00049B1BB1012BB2
:102F500005D1026003E0034B43601432026002B00B
:102F6000704700BF892E020882B08DE80C00049BD8
:102F7000012B03D0022B03D043B902E0043200E05E
:102F80000832034B4360034B0260836002B070471A
:102F90008D2E0208952E020882B08DE80C00049B4D
:102FA0000BB90432026002B07047000082B08DE8B5
:102FB0000C00049B012B03D0022B03D043B902E089
:102FC000043200E00832034B4360034B026083602D
:102FD00002B070478D2E0208952E020882B08DE84F
:102FE0000C00049B052B1BD8DFE803F0030A0D112E
:102FF00014180C4B436010320B4B026083600FE0DF
:103000000A4B026008E01432094B026004E0094BED
:10301000026001E0084B0260436001E0043202609C
:1030200002B07047592F02085D2F020805390208C7
:103030007D2E0208F9380208ED38020882B08DE8CA
:103040000C00049B23B9034B4360034B0260836075
:1030500002B070478D2E0208952E020882B08DE8CE
:103060000C00049B052B16D8DFE803F00305080CC1
:103070000F132C3203E0094B026008E03032084B9A
:10308000026004E0074B026001E0074B026043600E
:1030900001E00432026002B0704700BF2939020823
:1030A0007D2E02081D3902081139020882B08DE810
:1030B0000C00049B142B5CD8DFE803F00B101517F1
:1030C000191E232527292F34363B3D3F45474D53B5
:1030D0005500294B43600260284B49E0284B436070
:1030E0000260284B44E0203228E02C3234E0264BAA
:1030F00043600260254B3BE0254B43600260254B5B
:1031000036E01C3204E0143202E0183216E02832B5
:10311000214B43600260214B2AE0214B4360026057
:10312000204B25E02D3217E01F4B436002601F4B00
:103130001EE0043202E0083200E00C321C4B436017
:1031400002601C4B14E02F3206E01B4B4360303210
:103150001A4B02600CE03132194B43600260194B8C
:1031600006E04E3200E05032174B4360174B0260CE
:10317000836002B0704700BF492F02084D2F02083C
:1031800065390208754D020859390208954D020843
:103190004D390208B14D0208192F02081D2F0208EF
:1031A00041390208CD4D020835390208E94D0208BF
:1031B0008D2E0208952E0208392F02083D2F020895
:1031C000A92E0208AD2E0208512F0208552F020821
:1031D00082B08DE80C00049B122B47D8DFE803F087
:1031E0000A101216181C1E212426292B2D313436C4
:1031F000383F44001E4B43608C321E4B02602CE073
:103200008F3200E08E321C4B02602BE0903200E0E7
:1032100094321A4B026025E0983221E0184B02608C
:1032200020E0184B02601DE0AC3219E0164B026042
:1032300018E0B03214E0B43212E0F232134B026004
:1032400010E0134B02600DE0B83209E0C43207E031
:10325000104B4360C832104B0260836006E0CC32F2
:103260000E4B0260436001E03432026002B07047EE
:10327000412F0208452F0208892E0208B92E0208A4
:1032800095390208893902087D390208A52E0208FD
:1032900071390208192F02081D2F02087D2E02081D
:1032A00082B08DE80C00049B032B0DD8DFE803F0FF
:1032B00007020406043202E0083200E00C32034B3D
:1032C0004360034B0260836002B070478D2E02089A
:1032D000952E020882B08DE80C00049B062B2DD899
:1032E000DFE803F004070B11151D2400144B0260E6
:1032F0001AE002F5615204321BE002F56152053218
:10330000104B026010E002F56152083202E002F553
:1033100061520C320C4B436002600C4B0DE002F525
:10332000615210320A4B0260436007E002F56152BD
:103330001432084B4360084B0260836002B0704750
:10334000852E0208892E02088D2E0208952E02086D
:103350007D2E0208A92E0208AD2E020882B08DE84B
:103360000C00049B1D2B79D8DFE803F00F12161A0E
:103370001E22272D2F31333537394E3B41436E6A9C
:10338000484C50545C6164686C7002F5625224E0F1
:1033900002F56252193225E002F562521B3221E039
:1033A00002F5625218321DE002F562521A3219E03B
:1033B0002B4B436002602B4B4FE02B4B43600132A1
:1033C0002A4B026049E0043243E0083241E00C320B
:1033D0003FE018323DE010323BE0143239E01C325D
:1033E00037E02432224B43600260224B35E0283222
:1033F0002FE0214B43600260204B2EE002F5625229
:103400001C320AE002F56252203222E002F56252DA
:1034100024321EE002F562522832194B43600260EA
:10342000184B1AE0184B43600260184B15E03C3211
:10343000026013E002F562522C320AE002F5625299
:10344000303206E002F56252383202E002F5625292
:1034500034320F4B43600F4B0260836002B0704701
:10346000B1390208214D0208312F0208352F020818
:10347000A92E0208AD2E0208A9390208394D02080A
:10348000392F02083D2F0208A1390208594D0208C0
:103490008D2E0208952E020882B08DE80C00049B48
:1034A0000F2B58D8DFE803F00810191E2226292D0B
:1034B00031373B4347494E5102F56352274B436036
:1034C0001C32274B026006E002F563522032254B86
:1034D0004360254B026083603DE0244B4360026003
:1034E000234BF8E702F564521832F0E702F5645214
:1034F0001C32ECE702F5645229E002F5645208320E
:1035000026E002F56452103222E002F564523D32A8
:10351000184B02601EE002F564520C32D7E702F548
:103520006452154B43603E32144B0260D3E702F500
:1035300064523832CBE7183202E002F56452283286
:10354000026008E002F5655202E002F565520432BD
:103550000B4B0260436002B0704700BF292F020886
:103560002D2F02088D2E0208952E0208C13902085F
:10357000054D0208892E0208A92E0208AD2E020868
:103580007D2E020882B08DE80C00049B192B5ED8BA
:10359000DFE803F00D12181A1C2126282E303234D1
:1035A00036383A3F41434547494B51535557294BCC
:1035B00043600260284B49E0284B43600432284BAB
:1035C000026043E008323DE00C323BE0254B4360B3
:1035D0000260254B3AE0254B43600260244B35E006
:1035E00018322FE0234B43601C32234B02602DE046
:1035F000203227E0243225E0283223E0343221E053
:1036000038321FE02C321DE01C4B436002601C4B23
:103610001CE03C3216E0403214E0443206E048320E
:1036200010E04C320EE0503200E05132154B436056
:103630000260154B0AE0543204E0583202E05C327A
:1036400000E06032114B4360114B0260836002B0B6
:10365000704700BFED390208954C0208192F020887
:103660001D2F0208E5390208B14C0208D9390208B9
:10367000C94C0208212F0208252F0208CD39020863
:10368000E14C0208A92E0208AD2E02088D2E020878
:10369000952E020882B08DE80C00049B112B3FD8B8
:1036A000DFE803F0090C0F1114171A1D2023262937
:1036B0002B2D2F31383A1B4B026030E01A4B026041
:1036C0002DE0143220E0194B026028E0184B026014
:1036D00025E0184B026022E0174B02601FE0174BF9
:1036E00002601CE0164B026019E0164B026016E007
:1036F000154B026013E08C320FE090320DE0A432E3
:103700000BE0943200E09832104B4360104B0260A3
:10371000836005E09C3200E0A0320E4B0260436003
:1037200002B07047599302083D9302081D930208A6
:1037300001930208E1920208C5920208253A0208A4
:10374000093A0208A5920208899202088D2E020801
:10375000952E02087D2E020882B08DE80C00049B95
:10376000072B1ED8DFE803F00412090B0D0F111709
:103770000D4B436002600D4B12E0043206E008324C
:1037800004E00C3202E0143200E01832084B4360CF
:103790000260084B04E0084B43601C32074B026098
:1037A000836002B0704700BF2D3A0208714C0208D6
:1037B0008D2E0208952E0208A92E0208AD2E0208B1
:1037C00082B08DE80C00049B23B1012B06D12C3272
:1037D000026003E0024B43601032026002B07047A7
:1037E0007D2E020882B08DE80C00049B012B03D0D3
:1037F000022B07D063B900E00432064B436002603D
:10380000054B04E0054B43600832054B02608360C2
:1038100002B070478D2E0208952E0208A92E0208CC
:10382000AD2E020882B08DE80C00049B23B1012B61
:1038300006D12C32026003E0024B4360103202607A
:1038400002B070477D2E020882B08DE80C00049B08
:10385000142B4DD8DFE803F00B0D14161A1D20238E
:103860002527292B3134373C3E4143454A009832C5
:103870001EE0204B436090321F4B0260836037E0B4
:103880009C3200E09E321D4B02602DE01C4B02601A
:103890002AE01C4B026027E01B4B026024E0B032A0
:1038A00006E0B43204E0B83202E0C0320DE0C432C7
:1038B000164B43600260164BE0E702F5B87204E075
:1038C00002F5BA7201E002F5BC72124B02600BE025
:1038D000536900E0936903600AE0C83207E0883268
:1038E00000E08C320C4B0260436001E01C3202604D
:1038F00002B07047092F0208112F0208892E020812
:10390000399202081D920208FD9102088D2E0208CC
:10391000952E02087D2E0208852E020882B08DE8C1
:103920000C00049B0B2B25D8DFE803F01F060C0EC0
:1039300010121416181A1C1E0F4B436004320F4B42
:10394000026016E0083210E00C320EE010320CE09B
:1039500014320AE0183208E01C3206E0203204E09B
:10396000243202E0283200E02C32054B4360054B44
:103970000260836002B07047A92E0208AD2E0208D3
:10398000B12E0208B52E020882B08DE80C00049B0F
:10399000082B1ED8DFE803F00E0507090B0D1315E1
:1039A0001700043206E0083204E00C3202E0103264
:1039B00000E01432084B43600260084B08E0183204
:1039C00002E0193200E01A32054B4360054B0260F9
:1039D000836002B0704700BF8D2E0208952E02084A
:1039E000A92E0208AD2E020882B08DE80C00049BBF
:1039F000042B10D8DFE803F00A030507090004329E
:103A000004E0083202E00C3200E01032034B436065
:103A1000034B0260836002B0704700BF8D2E020826
:103A2000952E020882B08DE80C00049B0F2B36D82F
:103A3000DFE803F01D080A0C0E101214161C2227D2
:103A40002D2F3133013212E0023210E003320EE04A
:103A500004320CE005320AE0063208E0073206E0E4
:103A6000104B43600832104B02600EE00C320F4BDB
:103A7000436002600E4B08E00E4B436002600E4B49
:103A800003E00E4B43600E4B0260836007E014328C
:103A900004E0303202E04C3200E06832026002B0F2
:103AA000704700BF8D2E0208952E0208A92E02082D
:103AB000AD2E02083D3A02083D4C0208353A020894
:103AC000594C020882B010B502A981E80C000446E6
:103AD00010220021CCF7C0FC2046BDE8104002B007
:103AE000704700BFA1F10401ECE700BF82B010B540
:103AF00002A981E80C00044610220021CCF7ACFC9E
:103B00002046BDE8104002B0704700BFA1F104019B
:103B1000ECE700BF82B08DE80C00049B112B55D858
:103B2000DFE803F00910151B20252D3436393C3F02
:103B30004144474A4D51264B436002F51272254BD2
:103B400002601AE002F51372234B026003E002F5F3
:103B50001672224B0260436038E002F51472204B6B
:103B60000260F8E7D2F8783203601E4BF3E71E4B91
:103B7000436002F51B721D4B0260836026E01C4B04
:103B8000436002F51F721B4B0260F6E710321CE027
:103B9000D2F8583115E0D2F8003112E0D2F8AC304A
:103BA0000FE0B03211E0D2F8FC300AE0D2F85C311C
:103BB00007E0D2F8603104E0D2F8643101E0D2F8D5
:103BC0006831036002E002F5B672026002B070472D
:103BD000ED2E0208F12E0208892E0208852E020819
:103BE000F52E0208FD2E0208012F0208052F0208FB
:103BF000A92E0208AD2E020882B08DE80C00049BAD
:103C0000012B07D0022B07D063B9074B436002603A
:103C1000064B06E0043200E00832054B4360054BDA
:103C20000260836002B07047D52E0208DD2E0208C4
:103C30008D2E0208952E020882B08DE80C00049BA0
:103C40002C2B00F28880DFE803F017191B1D1F21C1
:103C5000232527292B2D333537393B3D434547490C
:103C60004F5557595B5D5F61636567696B6D6F7138
:103C70007375777E80828400113224E0123222E054
:103C8000133220E0143230E018322EE01C322CE0E7
:103C9000203218E0213216E0253204E0223202E020
:103CA000233200E024322D4B436002602C4B48E06D
:103CB000283214E02C3212E0303204E034320EE0CC
:103CC00038320CE03C32274B43600260264B38E030
:103CD000403204E0443202E0483200E04C32234BF0
:103CE00043600260224B2CE05032224B4360026062
:103CF000214B26E0A8322DE0B4322BE001321CE04B
:103D000002321AE0033218E0043216E0053214E001
:103D1000063212E0073210E008320EE009320CE001
:103D20000A320AE00B3208E00C3206E00D3204E001
:103D30000E3202E00F3200E01032104B4360104BA5
:103D40000260836007E0543204E0603202E06C32CB
:103D500000E07832026002B0704700BFCD2E02084A
:103D6000D12E0208A92E0208AD2E02088D2E0208BF
:103D7000952E0208B12E0208B52E0208E52E020883
:103D8000E92E020882B08DE80C00049B3BB1012BA8
:103D90000AD1064B43600432054B026003E0054B39
:103DA0004360054B0260836002B07047C52E020875
:103DB000C92E0208453A0208214C020882B08DE85B
:103DC0000C00049B23B1012B08D10832026005E0EE
:103DD000034B43600432034B0260836002B07047C0
:103DE000BD2E0208C12E020882B08DE80C00049B93
:103DF0001BB9034B43600C32026002B0704700BF36
:103E0000852E020882B08DE80C00049B032B0ED88F
:103E1000DFE803F002050709064B026006E0043202
:103E200002E0083200E00C32034B0260436002B053
:103E3000704700BFA52E0208852E020882B08DE8CB
:103E40000C00049B012B03D0022B03D033B902E0FA
:103E5000043200E00832024B0260436002B0704757
:103E6000852E020882B010B502A981E80C00044634
:103E700010220021CCF7F0FA2046BDE8104002B035
:103E8000704700BFA1F10401ECE700BF82B08DE8EC
:103E90000C00049B152B3DD8DFE803F00B0D0F1130
:103EA000131517191B1D1F212325292B2D2F3133E6
:103EB000383A043218E0083216E00C3214E01032BE
:103EC00012E0143210E01C320EE018320CE0203206
:103ED0000AE0243208E0283206E02C3204E03032D6
:103EE00002E0343200E038320B4B02600CE03C322E
:103EF00008E0403206E0443204E0483202E04C324E
:103F000000E05032054B0260436003E0536D00E077
:103F1000936D036002B07047852E0208B92E020827
:103F200082B08DE80C00049B032B10D8DFE803F06F
:103F300005020409043200E00832064B02604360C7
:103F400005E0054B43600C32044B0260836002B015
:103F5000704700BF852E0208B12E0208B52E020858
:103F600082B08DE80C00049B032B09D8DFE803F036
:103F700007020406103202E0203200E03032026014
:103F800002B0704782B010B502A981E80C00044667
:103F900010220021CCF760FA2046BDE8104002B0A4
:103FA000704700BFA1F10401ECE700BF82B010B57B
:103FB00002A981E80C00044610220021CCF74CFA3B
:103FC0002046BDE8104002B0704700BFA1F10401D7
:103FD000ECE700BF82B010B502A981E80C000446EE
:103FE00010220021CCF738FA2046BDE8104002B07C
:103FF000704700BFA1F10401ECE700BF82B010B52B
:1040000002A981E80C00044610220021CCF724FA12
:104010002046BDE8104002B0704700BFA1F1040186
:10402000ECE700BF82B010B502A981E80C0004469D
:1040300010220021CCF710FA2046BDE8104002B053
:10404000704700BFA1F10401ECE700BF82B08DE82A
:104050000C00049B252B00F29480DFE803F0131979
:104060001B1D1F21232527292B2E30373B3D3F4188
:104070004345474B4D5055595C64686A7074767A75
:1040800082898E90404B43603832404B02601BE087
:10409000D36B36E0136C34E0536C0CE0936C30E07F
:1040A000D36C2EE0136D2CE0536D2AE0936D24E069
:1040B000D36D22E0136E03603FE0536E21E0344B7A
:1040C00043606832334B026083605AE0D36E036012
:1040D000314B4BE070320AE0713208E0723206E098
:1040E000733204E0743202E0753200E076322B4B1A
:1040F00002603BE0936F00E0D36F036035E0D2F8DD
:1041000080300360264B31E002F585427C3213E0BB
:1041100002F5864210E002F58642224B43600432EB
:10412000214B0260D0E702F58642083223E0843258
:1041300021E002F585426C3202601C4B16E002F56C
:104140008542703210E0E03215E002F5824204321E
:1041500011E002F58542164B43607432154B026044
:10416000B2E702F5864248320260134B436008E032
:1041700002F583421C32026003E0104B00E0104B5A
:10418000036002B0704700BF752E0208792E020846
:104190008D2E0208952E02089D2E0208A52E0208DB
:1041A0007D2E0208A92E0208AD2E0208852E0208D7
:1041B000B12E0208B52E0208892E020880100020B8
:1041C0003013002070B51E46D1E90003154698470C
:1041D000034A034631462846CDF7C2FE012070BD92
:1041E000FFC0030810B5D1E9000314469847002327
:1041F000303020706370012010BD000070B51E4685
:10420000D1E9000315469847034A0346314628463C
:10421000CDF7A6FE012070BD009C030870B51E46B8
:10422000D1E9000315469847034A0346314628461C
:10423000CDF796FE012070BD08C1030837B51D46B5
:10424000D1E9000314469847044ACDE90001294604
:104250002046CDF785FE012003B030BD0FC1030815
:1042600070B51E46D1E9000315469847034A034638
:1042700031462846CDF774FE012070BD009C03082E
:104280007047000037B51D46D1E900031446984732
:1042900010EE100AD6F77AFD044ACDE9000129464E
:1042A0002046CDF75DFE012003B030BDFCC0030801
:1042B00037B51D46D1E9000314469847044ACDE9B5
:1042C000000129462046CDF74BFE012003B030BD4A
:1042D00003C103082DE9F04397B005460E4606A832
:1042E0004021CDF73DFE4028044628BF4024002E43
:1042F00000F08C80034648B1002306A91A4611F845
:10430000010B0132A24283EA0003F8D306A8C4F1EC
:1043100040012044424ACDF723FE0444D5E9C302BC
:10432000511C402CC1F3080128BF402406AB814238
:1043300003EB040805F58676034617D002F2FF1258
:10434000C2F30807B84230D806A93C1AA8EB010806
:10435000444528BF444630442246CDF759FED5F89F
:104360000C332344C3F30803C5F80C3395F8142326
:10437000C2B9D5F810239A422ED2012085F8140331
:10438000D5F81C03324404680492264A2468334456
:1043900002A90593CDE90226009104AA06CA05F5F3
:1043A0004673A04717B0BDE8F083C0F50079A1457A
:1043B00028BFA1464A4606A93044CDF729FED5F8C4
:1043C0000C3306A94C4594BF091949449944C9F3D3
:1043D0000800C5F80C03B8E7E4D9D5F81C03036856
:1043E00001211C6885F8141302AB0093324405F5D3
:1043F000467305F54375049205950A49029104AA8E
:1044000006CA0396A04717B0BDE8F08306ABC4F117
:1044100040011819044ACDF7A3FD02347EE700BF1E
:10442000049C0308F94603080C9C03082DE9F0439B
:1044300097B005469DF878409DF87C000094019067
:104440000E4606A84021CDF78BFD4028044628BF24
:104450004024002E00F08C80034648B1002306A9BA
:104460001A4611F8010B0132A24283EA0003F8D385
:1044700006A8C4F140012044424ACDF771FD04442E
:10448000D5E9C302511C402CC1F3080128BF4024C8
:1044900006AB814203EB040805F58676034617D088
:1044A00002F2FF12C2F30807B84230D806A93C1A3C
:1044B000A8EB0108444528BF444630442246CDF7C6
:1044C000A7FDD5F80C332344C3F30803C5F80C3318
:1044D00095F81423C2B9D5F810239A422ED20120A0
:1044E00085F81403D5F81C03324404680492264A64
:1044F0002468334402A90593CDE90226009104AA59
:1045000006CA05F54673A04717B0BDE8F083C0F5AD
:104510000079A14528BFA1464A4606A93044CDF7F7
:1045200077FDD5F80C3306A94C4594BF09194944C9
:104530009944C9F30800C5F80C03B8E7E4D9D5F8E5
:104540001C03036801211C6885F8141302AB009357
:10455000324405F5467305F54375049205950A49FD
:10456000029104AA06CA0396A04717B0BDE8F083DB
:1045700006ABC4F140011819044ACDF7F1FC02342E
:104580007EE700BF049C0308F94603080C9C03085F
:104590002DE9F04399B00546219801902298209C7E
:1045A00002902398009403900E4608A84021CDF76E
:1045B000D7FC4028044628BF4024002E00F08C8001
:1045C000034648B1002308A91A4611F8010B01322D
:1045D000A24283EA0003F8D308A8C4F140012044B2
:1045E000424ACDF7BDFC0444D5E9C302511C402C1E
:1045F000C1F3080128BF402408AB814203EB040843
:1046000005F58676034617D002F2FF12C2F30807BB
:10461000B84230D808A93C1AA8EB0108444528BF85
:10462000444630442246CDF7F3FCD5F80C332344FE
:10463000C3F30803C5F80C3395F81423C2B9D5F8B1
:1046400010239A422ED2012085F81403D5F81C03BA
:10465000324404680692264A2468334404A9079326
:10466000CDE90426009106AA06CA05F54673A047BF
:1046700019B0BDE8F083C0F50079A14528BFA14677
:104680004A4608A93044CDF7C3FCD5F80C3308A935
:104690004C4594BF091949449944C9F30800C5F829
:1046A0000C03B8E7E4D9D5F81C03036801211C68A2
:1046B00085F8141304AB0093324405F5467305F5F1
:1046C0004375069207950A49049106AA06CA0596FB
:1046D000A04719B0BDE8F08308ABC4F14001181938
:1046E000044ACDF73DFC02347EE700BF049C03087A
:1046F000F94603080C9C030830B589B002AB83E887
:10470000060003469DF808000399002283F808225A
:10471000C3F80C2228BB8B4200D9FEE703F50075D5
:104720008D42FAD3CA1AD3F80012C2F308028A42A1
:10473000C3F8042217D314D9D3F8100207951A44EA
:1047400001210468069283F808120D49246804AA1E
:10475000009208AACDE9041312E9060003F50373D9
:10476000A04709B030BDD3F810021A4419444FF0E5
:10477000010C0468069283F808C20791E5E700BFC0
:10478000F946030810B50246034600F5847152F855
:10479000080B86B0046824680492054A0591CDE9A7
:1047A000022304A902AB01AAA04706B010BD00BFB6
:1047B000DD6C03080B1A00B54FEAA30EBEF1000F23
:1047C00019DD137800EB8E0E0EE090F801C09C45C9
:1047D00024D090F802C09C4523D090F803C09C459B
:1047E00022D00430864505D090F800C09C45ECD11D
:1047F0005DF804FB0B1A022B05D0032B19D0012BFB
:1048000015D00846F4E7137802789A42F0D00130C8
:1048100002789A4218BF08465DF804FB01305DF843
:1048200004FB02305DF804FB03305DF804FB1378F1
:10483000EEE7137802789A42DAD00130E4E700BF5D
:104840002DE9F04F0D4614469C46074606460FCD0F
:104850000FC793B02B683B600DAA002304EB0C013B
:1048600020468DF83430FFF7A5FF4FF02E0B804621
:10487000444556D23569002D53D00DAA41462046F5
:104880008DF834B0FFF796FFAB68059607462E46C5
:10489000A0EB040A06934FF000092546069B9945B4
:1048A0002ED0726852F839404FEAC9035246214669
:1048B00028460793CCF708F9F8B92046CBF760FDF6
:1048C00082451AD13546059E2C68CDF80890D6E968
:1048D00002018DE80300294696E80C00246808A828
:1048E000A0476B68079A134408ADD3F804C0CDF80D
:1048F00030C00FCD0DAC0FC405E009F10109CDE7C3
:10490000059E4FF0000CCDF844C00DAD0FCD3446E0
:104910000FC401374745C4F800C03C4628BF444691
:10492000A6E7304613B0BDE8F08F0000014A0160F1
:1049300002617047E8EA00202DE9F04397B00E4687
:104940000546402106A8CDF70BFB4028044628BFAA
:104950004024002E00F08C80034648B1002206A9B6
:10496000134611F8010B0132A24283EA0003F8D387
:1049700006A8C4F140012044424ACDF7F1FA0444AC
:10498000D5E9C302511C402CC1F3080128BF4024C3
:1049900006AB814203EB040805F58676034617D083
:1049A00002F2FF12C2F30807B84230D806A93C1A37
:1049B000A8EB0108444528BF444630442246CDF7C1
:1049C00027FBD5F80C332344C3F30803C5F80C3395
:1049D00095F81423C2B9D5F810239A422ED201209B
:1049E00085F81403D5F81C03324404680492264A5F
:1049F0002468334402A90593CDE90226009104AA54
:104A000006CA05F54673A04717B0BDE8F083C0F5A8
:104A10000079A14528BFA1464A4606A93044CDF7F2
:104A2000F7FAD5F80C3306A94C4594BF0919494447
:104A30009944C9F30800C5F80C03B8E7E4D9D5F8E0
:104A40001C03036801211C6885F8141302AB009352
:104A5000324405F5467305F54375049205950A49F8
:104A6000029104AA06CA0396A04717B0BDE8F083D6
:104A700006ABC4F140011819044ACDF771FA0234AB
:104A80007EE700BF049C0308F94603080C9C03085A
:104A90002DE9F0474B78732BACB00546904600F0FB
:104AA0007B8100260C46402231460CA80796CBF7A6
:104AB000D3FCAE4907AA2046CBF720FD012800F021
:104AC000CB80AB4907AA2046CBF718FD012815D0AB
:104AD000A84907AA2046CBF711FD012823D0A649F3
:104AE00007AA2046CBF70AFD012831D0A34A414648
:104AF0002846FFF721FF2CB0BDE8F08707980CA9E6
:104B000002F042FE0028E3D0DDE914321399CDE92A
:104B10000232129A079BCDE900212846984A414665
:104B2000FFF736FDE7E707980CA902F02DFE0028F5
:104B3000D5D0DDE918321799CDE90232169A079BD4
:104B4000CDE9002128468F4A4146FFF721FDD2E7F3
:104B500007980CA902F018FE0028C7D01B9B1A98D2
:104B60000293D6F713F9079C874A1CAFCDE90001E1
:104B7000234640213846CDF7F3F9402828BF40208E
:104B80000446B8F1000F00F0E481002339461A46CC
:104B900011F8010B0132A24283EA0003F8D3C4F1F9
:104BA00040013819794ACDF7DBF90444D5E9C3024D
:104BB000511C402CC1F3080128BF4024814205F557
:104BC000867607EB040803462ED002F2FF12C2F3EA
:104BD0000809484540F2BB81C0F5007AA24528BFCC
:104BE000A246524639463044CDF712FAD5F80C3376
:104BF000544594BF391907EB0A019A44CAF30800D7
:104C0000C5F80C03A9EB0004A8EB0108444528BF34
:104C1000444622463044CDF7FBF9D5F80C331C440A
:104C2000C4F30803C5F80C3395F81423002A7FF465
:104C300062AFD5F810239A4280F06D81D5F81C033D
:104C40000468B118F2180123246885F81433CDE9FB
:104C50000A1205F5467380E007980CA902F094FD4E
:104C600000283FF42EAFDDE91032CDE903320F9B6F
:104C700002930E9B01931CAF0D9B0093444A079B2C
:104C800040213846CDF76CF98146B8F1000F00F0AD
:104C9000398133463946324611F8010B01329145CC
:104CA00083EA0003F8D8C9F1400107EB0900374A4D
:104CB000CDF756F98144D5E9C304611CC1F308015D
:104CC000814205F5867607EB090803462ED004F2EB
:104CD000FF14C4F30804A04240F23781C0F5007A03
:104CE000CA4528BFCA46524639463044CDF790F9E6
:104CF000D5F80C33CA4594BF07EB0A0107EB09014D
:104D00009A44CAF30800C5F80C03241AA8EB01085A
:104D1000444528BF444622463044CDF779F9D5F8BA
:104D20000C331C44C4F30803C5F80C3395F8142362
:104D3000002A7FF4E0AED5F810239A4280F0EB8091
:104D4000D5F81C030468F11832442468CDE90A211F
:104D5000012385F8143305F546730E4A089208AA14
:104D6000009209960AAA06CAA047C4E62C9C03082A
:104D70004C9C0308549C03085C9C03087C9C03081F
:104D8000649C03089C9C0308B49C0308049C0308CF
:104D9000349C0308F946030802F0D8FC814602F06F
:104DA000DBFC824602F0DEFC044602F0E1FC064633
:104DB00002F0E4FC074602F06BFACDE903701CAF89
:104DC000CDE90146674ACDF800A04B464021384660
:104DD000CDF7C6F8402828BF40200446B8F1000FA0
:104DE0006CD0002339461A4611F8010B0132A24259
:104DF00083EA0003F8D3C4F1400138195A4ACDF7C9
:104E0000AFF80444D5E9C302511C402CC1F308019A
:104E100028BF4024814205F5867607EB0409034646
:104E20002DD002F2FF12C2F3080840454ED9C0F55A
:104E3000007AA24528BFA246524639463044CDF7F3
:104E4000E7F8D5F80C33A24594BF07EB0A013919EE
:104E50009A44CAF30800C5F80C03A8EB0004A9EBB8
:104E600001094C4528BF4C4622463044CDF7D0F8C6
:104E7000D5F80C331C44C4F30803C5F80C3395F87B
:104E80001423002A7FF437AED5F810239A421FD29C
:104E9000D5F81C030468F118324424680B96CDE958
:104EA0000C21324A0A9201230AAA85F8143300928F
:104EB0000CAA06CA05F54673A0471CE6C0F14001DE
:104EC0002B4A3818CDF74CF802349BE73946C4E733
:104ED0007FF611AED5F81C0303681C680B9605F528
:104EE00043730D93214B0A9332440AAB012185F899
:104EF00014130C9200930CAB93E8060005F546736F
:104F0000A047F8E5C0F14001194A3818CDF728F854
:104F100009F10209CFE67FF6EEADD5F81C03036870
:104F20001C68099605F543730B93104B08933244A4
:104F300008AB012185F814130A9200930AAB93E899
:104F4000060005F54673A047D5E53946DDE6394646
:104F500058E6C0F14001064A3818CDF701F802348E
:104F600024E600BF109C0308049C0308F9460308CC
:104F70000C9C030870B51446264E274A0546214668
:104F8000FFF7DAFC214632462846FFF7D5FC2146DA
:104F90002846224AFFF7D0FC21462846204AFFF740
:104FA000CBFC214628461F4AFFF7C6FC214628466F
:104FB0001D4AFFF7C1FC214628461C4AFFF7BCFCEE
:104FC000324621462846FFF7B7FC21462846184AB4
:104FD000FFF7B2FC21462846164AFFF7ADFC2146F2
:104FE0002846154AFFF7A8FC324621462846FFF717
:104FF000A3FC21462846114AFFF79EFC214628467D
:105000000F4AFFF799FC0F4A21462846FFF794FC08
:1050100070BD00BF18B90308C49C0308F09C0308C6
:10502000189D03083C9D0308609D03087C9D0308B0
:10503000909D0308D09D0308E49D0308FC9D030890
:105040000C9E0308209E0308F0B5C9B0044615461F
:10505000084608AA1B49CBF751FA00282ADD03A805
:1050600019494FF4807308AAFFF7EAFB0798FFF786
:1050700007F9C0B1154A16496FF0010302F0ECFEC2
:1050800088B103686E461F6803A932460A23B847F1
:10509000104B2946002814BF32461A462046FFF717
:1050A0004BFC49B0F0BD0C4A29462046FFF744FCB2
:1050B00049B0F0BD094A29462046FFF73DFC49B0FA
:1050C000F0BD00BF3C9E030848ED002044C103082A
:1050D00020C103082C9E03085C9E0308449E03081D
:1050E00070B5ADF5067D05461446084646AB1D492C
:1050F00006AACBF703FA002824DD01A81A4906AA5C
:105100004FF48073FFF79CFB0598FFF7B9F888B15F
:10511000164A17496FF0010302F09EFE50B1036872
:1051200046AA5E6801A94FF48073B04790B10DF5AF
:10513000067D70BD0F4A21462846FFF7FDFB0DF5A1
:10514000067D70BD0C4A21462846FFF7F5FB0DF59C
:10515000067D70BD094A21462846FFF7EDFB0DF597
:10516000067D70BD709E030848ED002044C1030811
:1051700020C103085C9E0308449E03082C9E03087C
:1051800070B586B005AC04ABCDE900348446154655
:10519000084603AB204902AA6446CBF7AFF90128C1
:1051A00032DD029B012B28D81C4E039C84464FF411
:1051B0002C7000FB03600325D0F8001101F540526C
:1051C0000D7602F61411BCF1020F0C6009D002F644
:1051D0001811049C0C60AC4503D002F61C11059C10
:1051E0000C60012182F83C194FF42C7202FB03F38E
:1051F000F3581B68984706B070BD094A29462046F7
:10520000FFF768F806B070BD064A29462046FFF74A
:1052100093FB06B070BD00BF909E03088010002075
:10522000A09E0308449E030870B586B005AC04AB8D
:10523000CDE9003484461546084603AB1F4902AA4F
:105240006446CBF75BF9012831DD029B012B27D89F
:105250001B4E039D84464FF42C7000FB0360032417
:10526000D0F8002102F54051147601F61414BCF177
:10527000020F256008D0049C9462BCF1030F03D098
:10528000D0F85821059C5464012281F83C294FF440
:105290002C7202FB03F3F3581B68984706B070BDED
:1052A000084A29462046FFF715F806B070BD064AA1
:1052B00029462046FFF740FB06B070BDB49E0308A8
:1052C00080100020A09E0308449E030830B587B0DC
:1052D00005AB009304461546084604AB1B4903AAD8
:1052E000CBF70CF901282ADD039B012B20D81849A4
:1052F000049D84464FF42C7000FB03104FF0020E07
:10530000D0F8004104F5405284F818E002F6181471
:10531000F445256003D002F61C12059C14604FF47E
:105320002C7202FB03F3CB581B68984707B030BDC3
:10533000084A29462046FEF7CDFF07B030BD064A91
:1053400029462046FFF7F8FA07B030BDC49E03088F
:1053500080100020A09E0308449E030830B583B04F
:1053600004461546084601AB14496A46CBF7C6F811
:1053700001281CDD009B012B12D8114A4FF42C711F
:1053800001FB03F39818D458D0F80021019902F5D5
:105390006453012515762268D961904703B030BD6A
:1053A000084A29462046FEF795FF03B030BD064A5D
:1053B00029462046FFF7C0FA03B030BDD09E03084F
:1053C00080100020A09E0308449E030830B583B0DF
:1053D00004461546084601AB17496A46CBF78EF8D6
:1053E000012822DD009B012B18D81449019D4FF4A0
:1053F0002C7202FB03F3581840F20354D0F800213A
:10540000148302F54052CB5802F6141401211B6894
:10541000256082F83C19984703B030BD084A2946F8
:105420002046FEF757FF03B030BD064A2946204606
:10543000FFF782FA03B030BDD89E03088010002029
:10544000A09E0308449E030830B50C4683B0034673
:1054500012492046154601AA1C46CBF74FF80028F2
:1054600014DD019B012B0AD84FF42C710C4A01FB6F
:1054700003F3D018D3581B68984703B030BD094ACE
:1054800029462046FEF726FF03B030BD064A2946CE
:105490002046FFF751FA03B030BD00BFE09E03087D
:1054A00080100020A09E0308449E03082DE9F043CD
:1054B0004B78732B99B0154606D0674A2946FFF7FB
:1054C0003BFA19B0BDE8F083044603AB881C02AA7E
:1054D0006249CBF713F8012840F39680029B012B19
:1054E00000F28A804FF42C72DFF88881039902FB66
:1054F00003F606EB0807D7F8AC0003681B6898476B
:1055000058F8063038461B689847554A039B402197
:1055100008A8CCF725FD0646002D00F09380002357
:1055200008A91A4611F8010B0132964283EA0003DA
:10553000F8D808A8C6F1400130444A4ACCF710FD1B
:105540000644D4E9C3056A1CC2F3080208AB8242D0
:1055500003EB060804F5867703462CD005F2FF1509
:10556000C5F30805A84255D9C0F50079B14528BF53
:10557000B1464A4608A93844CCF74AFDD4F80C3362
:1055800008A94E4594BF891949449944C9F30800B4
:10559000C4F80C032D1AA8EB0108454528BF454661
:1055A00038442A46CCF734FDD4F80C332B44C3F3EB
:1055B0000803C4F80C3394F81423002A81D1D4F8DA
:1055C00010239A4228D37FF67CAFD4F81C030368DB
:1055D00001211D6884F8141304AB3A44009304F5C8
:1055E000467304F5437406921F49079406AA049172
:1055F000059706CAA84764E71C4A29462046FEF7D5
:1056000069FE19B0BDE8F083134A29462046FFF72A
:1056100093F956E708A9BDE7012084F81403D4F8EC
:105620001C033A443B44069207930F4A04F5467321
:10563000046804A924680091CDE9042706AA06CAD3
:10564000A0473EE708ABC0F14001094A1818CCF763
:1056500087FC023675E700BF449E0308E89E0308F6
:10566000F09E0308049C0308F9460308A09E030863
:105670000C9C0308801000202DE9F0430B469BB0E2
:10568000654904461646184605AACAF737FF00289A
:1056900040F38180059B012B07D9604A31462046A3
:1056A000FEF718FE1BB0BDE8F0835D4A4FF42C7185
:1056B00001FB0322D2F8AC50D5F8DC00D5F766FB2D
:1056C000CDE90201D5F8D400D5F760FB554ACDE904
:1056D000000140210AA8CCF743FC402828BF402005
:1056E0000546002E76D000230AA91A4611F8010BB0
:1056F0000132AA4283EA0003F8D30AA8C5F14001A7
:105700002844494ACCF72CFC0544D4E9C302511C77
:10571000402DC1F3080128BF40250AAB814203EBAD
:10572000050804F58676034617D002F2FF12C2F38D
:105730000807B84237D80AA93D1AA8EB0108454521
:1057400028BF454630442A46CCF762FCD4F80C33D7
:105750002B44C3F30803C4F80C3394F81423002A31
:10576000A0D1D4F810239A423DD2012084F814032A
:10577000D4F81C0332443344089209932B4A04F5AD
:105780004673046806A924680091CDE9062608AA94
:1057900006CAA04786E7264A31462046FFF7CCF8DE
:1057A0001BB0BDE8F083C0F50079A94528BFA94624
:1057B0004A460AA93044CCF72BFCD4F80C330AA98A
:1057C000A94594BF494449199944C9F30800C4F84C
:1057D0000C03B1E70AABC0F14001164A1818CCF728
:1057E000BFFB023591E77FF65DAFD4F81C03036879
:1057F00001211D6884F8141306AB3244009304F5AC
:10580000467304F5437408920849099408AA06915E
:10581000079606CAA84745E7049F0308A09E030809
:1058200080100020989E0308049C0308F946030892
:10583000449E03080C9C03082DE9F04397B00546ED
:105840000E4606A84021CCF78BFB4028044628BF13
:105850004024002E00F08C80034648B1002206A9A7
:10586000134611F8010B0132A24283EA0003F8D378
:1058700006A8C4F140012044424ACCF771FB04441D
:10588000D5E9C302511C402CC1F3080128BF4024B4
:1058900006AB814203EB040805F58676034617D074
:1058A00002F2FF12C2F30807B84230D806A93C1A28
:1058B000A8EB0108444528BF444630442246CCF7B3
:1058C000A7FBD5F80C332344C3F30803C5F80C3306
:1058D00095F81423C2B9D5F810239A422ED201208C
:1058E00085F81403D5F81C03324404680492264A50
:1058F0002468334402A90593CDE90226009104AA45
:1059000006CA05F54673A04717B0BDE8F083C0F599
:105910000079A14528BFA1464A4606A93044CCF7E4
:1059200077FBD5F80C3306A94C4594BF09194944B7
:105930009944C9F30800C5F80C03B8E7E4D9D5F8D1
:105940001C03036801211C6885F8141302AB009343
:10595000324405F5467305F54375049205950A49E9
:10596000029104AA06CA0396A04717B0BDE8F083C7
:1059700006ABC4F140011819044ACCF7F1FA02341D
:105980007EE700BF049C0308F94603080C9C03084B
:1059900070B5124C94F8721094F8713082B0CDE961
:1059A0000031154694F870300D4A29460646FEF738
:1059B0003DFD94F87530019394F8741094F87330A9
:1059C000084A009130462946FEF730FD064B074A4B
:1059D00029463046FFF730FF02B070BDC0A300205B
:1059E0000C9F0308289F030810EA0020449F030827
:1059F00038B59C499C48FEF799FF9C4B1A6812F0F9
:105A0000010200F09E879A4B1A6812F0010200F022
:105A10008787984B1A6812F0010200F07087964B46
:105A20001A6812F0010200F05987944B1A6812F0BC
:105A3000010200F03D87924B1A6812F0010200F05B
:105A40009D86904B1A6812F0010200F086868E4BFC
:105A50001A6812F0010200F06A868C4B1A6812F084
:105A6000010200F04E868A4B1A68D50740F13D8648
:105A7000884B1A68D40740F12C86874B1A6812F0BD
:105A8000010200F01586854B1A68D00740F10486A4
:105A9000834B1A68D10740F1F385824B1A68D2070D
:105AA00040F1E285804B1A68D50740F1D2857F4BE3
:105AB0001A6812F0010200F0B6857D4B1A6812F0E8
:105AC000010200F09A857B4B1A68D40740F1898562
:105AD000794B1A68D00740F17885784B1A6812F034
:105AE000010200F05C85764B1A6812F0010200F0AA
:105AF0004085744B1A68D10740F12F85724B1A68A4
:105B000012F0010200F01385704B1A68D20740F1C1
:105B100002856F4B1A6812F0010200F0E6846D4BAB
:105B20001A6812F0010200F0CF846B4B1A6812F071
:105B3000010200F02984694B1A6812F0010200F09A
:105B40000D84674B1A6812F0010200F0F183654B77
:105B50001A68D50740F1E183634B1A68D40740F116
:105B6000D183624B1A68D00740F1C183604B1A6839
:105B7000D10740F1B1835F4B1A6812F0010200F0C7
:105B800096835D4B1A68D20740F186835B4B1A6897
:105B9000D50740F176835A4B1A68D40740F16683E3
:105BA000584B1A68D00740F15683574B1A68D107F3
:105BB00040F14683554B1A6812F0010200F02B8326
:105BC000534B1A6812F0010200F01083514B1A680F
:105BD000D20740F10083504B1A68D50740F1F0829C
:105BE0004E4B1A6812F0010200F0D5824C4B1A6835
:105BF00012F0010200F0BA824A4B1A6812F0010258
:105C000000F09F82484B1A6812F0010200F0848273
:105C1000464B1A68D40740F17482454B1A68D00786
:105C200040F16482434B1A68D10740F1BC81424B7A
:105C30001A68D20740F1AC81404B1A6812F0010299
:105C400000F091813E4B1A6812F0010200F076815B
:105C50003C4B1A68D50740F166813B4B1A68D40764
:105C600074E000BFC0A3002048ED00204CE80020F5
:105C7000E4EA0020E0EA0020DCEA002048E8002016
:105C8000D8EA0020D4EA002044E8002040E80020C0
:105C9000D0EA0020CCEA0020C8EA0020C4EA0020B4
:105CA000C0EA0020BCEA0020B8EA00203CE800205E
:105CB00038E80020B4EA0020B0EA002034E80020F0
:105CC00030E80020ACEA00202CE80020A8EA002000
:105CD00028E80020A4EA0020A0EA002024E8002010
:105CE00020E800209CEA002098EA002094EA0020A6
:105CF00090EA00201CE800208CEA002088EA0020BE
:105D000084EA002080EA00207CEA002018E80020D5
:105D100014E8002078EA002074EA002010E800204F
:105D20000CE8002008E8002004E8002070EA0020C9
:105D30006CEA002068EA002064EA002000E8002005
:105D4000FCE7002060EA00205CEA002040F1E080EF
:105D50009A4B1A68D00740F1D180994B1A68D10745
:105D600040F1C180974B1A6812F0010200F0A68042
:105D7000954B1A68D20740F19680944B1A68D50764
:105D800040F18680924B1A68D40776D5914B1A68F9
:105D9000D00768D5904B1A68D10759D58F4B1A6830
:105DA000D2074AD58E4B1A68D5073BD58D4B1A685A
:105DB000D4072DD58C4B1A68D0071ED58B4B1A688B
:105DC000D1070FD58A4B1A68D20700D538BD894C48
:105DD00089490120186026222046EEF713FF874BE1
:105DE000236038BD864C8749012018601222204666
:105DF000EEF708FF844B2360E4E7844C84490120DC
:105E000018600D222046EEF7FDFE824B2360D5E799
:105E1000814C8249012220461A60EEF7F3FE804B46
:105E20002360C7E77F4C804901201860022220468A
:105E3000EEF7E8FE7D4B2360B8E77D4C7D490120FD
:105E4000186002222046EEF7DDFE7B4B2360A9E7B7
:105E50007A4C7B490120186005222046EEF7D2FEDD
:105E6000784B23609AE7784C7849012220461A60E3
:105E7000EEF7C8FE764B23608CE7764C764901201E
:105E8000186003222046EEF7BDFE744B23607DE7C9
:105E9000734C74490120186006222046EEF7B2FECA
:105EA000714B23606EE7714C714901201860032229
:105EB0002046EEF7A7FE6F4B23605EE76E4C6F48FF
:105EC0006F4D01211960C4E900506E4904F10800CA
:105ED000EEF798FE6C4B03F1180103F12802C4E9B8
:105EE0000031A26044E7694C69490120186006222C
:105EF0002046EEF787FE674B236033E7664C674921
:105F0000012220461A60EEF77DFE654B236024E7F0
:105F1000644C65490120186013222046EEF772FE9A
:105F2000624B236014E7624C62490120186015221D
:105F30002046EEF767FE604B23608EE65F4C4F48CD
:105F40004F4D01211960C4E900505D4904F108007A
:105F5000EEF758FE5B4B03F1180103F12802C4E988
:105F60000031A26074E6584C4448454D0121196047
:105F7000C4E90050554904F10800EEF743FE544BC4
:105F800003F1180103F12802C4E90031A26059E6C7
:105F9000504C51490120186010222046EEF732FE85
:105FA0004E4B236048E64E4C4E49012018600422B7
:105FB0002046EEF727FE4C4B236038E658EA0020D7
:105FC00054EA0020F8E7002050EA00204CEA0020C4
:105FD00048EA002044EA002040EA00203CEA002091
:105FE00038EA002034EA002030EA00202CEA0020C1
:105FF00028EA0020E8EA002018B5040850C3040885
:10600000F4EA0020B8B1040894C4040800EB0020AE
:1060100088A9040824C604080CEB002000AA040880
:106020000CC6040818EB0020F0A9040818C60408E0
:1060300024EB002030AA0408F4C5040830EB00204B
:1060400008AA040800C604083CEB002058AA04086B
:10605000DCC5040848EB002040AA0408E8C5040891
:1060600054EB002078AA0408C4C5040860EB0020A3
:1060700060AA0408D0C5040850E8002048CA0308F4
:1060800058CA030814C10308A8CE03086CEB00200B
:10609000B0AA0408ACC5040878EB0020A8AA04083C
:1060A000B8C5040884EB002088AB040894C5040834
:1060B00090EB0020E0AA0408A0C5040864E80020D2
:1060C00014C1030874CE030878E8002014C1030843
:1060D00040CE03089CEB002068AD040864C50408AA
:1060E000A8EB002020AC040888C50408AF4CB049D8
:1060F000012018601E222046EEF784FDAD4B236080
:1061000090E5AD4CAD490120186007222046EEF71E
:1061100079FDAB4B236080E5AA4CAB48AB4D012128
:106120001960C4E90050AA4904F10800EEF76AFDBD
:10613000A84B03F1180103F12802C4E90031A26061
:1061400066E5A54CA048A14D01211960C4E90050A5
:10615000A24904F10800EEF755FDA14B03F1180127
:1061600003F12802C4E90031A2604BE59D4C96483A
:10617000964D01211960C4E900509B4904F10800C3
:10618000EEF740FD994B03F1180103F12802C4E931
:106190000031A26030E5964C8B488C4D012119608E
:1061A000C4E90050934904F10800EEF72BFD924B2F
:1061B00003F1180103F12802C4E90031A26015E5DA
:1061C0008E4C8F490120186015222046EEF71AFDEB
:1061D0008C4B236004E58C4C8C49012018601A22FA
:1061E0002046EEF70FFD8A4B2360F4E4894C764895
:1061F000764D01211960C4E90050874904F1080077
:10620000EEF700FD854B03F1180103F12802C4E904
:106210000031A260DAE4824C6B486C4D01211960B8
:10622000C4E900507F4904F10800EEF7EBFC7E4B17
:1062300003F1180103F12802C4E90031A260BFE4B0
:106240007A4C7B490120186012222046EEF7DAFCD6
:10625000784B2360AEE4784C784901201860022224
:106260002046EEF7CFFC764B23609EE4754C7649D2
:106270000120186008222046EEF7C4FC734B23600F
:106280008EE4734C73490120186002222046EEF719
:10629000B9FC714B23607EE4704C71490120186099
:1062A00003222046EEF7AEFC6E4B23606EE46E4C8C
:1062B0004548464D01211960C4E900506B4904F17D
:1062C0000800EEF79FFC6A4B03F1180103F1280266
:1062D000C4E90031A26054E4664C674901201860AB
:1062E00010222046EEF78EFC644B236043E4644C9E
:1062F0006449012018600C222046EEF783FC624BB3
:10630000236033E4614C6249012018600922204671
:10631000EEF778FC5F4B236023E45F4C5F4901207C
:10632000186005222046EEF76DFC5D4B236013E4F8
:106330005C4C2548254D01211960C4E900505A499B
:1063400004F10800EEF75EFC584B03F1180103F16D
:106350002802C4E90031A260FFF7F9BB544C1A4887
:106360001A4D01211960C4E90050524904F1080096
:10637000EEF748FC504B03F1180103F12802C4E981
:106380000031A260FFF7DDBB4C4C0F4D20460121D0
:10639000196040F8045B4A49EEF734FC494B03F1BD
:1063A0001402C4E90032FFF7C6BB00BFB4EB002003
:1063B00078AC040870C50408C0EB002040AC0408A9
:1063C0007CC504088CE8002048CA030858CA0308A2
:1063D00014C103080CCE0308A0E8002014C1030870
:1063E000D8CD0308B4E8002014C10308A4CD0308E5
:1063F000C8E8002014C1030870CD0308CCEB0020CE
:10640000C0AF040810C50408D8EB0020E8AD0408AC
:1064100058C50408DCE8002014C103083CCD03087B
:10642000F0E8002014C1030808CD0308E4EB0020C5
:10643000B8AE04084CC50408F0EB002088AF04088F
:1064400034C50408FCEB002048AF040840C504082C
:1064500008EC0020B0AF04081CC5040814EC0020B0
:1064600098AF040828C5040804E9002014C10308F3
:10647000D4CC030820EC002038B10408E0C40408A0
:106480002CEC002068B0040804C5040838EC002097
:10649000C8B00408F8C4040844EC002010B1040893
:1064A000ECC4040818E9002014C10308A0CC0308B8
:1064B0002CE9002014C103086CCC030850EC002028
:1064C000B8B10408C0C40408B54CB64D204601213B
:1064D000196040F8045BB449EEF794FBB34B03F149
:1064E0001402C4E90032FFF720BBB14CAD48B14DF6
:1064F00001211960C4E90050AF4904F10800EEF72A
:1065000081FBAE4B03F1180103F12802C4E900310D
:10651000A260FFF704BBAA4CAA49012018602D22F3
:106520002046EEF76FFBA84B2360FFF7F2BAA74CAB
:106530009C48A04D01211960C4E90050A44904F110
:106540000800EEF75FFBA34B03F1180103F12802EB
:10655000C4E90031A260FFF7D7BA9F4C9F490120E0
:10656000186003222046EEF74DFB9D4B2360FFF79A
:10657000C5BA9C4C8B488F4D01211960C4E900506D
:10658000994904F10800EEF73DFB984B03F118011F
:1065900003F12802C4E90031A260FFF7AABA944CC3
:1065A0008048844D01211960C4E90050914904F1EB
:1065B0000800EEF727FB904B03F1180103F12802C6
:1065C000C4E90031A260FFF78EBA8C4C8C490120DF
:1065D000186002222046EEF715FB8A4B2360FFF776
:1065E0007CBA894C89490120186002222046EEF7C6
:1065F00009FB874B2360FFF76BBA864C69486D4DEA
:1066000001211960C4E90050834904F10800EEF744
:10661000F9FA824B03F1180103F12802C4E90031B1
:10662000A260FFF750BA7E4C5E48624D01211960AE
:10663000C4E900507B4904F10800EEF7E3FA7A4B15
:1066400003F1180103F12802C4E90031A260FFF749
:1066500034BA764C7649012220461A60EEF7D2FA17
:10666000744B2360FFF723BA734C74490120186000
:1066700016222046EEF7C6FA714B2360FFF712BAD6
:10668000704C71490120186004222046EEF7BAFAD6
:106690006E4B2360FFF701BA6D4C6E490120186004
:1066A00003222046EEF7AEFA6B4B2360FFF7F0B9FA
:1066B0006A4C3C4D20460121196040F8045B684952
:1066C000EEF7A0FA674B03F11402C4E90032FFF7BA
:1066D000DAB9654C65490120186004222046EEF7BE
:1066E00091FA634B2360FFF7C8B9624C62490120FD
:1066F000186004222046EEF785FA604B2360FFF70E
:10670000B7B95F4C27482B4D01211960C4E90050EF
:106710005C4904F10800EEF775FA5B4B03F11801D0
:1067200003F12802C4E90031A260FFF79CB9574C7D
:106730001C48204D01211960C4E90050544904F15E
:106740000800EEF75FFA534B03F1180103F128023A
:10675000C4E90031A260FFF780B94F4C114D2046CB
:106760000121196040F8045B4C49EEF74BFA4C4BA1
:1067700003F11402C4E90032FFF769B9494C094D2D
:1067800020460121196040F8045B4749EEF73AFAC8
:10679000464B03F11402C4E90032FFF752B900BFBF
:1067A00060EC002048CA0308B8B10408A0C404087B
:1067B00040E9002058CA030814C1030838CC030874
:1067C00070EC002060B204087CC4040854E9002086
:1067D00014C1030804CC03087CEC002048B2040870
:1067E00088C4040868E9002014C10308D0CB03085A
:1067F0007CE9002014C103089CCB030888EC00202E
:10680000D8B3040864C4040894EC0020C8B3040896
:1068100070C4040890E9002014C1030868CB030881
:10682000A4E9002014C1030834CB0308A0EC002025
:10683000E8B3040858C40408ACEC002028B40408E9
:1068400014C40408B8EC0020F0B304084CC40408D5
:10685000C4EC002010B4040840C40408D0EC0020AC
:1068600028B4040820C40408E0EC0020F8B40408AC
:10687000FCC30408ECEC0020D8B4040808C40408E5
:10688000B8E9002014C1030800CB0308CCE90020BC
:1068900014C10308CCCA0308F8EC002018B504089A
:1068A000DCC3040808ED002018B50408BCC30408C4
:1068B0002F4C3048304D01211960C4E900502F4958
:1068C00004F10800EEF79EF92D4B03F1180103F1D6
:1068D0002802C4E90031A260FFF7ADB8294C254D6C
:1068E00020460121196040F8045B2749EEF78AF938
:1068F000264B03F11402C4E90032FFF796B8244C8A
:106900001C4D20460121196040F8045B2149EEF737
:1069100079F9214B03F11402C4E90032FFF77FB883
:106920001E4C144D20460121196040F8045B1C499F
:10693000EEF768F91B4B03F11402C4E90032FFF7CC
:1069400068B8194C0B480C4D01211960C4E900507E
:10695000164904F10800EEF755F9154B03F118013B
:1069600003F12802C4E90031A260FFF74CB800BF70
:10697000E0E9002048CA030858CA030814C1030804
:1069800098CA030818ED002018B504089CC3040831
:1069900028ED002018B504087CC3040838ED002059
:1069A00018B504085CC30408F4E9002014C1030806
:1069B00064CA03084B78633B102B0AD8DFE803F066
:1069C00010090D0909090909090909090909091322
:1069D0000A0070470A48E9F77BB80948E8F778BD2C
:1069E0000748E8F78DBDBFF34F8F0649064BCA68CD
:1069F00002F4E0621343CB60BFF34F8F00BFFDE7AB
:106A0000C0A3002000ED00E00400FA052DE9F043EA
:106A1000C5B06B46B2EB010E83E80600054652D0C6
:106A20000023884601F1FF3C4FF0FF361F4608E087
:106A3000B34203D22A2C14BF6740164696450AD0AB
:106A400013461CF8014F3B2C03F10102F0D17345B2
:106A500028BF73461A46B2F5807F28BF4FF4807274
:106A600041460DF10C0814464046CBF7D1FA4FF0E1
:106A70000009A64208F8049034BF01244C4611D303
:106A800098F80030633B142B20D8DFE803F0252B67
:106A900031371F3D431F1F1F1F1F1F494F555B618C
:106AA000676D73004644364902AA3046C9F726FD91
:106AB000002802DD029B9F4202D045B0BDE8F08372
:106AC00006F8019CDCE774468DF80CE02D4A21465F
:106AD0002846FDF731FFF0E7224641462846FEF7FB
:106AE0003DFCEAE7224641462846FDF7D1FFE4E7B0
:106AF000224641462846FEF7D9FCDEE722464146BB
:106B00002846FEF7B9FDD8E7224641462846FEF75B
:106B100031FAD2E7224641462846FEF739FFCCE754
:106B2000224641462846FEF72BFBC6E72246414651
:106B30002846FEF779FBC0E7224641462846FEF785
:106B400083FABAE7224641462846FFF733FFB4E707
:106B5000224641462846FEF739FCAEE7224641462A
:106B60002846FEF771FCA8E7224641462846FEF774
:106B7000ADFBA2E7224641462846FEF7B1FA9CE764
:106B8000009C0308809E03082DE9F04788B06B46FF
:106B900083E806009DF80030002B53D14D4F82460C
:106BA000144600F108060DF118084FF0010909E03C
:106BB0008AF80891641B013C2246691C3046C9F7DB
:106BC000C9FF3444A21B9310002B5ADD02330AEB99
:106BD000830235462B780A3BDBB2172B27FA03F1E9
:106BE0000FD8C8070DD5AC4217D99AF80831002B39
:106BF000DED0CDE90665504698E80600FFF706FFAF
:106C0000D8E76B780A3BDBB2172B27FA03F11CD8C5
:106C1000C9071AD50135AC42E7D80AF58473A342F7
:106C200003D800228AF808213446DAF80000026806
:106C30001568CDE90643284B4146CDE9043A03AA3D
:106C400004ABA84708B0BDE8F087AB780A3BDBB2DD
:106C5000172B27FA03F103D8CB0701D50235C2E77A
:106C6000EB781C490A3BDBB2172B21FA03F103D85E
:106C7000C80701D50335B6E704359542AAD1621B92
:106C800000E03546022A19D0032A0CD0012AC4D1CB
:106C90002B780A3BDBB2172BBFD80E4A22FA03F33C
:106CA000DB07BAD59FE72B780A3BDBB2172B04D85A
:106CB000084A22FA03F3D90795D401352B780A3B09
:106CC000DBB2172B04D8034A22FA03F3DA078AD47B
:106CD0000135DDE709008000DD6C030800B585B0F3
:106CE000EC468CE8060086469CE8030002AB83E88D
:106CF000050093E80600704605B05DF804EBFFF769
:106D000043BF00BF704700BF10B58C46044600F17A
:106D1000040E93E803008EE803009CE8030004F1EE
:106D20000C0383E8030002B1146010BD30B50446C3
:106D300087B0236B02A803EB830380E806009B0067
:106D40000C3BE2189DF80800E3588DF81000002174
:106D5000506861631174039A05921BB106AA12E987
:106D600006009847237E2BB994F82C30ABB92363E7
:106D700007B030BD08220121606803681D682163E7
:106D800007490491224404A90091083206CA0594D7
:106D900004F13403A84707B030BD1C220221EBE701
:106DA0002D6D0308F0B585B06C4684E80600521AD4
:106DB0000A9E402A28BF4022044600F1080C8F1882
:106DC0000D4696E803008CE80300276103B11C60C0
:106DD000606892B22946DDF759FB88B10023C4E907
:106DE000023323613368039503228DF808203BB1F9
:106DF00004AA12E90600706805B0BDE8F040184723
:106E000005B0F0BD70B586B0044602A880E8060063
:106E10004FF0010C04F118010A9DBFF35B8FD1E81C
:106E20004F2FC1E84ECFBEF1000FF8D1BFF35B8FFB
:106E3000D2B20AB3BFF35B8F04F12C01D1E84F2F1C
:106E4000C1E84ECFBEF1000FF8D1BFF35B8FD2B2D5
:106E5000002A34D00BB100221A602B68029A0592E6
:106E600003218DF8101043B306AA12E906006868E2
:106E700006B0BDE87040184704F1080C04F1100694
:106E800003C80CF1080E8EE8030095E803008CE8B7
:106E900003000BB1511C1960236B73B96068013298
:106EA00003682263094A1D68049204AA009296E8C6
:106EB0000600059404F13403A84706B070BD04F140
:106EC0001C0C04F124060122DAE700BF2D6D030833
:106ED000026B8A4203461DD000B501EB8101890097
:106EE0000C3942184358D168506883B04FF0000EF7
:106EF0004FF0010C82F810E08DF800C0019133B121
:106F000002AA12E9060003B05DF804EB184703B0CB
:106F10005DF804FB4068596B03685B68184700BF65
:106F200030B589B002AB83E8060003469DF808003F
:106F30000399002283F84820DA6408BB8B4200D909
:106F4000FEE703F140058D42FAD3CA1A196C02F02C
:106F50003F028A425A6415D312D9186D07951A4414
:106F600001210468069283F848100C49246804AA99
:106F7000009208AACDE9041312E906004C33A04799
:106F800009B030BD186D1A4419444FF0010C046863
:106F9000069283F848C00791E7E700BF216F030816
:106FA000436823B3F0B5C36883B00446EBB1056909
:106FB000ED1A954228BF15460026C0E903662A4609
:106FC0001846CBF725F867688DF8006003462B4418
:106FD000A0680193C4E901663FB102AB13E9060062
:106FE0003B4603B0BDE8F040184703B0F0BD704722
:106FF0002DE9F04F694B93F8BE318DB0002B00F0B6
:10700000C58003F0FD03012B02D16548FDF7BAFBF3
:1070100009AC644DDFF8B081634EDFF8B091DFF862
:10702000B0A1DFF8B0B129684FF0FF322046DFF79A
:1070300003FE099B102BF6D198F8003083B1B76896
:107040003269F0680892002388F800308DF81C300F
:10705000B3603361F3601FB107AB93E80600B84734
:107060000A9F012F21D0032FDDD1504999F84830D4
:1070700000220A70002BD6D1D9E9102393427BD28B
:107080004B444A4407930892D9F85000012389F8E9
:10709000483003681F68464BCDE9053905AB0093BE
:1070A00007AA06CA434BB847BDE7DAF8000090F8D4
:1070B0003A30222B31D000F043FADAF80000DDF745
:1070C0006DFADAF800003C49D0F800C000230493C0
:1070D000DCF800E0CDF810E0DCF804C0CDF810C01A
:1070E000DDF810C0C3634022DDF70CFADAF80000C7
:1070F00000231A46CBF80030436B1B685B68D3F162
:10710000400338BF3A461F46002A3CD1BA4225D335
:10711000DAF8000000F02CFA85E7436B1B685F6823
:10712000D7F1400734BF012300232CD3DBF8002024
:107130000393BA42EAD9C2F1400000F0EDF9DBF85E
:1071400000101D4B1D48C1F140021944FFF728FFF4
:10715000039BCBF800301A46BA42D9D2B81A00F0D5
:10716000DBF9DBF80010144B14487A1A1944FFF7C6
:1071700017FFCBF80070CBE77FF655AF4B44079372
:107180000F4B089380E700F0DBF94CE709AC0D48A2
:107190002146CDE90933E1F7ABF93AE7C0E3002036
:1071A00060ED002018E70020A0F200205CED002038
:1071B000216F0308CCF00020C8F2002088F20020E4
:1071C000C0F0002068F10020B8F2002080F000201C
:1071D000BCF20020C4F2002030B5104C104D114913
:1071E000206087B040226860DDF78CF90E4B206884
:1071F0000E4C00251D6000F04FF90FCC0DF1040C72
:10720000ACE80F002368CCF80030294601A8DFF76E
:10721000F7FB074B186007B030BD00BFBCF2002081
:10722000A0F20020C8F20020C4F200208C950308D0
:10723000C0F20020044B1B682BB1044B00221868DD
:107240000121DFF7CFBC7047C0F2002018E7002013
:1072500008B50B4B1B68834200D008BD094A0A4B96
:1072600010684FF0010C0022022183F800C0DFF704
:10727000B9FC0028F1D0054A13680133136008BD3A
:10728000BCF2002018E70020B8F20020B4F2002081
:10729000014B1868704700BFB4F2002000000000E6
:1072A0002F4A30481168304AF0B4304C0260304AFE
:1072B0002260304A304E166000239FED277BC0E9E4
:1072C000011302F12C072D49D7652D4E54607F27FD
:1072D0001063D662C0E9033384ED027B82ED067B46
:1072E000C2E90833C2E91133C2E91333C2E95933A1
:1072F000C2E95C33234E63602361536182F8283016
:1073000082F85430926582F86C31176681ED087B03
:10731000C1E90233C1E904331B4A1C4D1460C1E9C1
:107320000060012085ED107BC5E9133185F84830F8
:1073300081ED0C7BF0BCC2E9C333C2E9C6310B76E8
:10734000CB618B6281F82C30536082F8080182F89F
:1073500014337047AFF3008000000000000000000D
:10736000BCF20020A0F20020B8C6040888F2002079
:10737000C8C6040810F100204CBA0308D8F0002059
:107380003CBA0308D8C6040860ED002080F0002055
:1073900070B51D4C054640220E4620460021C9F717
:1073A0005BF81A4B1B686360D8F766FB2B68EA6BC7
:1073B0002261196895F83A206B6BC4E90206C4E9AA
:1073C0000512FBB11B685A681148124B124D006838
:1073D000D3F8FC102D686562C4E90720D3F8785211
:1073E000D3F85821D3F848020B7CD2F890202363BD
:1073F0002B786363094BC96BA163C4E90A020122BC
:107400001A7070BD1A46DFE708F3002068F3002009
:1074100060F30020801000205CF3002048F300207F
:10742000F0B586460546BEE80F0091B0EC46ACE8E4
:107430000F00BEE80F00ACE80F00BEE80F00ACE89C
:107440000F009EE80F00124E8CE80F001F462B68BD
:107450000024B34200940F9402D0204611B0F0BD36
:107460000C484FF0FF326C4614F8013B08215A409B
:1074700042F300030340013983EA5202F8D110AB12
:107480009C42F1D1B81AB0FA80F0400911B0F0BDB9
:107490004F5542312083B8ED2DE9F041184E194D7A
:1074A000DFF870800024074634600AE06B6801341E
:1074B0000133B4F5006FC8F80030346005F14005C1
:1074C0001CD02846FFF7ACFF0028EFD12B68A3F1B2
:1074D000FF33B3FA83F35B090B4A1370D8F7CCFA86
:1074E0000A4B0B4A1B78106033B92FB13846012183
:1074F000BDE8F041FFF74CBFBDE8F0810023EBE7AA
:1075000064F3002000000A0849F3002048F300203B
:1075100050F3002068F30020064A08B513680344BE
:107520001360D8F7A9FA0449044B086000221A70C6
:1075300008BD00BF60F3002050F300204AF3002094
:107540000849094A0B6810B4147801330B602CB950
:1075500020B15DF8044B0421FFF71ABF5DF8044B1E
:10756000704700BF5CF3002048F3002000000000DB
:10757000002864D02DE9F04FC36B91B004468BB165
:10758000654BC16B1A6891420CD06449644D0A681E
:10759000C66B1E602B7801320A6033B90221FFF7F7
:1075A000F7FE02E0E36B23B35D4DDFF89091D9F86D
:1075B000583193F89C303BBB5A4A13702B78ABB1CF
:1075C000594E337893B1DFF87881D8F80070B7F569
:1075D000006F0BD2D9F8583193F89CA0BAF1000F84
:1075E00004D1D9F878321B78012B29D011B0BDE82D
:1075F000F08F494ADFF844911360D9F85831484D6B
:1076000093F89C30002BD7D0464E3378002BD5D141
:10761000D8F732FA454B1B68C01A40F2DB53984248
:10762000CCD9434A012333701368013313602B789C
:10763000002BC5D103212046FFF7AAFEBEE7704705
:10764000DFF800B1DFF800C1BBE80F00E946A9E8A8
:107650000F00BBE80F00A9E80F00BBE80F00A9E886
:107660000F009BE80F004FF0FF3489E80F00EE4653
:10767000CDF800A0CDF83CA01EF8013B08225C40EC
:1076800044F3000303EA0C03013A83EA5404F7D1FC
:1076900010AB9E45F0D10F94D9F7FEFB0028A5D181
:1076A00007F5001707F52057224B6C46C4EB8719E6
:1076B000F322DA60BF0109F104090DF13C0A09EB7C
:1076C0000401002354F8042F0220D9F737FCB8B97D
:1076D0005445F4D10EA3D3E9002339460220D9F74B
:1076E0002DFC044660B9D9F7EBFBD8F80030124AFC
:1076F0002C700133C8F8003013680133136075E74C
:10770000D9F7DEFB0023337070E700BFAFF30080D2
:107710004F554231000000004CF3002058F3002088
:1077200048F300204AF3002049F3002050F30020E2
:1077300054F30020003C024068F300208010002039
:1077400064F3002008F300202083B8ED014B186893
:10775000704700BF64F30020014B1868704700BFFA
:1077600060F30020014B1868704700BF5CF30020F5
:10777000014B1868704700BF58F30020014B186890
:10778000704700BF54F3002009B3124B1B688342BB
:107790001DD900F5001C0CF5205C4FEA8C1C10B5BF
:1077A0000C468E46BCE80F00AEE80F00BCE80F00A8
:1077B000AEE80F00BCE80F00AEE80F009CE80F0039
:1077C0008EE80F002046BDE81040FFF729BE0020DC
:1077D000704700BF64F30020704700BFF0B585B06C
:1077E0006C4684E806000A9E0D46044603B1186004
:1077F000637993B1531B3F2B01D8A168B1B13368B2
:10780000039503228DF8082073B104AA12E906003B
:10781000706805B0BDE8F040184733680395022250
:107820008DF80820002BF0D105B0F0BD2769002F9E
:10783000E5D196E8030004F1080686E8030022611A
:1078400099B222792846D7F72BFC0028ECD0A36800
:10785000E06803950322C4E903778DF80820A76048
:10786000002BE1D004AA12E90600D2E770B5044665
:1078700082B00D4602B1106062793AB3A2687AB163
:107880001C682A68019203218DF80010E4B102AA55
:1078900012E906005868234602B0BDE87040184758
:1078A0002669002EECD193E8030004F10802C2E936
:1078B00000016A682968124B2161521A18682379FD
:1078C00092B2E0F7F3F858B902B070BD1C682A68AC
:1078D000019202218DF80010002CD8D102B070BDA9
:1078E000A36826612A68E06801920321C4E9026660
:1078F0008DF80010002BE7D002AA12E90600CBE7B2
:107900006C9A03082DE9F04F8A4C8B4DDFF85492A6
:10791000DFF85482894FDFF854B28BB00DF1140AAE
:1079200021684FF0FF3207A8DFF786F9079B102B7D
:10793000F6D12B6801332B60089B013B062BEFD857
:10794000DFE803F0A4048C74634CC0007C49D9F8D0
:107950000830D9F80C0000224A71D9F810100691AD
:10796000022189F8052088F805207A71C9F80820D5
:10797000C9F810208DF81410C9F80C2043B19AE80A
:107980000600984798F8051081F001014900C9B236
:10799000D8F808308DF814100022D8F81010D8F854
:1079A0000C00C8F808200691C8F81020C8F80C2070
:1079B00013B19AE8060098477B793969F86806910F
:1079C00083F001035B008DF81430BB680022BA60BD
:1079D0003A61FA6013B19AE806009847584A537919
:1079E000104683F00103016906915B0001468DF8A2
:1079F00014309368002202618260C068CA60002B64
:107A00008ED09AE8060098478AE77B793969F8684A
:107A1000069183F001035B008DF81430BB680022EF
:107A2000BA603A61FA60002BEBD179E798F805303B
:107A3000D8F81010D8F80C00069183F001035B0011
:107A40008DF81430D8F808300022C8F80820C8F89B
:107A50001020C8F80C20002BD3D161E799F805302D
:107A6000D9F81010D9F80C00069183F001035B00DF
:107A70008DF81430D9F808300022C9F80820C9F868
:107A80001020C9F80C20002BBBD149E72C4A2D4807
:107A9000012389F8053088F805307B715371514610
:107AA0000023CDE90533E0F723FD274B93F8C131DF
:107AB00053B303F0FD03012B7FF432AF2348FCF7EF
:107AC00061FE2DE722499BF8483000220A70002B06
:107AD0007FF426AFDBE9102393421CD2DBF8500081
:107AE00001218BF8481001685B445A440968CDE9CC
:107AF00005320E46174BCDE9033B03AB00939AE8E2
:107B00000600154BB0470BE714485146CDE9053345
:107B1000E0F7EEFC04E77FF603AFDBF8500001224C
:107B20008BF8482002685B44166805930C4B06935B
:107B3000E0E700BF14E7002014FA0020D0F900208D
:107B4000B8F9002020F70020C0E3002070F30020E7
:107B50006CF30020216F0308DCF6002098F8002069
:107B6000D0F6002000FA0020E8F9002090F600206E
:107B7000012A10B412D0032A02D05DF8044B7047DA
:107B80000D4C2369002BF8D00C4A0B44106823617C
:107B900000225DF8044B0621DFF724B8084C236966
:107BA000002BEAD0054A0B441068236100225DF8DF
:107BB000044B0521DFF716B8B8F9002014E70020C0
:107BC000D0F9002010B5094C0FCC86B00DF1040C93
:107BD000ACE80F002368CCF80030002101A8DEF7E4
:107BE0000FFF034B186006B010BD00BFA09503083F
:107BF00020FA0020000000002DE9F04F444E454FD0
:107C0000454A3A6032608322BA80444ADFF82491C0
:107C1000C2F800909FED3C7BDFF81C91404D414C39
:107C2000DFF818C1C2F82C904FF081090023DFF86B
:107C300010E1A6F804904FF001084FF003093A490B
:107C40003A483B61C7E90233C5F800E0CCF800E0F0
:107C5000ACF80490DFF8ECE03361C6E90233C5E923
:107C60000233C2E90833C2E91133CCE902332B6194
:107C70005560536182F828301663D364CCF8103015
:107C8000A5F8048082ED067BC4E900C7284F136580
:107C900002F12C0B4FF07F0A4FF03F09C2E917BAEF
:107CA000C1E9007681ED087B81ED0C7B8EED107BC8
:107CB000C2E95933C2E95C33C4E94333C4E946330A
:107CC000C1E90233C1E90433C4F8089082F85430A2
:107CD000926582F86C3184F814310B76CB618B623B
:107CE00081F82C308EF84830CEE91331C0E90053CA
:107CF000C0E9C333C0E9C63180F8088180F8143385
:107D0000BDE8F08FAFF3008000000000000000002D
:107D100000FA0020E8F900203CC7040840F80020E1
:107D2000D0F9002020F70020E8F6002070F30020B2
:107D3000D8C604084CBA03083CBA0308B8F90020B6
:107D40004CC7040890F60020704700BF0346084661
:107D50001946C9F7D9BF00BF70B5036884B00024C5
:107D60009E690394102315460293CDE900446B46A7
:107D70001268B0479DF8043003F00603062B03BFDA
:107D8000009B2B600120204604B070BD00989042FB
:107D90000CBF06200120704710B5034B036004465A
:107DA00000F0F4FE204610BD9CCF040810B5054B32
:107DB0000360044600F0EAFE2046082100F04AF87D
:107DC000204610BD9CCF04082DE9F041069F08997C
:107DD000099E8F42044690461D460CD029462046F7
:107DE00000F0D8FE20B10123376086F80480B3711B
:107DF0000020BDE8F081079900F0CCFE0028EDD00E
:107E000086F805800020BDE8F08100BF38B5154632
:107E10001C4600F0BFFE00B938BD082206232560CD
:107E2000E260237138BD00BF2DE9F04106461746D8
:107E30001D460C4600F0AEFE48B9032D07D8236856
:107E40003A46314620465B69BDE8F0411847BDE837
:107E5000F08100BF01F08CB92DE9F0418AB0002813
:107E60003AD0174602681E4652E90232884600217F
:107E7000CDE90711C15851F8041C044691424FF056
:107E80001000099004EB030526D1002E01DBDE4231
:107E900031D013680095CDE90184104607AA0392FA
:107EA000DD6906223B463146A847079D2A469DB11B
:107EB0009DF8220000F00603062B0ED09DF821103D
:107EC0009DF820300B4003F00603062B05D001F08F
:107ED0000501042900D020B1002528460AB0BDE8DC
:107EE000F081002E10DB3544AC42F5D11546284612
:107EF0000AB0BDE8F08110463946059200F04AFE0E
:107F0000059A0028C5D0E8E7B31CE5D000943C688A
:107F10004346246A31463846A04700F0060006284A
:107F2000DAD1079A1546E2E71E494B6830B550F89A
:107F3000085CA0F108042BB304EB050E734521D8AF
:107F40005A6826D001F1040C32B90EE0516803F1F1
:107F5000040C134639B10A469645F7D802BFDEE94C
:107F600000215960AD18DCF800301A6899188C426D
:107F70000CD05B6840F8043CDCF8003040F8085C4A
:107F80005C6030BD40F8043C4C6030BD2A441A604F
:107F900030BD1B6840F8042C2B4440F8083C4C6072
:107FA00030BD00BF38FA0020144900F108034868CA
:107FB000082B38BF0823F8B1073323F00703043137
:107FC00002E0011D406880B102689342F9D830B4E4
:107FD000D41A072C456809D9C2185560C4500868DE
:107FE00030BC036008300A607047704702602A4660
:107FF000083030BC0A607047704700BF38FA002074
:1080000010B500F180042046C9F7F2FF034630B1F5
:10801000802200211846C8F71FFA803010BD204684
:10802000FFF7C2FF03460028F2D100F063FC00BF57
:10803000064BD3E9022380381344984203D282428C
:1080400001D2FFF771BFC9F7DBBF00BF38FA0020CC
:108050002DE9F041394D3A4888B00026C5E901665E
:10806000EE60C8F76DF9374B374A0821CDE90213A6
:108070000923CDE904630423CDE9062300283CD07D
:10808000324E044623783A2B08BF01340F22214692
:108090003046C9F73FFE10B9E37B2E2B17D02046A0
:1080A0003A21C8F783FA04460028EBD1079A049CCA
:1080B000402AA8BF4022002C08BF06243E3402FB01
:1080C00004F4A400EC60DCB908B0BDE8F081103421
:1080D00002AFD7F80080786821464246B8F1000F19
:1080E00002D0C9F717FE18B914F808303D2B11D08B
:1080F0000C3708AB9F42ECD1D1E74FF48864EC60B9
:108100002046C9F775FFA860A8B10023C0E9004365
:108110006860D9E708F101002044002201A9C8F7EE
:10812000C7FC019C23783A2B01D0002BB7D1002843
:10813000A8BFB860B3E7E860C6E700BF38FA002020
:10814000E8B70308FCB7030808B8030814B8030825
:108150001EB400F08DF81EBCD4F7AEFAF0B502786C
:10816000472A83B00C461D4619D0264E002033689E
:1081700001909B683046984778B1019B1B6801933A
:1081800002272368314620461E6901AA0123B04711
:1081900038BB0746384603B0F0BD0127F1E7437806
:1081A0004E2BE2D18378552BDFD1C378432BDCD122
:1081B0000379462B1AD0432BD7D143792B2BD4D11B
:1081C00083792B2BD1D1C379012BCED850F8206CD9
:1081D0004FF0000301930ABF3046583056F8786CD0
:1081E000C5E7019B2B60384603B0F0BD43794F2BA8
:1081F000BBD18379522BB8D1C0790028B5D1024EBA
:10820000B5E700BF44D0040818D0040810B50446F0
:1082100000F07AF8224612F82039472B04D0836800
:1082200023BB8260012010BD63784E2BF7D1A37869
:10823000552BF4D1E378432BF1D12379432BEED1A5
:1082400063792B2BEBD1A3792B2BE8D1E379012B8D
:10825000E5D854F8043C0133012B44F8043CE1D147
:10826000836844F8083C8260012010BD00F042FBA6
:1082700008B500F049F8836883B393F82020472AB3
:1082800004D00022826003F1200008BD93F8212071
:108290004E2AF6D193F82220552AF2D193F82320C2
:1082A000432AEED193F82420432AEAD193F82520DB
:1082B0002B2AE6D193F826202B2AE2D193F8272007
:1082C000012ADED8DA69013ADA61002ADBD199693C
:1082D000816000229A6103F1200008BD00F00AFBD2
:1082E000704700BF704700BF0048704724B80308BC
:1082F00010B504210446FFF7ADFD204610BD00BFB8
:108300000048704748FA00200048704748FA0020AB
:10831000502870B51DD0844600F00F000C2855D8A9
:10832000DFE800F0074426071E545454542A22075D
:108330001E00104650F8046B4EB10CF07004102C67
:1083400008BF11460E441CF0800F18BF36681E602F
:1083500070BDD01C20F0030050F8046B1E6070BD8F
:10836000104650F8086BE7E7104630F9026BE3E778
:10837000104630F8026BDFE700261046344610F84E
:10838000015B05F07F0E0EFA04FE15F0800F46EA41
:108390000E0604F10704F2D11F2CCDD86D06CBD503
:1083A0004FF0FF3505FA04F42643C6E700261046D1
:1083B000344610F8015B05F07F0E0EFA04FE2D0620
:1083C00046EA0E0604F10704F3D4B5E7C8F742FC09
:1083D000FF2808B5034612D003F07003302B08467F
:1083E00013D005D8202B09D1BDE8084000F0EBBF21
:1083F000402B06D1BDE80840D4F766BB03D8002067
:1084000008BD502BFBD0C8F725FCBDE8084000F0A4
:10841000D7BF00BFF8B50C461546064608B1D4F7DD
:1084200053FB286014F8017BFF2F28D16860204699
:1084300010F8013BFF2B32D0102300242B7522466D
:1084400010F8011B01F07F039340090644EA03047E
:1084500002F10702F4D40444EC6010F8013B6B75A0
:108460000024224610F8011B01F07F0393401C43B7
:108470000B0602F10702F5D404442C61F8BD314625
:108480003846FFF7A5FF2B1D014622463846FFF769
:108490003FFF0446204610F8013BFF2BCCD12B7543
:1084A0000024D9E72DE9F04F00F0030395B0002434
:1084B000012B0A940F46164600F0A480022B0AD125
:1084C00031463846D4F7EAFA002840F09080082078
:1084D00015B0BDE8F08F002B40F0FD8110F00804CE
:1084E000EED10EAB4FF001080293029B00930023E4
:1084F0000C22194630460E97D3F718FD3046D4F7B4
:10850000E9FA03900028DBD0DDE9022144EA080300
:1085100030460493FFF77EFF9DF84C300693824669
:1085200031461846FFF754FF0DF13408002305903B
:1085300010901946CDF800800F223046D3F7CEFCBC
:108540000D9BDDF8489023F00103CA4503F1FF3588
:1085500033D29DF84DB00E9C00215846FFF738FFEE
:10856000524601460BAB5846FFF7D2FE0021824629
:108570005846FFF72DFF524601460CAB5846FFF711
:10858000C7FE002182465846FFF722FF52460146A9
:1085900043465846FFF7BCFE8246002002461AF8C2
:1085A000011B01F07F03934018430B0602F1070201
:1085B000F5D40B9B2344AB421DD94FF0000AD346A0
:1085C0000123049AD10777D50A9B1C46002319463C
:1085D000CDF8008030460D22D3F780FC039BC7E91D
:1085E0000B3B0D9B3B62C7E9094A062070E7092057
:1085F00015B0BDE8F08F0C9A1344AB4264D8CA455D
:10860000AAD3DAE70EAB10F00804029302D04FF0C1
:1086100002086AE700930D6A23460D222146304680
:10862000D3F75CFC0E9B9D42F1D1029B0093214647
:1086300023460C2230460E97D3F778FCD7F830B09B
:10864000D7E90A43BBF1000F3BD00393A2460DF1DB
:108650003408BAF1000FC0F2FF80032500231A4648
:108660001946CDF8008030460D97D3F75FFC002304
:1086700019460122CDF8008030460D94D3F756FC00
:10868000002319460F22CDF800803046D3F726FC90
:108690000D9ACDF8008002F00102002342EA0B029D
:1086A0000D9230460F221946D3F740FC022D60D0C0
:1086B000072015B0BDE8F08F049A12075DD4012B96
:1086C0006BD1384600F074FD0D9B002B3FF4F8AEE3
:1086D0000F9A03EB020B002800F0E180013809EB50
:1086E0000004BBF1000F3FF4EBAE049B13F0080352
:1086F000089300F0D880794B3B60794B7B60069BF8
:10870000079603F00702CDF818B04FF00009099260
:108710009B4600210A4614F8010B00F07F039340AA
:10872000050641EA030102F10702F4D41F2A05D825
:10873000400603D5012393405B42194300258A4636
:1087400026462A4616F8010B00F07F0393401D438E
:10875000030602F10702F5D41F2A20D846061ED5CB
:10876000012393405B421D4359BB4FF001092C4448
:10877000CFE73846FFF74AFD9AE7012B00F0A980C2
:10878000BAF1000FC0F2A1805446032566E7049BAE
:10879000DB07DDE906B63FF517AF544659E781B967
:1087A0004FF00109002DE2D14B46DDE906B6002B62
:1087B0003FF486AE049BD8073FF582AE0024022525
:1087C0004CE7002921DC6FF04043119E5B1A56F8FC
:1087D000231006EB83060FB1089B2BB10029E1D1D2
:1087E000DDE906B60323ECE60A9B0D9321B963E0AD
:1087F00056F8041F0029CAD03144434600223846A7
:10880000FFF7ACFC0028F3D0CCE7BBF1FF0F44D05E
:10881000099A042A5FD8DFE802F0035E1C031900FE
:108820008B005B42119A05991A4458464346FFF75C
:108830006FFD0D990029D3D0002FB3D00AAB0022D1
:108840003846FFF78BFC0028ACD0C9E7CB005B4271
:10885000E8E74B005B42E5E7DDE902213046FFF740
:10886000D9FD9DF84C003146FFF7B2FD6FF0404254
:10887000121B0546119850F8223000EB820033B1EC
:108880000246002352F8041F01330029FAD1C7E938
:108890000A35042378633B63DFE60023C2E7BBF1BC
:1088A000000F87D10CE6FB79012B0CBF57F8203C59
:1088B00007F158030A9322E71C46049BDD07DDE914
:1088C00006B63FF583AE5446C3E600F021F800F04B
:1088D000E9FC00F00FF8C8F7BDF900BF474E55435B
:1088E000464F520008B58047C8F7B4F900F0DAFCEB
:1088F000C8F7B0F908B5034B1868BFF35B8FFFF7F3
:10890000F1FF00BFB00C002008B58047FFF7F2FF71
:1089100008B5034B1868BFF35B8FFFF7F5FF00BF87
:10892000AC0C0020024B1868BFF35B8F704700BF90
:10893000B00C0020024B1868BFF35B8F704700BF7C
:10894000AC0C0020012810B51AD8BFF35B8FA1F141
:10895000280353E8002F013A43E800200028F8D10B
:10896000BFF35B8F5AB951F81C3C01F158040BB1AD
:10897000204698472046BDE81040FFF759BB10BD80
:1089800051F8140CFFF7AEFF002310B540E91E129A
:1089900040F8803C0446FFF7CDFF44F8700CFFF729
:1089A000C1FF0749074A084B44F8581C44F8542CA7
:1089B00044F86C0C44F8503CA4F1800010BD00BF9A
:1089C000474E5543432B2B004589030870B5044699
:1089D0000D461646FFF798FC436801333246294698
:1089E00043602046FFF7D0FF0446012344F8283BAC
:1089F0002046D3F74FFE204600F054FCFFF77AFFE5
:108A000010B5FFF781FCD0E900420132426064B149
:108A100094F82020472A0AD0002202602034204601
:108A2000D3F75CFE204600F03DFCFFF763FF94F8AF
:108A300021204E2AF0D194F82220552AECD194F826
:108A40002320432AE8D194F82420432AE4D194F83F
:108A500025202B2AE0D194F826202B2ADCD194F86B
:108A60002720012AD8D8626952426261D6E700BF46
:108A700010B5034B03600446FFF78EF9204610BD86
:108A80009CD0040810B5054B03600446FFF784F939
:108A900020460C21FFF7DEF9204610BD9CD00408CB
:108AA00070B582B00446069E96420D4609D0A06875
:108AB00004680696246A2946A44602B0BDE87040C0
:108AC000604719460192009300F064F8DDE9003236
:108AD0000028ECD0062002B070BD00BF2DE9F04F99
:108AE0000D4681B01946DDE90A8BDDE90CA91C466B
:108AF0000746164600F04EF880B9D04527D0B86832
:108B000023460468CDE90CA9CDE90A8BE469324615
:108B10002946A44601B0BDE8F04F6047002DC9F8D2
:108B2000008089F804600CDBA844C24514BF4FF0F4
:108B300001084FF0060889F80680002001B0BDE862
:108B4000F08F0235F9D1012389F80630F5E759464F
:108B5000384600F01FF80028D1D089F80560ECE70E
:108B60002DE9F04106460F4614461D46FFF74EF923
:108B700048B9B068016822468C692B463946A4463C
:108B8000BDE8F0416047BDE8F08100BF704700BF1D
:108B900000207047814211D008B5406803782A2B25
:108BA0000AD049680B782A2B08BF0131C7F768FD46
:108BB000B0FA80F0400908BD002008BD01207047D0
:108BC00010B5034B03600446FFF7E6F8204610BDDE
:108BD00014D1040810B5054B03600446FFF7DCF818
:108BE00020461821FFF736F9204610BD14D104089D
:108BF0002DE9F04F83B00546DDF830A0524591468F
:108C00000F4698462DD0EB685E1E05EBC305FBB101
:108C1000EC6814F0020F434639464FEA242212D082
:108C200014F0010404D0F81C0DD0D9F800008258CB
:108C3000A868D0F800C0CDF800A0DCF820B04A4405
:108C4000D847032808D8013E731CA5F10805DFD1D9
:108C5000012003B0BDE8F08F2043C0B203B0BDE8EF
:108C6000F08F1946FFF796FF0028CCD00620F0E7DA
:108C70002DE9F04F93B08A461F9C0793A368DDF857
:108C800070B00B90DE06099201D58368A3601E9B2D
:108C90009B4500F0688107990B98FFF77BFF002840
:108CA00040F04E81BAF1000FA8BF1E9B4FF00102A9
:108CB0000892099AA4BFA3EB0A0319464FF0000ECD
:108CC000B8BF0146022342F00102CDE905AECDF85E
:108CD00030E00A920D938A460B9BDF6807F1FF385C
:108CE000002F00F0828003EBC7074FF00009F968FE
:108CF000A0681190CA07CDE90F994CBFDBF800209E
:108D0000099A4FEA212344BFD3580A9A5B44BAF127
:108D1000000F07D09A45089E2CBF00250125B542BB
:108D200000F095808E0705D40599023100F08C8003
:108D300002F0FD02B868016800931E9B02930FAD1C
:108D40001D9B01930395CD69079B0599A8476379FE
:108D50009DF841209DF842600F991343062E6371E0
:108D6000864600F00A81022E8C4600F00681069DA0
:108D70002268002D5CD1002A00F081808A4269D0EF
:108D8000002900F0A580032BA57938D9D80702D592
:108D9000A068800733D4012D38BF0125012E38BFCC
:108DA0000126EDB2F6B286EA0503DBB2032B40F2F0
:108DB0008380032E40F29580DDF83CC09DF8402072
:108DC0002271002206F00203C4F800C00692A671C8
:108DD00053BBF20728D56379042B2FD008F1FF3855
:108DE000B8F1FF3FA7F1080781D10C9B33B30D9B6E
:108DF000012B23D001230D93002308936CE7002D52
:108E00002ED0002ECFD1032D40F2EE80E8077CD586
:108E10000B9B9B6899073ED485F00103DBB2032BC3
:108E20004FD9AB07A571D6D5002013B0BDE8F08FA0
:108E3000002AA3D10029A6D1042BCFD1DDF818E058
:108E4000704613B0BDE8F08F8107C7D070E70123EB
:108E50000C93C3E722799DF840100A432271BBE7C7
:108E6000032E5AD9F00742D486F00102D2B2032A67
:108E7000A4D80122C4F80090A2710692ACE79DF834
:108E800040202160227121B17BB30B9A9268D607F2
:108E9000CBD50690A0E7059BDDF83CC0002BC0F2C7
:108EA00090801E9A63449A4216D185F00603DBB285
:108EB000032B00F2A28006262E40F6B2032E00F20B
:108EC000A88001226379C4F80090A271069283E71A
:108ED000BEF1000F80D056E785F00103DBB2032B13
:108EE000EFD905F002032E4671E7069076E70B995D
:108EF00089688907B8D5059B002B70DB1A441E9B37
:108F000093420CBF062501254DE785F00103DBB236
:108F1000032BD6D9A571002087E70598002834DBFC
:108F20001E9D0244954270D0002E5BD10A189542D6
:108F30009FD19DF84020216006232271A37173E721
:108F4000099BC4F800B0BAF1000F237132DB1E9BFD
:108F5000D3445B4514BF4FF0010B4FF0060B84F870
:108F600006B0002061E71D990B98FFF713FE00285B
:108F70003FF491AE099B637156E79DF84030216044
:108F80002371A67113B0BDE8F08F0599023146D068
:108F90001E9B07980093036805991D6A1D9BA847AF
:108FA0000546002E7FF4FFAE03283FF62FAFDDF815
:108FB0003CC009E01AF1020F7FF436AF0123A37120
:108FC00032E7059B023387D01E9B07980093036806
:108FD00005991E6A1D9B6246B0470646E3E6059B5F
:108FE0000233D5D10125DEE6059B002B1BDB059B5B
:108FF00019441E9B8B427FF464AF9DF84020C4F857
:1090000000C006232271A3710EE77EB90623A37167
:109010000AE7002202232260A371012005E7002E47
:109020003FF427AFDEE70233CED14AE70625BAE6A2
:109030002DE9F04F89B0CDE90210044691469846DB
:10904000FEF7E4FE002873D1D8F80830DA06039A58
:1090500048BF2346D46848BF9B68661E002C49D091
:10906000039A019302EBC40403F00102009200256D
:10907000019BE2680495CDE90635009B8DF81450FC
:1090800002F002073B4302F0010A2ED0B9F1000FB3
:1090900038D01212BAF1000F02D0D9F800309A5825
:1090A0004A44A068016804ABD1F818B00299D847C7
:1090B000D8B1079B082B27D09DF81430032B04D977
:1090C0001FB923F002038DF81430D8F80C1009B33F
:1090D000D8F80030049A934242D16BB398F8043028
:1090E0009DF81420134388F80430013E771CA4F146
:1090F0000804BDD198F80400003818BF012009B059
:10910000BDE8F08F4A46CCE7BAF1000FD4D0A3688F
:109110000793D1E704AB0FCB88E80F0098F8043031
:10912000032B05D9980714D5039B9B68D907DCD47A
:10913000012009B0BDE8F08F0798082805D008295C
:1091400003D0FFF727FD0028C8D1022388F8043098
:10915000EEE7DA07ECD5039B9B689B07C5D4E7E7EE
:1091600000220223C8F8002088F804300120E0E73C
:10917000C8F746BF0378472B01D0002070474378DB
:109180004E2BFAD18378552BF7D1C378432BF4D1EA
:109190000379432BF1D143792B2BEED183792B2B00
:1091A000EBD1C07901288CBF00200120704700BF9F
:1091B00010B530B1044600F075F82046FFF7DAFF2D
:1091C00008B9FFF797FB54F8140CFFF78BFB00BFAF
:1091D0002DE9F04F83B00246FFF7CCFF38B152E9DA
:1091E0000684D2E90C75D2F828A0002605E00446D2
:1091F00080460126054607468246104600F052F892
:109200000EB1FFF785FB4046FFF77EFB00F04AF802
:109210000EB1FFF76FFBFFF773F8036893F8272091
:10922000012A0CBF1A6803F17802009227F00308A4
:1092300003F1200B4FF00009CA451ADD2F6807B172
:109240002F446B46002239465846FEF787FF08B187
:10925000FFF7D6FB3B6801900F49384601AA1F690A
:109260000123B847002818BF064609F10109454403
:10927000E2E746B10420FEF7C3FE084B084A064960
:109280000360FFF7A3FB2046FFF72CFB00F048F834
:1092900000F046F8FEF75CFFECCF040854D0040859
:1092A000E582030838B50446FFF72EF82246056824
:1092B00012F82039472B03D085BB0260284638BD01
:1092C00063784E2BF8D1A378552BF5D1E378432B57
:1092D000F2D12379432BEFD163792B2BECD1A379F6
:1092E0002B2BE9D1E379012BE6D854F80C3C002B69
:1092F00011DB013344F80C3C4368013B4360954269
:1093000018BF44F8105C656A18BF02602046D2F7A7
:10931000DDFD284638BDC3F10103EBE7FFF7EAFAAC
:1093200008B5FEF7EDFF03687BB393F82020472ACA
:1093300007D00022026003F12000BDE80840D2F708
:10934000C7BD93F821204E2AF3D193F82220552A45
:10935000EFD193F82320432AEBD193F82420432A1A
:10936000E7D193F825202B2AE3D193F826202B2A46
:10937000DFD193F82720012ADBD85A69002A05DBC0
:10938000013A08D0511C0ED05A6108BD0132FBD100
:1093900019690160F8E71A69026003F12000BDE86D
:1093A0000840D2F795BDFFF7A5FA00BF024B13B1F5
:1093B0000248C9F7A7BA704700000000153E000830
:1093C00008B5C7F747FC08B5FFF7FAFFF8B500BFC7
:1093D000F8BC08BC9E467047F8B500BFF8BC08BC96
:0493E0009E467047EE
:1093E800000020410000A041000020420000A042EF
:1093F800689300203C92002000920020560600004E
:10940800000000002B030000709B0308C98D0108B1
:10941800FEFF0000000000000001000000002041E5
:10942800CDCCCC3EDB0F49400000A04100002042DB
:109438000000C842000000000000C07F0000C07F9C
:109448000000C07F000000000400000008000000C9
:109458000C0000001060024028600240406002409A
:10946800586002407060024088600240A06002407C
:10947800B860024010640240286402404064024020
:10948800586402407064024088640240A06402404C
:10949800B864024090D00300010000000000000002
:1094A80000007A4400007A440118CF3A00000040D6
:1094B8000000003F0000003F00000000070000001F
:1094C80000002041000000400000000000000000F3
:1094D8000AD7233D000000000000204100000041A1
:1094E8000000807F0000704200007A440000C842FB
:1094F8000000F04200002041000020410000000070
:10950800000020410000803F00000000000080FFB4
:109518000000807FCDCCCC3DCDCC4C3E000000007F
:109528000000C8420000F0420100000000000000F6
:10953800000000000000000000000000040000001F
:109548000000C8420000F0420000000000000000D7
:109558000004040303030000000B0B020C0C0207B9
:1095680007000000000000000000080000000000E4
:1095780000000000000000000000080000000000DB
:1095880000000000B8B70308F16F030800000000EE
:109598000000000000040000D0B7030805790308A4
:1095A8000000000000000000000400000A000100A4
:1095B8000200030004000500060007000800090077
:1095C8000A000B000C000D000E000F001000000038
:1095D800002020202020202020202828282828207B
:1095E8002020202020202020202020202020202073
:1095F80020881010101010101010101010101010DB
:1096080010040404040404040404041010101010CA
:109618001010414141414141010101010101010194
:1096280001010101010101010101010110101010E6
:109638001010424242424242020202020202020266
:1096480002020202020202020202020210101010BA
:1096580020000000000000000000000000000000E2
:1096680000000000000000000000000000000000F2
:1096780000000000000000000000000000000000E2
:1096880000000000000000000000000000000000D2
:1096980000000000000000000000000000000000C2
:1096A80000000000000000000000000000000000B2
:1096B80000000000000000000000000000000000A2
:1096C8000000000000000000000000000000000092
:1096D800000000000A000100020003000400050069
:1096E80006000700080009000A000B000C000D0026
:1096F8000E000F001000000035000000CEFBFFFF39
:10970800CB0300000100000000000000340000004E
:10971800CEFBFFFFCB0300000100000000000000AB
:10972800BC89D897B2D29C3C33A7A8D523F649392F
:109738003DA7F444FD0FA5329D978CCF08BA5B2551
:10974800436FAC64280668112020202020202020A8
:109758002020202020202020303030303030303081
:109768003030303030303030000000000000000071
:1097780000000000000000000000000000000000E1
:1097880000000000000000000000000000000000D1
:109798000000000000000000101112131415161725
:1097A8001819000000000000001A1B1C1D1E1F00D5
:1097B80000000000000000000000000000000000A1
:1097C8000000000000000000001A1B1C1D1E1F00E6
:1097D8000000000000000000000000000000000081
:1097E8000000000000000000000000000000000071
:1097F8000000000000000000000000000000000061
:109808000000000000000000000000000000000050
:109818000000000000000000000000000000000040
:109828000000000000000000000000000000000030
:109838000000000000000000000000000000000020
:109848000000000000000000000000000000000010
:109858000000000000000000000000000000000000
:1098680000000000000000000500000019000000D2
:109878007D00000000000000000000000000F03F34
:1098880000000000000024400000000000005940D3
:109898000000000000408F40000000000088C34026
:1098A80000000000006AF8400000000080842E419B
:1098B80000000000D01263410000000084D79741E7
:1098C8000000000065CDCD41000000205FA00242ED
:1098D800000000E876483742000000A2941A6D4262
:1098E800000040E59C30A2420000901EC4BCD64255
:1098F80000003426F56B0C430080E03779C3414300
:1099080000A0D8855734764300C84E676DC1AB4375
:10991800003D9160E458E143408CB5781DAF154493
:1099280050EFE2D6E41A4B4492D54D06CFF080446E
:10993800F64AE1C7022DB544B49DD9794378EA4483
:10994800BC89D897B2D29C3C33A7A8D523F649390D
:109958003DA7F444FD0FA5329D978CCF08BA5B252F
:10996800436FAC642806C80A0080E03779C34143D6
:10997800176E05B5B5B89346F5F93FE9034F384D6D
:10998800321D30F94877825A3CBF737FDD4F157519
:1099980020202020202020202020202020202020BF
:1099A80030303030303030303030303030303030AF
:1099B80031344761746544726976657242617365D2
:1099C800000000009CCF0408B8990308394F704183
:1099D8006D704261736500009CCF0408D499030838
:1099E80037447276383330310000000014D104084F
:1099F800E89903080000000002000000CC99030861
:109A080002000000E09903080204000000000000C2
:109A1800F499030819CF000845CF00081DCF0008A6
:109A28002DCF0008FCFFFFFFF499030855CF00086D
:109A380025CF000839CF000804010000000000000D
:109A48000008000000000000010000000002000003
:109A580018000000000000000000000000000000E6
:109A68000A000000E89D002034F8B543AC13E7C3B2
:109A780091C6994339CEDDC1426F6172642F763346
:109A88002F5372632F74696D2E630000426F6172E9
:109A9800642F76332F5372632F757362645F636F1D
:109AA8006E662E6300000000426F6172642F763389
:109AB8002F5372632F7370692E630000426F6172B7
:109AC800642F76332F5372632F75736172742E630C
:109AD80000000000426F6172642F76332F53726367
:109AE8002F6164632E6300004F44726976652052CB
:109AF8006F626F74696373004F44726976652033CF
:109B08002E362043444320496E746572666163654E
:109B18000000000043444320436F6E6669670000FD
:109B280043444320496E74657266616365000000B2
:109B38004F447269766520332E36204E61746976FB
:109B48006520496E7465726661636500426F617273
:109B5800642F76332F5372632F6932632E630000AC
:109B680049444C4500000000616E616C6F675F748A
:109B780068726561645F6465660000007374643AC6
:109B88003A6765743A2077726F6E6720696E64650C
:109B98007820666F722076617269616E74000000C9
:109BA8007374643A3A6765743A2076617269616ED3
:109BB800742069732076616C75656C657373000039
:109BC80064656661756C745461736B00303132334F
:109BD80034353637383941424344454600000000A1
:109BE80063616E5F7365727665725F7468726561D2
:109BF800645F646566000000257500002A25750D00
:109C08000A0000000D0A0000445320256C75202529
:109C18006C7520256C7520256C7520256C752025A4
:109C28006C75000064612025750000004441202502
:109C38007820256C7820256C7820256C7820256C78
:109C48007800000064622025750000006463202508
:109C5800750000006464202575000000444220253A
:109C68007820256C7820256C7820256C7820256C48
:109C78007800000075736167653A206473207C2062
:109C880064612F64622F64632F646420696E646565
:109C980078000000444320257820256C7820256C26
:109CA8007820256C7820256C780000004444202515
:109CB8007820252E336620256C780000506C65616D
:109CC80073652073656520646F63756D656E746177
:109CD80074696F6E20666F72206D6F72652064659F
:109CE8007461696C73000000417661696C61626C33
:109CF8006520636F6D6D616E64732073796E746136
:109D080078207265666572656E63653A00000000CA
:109D1800506F736974696F6E3A2071206178697346
:109D280020706F732076656C2D6C696D20492D6CE1
:109D3800696D0000506F736974696F6E3A20702006
:109D48006178697320706F732076656C2D66662064
:109D5800492D66660000000056656C6F636974796A
:109D68003A207620617869732076656C20492D66E3
:109D780066000000546F727175653A20632061783F
:109D8800697320540000000050726F706572746926
:109D98006573207374617274206174206F647269D2
:109DA800766520726F6F742C2073756368206173F9
:109DB8002061786973302E72657175657374656496
:109DC8005F73746174650000526561643A207220A3
:109DD80070726F7065727479000000005772697450
:109DE800653A20772070726F706572747920766199
:109DF8006C7565005361766520636F6E6669673AB6
:109E080020737300457261736520636F6E666967BE
:109E18003A207365000000005265626F6F743A2043
:109E2800737200006E6F7420696D706C656D656E7D
:109E3800746564007220253235357300696E766169
:109E48006C696420636F6D6D616E6420666F726DFE
:109E580061740000696E76616C69642070726F705D
:109E6800657274790000000077202532353573203B
:109E78002532353573000000756E6B6E6F776E2076
:109E8800636F6D6D616E64007020257520256620F6
:109E98002566202566000000696E76616C6964207D
:109EA8006D6F746F72202575000000007120257594
:109EB8002025662025662025660000007620257569
:109EC800202566202566000063202575202566006C
:109ED8007420257520256600752025750000000072
:109EE8006C20257520256900656E636F6465722096
:109EF80073657420746F2025750000006620257531
:109F080000000000486172647761726520766572AE
:109F180073696F6E3A2025642E25642D25645600DA
:109F28004669726D776172652076657273696F6EC6
:109F38003A2025642E25642E256400005365726935
:109F4800616C206E756D6265723A202573000000A1
:109F5800746865726D6973746F725F75706461742B
:109F680065000000656E636F6465725F757064619B
:109F78007465000073656E736F726C6573735F65EB
:109F88007374696D61746F725F7570646174650074
:109F9800656E6473746F705F7570646174650000DA
:109FA80063616E5F68656172746265617400000068
:109FB8006F70656E5F6C6F6F705F636F6E74726FDA
:109FC8006C6C65725F757064617465006163696D5E
:109FD8005F657374696D61746F725F7570646174C5
:109FE800650000006D6F746F725F757064617465F1
:109FF8000000000063757272656E745F636F6E7443
:10A00800726F6C6C65725F757064617465000000D6
:10A0180063757272656E745F73656E7365000000B8
:10A0280070776D5F75706461746500006770696F43
:10A038005F6E756D0000000069735F616374697617
:10A04800655F6C6F77000000636F6E66696700007C
:10A058006F6666736574000069735F61637469761F
:10A06800655F6869676800006465626F756E63653F
:10A078005F6D7300656E6473746F705F7374617481
:10A088006500000076656C5F6C696D69740000009E
:10A09800616363656C5F6C696D69740064656365B1
:10A0A8006C5F6C696D6974006F6273657276657256
:10A0B8005F6761696E000000706C6C5F62616E645E
:10A0C8007769647468000000706D5F666C75785F0E
:10A0D8006C696E6B616765006572726F7200000073
:10A0E8007068617365000000706C6C5F706F73005E
:10A0F80070686173655F76656C00000076656C5FFB
:10A10800657374696D61746500000000736C697033
:10A118005F76656C6F63697479000000726F746FA5
:10A12800725F666C75780000736C69705F76656C39
:10A138000000000070686173655F6F666673657420
:10A1480000000000737461746F725F7068617365FA
:10A158005F76656C00000000737461746F725F70E5
:10A1680068617365000000007573655F696E6465FA
:10A17800780000007573655F696E6465785F6F6667
:10A18800667365740000000066696E645F696478D0
:10A198005F6F6E5F6C6F636B696E5F6F6E6C79007B
:10A1A8006162735F7370695F63735F6770696F5F24
:10A1B80070696E006370720070686173655F6F66C6
:10A1C800667365745F666C6F6174000064697265BC
:10A1D8006374696F6E0000007072655F63616C691B
:10A1E8006272617465640000656E61626C655F70BF
:10A1F800686173655F696E746572706F6C617469AC
:10A208006F6E000063616C69625F72616E67650002
:10A2180063616C69625F7363616E5F6469737461C3
:10A228006E63650063616C69625F7363616E5F6F23
:10A238006D6567610000000069676E6F72655F6930
:10A248006C6C6567616C5F68616C6C5F737461747A
:10A258006500000068616C6C5F706F6C6172697496
:10A268007900000068616C6C5F706F6C6172697472
:10A27800795F63616C6962726174656400000000F3
:10A2880073696E636F735F6770696F5F70696E5F24
:10A2980073696E0073696E636F735F6770696F5F70
:10A2A80070696E5F636F730069735F72656164796B
:10A2B80000000000696E6465785F666F756E640003
:10A2C800736861646F775F636F756E740000000078
:10A2D800636F756E745F696E5F6370720000000073
:10A2E800696E746572706F6C6174696F6E000000DE
:10A2F800706F735F657374696D6174650000000049
:10A30800706F735F657374696D6174655F636F7592
:10A318006E747300706F735F63697263756C6172DA
:10A3280000000000706F735F6370725F636F756E1B
:10A338007473000064656C74615F706F735F637041
:10A34800725F636F756E74730000000068616C6CF7
:10A358005F7374617465000076656C5F657374691A
:10A368006D6174655F636F756E74730063616C69AA
:10A37800625F7363616E5F726573706F6E736500A1
:10A38800706F735F616273007370695F6572726F7B
:10A39800725F7261746500006672657175656E63DF
:10A3A80079000000706F735F616D706C697475641B
:10A3B8006500000076656C5F616D706C697475642A
:10A3C80065000000746F727175655F616D706C690E
:10A3D800747564650000000063616C69625F616E9A
:10A3E8007469636F6767696E6700000063616C6911
:10A3F800625F706F735F7468726573686F6C640016
:10A4080063616C69625F76656C5F746872657368B6
:10A418006F6C6400636F6767696E675F7261746908
:10A428006F000000616E7469636F6767696E675FCC
:10A43800656E61626C6564006761696E5F7363680D
:10A448006564756C696E675F77696474680000009D
:10A45800656E61626C655F76656C5F6C696D697469
:10A4680000000000656E61626C655F746F727175E3
:10A47800655F6D6F64655F76656C5F6C696D697447
:10A4880000000000656E61626C655F6761696E5F00
:10A498007363686564756C696E670000656E6162F8
:10A4A8006C655F6F76657273706565645F657272FF
:10A4B8006F720000636F6E74726F6C5F6D6F6465AE
:10A4C80000000000696E7075745F6D6F6465000050
:10A4D800706F735F6761696E0000000076656C5F7E
:10A4E8006761696E0000000076656C5F696E74656F
:10A4F800677261746F725F6761696E0076656C5F21
:10A50800696E7465677261746F725F6C696D697486
:10A518000000000076656C5F6C696D69745F746F2C
:10A528006C6572616E63650076656C5F72616D70F3
:10A538005F72617465000000746F727175655F7297
:10A54800616D705F72617465000000006369726319
:10A55800756C61725F736574706F696E74730000F7
:10A5680063697263756C61725F736574706F696E2D
:10A57800745F72616E67650073746570735F706590
:10A58800725F63697263756C61725F72616E676531
:10A5980000000000686F6D696E675F7370656564C1
:10A5A80000000000696E6572746961006178697302
:10A5B8005F746F5F6D6972726F7200006D6972729D
:10A5C8006F725F726174696F00000000746F72715E
:10A5D80075655F6D6972726F725F726174696F0021
:10A5E8006C6F61645F656E636F6465725F617869E3
:10A5F80073000000696E7075745F66696C746572CB
:10A608005F62616E6477696474680000616E746982
:10A61800636F6767696E67006D656368616E69631C
:10A62800616C5F706F7765725F62616E6477696491
:10A6380074680000656C656374726963616C5F704F
:10A648006F7765725F62616E647769647468000031
:10A658007370696E6F75745F6D656368616E696349
:10A66800616C5F706F7765725F7468726573686F2D
:10A678006C6400007370696E6F75745F656C6563F8
:10A6880074726963616C5F706F7765725F7468720A
:10A698006573686F6C6400006C6173745F657272D7
:10A6A8006F725F74696D6500696E7075745F706F45
:10A6B80073000000696E7075745F76656C00000049
:10A6C800696E7075745F746F727175650000000053
:10A6D800706F735F736574706F696E74000000004B
:10A6E80076656C5F736574706F696E740000000046
:10A6F800746F727175655F736574706F696E7400DD
:10A708007472616A6563746F72795F646F6E6500F5
:10A7180076656C5F696E7465677261746F725F7479
:10A728006F72717565000000616E7469636F6767A9
:10A73800696E675F76616C69640000006175746FAB
:10A7480074756E696E675F706861736500000000FC
:10A758006175746F74756E696E6700006D65636806
:10A76800616E6963616C5F706F77657200000000ED
:10A77800656C656374726963616C5F706F7765722D
:10A7880000000000706F6C655F7061697273000093
:10A7980063616C6962726174696F6E5F637572720E
:10A7A800656E7400726573697374616E63655F6367
:10A7B800616C69625F6D61785F766F6C7461676503
:10A7C8000000000070686173655F696E647563748A
:10A7D800616E63650000000070686173655F726593
:10A7E80073697374616E636500000000746F727141
:10A7F80075655F636F6E7374616E74006D6F746FEF
:10A80800725F74797065000063757272656E745F4B
:10A818006C696D0063757272656E745F6C696D5FEB
:10A828006D617267696E0000746F727175655F6C37
:10A83800696D0000696E7665727465725F74656D26
:10A84800705F6C696D69745F6C6F7765720000008A
:10A85800696E7665727465725F74656D705F6C6938
:10A868006D69745F7570706572000000726571754E
:10A8780065737465645F63757272656E745F726127
:10A888006E67650063757272656E745F636F6E7470
:10A89800726F6C5F62616E6477696474680000004F
:10A8A8006163696D5F6761696E5F6D696E5F666C34
:10A8B800757800006163696D5F6175746F666C75AA
:10A8C800785F6D696E5F4964000000006163696DBF
:10A8D8005F6175746F666C75785F656E61626C65D3
:10A8E800000000006163696D5F6175746F666C7567
:10A8F800785F61747461636B5F6761696E00000003
:10A908006163696D5F6175746F666C75785F6465A6
:10A918006361795F6761696E00000000525F774C80
:10A928005F46465F656E61626C65000062454D4634
:10A938005F46465F656E61626C650000495F6275DF
:10A94800735F686172645F6D696E0000495F62756C
:10A95800735F686172645F6D61780000495F6C6560
:10A96800616B5F6D6178000064635F63616C69624D
:10A978005F74617500000000705F6761696E0000B8
:10A98800695F6761696E0000495F6D656173757223
:10A9980065645F7265706F72745F66696C74657206
:10A9A8005F6B000049645F736574706F696E740053
:10A9B80049715F736574706F696E740056645F7374
:10A9C8006574706F696E740056715F736574706F2B
:10A9D800696E740049616C7068615F6D656173755B
:10A9E8007265640049626574615F6D656173757253
:10A9F8006564000049645F6D656173757265640024
:10AA080049715F6D6561737572656400706F776514
:10AA180072000000765F63757272656E745F636FB3
:10AA28006E74726F6C5F696E74656772616C5F6477
:10AA380000000000765F63757272656E745F636F05
:10AA48006E74726F6C5F696E74656772616C5F714A
:10AA58000000000066696E616C5F765F616C70680B
:10AA68006100000066696E616C5F765F62657461A3
:10AA780000000000706F6C795F636F6566666963DC
:10AA880069656E745F300000706F6C795F636F6525
:10AA98006666696369656E745F310000706F6C7912
:10AAA8005F636F656666696369656E745F3200002F
:10AAB800706F6C795F636F656666696369656E74EC
:10AAC8005F33000074656D705F6C696D69745F6CED
:10AAD8006F7765720000000074656D705F6C696D5A
:10AAE80069745F75707065720000000074656D7040
:10AAF800657261747572650069735F61726D656412
:10AB08000000000069735F63616C6962726174655B
:10AB18006400000063757272656E745F6D656173C1
:10AB28005F7068410000000063757272656E745F43
:10AB38006D6561735F706842000000006375727232
:10AB4800656E745F6D6561735F7068430000000037
:10AB580044435F63616C69625F7068410000000094
:10AB680044435F63616C69625F7068420000000083
:10AB780044435F63616C69625F7068430000000072
:10AB8800495F62757300000070686173655F637583
:10AB98007272656E745F7265765F6761696E0000D8
:10ABA8006566666563746976655F63757272656EFE
:10ABB800745F6C696D0000006D61785F616C6C6F2B
:10ABC8007765645F63757272656E74006D61785F36
:10ABD80064635F63616C6962000000006665745FAE
:10ABE800746865726D6973746F7200006D6F746F4D
:10ABF800725F746865726D6973746F72000000002B
:10AC080063757272656E745F636F6E74726F6C00D9
:10AC18006E5F6576745F63757272656E745F6D657D
:10AC280061737572656D656E740000006E5F6576A0
:10AC3800745F70776D5F7570646174650000000003
:10AC48006E6F64655F69640069735F657874656ECB
:10AC5800646564006865617274626561745F7261DD
:10AC680074655F6D73000000656E636F6465725F85
:10AC7800726174655F6D73006D6F746F725F65727A
:10AC8800726F725F726174655F6D7300656E636F7A
:10AC98006465725F6572726F725F726174655F6D11
:10ACA80073000000636F6E74726F6C6C65725F6521
:10ACB80072726F725F726174655F6D73000000007D
:10ACC80073656E736F726C6573735F6572726F72A2
:10ACD8005F726174655F6D7300000000656E636F7D
:10ACE8006465725F636F756E745F726174655F6DC2
:10ACF8007300000069715F726174655F6D730000B5
:10AD080073656E736F726C6573735F726174655F80
:10AD18006D7300006275735F76695F726174655F59
:10AD28006D73000072616D705F74696D650000007D
:10AD380072616D705F64697374616E6365000000B1
:10AD4800616363656C00000076656C0066696E6916
:10AD580073685F64697374616E63650066696E69C0
:10AD680073685F6F6E5F76656C00000066696E6978
:10AD780073685F6F6E5F64697374616E636500000A
:10AD880066696E6973685F6F6E5F656E635F69643D
:10AD980078000000737461727475705F6D6F746F02
:10ADA800725F63616C6962726174696F6E00000042
:10ADB800737461727475705F656E636F6465725FDA
:10ADC800696E6465785F736561726368000000008E
:10ADD800737461727475705F656E636F6465725FBA
:10ADE8006F66667365745F63616C696272617469CA
:10ADF8006F6E0000737461727475705F636C6F734B
:10AE080065645F6C6F6F705F636F6E74726F6C00F8
:10AE1800737461727475705F686F6D696E67000036
:10AE2800656E61626C655F737465705F64697200FA
:10AE3800737465705F6469725F616C776179735F61
:10AE48006F6E0000656E61626C655F73656E736F2F
:10AE5800726C6573735F6D6F64650000776174630E
:10AE680068646F675F74696D656F757400000000D2
:10AE7800656E61626C655F7761746368646F6700B3
:10AE8800737465705F6770696F5F70696E0000004A
:10AE98006469725F6770696F5F70696E00000000B7
:10AEA80063616C6962726174696F6E5F6C6F636B0A
:10AEB800696E000073656E736F726C6573735F7291
:10AEC800616D700067656E6572616C5F6C6F636B56
:10AED800696E0000737465705F6469725F616374A2
:10AEE800697665006C6173745F6472765F6661751C
:10AEF8006C7400007374657073000000637572727F
:10AF0800656E745F737461746500000072657175B5
:10AF180065737465645F73746174650069735F68F1
:10AF28006F6D6564000000006D6F746F7200000043
:10AF3800636F6E74726F6C6C65720000656E636F20
:10AF4800646572006163696D5F657374696D6174CE
:10AF58006F72000073656E736F726C6573735F65F3
:10AF68007374696D61746F720000000074726170AF
:10AF78005F7472616A0000006D696E5F656E64736C
:10AF8800746F70006D61785F656E6473746F7000C4
:10AF98006D656368616E6963616C5F6272616B6540
:10AFA800000000007461736B5F74696D6573000065
:10AFB800656E64706F696E74000000006D696E00E4
:10AFC8006D617800656E61626C655F756172745F52
:10AFD80061000000656E61626C655F756172745F27
:10AFE80062000000656E61626C655F756172745F16
:10AFF80063000000756172745F615F6261756472FD
:10B0080061746500756172745F625F626175647214
:10B0180061746500756172745F635F626175647203
:10B0280061746500656E61626C655F63616E5F6126
:10B0380000000000656E61626C655F6932635F6184
:10B04800000000007573625F6364635F70726F7401
:10B058006F636F6C0000000075617274305F70720E
:10B068006F746F636F6C000075617274315F70721A
:10B078006F746F636F6C000075617274325F707209
:10B088006F746F636F6C00006D61785F72656765E0
:10B098006E5F63757272656E740000006272616B38
:10B0A800655F726573697374616E636500000000A3
:10B0B800656E61626C655F6272616B655F72657314
:10B0C8006973746F7200000064635F6275735F7503
:10B0D8006E646572766F6C746167655F74726970AF
:10B0E8005F6C6576656C000064635F6275735F6FA3
:10B0F800766572766F6C746167655F747269705F8C
:10B108006C6576656C000000656E61626C655F64F5
:10B11800635F6275735F6F766572766F6C74616773
:10B12800655F72616D70000064635F6275735F6F65
:10B13800766572766F6C746167655F72616D705F5A
:10B14800737461727400000064635F6275735F6F8B
:10B15800766572766F6C746167655F72616D705F3A
:10B16800656E640064635F6D61785F706F736974A6
:10B178006976655F63757272656E740064635F6D8E
:10B1880061785F6E656761746976655F6375727211
:10B19800656E74006572726F725F6770696F5F7059
:10B1A800696E00006770696F335F616E616C6F670D
:10B1B8005F6D617070696E67000000006770696F8D
:10B1C800345F616E616C6F675F6D617070696E6727
:10B1D800000000006770696F315F6D6F6465000083
:10B1E8006770696F325F6D6F646500006770696FC3
:10B1F800335F6D6F646500006770696F345F6D6FF2
:10B20800646500006770696F355F6D6F6465000085
:10B218006770696F365F6D6F646500006770696F8E
:10B22800375F6D6F646500006770696F385F6D6FB9
:10B23800646500006770696F395F6D6F6465000051
:10B248006770696F31305F6D6F6465006770696F33
:10B2580031315F6D6F6465006770696F31325F6DA2
:10B268006F6465006770696F31335F6D6F64650087
:10B278006770696F31345F6D6F6465006770696FFF
:10B2880031355F6D6F6465006770696F31365F6D6A
:10B298006F6465006770696F315F70776D5F6D61AE
:10B2A8007070696E670000006770696F325F707751
:10B2B8006D5F6D617070696E670000006770696F1F
:10B2C800335F70776D5F6D617070696E6700000045
:10B2D8006770696F345F70776D5F6D617070696EEC
:10B2E80067000000626175645F7261746500000048
:10B2F8006164647200000000616464725F6D61746F
:10B3080063685F636E74000072785F636E74000038
:10B318006572726F725F636E7400000074785F63A9
:10B328006E74000074785F6F76657272756E5F6315
:10B338006E740000757074696D6500006D696E5FEC
:10B34800686561705F737061636500006D61785F47
:10B35800737461636B5F75736167655F6178697347
:10B36800000000006D61785F737461636B5F7573D3
:10B378006167655F757362006D61785F737461639F
:10B388006B5F75736167655F7561727400000000BB
:10B398006D61785F737461636B5F75736167655F17
:10B3A80063616E006D61785F737461636B5F757361
:10B3B8006167655F73746172747570006D61785F41
:10B3C800737461636B5F75736167655F616E616CF0
:10B3D8006F670000737461636B5F73697A655F619F
:10B3E80078697300737461636B5F73697A655F75FD
:10B3F80073620000737461636B5F73697A655F756C
:10B4080061727400737461636B5F73697A655F73EB
:10B418007461727475700000737461636B5F736933
:10B428007A655F63616E0000737461636B5F736953
:10B438007A655F616E616C6F670000007072696F9A
:10B448005F617869730000007072696F5F7573627D
:10B45800000000007072696F5F756172740000000F
:10B468007072696F5F7374617274757000000000A8
:10B478007072696F5F63616E000000007072696FBF
:10B488005F616E616C6F670069326300737461722B
:10B49800745F74696D650000656E645F74696D65DD
:10B4A800000000006D61785F6C656E67746800006D
:10B4B80073616D706C696E6700000000636F6E7475
:10B4C800726F6C5F6C6F6F705F6D69736300000003
:10B4D800636F6E74726F6C5F6C6F6F705F636865BB
:10B4E800636B730064635F63616C69625F77616952
:10B4F80074000000766275735F766F6C74616765BF
:10B5080000000000766275735F766F6C7461676522
:10B518005F696E7465726E616C00000076627573A7
:10B528005F766F6C746167655F696E7465726E6172
:10B538006C5F726177000000766275735F766F6C7E
:10B54800746167655F696E7465726E616C5F616472
:10B5580063000000766275735F766F6C746167656F
:10B568005F65787465726E616C0000007662757351
:10B578005F766F6C746167655F65787465726E611C
:10B588006C5F616463000000766275735F766F6C50
:10B59800746167655F65787465726E616C5F73630B
:10B5A800616C6500766275735F766F6C7461676550
:10B5B8005F65787465726E616C5F76616C69640052
:10B5C800766275735F766F6C746167655F657874B2
:10B5D80065726E616C5F6661756C74007662757316
:10B5E8005F766F6C746167655F65787465726E61AC
:10B5F8006C5F737461747573000000006962757321
:10B6080000000000696275735F7265706F72745F25
:10B6180066696C7465725F6B00000000736572691F
:10B62800616C5F6E756D62657200000068775F76A9
:10B63800657273696F6E5F6D616A6F7200000000FA
:10B6480068775F76657273696F6E5F6D696E6F722A
:10B658000000000068775F76657273696F6E5F76C9
:10B66800617269616E74000066775F7665727369EE
:10B678006F6E5F6D616A6F720000000066775F76BB
:10B68800657273696F6E5F6D696E6F72000000009E
:10B6980066775F76657273696F6E5F7265766973D8
:10B6A800696F6E0066775F76657273696F6E5F7536
:10B6B8006E72656C65617365640000006272616B2F
:10B6C800655F7265736973746F725F61726D6564CB
:10B6D800000000006272616B655F72657369737464
:10B6E8006F725F7361747572617465640000000045
:10B6F8006272616B655F7265736973746F725F63A1
:10B70800757272656E7400006E5F6576745F736142
:10B718006D706C696E6700006E5F6576745F636F4D
:10B728006E74726F6C5F6C6F6F7000007461736B16
:10B738005F74696D6572735F61726D6564000000A6
:10B7480073797374656D5F737461747300000000BE
:10B75800757365725F636F6E6669675F6C6F61644E
:10B76800656400006D6973636F6E666967757265FD
:10B77800640000006F7363696C6C6F73636F70654E
:10B7880000000000746573745F70726F7065727486
:10B79800790000006F74705F76616C696400000066
:10B7A80061786973300000006178697331000000C6
:10B7B800756172745F7365727665725F74687265BD
:10B7C80061645F64656600007573625F73657276B5
:10B7D80065725F7468726561645F64656600000025
:10B7E800474C49424358585F54554E41424C455383
:10B7F800000000006F626A5F73697A6500000000EC
:10B808006F626A5F636F756E74000000676C6962CF
:10B818006378782E65685F706F6F6C007374643A34
:10B828003A6261645F657863657074696F6E000081
:10B8380065256C64000000002E0000006E660000A4
:10B84800696E69747900000043000000504F534945
:10B8580058000000494E4600696E66004E414E0091
:10B868006E616E00303132333435363738396162C3
:10B878006364656600000000286E756C6C29000022
:10B8880042616C6C6F63207375636365656465649E
:10B89800000000002E2E2F2E2E2F2E2E2F2E2E2F74
:10B8A8002E2E2F2E2E2F6E65776C69622F6C696293
:10B8B800632F7374646C69622F6764746F612D679A
:10B8C80065746865782E6300496E66696E69747977
:10B8D800000000004E614E002E2E2F2E2E2F2E2EF1
:10B8E8002F2E2E2F2E2E2F2E2E2F6E65776C6962FF
:10B8F8002F6C6962632F7374646C69622F64746F50
:10B90800612E63002C2066756E6374696F6E3A2031
:10B9180000000000617373657274696F6E202225E0
:10B928007322206661696C65643A2066696C6520DB
:10B93800222573222C206C696E65202564257325C9
:10B94800730A00002E2E2F2E2E2F2E2E2F2E2E2F46
:10B958002E2E2F2E2E2F6E65776C69622F6C6962E2
:10B96800632F7374646C69622F6D707265632E63E4
:10B9780000000000000800000000000001020304AD
:10B988000000000000000000010203040607080987
:10B9980000061016000610164E356669627265318B
:10B9A800374173796E6353747265616D536F757245
:10B9B800636545009CCF0408A0B903084E35666945
:10B9C80062726531354173796E6353747265616D66
:10B9D80053696E6B450000009CCF0408C4B9030886
:10B9E8004E35666962726531335061636B657457B1
:10B9F80072617070657245009CD00408E8B903084C
:10BA0800E0B903084E356669627265313550616385
:10BA18006B6574556E7772617070657245000000D1
:10BA28009CD004080CBA0308BCB903080000000045
:10BA380000BA0308457B0108857C01080000000066
:10BA480028BA0308C97A01083D7D010800040000EE
:10BA58004E31304F4472697665496E746638417864
:10BA68006973496E746645009CCF040858BA030888
:10BA780034417869730000009CD0040878BA030840
:10BA880070BA03080000000080BA03084593010853
:10BA9800537431386261645F76617269616E745F94
:10BAA80061636365737300009CD0040898BA030847
:10BAB800D0CF04083331526573697374616E63655E
:10BAC8004D6561737572656D656E74436F6E7472E2
:10BAD8006F6C4C61770000009CD00408BCBA030866
:10BAE8002CBF03083331496E64756374616E6365F6
:10BAF8004D6561737572656D656E74436F6E7472B2
:10BB08006F6C4C61770000009CD00408ECBA030805
:10BB18002CBF030800000000B0BA0308A9A8010858
:10BB2800BDA8010821A7010800000000E0BA030829
:10BB380025A70108E1E401081DEA010839A7010861
:10BB480049A901080000000010BB030825A8010846
:10BB5800E1E401081DEA01082DA80108D9A8010897
:10BB68004E31304F4472697665496E746632385486
:10BB78006865726D6973746F7243757272656E74FD
:10BB88004C696D69746572496E7466450000000001
:10BB98009CCF040868BB03084E31304F4472697665
:10BBA80065496E746633354F6E626F6172645468AE
:10BBB80065726D6973746F7243757272656E744CD9
:10BBC800696D69746572496E746645009CCF040896
:10BBD800A0BB03084E31304F4472697665496E74D4
:10BBE8006633364F6666626F617264546865726D5B
:10BBF8006973746F7243757272656E744C696D699E
:10BC0800746572496E746645000000009CCF040894
:10BC1800DCBB0308313443757272656E744C696D10
:10BC280069746572000000009CCF04081CBC0308FE
:10BC38003234546865726D6973746F7243757272C9
:10BC4800656E744C696D69746572000014D10408DE
:10BC580038BC0308000000000200000030BC0308E4
:10BC68000200000098BB03080200000033314F6E49
:10BC7800626F617264546865726D6973746F724340
:10BC8800757272656E744C696D6974657200000036
:10BC980014D1040874BC030800000000020000006E
:10BCA80054BC030802000000D4BB030802000000D3
:10BCB80033324F6666626F617264546865726D698B
:10BCC80073746F7243757272656E744C696D6974C2
:10BCD8006572000014D10408B8BC03080000000015
:10BCE8000200000054BC03080200000014BC030852
:10BCF800020000000000000098BC0308B1D2000850
:10BD0800E5D40008EDB9010800000000DCBC030818
:10BD1800B5D20008F5D40008EDB901084E31304F0E
:10BD28004472697665496E74663131456E636F6435
:10BD38006572496E746645009CCF040824BD0308EB
:10BD480037456E636F646572000000009CD004087C
:10BD580048BD030840BD03089CCF040868BD03081C
:10BD68002A5A4E37456E636F646572323972756E42
:10BD78005F68616C6C5F706F6C61726974795F6326
:10BD8800616C6962726174696F6E457645556C6263
:10BD9800455F00009CCF0408A4BD03082A5A4E370B
:10BDA800456E636F646572323672756E5F68616C7A
:10BDB8006C5F70686173655F63616C6962726174FE
:10BDC800696F6E457645556C62455F00000000005E
:10BDD80054BD030839BC0108000000000000803F82
:10BDE8000000004000004040000080400000A040EB
:10BDF8003133436F6D706F6E656E744261736500A9
:10BE08009CCF0408F8BD030831334163696D45735D
:10BE180074696D61746F72009CD0040810BE0308C9
:10BE280008BE03080000000020BE030839D301083B
:10BE38004E31304F4472697665496E746631394DBA
:10BE4800656368616E6963616C4272616B65496EB6
:10BE5800746645009CCF040838BE030831354D652B
:10BE68006368616E6963616C4272616B65000000B2
:10BE78009CD0040864BE03085CBE030800000000F0
:10BE880078BE03082DD5010871D501084E31304F11
:10BE98004472697665496E74663134436F6E7472A4
:10BEA8006F6C6C6572496E74664500009CCF04081F
:10BEB80094BE03083130436F6E74726F6C6C657298
:10BEC800000000009CD00408BCBE0308B4BE0308F0
:10BED80000000000CCBE0308C9D50108F9D5010847
:10BEE80011D60108B1D50108313550686173654331
:10BEF8006F6E74726F6C4C6177494C6A33454500BC
:10BF08009CCF0408F0BE03083234416C706861426B
:10BF18006574614672616D65436F6E74726F6C6CA7
:10BF2800657200009CD0040810BF030808BF03080E
:10BF380032334669656C644F7269656E7465644333
:10BF48006F6E74726F6C6C657200000014D1040817
:10BF580038BF030800000000020000002CBF0308DF
:10BF68000200000008BE03080204000000000000F0
:10BF780054BF030851E40108E1E401081DEA01087F
:10BF88007DE4010811E8010831E80108FCFFFFFF22
:10BF980054BF030815EA010831384F70656E4C6FBD
:10BFA8006F70436F6E74726F6C6C65720000000086
:10BFB8009CD00408A0BF030808BE030800000000C6
:10BFC800B8BF0308D9EA01084E31304F4472697688
:10BFD80065496E746631364F7363696C6C6F736351
:10BFE8006F7065496E746645000000009CCF0408B8
:10BFF800D0BF030831304F4472697665496E746664
:10C00800000000009CCF0408FCBF030831324F73C6
:10C0180063696C6C6F73636F706500009CD0040873
:10C0280014C00308F4BF0308364F447269766500EC
:10C038009CD0040830C003080CC0030800000000AE
:10C0480024C0030841F301080000000038C00308B9
:10C0580061F30108F1F50108D1FA0108D1F40108EA
:10C0680059F3010811F6010871F30108DDF301081D
:10C0780069F40108DDF4010801F501084E31304F7B
:10C088004472697665496E74663743616E496E74A9
:10C09800664500009CCF040884C003083130436122
:10C0A8006E42757342617365000000009CCF0408FE
:10C0B800A4C00308394F447269766543414E0000B5
:10C0C80014D10408BCC003080000000002000000EE
:10C0D800B4C00308020000009CC00308020000006E
:10C0E80000000000C8C003084D280208E128020823
:10C0F800A1280208256600256C7500256C6C750062
:10C10800256C6400256400256C6C640038547970D3
:10C1180065496E666F0000009CCF040814C10308CF
:10C128003235537472696E67436F6E7665727469DF
:10C13800626C6554797065496E666F009CCF04081F
:10C1480028C103083231466C6F6174536574746199
:10C15800626C6554797065496E666F009CCF0408FF
:10C168004CC103083231466962726550726F70655E
:10C1780072747954797065496E666F493850726F78
:10C188007065727479494E31304F447269766549E9
:10C198006E7466354572726F724545450000000041
:10C1A80014D104086CC1030800000000030000005B
:10C1B80064C103080200000044C10308020400002F
:10C1C80020C10308020800003231466962726550D6
:10C1D800726F706572747954797065496E666F49CB
:10C1E8003850726F70657274794966454500000071
:10C1F80014D10408D0C103080000000003000000A7
:10C2080064C103080200000044C1030802040000DE
:10C2180020C1030802080000323146696272655085
:10C22800726F706572747954797065496E666F497A
:10C238003850726F70657274794962454500000024
:10C2480014D1040820C20308000000000300000005
:10C2580064C103080200000044C10308020400008E
:10C2680020C1030802080000323146696272655035
:10C27800726F706572747954797065496E666F492A
:10C288003850726F7065727479496D4545000000C9
:10C2980014D1040870C20308000000000300000065
:10C2A80064C103080200000044C10308020400003E
:10C2B80020C10308020800003231466962726550E5
:10C2C800726F706572747954797065496E666F49DA
:10C2D8003850726F7065727479494E31304F4472BC
:10C2E800697665496E74663743616E496E74663562
:10C2F8004572726F724545450000000014D104086C
:10C30800C0C20308000000000300000064C1030865
:10C318000200000044C103080204000020C1030811
:10C32800020800003231466962726550726F7065AA
:10C3380072747954797065496E666F493850726FB6
:10C348007065727479494E31304F44726976654927
:10C358006E74663743616E496E74663850726F74D6
:10C368006F636F6C4545450014D104082CC303085E
:10C37800000000000300000064C103080200000080
:10C3880044C103080204000020C103080208000099
:10C398003231466962726550726F70657274795491
:10C3A800797065496E666F493850726F706572743E
:10C3B80079494E31304F4472697665496E746631F9
:10C3C8003853747265616D50726F746F636F6C541B
:10C3D800797065454545000014D1040898C30308E1
:10C3E800000000000300000064C103080200000010
:10C3F80044C103080204000020C103080208000029
:10C408003231466962726550726F70657274795420
:10C41800797065496E666F493850726F70657274CD
:10C4280079493134656E64706F696E745F726566E0
:10C438005F7445450000000014D1040808C40308CF
:10C44800000000000300000064C1030802000000AF
:10C4580044C103080204000020C1030802080000C8
:10C468003231466962726550726F706572747954C0
:10C47800797065496E666F493850726F706572746D
:10C4880079494E31304F4472697665496E74663821
:10C498004770696F4D6F64654545450014D10408C0
:10C4A80068C40308000000000300000064C103081A
:10C4B8000200000044C103080204000020C1030870
:10C4C800020800003231466962726550726F706509
:10C4D80072747954797065496E666F493850726F15
:10C4E8007065727479494E31304F44726976654986
:10C4F8006E74663841786973496E74663545727230
:10C508006F7245454500000014D10408CCC40308E7
:10C51800000000000300000064C1030802000000DE
:10C5280044C103080204000020C1030802080000F7
:10C538003231466962726550726F706572747954EF
:10C54800797065496E666F493850726F706572749C
:10C5580079494E31304F4472697665496E74663850
:10C5680041786973496E74663941786973537461A7
:10C57800746545454500000014D1040838C5030812
:10C58800000000000300000064C10308020000006E
:10C5980044C103080204000020C103080208000087
:10C5A8003231466962726550726F7065727479547F
:10C5B800797065496E666F493850726F706572742C
:10C5C800794974454500000014D10408A8C503083A
:10C5D800000000000300000064C10308020000001E
:10C5E80044C103080204000020C103080208000037
:10C5F8003231466962726550726F7065727479542F
:10C60800797065496E666F493850726F70657274DB
:10C6180079494E31304F4472697665496E7466398E
:10C628004D6F746F72496E7466354572726F7245DC
:10C638004545000014D10408F8C5030800000000AF
:10C648000300000064C103080200000044C103089D
:10C658000204000020C103080208000032314669C4
:10C6680062726550726F7065727479547970654939
:10C678006E666F493850726F7065727479496C458F
:10C688004500000014D1040864C603080000000037
:10C698000300000064C103080200000044C103084D
:10C6A8000204000020C10308020800003231466974
:10C6B80062726550726F70657274795479706549E9
:10C6C8006E666F493850726F7065727479494E3171
:10C6D800304F4472697665496E7466394D6F746F70
:10C6E80072496E7466394D6F746F7254797065450E
:10C6F8004545000014D10408B4C603080000000032
:10C708000300000064C103080200000044C10308DC
:10C718000204000020C10308020800003231466903
:10C7280062726550726F7065727479547970654978
:10C738006E666F493850726F7065727479494E3100
:10C74800304F4472697665496E74663134436F6E52
:10C7580074726F6C6C6572496E7466354572726F6F
:10C76800724545450000000014D1040824C7030899
:10C77800000000000300000064C10308020000007C
:10C7880044C103080204000020C103080208000095
:10C798003231466962726550726F7065727479548D
:10C7A800797065496E666F493850726F706572743A
:10C7B80079494E31304F4472697665496E746631F5
:10C7C80034436F6E74726F6C6C6572496E74663147
:10C7D80031436F6E74726F6C4D6F646545454500EB
:10C7E80014D1040898C703080000000003000000E3
:10C7F80064C103080200000044C1030802040000E9
:10C8080020C103080208000032314669627265508F
:10C81800726F706572747954797065496E666F4984
:10C828003850726F7065727479494E31304F447266
:10C83800697665496E74663134436F6E74726F6CD5
:10C848006C6572496E746639496E7075744D6F64A3
:10C85800654545450000000014D1040810C80308C8
:10C86800000000000300000064C10308020000008B
:10C8780044C103080204000020C1030802080000A4
:10C888003231466962726550726F7065727479549C
:10C89800797065496E666F493850726F7065727449
:10C8A800794968454500000014D1040888C8030880
:10C8B800000000000300000064C10308020000003B
:10C8C80044C103080204000020C103080208000054
:10C8D8003231466962726550726F7065727479544C
:10C8E800797065496E666F493850726F70657274F9
:10C8F80079494E31304F4472697665496E746631B4
:10C9080031456E636F646572496E7466354572723F
:10C918006F7245454500000014D10408D8C80308C3
:10C92800000000000300000064C1030802000000CA
:10C9380044C103080204000020C1030802080000E3
:10C948003231466962726550726F706572747954DB
:10C95800797065496E666F493850726F7065727488
:10C9680079494E31304F4472697665496E74663143
:10C9780031456E636F646572496E7466344D6F64D9
:10C98800654545450000000014D1040848C903085E
:10C99800000000000300000064C10308020000005A
:10C9A80044C103080204000020C103080208000073
:10C9B8003231466962726550726F7065727479546B
:10C9C800797065496E666F493850726F7065727418
:10C9D80079494E31304F4472697665496E746632D2
:10C9E8003353656E736F726C657373457374696DD9
:10C9F80061746F72496E7466354572726F7245451F
:10CA08004500000014D10408B8C90308000000005C
:10CA18000300000064C103080200000044C10308C9
:10CA28000204000020C10308020800000000000002
:10CA380020C10308000000000000000044C10308F2
:10CA4800692E02086D2E02080000000064C1030868
:10CA5800712E020800000000A8C1030885490208D9
:10CA6800B93202089133020895470208FCFFFFFF1C
:10CA7800A8C10308B1330208C9470208F8FFFFFF3D
:10CA8800A8C10308D932020800000000F8C1030851
:10CA9800A138020891320208B9330208D1470208C6
:10CAA800FCFFFFFFF8C10308E53302081548020838
:10CAB800F8FFFFFFF8C10308B132020800000000C8
:10CAC80048C20308598A020869320208ED3302088D
:10CAD800158A0208FCFFFFFF48C203080534020854
:10CAE800518A0208F8FFFFFF48C20308893202088A
:10CAF8000000000098C20308753802084132020895
:10CB08000D3402081D480208FCFFFFFF98C2030805
:10CB18002D34020851480208F8FFFFFF98C20308A5
:10CB2800613202080000000004C30308C927030893
:10CB380019320208353402080D8B0208FCFFFFFF8A
:10CB480004C3030855340208418B0208F8FFFFFFAD
:10CB580004C30308393202080000000070C3030848
:10CB680097270308F13102085D340208B98C0208DE
:10CB7800FCFFFFFF70C303087D340208ED8C020838
:10CB8800F8FFFFFF70C3030811320208000000001D
:10CB9800E0C3030865270308C93102088534020881
:10CBA800A98A0208FCFFFFFFE0C30308A5340208B6
:10CBB800DD8A0208F8FFFFFFE0C30308E931020835
:10CBC8000000000040C403089131020895310208B2
:10CBD800AD340208BD310208FCFFFFFF40C4030862
:10CBE800B9340208C1310208F8FFFFFF40C4030846
:10CBF800B531020800000000A4C403083327030865
:10CC080069310208C1340208AD8E0208FCFFFFFF3B
:10CC1800A4C40308E1340208E18E0208F8FFFFFF0C
:10CC2800A4C40308893102080000000010C50308E5
:10CC38004938020841310208E93402085948020813
:10CC4800FCFFFFFF10C50308093502088D480208DC
:10CC5800F8FFFFFF10C5030861310208000000005B
:10CC680080C5030801270308193102081135020895
:10CC78008D8B0208FCFFFFFF80C5030831350208D1
:10CC8800C18B0208F8FFFFFF80C50308393102088D
:10CC980000000000D0C50308B3490208F1300208BB
:10CCA8003935020849490208FCFFFFFFD0C50308CF
:10CCB800593502087D490208F8FFFFFFD0C503086F
:10CCC80011310208000000003CC60308233802089E
:10CCD800C930020861350208893B0208FCFFFFFFE2
:10CCE8003CC6030885350208C13B0208F8FFFFFF70
:10CCF8003CC60308E9300208000000008CC603089F
:10CD0800F7370208A13002088D3502089548020855
:10CD1800FCFFFFFF8CC60308AD350208C9480208AE
:10CD2800F8FFFFFF8CC60308C130020800000000AE
:10CD3800FCC60308CF26030879300208B535020877
:10CD48001D8D0208FCFFFFFFFCC60308D53502084D
:10CD5800518D0208F8FFFFFFFCC60308993002084E
:10CD68000000000070C703089D2603085130020820
:10CD7800DD350208F18B0208FCFFFFFF70C70308CE
:10CD8800FD350208258C0208F8FFFFFF70C703086D
:10CD98007130020800000000E8C703086B2603088A
:10CDA8002930020805360208818D0208FCFFFFFFC2
:10CDB800E8C7030825360208B58D0208F8FFFFFF0B
:10CDC800E8C70308493002080000000060C80308EB
:10CDD80039260308013002082D360208E58D0208BD
:10CDE800FCFFFFFF60C803084D360208198E0208D1
:10CDF800F8FFFFFF60C803082130020800000000A8
:10CE0800B0C8030807260308D92F020855360208B8
:10CE1800498E0208FCFFFFFFB0C8030875360208F8
:10CE28007D8E0208F8FFFFFFB0C80308F92F02083B
:10CE38000000000020C90308E1490208B12F0208D8
:10CE48007D3602080D490208FCFFFFFF20C90308D0
:10CE58009D36020841490208F8FFFFFF20C9030870
:10CE6800D12F02080000000090C90308C937020842
:10CE7800892F0208A5360208D1480208FCFFFFFFE7
:10CE880090C90308C536020805490208F8FFFFFFE4
:10CE980090C90308A92F0208000000000CCA030863
:10CEA800D5250308612F0208CD360208558C0208E3
:10CEB800FCFFFFFF0CCA0308ED360208898C020844
:10CEC800F8FFFFFF0CCA0308812F0208ADDA000043
:10CED8005B7B226E616D65223A22222C22696422D4
:10CEE8003A302C2274797065223A226A736F6E2266
:10CEF8002C22616363657373223A2272227D2C7B34
:10CF0800226E616D65223A226572726F72222C223E
:10CF18006964223A312C2274797065223A22756943
:10CF28006E743136222C22616363657373223A2250
:10CF38007277227D2C7B226E616D65223A227662A1
:10CF480075735F766F6C74616765222C2269642241
:10CF58003A322C2274797065223A22666C6F6174B9
:10CF6800222C22616363657373223A2272227D2C1C
:10CF78007B226E616D65223A22766275735F766FE9
:10CF88006C746167655F696E7465726E616C222C82
:10CF9800226964223A332C2274797065223A226617
:10CFA8006C6F6174222C22616363657373223A2269
:10CFB80072227D2C7B226E616D65223A2276627523
:10CFC800735F766F6C746167655F696E7465726EA6
:10CFD800616C5F726177222C226964223A342C22B8
:10CFE80074797065223A2275696E743332222C2264
:10CFF800616363657373223A2272227D2C7B226EF1
:10D00800616D65223A22766275735F766F6C746122
:10D0180067655F696E7465726E616C5F61646322D7
:10D028002C226964223A352C2274797065223A22BE
:10D03800666C6F6174222C22616363657373223A94
:10D048002272227D2C7B226E616D65223A227662E5
:10D0580075735F766F6C746167655F657874657208
:10D068006E616C222C226964223A362C2274797003
:10D0780065223A22666C6F6174222C2261636365B3
:10D088007373223A2272227D2C7B226E616D652297
:10D098003A22766275735F766F6C746167655F6557
:10D0A800787465726E616C5F616463222C226964B6
:10D0B800223A372C2274797065223A22666C6F61A5
:10D0C80074222C22616363657373223A2272227D73
:10D0D8002C7B226E616D65223A22766275735F76CB
:10D0E8006F6C746167655F65787465726E616C5F9B
:10D0F8007363616C65222C226964223A382C22748D
:10D10800797065223A22666C6F6174222C22616301
:10D1180063657373223A2272227D2C7B226E616DC5
:10D1280065223A22766275735F766F6C7461676503
:10D138005F65787465726E616C5F76616C69642294
:10D148002C226964223A392C2274797065223A2299
:10D15800626F6F6C222C22616363657373223A22BB
:10D1680072227D2C7B226E616D65223A2276627571
:10D17800735F766F6C746167655F65787465726EEE
:10D18800616C5F6661756C74222C226964223A3185
:10D19800302C2274797065223A22626F6F6C222CCF
:10D1A80022616363657373223A2272227D2C7B228B
:10D1B8006E616D65223A22766275735F766F6C7464
:10D1C8006167655F65787465726E616C5F737461C1
:10D1D800747573222C226964223A31312C227479B5
:10D1E8007065223A2275696E743332222C2261638B
:10D1F80063657373223A2272227D2C7B226E616DE5
:10D2080065223A2269627573222C226964223A31B6
:10D21800322C2274797065223A22666C6F6174220E
:10D228002C22616363657373223A2272227D2C7B00
:10D23800226E616D65223A22696275735F7265704C
:10D248006F72745F66696C7465725F6B222C2269F9
:10D2580064223A31332C2274797065223A22666C42
:10D268006F6174222C22616363657373223A2272A0
:10D2780077227D2C7B226E616D65223A227365725E
:10D2880069616C5F6E756D626572222C2269642219
:10D298003A31342C2274797065223A2275696E7499
:10D2A8003634222C22616363657373223A22722218
:10D2B8007D2C7B226E616D65223A2268775F7665E8
:10D2C8007273696F6E5F6D616A6F72222C22696476
:10D2D800223A31352C2274797065223A2275696EAA
:10D2E8007438222C22616363657373223A22722296
:10D2F8007D2C7B226E616D65223A2268775F7665A8
:10D308007273696F6E5F6D696E6F72222C22696429
:10D31800223A31362C2274797065223A2275696E68
:10D328007438222C22616363657373223A22722255
:10D338007D2C7B226E616D65223A2268775F766567
:10D348007273696F6E5F76617269616E74222C22E6
:10D358006964223A31372C2274797065223A227531
:10D36800696E7438222C22616363657373223A22D2
:10D3780072227D2C7B226E616D65223A2266775F70
:10D3880076657273696F6E5F6D616A6F72222C22A7
:10D398006964223A31382C2274797065223A2275F0
:10D3A800696E7438222C22616363657373223A2292
:10D3B80072227D2C7B226E616D65223A2266775F30
:10D3C80076657273696F6E5F6D696E6F72222C225B
:10D3D8006964223A31392C2274797065223A2275AF
:10D3E800696E7438222C22616363657373223A2252
:10D3F80072227D2C7B226E616D65223A2266775FF0
:10D4080076657273696F6E5F7265766973696F6E40
:10D41800222C226964223A32302C227479706522D7
:10D428003A2275696E7438222C22616363657373BE
:10D43800223A2272227D2C7B226E616D65223A226D
:10D4480066775F76657273696F6E5F756E72656C0D
:10D458006561736564222C226964223A32312C2278
:10D4680074797065223A2275696E7438222C2261AB
:10D478006363657373223A2272227D2C7B226E616C
:10D488006D65223A226272616B655F7265736973BA
:10D49800746F725F61726D6564222C226964223A2E
:10D4A80032322C2274797065223A22626F6F6C22B4
:10D4B8002C22616363657373223A2272227D2C7B6E
:10D4C800226E616D65223A226272616B655F7265D8
:10D4D800736973746F725F73617475726174656474
:10D4E800222C226964223A32332C22747970652204
:10D4F8003A22626F6F6C222C226163636573732218
:10D508003A2272227D2C7B226E616D65223A22625C
:10D5180072616B655F7265736973746F725F63754F
:10D528007272656E74222C226964223A32342C227B
:10D5380074797065223A22666C6F6174222C2261BC
:10D548006363657373223A2272227D2C7B226E619B
:10D558006D65223A226E5F6576745F73616D706CDB
:10D56800696E67222C226964223A32352C2274793A
:10D578007065223A2275696E743332222C226163F7
:10D5880063657373223A2272227D2C7B226E616D51
:10D5980065223A226E5F6576745F636F6E74726F90
:10D5A8006C5F6C6F6F70222C226964223A32362CC1
:10D5B8002274797065223A2275696E743332222C8E
:10D5C80022616363657373223A2272227D2C7B2267
:10D5D8006E616D65223A227461736B5F74696D6563
:10D5E80072735F61726D6564222C226964223A321B
:10D5F800372C2274797065223A22626F6F6C222C64
:10D6080022616363657373223A227277227D2C7BD1
:10D61800226E616D65223A227461736B5F74696D65
:10D628006573222C2274797065223A226F626A65CA
:10D638006374222C226D656D62657273223A5B7B7E
:10D64800226E616D65223A2273616D706C696E6736
:10D65800222C2274797065223A226F626A6563749B
:10D66800222C226D656D62657273223A5B7B226E95
:10D67800616D65223A2273746172745F74696D65B5
:10D68800222C226964223A32382C2274797065225D
:10D698003A2275696E743332222C22616363657392
:10D6A80073223A2272227D2C7B226E616D65223AAA
:10D6B80022656E645F74696D65222C226964223A62
:10D6C80032392C2274797065223A2275696E743366
:10D6D80032222C22616363657373223A2272227D9F
:10D6E8002C7B226E616D65223A226C656E677468C8
:10D6F800222C226964223A33302C227479706522F4
:10D708003A2275696E743332222C22616363657321
:10D7180073223A2272227D2C7B226E616D65223A39
:10D72800226D61785F6C656E677468222C2269646B
:10D73800223A33312C2274797065223A2275696E47
:10D74800743332222C22616363657373223A227226
:10D7580077227D5D7D2C7B226E616D65223A226386
:10D768006F6E74726F6C5F6C6F6F705F6D697363EF
:10D77800222C2274797065223A226F626A6563747A
:10D78800222C226D656D62657273223A5B7B226E74
:10D79800616D65223A2273746172745F74696D6594
:10D7A800222C226964223A33322C22747970652241
:10D7B8003A2275696E743332222C22616363657371
:10D7C80073223A2272227D2C7B226E616D65223A89
:10D7D80022656E645F74696D65222C226964223A41
:10D7E80033332C2274797065223A2275696E74334A
:10D7F80032222C22616363657373223A2272227D7E
:10D808002C7B226E616D65223A226C656E677468A6
:10D81800222C226964223A33342C227479706522CE
:10D828003A2275696E743332222C22616363657300
:10D8380073223A2272227D2C7B226E616D65223A18
:10D84800226D61785F6C656E677468222C2269644A
:10D85800223A33352C2274797065223A2275696E22
:10D86800743332222C22616363657373223A227205
:10D8780077227D5D7D2C7B226E616D65223A226365
:10D888006F6E74726F6C5F6C6F6F705F63686563E7
:10D898006B73222C2274797065223A226F626A6552
:10D8A8006374222C226D656D62657273223A5B7B0C
:10D8B800226E616D65223A2273746172745F7469B5
:10D8C8006D65222C226964223A33362C22747970D1
:10D8D80065223A2275696E743332222C22616363A1
:10D8E800657373223A2272227D2C7B226E616D65EC
:10D8F800223A22656E645F74696D65222C22696420
:10D90800223A33372C2274797065223A2275696E6F
:10D91800743332222C22616363657373223A227254
:10D92800227D2C7B226E616D65223A226C656E67C2
:10D938007468222C226964223A33382C2274797054
:10D9480065223A2275696E743332222C2261636330
:10D95800657373223A2272227D2C7B226E616D657B
:10D96800223A226D61785F6C656E677468222C229A
:10D978006964223A33392C2274797065223A227507
:10D98800696E743332222C22616363657373223AA1
:10D99800227277227D5D7D2C7B226E616D65223A35
:10D9A8002264635F63616C69625F77616974222CCA
:10D9B8002274797065223A226F626A656374222C38
:10D9C800226D656D62657273223A5B7B226E616DB2
:10D9D80065223A2273746172745F74696D65222CD2
:10D9E800226964223A34302C2274797065223A22F2
:10D9F80075696E743332222C2261636365737322F6
:10DA08003A2272227D2C7B226E616D65223A226554
:10DA18006E645F74696D65222C226964223A343120
:10DA28002C2274797065223A2275696E7433322219
:10DA38002C22616363657373223A2272227D2C7BE8
:10DA4800226E616D65223A226C656E677468222CBD
:10DA5800226964223A34322C2274797065223A227F
:10DA680075696E743332222C226163636573732285
:10DA78003A2272227D2C7B226E616D65223A226DDC
:10DA880061785F6C656E677468222C226964223A3B
:10DA980034332C2274797065223A2275696E743396
:10DAA80032222C22616363657373223A22727722D1
:10DAB8007D5D7D5D7D2C7B226E616D65223A2273D2
:10DAC800797374656D5F7374617473222C22747931
:10DAD8007065223A226F626A656374222C226D6532
:10DAE8006D62657273223A5B7B226E616D65223AC4
:10DAF80022757074696D65222C226964223A343467
:10DB08002C2274797065223A2275696E7433322238
:10DB18002C22616363657373223A2272227D2C7B07
:10DB2800226E616D65223A226D696E5F686561706B
:10DB38005F7370616365222C226964223A34352C44
:10DB48002274797065223A2275696E743332222CF8
:10DB580022616363657373223A2272227D2C7B22D1
:10DB68006E616D65223A226D61785F737461636BD3
:10DB78005F75736167655F61786973222C226964D8
:10DB8800223A34362C2274797065223A2275696EED
:10DB9800743332222C22616363657373223A2272D2
:10DBA800227D2C7B226E616D65223A226D61785F41
:10DBB800737461636B5F75736167655F7573622208
:10DBC8002C226964223A34372C2274797065223AFF
:10DBD8002275696E743332222C2261636365737314
:10DBE800223A2272227D2C7B226E616D65223A22B6
:10DBF8006D61785F737461636B5F75736167655F8F
:10DC080075617274222C226964223A34382C227489
:10DC1800797065223A2275696E743332222C22613A
:10DC28006363657373223A2272227D2C7B226E61B4
:10DC38006D65223A226D61785F737461636B5F75FD
:10DC4800736167655F63616E222C226964223A34CE
:10DC5800392C2274797065223A2275696E743332D0
:10DC6800222C22616363657373223A2272227D2C0F
:10DC78007B226E616D65223A226D61785F737461F3
:10DC8800636B5F75736167655F73746172747570D8
:10DC9800222C226964223A35302C2274797065224C
:10DCA8003A2275696E743332222C2261636365737C
:10DCB80073223A2272227D2C7B226E616D65223A94
:10DCC800226D61785F737461636B5F7573616765FB
:10DCD8005F616E616C6F67222C226964223A35316C
:10DCE8002C2274797065223A2275696E7433322257
:10DCF8002C22616363657373223A2272227D2C7B26
:10DD0800226E616D65223A22737461636B5F736979
:10DD18007A655F61786973222C226964223A353208
:10DD28002C2274797065223A2275696E7433322216
:10DD38002C22616363657373223A2272227D2C7BE5
:10DD4800226E616D65223A22737461636B5F736939
:10DD58007A655F757362222C226964223A35332C06
:10DD68002274797065223A2275696E743332222CD6
:10DD780022616363657373223A2272227D2C7B22AF
:10DD88006E616D65223A22737461636B5F73697AA1
:10DD9800655F75617274222C226964223A35342CCD
:10DDA8002274797065223A2275696E743332222C96
:10DDB80022616363657373223A2272227D2C7B226F
:10DDC8006E616D65223A22737461636B5F73697A61
:10DDD800655F73746172747570222C226964223ACB
:10DDE80035352C2274797065223A2275696E743340
:10DDF80032222C22616363657373223A2272227D78
:10DE08002C7B226E616D65223A22737461636B5FAD
:10DE180073697A655F63616E222C226964223A35E0
:10DE2800362C2274797065223A2275696E74333201
:10DE3800222C22616363657373223A2272227D2C3D
:10DE48007B226E616D65223A22737461636B5F7326
:10DE5800697A655F616E616C6F67222C2269642242
:10DE68003A35372C2274797065223A2275696E74B6
:10DE78003332222C22616363657373223A22722241
:10DE88007D2C7B226E616D65223A227072696F5F0C
:10DE980061786973222C226964223A35382C2274FD
:10DEA800797065223A22696E743332222C226163BA
:10DEB80063657373223A2272227D2C7B226E616D18
:10DEC80065223A227072696F5F757362222C22692B
:10DED80064223A35392C2274797065223A22696EA7
:10DEE800743332222C22616363657373223A22727F
:10DEF800227D2C7B226E616D65223A227072696FD9
:10DF08005F75617274222C226964223A36302C22A1
:10DF180074797065223A22696E743332222C226138
:10DF28006363657373223A2272227D2C7B226E61B1
:10DF38006D65223A227072696F5F737461727475CD
:10DF480070222C226964223A36312C227479706549
:10DF5800223A22696E743332222C2261636365731C
:10DF680073223A2272227D2C7B226E616D65223AE1
:10DF7800227072696F5F63616E222C226964223A93
:10DF880036322C2274797065223A22696E743332E3
:10DF9800222C22616363657373223A2272227D2CDC
:10DFA8007B226E616D65223A227072696F5F616EC5
:10DFB800616C6F67222C226964223A36332C2274F2
:10DFC800797065223A22696E743332222C22616399
:10DFD80063657373223A2272227D2C7B226E616DF7
:10DFE80065223A22757362222C2274797065223A6E
:10DFF800226F626A656374222C226D656D62657298
:10E0080073223A5B7B226E616D65223A2272785FD9
:10E01800636E74222C226964223A36342C22747975
:10E028007065223A2275696E743332222C2261633C
:10E0380063657373223A2272227D2C7B226E616D96
:10E0480065223A2274785F636E74222C22696422F6
:10E058003A36352C2274797065223A2275696E74C5
:10E068003332222C22616363657373223A2272224F
:10E078007D2C7B226E616D65223A2274785F6F7603
:10E08800657272756E5F636E74222C226964223A1F
:10E0980036362C2274797065223A2275696E74338B
:10E0A80032222C22616363657373223A2272227DC5
:10E0B8005D7D2C7B226E616D65223A226932632276
:10E0C8002C2274797065223A226F626A6563742221
:10E0D8002C226D656D62657273223A5B7B226E61DC
:10E0E8006D65223A2261646472222C226964223AA4
:10E0F80036372C2274797065223A2275696E743825
:10E10800222C22616363657373223A2272227D2C6A
:10E118007B226E616D65223A22616464725F6D6173
:10E128007463685F636E74222C226964223A3638FD
:10E138002C2274797065223A2275696E7433322202
:10E148002C22616363657373223A2272227D2C7BD1
:10E15800226E616D65223A2272785F636E74222C9A
:10E16800226964223A36392C2274797065223A225F
:10E1780075696E743332222C22616363657373226E
:10E188003A2272227D2C7B226E616D65223A2265CD
:10E1980072726F725F636E74222C226964223A373E
:10E1A800302C2274797065223A2275696E74333284
:10E1B800222C22616363657373223A2272227D5D89
:10E1C8007D5D7D2C7B226E616D65223A22757365BB
:10E1D800725F636F6E6669675F6C6F616465642206
:10E1E8002C226964223A37312C2274797065223ADC
:10E1F8002275696E743332222C22616363657373EE
:10E20800223A2272227D2C7B226E616D65223A228F
:10E218006D6973636F6E66696775726564222C2217
:10E228006964223A37322C2274797065223A226264
:10E238006F6F6C222C22616363657373223A2272BA
:10E24800227D2C7B226E616D65223A226F73636991
:10E258006C6C6F73636F7065222C22747970652201
:10E268003A226F626A656374222C226D656D62655D
:10E278007273223A5B7B226E616D65223A22736962
:10E288007A65222C226964223A37332C22747970F9
:10E2980065223A2275696E743332222C22616363D7
:10E2A800657373223A2272227D2C7B226E616D6522
:10E2B800223A226765745F76616C222C2269642297
:10E2C8003A37342C2274797065223A2266756E6367
:10E2D80074696F6E222C22696E70757473223A5BB2
:10E2E8007B226E616D65223A22696E646578222C04
:10E2F800226964223A37352C2274797065223A22D1
:10E3080075696E743332222C2261636365737322DC
:10E318003A227277227D5D2C226F75747075747342
:10E32800223A5B7B226E616D65223A2276616C220D
:10E338002C226964223A37362C2274797065223A85
:10E3480022666C6F6174222C226163636573732289
:10E358003A2272227D5D7D5D7D2C7B226E616D652A
:10E36800223A2263616E222C2274797065223A2245
:10E378006F626A656374222C226D656D62657273C3
:10E38800223A5B7B226E616D65223A226572726F5A
:10E3980072222C226964223A37372C2274797065EC
:10E3A800223A2275696E7438222C22616363657380
:10E3B80073223A227277227D2C7B226E616D652250
:10E3C8003A22636F6E666967222C2274797065221F
:10E3D8003A226F626A656374222C226D656D6265EC
:10E3E8007273223A5B7B226E616D65223A2262610A
:10E3F80075645F72617465222C226964223A373829
:10E408002C2274797065223A2275696E743332222F
:10E418002C22616363657373223A227277227D2C02
:10E428007B226E616D65223A2270726F746F636F22
:10E438006C222C226964223A37392C22747970654F
:10E44800223A2275696E7438222C226163636573DF
:10E4580073223A227277227D5D7D5D7D2C7B226E50
:10E46800616D65223A22746573745F70726F7065AE
:10E47800727479222C226964223A38302C227479F9
:10E488007065223A2275696E743332222C226163D8
:10E4980063657373223A227277227D2C7B226E6128
:10E4A8006D65223A226F74705F76616C6964222C04
:10E4B800226964223A38312C2274797065223A2212
:10E4C800626F6F6C222C22616363657373223A2238
:10E4D80072227D2C7B226E616D65223A22636F6EFB
:10E4E800666967222C2274797065223A226F626A03
:10E4F800656374222C226D656D62657273223A5BC6
:10E508007B226E616D65223A22656E61626C655F81
:10E51800756172745F61222C226964223A38322C48
:10E528002274797065223A22626F6F6C222C226104
:10E538006363657373223A227277227D2C7B226E85
:10E54800616D65223A22656E61626C655F75617204
:10E55800745F62222C226964223A38332C2274793F
:10E568007065223A22626F6F6C222C2261636365A8
:10E578007373223A227277227D2C7B226E616D653D
:10E58800223A22656E61626C655F756172745F63C1
:10E59800222C226964223A38342C2274797065223C
:10E5A8003A22626F6F6C222C226163636573732257
:10E5B8003A227277227D2C7B226E616D65223A2287
:10E5C800756172745F615F626175647261746522FE
:10E5D8002C226964223A38352C2274797065223AE3
:10E5E8002275696E743332222C22616363657373FA
:10E5F800223A227277227D2C7B226E616D65223A47
:10E6080022756172745F625F6261756472617465BC
:10E61800222C226964223A38362C227479706522B9
:10E628003A2275696E743332222C226163636573F2
:10E6380073223A227277227D2C7B226E616D6522CD
:10E648003A22756172745F635F62617564726174A6
:10E6580065222C226964223A38372C227479706535
:10E66800223A2275696E743332222C226163636503
:10E678007373223A227277227D2C7B226E616D653C
:10E68800223A22656E61626C655F63616E5F61222A
:10E698002C226964223A38382C2274797065223A1F
:10E6A80022626F6F6C222C22616363657373223A56
:10E6B800227277227D2C7B226E616D65223A22655B
:10E6C8006E61626C655F6932635F61222C226964E6
:10E6D800223A38392C2274797065223A22626F6F97
:10E6E8006C222C22616363657373223A227277224B
:10E6F8007D2C7B226E616D65223A227573625F63A1
:10E7080064635F70726F746F636F6C222C2269642C
:10E71800223A39302C2274797065223A2275696E52
:10E728007438222C22616363657373223A227277EC
:10E73800227D2C7B226E616D65223A22756172748E
:10E74800305F70726F746F636F6C222C2269642261
:10E758003A39312C2274797065223A2275696E74BF
:10E7680038222C22616363657373223A22727722FE
:10E778007D2C7B226E616D65223A2275617274313F
:10E788005F70726F746F636F6C222C226964223A17
:10E7980039322C2274797065223A2275696E743880
:10E7A800222C22616363657373223A227277227D79
:10E7B8002C7B226E616D65223A2275617274325F1C
:10E7C80070726F746F636F6C222C226964223A39FD
:10E7D800332C2274797065223A2275696E74382256
:10E7E8002C22616363657373223A227277227D2C2F
:10E7F8007B226E616D65223A226D61785F72656772
:10E80800656E5F63757272656E74222C226964226C
:10E818003A39342C2274797065223A22666C6F6119
:10E8280074222C22616363657373223A2272772201
:10E838007D2C7B226E616D65223A226272616B6566
:10E848005F726573697374616E6365222C226964F3
:10E85800223A39352C2274797065223A22666C6F17
:10E868006174222C22616363657373223A22727782
:10E87800227D2C7B226E616D65223A22656E616273
:10E888006C655F6272616B655F7265736973746FE3
:10E8980072222C226964223A39362C2274797065E6
:10E8A800223A22626F6F6C222C2261636365737354
:10E8B800223A227277227D2C7B226E616D65223A84
:10E8C8002264635F6275735F756E646572766F6CE0
:10E8D800746167655F747269705F6C6576656C22D8
:10E8E8002C226964223A39372C2274797065223ACD
:10E8F80022666C6F6174222C2261636365737322D4
:10E908003A227277227D2C7B226E616D65223A2233
:10E9180064635F6275735F6F766572766F6C74613E
:10E9280067655F747269705F6C6576656C222C220E
:10E938006964223A39382C2274797065223A226641
:10E948006C6F6174222C22616363657373223A22AF
:10E958007277227D2C7B226E616D65223A22656E6C
:10E9680061626C655F64635F6275735F6F76657221
:10E97800766F6C746167655F72616D70222C2269B5
:10E9880064223A39392C2274797065223A22626FEE
:10E998006F6C222C22616363657373223A2272774B
:10E9A800227D2C7B226E616D65223A2264635F6250
:10E9B80075735F6F766572766F6C746167655F7289
:10E9C800616D705F7374617274222C226964223ADB
:10E9D8003130302C2274797065223A22666C6F616E
:10E9E80074222C22616363657373223A2272772240
:10E9F8007D2C7B226E616D65223A2264635F6275AD
:10EA0800735F6F766572766F6C746167655F72614C
:10EA18006D705F656E64222C226964223A31303150
:10EA28002C2274797065223A22666C6F6174222CEC
:10EA380022616363657373223A227277227D2C7B8D
:10EA4800226E616D65223A2264635F6D61785F7042
:10EA58006F7369746976655F63757272656E742227
:10EA68002C226964223A3130322C22747970652262
:10EA78003A22666C6F6174222C226163636573733A
:10EA8800223A227277227D2C7B226E616D65223AB2
:10EA98002264635F6D61785F6E656761746976652E
:10EAA8005F63757272656E74222C226964223A3132
:10EAB80030332C2274797065223A22666C6F617447
:10EAC800222C22616363657373223A227277227D56
:10EAD8002C7B226E616D65223A226572726F725FBD
:10EAE8006770696F5F70696E222C226964223A31FF
:10EAF80030342C2274797065223A2275696E743329
:10EB080032222C22616363657373223A2272772260
:10EB18007D2C7B226E616D65223A226770696F33A6
:10EB28005F616E616C6F675F6D617070696E67229F
:10EB38002C2274797065223A226F626A65637422A6
:10EB48002C226D656D62657273223A5B7B226E6161
:10EB58006D65223A22656E64706F696E74222C228C
:10EB68006964223A3130352C2274797065223A2250
:10EB7800656E64706F696E745F726566222C2261BF
:10EB88006363657373223A227277227D2C7B226E2F
:10EB9800616D65223A226D696E222C226964223ADF
:10EBA8003130362C2274797065223A22666C6F6196
:10EBB80074222C22616363657373223A227277226E
:10EBC8007D2C7B226E616D65223A226D6178222C44
:10EBD800226964223A3130372C2274797065223ADE
:10EBE80022666C6F6174222C2261636365737322E1
:10EBF8003A227277227D5D7D2C7B226E616D6522C3
:10EC08003A226770696F345F616E616C6F675F6D20
:10EC1800617070696E67222C2274797065223A22BD
:10EC28006F626A656374222C226D656D626572730A
:10EC3800223A5B7B226E616D65223A22656E6470B2
:10EC48006F696E74222C226964223A3130382C2282
:10EC580074797065223A22656E64706F696E745FAC
:10EC6800726566222C22616363657373223A22728D
:10EC780077227D2C7B226E616D65223A226D696E4A
:10EC8800222C226964223A3130392C227479706539
:10EC9800223A22666C6F6174222C22616363657369
:10ECA80073223A227277227D2C7B226E616D652257
:10ECB8003A226D6178222C226964223A3131302C53
:10ECC8002274797065223A22666C6F6174222C2254
:10ECD800616363657373223A227277227D5D7D2CAE
:10ECE8007B226E616D65223A226770696F315F6DB4
:10ECF8006F6465222C226964223A3131312C2274E6
:10ED0800797065223A2275696E7438222C22616303
:10ED180063657373223A227277227D2C7B226E619F
:10ED28006D65223A226770696F325F6D6F64652284
:10ED38002C226964223A3131322C2274797065228E
:10ED48003A2275696E7438222C2261636365737385
:10ED5800223A227277227D2C7B226E616D65223ADF
:10ED6800226770696F335F6D6F6465222C22696456
:10ED7800223A3131332C2274797065223A2275692E
:10ED88006E7438222C22616363657373223A22728F
:10ED980077227D2C7B226E616D65223A226770692D
:10EDA8006F345F6D6F6465222C226964223A3131B9
:10EDB800342C2274797065223A2275696E7438226F
:10EDC8002C22616363657373223A227277227D2C49
:10EDD8007B226E616D65223A226770696F355F6DBF
:10EDE8006F6465222C226964223A3131352C2274F1
:10EDF800797065223A2275696E7438222C22616313
:10EE080063657373223A227277227D2C7B226E61AE
:10EE18006D65223A226770696F365F6D6F6465228F
:10EE28002C226964223A3131362C22747970652299
:10EE38003A2275696E7438222C2261636365737394
:10EE4800223A227277227D2C7B226E616D65223AEE
:10EE5800226770696F375F6D6F6465222C22696461
:10EE6800223A3131372C2274797065223A22756939
:10EE78006E7438222C22616363657373223A22729E
:10EE880077227D2C7B226E616D65223A226770693C
:10EE98006F385F6D6F6465222C226964223A3131C4
:10EEA800382C2274797065223A2275696E7438227A
:10EEB8002C22616363657373223A227277227D2C58
:10EEC8007B226E616D65223A226770696F395F6DCA
:10EED8006F6465222C226964223A3131392C2274FC
:10EEE800797065223A2275696E7438222C22616322
:10EEF80063657373223A227277227D2C7B226E61BE
:10EF08006D65223A226770696F31305F6D6F646595
:10EF1800222C226964223A3132302C2274797065AD
:10EF2800223A2275696E7438222C226163636573F4
:10EF380073223A227277227D2C7B226E616D6522C4
:10EF48003A226770696F31315F6D6F6465222C22D8
:10EF58006964223A3132312C2274797065223A225E
:10EF680075696E7438222C22616363657373223A63
:10EF7800227277227D2C7B226E616D65223A226790
:10EF880070696F31325F6D6F6465222C226964226B
:10EF98003A3132322C2274797065223A2275696EC0
:10EFA8007438222C22616363657373223A22727764
:10EFB800227D2C7B226E616D65223A226770696F13
:10EFC80031335F6D6F6465222C226964223A3132D5
:10EFD800332C2274797065223A2275696E7438224E
:10EFE8002C22616363657373223A227277227D2C27
:10EFF8007B226E616D65223A226770696F31345FDA
:10F008006D6F6465222C226964223A3132342C22D5
:10F0180074797065223A2275696E7438222C2261DF
:10F028006363657373223A227277227D2C7B226E8A
:10F03800616D65223A226770696F31355F6D6F6463
:10F0480065222C226964223A3132352C2274797077
:10F0580065223A2275696E7438222C2261636365D1
:10F068007373223A227277227D2C7B226E616D6542
:10F07800223A226770696F31365F6D6F6465222CA2
:10F08800226964223A3132362C2274797065223A28
:10F098002275696E7438222C22616363657373224A
:10F0A8003A227277227D2C7B226E616D65223A228C
:10F0B8006770696F315F70776D5F6D617070696ED1
:10F0C80067222C2274797065223A226F626A65631E
:10F0D80074222C226D656D62657273223A5B7B2205
:10F0E8006E616D65223A22656E64706F696E742276
:10F0F8002C226964223A3132372C227479706522C5
:10F108003A22656E64706F696E745F726566222C50
:10F1180022616363657373223A227277227D2C7BA6
:10F12800226E616D65223A226D696E222C22696415
:10F13800223A3132382C2274797065223A22666C70
:10F148006F6174222C22616363657373223A2272A1
:10F1580077227D2C7B226E616D65223A226D617863
:10F16800222C226964223A3132392C227479706552
:10F17800223A22666C6F6174222C22616363657384
:10F1880073223A227277227D5D7D2C7B226E616D1F
:10F1980065223A226770696F325F70776D5F6D61C3
:10F1A8007070696E67222C2274797065223A226F1A
:10F1B800626A656374222C226D656D6265727322C2
:10F1C8003A5B7B226E616D65223A22656E64706FD0
:10F1D800696E74222C226964223A3133302C2274ED
:10F1E800797065223A22656E64706F696E745F7219
:10F1F8006566222C22616363657373223A227277F3
:10F20800227D2C7B226E616D65223A226D696E2209
:10F218002C226964223A3133312C227479706522A8
:10F228003A22666C6F6174222C2261636365737382
:10F23800223A227277227D2C7B226E616D65223AFA
:10F24800226D6178222C226964223A3133322C22D1
:10F2580074797065223A22666C6F6174222C22617F
:10F268006363657373223A227277227D5D7D2C7BFE
:10F27800226E616D65223A226770696F335F70771D
:10F288006D5F6D617070696E67222C22747970658C
:10F29800223A226F626A656374222C226D656D6260
:10F2A800657273223A5B7B226E616D65223A226534
:10F2B8006E64706F696E74222C226964223A31334D
:10F2C800332C2274797065223A22656E64706F69F6
:10F2D8006E745F726566222C2261636365737322A4
:10F2E8003A227277227D2C7B226E616D65223A224A
:10F2F8006D696E222C226964223A3133342C2274CF
:10F30800797065223A22666C6F6174222C226163DF
:10F3180063657373223A227277227D2C7B226E6199
:10F328006D65223A226D6178222C226964223A3175
:10F3380033352C2274797065223A22666C6F6174B9
:10F34800222C22616363657373223A227277227DCD
:10F358005D7D2C7B226E616D65223A226770696F34
:10F36800345F70776D5F6D617070696E67222C22F3
:10F3780074797065223A226F626A656374222C225E
:10F388006D656D62657273223A5B7B226E616D6595
:10F39800223A22656E64706F696E74222C22696449
:10F3A800223A3133362C2274797065223A22656EFE
:10F3B80064706F696E745F726566222C2261636384
:10F3C800657373223A227277227D2C7B226E616DDF
:10F3D80065223A226D696E222C226964223A313301
:10F3E800372C2274797065223A22666C6F61742218
:10F3F8002C22616363657373223A227277227D2C13
:10F408007B226E616D65223A226D6178222C226919
:10F4180064223A3133382C2274797065223A226694
:10F428006C6F6174222C22616363657373223A22C4
:10F438007277227D5D7D5D7D2C7B226E616D6522FC
:10F448003A226178697330222C2274797065223AE5
:10F45800226F626A656374222C226D656D62657223
:10F4680073223A5B7B226E616D65223A2265727265
:10F478006F72222C226964223A3133392C22747932
:10F488007065223A2275696E743332222C226163C8
:10F4980063657373223A227277227D2C7B226E6118
:10F4A8006D65223A22737465705F6469725F616387
:10F4B80074697665222C226964223A3134302C2210
:10F4C80074797065223A22626F6F6C222C22616314
:10F4D80063657373223A2272227D2C7B226E616DE2
:10F4E80065223A226C6173745F6472765F66617537
:10F4F8006C74222C226964223A3134312C227479BA
:10F508007065223A2275696E743332222C22616347
:10F5180063657373223A2272227D2C7B226E616DA1
:10F5280065223A227374657073222C226964223A28
:10F538003134322C2274797065223A22696E74361D
:10F5480034222C22616363657373223A2272227D0E
:10F558002C7B226E616D65223A2263757272656E2C
:10F56800745F7374617465222C226964223A3134A1
:10F57800332C2274797065223A2275696E743822A8
:10F588002C22616363657373223A2272227D2C7B7D
:10F59800226E616D65223A227265717565737465B4
:10F5A800645F7374617465222C226964223A313471
:10F5B800342C2274797065223A2275696E74382267
:10F5C8002C22616363657373223A227277227D2C41
:10F5D8007B226E616D65223A2269735F686F6D6583
:10F5E80064222C226964223A3134352C22747970D1
:10F5F80065223A22626F6F6C222C22616363657305
:10F6080073223A227277227D2C7B226E616D6522ED
:10F618003A22636F6E666967222C227479706522BC
:10F628003A226F626A656374222C226D656D626589
:10F638007273223A5B7B226E616D65223A22737483
:10F6480061727475705F6D6F746F725F63616C69FE
:10F6580062726174696F6E222C226964223A3134B5
:10F66800362C2274797065223A22626F6F6C222CD4
:10F6780022616363657373223A227277227D2C7B41
:10F68800226E616D65223A22737461727475705FBF
:10F69800656E636F6465725F696E6465785F7365D4
:10F6A80061726368222C226964223A3134372C2231
:10F6B80074797065223A22626F6F6C222C22616322
:10F6C80063657373223A227277227D2C7B226E61E6
:10F6D8006D65223A22737461727475705F656E632A
:10F6E8006F6465725F6F66667365745F63616C698A
:10F6F80062726174696F6E222C226964223A313415
:10F70800382C2274797065223A22626F6F6C222C31
:10F7180022616363657373223A227277227D2C7BA0
:10F72800226E616D65223A22737461727475705F1E
:10F73800636C6F7365645F6C6F6F705F636F6E741B
:10F74800726F6C222C226964223A3134392C22746B
:10F75800797065223A22626F6F6C222C2261636392
:10F76800657373223A227277227D2C7B226E616D3B
:10F7780065223A22737461727475705F686F6D697F
:10F788006E67222C226964223A3135302C22747932
:10F798007065223A22626F6F6C222C226163636566
:10F7A8007373223A227277227D2C7B226E616D65FB
:10F7B800223A22656E61626C655F737465705F647E
:10F7C8006972222C226964223A3135312C227479EB
:10F7D8007065223A22626F6F6C222C226163636526
:10F7E8007373223A227277227D2C7B226E616D65BB
:10F7F800223A22737465705F6469725F616C776125
:10F8080079735F6F6E222C226964223A3135322C6B
:10F818002274797065223A22626F6F6C222C226101
:10F828006363657373223A227277227D2C7B226E82
:10F83800616D65223A22656E61626C655F73656E03
:10F84800736F726C6573735F6D6F6465222C2269C8
:10F8580064223A3135332C2274797065223A226257
:10F868006F6F6C222C22616363657373223A227274
:10F8780077227D2C7B226E616D65223A2277617436
:10F888006368646F675F74696D656F7574222C2295
:10F898006964223A3135342C2274797065223A220F
:10F8A800666C6F6174222C22616363657373223AFC
:10F8B800227277227D2C7B226E616D65223A226549
:10F8C8006E61626C655F7761746368646F67222C30
:10F8D800226964223A3135352C2274797065223ACE
:10F8E80022626F6F6C222C22616363657373223A04
:10F8F800227277227D2C7B226E616D65223A2273FB
:10F908007465705F6770696F5F70696E222C226919
:10F9180064223A3135362C2274797065223A227580
:10F92800696E743136222C22616363657373223ADF
:10F93800227277227D2C7B226E616D65223A2264C9
:10F9480069725F6770696F5F70696E222C226964E3
:10F95800223A3135372C2274797065223A2275693A
:10F968006E743136222C22616363657373223A22E6
:10F978007277227D2C7B226E616D65223A2263614B
:10F988006C6962726174696F6E5F6C6F636B696ECC
:10F99800222C2274797065223A226F626A65637438
:10F9A800222C226D656D62657273223A5B7B226E32
:10F9B800616D65223A2263757272656E74222C221B
:10F9C8006964223A3135382C2274797065223A22DA
:10F9D800666C6F6174222C22616363657373223ACB
:10F9E800227277227D2C7B226E616D65223A22720B
:10F9F800616D705F74696D65222C226964223A31E9
:10FA080035392C2274797065223A22666C6F6174DC
:10FA1800222C22616363657373223A227277227DF6
:10FA28002C7B226E616D65223A2272616D705F6473
:10FA3800697374616E6365222C226964223A3136D7
:10FA4800302C2274797065223A22666C6F617422B8
:10FA58002C22616363657373223A227277227D2CAC
:10FA68007B226E616D65223A22616363656C222C8C
:10FA7800226964223A3136312C2274797065223A2F
:10FA880022666C6F6174222C226163636573732232
:10FA98003A227277227D2C7B226E616D65223A2292
:10FAA80076656C222C226964223A3136322C227413
:10FAB800797065223A22666C6F6174222C22616328
:10FAC80063657373223A227277227D5D7D2C7B22D7
:10FAD8006E616D65223A2273656E736F726C657321
:10FAE800735F72616D70222C2274797065223A22DC
:10FAF8006F626A656374222C226D656D626572732C
:10FB0800223A5B7B226E616D65223A2263757272BE
:10FB1800656E74222C226964223A3136332C2274A1
:10FB2800797065223A22666C6F6174222C226163B7
:10FB380063657373223A227277227D2C7B226E6171
:10FB48006D65223A2272616D705F74696D65222C51
:10FB5800226964223A3136342C2274797065223A4B
:10FB680022666C6F6174222C226163636573732251
:10FB78003A227277227D2C7B226E616D65223A22B1
:10FB880072616D705F64697374616E6365222C22A3
:10FB98006964223A3136352C2274797065223A220A
:10FBA800666C6F6174222C22616363657373223AF9
:10FBB800227277227D2C7B226E616D65223A22614A
:10FBC8006363656C222C226964223A3136362C2212
:10FBD80074797065223A22666C6F6174222C2261F6
:10FBE8006363657373223A227277227D2C7B226EBF
:10FBF800616D65223A2276656C222C226964223A6C
:10FC08003136372C2274797065223A22666C6F611E
:10FC180074222C22616363657373223A22727722FD
:10FC28007D2C7B226E616D65223A2266696E69734E
:10FC3800685F64697374616E6365222C226964224B
:10FC48003A3136382C2274797065223A22666C6F04
:10FC58006174222C22616363657373223A2272777E
:10FC6800227D2C7B226E616D65223A2266696E695F
:10FC780073685F6F6E5F76656C222C226964223A26
:10FC88003136392C2274797065223A22626F6F6C92
:10FC9800222C22616363657373223A227277227D74
:10FCA8002C7B226E616D65223A2266696E697368E3
:10FCB8005F6F6E5F64697374616E6365222C22697D
:10FCC80064223A3137302C2274797065223A2262E4
:10FCD8006F6F6C222C22616363657373223A227200
:10FCE80077227D2C7B226E616D65223A2266696ED1
:10FCF8006973685F6F6E5F656E635F696478222CF5
:10FD0800226964223A3137312C2274797065223A9B
:10FD180022626F6F6C222C22616363657373223ACF
:10FD2800227277227D5D7D2C7B226E616D65223A81
:10FD38002267656E6572616C5F6C6F636B696E22BA
:10FD48002C2274797065223A226F626A6563742284
:10FD58002C226D656D62657273223A5B7B226E613F
:10FD68006D65223A2263757272656E74222C22695F
:10FD780064223A3137322C2274797065223A22662D
:10FD88006C6F6174222C22616363657373223A225B
:10FD98007277227D2C7B226E616D65223A22726118
:10FDA8006D705F74696D65222C226964223A31375F
:10FDB800332C2274797065223A22666C6F61742242
:10FDC8002C22616363657373223A227277227D2C39
:10FDD8007B226E616D65223A2272616D705F646983
:10FDE8007374616E6365222C226964223A31373458
:10FDF8002C2274797065223A22666C6F6174222C09
:10FE080022616363657373223A227277227D2C7BA9
:10FE1800226E616D65223A22616363656C222C2231
:10FE28006964223A3137352C2274797065223A2276
:10FE3800666C6F6174222C22616363657373223A66
:10FE4800227277227D2C7B226E616D65223A2276A2
:10FE5800656C222C226964223A3137362C22747957
:10FE68007065223A22666C6F6174222C226163638A
:10FE7800657373223A227277227D2C7B226E616D24
:10FE880065223A2266696E6973685F646973746192
:10FE98006E6365222C226964223A3137372C22742A
:10FEA800797065223A22666C6F6174222C22616334
:10FEB80063657373223A227277227D2C7B226E61EE
:10FEC8006D65223A2266696E6973685F6F6E5F7648
:10FED800656C222C226964223A3137382C227479D5
:10FEE8007065223A22626F6F6C222C22616363650F
:10FEF8007373223A227277227D2C7B226E616D65A4
:10FF0800223A2266696E6973685F6F6E5F6469730F
:10FF180074616E6365222C226964223A3137392C68
:10FF28002274797065223A22626F6F6C222C2261EA
:10FF38006363657373223A227277227D2C7B226E6B
:10FF4800616D65223A2266696E6973685F6F6E5FDC
:10FF5800656E635F696478222C226964223A3138BD
:10FF6800302C2274797065223A22626F6F6C222CD1
:10FF780022616363657373223A227277227D5D7D05
:10FF88002C7B226E616D65223A2263616E222C22DF
:10FF980074797065223A226F626A656374222C2232
:10FFA8006D656D62657273223A5B7B226E616D6569
:10FFB800223A226E6F64655F6964222C226964228A
:10FFC8003A3138312C2274797065223A2275696E7B
:10FFD800743332222C22616363657373223A22726E
:10FFE80077227D2C7B226E616D65223A2269735FD0
:08FFF800657874656E646564B0
:020000040804EE
:10000000222C226964223A3138322C2274797065AC
:10001000223A22626F6F6C222C22616363657373D4
:10002000223A227277227D2C7B226E616D65223A04
:10003000226865617274626561745F726174655F84
:100040006D73222C226964223A3138332C22747960
:100050007065223A2275696E743332222C226163F4
:1000600063657373223A227277227D2C7B226E6144
:100070006D65223A22656E636F6465725F726174AA
:10008000655F6D73222C226964223A3138342C2248
:1000900074797065223A2275696E743332222C228B
:1000A000616363657373223A227277227D2C7B220F
:1000B0006E616D65223A226D6F746F725F65727248
:1000C0006F725F726174655F6D73222C22696422A6
:1000D0003A3138352C2274797065223A2275696E6E
:1000E000743332222C22616363657373223A227265
:1000F00077227D2C7B226E616D65223A22656E63CC
:100100006F6465725F6572726F725F726174655F52
:100110006D73222C226964223A3138362C2274798C
:100120007065223A2275696E743332222C22616323
:1001300063657373223A227277227D2C7B226E6173
:100140006D65223A22636F6E74726F6C6C65725FBC
:100150006572726F725F726174655F6D73222C22BB
:100160006964223A3138372C2274797065223A2238
:1001700075696E743332222C226163636573732256
:100180003A227277227D2C7B226E616D65223A22A3
:1001900073656E736F726C6573735F6572726F7285
:1001A0005F726174655F6D73222C226964223A313B
:1001B00038382C2274797065223A2275696E74334E
:1001C00032222C22616363657373223A2272772292
:1001D0007D2C7B226E616D65223A22656E636F64B1
:1001E00065725F636F756E745F726174655F6D7366
:1001F000222C226964223A3138392C2274797065B4
:10020000223A2275696E743332222C22616363654F
:100210007373223A227277227D2C7B226E616D6588
:10022000223A2269715F726174655F6D73222C22BC
:100230006964223A3139302C2274797065223A226D
:1002400075696E743332222C226163636573732285
:100250003A227277227D2C7B226E616D65223A22D2
:1002600073656E736F726C6573735F726174655FD3
:100270006D73222C226964223A3139312C2274792F
:100280007065223A2275696E743332222C226163C2
:1002900063657373223A227277227D2C7B226E6112
:1002A0006D65223A226275735F76695F726174656B
:1002B0005F6D73222C226964223A3139322C227408
:1002C000797065223A2275696E743332222C22616C
:1002D0006363657373223A227277227D5D7D5D7D53
:1002E0002C7B226E616D65223A226D6F746F7222D3
:1002F0002C2274797065223A226F626A65637422D7
:100300002C226D656D62657273223A5B7B226E6191
:100310006D65223A226C6173745F6572726F725FF1
:1003200074696D65222C226964223A3139332C229A
:1003300074797065223A22666C6F6174222C226196
:100340006363657373223A227277227D2C7B226E5F
:10035000616D65223A226572726F72222C22696485
:10036000223A3139342C2274797065223A22756927
:100370006E743634222C22616363657373223A22D1
:100380007277227D2C7B226E616D65223A22697321
:100390005F61726D6564222C226964223A313935BD
:1003A0002C2274797065223A22626F6F6C222C22A3
:1003B000616363657373223A2272227D2C7B226E05
:1003C000616D65223A2269735F63616C6962726173
:1003D000746564222C226964223A3139362C2274E5
:1003E000797065223A22626F6F6C222C22616363FE
:1003F000657373223A2272227D2C7B226E616D65B9
:10040000223A2263757272656E745F6D6561735F07
:10041000706841222C226964223A3139372C2274C7
:10042000797065223A22666C6F6174222C226163B6
:1004300063657373223A2272227D2C7B226E616D7A
:1004400065223A2263757272656E745F6D656173C1
:100450005F706842222C226964223A3139382C229A
:1004600074797065223A22666C6F6174222C226165
:100470006363657373223A2272227D2C7B226E6144
:100480006D65223A2263757272656E745F6D656187
:10049000735F706843222C226964223A3139392C07
:1004A0002274797065223A22666C6F6174222C2264
:1004B000616363657373223A2272227D2C7B226E04
:1004C000616D65223A2244435F63616C69625F70CB
:1004D0006841222C226964223A3230302C2274790D
:1004E0007065223A22666C6F6174222C226163630C
:1004F000657373223A227277227D2C7B226E616DA6
:1005000065223A2244435F63616C69625F706842AE
:10051000222C226964223A3230312C22747970659F
:10052000223A22666C6F6174222C226163636573C8
:1005300073223A227277227D2C7B226E616D6522B6
:100540003A2244435F63616C69625F706843222CA6
:10055000226964223A3230322C2274797065223A50
:1005600022666C6F6174222C22616363657373224F
:100570003A227277227D2C7B226E616D65223A22AF
:10058000495F627573222C226964223A3230332C1F
:100590002274797065223A22666C6F6174222C2273
:1005A000616363657373223A2272227D2C7B226E13
:1005B000616D65223A2270686173655F637572725E
:1005C000656E745F7265765F6761696E222C226961
:1005D00064223A3230342C2274797065223A2266D1
:1005E0006C6F6174222C22616363657373223A22FB
:1005F0007277227D2C7B226E616D65223A226566C0
:10060000666563746976655F63757272656E745F43
:100610006C696D222C226964223A3230352C2274A6
:10062000797065223A22666C6F6174222C226163B4
:1006300063657373223A2272227D2C7B226E616D78
:1006400065223A226D61785F616C6C6F7765645FDB
:1006500063757272656E74222C226964223A32309C
:10066000362C2274797065223A22666C6F6174228E
:100670002C22616363657373223A2272227D2C7B84
:10068000226E616D65223A226D61785F64635F63FB
:10069000616C6962222C226964223A3230372C2242
:1006A00074797065223A22666C6F6174222C226123
:1006B0006363657373223A2272227D2C7B226E6102
:1006C0006D65223A226665745F746865726D697340
:1006D000746F72222C2274797065223A226F626ADA
:1006E000656374222C226D656D62657273223A5BBC
:1006F0007B226E616D65223A2274656D7065726150
:1007000074757265222C226964223A3230382C22A8
:1007100074797065223A22666C6F6174222C2261B2
:100720006363657373223A2272227D2C7B226E6191
:100730006D65223A22636F6E666967222C22747996
:100740007065223A226F626A656374222C226D659D
:100750006D62657273223A5B7B226E616D65223A2F
:100760002274656D705F6C696D69745F6C6F77651D
:1007700072222C226964223A3230392C2274797028
:1007800065223A22666C6F6174222C226163636574
:100790007373223A227277227D2C7B226E616D6503
:1007A000223A2274656D705F6C696D69745F757053
:1007B000706572222C226964223A3231302C227404
:1007C000797065223A22666C6F6174222C22616313
:1007D00063657373223A227277227D2C7B226E61CD
:1007E0006D65223A22656E61626C6564222C226915
:1007F00064223A3231312C2274797065223A2262B5
:100800006F6F6C222C22616363657373223A2272CC
:1008100077227D5D7D5D7D2C7B226E616D65223A48
:10082000226D6F746F725F746865726D6973746F37
:1008300072222C2274797065223A226F626A656393
:1008400074222C226D656D62657273223A5B7B2285
:100850006E616D65223A2274656D706572617475A2
:100860007265222C226964223A3231322C22747948
:100870007065223A22666C6F6174222C2261636378
:10088000657373223A2272227D2C7B226E616D6524
:10089000223A22636F6E666967222C227479706532
:1008A000223A226F626A656374222C226D656D6242
:1008B000657273223A5B7B226E616D65223A226714
:1008C00070696F5F70696E222C226964223A32313E
:1008D000332C2274797065223A2275696E74313630
:1008E000222C22616363657373223A227277227D20
:1008F0002C7B226E616D65223A22706F6C795F638A
:100900006F656666696369656E745F30222C226963
:1009100064223A3231342C2274797065223A22668C
:100920006C6F6174222C22616363657373223A22B7
:100930007277227D2C7B226E616D65223A22706F68
:100940006C795F636F656666696369656E745F3154
:10095000222C226964223A3231352C227479706556
:10096000223A22666C6F6174222C22616363657384
:1009700073223A227277227D2C7B226E616D652272
:100980003A22706F6C795F636F656666696369654B
:100990006E745F32222C226964223A3231362C2264
:1009A00074797065223A22666C6F6174222C226120
:1009B0006363657373223A227277227D2C7B226EE9
:1009C000616D65223A22706F6C795F636F65666650
:1009D000696369656E745F33222C226964223A323E
:1009E00031372C2274797065223A22666C6F6174FB
:1009F000222C22616363657373223A227277227D0F
:100A00002C7B226E616D65223A2274656D705F6C7D
:100A1000696D69745F6C6F776572222C226964223C
:100A20003A3231382C2274797065223A22666C6F22
:100A30006174222C22616363657373223A22727798
:100A4000227D2C7B226E616D65223A2274656D7069
:100A50005F6C696D69745F7570706572222C2269B4
:100A600064223A3231392C2274797065223A226636
:100A70006C6F6174222C22616363657373223A2266
:100A80007277227D2C7B226E616D65223A22656E23
:100A900061626C6564222C226964223A3232302C05
:100AA0002274797065223A22626F6F6C222C226167
:100AB0006363657373223A227277227D5D7D5D7D6B
:100AC0002C7B226E616D65223A2263757272656EAF
:100AD000745F636F6E74726F6C222C227479706510
:100AE000223A226F626A656374222C226D656D6200
:100AF000657273223A5B7B226E616D65223A2270C9
:100B00005F6761696E222C226964223A3232312C8D
:100B10002274797065223A22666C6F6174222C22ED
:100B2000616363657373223A2272227D2C7B226E8D
:100B3000616D65223A22695F6761696E222C2269C4
:100B400064223A3232322C2274797065223A22665B
:100B50006C6F6174222C22616363657373223A2285
:100B600072227D2C7B226E616D65223A22495F6D77
:100B7000656173757265645F7265706F72745F66CC
:100B8000696C7465725F6B222C226964223A32327E
:100B9000332C2274797065223A22666C6F6174225C
:100BA0002C22616363657373223A227277227D2C53
:100BB0007B226E616D65223A2249645F73657470B1
:100BC0006F696E74222C226964223A3232342C22EC
:100BD00074797065223A22666C6F6174222C2261EE
:100BE0006363657373223A2272227D2C7B226E61CD
:100BF0006D65223A2249715F736574706F696E7416
:100C0000222C226964223A3232352C2274797065A2
:100C1000223A22666C6F6174222C226163636573D1
:100C200073223A2272227D2C7B226E616D65223AFC
:100C30002256645F736574706F696E74222C22692A
:100C400064223A3232362C2274797065223A226656
:100C50006C6F6174222C22616363657373223A2284
:100C600072227D2C7B226E616D65223A2256715F65
:100C7000736574706F696E74222C226964223A3233
:100C800032372C2274797065223A22666C6F617457
:100C9000222C22616363657373223A2272227D2CB7
:100CA0007B226E616D65223A227068617365222C29
:100CB000226964223A3232382C2274797065223AE1
:100CC00022666C6F6174222C2261636365737322E8
:100CD0003A2272227D2C7B226E616D65223A22704F
:100CE000686173655F76656C222C226964223A32F2
:100CF00032392C2274797065223A22666C6F6174E5
:100D0000222C22616363657373223A2272227D2C46
:100D10007B226E616D65223A2249616C7068615F69
:100D20006D65617375726564222C226964223A32A2
:100D300033302C2274797065223A22666C6F6174AC
:100D4000222C22616363657373223A2272227D2C06
:100D50007B226E616D65223A2249626574615F6D26
:100D600065617375726564222C226964223A32339C
:100D7000312C2274797065223A22666C6F6174227C
:100D80002C22616363657373223A2272227D2C7B6D
:100D9000226E616D65223A2249645F6D65617375EB
:100DA000726564222C226964223A3233322C227416
:100DB000797065223A22666C6F6174222C2261631D
:100DC00063657373223A2272227D2C7B226E616DE1
:100DD00065223A2249715F6D65617375726564229F
:100DE0002C226964223A3233332C227479706522C2
:100DF0003A22666C6F6174222C226163636573739F
:100E0000223A2272227D2C7B226E616D65223A226B
:100E1000706F776572222C226964223A3233342C47
:100E20002274797065223A22666C6F6174222C22DA
:100E3000616363657373223A2272227D2C7B226E7A
:100E4000616D65223A22765F63757272656E745FBA
:100E5000636F6E74726F6C5F696E74656772616CDC
:100E60005F64222C226964223A3233352C22747951
:100E70007065223A22666C6F6174222C2261636372
:100E8000657373223A227277227D2C7B226E616D0C
:100E900065223A22765F63757272656E745F636F66
:100EA0006E74726F6C5F696E74656772616C5F718E
:100EB000222C226964223A3233362C2274797065EE
:100EC000223A22666C6F6174222C2261636365731F
:100ED00073223A227277227D2C7B226E616D65220D
:100EE0003A2266696E616C5F765F616C7068612240
:100EF0002C226964223A3233372C227479706522AD
:100F00003A22666C6F6174222C226163636573738D
:100F1000223A2272227D2C7B226E616D65223A225A
:100F200066696E616C5F765F62657461222C22690E
:100F300064223A3233382C2274797065223A226660
:100F40006C6F6174222C22616363657373223A2291
:100F500072227D5D7D2C7B226E616D65223A226E50
:100F60005F6576745F63757272656E745F6D6561DF
:100F7000737572656D656E74222C226964223A3233
:100F800033392C2274797065223A2275696E743374
:100F900032222C22616363657373223A2272227DAE
:100FA0002C7B226E616D65223A226E5F6576745FDE
:100FB00070776D5F757064617465222C226964229C
:100FC0003A3234302C2274797065223A2275696E77
:100FD000743332222C22616363657373223A227266
:100FE000227D2C7B226E616D65223A22636F6E66D4
:100FF0006967222C2274797065223A226F626A65D1
:101000006374222C226D656D62657273223A5B7B7C
:10101000226E616D65223A227072655F63616C6950
:10102000627261746564222C226964223A3234311E
:101030002C2274797065223A22626F6F6C222C2206
:10104000616363657373223A227277227D2C7B225F
:101050006E616D65223A22706F6C655F70616972B6
:1010600073222C226964223A3234322C2274797031
:1010700065223A22696E743332222C2261636365E1
:101080007373223A227277227D2C7B226E616D650A
:10109000223A2263616C6962726174696F6E5F6388
:1010A000757272656E74222C226964223A3234336E
:1010B0002C2274797065223A22666C6F6174222C3E
:1010C00022616363657373223A227277227D2C7BDF
:1010D000226E616D65223A22726573697374616E66
:1010E00063655F63616C69625F6D61785F766F6C89
:1010F00074616765222C226964223A3234342C22CE
:1011000074797065223A22666C6F6174222C2261B8
:101110006363657373223A227277227D2C7B226E81
:10112000616D65223A2270686173655F696E6475EE
:101130006374616E6365222C226964223A3234350D
:101140002C2274797065223A22666C6F6174222CAD
:1011500022616363657373223A227277227D2C7B4E
:10116000226E616D65223A2270686173655F7265F7
:1011700073697374616E6365222C226964223A324A
:1011800034362C2274797065223A22666C6F617451
:10119000222C22616363657373223A227277227D67
:1011A0002C7B226E616D65223A22746F72717565B7
:1011B0005F636F6E7374616E74222C226964223ACD
:1011C0003234372C2274797065223A22666C6F6152
:1011D00074222C22616363657373223A2272772230
:1011E0007D2C7B226E616D65223A226D6F746F7269
:1011F0005F74797065222C226964223A3234382C6B
:101200002274797065223A2275696E7438222C2214
:10121000616363657373223A227277227D2C7B228D
:101220006E616D65223A2263757272656E745F6CD1
:10123000696D222C226964223A3234392C22747965
:101240007065223A22666C6F6174222C226163639E
:10125000657373223A227277227D2C7B226E616D38
:1012600065223A2263757272656E745F6C696D5F98
:101270006D617267696E222C226964223A323530C0
:101280002C2274797065223A22666C6F6174222C6C
:1012900022616363657373223A227277227D2C7B0D
:1012A000226E616D65223A22746F727175655F6C92
:1012B000696D222C226964223A3235312C227479EC
:1012C0007065223A22666C6F6174222C226163631E
:1012D000657373223A227277227D2C7B226E616DB8
:1012E00065223A22696E7665727465725F74656D07
:1012F000705F6C696D69745F6C6F776572222C2208
:101300006964223A3235322C2274797065223A228D
:10131000666C6F6174222C22616363657373223A79
:10132000227277227D2C7B226E616D65223A2269C2
:101330006E7665727465725F74656D705F6C696DF1
:1013400069745F7570706572222C226964223A326A
:1013500035332C2274797065223A22666C6F617481
:10136000222C22616363657373223A227277227D95
:101370002C7B226E616D65223A22726571756573F0
:101380007465645F63757272656E745F72616E67B7
:1013900065222C226964223A3235342C2274797009
:1013A00065223A22666C6F6174222C226163636548
:1013B0007373223A227277227D2C7B226E616D65D7
:1013C000223A2263757272656E745F636F6E747217
:1013D0006F6C5F62616E647769647468222C226945
:1013E00064223A3235352C2274797065223A2266AD
:1013F0006C6F6174222C22616363657373223A22DD
:101400007277227D2C7B226E616D65223A226163A8
:10141000696D5F6761696E5F6D696E5F666C757837
:10142000222C226964223A3235362C227479706576
:10143000223A22666C6F6174222C226163636573A9
:1014400073223A227277227D2C7B226E616D652297
:101450003A226163696D5F6175746F666C75785F60
:101460006D696E5F4964222C226964223A323537F5
:101470002C2274797065223A22666C6F6174222C7A
:1014800022616363657373223A227277227D2C7B1B
:10149000226E616D65223A226163696D5F617574C8
:1014A0006F666C75785F656E61626C65222C22696F
:1014B00064223A3235382C2274797065223A2262DD
:1014C0006F6F6C222C22616363657373223A227200
:1014D00077227D2C7B226E616D65223A22616369E1
:1014E0006D5F6175746F666C75785F61747461634C
:1014F0006B5F6761696E222C226964223A3235394A
:101500002C2274797065223A22666C6F6174222CE9
:1015100022616363657373223A227277227D2C7B8A
:10152000226E616D65223A226163696D5F61757437
:101530006F666C75785F64656361795F6761696E1A
:10154000222C226964223A3236302C22747970655A
:10155000223A22666C6F6174222C22616363657388
:1015600073223A227277227D2C7B226E616D652276
:101570003A22525F774C5F46465F656E61626C65EA
:10158000222C226964223A3236312C227479706519
:10159000223A22626F6F6C222C226163636573733F
:1015A000223A227277227D2C7B226E616D65223A6F
:1015B0002262454D465F46465F656E61626C6522FC
:1015C0002C226964223A3236322C227479706522D8
:1015D0003A22626F6F6C222C2261636365737322FF
:1015E0003A227277227D2C7B226E616D65223A222F
:1015F000495F6275735F686172645F6D696E222C0A
:10160000226964223A3236332C2274797065223A88
:1016100022666C6F6174222C22616363657373228E
:101620003A227277227D2C7B226E616D65223A22EE
:10163000495F6275735F686172645F6D6178222CC7
:10164000226964223A3236342C2274797065223A47
:1016500022666C6F6174222C22616363657373224E
:101660003A227277227D2C7B226E616D65223A22AE
:10167000495F6C65616B5F6D6178222C2269642221
:101680003A3236352C2274797065223A22666C6FB4
:101690006174222C22616363657373223A2272772C
:1016A000227D2C7B226E616D65223A2264635F632A
:1016B000616C69625F746175222C226964223A321E
:1016C00036362C2274797065223A22666C6F61740A
:1016D000222C22616363657373223A227277227D22
:1016E0005D7D5D7D2C7B226E616D65223A22636F8C
:1016F0006E74726F6C6C6572222C22747970652224
:101700003A226F626A656374222C226D656D626590
:101710007273223A5B7B226E616D65223A2265729A
:10172000726F72222C226964223A3236372C22746C
:10173000797065223A2275696E7438222C226163B1
:1017400063657373223A227277227D2C7B226E614D
:101750006D65223A226C6173745F6572726F725F9D
:1017600074696D65222C226964223A3236382C2243
:1017700074797065223A22666C6F6174222C226142
:101780006363657373223A227277227D2C7B226E0B
:10179000616D65223A22696E7075745F706F732295
:1017A0002C226964223A3236392C227479706522EF
:1017B0003A22666C6F6174222C22616363657373D5
:1017C000223A227277227D2C7B226E616D65223A4D
:1017D00022696E7075745F76656C222C22696422B2
:1017E0003A3237302C2274797065223A22666C6F57
:1017F0006174222C22616363657373223A227277CB
:10180000227D2C7B226E616D65223A22696E707595
:10181000745F746F72717565222C226964223A328A
:1018200037312C2274797065223A22666C6F6174AC
:10183000222C22616363657373223A227277227DC0
:101840002C7B226E616D65223A22706F735F736527
:1018500074706F696E74222C226964223A323732B6
:101860002C2274797065223A22666C6F6174222C86
:1018700022616363657373223A2272227D2C7B227C
:101880006E616D65223A2276656C5F736574706F68
:10189000696E74222C226964223A3237332C227406
:1018A000797065223A22666C6F6174222C22616322
:1018B00063657373223A2272227D2C7B226E616DE6
:1018C00065223A22746F727175655F736574706F0B
:1018D000696E74222C226964223A3237342C2274C5
:1018E000797065223A22666C6F6174222C226163E2
:1018F00063657373223A2272227D2C7B226E616DA6
:1019000065223A227472616A6563746F72795F64EA
:101910006F6E65222C226964223A3237352C22748C
:10192000797065223A22626F6F6C222C22616363A8
:10193000657373223A2272227D2C7B226E616D6563
:10194000223A2276656C5F696E7465677261746FA6
:10195000725F746F72717565222C226964223A324B
:1019600037362C2274797065223A22666C6F617466
:10197000222C22616363657373223A227277227D7F
:101980002C7B226E616D65223A22616E7469636FF1
:101990006767696E675F76616C6964222C2269648F
:1019A000223A3237372C2274797065223A22626FDC
:1019B0006F6C222C22616363657373223A22727703
:1019C000227D2C7B226E616D65223A226175746FD7
:1019D00074756E696E675F7068617365222C226929
:1019E00064223A3237382C2274797065223A2266A2
:1019F0006C6F6174222C22616363657373223A22D7
:101A00007277227D2C7B226E616D65223A22636F94
:101A10006E666967222C2274797065223A226F62A1
:101A20006A656374222C226D656D62657273223A59
:101A30005B7B226E616D65223A226761696E5F731E
:101A400063686564756C696E675F77696474682242
:101A50002C226964223A3237392C2274797065223B
:101A60003A22666C6F6174222C2261636365737322
:101A7000223A227277227D2C7B226E616D65223A9A
:101A800022656E61626C655F76656C5F6C696D691D
:101A900074222C226964223A3238302C22747970F4
:101AA00065223A22626F6F6C222C22616363657338
:101AB00073223A227277227D2C7B226E616D652221
:101AC0003A22656E61626C655F746F727175655FF5
:101AD0006D6F64655F76656C5F6C696D6974222CEF
:101AE000226964223A3238312C2274797065223AA4
:101AF00022626F6F6C222C22616363657373223ADA
:101B0000227277227D2C7B226E616D65223A2265DE
:101B10006E61626C655F6761696E5F73636865645F
:101B2000756C696E67222C226964223A3238322C35
:101B30002274797065223A22626F6F6C222C2261C6
:101B40006363657373223A227277227D2C7B226E47
:101B5000616D65223A22656E61626C655F6F7665C4
:101B60007273706565645F6572726F72222C226990
:101B700064223A3238332C2274797065223A226218
:101B80006F6F6C222C22616363657373223A227239
:101B900077227D2C7B226E616D65223A22636F6E07
:101BA00074726F6C5F6D6F6465222C226964223AD7
:101BB0003238342C2274797065223A2275696E7439
:101BC00038222C22616363657373223A2272772272
:101BD0007D2C7B226E616D65223A22696E70757470
:101BE0005F6D6F6465222C226964223A3238352C8D
:101BF0002274797065223A2275696E7438222C221B
:101C0000616363657373223A227277227D2C7B2293
:101C10006E616D65223A22706F735F6761696E2233
:101C20002C226964223A3238362C2274797065226B
:101C30003A22666C6F6174222C2261636365737350
:101C4000223A227277227D2C7B226E616D65223AC8
:101C50002276656C5F6761696E222C226964223A84
:101C60003238372C2274797065223A22666C6F61A3
:101C700074222C22616363657373223A2272772285
:101C80007D2C7B226E616D65223A2276656C5F69E0
:101C90006E7465677261746F725F6761696E222C22
:101CA000226964223A3238382C2274797065223ADB
:101CB00022666C6F6174222C2261636365737322E8
:101CC0003A227277227D2C7B226E616D65223A2248
:101CD00076656C5F696E7465677261746F725F6C54
:101CE000696D6974222C226964223A3238392C22B7
:101CF00074797065223A22666C6F6174222C2261BD
:101D00006363657373223A227277227D2C7B226E85
:101D1000616D65223A2276656C5F6C696D6974222B
:101D20002C226964223A3239302C2274797065226F
:101D30003A22666C6F6174222C226163636573734F
:101D4000223A227277227D2C7B226E616D65223AC7
:101D50002276656C5F6C696D69745F746F6C657217
:101D6000616E6365222C226964223A3239312C2259
:101D700074797065223A22666C6F6174222C22613C
:101D80006363657373223A227277227D2C7B226E05
:101D9000616D65223A2276656C5F72616D705F726B
:101DA000617465222C226964223A3239322C227401
:101DB000797065223A22666C6F6174222C2261630D
:101DC00063657373223A227277227D2C7B226E61C7
:101DD0006D65223A22746F727175655F72616D7004
:101DE0005F72617465222C226964223A3239332C85
:101DF0002274797065223A22666C6F6174222C22FB
:101E0000616363657373223A227277227D2C7B2291
:101E10006E616D65223A2263697263756C61725FEF
:101E2000736574706F696E7473222C226964223A30
:101E30003239342C2274797065223A22626F6F6CC9
:101E4000222C22616363657373223A227277227DAA
:101E50002C7B226E616D65223A2263697263756C18
:101E600061725F736574706F696E745F72616E67C3
:101E700065222C226964223A3239352C2274797019
:101E800065223A22666C6F6174222C22616363655D
:101E90007373223A227277227D2C7B226E616D65EC
:101EA000223A2273746570735F7065725F63697242
:101EB00063756C61725F72616E6765222C22696462
:101EC000223A3239362C2274797065223A22696EB0
:101ED000743332222C22616363657373223A227257
:101EE00077227D2C7B226E616D65223A22686F6DB0
:101EF000696E675F7370656564222C226964223A9B
:101F00003239372C2274797065223A22666C6F61FF
:101F100074222C22616363657373223A22727722E2
:101F20007D2C7B226E616D65223A22696E6572742A
:101F30006961222C226964223A3239382C22747960
:101F40007065223A22666C6F6174222C2261636391
:101F5000657373223A227277227D2C7B226E616D2B
:101F600065223A22617869735F746F5F6D6972727E
:101F70006F72222C226964223A3239392C22747908
:101F80007065223A2275696E7438222C226163636F
:101F9000657373223A227277227D2C7B226E616DEB
:101FA00065223A226D6972726F725F726174696F35
:101FB000222C226964223A3330302C2274797065E5
:101FC000223A22666C6F6174222C2261636365730E
:101FD00073223A227277227D2C7B226E616D6522FC
:101FE0003A22746F727175655F6D6972726F725F9C
:101FF000726174696F222C226964223A3330312C69
:102000002274797065223A22666C6F6174222C22E8
:10201000616363657373223A227277227D2C7B227F
:102020006E616D65223A226C6F61645F656E636FED
:102030006465725F61786973222C226964223A3385
:1020400030322C2274797065223A2275696E7438A8
:10205000222C22616363657373223A227277227D98
:102060002C7B226E616D65223A22696E7075745FF9
:1020700066696C7465725F62616E647769647468C6
:10208000222C226964223A3330332C227479706511
:10209000223A22666C6F6174222C2261636365733D
:1020A00073223A227277227D2C7B226E616D65222B
:1020B0003A22616E7469636F6767696E67222C22CA
:1020C00074797065223A226F626A656374222C22E9
:1020D0006D656D62657273223A5B7B226E616D6520
:1020E000223A22696E646578222C226964223A338E
:1020F00030342C2274797065223A2275696E7433FB
:1021000032222C22616363657373223A2272227D2C
:102110002C7B226E616D65223A227072655F63616D
:102120006C69627261746564222C226964223A339C
:1021300030352C2274797065223A22626F6F6C22DE
:102140002C22616363657373223A227277227D2C9D
:102150007B226E616D65223A2263616C69625F6108
:102160006E7469636F6767696E67222C22696422E7
:102170003A3330362C2274797065223A22626F6FBE
:102180006C222C22616363657373223A2272227D72
:102190002C7B226E616D65223A2263616C69625FFD
:1021A000706F735F7468726573686F6C64222C2241
:1021B0006964223A3330372C2274797065223A22CE
:1021C000666C6F6174222C22616363657373223ABB
:1021D000227277227D2C7B226E616D65223A22630A
:1021E000616C69625F76656C5F7468726573686F55
:1021F0006C64222C226964223A3330382C227479A0
:102200007065223A22666C6F6174222C22616363CE
:10221000657373223A227277227D2C7B226E616D68
:1022200065223A22636F6767696E675F72617469DE
:102230006F222C226964223A3330392C227479704F
:1022400065223A22666C6F6174222C226163636599
:102250007373223A2272227D2C7B226E616D65227D
:102260003A22616E7469636F6767696E675F656E56
:1022700061626C6564222C226964223A3331302C0D
:102280002274797065223A22626F6F6C222C22616F
:102290006363657373223A227277227D5D7D2C7BA6
:1022A000226E616D65223A226D656368616E6963B5
:1022B000616C5F706F7765725F62616E647769648D
:1022C0007468222C226964223A3331312C227479C9
:1022D0007065223A22666C6F6174222C22616363FE
:1022E000657373223A227277227D2C7B226E616D98
:1022F00065223A22656C656374726963616C5F7014
:102300006F7765725F62616E647769647468222CAE
:10231000226964223A3331322C2274797065223A70
:1023200022666C6F6174222C226163636573732271
:102330003A227277227D2C7B226E616D65223A22D1
:102340007370696E6F75745F6D656368616E6963E4
:10235000616C5F706F7765725F7468726573686FC8
:102360006C64222C226964223A3331332C22747932
:102370007065223A22666C6F6174222C226163635D
:10238000657373223A227277227D2C7B226E616DF7
:1023900065223A227370696E6F75745F656C656350
:1023A00074726963616C5F706F7765725F74687275
:1023B0006573686F6C64222C226964223A3331346D
:1023C0002C2274797065223A22666C6F6174222C1B
:1023D00022616363657373223A227277227D5D7D89
:1023E0002C7B226E616D65223A226175746F747563
:1023F0006E696E67222C2274797065223A226F62B0
:102400006A656374222C226D656D62657273223A6F
:102410005B7B226E616D65223A226672657175651D
:102420006E6379222C226964223A3331352C22746E
:10243000797065223A22666C6F6174222C22616386
:1024400063657373223A227277227D2C7B226E6140
:102450006D65223A22706F735F616D706C6974757F
:102460006465222C226964223A3331362C22747935
:102470007065223A22666C6F6174222C226163635C
:10248000657373223A227277227D2C7B226E616DF6
:1024900065223A2276656C5F616D706C6974756453
:1024A00065222C226964223A3331372C22747970E8
:1024B00065223A22666C6F6174222C226163636527
:1024C0007373223A227277227D2C7B226E616D65B6
:1024D000223A22746F727175655F616D706C6974F8
:1024E000756465222C226964223A3331382C2274B7
:1024F000797065223A22666C6F6174222C226163C6
:1025000063657373223A227277227D5D7D2C7B2274
:102510006E616D65223A226D656368616E69636103
:102520006C5F706F776572222C226964223A3331B6
:10253000392C2274797065223A22666C6F6174229C
:102540002C22616363657373223A2272227D2C7B95
:10255000226E616D65223A22656C656374726963EF
:10256000616C5F706F776572222C226964223A3346
:1025700032302C2274797065223A22666C6F617455
:10258000222C22616363657373223A2272227D2CAE
:102590007B226E616D65223A226D6F76655F696E92
:1025A0006372656D656E74616C222C226964223AD7
:1025B0003332312C2274797065223A2266756E634B
:1025C00074696F6E222C22696E70757473223A5B87
:1025D0007B226E616D65223A22646973706C61635F
:1025E000656D656E74222C226964223A3332322C76
:1025F0002274797065223A22666C6F6174222C22F3
:10260000616363657373223A227277227D2C7B2289
:102610006E616D65223A2266726F6D5F696E7075CC
:10262000745F706F73222C226964223A3332332C28
:102630002274797065223A22626F6F6C222C2261BB
:102640006363657373223A227277227D5D2C226F59
:10265000757470757473223A5B5D7D2C7B226E619C
:102660006D65223A2273746172745F616E7469637E
:102670006F6767696E675F63616C696272617469D5
:102680006F6E222C226964223A3332342C22747900
:102690007065223A2266756E6374696F6E222C2211
:1026A000696E70757473223A5B5D2C226F7574705D
:1026B000757473223A5B5D7D2C7B226E616D6522A1
:1026C0003A2272656D6F76655F616E7469636F67DC
:1026D00067696E675F62696173222C226964223ABE
:1026E0003332352C2274797065223A2266756E6316
:1026F00074696F6E222C22696E70757473223A5B56
:102700005D2C226F757470757473223A5B7B226E38
:10271000616D65223A2276616C222C226964223A2C
:102720003332362C2274797065223A22666C6F61DE
:1027300074222C22616363657373223A2272227DB4
:102740005D7D2C7B226E616D65223A226765745F28
:10275000616E7469636F6767696E675F76616C75D8
:1027600065222C226964223A3332372C2274797024
:1027700065223A2266756E6374696F6E222C226937
:102780006E70757473223A5B7B226E616D65223ABE
:1027900022696E646578222C226964223A333238C9
:1027A0002C2274797065223A2275696E7433322254
:1027B0002C22616363657373223A227277227D5DF6
:1027C0002C226F757470757473223A5B7B226E6174
:1027D0006D65223A2276616C222C226964223A339A
:1027E00032392C2274797065223A22666C6F6174DA
:1027F000222C22616363657373223A2272227D5D0B
:102800007D5D7D2C7B226E616D65223A22656E6353
:102810006F646572222C2274797065223A226F628D
:102820006A656374222C226D656D62657273223A4B
:102830005B7B226E616D65223A226572726F722235
:102840002C226964223A3333302C22747970652249
:102850003A2275696E743136222C22616363657386
:1028600073223A227277227D2C7B226E616D652263
:102870003A2269735F7265616479222C226964224D
:102880003A3333312C2274797065223A22626F6FA9
:102890006C222C22616363657373223A2272227D5B
:1028A0002C7B226E616D65223A22696E6465785FC9
:1028B000666F756E64222C226964223A3333322C9F
:1028C0002274797065223A22626F6F6C222C226129
:1028D0006363657373223A2272227D2C7B226E61C0
:1028E0006D65223A22736861646F775F636F756EFE
:1028F00074222C226964223A3333332C2274797087
:1029000065223A22696E743332222C226163636538
:102910007373223A2272227D2C7B226E616D6522B6
:102920003A22636F756E745F696E5F637072222CFA
:10293000226964223A3333342C2274797065223A46
:1029400022696E743332222C2261636365737322B1
:102950003A2272227D2C7B226E616D65223A2269B9
:102960006E746572706F6C6174696F6E222C22696F
:1029700064223A3333352C2274797065223A226608
:102980006C6F6174222C22616363657373223A2237
:1029900072227D2C7B226E616D65223A2270686105
:1029A0007365222C226964223A3333362C227479DF
:1029B0007065223A22666C6F6174222C2261636317
:1029C000657373223A2272227D2C7B226E616D65C3
:1029D000223A22706F735F657374696D617465224A
:1029E0002C226964223A3333372C227479706522A1
:1029F0003A22666C6F6174222C2261636365737383
:102A0000223A2272227D2C7B226E616D65223A224F
:102A1000706F735F657374696D6174655F636F7503
:102A20006E7473222C226964223A3333382C227458
:102A3000797065223A22666C6F6174222C22616380
:102A400063657373223A2272227D2C7B226E616D44
:102A500065223A22706F735F63697263756C61728D
:102A6000222C226964223A3333392C22747970651E
:102A7000223A22666C6F6174222C22616363657353
:102A800073223A2272227D2C7B226E616D65223A7E
:102A900022706F735F6370725F636F756E74732201
:102AA0002C226964223A3334302C227479706522E6
:102AB0003A22666C6F6174222C22616363657373C2
:102AC000223A2272227D2C7B226E616D65223A228F
:102AD00064656C74615F706F735F6370725F636F66
:102AE000756E7473222C226964223A3334312C229D
:102AF00074797065223A22666C6F6174222C2261AF
:102B00006363657373223A2272227D2C7B226E618D
:102B10006D65223A2268616C6C5F73746174652222
:102B20002C226964223A3334322C22747970652263
:102B30003A2275696E7438222C226163636573735F
:102B4000223A2272227D2C7B226E616D65223A220E
:102B500076656C5F657374696D617465222C22699A
:102B600064223A3334332C2274797065223A226617
:102B70006C6F6174222C22616363657373223A2245
:102B800072227D2C7B226E616D65223A2276656C05
:102B90005F657374696D6174655F636F756E74737F
:102BA000222C226964223A3334342C2274797065E1
:102BB000223A22666C6F6174222C22616363657312
:102BC00073223A2272227D2C7B226E616D65223A3D
:102BD0002263616C69625F7363616E5F72657370BB
:102BE0006F6E7365222C226964223A3334352C22AD
:102BF00074797065223A22666C6F6174222C2261AE
:102C00006363657373223A2272227D2C7B226E618C
:102C10006D65223A22706F735F616273222C2269A4
:102C200064223A3334362C2274797065223A226950
:102C30006E743332222C22616363657373223A22ED
:102C40007277227D2C7B226E616D65223A22737031
:102C5000695F6572726F725F72617465222C22699E
:102C600064223A3334372C2274797065223A226612
:102C70006C6F6174222C22616363657373223A2244
:102C800072227D2C7B226E616D65223A22636F6E0B
:102C9000666967222C2274797065223A226F626A13
:102CA000656374222C226D656D62657273223A5BD6
:102CB0007B226E616D65223A226D6F6465222C2243
:102CC0006964223A3334382C2274797065223A22AE
:102CD00075696E743136222C2261636365737322C9
:102CE0003A227277227D2C7B226E616D65223A2218
:102CF0007573655F696E646578222C226964223A77
:102D00003334392C2274797065223A22626F6F6CE9
:102D1000222C22616363657373223A227277227DCB
:102D20002C7B226E616D65223A22696E6465785F44
:102D30006F6666736574222C226964223A333530DB
:102D40002C2274797065223A22666C6F6174222C91
:102D500022616363657373223A227277227D2C7B32
:102D6000226E616D65223A227573655F696E6465D6
:102D7000785F6F6666736574222C226964223A3329
:102D800035312C2274797065223A22626F6F6C2281
:102D90002C22616363657373223A227277227D2C41
:102DA0007B226E616D65223A2266696E645F69649A
:102DB000785F6F6E5F6C6F636B696E5F6F6E6C795F
:102DC000222C226964223A3335322C2274797065C0
:102DD000223A22626F6F6C222C22616363657373E7
:102DE000223A227277227D2C7B226E616D65223A17
:102DF000226162735F7370695F63735F6770696F8D
:102E00005F70696E222C226964223A3335332C229A
:102E100074797065223A2275696E743136222C22DB
:102E2000616363657373223A227277227D2C7B2261
:102E30006E616D65223A22637072222C22696422CF
:102E40003A3335342C2274797065223A22696E74D3
:102E50003332222C22616363657373223A227277C4
:102E6000227D2C7B226E616D65223A22706861732F
:102E7000655F6F6666736574222C226964223A333B
:102E800035352C2274797065223A22696E7433329A
:102E9000222C22616363657373223A227277227D4A
:102EA0002C7B226E616D65223A2270686173655FCA
:102EB0006F66667365745F666C6F6174222C22693D
:102EC00064223A3335362C2274797065223A2266B0
:102ED0006C6F6174222C22616363657373223A22E2
:102EE0007277227D2C7B226E616D65223A226469A5
:102EF00072656374696F6E222C226964223A3335DD
:102F0000372C2274797065223A22696E743332222A
:102F10002C22616363657373223A227277227D2CBF
:102F20007B226E616D65223A227072655F63616C0F
:102F300069627261746564222C226964223A3335B5
:102F4000382C2274797065223A22626F6F6C222CC1
:102F500022616363657373223A227277227D2C7B30
:102F6000226E616D65223A22656E61626C655F70EA
:102F7000686173655F696E746572706F6C617469A6
:102F80006F6E222C226964223A3335392C227479EF
:102F90007065223A22626F6F6C222C226163636536
:102FA0007373223A227277227D2C7B226E616D65CB
:102FB000223A2262616E647769647468222C226905
:102FC00064223A3336302C2274797065223A2266B4
:102FD0006C6F6174222C22616363657373223A22E1
:102FE0007277227D2C7B226E616D65223A226361AD
:102FF0006C69625F72616E6765222C226964223A95
:103000003336312C2274797065223A22666C6F61F6
:1030100074222C22616363657373223A22727722D1
:103020007D2C7B226E616D65223A2263616C696240
:103030005F7363616E5F64697374616E6365222C94
:10304000226964223A3336322C2274797065223A2E
:1030500022666C6F6174222C226163636573732234
:103060003A227277227D2C7B226E616D65223A2294
:1030700063616C69625F7363616E5F6F6D656761E9
:10308000222C226964223A3336332C2274797065FB
:10309000223A22666C6F6174222C2261636365732D
:1030A00073223A227277227D2C7B226E616D65221B
:1030B0003A2269676E6F72655F696C6C6567616CF7
:1030C0005F68616C6C5F7374617465222C22696443
:1030D000223A3336342C2274797065223A22626F98
:1030E0006F6C222C22616363657373223A227277BC
:1030F000227D2C7B226E616D65223A2268616C6CA8
:103100005F706F6C6172697479222C226964223A53
:103110003336352C2274797065223A2275696E74C3
:1031200038222C22616363657373223A22727722FC
:103130007D2C7B226E616D65223A2268616C6C5F2A
:10314000706F6C61726974795F63616C69627261DE
:10315000746564222C226964223A3336362C227438
:10316000797065223A22626F6F6C222C2261636350
:10317000657373223A227277227D2C7B226E616DF9
:1031800065223A2273696E636F735F6770696F5F60
:1031900070696E5F73696E222C226964223A33363D
:1031A000372C2274797065223A2275696E74313633
:1031B000222C22616363657373223A227277227D27
:1031C0002C7B226E616D65223A2273696E636F7388
:1031D0005F6770696F5F70696E5F636F73222C2227
:1031E0006964223A3336382C2274797065223A2287
:1031F00075696E743136222C2261636365737322A4
:103200003A227277227D5D7D2C7B226E616D652274
:103210003A227365745F6C696E6561725F636F7586
:103220006E74222C226964223A3336392C22747946
:103230007065223A2266756E6374696F6E222C2265
:10324000696E70757473223A5B7B226E616D6522C4
:103250003A22636F756E74222C226964223A3337E6
:10326000302C2274797065223A22696E74333222CE
:103270002C22616363657373223A227277227D5D2B
:103280002C226F757470757473223A5B5D7D5D7D61
:103290002C7B226E616D65223A226163696D5F65E8
:1032A0007374696D61746F72222C22747970652257
:1032B0003A226F626A656374222C226D656D6265C5
:1032C0007273223A5B7B226E616D65223A22726FC5
:1032D000746F725F666C7578222C226964223A33AF
:1032E00037312C2274797065223A22666C6F6174D2
:1032F000222C22616363657373223A2272227D2C31
:103300007B226E616D65223A22736C69705F76650F
:103310006C222C226964223A3337322C2274797061
:1033200065223A22666C6F6174222C2261636365A8
:103330007373223A2272227D2C7B226E616D65228C
:103340003A2270686173655F6F6666736574222CDC
:10335000226964223A3337332C2274797065223A19
:1033600022666C6F6174222C226163636573732221
:103370003A2272227D2C7B226E616D65223A227385
:103380007461746F725F70686173655F76656C22DB
:103390002C226964223A3337342C227479706522E6
:1033A0003A22666C6F6174222C22616363657373C9
:1033B000223A2272227D2C7B226E616D65223A2296
:1033C000737461746F725F7068617365222C226917
:1033D00064223A3337352C2274797065223A22669A
:1033E0006C6F6174222C22616363657373223A22CD
:1033F00072227D2C7B226E616D65223A22636F6E94
:10340000666967222C2274797065223A226F626A9B
:10341000656374222C226D656D62657273223A5B5E
:103420007B226E616D65223A22736C69705F7665EE
:103430006C6F63697479222C226964223A333736BF
:103440002C2274797065223A22666C6F6174222C8A
:1034500022616363657373223A227277227D5D7DF8
:103460005D7D2C7B226E616D65223A2273656E73E1
:103470006F726C6573735F657374696D61746F727D
:10348000222C2274797065223A226F626A65637415
:10349000222C226D656D62657273223A5B7B226E0F
:1034A000616D65223A226572726F72222C22696404
:1034B000223A3337372C2274797065223A227569A3
:1034C0006E7438222C22616363657373223A227210
:1034D00077227D2C7B226E616D65223A22706861B5
:1034E0007365222C226964223A3337382C2274798E
:1034F0007065223A22666C6F6174222C22616363CC
:10350000657373223A2272227D2C7B226E616D6577
:10351000223A22706C6C5F706F73222C22696422D5
:103520003A3337392C2274797065223A22666C6FEF
:103530006174222C22616363657373223A227222C2
:103540007D2C7B226E616D65223A22706861736505
:103550005F76656C222C226964223A3338302C2243
:1035600074797065223A22666C6F6174222C226134
:103570006363657373223A2272227D2C7B226E6113
:103580006D65223A2276656C5F657374696D61744E
:1035900065222C226964223A3338312C22747970E6
:1035A00065223A22666C6F6174222C226163636526
:1035B0007373223A2272227D2C7B226E616D65220A
:1035C0003A22636F6E666967222C227479706522D5
:1035D0003A226F626A656374222C226D656D6265A2
:1035E0007273223A5B7B226E616D65223A226F62B2
:1035F0007365727665725F6761696E222C226964F9
:10360000223A3338322C2274797065223A22666C61
:103610006F6174222C22616363657373223A227294
:1036200077227D2C7B226E616D65223A22706C6C54
:103630005F62616E647769647468222C2269642217
:103640003A3338332C2274797065223A22666C6FD3
:103650006174222C22616363657373223A2272774C
:10366000227D2C7B226E616D65223A22706D5F6631
:103670006C75785F6C696E6B616765222C2269647A
:10368000223A3338342C2274797065223A22666CDF
:103690006F6174222C22616363657373223A227214
:1036A00077227D5D7D5D7D2C7B226E616D65223A8A
:1036B00022747261705F7472616A222C2274797054
:1036C00065223A226F626A656374222C226D656DF1
:1036D00062657273223A5B7B226E616D65223A22CB
:1036E000636F6E666967222C2274797065223A22B4
:1036F0006F626A656374222C226D656D62657273F8
:10370000223A5B7B226E616D65223A2276656C5FA0
:103710006C696D6974222C226964223A3338352C25
:103720002274797065223A22666C6F6174222C22B1
:10373000616363657373223A227277227D2C7B2248
:103740006E616D65223A22616363656C5F6C696DC1
:103750006974222C226964223A3338362C22747917
:103760007065223A22666C6F6174222C2261636359
:10377000657373223A227277227D2C7B226E616DF3
:1037800065223A22646563656C5F6C696D697422B9
:103790002C226964223A3338372C227479706522DE
:1037A0003A22666C6F6174222C22616363657373C5
:1037B000223A227277227D5D7D5D7D2C7B226E61B7
:1037C0006D65223A226D696E5F656E6473746F7009
:1037D000222C2274797065223A226F626A656374C2
:1037E000222C226D656D62657273223A5B7B226EBC
:1037F000616D65223A22656E6473746F705F7374D5
:10380000617465222C226964223A3338382C227480
:10381000797065223A22626F6F6C222C2261636399
:10382000657373223A2272227D2C7B226E616D6554
:10383000223A22636F6E666967222C227479706562
:10384000223A226F626A656374222C226D656D6272
:10385000657273223A5B7B226E616D65223A226744
:1038600070696F5F6E756D222C226964223A33385D
:10387000392C2274797065223A2275696E7431365A
:10388000222C22616363657373223A227277227D50
:103890002C7B226E616D65223A22656E61626C65D9
:1038A00064222C226964223A3339302C22747970D4
:1038B00065223A22626F6F6C222C2261636365730A
:1038C00073223A227277227D2C7B226E616D6522F3
:1038D0003A226F6666736574222C226964223A3339
:1038E00039312C2274797065223A22666C6F6174CA
:1038F000222C22616363657373223A227277227DE0
:103900002C7B226E616D65223A2269735F6163745C
:103910006976655F68696768222C226964223A3398
:1039200039322C2274797065223A22626F6F6C22D0
:103930002C22616363657373223A227277227D2C95
:103940007B226E616D65223A226465626F756E63DB
:10395000655F6D73222C226964223A3339332C223D
:1039600074797065223A2275696E743332222C2282
:10397000616363657373223A227277227D5D7D5D98
:103980007D2C7B226E616D65223A226D61785F65C8
:103990006E6473746F70222C2274797065223A22DF
:1039A0006F626A656374222C226D656D6265727345
:1039B000223A5B7B226E616D65223A22656E6473EA
:1039C000746F705F7374617465222C226964223A8B
:1039D0003339342C2274797065223A22626F6F6C0D
:1039E000222C22616363657373223A2272227D2C3A
:1039F0007B226E616D65223A22636F6E6669672273
:103A00002C2274797065223A226F626A656374228F
:103A10002C226D656D62657273223A5B7B226E614A
:103A20006D65223A226770696F5F6E756D222C2278
:103A30006964223A3339352C2274797065223A222E
:103A400075696E743136222C22616363657373224B
:103A50003A227277227D2C7B226E616D65223A229A
:103A6000656E61626C6564222C226964223A333986
:103A7000362C2274797065223A22626F6F6C222C88
:103A800022616363657373223A227277227D2C7BF5
:103A9000226E616D65223A226F6666736574222C10
:103AA000226964223A3339372C2274797065223ABC
:103AB00022666C6F6174222C2261636365737322CA
:103AC0003A227277227D2C7B226E616D65223A222A
:103AD00069735F6163746976655F68696768222CE2
:103AE000226964223A3339382C2274797065223A7B
:103AF00022626F6F6C222C22616363657373223ABA
:103B0000227277227D2C7B226E616D65223A2264BF
:103B100065626F756E63655F6D73222C2269642226
:103B20003A3339392C2274797065223A2275696EDC
:103B3000743332222C22616363657373223A2272DA
:103B400077227D5D7D5D7D2C7B226E616D65223AE5
:103B5000226D656368616E6963616C5F6272616B3F
:103B600065222C2274797065223A226F626A65633D
:103B700074222C226D656D62657273223A5B7B2222
:103B80006E616D65223A22636F6E666967222C2230
:103B900074797065223A226F626A656374222C22FE
:103BA0006D656D62657273223A5B7B226E616D6535
:103BB000223A226770696F5F6E756D222C226964EC
:103BC000223A3430302C2274797065223A22756999
:103BD0006E743136222C22616363657373223A223C
:103BE0007277227D2C7B226E616D65223A22697389
:103BF0005F6163746976655F6C6F77222C226964FC
:103C0000223A3430312C2274797065223A22626F64
:103C10006F6C222C22616363657373223A22727780
:103C2000227D5D7D2C7B226E616D65223A22656E60
:103C300067616765222C226964223A3430322C2273
:103C400074797065223A2266756E6374696F6E22AC
:103C50002C22696E70757473223A5B5D2C226F752D
:103C60007470757473223A5B5D7D2C7B226E616D7E
:103C700065223A2272656C65617365222C22696443
:103C8000223A3430332C2274797065223A226675D8
:103C90006E6374696F6E222C22696E707574732264
:103CA0003A5B5D2C226F757470757473223A5B5D9C
:103CB0007D5D7D2C7B226E616D65223A227461737D
:103CC0006B5F74696D6573222C2274797065223A7A
:103CD000226F626A656374222C226D656D62657263
:103CE00073223A5B7B226E616D65223A22746865AD
:103CF000726D6973746F725F757064617465222C84
:103D00002274797065223A226F626A656374222C8C
:103D1000226D656D62657273223A5B7B226E616D06
:103D200065223A2273746172745F74696D65222C26
:103D3000226964223A3430342C2274797065223A34
:103D40002275696E743332222C226163636573734A
:103D5000223A2272227D2C7B226E616D65223A22EC
:103D6000656E645F74696D65222C226964223A3441
:103D700030352C2274797065223A2275696E74335D
:103D800032222C22616363657373223A2272227D90
:103D90002C7B226E616D65223A226C656E677468B9
:103DA000222C226964223A3430362C2274797065D0
:103DB000223A2275696E743332222C226163636564
:103DC0007373223A2272227D2C7B226E616D6522F2
:103DD0003A226D61785F6C656E677468222C226987
:103DE00064223A3430372C2274797065223A227575
:103DF000696E743332222C22616363657373223AD5
:103E0000227277227D5D7D2C7B226E616D65223A68
:103E100022656E636F6465725F757064617465229C
:103E20002C2274797065223A226F626A656374226B
:103E30002C226D656D62657273223A5B7B226E6126
:103E40006D65223A2273746172745F74696D6522C4
:103E50002C226964223A3430382C2274797065221D
:103E60003A2275696E743332222C22616363657362
:103E700073223A2272227D2C7B226E616D65223A7A
:103E800022656E645F74696D65222C226964223A32
:103E90003430392C2274797065223A2275696E7437
:103EA0003332222C22616363657373223A227222B9
:103EB0007D2C7B226E616D65223A226C656E677483
:103EC00068222C226964223A3431302C22747970B1
:103ED00065223A2275696E743332222C2261636343
:103EE000657373223A2272227D2C7B226E616D658E
:103EF000223A226D61785F6C656E677468222C22AD
:103F00006964223A3431312C2274797065223A2264
:103F100075696E743332222C226163636573732278
:103F20003A227277227D5D7D2C7B226E616D652247
:103F30003A2273656E736F726C6573735F65737429
:103F4000696D61746F725F757064617465222C2293
:103F500074797065223A226F626A656374222C223A
:103F60006D656D62657273223A5B7B226E616D6571
:103F7000223A2273746172745F74696D65222C2217
:103F80006964223A3431322C2274797065223A22E3
:103F900075696E743332222C2261636365737322F8
:103FA0003A2272227D2C7B226E616D65223A226557
:103FB0006E645F74696D65222C226964223A343123
:103FC000332C2274797065223A2275696E7433320B
:103FD000222C22616363657373223A2272227D2C44
:103FE0007B226E616D65223A226C656E6774682271
:103FF0002C226964223A3431342C2274797065227F
:104000003A2275696E743332222C226163636573C0
:1040100073223A2272227D2C7B226E616D65223AD8
:10402000226D61785F6C656E677468222C2269640A
:10403000223A3431352C2274797065223A2275691E
:104040006E743332222C22616363657373223A22C9
:104050007277227D5D7D2C7B226E616D65223A2216
:10406000656E6473746F705F757064617465222C23
:104070002274797065223A226F626A656374222C19
:10408000226D656D62657273223A5B7B226E616D93
:1040900065223A2273746172745F74696D65222CB3
:1040A000226964223A3431362C2274797065223ABE
:1040B0002275696E743332222C22616363657373D7
:1040C000223A2272227D2C7B226E616D65223A2279
:1040D000656E645F74696D65222C226964223A34CE
:1040E00031372C2274797065223A2275696E7433E7
:1040F00032222C22616363657373223A2272227D1D
:104100002C7B226E616D65223A226C656E67746845
:10411000222C226964223A3431382C227479706559
:10412000223A2275696E743332222C2261636365F0
:104130007373223A2272227D2C7B226E616D65227E
:104140003A226D61785F6C656E677468222C226913
:1041500064223A3431392C2274797065223A2275FE
:10416000696E743332222C22616363657373223A61
:10417000227277227D5D7D2C7B226E616D65223AF5
:104180002263616E5F686561727462656174222C7E
:104190002274797065223A226F626A656374222CF8
:1041A000226D656D62657273223A5B7B226E616D72
:1041B00065223A2273746172745F74696D65222C92
:1041C000226964223A3432302C2274797065223AA2
:1041D0002275696E743332222C22616363657373B6
:1041E000223A2272227D2C7B226E616D65223A2258
:1041F000656E645F74696D65222C226964223A34AD
:1042000032312C2274797065223A2275696E7433CA
:1042100032222C22616363657373223A2272227DFB
:104220002C7B226E616D65223A226C656E67746824
:10423000222C226964223A3432322C22747970653D
:10424000223A2275696E743332222C2261636365CF
:104250007373223A2272227D2C7B226E616D65225D
:104260003A226D61785F6C656E677468222C2269F2
:1042700064223A3432332C2274797065223A2275E2
:10428000696E743332222C22616363657373223A40
:10429000227277227D5D7D2C7B226E616D65223AD4
:1042A00022636F6E74726F6C6C65725F757064619F
:1042B0007465222C2274797065223A226F626A65D5
:1042C0006374222C226D656D62657273223A5B7B8A
:1042D000226E616D65223A2273746172745F746933
:1042E0006D65222C226964223A3432342C2274798E
:1042F0007065223A2275696E743332222C22616312
:1043000063657373223A2272227D2C7B226E616D6B
:1043100065223A22656E645F74696D65222C22699C
:1043200064223A3432352C2274797065223A22752F
:10433000696E743332222C22616363657373223A8F
:104340002272227D2C7B226E616D65223A226C6581
:104350006E677468222C226964223A3432362C2229
:1043600074797065223A2275696E743332222C2278
:10437000616363657373223A2272227D2C7B226E05
:10438000616D65223A226D61785F6C656E67746855
:10439000222C226964223A3432372C2274797065D7
:1043A000223A2275696E743332222C22616363656E
:1043B0007373223A227277227D5D7D2C7B226E619F
:1043C0006D65223A226F70656E5F6C6F6F705F6310
:1043D0006F6E74726F6C6C65725F7570646174651A
:1043E000222C2274797065223A226F626A656374A6
:1043F000222C226D656D62657273223A5B7B226EA0
:10440000616D65223A2273746172745F74696D65BF
:10441000222C226964223A3432382C227479706555
:10442000223A2275696E743332222C2261636365ED
:104430007373223A2272227D2C7B226E616D65227B
:104440003A22656E645F74696D65222C226964226C
:104450003A3432392C2274797065223A2275696EA9
:10446000743332222C22616363657373223A2272A1
:10447000227D2C7B226E616D65223A226C656E670F
:104480007468222C226964223A3433302C227479E5
:104490007065223A2275696E743332222C22616370
:1044A00063657373223A2272227D2C7B226E616DCA
:1044B00065223A226D61785F6C656E677468222CA4
:1044C000226964223A3433312C2274797065223A9D
:1044D0002275696E743332222C22616363657373B3
:1044E000223A227277227D5D7D2C7B226E616D6582
:1044F000223A226163696D5F657374696D61746FDF
:10450000725F757064617465222C22747970652203
:104510003A226F626A656374222C226D656D626552
:104520007273223A5B7B226E616D65223A2273744C
:104530006172745F74696D65222C226964223A3459
:1045400033322C2274797065223A2275696E743385
:1045500032222C22616363657373223A2272227DB8
:104560002C7B226E616D65223A22656E645F7469F0
:104570006D65222C226964223A3433332C227479FB
:104580007065223A2275696E743332222C2261637F
:1045900063657373223A2272227D2C7B226E616DD9
:1045A00065223A226C656E677468222C2269642247
:1045B0003A3433342C2274797065223A2275696E4C
:1045C000743332222C22616363657373223A227240
:1045D000227D2C7B226E616D65223A226D61785FAF
:1045E0006C656E677468222C226964223A34333514
:1045F0002C2274797065223A2275696E74333222E6
:104600002C22616363657373223A227277227D5D87
:104610007D2C7B226E616D65223A226D6F746F7204
:104620005F757064617465222C2274797065223A1A
:10463000226F626A656374222C226D656D626572F9
:1046400073223A5B7B226E616D65223A227374613C
:1046500072745F74696D65222C226964223A343366
:10466000362C2274797065223A2275696E74333261
:10467000222C22616363657373223A2272227D2C9D
:104680007B226E616D65223A22656E645F74696D8E
:1046900065222C226964223A3433372C22747970D3
:1046A00065223A2275696E743332222C226163636B
:1046B000657373223A2272227D2C7B226E616D65B6
:1046C000223A226C656E677468222C226964223A51
:1046D0003433382C2274797065223A2275696E74ED
:1046E0003332222C22616363657373223A22722271
:1046F0007D2C7B226E616D65223A226D61785F6C44
:10470000656E677468222C226964223A3433392C2E
:104710002274797065223A2275696E743332222CC4
:1047200022616363657373223A227277227D5D7D15
:104730002C7B226E616D65223A2263757272656E02
:10474000745F636F6E74726F6C6C65725F757064AA
:10475000617465222C2274797065223A226F626A34
:10476000656374222C226D656D62657273223A5BFB
:104770007B226E616D65223A2273746172745F747C
:10478000696D65222C226964223A3434302C2274FB
:10479000797065223A2275696E743332222C226157
:1047A0006363657373223A2272227D2C7B226E61D1
:1047B0006D65223A22656E645F74696D65222C22F4
:1047C0006964223A3434312C2274797065223A2299
:1047D00075696E743332222C2261636365737322B0
:1047E0003A2272227D2C7B226E616D65223A226C08
:1047F000656E677468222C226964223A3434322C44
:104800002274797065223A2275696E743332222CD3
:1048100022616363657373223A2272227D2C7B22AC
:104820006E616D65223A226D61785F6C656E6774AA
:1048300068222C226964223A3434332C2274797031
:1048400065223A2275696E743332222C22616363C9
:10485000657373223A227277227D5D7D2C7B226EF6
:10486000616D65223A2264635F63616C6962222C28
:104870002274797065223A226F626A656374222C11
:10488000226D656D62657273223A5B7B226E616D8B
:1048900065223A2273746172745F74696D65222CAB
:1048A000226964223A3434342C2274797065223AB5
:1048B0002275696E743332222C22616363657373CF
:1048C000223A2272227D2C7B226E616D65223A2271
:1048D000656E645F74696D65222C226964223A34C6
:1048E00034352C2274797065223A2275696E7433DE
:1048F00032222C22616363657373223A2272227D15
:104900002C7B226E616D65223A226C656E6774683D
:10491000222C226964223A3434362C227479706550
:10492000223A2275696E743332222C2261636365E8
:104930007373223A2272227D2C7B226E616D652276
:104940003A226D61785F6C656E677468222C22690B
:1049500064223A3434372C2274797065223A2275F5
:10496000696E743332222C22616363657373223A59
:10497000227277227D5D7D2C7B226E616D65223AED
:104980002263757272656E745F73656E7365222C37
:104990002274797065223A226F626A656374222CF0
:1049A000226D656D62657273223A5B7B226E616D6A
:1049B00065223A2273746172745F74696D65222C8A
:1049C000226964223A3434382C2274797065223A90
:1049D0002275696E743332222C22616363657373AE
:1049E000223A2272227D2C7B226E616D65223A2250
:1049F000656E645F74696D65222C226964223A34A5
:104A000034392C2274797065223A2275696E7433B8
:104A100032222C22616363657373223A2272227DF3
:104A20002C7B226E616D65223A226C656E6774681C
:104A3000222C226964223A3435302C227479706534
:104A4000223A2275696E743332222C2261636365C7
:104A50007373223A2272227D2C7B226E616D652255
:104A60003A226D61785F6C656E677468222C2269EA
:104A700064223A3435312C2274797065223A2275D9
:104A8000696E743332222C22616363657373223A38
:104A9000227277227D5D7D2C7B226E616D65223ACC
:104AA0002270776D5F757064617465222C22747951
:104AB0007065223A226F626A656374222C226D65EA
:104AC0006D62657273223A5B7B226E616D65223A7C
:104AD0002273746172745F74696D65222C2269643B
:104AE000223A3435322C2274797065223A22756963
:104AF0006E743332222C22616363657373223A220F
:104B000072227D2C7B226E616D65223A22656E6475
:104B10005F74696D65222C226964223A3435332C26
:104B20002274797065223A2275696E743332222CB0
:104B300022616363657373223A2272227D2C7B2289
:104B40006E616D65223A226C656E677468222C2254
:104B50006964223A3435342C2274797065223A2201
:104B600075696E743332222C22616363657373221C
:104B70003A2272227D2C7B226E616D65223A226D73
:104B800061785F6C656E677468222C226964223AD2
:104B90003435352C2274797065223A2275696E7429
:104BA0003332222C22616363657373223A22727757
:104BB000227D5D7D5D7D2C7B226E616D65223A22BA
:104BC0007761746368646F675F66656564222C2231
:104BD0006964223A3435362C2274797065223A227F
:104BE00066756E6374696F6E222C22696E707574BF
:104BF00073223A5B5D2C226F757470757473223A60
:104C00005B5D7D5D7D2C7B226E616D65223A22614C
:104C100078697331222C2274797065223A226F628E
:104C20006A656374222C226D656D62657273223A27
:104C30005B7B226E616D65223A226572726F722211
:104C40002C226964223A3435372C2274797065221B
:104C50003A2275696E743332222C22616363657364
:104C600073223A227277227D2C7B226E616D65223F
:104C70003A22737465705F6469725F616374697608
:104C800065222C226964223A3435382C22747970DA
:104C900065223A22626F6F6C222C22616363657316
:104CA00073223A2272227D2C7B226E616D65223A3C
:104CB000226C6173745F6472765F6661756C7422D6
:104CC0002C226964223A3435392C22747970652299
:104CD0003A2275696E743332222C226163636573E4
:104CE00073223A2272227D2C7B226E616D65223AFC
:104CF000227374657073222C226964223A34363030
:104D00002C2274797065223A22696E743634222C12
:104D100022616363657373223A2272227D2C7B22A7
:104D20006E616D65223A2263757272656E745F738F
:104D300074617465222C226964223A3436312C2243
:104D400074797065223A2275696E7438222C22615A
:104D50006363657373223A2272227D2C7B226E611B
:104D60006D65223A227265717565737465645F734F
:104D700074617465222C226964223A3436322C2202
:104D800074797065223A2275696E7438222C22611A
:104D90006363657373223A227277227D2C7B226EC5
:104DA000616D65223A2269735F686F6D6564222CBC
:104DB000226964223A3436332C2274797065223A9F
:104DC00022626F6F6C222C22616363657373223AD7
:104DD000227277227D2C7B226E616D65223A2263DE
:104DE0006F6E666967222C2274797065223A226F91
:104DF000626A656374222C226D656D62657273222E
:104E00003A5B7B226E616D65223A22737461727423
:104E100075705F6D6F746F725F63616C69627261F0
:104E200074696F6E222C226964223A3436342C2243
:104E300074797065223A22626F6F6C222C22616352
:104E400063657373223A227277227D2C7B226E6116
:104E50006D65223A22737461727475705F656E635A
:104E60006F6465725F696E6465785F7365617263B4
:104E700068222C226964223A3436352C22747970E7
:104E800065223A22626F6F6C222C22616363657324
:104E900073223A227277227D2C7B226E616D65220D
:104EA0003A22737461727475705F656E636F6465C6
:104EB000725F6F66667365745F63616C696272616D
:104EC00074696F6E222C226964223A3436362C22A1
:104ED00074797065223A22626F6F6C222C226163B2
:104EE00063657373223A227277227D2C7B226E6176
:104EF0006D65223A22737461727475705F636C6FB2
:104F00007365645F6C6F6F705F636F6E74726F6CEC
:104F1000222C226964223A3436372C227479706547
:104F2000223A22626F6F6C222C2261636365737375
:104F3000223A227277227D2C7B226E616D65223AA5
:104F400022737461727475705F686F6D696E672229
:104F50002C226964223A3436382C22747970652206
:104F60003A22626F6F6C222C226163636573732235
:104F70003A227277227D2C7B226E616D65223A2265
:104F8000656E61626C655F737465705F64697222DF
:104F90002C226964223A3436392C227479706522C5
:104FA0003A22626F6F6C222C2261636365737322F5
:104FB0003A227277227D2C7B226E616D65223A2225
:104FC000737465705F6469725F616C776179735F38
:104FD0006F6E222C226964223A3437302C22747985
:104FE0007065223A22626F6F6C222C2261636365C6
:104FF0007373223A227277227D2C7B226E616D655B
:10500000223A22656E61626C655F73656E736F72C2
:105010006C6573735F6D6F6465222C226964223A3C
:105020003437312C2274797065223A22626F6F6CAA
:10503000222C22616363657373223A227277227D88
:105040002C7B226E616D65223A22776174636864FD
:105050006F675F74696D656F7574222C22696422B5
:105060003A3437322C2274797065223A22666C6F9A
:105070006174222C22616363657373223A22727712
:10508000227D2C7B226E616D65223A22656E616203
:105090006C655F7761746368646F67222C22696452
:1050A000223A3437332C2274797065223A22626FA7
:1050B0006F6C222C22616363657373223A227277CC
:1050C000227D2C7B226E616D65223A22737465709D
:1050D0005F6770696F5F70696E222C226964223A83
:1050E0003437342C2274797065223A2275696E74D3
:1050F0003136222C22616363657373223A22727700
:10510000227D2C7B226E616D65223A226469725F7A
:105110006770696F5F70696E222C226964223A346D
:1051200037352C2274797065223A2275696E743194
:1051300036222C22616363657373223A22727722CE
:105140007D2C7B226E616D65223A2263616C6962FF
:10515000726174696F6E5F6C6F636B696E222C2273
:1051600074797065223A226F626A656374222C2218
:105170006D656D62657273223A5B7B226E616D654F
:10518000223A2263757272656E74222C226964223F
:105190003A3437362C2274797065223A22666C6F65
:1051A0006174222C22616363657373223A227277E1
:1051B000227D2C7B226E616D65223A2272616D70B8
:1051C0005F74696D65222C226964223A3437372C6A
:1051D0002274797065223A22666C6F6174222C22E7
:1051E000616363657373223A227277227D2C7B227E
:1051F0006E616D65223A2272616D705F64697374CD
:10520000616E6365222C226964223A3437382C227D
:1052100074797065223A22666C6F6174222C226167
:105220006363657373223A227277227D2C7B226E30
:10523000616D65223A22616363656C222C22696488
:10524000223A3437392C2274797065223A22666CFE
:105250006F6174222C22616363657373223A227238
:1052600077227D2C7B226E616D65223A2276656CF9
:10527000222C226964223A3438302C2274797065E9
:10528000223A22666C6F6174222C2261636365731B
:1052900073223A227277227D5D7D2C7B226E616DB6
:1052A00065223A2273656E736F726C6573735F72F9
:1052B000616D70222C2274797065223A226F626AC5
:1052C000656374222C226D656D62657273223A5B90
:1052D0007B226E616D65223A2263757272656E740F
:1052E000222C226964223A3438312C227479706578
:1052F000223A22666C6F6174222C226163636573AB
:1053000073223A227277227D2C7B226E616D652298
:105310003A2272616D705F74696D65222C22696436
:10532000223A3438322C2274797065223A22666C23
:105330006F6174222C22616363657373223A227257
:1053400077227D2C7B226E616D65223A2272616D1F
:10535000705F64697374616E6365222C22696422D4
:105360003A3438332C2274797065223A22666C6F95
:105370006174222C22616363657373223A2272770F
:10538000227D2C7B226E616D65223A22616363650A
:105390006C222C226964223A3438342C22747970BD
:1053A00065223A22666C6F6174222C226163636508
:1053B0007373223A227277227D2C7B226E616D6597
:1053C000223A2276656C222C226964223A343835DE
:1053D0002C2274797065223A22666C6F6174222CDB
:1053E00022616363657373223A227277227D2C7B7C
:1053F000226E616D65223A2266696E6973685F6428
:10540000697374616E6365222C226964223A3438B0
:10541000362C2274797065223A22666C6F61742290
:105420002C22616363657373223A227277227D2C8A
:105430007B226E616D65223A2266696E6973685FD0
:105440006F6E5F76656C222C226964223A3438379D
:105450002C2274797065223A22626F6F6C222C22A2
:10546000616363657373223A227277227D2C7B22FB
:105470006E616D65223A2266696E6973685F6F6E50
:105480005F64697374616E6365222C226964223AD9
:105490003438382C2274797065223A22626F6F6C2E
:1054A000222C22616363657373223A227277227D14
:1054B0002C7B226E616D65223A2266696E69736883
:1054C0005F6F6E5F656E635F696478222C2269642A
:1054D000223A3438392C2274797065223A22626F6C
:1054E0006F6C222C22616363657373223A22727798
:1054F000227D5D7D2C7B226E616D65223A2267657F
:105500006E6572616C5F6C6F636B696E222C2274C6
:10551000797065223A226F626A656374222C226D6B
:10552000656D62657273223A5B7B226E616D6522E6
:105530003A2263757272656E74222C226964223A73
:105540003439302C2274797065223A22666C6F618E
:1055500074222C22616363657373223A227277226C
:105560007D2C7B226E616D65223A2272616D705FC7
:1055700074696D65222C226964223A3439312C22F7
:1055800074797065223A22666C6F6174222C2261F4
:105590006363657373223A227277227D2C7B226EBD
:1055A000616D65223A2272616D705F646973746126
:1055B0006E6365222C226964223A3439322C2274BB
:1055C000797065223A22666C6F6174222C226163C5
:1055D00063657373223A227277227D2C7B226E617F
:1055E0006D65223A22616363656C222C2269642214
:1055F0003A3439332C2274797065223A22666C6F02
:105600006174222C22616363657373223A2272777C
:10561000227D2C7B226E616D65223A2276656C229A
:105620002C226964223A3439342C22747970652230
:105630003A22666C6F6174222C2261636365737316
:10564000223A227277227D2C7B226E616D65223A8E
:105650002266696E6973685F64697374616E6365FD
:10566000222C226964223A3439352C2274797065EF
:10567000223A22666C6F6174222C22616363657327
:1056800073223A227277227D2C7B226E616D652215
:105690003A2266696E6973685F6F6E5F76656C2229
:1056A0002C226964223A3439362C227479706522AE
:1056B0003A22626F6F6C222C2261636365737322DE
:1056C0003A227277227D2C7B226E616D65223A220E
:1056D00066696E6973685F6F6E5F64697374616E2B
:1056E0006365222C226964223A3439372C2274797A
:1056F0007065223A22626F6F6C222C2261636365AF
:105700007373223A227277227D2C7B226E616D6543
:10571000223A2266696E6973685F6F6E5F656E63B9
:105720005F696478222C226964223A3439382C2249
:1057300074797065223A22626F6F6C222C22616349
:1057400063657373223A227277227D5D7D2C7B2202
:105750006E616D65223A2263616E222C227479702B
:1057600065223A226F626A656374222C226D656D30
:1057700062657273223A5B7B226E616D65223A220A
:105780006E6F64655F6964222C226964223A343941
:10579000392C2274797065223A2275696E7433321D
:1057A000222C22616363657373223A227277227D11
:1057B0002C7B226E616D65223A2269735F65787475
:1057C000656E646564222C226964223A3530302C7F
:1057D0002274797065223A22626F6F6C222C2261EA
:1057E0006363657373223A227277227D2C7B226E6B
:1057F000616D65223A226865617274626561745FE9
:10580000726174655F6D73222C226964223A3530AF
:10581000312C2274797065223A2275696E743332A4
:10582000222C22616363657373223A227277227D90
:105830002C7B226E616D65223A22656E636F646512
:10584000725F726174655F6D73222C226964223A03
:105850003530322C2274797065223A2275696E7463
:105860003332222C22616363657373223A2272778A
:10587000227D2C7B226E616D65223A226D6F746FE2
:10588000725F6572726F725F726174655F6D7322B1
:105890002C226964223A3530332C227479706522C7
:1058A0003A2275696E743332222C22616363657308
:1058B00073223A227277227D2C7B226E616D6522E3
:1058C0003A22656E636F6465725F6572726F725FB4
:1058D000726174655F6D73222C226964223A3530DF
:1058E000342C2274797065223A2275696E743332D1
:1058F000222C22616363657373223A227277227DC0
:105900002C7B226E616D65223A22636F6E74726F1A
:105910006C6C65725F6572726F725F726174655FE5
:105920006D73222C226964223A3530352C22747929
:105930007065223A2275696E743332222C226163BB
:1059400063657373223A227277227D2C7B226E610B
:105950006D65223A2273656E736F726C6573735F47
:105960006572726F725F726174655F6D73222C2253
:105970006964223A3530362C2274797065223A22D5
:1059800075696E743332222C2261636365737322EE
:105990003A227277227D2C7B226E616D65223A223B
:1059A000656E636F6465725F636F756E745F72615D
:1059B00074655F6D73222C226964223A3530372C6E
:1059C0002274797065223A2275696E743332222C02
:1059D00022616363657373223A227277227D2C7B86
:1059E000226E616D65223A2269715F726174655F32
:1059F0006D73222C226964223A3530382C22747956
:105A00007065223A2275696E743332222C226163EA
:105A100063657373223A227277227D2C7B226E613A
:105A20006D65223A2273656E736F726C6573735F76
:105A3000726174655F6D73222C226964223A35307D
:105A4000392C2274797065223A2275696E7433326A
:105A5000222C22616363657373223A227277227D5E
:105A60002C7B226E616D65223A226275735F7669C6
:105A70005F726174655F6D73222C226964223A350E
:105A800031302C2274797065223A2275696E743334
:105A900032222C22616363657373223A2272772269
:105AA0007D5D7D5D7D2C7B226E616D65223A226D70
:105AB0006F746F72222C2274797065223A226F62A1
:105AC0006A656374222C226D656D62657273223A79
:105AD0005B7B226E616D65223A226C6173745F6537
:105AE00072726F725F74696D65222C226964223A4A
:105AF0003531312C2274797065223A22666C6F61DF
:105B000074222C22616363657373223A22727722B6
:105B10007D2C7B226E616D65223A226572726F72F6
:105B2000222C226964223A3531322C227479706534
:105B3000223A2275696E743634222C2261636365C1
:105B40007373223A227277227D2C7B226E616D65FF
:105B5000223A2269735F61726D6564222C22696446
:105B6000223A3531332C2274797065223A22626FE1
:105B70006F6C222C22616363657373223A22722256
:105B80007D2C7B226E616D65223A2269735F6361B1
:105B90006C69627261746564222C226964223A35F0
:105BA00031342C2274797065223A22626F6F6C2234
:105BB0002C22616363657373223A2272227D2C7BEF
:105BC000226E616D65223A2263757272656E745F32
:105BD0006D6561735F706841222C226964223A35D9
:105BE00031352C2274797065223A22666C6F6174AB
:105BF000222C22616363657373223A2272227D2C08
:105C00007B226E616D65223A2263757272656E74D5
:105C10005F6D6561735F706842222C226964223A6D
:105C20003531362C2274797065223A22666C6F61A8
:105C300074222C22616363657373223A2272227D7F
:105C40002C7B226E616D65223A2263757272656EDD
:105C5000745F6D6561735F706843222C22696422F2
:105C60003A3531372C2274797065223A22666C6F8E
:105C70006174222C22616363657373223A2272225B
:105C80007D2C7B226E616D65223A2244435F636105
:105C90006C69625F706841222C226964223A353156
:105CA000382C2274797065223A22666C6F617422F6
:105CB0002C22616363657373223A227277227D2CF2
:105CC0007B226E616D65223A2244435F63616C6999
:105CD000625F706842222C226964223A3531392C85
:105CE0002274797065223A22666C6F6174222C22CC
:105CF000616363657373223A227277227D2C7B2263
:105D00006E616D65223A2244435F63616C69625F34
:105D1000706843222C226964223A3532302C227476
:105D2000797065223A22666C6F6174222C2261635D
:105D300063657373223A227277227D2C7B226E6117
:105D40006D65223A22495F627573222C22696422B2
:105D50003A3532312C2274797065223A22666C6FA2
:105D60006174222C22616363657373223A2272226A
:105D70007D2C7B226E616D65223A227068617365AD
:105D80005F63757272656E745F7265765F67616975
:105D90006E222C226964223A3532322C22747970B8
:105DA00065223A22666C6F6174222C2261636365FE
:105DB0007373223A227277227D2C7B226E616D658D
:105DC000223A226566666563746976655F637572FB
:105DD00072656E745F6C696D222C226964223A359B
:105DE00032332C2274797065223A22666C6F6174AA
:105DF000222C22616363657373223A2272227D2C06
:105E00007B226E616D65223A226D61785F616C6CF8
:105E10006F7765645F63757272656E74222C226998
:105E200064223A3532342C2274797065223A226623
:105E30006C6F6174222C22616363657373223A2252
:105E400072227D2C7B226E616D65223A226D617813
:105E50005F64635F63616C6962222C226964223A29
:105E60003532352C2274797065223A22666C6F6166
:105E700074222C22616363657373223A2272227D3D
:105E80002C7B226E616D65223A226665745F7468B0
:105E900065726D6973746F72222C22747970652239
:105EA0003A226F626A656374222C226D656D6265A9
:105EB0007273223A5B7B226E616D65223A227465B1
:105EC0006D7065726174757265222C226964223A64
:105ED0003532362C2274797065223A22666C6F61F5
:105EE00074222C22616363657373223A2272227DCD
:105EF0002C7B226E616D65223A22636F6E66696744
:105F0000222C2274797065223A226F626A6563746A
:105F1000222C226D656D62657273223A5B7B226E64
:105F2000616D65223A2274656D705F6C696D69748C
:105F30005F6C6F776572222C226964223A353237A2
:105F40002C2274797065223A22666C6F6174222C5F
:105F500022616363657373223A227277227D2C7B00
:105F6000226E616D65223A2274656D705F6C696D99
:105F700069745F7570706572222C226964223A35EB
:105F800032382C2274797065223A22666C6F617403
:105F9000222C22616363657373223A227277227D19
:105FA0002C7B226E616D65223A22656E61626C65A2
:105FB00064222C226964223A3532392C2274797099
:105FC00065223A22626F6F6C222C226163636573D3
:105FD00073223A227277227D5D7D5D7D2C7B226E5D
:105FE000616D65223A226D6F746F725F74686572BD
:105FF0006D6973746F72222C2274797065223A2253
:106000006F626A656374222C226D656D62657273BE
:10601000223A5B7B226E616D65223A2274656D7057
:1060200065726174757265222C226964223A353377
:10603000302C2274797065223A22666C6F6174226A
:106040002C22616363657373223A2272227D2C7B5A
:10605000226E616D65223A22636F6E666967222C3B
:106060002274797065223A226F626A656374222C09
:10607000226D656D62657273223A5B7B226E616D83
:1060800065223A226770696F5F70696E222C2269FF
:1060900064223A3533312C2274797065223A2275A4
:1060A000696E743136222C22616363657373223A00
:1060B000227277227D2C7B226E616D65223A2270DE
:1060C0006F6C795F636F656666696369656E745F3F
:1060D00030222C226964223A3533322C22747970B2
:1060E00065223A22666C6F6174222C2261636365BB
:1060F0007373223A227277227D2C7B226E616D654A
:10610000223A22706F6C795F636F656666696369B6
:10611000656E745F31222C226964223A3533332C48
:106120002274797065223A22666C6F6174222C2287
:10613000616363657373223A227277227D2C7B221E
:106140006E616D65223A22706F6C795F636F656670
:1061500066696369656E745F32222C226964223A33
:106160003533342C2274797065223A22666C6F6163
:1061700074222C22616363657373223A2272772240
:106180007D2C7B226E616D65223A22706F6C795F87
:10619000636F656666696369656E745F33222C227E
:1061A0006964223A3533352C2274797065223A229B
:1061B000666C6F6174222C22616363657373223A8B
:1061C000227277227D2C7B226E616D65223A2274C9
:1061D000656D705F6C696D69745F6C6F7765722255
:1061E0002C226964223A3533362C22747970652268
:1061F0003A22666C6F6174222C226163636573734B
:10620000223A227277227D2C7B226E616D65223AC2
:106210002274656D705F6C696D69745F757070650F
:1062200072222C226964223A3533372C2274797019
:1062300065223A22666C6F6174222C226163636569
:106240007373223A227277227D2C7B226E616D65F8
:10625000223A22656E61626C6564222C2269642296
:106260003A3533382C2274797065223A22626F6F86
:106270006C222C22616363657373223A2272772247
:106280007D5D7D5D7D2C7B226E616D65223A226392
:10629000757272656E745F636F6E74726F6C222CB0
:1062A0002274797065223A226F626A656374222CC7
:1062B000226D656D62657273223A5B7B226E616D41
:1062C00065223A22705F6761696E222C226964221E
:1062D0003A3533392C2274797065223A22666C6F14
:1062E0006174222C22616363657373223A227222E5
:1062F0007D2C7B226E616D65223A22695F67616940
:106300006E222C226964223A3534302C2274797042
:1063100065223A22666C6F6174222C226163636588
:106320007373223A2272227D2C7B226E616D65226C
:106330003A22495F6D656173757265645F7265705D
:106340006F72745F66696C7465725F6B222C226970
:1063500064223A3534312C2274797065223A2266EF
:106360006C6F6174222C22616363657373223A221D
:106370007277227D2C7B226E616D65223A22496400
:106380005F736574706F696E74222C226964223A9F
:106390003534322C2274797065223A22666C6F6132
:1063A00074222C22616363657373223A2272227D08
:1063B0002C7B226E616D65223A2249715F73657490
:1063C000706F696E74222C226964223A3534332C42
:1063D0002274797065223A22666C6F6174222C22D5
:1063E000616363657373223A2272227D2C7B226E75
:1063F000616D65223A2256645F736574706F696ED1
:1064000074222C226964223A3534342C2274797037
:1064100065223A22666C6F6174222C226163636587
:106420007373223A2272227D2C7B226E616D65226B
:106430003A2256715F736574706F696E74222C22F4
:106440006964223A3534352C2274797065223A22F7
:10645000666C6F6174222C22616363657373223AE8
:106460002272227D2C7B226E616D65223A22706839
:10647000617365222C226964223A3534362C2274E9
:10648000797065223A22666C6F6174222C226163F6
:1064900063657373223A2272227D2C7B226E616DBA
:1064A00065223A2270686173655F76656C222C22E2
:1064B0006964223A3534372C2274797065223A2285
:1064C000666C6F6174222C22616363657373223A78
:1064D0002272227D2C7B226E616D65223A224961F7
:1064E0006C7068615F6D65617375726564222C22E2
:1064F0006964223A3534382C2274797065223A2244
:10650000666C6F6174222C22616363657373223A37
:106510002272227D2C7B226E616D65223A224962B5
:106520006574615F6D65617375726564222C2269A3
:1065300064223A3534392C2274797065223A226605
:106540006C6F6174222C22616363657373223A223B
:1065500072227D2C7B226E616D65223A2249645F36
:106560006D65617375726564222C226964223A3507
:1065700035302C2274797065223A22666C6F617412
:10658000222C22616363657373223A2272227D2C6E
:106590007B226E616D65223A2249715F6D65617380
:1065A00075726564222C226964223A3535312C22B9
:1065B00074797065223A22666C6F6174222C2261B4
:1065C0006363657373223A2272227D2C7B226E6193
:1065D0006D65223A22706F776572222C22696422DF
:1065E0003A3535322C2274797065223A22666C6F06
:1065F0006174222C22616363657373223A227222D2
:106600007D2C7B226E616D65223A22765F63757206
:1066100072656E745F636F6E74726F6C5F696E74B7
:10662000656772616C5F64222C226964223A353599
:10663000332C2274797065223A22666C6F61742261
:106640002C22616363657373223A227277227D2C58
:106650007B226E616D65223A22765F637572726588
:106660006E745F636F6E74726F6C5F696E74656772
:1066700072616C5F71222C226964223A3535342CA8
:106680002274797065223A22666C6F6174222C2222
:10669000616363657373223A227277227D2C7B22B9
:1066A0006E616D65223A2266696E616C5F765F612C
:1066B0006C706861222C226964223A3535352C22AF
:1066C00074797065223A22666C6F6174222C2261A3
:1066D0006363657373223A2272227D2C7B226E6182
:1066E0006D65223A2266696E616C5F765F626574E1
:1066F00061222C226964223A3535362C2274797055
:1067000065223A22666C6F6174222C226163636594
:106710007373223A2272227D5D7D2C7B226E616D25
:1067200065223A226E5F6576745F63757272656E7C
:10673000745F6D6561737572656D656E74222C2270
:106740006964223A3535372C2274797065223A22F1
:1067500075696E743332222C226163636573732210
:106760003A2272227D2C7B226E616D65223A226E66
:106770005F6576745F70776D5F75706461746522B4
:106780002C226964223A3535382C227479706522BE
:106790003A2275696E743332222C22616363657309
:1067A00073223A2272227D2C7B226E616D65223A21
:1067B00022636F6E666967222C2274797065223AB3
:1067C000226F626A656374222C226D656D62657248
:1067D00073223A5B7B226E616D65223A227072658C
:1067E0005F63616C69627261746564222C22696402
:1067F000223A3535392C2274797065223A22626F3B
:106800006F6C222C22616363657373223A22727764
:10681000227D2C7B226E616D65223A22706F6C6541
:106820005F7061697273222C226964223A353630B6
:106830002C2274797065223A22696E743332222CCC
:1068400022616363657373223A227277227D2C7B07
:10685000226E616D65223A2263616C6962726174B5
:10686000696F6E5F63757272656E74222C22696443
:10687000223A3536312C2274797065223A22666CC0
:106880006F6174222C22616363657373223A2272F2
:1068900077227D2C7B226E616D65223A22726573B0
:1068A000697374616E63655F63616C69625F6D617A
:1068B000785F766F6C74616765222C226964223A76
:1068C0003536322C2274797065223A22666C6F61FB
:1068D00074222C22616363657373223A22727722D9
:1068E0007D2C7B226E616D65223A22706861736532
:1068F0005F696E64756374616E6365222C226964DE
:10690000223A3536332C2274797065223A22666C2D
:106910006F6174222C22616363657373223A227261
:1069200077227D2C7B226E616D65223A2270686130
:1069300073655F726573697374616E6365222C227F
:106940006964223A3536342C2274797065223A22F1
:10695000666C6F6174222C22616363657373223AE3
:10696000227277227D2C7B226E616D65223A227421
:106970006F727175655F636F6E7374616E74222CD4
:10698000226964223A3536352C2274797065223AB0
:1069900022666C6F6174222C2261636365737322BB
:1069A0003A227277227D2C7B226E616D65223A221B
:1069B0006D6F746F725F74797065222C2269642226
:1069C0003A3536362C2274797065223A2275696E12
:1069D0007438222C22616363657373223A227277C2
:1069E000227D2C7B226E616D65223A226375727264
:1069F000656E745F6C696D222C226964223A3536AB
:106A0000372C2274797065223A22666C6F61742289
:106A10002C22616363657373223A227277227D2C84
:106A20007B226E616D65223A2263757272656E74A7
:106A30005F6C696D5F6D617267696E222C2269649B
:106A4000223A3536382C2274797065223A22666CE7
:106A50006F6174222C22616363657373223A227220
:106A600077227D2C7B226E616D65223A22746F72D3
:106A70007175655F6C696D222C226964223A353626
:106A8000392C2274797065223A22666C6F61742207
:106A90002C22616363657373223A227277227D2C04
:106AA0007B226E616D65223A22696E76657274652D
:106AB000725F74656D705F6C696D69745F6C6F7720
:106AC0006572222C226964223A3537302C2274797F
:106AD0007065223A22666C6F6174222C22616363B6
:106AE000657373223A227277227D2C7B226E616D50
:106AF00065223A22696E7665727465725F74656D9F
:106B0000705F6C696D69745F7570706572222C229C
:106B10006964223A3537312C2274797065223A2221
:106B2000666C6F6174222C22616363657373223A11
:106B3000227277227D2C7B226E616D65223A227251
:106B400065717565737465645F63757272656E7483
:106B50005F72616E6765222C226964223A35373292
:106B60002C2274797065223A22666C6F6174222C33
:106B700022616363657373223A227277227D2C7BD4
:106B8000226E616D65223A2263757272656E745F62
:106B9000636F6E74726F6C5F62616E647769647448
:106BA00068222C226964223A3537332C227479709A
:106BB00065223A22666C6F6174222C2261636365E0
:106BC0007373223A227277227D2C7B226E616D656F
:106BD000223A226163696D5F6761696E5F6D696EFC
:106BE0005F666C7578222C226964223A3537342C22
:106BF0002274797065223A22666C6F6174222C22AD
:106C0000616363657373223A227277227D2C7B2243
:106C10006E616D65223A226163696D5F6175746FA3
:106C2000666C75785F6D696E5F4964222C226964B9
:106C3000223A3537352C2274797065223A22666CF7
:106C40006F6174222C22616363657373223A22722E
:106C500077227D2C7B226E616D65223A2261636909
:106C60006D5F6175746F666C75785F656E61626C7F
:106C700065222C226964223A3537362C22747970C9
:106C800065223A22626F6F6C222C22616363657306
:106C900073223A227277227D2C7B226E616D6522EF
:106CA0003A226163696D5F6175746F666C75785FB8
:106CB00061747461636B5F6761696E222C22696421
:106CC000223A3537372C2274797065223A22666C65
:106CD0006F6174222C22616363657373223A22729E
:106CE00077227D2C7B226E616D65223A2261636979
:106CF0006D5F6175746F666C75785F6465636179EB
:106D00005F6761696E222C226964223A3537382C1C
:106D10002274797065223A22666C6F6174222C228B
:106D2000616363657373223A227277227D2C7B2222
:106D30006E616D65223A22525F774C5F46465F6511
:106D40006E61626C65222C226964223A3537392CD7
:106D50002274797065223A22626F6F6C222C226154
:106D60006363657373223A227277227D2C7B226ED5
:106D7000616D65223A2262454D465F46465F656E0B
:106D800061626C65222C226964223A3538302C22EB
:106D900074797065223A22626F6F6C222C226163D3
:106DA00063657373223A227277227D2C7B226E6197
:106DB0006D65223A22495F6275735F686172645F34
:106DC0006D696E222C226964223A3538312C227486
:106DD000797065223A22666C6F6174222C2261639D
:106DE00063657373223A227277227D2C7B226E6157
:106DF0006D65223A22495F6275735F686172645FF4
:106E00006D6178222C226964223A3538322C227442
:106E1000797065223A22666C6F6174222C2261635C
:106E200063657373223A227277227D2C7B226E6116
:106E30006D65223A22495F6C65616B5F6D617822F6
:106E40002C226964223A3538332C227479706522F9
:106E50003A22666C6F6174222C22616363657373DE
:106E6000223A227277227D2C7B226E616D65223A56
:106E70002264635F63616C69625F746175222C22B6
:106E80006964223A3538342C2274797065223A22AA
:106E9000666C6F6174222C22616363657373223A9E
:106EA000227277227D5D7D5D7D2C7B226E616D651A
:106EB000223A22636F6E74726F6C6C6572222C22A0
:106EC00074797065223A226F626A656374222C229B
:106ED0006D656D62657273223A5B7B226E616D65D2
:106EE000223A226572726F72222C226964223A352C
:106EF00038352C2274797065223A2275696E74389F
:106F0000222C22616363657373223A227277227D99
:106F10002C7B226E616D65223A226C6173745F6511
:106F200072726F725F74696D65222C226964223AF5
:106F30003538362C2274797065223A22666C6F617E
:106F400074222C22616363657373223A2272772262
:106F50007D2C7B226E616D65223A22696E7075749C
:106F60005F706F73222C226964223A3538372C22E5
:106F700074797065223A22666C6F6174222C2261EA
:106F80006363657373223A227277227D2C7B226EB3
:106F9000616D65223A22696E7075745F76656C2248
:106FA0002C226964223A3538382C22747970652293
:106FB0003A22666C6F6174222C226163636573737D
:106FC000223A227277227D2C7B226E616D65223AF5
:106FD00022696E7075745F746F72717565222C22F0
:106FE0006964223A3538392C2274797065223A2244
:106FF000666C6F6174222C22616363657373223A3D
:10700000227277227D2C7B226E616D65223A22707E
:107010006F735F736574706F696E74222C2269647C
:10702000223A3539302C2274797065223A22666C06
:107030006F6174222C22616363657373223A22723A
:10704000227D2C7B226E616D65223A2276656C5F13
:10705000736574706F696E74222C226964223A35EC
:1070600039312C2274797065223A22666C6F617412
:10707000222C22616363657373223A2272227D2C73
:107080007B226E616D65223A22746F727175655F45
:10709000736574706F696E74222C226964223A35AC
:1070A00039322C2274797065223A22666C6F6174D1
:1070B000222C22616363657373223A2272227D2C33
:1070C0007B226E616D65223A227472616A65637417
:1070D0006F72795F646F6E65222C226964223A3583
:1070E00039332C2274797065223A22626F6F6C22D8
:1070F0002C22616363657373223A2272227D2C7B9A
:10710000226E616D65223A2276656C5F696E7465E8
:10711000677261746F725F746F72717565222C2271
:107120006964223A3539342C2274797065223A2206
:10713000666C6F6174222C22616363657373223AFB
:10714000227277227D2C7B226E616D65223A22614C
:107150006E7469636F6767696E675F76616C696497
:10716000222C226964223A3539352C2274797065D3
:10717000223A22626F6F6C222C2261636365737303
:10718000223A227277227D2C7B226E616D65223A33
:10719000226175746F74756E696E675F7068617374
:1071A00065222C226964223A3539362C2274797092
:1071B00065223A22666C6F6174222C2261636365DA
:1071C0007373223A227277227D2C7B226E616D6569
:1071D000223A22636F6E666967222C227479706589
:1071E000223A226F626A656374222C226D656D6299
:1071F000657273223A5B7B226E616D65223A22676B
:1072000061696E5F7363686564756C696E675F77EB
:1072100069647468222C226964223A3539372C2239
:1072200074797065223A22666C6F6174222C226137
:107230006363657373223A227277227D2C7B226E00
:10724000616D65223A22656E61626C655F76656C80
:107250005F6C696D6974222C226964223A35393871
:107260002C2274797065223A22626F6F6C222C2274
:10727000616363657373223A227277227D2C7B22CD
:107280006E616D65223A22656E61626C655F746F36
:10729000727175655F6D6F64655F76656C5F6C6953
:1072A0006D6974222C226964223A3539392C227492
:1072B000797065223A22626F6F6C222C22616363BF
:1072C000657373223A227277227D2C7B226E616D68
:1072D00065223A22656E61626C655F6761696E5F07
:1072E0007363686564756C696E67222C2269642219
:1072F0003A3630302C2274797065223A22626F6FF0
:107300006C222C22616363657373223A22727722A6
:107310007D2C7B226E616D65223A22656E61626C06
:10732000655F6F76657273706565645F6572726FB5
:1073300072222C226964223A3630312C2274797000
:1073400065223A22626F6F6C222C2261636365733F
:1073500073223A227277227D2C7B226E616D652228
:107360003A22636F6E74726F6C5F6D6F6465222C6E
:10737000226964223A3630322C2274797065223ABE
:107380002275696E7438222C2261636365737322DF
:107390003A227277227D2C7B226E616D65223A2221
:1073A000696E7075745F6D6F6465222C226964224A
:1073B0003A3630332C2274797065223A2275696E20
:1073C0007438222C22616363657373223A227277C8
:1073D000227D2C7B226E616D65223A22706F735F75
:1073E0006761696E222C226964223A3630342C227D
:1073F00074797065223A22666C6F6174222C226166
:107400006363657373223A227277227D2C7B226E2E
:10741000616D65223A2276656C5F6761696E222C28
:10742000226964223A3630352C2274797065223A0A
:1074300022666C6F6174222C226163636573732210
:107440003A227277227D2C7B226E616D65223A2270
:1074500076656C5F696E7465677261746F725F6781
:1074600061696E222C226964223A3630362C2274ED
:10747000797065223A22666C6F6174222C226163F6
:1074800063657373223A227277227D2C7B226E61B0
:107490006D65223A2276656C5F696E74656772610C
:1074A000746F725F6C696D6974222C226964223A70
:1074B0003630372C2274797065223A22666C6F61FF
:1074C00074222C22616363657373223A22727722DD
:1074D0007D2C7B226E616D65223A2276656C5F6C35
:1074E000696D6974222C226964223A3630382C2264
:1074F00074797065223A22666C6F6174222C226165
:107500006363657373223A227277227D2C7B226E2D
:10751000616D65223A2276656C5F6C696D69745F96
:10752000746F6C6572616E6365222C226964223A05
:107530003630392C2274797065223A22666C6F617C
:1075400074222C22616363657373223A227277225C
:107550007D2C7B226E616D65223A2276656C5F72AE
:10756000616D705F72617465222C226964223A3603
:1075700031302C2274797065223A22666C6F617406
:10758000222C22616363657373223A227277227D13
:107590002C7B226E616D65223A22746F7271756563
:1075A0005F72616D705F72617465222C2269642262
:1075B0003A3631312C2274797065223A22666C6F2A
:1075C0006174222C22616363657373223A2272779D
:1075D000227D2C7B226E616D65223A226369726383
:1075E000756C61725F736574706F696E7473222C51
:1075F000226964223A3631322C2274797065223A3B
:1076000022626F6F6C222C22616363657373223A6E
:10761000227277227D2C7B226E616D65223A226375
:10762000697263756C61725F736574706F696E7493
:107630005F72616E6765222C226964223A363133AB
:107640002C2274797065223A22666C6F6174222C48
:1076500022616363657373223A227277227D2C7BE9
:10766000226E616D65223A2273746570735F706576
:10767000725F63697263756C61725F72616E676578
:10768000222C226964223A3631342C2274797065B6
:10769000223A22696E743332222C2261636365734D
:1076A00073223A227277227D2C7B226E616D6522D5
:1076B0003A22686F6D696E675F7370656564222C2E
:1076C000226964223A3631352C2274797065223A67
:1076D00022666C6F6174222C22616363657373226E
:1076E0003A227277227D2C7B226E616D65223A22CE
:1076F000696E6572746961222C226964223A36319E
:10770000362C2274797065223A22666C6F6174227D
:107710002C22616363657373223A227277227D2C77
:107720007B226E616D65223A22617869735F746FA6
:107730005F6D6972726F72222C226964223A36314F
:10774000372C2274797065223A2275696E7438225A
:107750002C22616363657373223A227277227D2C37
:107760007B226E616D65223A226D6972726F725F63
:10777000726174696F222C226964223A3631382C86
:107780002274797065223A22666C6F6174222C2211
:10779000616363657373223A227277227D2C7B22A8
:1077A0006E616D65223A22746F727175655F6D69E5
:1077B00072726F725F726174696F222C2269642227
:1077C0003A3631392C2274797065223A22666C6F10
:1077D0006174222C22616363657373223A2272778B
:1077E000227D2C7B226E616D65223A226C6F616472
:1077F0005F656E636F6465725F61786973222C22C6
:107800006964223A3632302C2274797065223A2229
:1078100075696E7438222C22616363657373223A32
:10782000227277227D2C7B226E616D65223A22695D
:107830006E7075745F66696C7465725F62616E64A8
:107840007769647468222C226964223A3632312CBA
:107850002274797065223A22666C6F6174222C2240
:10786000616363657373223A227277227D2C7B22D7
:107870006E616D65223A22616E7469636F67676934
:107880006E67222C2274797065223A226F626A65D3
:107890006374222C226D656D62657273223A5B7B84
:1078A000226E616D65223A22696E646578222C220F
:1078B0006964223A3632322C2274797065223A2277
:1078C00075696E743332222C22616363657373228F
:1078D0003A2272227D2C7B226E616D65223A2270E3
:1078E00072655F63616C69627261746564222C22E7
:1078F0006964223A3632332C2274797065223A2236
:10790000626F6F6C222C22616363657373223A226B
:107910007277227D2C7B226E616D65223A22636133
:107920006C69625F616E7469636F6767696E672215
:107930002C226964223A3632342C22747970652202
:107940003A22626F6F6C222C22616363657373222B
:107950003A2272227D2C7B226E616D65223A22636F
:10796000616C69625F706F735F7468726573686F72
:107970006C64222C226964223A3632352C227479C6
:107980007065223A22666C6F6174222C22616363F7
:10799000657373223A227277227D2C7B226E616D91
:1079A00065223A2263616C69625F76656C5F746818
:1079B000726573686F6C64222C226964223A3632D5
:1079C000362C2274797065223A22666C6F617422BB
:1079D0002C22616363657373223A227277227D2CB5
:1079E0007B226E616D65223A22636F6767696E67FD
:1079F0005F726174696F222C226964223A363237D1
:107A00002C2274797065223A22666C6F6174222C84
:107A100022616363657373223A2272227D2C7B227A
:107A20006E616D65223A22616E7469636F67676982
:107A30006E675F656E61626C6564222C22696422E8
:107A40003A3632382C2274797065223A22626F6F8E
:107A50006C222C22616363657373223A227277224F
:107A60007D5D7D2C7B226E616D65223A226D6563A2
:107A700068616E6963616C5F706F7765725F626188
:107A80006E647769647468222C226964223A363203
:107A9000392C2274797065223A22666C6F617422E7
:107AA0002C22616363657373223A227277227D2CE4
:107AB0007B226E616D65223A22656C656374726922
:107AC00063616C5F706F7765725F62616E64776926
:107AD000647468222C226964223A3633302C227472
:107AE000797065223A22666C6F6174222C22616380
:107AF00063657373223A227277227D2C7B226E613A
:107B00006D65223A227370696E6F75745F6D65637F
:107B100068616E6963616C5F706F7765725F7468CE
:107B2000726573686F6C64222C226964223A363362
:107B3000312C2274797065223A22666C6F6174224E
:107B40002C22616363657373223A227277227D2C43
:107B50007B226E616D65223A227370696E6F757457
:107B60005F656C656374726963616C5F706F776584
:107B7000725F7468726573686F6C64222C2269642A
:107B8000223A3633322C2274797065223A22666C9E
:107B90006F6174222C22616363657373223A2272CF
:107BA00077227D5D7D2C7B226E616D65223A22619C
:107BB00075746F74756E696E67222C2274797065A6
:107BC000223A226F626A656374222C226D656D62AF
:107BD000657273223A5B7B226E616D65223A226682
:107BE00072657175656E6379222C226964223A365A
:107BF00033332C2274797065223A22666C6F61747B
:107C0000222C22616363657373223A227277227D8C
:107C10002C7B226E616D65223A22706F735F616DFD
:107C2000706C6974756465222C226964223A36335B
:107C3000342C2274797065223A22666C6F6174224A
:107C40002C22616363657373223A227277227D2C42
:107C50007B226E616D65223A2276656C5F616D7084
:107C60006C6974756465222C226964223A36333556
:107C70002C2274797065223A22666C6F6174222C12
:107C800022616363657373223A227277227D2C7BB3
:107C9000226E616D65223A22746F727175655F6143
:107CA0006D706C6974756465222C226964223A36A1
:107CB00033362C2274797065223A22666C6F6174B7
:107CC000222C22616363657373223A227277227DCC
:107CD0005D7D2C7B226E616D65223A226D65636845
:107CE000616E6963616C5F706F776572222C2269C7
:107CF00064223A3633372C2274797065223A226630
:107D00006C6F6174222C22616363657373223A2263
:107D100072227D2C7B226E616D65223A22656C6534
:107D20006374726963616C5F706F776572222C2275
:107D30006964223A3633382C2274797065223A22EB
:107D4000666C6F6174222C22616363657373223ADF
:107D50002272227D2C7B226E616D65223A226D6F2C
:107D600076655F696E6372656D656E74616C222CF9
:107D7000226964223A3633392C2274797065223AAA
:107D80002266756E6374696F6E222C22696E70753F
:107D90007473223A5B7B226E616D65223A226469BC
:107DA00073706C6163656D656E74222C2269642248
:107DB0003A3634302C2274797065223A22666C6F20
:107DC0006174222C22616363657373223A22727795
:107DD000227D2C7B226E616D65223A2266726F6D68
:107DE0005F696E7075745F706F73222C22696422F4
:107DF0003A3634312C2274797065223A22626F6FE0
:107E00006C222C22616363657373223A227277229B
:107E10007D5D2C226F757470757473223A5B5D7D85
:107E20002C7B226E616D65223A2273746172745FDD
:107E3000616E7469636F6767696E675F63616C69C0
:107E400062726174696F6E222C226964223A363440
:107E5000322C2274797065223A2266756E637469D9
:107E60006F6E222C22696E70757473223A5B5D2CE2
:107E7000226F757470757473223A5B5D7D2C7B2262
:107E80006E616D65223A2272656D6F76655F616E17
:107E90007469636F6767696E675F62696173222CDB
:107EA000226964223A3634332C2274797065223A7E
:107EB0002266756E6374696F6E222C22696E70750E
:107EC0007473223A5B5D2C226F7574707574732223
:107ED0003A5B7B226E616D65223A2276616C222CC0
:107EE000226964223A3634342C2274797065223A3D
:107EF00022666C6F6174222C226163636573732246
:107F00003A2272227D5D7D2C7B226E616D65223A64
:107F1000226765745F616E7469636F6767696E6716
:107F20005F76616C7565222C226964223A3634359D
:107F30002C2274797065223A2266756E6374696FBB
:107F40006E222C22696E70757473223A5B7B226EEE
:107F5000616D65223A22696E646578222C2269641B
:107F6000223A3634362C2274797065223A227569A9
:107F70006E743332222C22616363657373223A225A
:107F80007277227D5D2C226F757470757473223A3E
:107F90005B7B226E616D65223A2276616C222C2217
:107FA0006964223A3634372C2274797065223A2279
:107FB000666C6F6174222C22616363657373223A6D
:107FC0002272227D5D7D5D7D2C7B226E616D65223E
:107FD0003A22656E636F646572222C227479706533
:107FE000223A226F626A656374222C226D656D628B
:107FF000657273223A5B7B226E616D65223A22655F
:1080000072726F72222C226964223A3634382C2222
:1080100074797065223A2275696E743136222C2289
:10802000616363657373223A227277227D2C7B220F
:108030006E616D65223A2269735F726561647922AF
:108040002C226964223A3634392C227479706522E4
:108050003A22626F6F6C222C226163636573732214
:108060003A2272227D2C7B226E616D65223A226952
:108070006E6465785F666F756E64222C2269642277
:108080003A3635302C2274797065223A22626F6F4D
:108090006C222C22616363657373223A2272227D03
:1080A0002C7B226E616D65223A22736861646F7762
:1080B0005F636F756E74222C226964223A36353103
:1080C0002C2274797065223A22696E743332222C24
:1080D00022616363657373223A2272227D2C7B22B4
:1080E0006E616D65223A22636F756E745F696E5FB3
:1080F000637072222C226964223A3635322C227443
:10810000797065223A22696E743332222C226163BF
:1081100063657373223A2272227D2C7B226E616D1D
:1081200065223A22696E746572706F6C6174696F52
:108130006E222C226964223A3635332C22747970EF
:1081400065223A22666C6F6174222C22616363653A
:108150007373223A2272227D2C7B226E616D65221E
:108160003A227068617365222C226964223A36359E
:10817000342C2274797065223A22666C6F61742205
:108180002C22616363657373223A2272227D2C7BF9
:10819000226E616D65223A22706F735F6573746938
:1081A0006D617465222C226964223A3635352C22A1
:1081B00074797065223A22666C6F6174222C226198
:1081C0006363657373223A2272227D2C7B226E6177
:1081D0006D65223A22706F735F657374696D6174A7
:1081E000655F636F756E7473222C226964223A3660
:1081F00035362C2274797065223A22666C6F617470
:10820000222C22616363657373223A2272227D2CD1
:108210007B226E616D65223A22706F735F636972B3
:1082200063756C6172222C226964223A3635372CD0
:108230002274797065223A22666C6F6174222C2256
:10824000616363657373223A2272227D2C7B226EF6
:10825000616D65223A22706F735F6370725F636F46
:10826000756E7473222C226964223A3635382C22BA
:1082700074797065223A22666C6F6174222C2261D7
:108280006363657373223A2272227D2C7B226E61B6
:108290006D65223A2264656C74615F706F735F6311
:1082A00070725F636F756E7473222C226964223A58
:1082B0003635392C2274797065223A22666C6F61EA
:1082C00074222C22616363657373223A2272227DC9
:1082D0002C7B226E616D65223A2268616C6C5F7343
:1082E00074617465222C226964223A3636302C225D
:1082F00074797065223A2275696E7438222C226175
:108300006363657373223A2272227D2C7B226E6135
:108310006D65223A2276656C5F657374696D617470
:1083200065222C226964223A3636312C2274797007
:1083300065223A22666C6F6174222C226163636548
:108340007373223A2272227D2C7B226E616D65222C
:108350003A2276656C5F657374696D6174655F63FD
:108360006F756E7473222C226964223A3636322C71
:108370002274797065223A22666C6F6174222C2215
:10838000616363657373223A2272227D2C7B226EB5
:10839000616D65223A2263616C69625F7363616E2D
:1083A0005F726573706F6E7365222C226964223A66
:1083B0003636332C2274797065223A22666C6F61EE
:1083C00074222C22616363657373223A2272227DC8
:1083D0002C7B226E616D65223A22706F735F616241
:1083E00073222C226964223A3636342C2274797036
:1083F00065223A22696E743332222C2261636365EE
:108400007373223A227277227D2C7B226E616D6516
:10841000223A227370695F6572726F725F72617463
:1084200065222C226964223A3636352C2274797002
:1084300065223A22666C6F6174222C226163636547
:108440007373223A2272227D2C7B226E616D65222B
:108450003A22636F6E666967222C227479706522F6
:108460003A226F626A656374222C226D656D6265C3
:108470007273223A5B7B226E616D65223A226D6FC8
:108480006465222C226964223A3636362C227479AD
:108490007065223A2275696E743136222C2261632E
:1084A00063657373223A227277227D2C7B226E6180
:1084B0006D65223A227573655F696E646578222C5A
:1084C000226964223A3636372C2274797065223A52
:1084D00022626F6F6C222C22616363657373223A90
:1084E000227277227D2C7B226E616D65223A226991
:1084F0006E6465785F6F6666736574222C226964AA
:10850000223A3636382C2274797065223A22666C0B
:108510006F6174222C22616363657373223A227245
:1085200077227D2C7B226E616D65223A2275736500
:108530005F696E6465785F6F6666736574222C226E
:108540006964223A3636392C2274797065223A22CF
:10855000626F6F6C222C22616363657373223A220F
:108560007277227D2C7B226E616D65223A226669CC
:108570006E645F6964785F6F6E5F6C6F636B696E6A
:108580005F6F6E6C79222C226964223A3637302C68
:108590002274797065223A22626F6F6C222C2261FC
:1085A0006363657373223A227277227D2C7B226E7D
:1085B000616D65223A226162735F7370695F6373F4
:1085C0005F6770696F5F70696E222C226964223A5E
:1085D0003637312C2274797065223A2275696E74AF
:1085E0003136222C22616363657373223A227277DB
:1085F000227D2C7B226E616D65223A22637072228D
:108600002C226964223A3637322C22747970652222
:108610003A22696E743332222C226163636573736C
:10862000223A227277227D2C7B226E616D65223A7E
:108630002270686173655F6F6666736574222C22B1
:108640006964223A3637332C2274797065223A22D3
:10865000696E743332222C22616363657373223A2C
:10866000227277227D2C7B226E616D65223A227008
:10867000686173655F6F66667365745F666C6F6172
:1086800074222C226964223A3637342C2274797091
:1086900065223A22666C6F6174222C2261636365E5
:1086A0007373223A227277227D2C7B226E616D6574
:1086B000223A22646972656374696F6E222C2269A2
:1086C00064223A3637352C2274797065223A226951
:1086D0006E743332222C22616363657373223A22F3
:1086E0007277227D2C7B226E616D65223A22707238
:1086F000655F63616C69627261746564222C2269D2
:1087000064223A3637362C2274797065223A226216
:108710006F6F6C222C22616363657373223A22723D
:1087200077227D2C7B226E616D65223A22656E6117
:10873000626C655F70686173655F696E74657270A5
:108740006F6C6174696F6E222C226964223A36372D
:10875000372C2274797065223A22626F6F6C222C5A
:1087600022616363657373223A227277227D2C7BC8
:10877000226E616D65223A2262616E64776964746B
:1087800068222C226964223A3637382C2274797098
:1087900065223A22666C6F6174222C2261636365E4
:1087A0007373223A227277227D2C7B226E616D6573
:1087B000223A2263616C69625F72616E6765222C86
:1087C000226964223A3637392C2274797065223A4C
:1087D00022666C6F6174222C22616363657373225D
:1087E0003A227277227D2C7B226E616D65223A22BD
:1087F00063616C69625F7363616E5F646973746106
:108800006E6365222C226964223A3638302C227439
:10881000797065223A22666C6F6174222C22616342
:1088200063657373223A227277227D2C7B226E61FC
:108830006D65223A2263616C69625F7363616E5F8A
:108840006F6D656761222C226964223A3638312CBB
:108850002274797065223A22666C6F6174222C2230
:10886000616363657373223A227277227D2C7B22C7
:108870006E616D65223A2269676E6F72655F696C21
:108880006C6567616C5F68616C6C5F737461746563
:10889000222C226964223A3638322C22747970658F
:1088A000223A22626F6F6C222C22616363657373BC
:1088B000223A227277227D2C7B226E616D65223AEC
:1088C0002268616C6C5F706F6C6172697479222CC4
:1088D000226964223A3638332C2274797065223A40
:1088E0002275696E7438222C22616363657373226A
:1088F0003A227277227D2C7B226E616D65223A22AC
:1089000068616C6C5F706F6C61726974795F6361D0
:108910006C69627261746564222C226964223A3641
:1089200038342C2274797065223A22626F6F6C227F
:108930002C22616363657373223A227277227D2C45
:108940007B226E616D65223A2273696E636F735F7D
:108950006770696F5F70696E5F73696E222C226940
:1089600064223A3638352C2274797065223A2275A1
:10897000696E743136222C22616363657373223A07
:10898000227277227D2C7B226E616D65223A2273E2
:10899000696E636F735F6770696F5F70696E5F6345
:1089A0006F73222C226964223A3638362C2274796D
:1089B0007065223A2275696E743136222C22616309
:1089C00063657373223A227277227D5D7D2C7B2250
:1089D0006E616D65223A227365745F6C696E6561C4
:1089E000725F636F756E74222C226964223A363886
:1089F000372C2274797065223A2266756E63746929
:108A00006F6E222C22696E70757473223A5B7B2222
:108A10006E616D65223A22636F756E74222C226935
:108A200064223A3638382C2274797065223A2269E9
:108A30006E743332222C22616363657373223A228F
:108A40007277227D5D2C226F757470757473223A73
:108A50005B5D7D5D7D2C7B226E616D65223A2261BE
:108A600063696D5F657374696D61746F72222C2226
:108A700074797065223A226F626A656374222C22CF
:108A80006D656D62657273223A5B7B226E616D6506
:108A9000223A22726F746F725F666C7578222C2294
:108AA0006964223A3638392C2274797065223A2268
:108AB000666C6F6174222C22616363657373223A62
:108AC0002272227D2C7B226E616D65223A22736CAC
:108AD00069705F76656C222C226964223A363930DF
:108AE0002C2274797065223A22666C6F6174222C94
:108AF00022616363657373223A2272227D2C7B228A
:108B00006E616D65223A2270686173655F6F66669B
:108B1000736574222C226964223A3639312C22740E
:108B2000797065223A22666C6F6174222C2261632F
:108B300063657373223A2272227D2C7B226E616DF3
:108B400065223A22737461746F725F706861736535
:108B50005F76656C222C226964223A3639322C22E7
:108B600074797065223A22666C6F6174222C2261DE
:108B70006363657373223A2272227D2C7B226E61BD
:108B80006D65223A22737461746F725F70686173ED
:108B900065222C226964223A3639332C227479708A
:108BA00065223A22666C6F6174222C2261636365D0
:108BB0007373223A2272227D2C7B226E616D6522B4
:108BC0003A22636F6E666967222C2274797065227F
:108BD0003A226F626A656374222C226D656D62654C
:108BE0007273223A5B7B226E616D65223A22736C4E
:108BF00069705F76656C6F63697479222C22696491
:108C0000223A3639342C2274797065223A22666C05
:108C10006F6174222C22616363657373223A22723E
:108C200077227D5D7D5D7D2C7B226E616D65223AB4
:108C30002273656E736F726C6573735F65737469AD
:108C40006D61746F72222C2274797065223A226FE2
:108C5000626A656374222C226D656D62657273228F
:108C60003A5B7B226E616D65223A226572726F7289
:108C7000222C226964223A3639352C2274797065A7
:108C8000223A2275696E7438222C226163636573FF
:108C900073223A227277227D2C7B226E616D6522CF
:108CA0003A227068617365222C226964223A36394F
:108CB000362C2274797065223A22666C6F617422B8
:108CC0002C22616363657373223A2272227D2C7BAE
:108CD000226E616D65223A22706C6C5F706F732238
:108CE0002C226964223A3639372C22747970652235
:108CF0003A22666C6F6174222C2261636365737320
:108D0000223A2272227D2C7B226E616D65223A22EC
:108D100070686173655F76656C222C226964223A03
:108D20003639382C2274797065223A22666C6F616C
:108D300074222C22616363657373223A2272227D4E
:108D40002C7B226E616D65223A2276656C5F6573BD
:108D500074696D617465222C226964223A3639394E
:108D60002C2274797065223A22666C6F6174222C11
:108D700022616363657373223A2272227D2C7B2207
:108D80006E616D65223A22636F6E666967222C22DE
:108D900074797065223A226F626A656374222C22AC
:108DA0006D656D62657273223A5B7B226E616D65E3
:108DB000223A226F627365727665725F6761696ECF
:108DC000222C226964223A3730302C227479706563
:108DD000223A22666C6F6174222C22616363657390
:108DE00073223A227277227D2C7B226E616D65227E
:108DF0003A22706C6C5F62616E6477696474682299
:108E00002C226964223A3730312C22747970652221
:108E10003A22666C6F6174222C22616363657373FE
:108E2000223A227277227D2C7B226E616D65223A76
:108E300022706D5F666C75785F6C696E6B616765DB
:108E4000222C226964223A3730322C2274797065E0
:108E5000223A22666C6F6174222C2261636365730F
:108E600073223A227277227D5D7D5D7D2C7B226E9E
:108E7000616D65223A22747261705F7472616A2258
:108E80002C2274797065223A226F626A65637422BB
:108E90002C226D656D62657273223A5B7B226E6176
:108EA0006D65223A22636F6E666967222C2274799F
:108EB0007065223A226F626A656374222C226D65A6
:108EC0006D62657273223A5B7B226E616D65223A38
:108ED0002276656C5F6C696D6974222C226964224C
:108EE0003A3730332C2274797065223A22666C6FDF
:108EF0006174222C22616363657373223A22727754
:108F0000227D2C7B226E616D65223A22616363654E
:108F10006C5F6C696D6974222C226964223A373067
:108F2000342C2274797065223A22666C6F61742247
:108F30002C22616363657373223A227277227D2C3F
:108F40007B226E616D65223A22646563656C5F6C9D
:108F5000696D6974222C226964223A3730352C22DB
:108F600074797065223A22666C6F6174222C2261DA
:108F70006363657373223A227277227D5D7D5D7D26
:108F80002C7B226E616D65223A226D696E5F656E83
:108F90006473746F70222C2274797065223A226F88
:108FA000626A656374222C226D656D62657273223C
:108FB0003A5B7B226E616D65223A22656E64737442
:108FC0006F705F7374617465222C226964223A3772
:108FD00030362C2274797065223A22626F6F6C22CF
:108FE0002C22616363657373223A2272227D2C7B8B
:108FF000226E616D65223A22636F6E666967222C6C
:109000002274797065223A226F626A656374222C39
:10901000226D656D62657273223A5B7B226E616DB3
:1090200065223A226770696F5F6E756D222C226926
:1090300064223A3730372C2274797065223A2275CF
:10904000696E743136222C22616363657373223A30
:10905000227277227D2C7B226E616D65223A226519
:109060006E61626C6564222C226964223A37303862
:109070002C2274797065223A22626F6F6C222C2246
:10908000616363657373223A227277227D2C7B229F
:109090006E616D65223A226F6666736574222C22BA
:1090A0006964223A3730392C2274797065223A2269
:1090B000666C6F6174222C22616363657373223A5C
:1090C000227277227D2C7B226E616D65223A2269A5
:1090D000735F6163746976655F68696768222C22D3
:1090E0006964223A3731302C2274797065223A2231
:1090F000626F6F6C222C22616363657373223A2264
:109100007277227D2C7B226E616D65223A22646526
:10911000626F756E63655F6D73222C226964223AFB
:109120003731312C2274797065223A2275696E7458
:109130003332222C22616363657373223A22727781
:10914000227D5D7D5D7D2C7B226E616D65223A22E4
:109150006D61785F656E6473746F70222C22747910
:109160007065223A226F626A656374222C226D65F3
:109170006D62657273223A5B7B226E616D65223A85
:1091800022656E6473746F705F7374617465222CF2
:10919000226964223A3731322C2274797065223A7E
:1091A00022626F6F6C222C22616363657373223AB3
:1091B0002272227D2C7B226E616D65223A22636FC2
:1091C0006E666967222C2274797065223A226F627A
:1091D0006A656374222C226D656D62657273223A32
:1091E0005B7B226E616D65223A226770696F5F6EEC
:1091F000756D222C226964223A3731332C2274791E
:109200007065223A2275696E743136222C226163B0
:1092100063657373223A227277227D2C7B226E6102
:109220006D65223A22656E61626C6564222C22694A
:1092300064223A3731342C2274797065223A2262E2
:109240006F6F6C222C22616363657373223A227202
:1092500077227D2C7B226E616D65223A226F6666D5
:10926000736574222C226964223A3731352C2274BA
:10927000797065223A22666C6F6174222C226163D8
:1092800063657373223A227277227D2C7B226E6192
:109290006D65223A2269735F6163746976655F6800
:1092A000696768222C226964223A3731362C22748D
:1092B000797065223A22626F6F6C222C226163639F
:1092C000657373223A227277227D2C7B226E616D48
:1092D00065223A226465626F756E63655F6D732205
:1092E0002C226964223A3731372C22747970652236
:1092F0003A2275696E743332222C2261636365737E
:1093000073223A227277227D5D7D5D7D2C7B226EF9
:10931000616D65223A226D656368616E6963616C97
:109320005F6272616B65222C2274797065223A2229
:109330006F626A656374222C226D656D626572735B
:10934000223A5B7B226E616D65223A22636F6E6604
:109350006967222C2274797065223A226F626A65ED
:109360006374222C226D656D62657273223A5B7B99
:10937000226E616D65223A226770696F5F6E756D4E
:10938000222C226964223A3731382C227479706594
:10939000223A2275696E743136222C22616363652C
:1093A0007373223A227277227D2C7B226E616D6567
:1093B000223A2269735F6163746976655F6C6F77C7
:1093C000222C226964223A3731392C227479706553
:1093D000223A22626F6F6C222C2261636365737381
:1093E000223A227277227D5D7D2C7B226E616D6533
:1093F000223A22656E67616765222C226964223AEF
:109400003732302C2274797065223A2266756E6389
:1094100074696F6E222C22696E70757473223A5BC8
:109420005D2C226F757470757473223A5B5D7D2CB0
:109430007B226E616D65223A2272656C656173658F
:10944000222C226964223A3732312C2274797065D9
:10945000223A2266756E6374696F6E222C22696EE1
:1094600070757473223A5B5D2C226F75747075741D
:1094700073223A5B5D7D5D7D2C7B226E616D652282
:109480003A227461736B5F74696D6573222C227468
:10949000797065223A226F626A656374222C226DAC
:1094A000656D62657273223A5B7B226E616D652227
:1094B0003A22746865726D6973746F725F75706457
:1094C000617465222C2274797065223A226F626A77
:1094D000656374222C226D656D62657273223A5B3E
:1094E0007B226E616D65223A2273746172745F74BF
:1094F000696D65222C226964223A3732322C22743B
:10950000797065223A2275696E743332222C226199
:109510006363657373223A2272227D2C7B226E6113
:109520006D65223A22656E645F74696D65222C2236
:109530006964223A3732332C2274797065223A22D8
:1095400075696E743332222C2261636365737322F2
:109550003A2272227D2C7B226E616D65223A226C4A
:10956000656E677468222C226964223A3732342C83
:109570002274797065223A2275696E743332222C16
:1095800022616363657373223A2272227D2C7B22EF
:109590006E616D65223A226D61785F6C656E6774ED
:1095A00068222C226964223A3732352C2274797071
:1095B00065223A2275696E743332222C226163630C
:1095C000657373223A227277227D5D7D2C7B226E39
:1095D000616D65223A22656E636F6465725F7570B6
:1095E00064617465222C2274797065223A226F625C
:1095F0006A656374222C226D656D62657273223A0E
:109600005B7B226E616D65223A2273746172745FB6
:1096100074696D65222C226964223A3732362C2215
:1096200074797065223A2275696E743332222C2265
:10963000616363657373223A2272227D2C7B226EF2
:10964000616D65223A22656E645F74696D65222CD6
:10965000226964223A3732372C2274797065223AB3
:109660002275696E743332222C22616363657373D1
:10967000223A2272227D2C7B226E616D65223A2273
:109680006C656E677468222C226964223A3732381E
:109690002C2274797065223A2275696E74333222F5
:1096A0002C22616363657373223A2272227D2C7BC4
:1096B000226E616D65223A226D61785F6C656E671E
:1096C0007468222C226964223A3732392C22747948
:1096D0007065223A2275696E743332222C226163DE
:1096E00063657373223A227277227D5D7D2C7B2223
:1096F0006E616D65223A2273656E736F726C65736D
:10970000735F657374696D61746F725F75706461A6
:109710007465222C2274797065223A226F626A6520
:109720006374222C226D656D62657273223A5B7BD5
:10973000226E616D65223A2273746172745F74697E
:109740006D65222C226964223A3733302C227479D9
:109750007065223A2275696E743332222C2261635D
:1097600063657373223A2272227D2C7B226E616DB7
:1097700065223A22656E645F74696D65222C2269E8
:1097800064223A3733312C2274797065223A22757B
:10979000696E743332222C22616363657373223ADB
:1097A0002272227D2C7B226E616D65223A226C65CD
:1097B0006E677468222C226964223A3733322C2275
:1097C00074797065223A2275696E743332222C22C4
:1097D000616363657373223A2272227D2C7B226E51
:1097E000616D65223A226D61785F6C656E677468A1
:1097F000222C226964223A3733332C227479706523
:10980000223A2275696E743332222C2261636365B9
:109810007373223A227277227D5D7D2C7B226E61EA
:109820006D65223A22656E6473746F705F75706443
:10983000617465222C2274797065223A226F626A03
:10984000656374222C226D656D62657273223A5BCA
:109850007B226E616D65223A2273746172745F744B
:10986000696D65222C226964223A3733342C2274C4
:10987000797065223A2275696E743332222C226126
:109880006363657373223A2272227D2C7B226E61A0
:109890006D65223A22656E645F74696D65222C22C3
:1098A0006964223A3733352C2274797065223A2262
:1098B00075696E743332222C22616363657373227F
:1098C0003A2272227D2C7B226E616D65223A226CD7
:1098D000656E677468222C226964223A3733362C0D
:1098E0002274797065223A2275696E743332222CA3
:1098F00022616363657373223A2272227D2C7B227C
:109900006E616D65223A226D61785F6C656E677479
:1099100068222C226964223A3733372C22747970FA
:1099200065223A2275696E743332222C2261636398
:10993000657373223A227277227D5D7D2C7B226EC5
:10994000616D65223A2263616E5F6865617274625F
:10995000656174222C2274797065223A226F626AE2
:10996000656374222C226D656D62657273223A5BA9
:109970007B226E616D65223A2273746172745F742A
:10998000696D65222C226964223A3733382C22749F
:10999000797065223A2275696E743332222C226105
:1099A0006363657373223A2272227D2C7B226E617F
:1099B0006D65223A22656E645F74696D65222C22A2
:1099C0006964223A3733392C2274797065223A223D
:1099D00075696E743332222C22616363657373225E
:1099E0003A2272227D2C7B226E616D65223A226CB6
:1099F000656E677468222C226964223A3734302CF1
:109A00002274797065223A2275696E743332222C81
:109A100022616363657373223A2272227D2C7B225A
:109A20006E616D65223A226D61785F6C656E677458
:109A300068222C226964223A3734312C22747970DE
:109A400065223A2275696E743332222C2261636377
:109A5000657373223A227277227D5D7D2C7B226EA4
:109A6000616D65223A22636F6E74726F6C6C657201
:109A70005F757064617465222C2274797065223A76
:109A8000226F626A656374222C226D656D62657255
:109A900073223A5B7B226E616D65223A2273746198
:109AA00072745F74696D65222C226964223A3734BE
:109AB000322C2274797065223A2275696E743332C1
:109AC000222C22616363657373223A2272227D2CF9
:109AD0007B226E616D65223A22656E645F74696DEA
:109AE00065222C226964223A3734332C227479702F
:109AF00065223A2275696E743332222C22616363C7
:109B0000657373223A2272227D2C7B226E616D6511
:109B1000223A226C656E677468222C226964223AAC
:109B20003734342C2274797065223A2275696E7448
:109B30003332222C22616363657373223A227222CC
:109B40007D2C7B226E616D65223A226D61785F6C9F
:109B5000656E677468222C226964223A3734352C8A
:109B60002274797065223A2275696E743332222C20
:109B700022616363657373223A227277227D5D7D71
:109B80002C7B226E616D65223A226F70656E5F6C70
:109B90006F6F705F636F6E74726F6C6C65725F7500
:109BA0007064617465222C2274797065223A226F88
:109BB000626A656374222C226D656D626572732220
:109BC0003A5B7B226E616D65223A22737461727416
:109BD0005F74696D65222C226964223A3734362C11
:109BE0002274797065223A2275696E743332222CA0
:109BF00022616363657373223A2272227D2C7B2279
:109C00006E616D65223A22656E645F74696D6522CE
:109C10002C226964223A3734372C227479706522F9
:109C20003A2275696E743332222C22616363657344
:109C300073223A2272227D2C7B226E616D65223A5C
:109C4000226C656E677468222C226964223A37346C
:109C5000382C2274797065223A2275696E74333219
:109C6000222C22616363657373223A2272227D2C57
:109C70007B226E616D65223A226D61785F6C656E44
:109C8000677468222C226964223A3734392C227492
:109C9000797065223A2275696E743332222C226102
:109CA0006363657373223A227277227D5D7D2C7B1C
:109CB000226E616D65223A226163696D5F6573741E
:109CC000696D61746F725F757064617465222C22B6
:109CD00074797065223A226F626A656374222C225D
:109CE0006D656D62657273223A5B7B226E616D6594
:109CF000223A2273746172745F74696D65222C223A
:109D00006964223A3735302C2274797065223A2200
:109D100075696E743332222C22616363657373221A
:109D20003A2272227D2C7B226E616D65223A226579
:109D30006E645F74696D65222C226964223A37353E
:109D4000312C2274797065223A2275696E7433322F
:109D5000222C22616363657373223A2272227D2C66
:109D60007B226E616D65223A226C656E6774682293
:109D70002C226964223A3735322C2274797065229C
:109D80003A2275696E743332222C226163636573E3
:109D900073223A2272227D2C7B226E616D65223AFB
:109DA000226D61785F6C656E677468222C2269642D
:109DB000223A3735332C2274797065223A2275693C
:109DC0006E743332222C22616363657373223A22EC
:109DD0007277227D5D7D2C7B226E616D65223A2239
:109DE0006D6F746F725F757064617465222C22747C
:109DF000797065223A226F626A656374222C226D43
:109E0000656D62657273223A5B7B226E616D6522BD
:109E10003A2273746172745F74696D65222C2269D1
:109E200064223A3735342C2274797065223A2275CF
:109E3000696E743332222C22616363657373223A34
:109E40002272227D2C7B226E616D65223A22656E24
:109E5000645F74696D65222C226964223A37353556
:109E60002C2274797065223A2275696E743332221D
:109E70002C22616363657373223A2272227D2C7BEC
:109E8000226E616D65223A226C656E677468222CC1
:109E9000226964223A3735362C2274797065223A69
:109EA0002275696E743332222C2261636365737389
:109EB000223A2272227D2C7B226E616D65223A222B
:109EC0006D61785F6C656E677468222C226964220C
:109ED0003A3735372C2274797065223A2275696ECB
:109EE000743332222C22616363657373223A2272C7
:109EF00077227D5D7D2C7B226E616D65223A226327
:109F0000757272656E745F636F6E74726F6C6C6580
:109F1000725F757064617465222C22747970652299
:109F20003A226F626A656374222C226D656D6265E8
:109F30007273223A5B7B226E616D65223A227374E2
:109F40006172745F74696D65222C226964223A37EC
:109F500035382C2274797065223A2275696E743313
:109F600032222C22616363657373223A2272227D4E
:109F70002C7B226E616D65223A22656E645F746986
:109F80006D65222C226964223A3735392C22747986
:109F90007065223A2275696E743332222C22616315
:109FA00063657373223A2272227D2C7B226E616D6F
:109FB00065223A226C656E677468222C22696422DD
:109FC0003A3736302C2274797065223A2275696EE0
:109FD000743332222C22616363657373223A2272D6
:109FE000227D2C7B226E616D65223A226D61785F45
:109FF0006C656E677468222C226964223A373631A8
:10A000002C2274797065223A2275696E743332227B
:10A010002C22616363657373223A227277227D5D1D
:10A020007D2C7B226E616D65223A2264635F6361E1
:10A030006C6962222C2274797065223A226F626AFE
:10A04000656374222C226D656D62657273223A5BC2
:10A050007B226E616D65223A2273746172745F7443
:10A06000696D65222C226964223A3736322C2274BB
:10A07000797065223A2275696E743332222C22611E
:10A080006363657373223A2272227D2C7B226E6198
:10A090006D65223A22656E645F74696D65222C22BB
:10A0A0006964223A3736332C2274797065223A2259
:10A0B00075696E743332222C226163636573732277
:10A0C0003A2272227D2C7B226E616D65223A226CCF
:10A0D000656E677468222C226964223A3736342C04
:10A0E0002274797065223A2275696E743332222C9B
:10A0F00022616363657373223A2272227D2C7B2274
:10A100006E616D65223A226D61785F6C656E677471
:10A1100068222C226964223A3736352C22747970F1
:10A1200065223A2275696E743332222C2261636390
:10A13000657373223A227277227D5D7D2C7B226EBD
:10A14000616D65223A2263757272656E745F736524
:10A150006E7365222C2274797065223A226F626ACE
:10A16000656374222C226D656D62657273223A5BA1
:10A170007B226E616D65223A2273746172745F7422
:10A18000696D65222C226964223A3736362C227496
:10A19000797065223A2275696E743332222C2261FD
:10A1A0006363657373223A2272227D2C7B226E6177
:10A1B0006D65223A22656E645F74696D65222C229A
:10A1C0006964223A3736372C2274797065223A2234
:10A1D00075696E743332222C226163636573732256
:10A1E0003A2272227D2C7B226E616D65223A226CAE
:10A1F000656E677468222C226964223A3736382CDF
:10A200002274797065223A2275696E743332222C79
:10A2100022616363657373223A2272227D2C7B2252
:10A220006E616D65223A226D61785F6C656E677450
:10A2300068222C226964223A3736392C22747970CC
:10A2400065223A2275696E743332222C226163636F
:10A25000657373223A227277227D5D7D2C7B226E9C
:10A26000616D65223A2270776D5F75706461746507
:10A27000222C2274797065223A226F626A656374B7
:10A28000222C226D656D62657273223A5B7B226EB1
:10A29000616D65223A2273746172745F74696D65D1
:10A2A000222C226964223A3737302C227479706567
:10A2B000223A2275696E743332222C2261636365FF
:10A2C0007373223A2272227D2C7B226E616D65228D
:10A2D0003A22656E645F74696D65222C226964227E
:10A2E0003A3737312C2274797065223A2275696EBB
:10A2F000743332222C22616363657373223A2272B3
:10A30000227D2C7B226E616D65223A226C656E6720
:10A310007468222C226964223A3737322C227479ED
:10A320007065223A2275696E743332222C22616381
:10A3300063657373223A2272227D2C7B226E616DDB
:10A3400065223A226D61785F6C656E677468222CB5
:10A35000226964223A3737332C2274797065223AA5
:10A360002275696E743332222C22616363657373C4
:10A37000223A227277227D5D7D5D7D2C7B226E618B
:10A380006D65223A227761746368646F675F666502
:10A390006564222C226964223A3737342C2274797E
:10A3A0007065223A2266756E6374696F6E222C2284
:10A3B000696E70757473223A5B5D2C226F757470D0
:10A3C000757473223A5B5D7D5D7D2C7B226E616DC1
:10A3D00065223A22746573745F66756E6374696F83
:10A3E0006E222C226964223A3737352C2274797018
:10A3F00065223A2266756E6374696F6E222C22693B
:10A400006E70757473223A5B7B226E616D65223AC1
:10A410002264656C7461222C226964223A373736D3
:10A420002C2274797065223A22696E743332222CA0
:10A4300022616363657373223A227277227D5D2CF9
:10A44000226F757470757473223A5B7B226E616D36
:10A4500065223A22636E74222C226964223A3737CD
:10A46000372C2274797065223A22696E7433322255
:10A470002C22616363657373223A2272227D5D7DB3
:10A480002C7B226E616D65223A226765745F616480
:10A49000635F766F6C74616765222C226964223A6F
:10A4A0003737382C2274797065223A2266756E63CC
:10A4B00074696F6E222C22696E70757473223A5B18
:10A4C0007B226E616D65223A226770696F222C22B1
:10A4D0006964223A3737392C2274797065223A221E
:10A4E00075696E743332222C226163636573732243
:10A4F0003A227277227D5D2C226F757470757473A9
:10A50000223A5B7B226E616D65223A22766F6C7413
:10A51000616765222C226964223A3738302C227414
:10A52000797065223A22666C6F6174222C22616315
:10A5300063657373223A2272227D5D7D2C7B226ECD
:10A54000616D65223A22736176655F636F6E66693D
:10A550006775726174696F6E222C226964223A37C2
:10A5600038312C2274797065223A2266756E6374D4
:10A57000696F6E222C22696E70757473223A5B5D6E
:10A580002C226F757470757473223A5B7B226E6136
:10A590006D65223A2273756363657373222C226999
:10A5A00064223A3738322C2274797065223A22625A
:10A5B0006F6F6C222C22616363657373223A22727F
:10A5C000227D5D7D2C7B226E616D65223A22657253
:10A5D0006173655F636F6E66696775726174696FD9
:10A5E0006E222C226964223A3738332C2274797017
:10A5F00065223A2266756E6374696F6E222C226939
:10A600006E70757473223A5B5D2C226F7574707571
:10A610007473223A5B5D7D2C7B226E616D65223AFC
:10A62000227265626F6F74222C226964223A373875
:10A63000342C2274797065223A2266756E637469CF
:10A640006F6E222C22696E70757473223A5B5D2CDA
:10A65000226F757470757473223A5B5D7D2C7B225A
:10A660006E616D65223A22656E7465725F6466750F
:10A670005F6D6F6465222C226964223A3738352C6D
:10A680002274797065223A2266756E6374696F6E02
:10A69000222C22696E70757473223A5B5D2C226FD6
:10A6A000757470757473223A5B5D7D2C7B226E61CC
:10A6B0006D65223A226765745F696E7465727275A2
:10A6C00070745F737461747573222C226964223A0A
:10A6D0003738362C2274797065223A2266756E639B
:10A6E00074696F6E222C22696E70757473223A5BE6
:10A6F0007B226E616D65223A226972716E222C2274
:10A700006964223A3738372C2274797065223A22EC
:10A71000696E743332222C22616363657373223A4B
:10A72000227277227D5D2C226F757470757473228E
:10A730003A5B7B226E616D65223A22737461747597
:10A7400073222C226964223A3738382C22747970AB
:10A7500065223A2275696E743332222C226163635A
:10A76000657373223A2272227D5D7D2C7B226E619D
:10A770006D65223A226765745F646D615F73746111
:10A78000747573222C226964223A3738392C22746A
:10A79000797065223A2266756E6374696F6E222C39
:10A7A00022696E70757473223A5B7B226E616D65EF
:10A7B000223A2273747265616D5F6E756D222C2270
:10A7C0006964223A3739302C2274797065223A2232
:10A7D00075696E7438222C22616363657373223A43
:10A7E000227277227D5D2C226F75747075747322CE
:10A7F0003A5B7B226E616D65223A227374617475D7
:10A8000073222C226964223A3739312C22747970F0
:10A8100065223A2275696E743332222C2261636399
:10A82000657373223A2272227D5D7D2C7B226E61DC
:10A830006D65223A226765745F6770696F5F737434
:10A8400061746573222C226964223A3739322C22D2
:10A8500074797065223A2266756E6374696F6E2230
:10A860002C22696E70757473223A5B5D2C226F75B1
:10A870007470757473223A5B7B226E616D65223A47
:10A8800022737461747573222C226964223A3739F9
:10A89000332C2274797065223A2275696E743332D2
:10A8A000222C22616363657373223A2272227D5DDA
:10A8B0007D2C7B226E616D65223A226765745F6430
:10A8C00072765F6661756C74222C226964223A3755
:10A8D00039342C2274797065223A2266756E63745D
:10A8E000696F6E222C22696E70757473223A5B5DFB
:10A8F0002C226F757470757473223A5B7B226E61C3
:10A900006D65223A226472765F6661756C74222CE2
:10A91000226964223A3739352C2274797065223ADB
:10A920002275696E743634222C22616363657373F9
:10A93000223A2272227D5D7D2C7B226E616D652222
:10A940003A22636C6561725F6572726F7273222C5A
:10A95000226964223A3739362C2274797065223A9A
:10A960002266756E6374696F6E222C22696E707533
:10A970007473223A5B5D2C226F7574707574732248
:10A980003A5B5D7D5D000000589F0308ECEC002001
:10A990006C9F0308ECEC00207C9F0308ECEC00208B
:10A9A000989F0308ECEC0020A89F0308ECEC002023
:10A9B00004A00308ECEC0020B89F0308ECEC002096
:10A9C000D49F0308ECEC0020EC9F0308ECEC002083
:10A9D000FC9F0308ECEC0020D8AB0308ECEC002053
:10A9E00018A00308ECEC002028A00308ECEC0020E1
:10A9F00034A0030820E9002040A00308D4E9002087
:10AA000050A0030818EB002034A0030820E9002020
:10AA100038A40308D4E9002058A00308E8E900207E
:10AA200060A00308D4E9002070A00308C0E900205A
:10AA30007CA003081CED002050A0030830EB002090
:10AA40008CA00308E8E9002098A00308E8E90020AA
:10AA5000A4A00308E8E9002050A0030848EB002068
:10AA6000B0A00308E8E90020C0A00308E8E900203E
:10AA7000D0A00308E8E90020E0A0030858E800207F
:10AA8000E8A003083CED0020F0A003083CED002006
:10AA9000F8A003083CED002004A103083CED0020D1
:10AAA00050A0030860EB002014A10308E8E900208F
:10AAB00024A103083CED002030A103083CED002058
:10AAC0003CA103083CED00204CA103083CED002014
:10AAD00060A103083CED002050A0030878EB0020A3
:10AAE000C4A403086CE8002070A10308D4E9002086
:10AAF00080A10308E8E900207CA10308D4E9002034
:10AB000090A10308D4E90020A8A1030820E90020AF
:10AB1000BCA10308F8E800203CA10308F8E80020E5
:10AB2000C0A10308E8E90020D4A10308F8E8002048
:10AB3000E0A10308D4E90020F0A10308D4E9002033
:10AB4000C4A00308E8E900200CA20308E8E90020FB
:10AB500018A20308E8E900202CA20308E8E9002075
:10AB600040A20308D4E900205CA2030894E8002076
:10AB70006CA20308D4E9002088A2030820E9002081
:10AB80009CA2030820E90020E0A0030880E8002040
:10AB9000B0A203081CED0020BCA203081CED00209D
:10ABA000C8A20308D4EC0020D8A20308D4EC0020EB
:10ABB000E8A203083CED0020E8A003083CED0020DB
:10ABC000F8A203083CED002008A303083CED002098
:10ABD0001CA303083CED00202CA303083CED00203F
:10ABE0003CA303083CED002054A30308FCEC002028
:10ABF00004A103083CED002060A303083CED002005
:10AC000074A303083CED002088A30308F8E80020A3
:10AC100090A303083CED002050A0030890EB002017
:10AC2000A0A30308E8E90020ACA30308E8E900209A
:10AC3000BCA30308E8E90020CCA30308E8E900204E
:10AC4000949C03082CED0020E0A10308D4E9002027
:10AC5000E0A303081CED0020F4A30308E8E90020AA
:10AC600008A40308E8E900201CA403083CED002028
:10AC70002CA40308D4E9002040A40308E8E900203C
:10AC800058A40308D4E900206CA40308D4E90020E8
:10AC90008CA40308D4E90020A4A40308D4E900206C
:10ACA000BCA40308BCE80020CCA40308A8E800204A
:10ACB000D8A40308E8E90020E4A40308E8E9002098
:10ACC000F0A40308E8E9002004A50308E8E900204F
:10ACD0008CA00308E8E900201CA50308E8E900208F
:10ACE00030A50308E8E9002040A50308E8E90020B2
:10ACF00054A50308D4E9002068A50308E8E900206A
:10AD000080A50308F8E800209CA50308E8E90020D6
:10AD1000ACA50308E8E90020B4A5030894E80020E6
:10AD2000C4A50308E8E90020D4A50308E8E9002049
:10AD3000E8A5030894E80020FCA50308E8E9002042
:10AD400014A60308C0EB002020A60308E8E90020B1
:10AD50003CA60308E8E9002058A60308E8E900201B
:10AD60007CA60308E8E90020E0A00308D0E8002062
:10AD7000A0A60308E8E90020B0A60308E8E900203F
:10AD8000BCA60308E8E90020C8A60308E8E90020FB
:10AD9000D8A603083CED0020E8A603083CED0020FF
:10ADA000F8A603083CED002008A703081CED0020CE
:10ADB00018A70308E8E9002030A70308D4E9002019
:10ADC00044A70308E8E9002050A00308B4EB0020E2
:10ADD00058A70308A8EB002064A703083CED002057
:10ADE00078A703083CED0020E0A10308D4E9002087
:10ADF0008CA70308F8E8002098A70308E8E90020DA
:10AE0000ACA70308E8E90020CCA70308E8E9002084
:10AE1000E0A70308E8E90020F4A70308E8E9002018
:10AE200004A80308E4E8002010A80308E8E90020CB
:10AE30001CA80308E8E9002030A80308E8E900207E
:10AE40003CA80308E8E9002058A80308E8E9002026
:10AE500074A80308E8E900208CA80308E8E90020AA
:10AE6000A8A80308E8E90020BCA80308E8E9002036
:10AE7000D4A80308D4E90020ECA80308E8E90020DE
:10AE800008A90308E8E9002024A90308D4E9002060
:10AE900034A90308D4E9002044A90308E8E9002004
:10AEA00054A90308E8E9002064A90308E8E90020A0
:10AEB00070A90308E8E9002080A903083CED002000
:10AEC00088A903083CED002090A90308E8E90020C8
:10AED000ACA903083CED0020B8A903083CED002014
:10AEE000C4A903083CED0020D0A903083CED0020D4
:10AEF000E8A003083CED0020F8A003083CED00208A
:10AF0000DCA903083CED0020ECA903083CED00207F
:10AF1000FCA903083CED002008AA03083CED002032
:10AF200014AA03083CED00201CAA0308E8E900204D
:10AF30003CAA0308E8E900205CAA03083CED0020D5
:10AF40006CAA03083CED00209CAE030820E9002019
:10AF50007CAA0308E8E9002090AA0308E8E9002099
:10AF6000A4AA0308E8E90020B8AA0308E8E9002039
:10AF7000CCAA0308E8E90020E0AA0308E8E90020D9
:10AF800038A40308D4E90020F4AA03083CED00200B
:10AF900050A00308FCEB0020CCAA0308E8E900203D
:10AFA000E0AA0308E8E9002038A40308D4E9002057
:10AFB000F4AA03083CED002050A0030814EC002084
:10AFC000A0A60308E8E90020E0A003080CE900209F
:10AFD00000AB03081CED00200CAB03081CED0020A7
:10AFE0001CAB03083CED002030AB03083CED002017
:10AFF00044AB03083CED002058AB0308E8E900200F
:10B0000068AB0308E8E9002078AB0308E8E9002012
:10B0100088AB03083CED002090AB0308E8E9002072
:10B02000A8AB03083CED0020C0AB03083CED0020BA
:10B03000D4AB03083CED0020E4AB030808EC00208F
:10B04000F4AB0308F0EB002008AC0308E4EB0020AD
:10B0500018AC03082CED002034AC03082CED0020C4
:10B0600050A00308D8EB002048AC0308C0E900203A
:10B0700050AC0308D4E900205CAC0308C0E9002010
:10B0800070AC0308C0E9002080AC0308C0E90020D0
:10B0900094AC0308C0E90020ACAC0308C0E9002070
:10B0A000C8AC0308C0E90020E4AC0308C0E90020F4
:10B0B000FCAC0308C0E9002008AD0308C0E900208B
:10B0C0001CAD0308C0E90020CCAB0308E8E9002070
:10B0D0002CAD0308E8E9002038AD0308E8E90020BA
:10B0E00048AD0308E8E9002050AD0308E8E9002076
:10B0F00054AD0308E8E9002064AD0308D4E900205A
:10B1000074AD0308D4E9002088AD0308D4E9002019
:10B11000CCAB0308E8E900202CAD0308E8E90020E7
:10B1200038AD0308E8E9002048AD0308E8E900204D
:10B1300050AD0308E8E900209CAD0308D4E90020E5
:10B14000B8AD0308D4E90020D8AD0308D4E9002045
:10B15000FCAD0308D4E9002018AE0308D4E90020B0
:10B1600028AE0308D4E9002038AE0308D4E9002053
:10B170004CAE0308D4E9002064AE0308E8E90020DF
:10B1800078AE0308D4E9002088AE030820E9002047
:10B1900098AE030820E90020A8AE030844EC002084
:10B1A000BCAE030838EC0020CCAE030838EC00201D
:10B1B000A8B303082CEC0020E0A0030848E9002015
:10B1C000DCAE03081CED0020ECAE03082CED0020E3
:10B1D000FCAE030864EC002004AF030854EC00202C
:10B1E00014AF030834E9002024AF0308D4E9002099
:10B1F00050A0030820EC002030AF0308CCEB002067
:10B2000038AF03089CEB002044AF030884EB002018
:10B210004CAF03086CEB00205CAF030854EB00203C
:10B2200074AF03083CEB002080AF030824EB002040
:10B230008CAF030824EB002098AF03080CEB002030
:10B24000ACAF030800EB0020B8AF030870E90020A2
:10B25000C4AF0308E8E90020C8AF0308E8E900200C
:10B26000CCAF0308D4E90020DCAF0308D4E9002008
:10B27000ECAF0308D4E90020FCAF0308C0E90020CC
:10B280000CB00308C0E900201CB00308C0E900208E
:10B290002CB00308D4E900203CB00308D4E9002016
:10B2A0004CB0030884E9002060B0030884E9002062
:10B2B00070B0030884E9002080B0030884E900200E
:10B2C00090B00308E8E90020A4B00308E8E90020F2
:10B2D000B8B00308D4E90020D0B00308E8E90020A2
:10B2E000F0B00308E8E9002010B10308D4E9002019
:10B2F00030B10308E8E9002050B10308E8E9002074
:10B300006CB10308E8E9002084B10308E8E90020F3
:10B310009CB10308C0E90020ACB103087CEC00201C
:10B32000C4B103087CEC0020DCB103085CE9002018
:10B33000E8B103085CE90020F4B103085CE90020EF
:10B3400000B203085CE900200CB203085CE90020AD
:10B3500018B203085CE9002024B203085CE900206D
:10B3600030B203085CE900203CB203085CE900202D
:10B3700048B203085CE9002054B203085CE90020ED
:10B3800060B203085CE900206CB203085CE90020AD
:10B3900078B203085CE9002084B203085CE900206D
:10B3A00090B203085CE900209CB203087CEC00200A
:10B3B000B0B203087CEC0020C4B203087CEC00208F
:10B3C000D8B203087CEC0020ECB20308C0E90020EE
:10B3D00054B0030898E90020E0A00308ACE900207D
:10B3E00050A0030894EC002000B803082CED0020C6
:10B3F000F8B20308FCEC002000B303082CED002099
:10B4000010B303082CED002018B303082CED002026
:10B4100010B303082CED002024B303082CED00200A
:10B420002CB303082CED00203CB303082CED0020C6
:10B4300044B303082CED002054B303082CED002086
:10B440006CB303082CED002080B303082CED002022
:10B4500098B303082CED0020ACB303082CED0020BA
:10B46000C4B303082CED0020DCB303082CED00204E
:10B47000ECB303082CED0020FCB303082CED0020F6
:10B480000CB403082CED002020B403082CED0020A0
:10B4900030B403082CED002044B40308D4EC0020A1
:10B4A00050B40308D4EC00205CB40308D4EC0020B2
:10B4B00068B40308D4EC002078B40308D4EC00206E
:10B4C00084B40308D4EC00207CB30308C4EC00204F
:10B4D00090B40308B8EC002094B403082CED0020CD
:10B4E000A0B403082CED0020B0B403082CED00201C
:10B4F000ACB40308C0E90020B8B40308ECEC0020A9
:10B50000C4B40308ECEC0020D8B40308ECEC002031
:10B51000ECB40308ECEC0020E0A00308FCE90020F8
:10B52000FCB403083CED00200CB503083CED002002
:10B5300024B503082CED002040B503083CED0020A5
:10B540005CB503083CED002074B503083CED002019
:10B5500090B503083CED0020ACB503081CED0020BD
:10B56000C8B503081CED0020E4B503082CED00204D
:10B5700004B603083CED00200CB60308E8E90020FF
:10B5800024B603080CED002034B60308FCEC0020C0
:10B5900048B60308FCEC00205CB60308FCEC002075
:10B5A00070B60308FCEC002084B60308FCEC002015
:10B5B00098B60308FCEC0020ACB60308FCEC0020B5
:10B5C000C4B603081CED0020DCB603081CED002007
:10B5D000F8B603083CED002010B703082CED00205E
:10B5E00020B703082CED002034B70308D4E900206D
:10B5F000ACAF0308E0EC002048B70308ACEC002037
:10B6000058B703082CED00206CB703081CED002090
:10B610007CB70308A0EC0020A8B3030888EC002046
:10B620008CB70308C0E900209CB703081CED00207C
:10B6300050A0030870EC0020A8B70308F4EA00202B
:10B64000B0B70308F4EA002031354F4472697665DB
:10B650003354797065496E666F49364F4472697626
:10B66000654500009CD0040848B6040820C10308C2
:10B670003231466962726550726F706572747954C6
:10B68000797065496E666F493850726F7065727473
:10B6900079494B664545000014D1040870B604088A
:10B6A000000000000200000044C103080200000086
:10B6B00020C10308020400003231466962726550FD
:10B6C000726F706572747954797065496E666F49EE
:10B6D0003850726F7065727479494B6D4545000042
:10B6E00014D10408B8B604080000000002000000ED
:10B6F00044C103080200000020C103080204000046
:10B700003231466962726550726F70657274795435
:10B71000797065496E666F493850726F70657274E2
:10B7200079494B624545000014D1040800B704086C
:10B73000000000000200000044C1030802000000F5
:10B7400020C103080204000032314669627265506C
:10B75000726F706572747954797065496E666F495D
:10B760003850726F7065727479494B7945450000A5
:10B7700014D1040848B704080000000002000000CB
:10B7800044C103080200000020C1030802040000B5
:10B790003231466962726550726F706572747954A5
:10B7A000797065496E666F493850726F7065727452
:10B7B00079494B684545000014D1040890B7040846
:10B7C000000000000200000044C103080200000065
:10B7D00020C103080204000032334F4472697665C9
:10B7E0005461736B54696D657354797065496E6605
:10B7F0006F49395461736B54696D6573450000007E
:10B800009CD00408D8B7040820C1030832334F4441
:10B81000726976655461736B54696D6572547970A1
:10B8200065496E666F49395461736B54696D657211
:10B83000450000009CD004080CB8040820C103088F
:10B8400032354F447269766553797374656D5374FC
:10B8500061747354797065496E666F4931335379F9
:10B860007374656D53746174735F744500000000F8
:10B870009CD0040840B8040820C10308323146694E
:10B8800062726550726F706572747954797065492F
:10B890006E666F493850726F7065727479494B6C7F
:10B8A0004545000014D104087CB8040800000000DD
:10B8B0000200000044C103080200000020C1030888
:10B8C0000204000032384F4472697665537973740C
:10B8D000656D537461747355736254797065496E04
:10B8E000666F49313055534253746174735F7445C8
:10B8F000000000009CD00408C4B8040820C103085C
:10B9000032384F447269766553797374656D537438
:10B9100061747349324354797065496E666F493179
:10B920003049324353746174735F74450000000002
:10B930009CD0040800B9040820C1030832364F44E3
:10B94000726976654F7363696C6C6F73636F706552
:10B9500054797065496E666F4931324F7363696C13
:10B960006C6F73636F706545000000009CD0040825
:10B970003CB9040820C1030831374F447269766529
:10B9800043616E54797065496E666F49394F4472F0
:10B9900069766543414E45009CD0040878B9040897
:10B9A00020C1030832334F447269766543616E43A8
:10B9B0006F6E66696754797065496E666F494E3976
:10B9C0004F447269766543414E38436F6E666967CE
:10B9D0005F744545000000009CD00408A4B9040829
:10B9E00020C1030832314F447269766533436F6E6C
:10B9F00066696754797065496E666F493133426F85
:10BA0000617264436F6E6669675F74450000000091
:10BA10009CD00408E4B9040820C1030832324F4422
:10BA200072697665456E64706F696E74547970657D
:10BA3000496E666F49313250574D4D617070696E75
:10BA4000675F7445000000009CD004081CBA04081D
:10BA500020C1030831384F447269766541786973B3
:10BA600054797065496E666F493441786973450051
:10BA70009CD0040854BA040820C103083231466936
:10BA800062726550726F706572747954797065492D
:10BA90006E666F493850726F7065727479494B7871
:10BAA0004545000014D104087CBA040800000000D9
:10BAB0000200000044C103080200000020C1030886
:10BAC000020400003231466962726550726F70651F
:10BAD00072747954797065496E666F493850726F27
:10BAE0007065727479494B4E31304F447269766596
:10BAF000496E74663841786973496E746639417865
:10BB000069735374617465454545000014D1040898
:10BB1000C4BA0408000000000200000044C1030889
:10BB20000200000020C103080204000032344F4428
:10BB30007269766541786973436F6E666967547997
:10BB40007065496E666F494E344178697338436F4A
:10BB50006E6669675F744545000000009CD004086C
:10BB60002CBB040820C1030834314F447269766548
:10BB700041786973436F6E66696743616C6962728D
:10BB80006174696F6E4C6F636B696E54797065494F
:10BB90006E666F494E344178697331344C6F636B14
:10BBA000696E436F6E6669675F744545000000000B
:10BBB0009CD0040868BB040820C1030833304F44FC
:10BBC00072697665417869734C6F636B696E436F18
:10BBD0006E66696754797065496E666F494E344187
:10BBE00078697331344C6F636B696E436F6E66694D
:10BBF000675F7445450000009CD00408BCBB040886
:10BC000020C1030832374F44726976654178697301
:10BC100043616E436F6E66696754797065496E66FD
:10BC20006F494E3441786973313143414E436F6EF1
:10BC30006669675F744545009CD0040804BC04082D
:10BC400020C1030831394F44726976654D6F746FB6
:10BC50007254797065496E666F49354D6F746F72B5
:10BC6000450000009CD0040844BC040820C103081F
:10BC700034354F44726976654F6E626F61726454F9
:10BC80006865726D6973746F7243757272656E74F4
:10BC90004C696D6974657254797065496E666F4957
:10BCA00033314F6E626F617264546865726D69738F
:10BCB000746F7243757272656E744C696D697465E8
:10BCC000724500009CD0040870BC040820C1030821
:10BCD00035314F44726976654F6E626F617264549C
:10BCE0006865726D6973746F7243757272656E7494
:10BCF0004C696D69746572436F6E666967547970DB
:10BD000065496E666F494E33314F6E626F61726482
:10BD1000546865726D6973746F7243757272656E83
:10BD2000744C696D6974657238436F6E6669675FDC
:10BD3000744545009CD00408D0BC040820C1030809
:10BD400034364F44726976654F6666626F6172641D
:10BD5000546865726D6973746F7243757272656E43
:10BD6000744C696D6974657254797065496E666F5B
:10BD70004933324F6666626F617264546865726DF2
:10BD80006973746F7243757272656E744C696D6914
:10BD900074657245000000009CD0040840BD040892
:10BDA00020C1030835324F44726976654F6666627A
:10BDB0006F617264546865726D6973746F724375F4
:10BDC0007272656E744C696D69746572436F6E66EC
:10BDD000696754797065496E666F494E33324F66B4
:10BDE00066626F617264546865726D6973746F72B4
:10BDF00043757272656E744C696D6974657238430F
:10BE00006F6E6669675F7445450000009CD004084A
:10BE1000A4BD040820C1030833334F44726976651A
:10BE20004D6F746F7243757272656E74436F6E748A
:10BE3000726F6C54797065496E666F49323346692A
:10BE4000656C644F7269656E746564436F6E74727D
:10BE50006F6C6C65724500009CD0040818BE040825
:10BE600020C1030832354F44726976654D6F746F97
:10BE700072436F6E66696754797065496E666F4983
:10BE80004E354D6F746F7238436F6E6669675F74BD
:10BE9000454500009CD0040864BE040820C1030886
:10BEA00032344F4472697665436F6E74726F6C6C96
:10BEB000657254797065496E666F493130436F6EB3
:10BEC00074726F6C6C657245000000009CD00408B1
:10BED000A0BE040820C1030833304F447269766560
:10BEE000436F6E74726F6C6C6572436F6E666967D8
:10BEF00054797065496E666F494E3130436F6E7488
:10BF0000726F6C6C657238436F6E6669675F7445FB
:10BF1000450000009CD00408D8BE040820C10308D6
:10BF200034314F4472697665436F6E74726F6C6C16
:10BF30006572436F6E666967416E7469636F6767A8
:10BF4000696E6754797065496E666F494E3130434A
:10BF50006F6E74726F6C6C65723133416E746963AD
:10BF60006F6767696E675F74454500009CD0040881
:10BF700020BF040820C1030833344F44726976653A
:10BF8000436F6E74726F6C6C65724175746F74750B
:10BF90006E696E6754797065496E666F494E3130CF
:10BFA000436F6E74726F6C6C657231324175746F71
:10BFB00074756E696E675F74454500009CD0040817
:10BFC00078BF040820C1030832314F447269766596
:10BFD000456E636F64657254797065496E666F492A
:10BFE00037456E636F646572450000009CD004089D
:10BFF000C8BF040820C1030832374F447269766510
:10C00000456E636F646572436F6E666967547970DD
:10C0100065496E666F494E37456E636F6465723869
:10C02000436F6E6669675F74454500009CD00408E5
:10C03000F8BF040820C1030832374F44726976659F
:10C040004163696D457374696D61746F7254797081
:10C0500065496E666F4931334163696D4573746933
:10C060006D61746F724500009CD0040838C00408EC
:10C0700020C1030833334F44726976654163696DAB
:10C08000457374696D61746F72436F6E666967544E
:10C09000797065496E666F494E31334163696D450C
:10C0A0007374696D61746F7238436F6E6669675F30
:10C0B000744545009CD0040874C0040820C10308DE
:10C0C00033334F447269766553656E736F726C6576
:10C0D0007373457374696D61746F725479706549D7
:10C0E0006E666F49313953656E736F726C65737329
:10C0F000457374696D61746F724500009CD00408CB
:10C10000C0C0040820C1030833394F447269766502
:10C1100053656E736F726C657373457374696D618B
:10C12000746F72436F6E66696754797065496E66A5
:10C130006F494E313953656E736F726C6573734519
:10C140007374696D61746F7238436F6E6669675F8F
:10C15000744545009CD0040808C1040820C10308A8
:10C1600033354F447269766554726170657A6F69D0
:10C1700064616C5472616A6563746F72795479702A
:10C1800065496E666F49323154726170657A6F69C4
:10C1900064616C5472616A6563746F727945000002
:10C1A0009CD0040860C1040820C1030834314F4406
:10C1B0007269766554726170657A6F6964616C54F6
:10C1C00072616A6563746F7279436F6E66696754F2
:10C1D000797065496E666F494E323154726170658F
:10C1E0007A6F6964616C5472616A6563746F7279A5
:10C1F00038436F6E6669675F744545009CD00408DC
:10C20000ACC1040820C1030832314F44726976651D
:10C21000456E6473746F7054797065496E666F49CA
:10C2200037456E6473746F70450000009CD004083D
:10C2300008C2040820C1030832374F44726976658A
:10C24000456E6473746F70436F6E6669675479707E
:10C2500065496E666F494E37456E6473746F70380A
:10C26000436F6E6669675F74454500009CD00408A3
:10C2700038C2040820C1030832394F447269766518
:10C280004D656368616E6963616C4272616B655490
:10C29000797065496E666F4931354D656368616EC9
:10C2A0006963616C4272616B654500009CD0040853
:10C2B00078C2040820C1030833354F44726976659B
:10C2C0004D656368616E6963616C4272616B654361
:10C2D0006F6E66696754797065496E666F494E3155
:10C2E000354D656368616E6963616C4272616B654F
:10C2F00038436F6E6669675F744545009CD00408DB
:10C30000B8C2040820C1030832374F447269766509
:10C31000417869735461736B54696D6573547970B6
:10C3200065496E666F494E3441786973395461735B
:10C330006B54696D65734545000000009CD004088E
:10C3400008C3040820C103080000000064B6040804
:10C350004D4003080000000098B604088542030819
:10C360006D2E020825400308FCFFFFFF98B6040865
:10C370004540030800000000E0B60408C54103087A
:10C380006D2E0208FD3F0308FCFFFFFFE0B6040826
:10C390001D4003080000000028B70408E541030819
:10C3A0006D2E0208D53F0308FCFFFFFF28B70408E5
:10C3B000F53F03080000000070B70408B14203080D
:10C3C0006D2E0208AD3F0308FCFFFFFF70B70408A5
:10C3D000CD3F030800000000B8B70408FD41030882
:10C3E0006D2E0208853F0308FCFFFFFFB8B7040865
:10C3F000A53F03080000000000B80408613F0308DF
:10C400000000000034B80408213F030800000000C9
:10C4100070B804088D3E030800000000A4B80408AA
:10C420001D4203086D2E0208653E0308FCFFFFFF56
:10C43000A4B80408853E030800000000F4B804080E
:10C440003D3E03080000000030B90408053E030823
:10C45000000000006CB90408E93D0308000000007A
:10C4600098B90408BD3D030800000000D8B90408CD
:10C47000853D03080000000010BA0408393C030899
:10C480000000000048BA0408F93B0308000000005F
:10C4900070BA0408153B030800000000A4BA0408A1
:10C4A0003D4203086D2E0208ED3A0308FCFFFFFF32
:10C4B000A4BA04080D3B0308000000000CBB0408EC
:10C4C000614203086D2E0208C53A0308FCFFFFFF16
:10C4D0000CBB0408E53A0308000000005CBB04083C
:10C4E000253A030800000000B0BB0408E93903083E
:10C4F00000000000F8BB04088939030800000000B0
:10C5000038BC04081D3903080000000064BC04089E
:10C510004938030800000000C4BC0408253803089B
:10C520000000000034BD0408E537030800000000E7
:10C5300098BD0408C1370308000000000CBE0408C1
:10C54000593703080000000058BE04089536030858
:10C550000000000094BE04088535030800000000B8
:10C56000CCBE0408993403080000000014BF04087E
:10C570005D330308000000006CBF0408D5320308D7
:10C5800000000000BCBF0408A13203080000000046
:10C59000ECBF0408D1310308000000002CC00408DF
:10C5A000AD3003080000000068C004085D300308D7
:10C5B00000000000B4C004083D3003080000000083
:10C5C000FCC00408DD2F03080000000054C104086B
:10C5D000AD2F030800000000A0C10408992F030834
:10C5E00000000000FCC10408692F030800000000DF
:10C5F0002CC20408452F0308000000006CC2040888
:10C60000CD2E030800000000ACC20408B92E0308B8
:10C6100000000000FCC20408812E03080000000096
:10C620003CC304082D2E03084E35666962726531DD
:10C630003753746D33325561727454785374726524
:10C64000616D45009CD0040828C60408E0B90308C1
:10C650004E356669627265313753746D3332556198
:10C660007274527853747265616D45009CD00408F1
:10C6700050C60408BCB903084E356669627265325B
:10C68000364173796E6353747265616D53696E6B75
:10C690004D756C7469706C65786572494C6A324589
:10C6A000454500009CD0040878C60408E0B903089A
:10C6B0000000000044C60408A56D0308056D0308CA
:10C6C000000000006CC60408096D0308056D03082E
:10C6D00000000000A4C60408056E0308D16E03081C
:10C6E000001000004E356669627265313653746D14
:10C6F0003332557362547853747265616D4500002E
:10C700009CD00408E4C60408E0B903084E35666905
:10C71000627265313653746D333255736252785399
:10C72000747265616D4500009CD004080CC7040854
:10C73000BCB903080000000000C70408DD77030847
:10C74000D97703080000000028C704086D780308A3
:10C75000D97703080010000006000000010605005C
:10C7600000000000920E493CB10AC93C2BC3163DA3
:10C770002EFB483D752B7B3D04A9963D80B6AF3D11
:10C7800036BDC83D2FBCE13D73B2FA3D87CF093EAF
:10C790008340163EB5AB223EA2102F3ECF6E3B3EED
:10C7A000C2C5473E0115543E135C603E7F9A6C3E05
:10C7B000CCCF783EC07D823E938E883E229A8E3EBC
:10C7C00032A0943E86A09A3EE59AA03E128FA63EE5
:10C7D000D47CAC3EEF63B23E2A44B83E491DBE3E17
:10C7E00015EFC33E53B9C93ECA7BCF3E4136D53E55
:10C7F00080E8DA3E4F92E03E7533E63EBBCBEB3E3F
:10C80000EA5AF13ECBE0F63E275DFC3EE4E7003F0E
:10C810003D9C033F824B063F9BF5083F6B9A0B3FC5
:10C82000DA390E3FCDD3103F2A68133FD9F6153FB2
:10C83000C07F183FC6021B3FD17F1D3FCBF61F3F75
:10C840009967223F25D2243F5636273F1594293F2A
:10C850004AEB2B3FDE3B2E3FBB85303FC9C8323F02
:10C86000F304353F233A373F4268393F3B8F3B3F24
:10C87000F9AE3D3F67C73F3F70D8413F01E2433FBC
:10C8800003E4453F65DE473F12D1493FF8BB4B3FCC
:10C89000029F4D3F207A4F3F3D4D513F4918533F36
:10C8A00031DB543FE595563F5348583F6AF2593FB4
:10C8B0001A945B3F532D5D3F05BE5E3F2146603FAE
:10C8C00097C5613F5A3C633F59AA643F880F663F52
:10C8D000D86B673F3CBF683FA7096A3F0C4B6B3F73
:10C8E0005E836C3F93B26D3F9ED86E3F73F56F3F92
:10C8F0000809713F5213723F4714733FDD0B743FB9
:10C900000BFA743FC6DE753F07BA763FC58B773F9B
:10C91000F853783F9812793F9DC7793F02737A3F69
:10C92000BE147B3FCDAC7B3F283B7C3FC9BF7C3FE7
:10C93000AC3A7D3FCCAB7D3F23137E3FB0707E3F52
:10C940006DC47E3F580E7F3F6D4E7F3FAB847F3F6F
:10C950000FB17F3F97D37F3F43EC7F3F11FB7F3F7A
:10C960000000803F11FB7F3F43EC7F3F97D37F3F29
:10C970000FB17F3FAB847F3F6D4E7F3F580E7F3FAF
:10C980006DC47E3FB0707E3F23137E3FCCAB7D3FB6
:10C99000AC3A7D3FC9BF7C3F283B7C3FCDAC7B3F61
:10C9A000BE147B3F02737A3F9DC7793F9812793F4F
:10C9B000F853783FC58B773F07BA763FC6DE753FA1
:10C9C0000BFA743FDD0B743F4714733F5213723FF1
:10C9D0000809713F73F56F3F9ED86E3F93B26D3F6C
:10C9E0005E836C3F0C4B6B3FA7096A3F3CBF683FBF
:10C9F000D86B673F880F663F59AA643F5A3C633F34
:10CA000097C5613F2146603F05BE5E3F532D5D3FA8
:10CA10001A945B3F6AF2593F5348583FE595563F99
:10CA200031DB543F4918533F3D4D513F207A4F3F32
:10CA3000029F4D3FF8BB4B3F12D1493F65DE473F58
:10CA400003E4453F01E2433F70D8413F67C73F3FA2
:10CA5000F9AE3D3F3B8F3B3F4268393F233A373F7A
:10CA6000F304353FC9C8323FBB85303FDE3B2E3F24
:10CA70004AEB2B3F1594293F5636273F25D2243FBA
:10CA80009967223FCBF61F3FD17F1D3FC6021B3F58
:10CA9000C07F183FD9F6153F2A68133FCDD3103F0A
:10CAA000DA390E3F6B9A0B3F9BF5083F824B063FEE
:10CAB0003D9C033FE4E7003F275DFC3ECBE0F63EB4
:10CAC000EA5AF13EBBCBEB3E7533E63E4F92E03E79
:10CAD00080E8DA3E4136D53ECA7BCF3E53B9C93EE7
:10CAE00015EFC33E491DBE3E2A44B83EEF63B23E39
:10CAF000D47CAC3E128FA63EE59AA03E86A09A3E1C
:10CB000032A0943E229A8E3E938E883EC07D823E15
:10CB1000CCCF783E7F9A6C3E135C603E0115543E4C
:10CB2000C2C5473ECF6E3B3EA2102F3EB5AB223E64
:10CB30008340163E87CF093E73B2FA3D2FBCE13DDC
:10CB400036BDC83D80B6AF3D04A9963D752B7B3DF3
:10CB50002EFB483D2BC3163DB10AC93C920E493C01
:10CB600000000000920E49BCB10AC9BC2BC316BD1F
:10CB70002EFB48BD752B7BBD04A996BD80B6AFBD0D
:10CB800036BDC8BD2FBCE1BD73B2FABD87CF09BEAB
:10CB9000834016BEB5AB22BEA2102FBECF6E3BBEE9
:10CBA000C2C547BE011554BE135C60BE7F9A6CBE01
:10CBB000CCCF78BEC07D82BE938E88BE229A8EBEB8
:10CBC00032A094BE86A09ABEE59AA0BE128FA6BEE1
:10CBD000D47CACBEEF63B2BE2A44B8BE491DBEBE13
:10CBE00015EFC3BE53B9C9BECA7BCFBE4136D5BE51
:10CBF00080E8DABE4F92E0BE7533E6BEBBCBEBBE3B
:10CC0000EA5AF1BECBE0F6BE275DFCBEE4E700BF0A
:10CC10003D9C03BF824B06BF9BF508BF6B9A0BBFC1
:10CC2000DA390EBFCDD310BF2A6813BFD9F615BFAE
:10CC3000C07F18BFC6021BBFD17F1DBFCBF61FBF71
:10CC4000996722BF25D224BF563627BF159429BF26
:10CC50004AEB2BBFDE3B2EBFBB8530BFC9C832BFFE
:10CC6000F30435BF233A37BF426839BF3B8F3BBF20
:10CC7000F9AE3DBF67C73FBF70D841BF01E243BFB8
:10CC800003E445BF65DE47BF12D149BFF8BB4BBFC8
:10CC9000029F4DBF207A4FBF3D4D51BF491853BF32
:10CCA00031DB54BFE59556BF534858BF6AF259BFB0
:10CCB0001A945BBF532D5DBF05BE5EBF214660BFAA
:10CCC00097C561BF5A3C63BF59AA64BF880F66BF4E
:10CCD000D86B67BF3CBF68BFA7096ABF0C4B6BBF6F
:10CCE0005E836CBF93B26DBF9ED86EBF73F56FBF8E
:10CCF000080971BF521372BF471473BFDD0B74BFB5
:10CD00000BFA74BFC6DE75BF07BA76BFC58B77BF97
:10CD1000F85378BF981279BF9DC779BF02737ABF65
:10CD2000BE147BBFCDAC7BBF283B7CBFC9BF7CBFE3
:10CD3000AC3A7DBFCCAB7DBF23137EBFB0707EBF4E
:10CD40006DC47EBF580E7FBF6D4E7FBFAB847FBF6B
:10CD50000FB17FBF97D37FBF43EC7FBF11FB7FBF76
:10CD6000000080BF11FB7FBF43EC7FBF97D37FBF25
:10CD70000FB17FBFAB847FBF6D4E7FBF580E7FBFAB
:10CD80006DC47EBFB0707EBF23137EBFCCAB7DBFB2
:10CD9000AC3A7DBFC9BF7CBF283B7CBFCDAC7BBF5D
:10CDA000BE147BBF02737ABF9DC779BF981279BF4B
:10CDB000F85378BFC58B77BF07BA76BFC6DE75BF9D
:10CDC0000BFA74BFDD0B74BF471473BF521372BFED
:10CDD000080971BF73F56FBF9ED86EBF93B26DBF68
:10CDE0005E836CBF0C4B6BBFA7096ABF3CBF68BFBB
:10CDF000D86B67BF880F66BF59AA64BF5A3C63BF30
:10CE000097C561BF214660BF05BE5EBF532D5DBFA4
:10CE10001A945BBF6AF259BF534858BFE59556BF95
:10CE200031DB54BF491853BF3D4D51BF207A4FBF2E
:10CE3000029F4DBFF8BB4BBF12D149BF65DE47BF54
:10CE400003E445BF01E243BF70D841BF67C73FBF9E
:10CE5000F9AE3DBF3B8F3BBF426839BF233A37BF76
:10CE6000F30435BFC9C832BFBB8530BFDE3B2EBF20
:10CE70004AEB2BBF159429BF563627BF25D224BFB6
:10CE8000996722BFCBF61FBFD17F1DBFC6021BBF54
:10CE9000C07F18BFD9F615BF2A6813BFCDD310BF06
:10CEA000DA390EBF6B9A0BBF9BF508BF824B06BFEA
:10CEB0003D9C03BFE4E700BF275DFCBECBE0F6BEB0
:10CEC000EA5AF1BEBBCBEBBE7533E6BE4F92E0BE75
:10CED00080E8DABE4136D5BECA7BCFBE53B9C9BEE3
:10CEE00015EFC3BE491DBEBE2A44B8BEEF63B2BE35
:10CEF000D47CACBE128FA6BEE59AA0BE86A09ABE18
:10CF000032A094BE229A8EBE938E88BEC07D82BE11
:10CF1000CCCF78BE7F9A6CBE135C60BE011554BE48
:10CF2000C2C547BECF6E3BBEA2102FBEB5AB22BE60
:10CF3000834016BE87CF09BE73B2FABD2FBCE1BDD8
:10CF400036BDC8BD80B6AFBD04A996BD752B7BBDEF
:10CF50002EFB48BD2BC316BDB10AC9BC920E49BCFD
:10CF6000000000804E31305F5F63787861626976DF
:10CF70003131375F5F636C6173735F747970655FC4
:10CF8000696E666F450000009CD0040864CF0408F9
:10CF9000D0D004080000000088CF0408997D030861
:10CFA000AD7D0308918B0308918B0308297E03084C
:10CFB000597D03080D7E0308C97D03088D7D030894
:10CFC000537439657863657074696F6E0000000092
:10CFD0009CCF0408C0CF0408537431336261645F8E
:10CFE000657863657074696F6E0000009CD00408FA
:10CFF000D8CF0408D0CF04084E31305F5F63787813
:10D00000616269763131355F5F666F726365645F57
:10D01000756E77696E6445009CCF0408F8CF0408EC
:10D020004E31305F5F637878616269763131395FA4
:10D030005F666F726569676E5F6578636570746956
:10D040006F6E45009CCF040820D00408000000004B
:10D05000ECCF0408E5820308F1820308E9820308A3
:10D060004E31305F5F637878616269763132305F6C
:10D070005F73695F636C6173735F747970655F6917
:10D080006E666F45000000009CD0040860D0040864
:10D0900088CF04080000000088D00408718A0308C3
:10D0A000858A0308918B0308918B0308297E030866
:10D0B000597D0308618B0308DD8A0308A18A0308F0
:10D0C000537439747970655F696E666F0000000093
:10D0D0009CCF0408C0D004084E31305F5F6378787D
:10D0E000616269763132315F5F766D695F636C6171
:10D0F00073735F747970655F696E666F45000000D9
:10D100009CD00408D8D0040888CF04080000000090
:10D1100000D10408C18B0308D58B0308918B030849
:10D12000918B0308297E0308597D03083190030879
:08D13000718C0308F18B030868
:10D13800C9040181B0B0AB800000000008B10181D2
:10D14800B0B000840000000055B3FE7FB0AF1A00F5
:10D15800FFFF011A5C04CA090068048A0A007804FF
:10D16800860A007E04DE0900A801B6080000000057
:10D17800C9010181B0B0AC800000000081C9018103
:10D18800B0A908B10000000015B3FE7FB0B0A80038
:10D19800FFFF0100C9060181B0B0AD8100000000A9
:10D1A800FDB2FE7FB0AB0800FFFF011CB00104B464
:10D1B8000600A00404AA0600A0052800009C060496
:10D1C800B40600B0060C0000D5B2FE7F80C9040189
:10D1D800B0B0B0ADFFFF0112820192020000CA0395
:10D1E800048C0800AE04E8030000000008B10181C7
:10D1F800B0B0008400000000A5B2FE7FB0B0AA0065
:10D20800FFFF010C12020000261A740078040000C7
:10D21800C9010181B0B0A8800000000081B2FE7F82
:10D22800AB08B100FFFF010848044E00520400009B
:10D23800C90A0181B0B0A9800000000061B2FE7F78
:10D2480001AC0900FFFF010CCC01AA029A0400A45A
:10D258000404000049B2FE7FB0AB0800FFFF010BD9
:10D26800488202EC0200F6020400000031B2FE7FA0
:10D27800AA80C900FFFF010BD80104C80500D20528
:10D288000A00000019B2FE7FB0A90600FFFF010CDA
:10D2980020040000380460005218000001B2FE7F2C
:10D2A800B0AC0B00FFFF010A54049601009C010476
:10D2B80000000000E9B1FE7FB0AC0B00FFFF010ADF
:10D2C80066048602008C020400000000D1B1FE7FD3
:10D2D800B0AE0B00FFFF010B8E0104AE0300B403D8
:10D2E8000400000081C90181B0A908B10000000054
:10D2F80008B10181B0B0008400000000C9060181B6
:10D30800B0B0AF830000000085C90181B0AB08B19F
:10D318000000000089B1FE7FB0B0A800FFFF011136
:10D32800AA030EB80300BC03040000C2031AB80322
:10D3380000000000C9080181B0B0AB800000000007
:10D3480008B10181B0B000840000000051B1FE7F37
:10D35800B0AA0100FFFF010B34C601820200860259
:10D368000400000039B1FE7FAB08B100FFFF0108DF
:10D3780018163E004204000025B1FE7FAB08B1003C
:10D38800FFFF0108200C540060040000C916018149
:10D39800B0B0AF820000000005B1FE7FB0AF020060
:10D3A800FFFF0142FA010AEA0800BC020CDC08008F
:10D3B80084031ACA0800E0030EBC08009E0404AEE9
:10D3C8000800E00404A00800960504920800DA05A5
:10D3D80004840800920604F60700E40604E807003F
:10D3E800A407D80100000000B5B0FE7FB0AF2A0046
:10D3F800FFFF010F0A440000E20202B00300DE034F
:10D408000400000008B10181B0B0008400000000F1
:10D4180008B10181B0B000840000000008B10181AA
:10D42800B0B000840000000008B10181B0B00084F1
:10D438000000000008B10181B0B0008400000000C5
:10D4480008B10181B0B000840000000008B101817A
:10D45800B0B000840000000008B10181B0B00084C1
:10D4680000000000C9030181B0B0AC8000000000DA
:10D47800C9020181B0B0A9800000000008B1018193
:10D48800B0B000840000000008B10181B0B0008491
:10D498000000000008B10181B0B000840000000065
:10D4A80008B10181B0B000840000000008B101811A
:10D4B800B0B000840000000008B10181B0B0008461
:10D4C8000000000008B10181B0B000840000000035
:10D4D80008B10181B0B000840000000008B10181EA
:10D4E800B0B000840000000008B10181B0B0008431
:10D4F8000000000008B10181B0B000840000000005
:10D5080008B10181B0B000840000000008B10181B9
:10D51800B0B000840000000008B10181B0B0008400
:10D528000000000008B10181B0B0008400000000D4
:10D5380008B10181B0B000840000000008B1018189
:10D54800B0B000840000000008B10181B0B00084D0
:10D5580000000000C9080181B000848000000000BC
:10D5680008B10181B0B000840000000008B1018159
:10D57800B0B000840000000008B10181B0B00084A0
:10D588000000000008B10181B0B000840000000074
:10D5980008B10181B0B000840000000008B1018129
:10D5A800B0B000840000000008B10181B0B0008470
:10D5B8000000000008B10181B0B000840000000044
:10D5C80008B10181B0B000840000000008B10181F9
:10D5D800B0B000840000000008B10181B0B0008440
:10D5E8000000000008B10181B0B000840000000014
:10D5F80008B10181B0B000840000000008B10181C9
:10D60800B0B000840000000008B10181B0B000840F
:10D618000000000008B10181B0B0008400000000E3
:10D6280008B10181B0B000840000000008B1018198
:10D63800B0B000840000000008B10181B0B00084DF
:10D648000000000008B10181B0B0008400000000B3
:10D6580008B10181B0B000840000000041AEFE7F37
:10D66800B0AF1400FF1019011020A8070000A60889
:10D6780004AA0801B208040000010000000000002C
:10D688001DAEFE7F8408B101B0B0B000FF100D01DF
:10D6980004020608010100000000000008B1018131
:10D6A800B0B000840000000008B10181B0B000846F
:10D6B80000000000E9ADFE7FB0AF0200FF101901C5
:10D6C8000E320A3C017A3CBC0100C401040000018E
:10D6D8000000000000000000C5ADFE7FA908B100F1
:10D6E800FFFF010008B10181B0B000840000000014
:0CD6F80008B10181B0B000840000000007
:10D704007C2CFB7F01000000E0E4FB7FB0A90280D9
:10D7140070E5FB7FB0B0A880C0E5FB7F010000008E
:10D72400CCE5FB7FB0B0AA80FCE5FB7FAE75B28090
:10D73400CCE6FB7F01000000C8E6FB7FAB3F3A80EC
:10D7440028E7FB7F0100000030E7FB7FB0B0AA8030
:10D7540068E7FB7F010000001CE8FB7FAA0FB28092
:10D7640098E8FB7FB0AF088034EBFB7F010000003A
:10D7740038EBFB7FAC3F038020EEFB7F0100000011
:10D78400FCEFFB7F0084048010F0FB7F01000000AD
:10D794000CF0FB7FB0AD048000F3FB7FB0A80380E6
:10D7A40024F3FB7F44FFFF7F28F3FB7F48FFFF7FC9
:10D7B40034F3FB7F01000000A8F7FB7FB0A80380CF
:10D7C40044F8FB7F0100000058F8FB7FB0AF1080E5
:10D7D40024F9FB7FB0A8018058F9FB7FB0AA0D8023
:10D7E400B8F9FB7FB0A80180C4FAFB7F01000000F8
:10D7F400ACFBFB7F40F9FF7FE8FCFB7F01000000EE
:10D8040000FDFB7F3CF9FF7F2CFDFB7FB0AA01806C
:10D8140054FFFB7F010000008C00FC7FB0B0A880A7
:10D824002C01FC7FB0AF0A800803FC7F01000000DC
:10D834002403FC7F18F9FF7F6808FC7F01000000C7
:10D8440084A2FC7FB0AB0480F8A2FC7FB0AE07805A
:10D8540030A4FC7F0100000098A5FC7FB0AA0780DB
:10D864009CA6FC7F01000000BCA6FC7FB0AB068038
:10D87400F4A8FC7F0100000048AAFC7FB0AE0B8036
:10D88400E4ABFC7F0100000064ACFC7FB0A8058021
:10D8940094ACFC7F0100000060AFFC7FAD08B18058
:10D8A400A0AFFC7F0100000014B1FC7FA908B18087
:10D8B40058B1FC7FAB08B18054B2FC7FB0AA03809E
:10D8C400C8B2FC7F01000000FCB4FC7FA8F8FF7F15
:10D8D4009CB5FC7F0100000050B8FC7FA4F8FF7FDA
:10D8E40030BAFC7FB0A8058058BAFC7F0100000064
:10D8F400F0BAFC7F98F8FF7FFCBAFC7F01000000BF
:10D9040008BFFC7FB0A8058044BFFC7F008404806E
:10D914006CBFFC7F01000000B8BFFC7FB0B0A880E2
:10D924001CC0FC7FA908B18090C0FC7F01000000EE
:10D93400B0C0FC7F64F8FF7F28C3FC7F68F8FF7FDA
:10D9440064C6FC7FB0A9028010C7FC7FAC80C9808C
:10D9540024C9FC7FB0A80180A4C9FC7F70F8FF7FB4
:10D96400B4CDFC7F8CF8FF7FB4CDFC7F01000000B8
:10D9740018D0FC7FB0B0A88034D0FC7F0100000038
:10D9840020D2FC7F78F8FF7F9CD2FC7FA908B1806D
:10D99400D4D2FC7F010000004CD3FC7F78F8FF7FD9
:10D9A400B4D3FC7F010000001CD4FC7F74F8FF7F1B
:10D9B40074D4FC7FA880C98004D5FC7F01000000DA
:10D9C400ACD5FC7F70F8FF7FB0D6FC7FB0A908808F
:10D9D400A0D7FC7FA880C9801CD8FC7F64F8FF7F97
:10D9E40050DAFC7F0100000020DBFC7F6CF8FF7F35
:10D9F400A8DCFC7FB0B0A880F0DCFC7F74F8FF7F6B
:10DA0400E8DFFC7F0100000050E0FC7FA880C980B3
:10DA1400D0E0FC7F0100000044E1FC7FB0AA01805B
:10DA2400B8E1FC7FB0A801800CE2FC7F010000009B
:10DA3400C8E4FC7FB0B0A8806CE5FC7F0100000066
:10DA440068E5FC7F00840280A0E5FC7F0100000003
:10DA540020E6FC7F34F8FF7F8CE6FC7F44F8FF7FF0
:10DA640024E7FC7F54F8FF7F34E8FC7F64F8FF7FF1
:10DA7400FCE9FC7FB0B0AE80E8EDFC7F0100000063
:10DA8400A4EEFC7FA908B180FCEEFC7FB0A9048061
:10DA9400C0EFFC7F0100000074F0FC7FB0A801809F
:10DAA400C4F0FC7FB0B0A8807CF1FC7F01000000D2
:10DAB40028F2FC7FAC82C980C8F7FC7F010000001B
:10DAC40074F8FC7F24F8FF7F60FAFC7F01000000FB
:10DAD400A0FDFC7F20F8FF7FF8FDFC7F0100000023
:10DAE40040FEFC7F1CF8FF7F6409FD7F01000000FD
:10DAF400CC0AFD7F18F8FF7F140DFD7F01000000A4
:10DB04002C0DFD7F14F8FF7F080FFD7FB0B0B080AF
:10DB1400080FFD7F24F8FF7FBC0FFD7F010000008C
:10DB24008411FD7FA881C980A813FD7F0100000036
:10DB34001C16FD7FB0AD08808016FD7FB0AB02805F
:10DB44005417FD7FB0B0A880D017FD7F01000000FE
:10DB54007C19FD7FF0F7FF7F8019FD7FA908B18054
:10DB64009C19FD7F01000000FC19FD7FAB08B1800A
:10DB74007C1AFD7F01000000D41AFD7FB0AF028043
:10DB84004C1FFD7FCCF7FF7F5820FD7F0100000074
:10DB94005820FD7FA908B1806421FD7F01000000A9
:10DBA400D421FD7FB0B0A880F021FD7FB0AF048008
:10DBB4005023FD7FB4F7FF7F9423FD7FB0B0AA808C
:10DBC400F423FD7FB8F7FF7F5C24FD7FB0B0A8800D
:10DBD400AC24FD7FA908B1800425FD7FB4F7FF7F45
:10DBE400F02EFD7F010000003C31FD7FB0F7FF7F88
:10DBF400C035FD7F01000000F839FD7FB0B0A8807A
:10DC04002C3BFD7F010000007040FD7FAB08B1801C
:10DC14003441FD7FB0B0A8807841FD7F03AB16800E
:10DC24000042FD7FB0B0A8803842FD7FB0AB0480D5
:10DC34007842FD7F010000007842FD7FB0AB048094
:10DC4400BC42FD7FB0AC03800043FD7FB0AB0480D9
:10DC54009043FD7FB0AF04802844FD7FB0AB0480C7
:10DC64006C44FD7FB0AA0380A844FD7FB0AB048060
:10DC7400A045FD7FB0A906800846FD7FB0B0A8800E
:10DC84001C46FD7FB0AB04809846FD7FB0AA05809A
:10DC94000047FD7F58F7FF7F1449FD7FB0B0AC808B
:10DCA400604BFD7F01000000A04BFD7FB0A9088000
:10DCB400EC4BFD7FB0A80980244CFD7FB0AB0A80FB
:10DCC4007C4DFD7F01000000784DFD7FB0B0A88041
:10DCD400D84DFD7FB0A906801C4EFD7F01000000D9
:10DCE4004C4EFD7FB0AF0E802C50FD7FB0B0AC80A9
:10DCF400D450FD7F14F7FF7FD450FD7F18F7FF7FCA
:10DD0400E450FD7F1CF7FF7FF450FD7F20F7FF7F79
:10DD14000451FD7F010000000851FD7F1CF7FF7FC7
:10DD24001851FD7F20F7FF7F2851FD7F010000007F
:10DD34000856FD7FAB08B1805456FD7FB0B0AA8071
:10DD44006C56FD7FB0B0B0806C56FD7FB0A90280E8
:10DD54009056FD7FB0B0B0809056FD7FB0B0A880E3
:10DD6400A056FD7FB0B0B080A056FD7FB0B0AA80B1
:10DD7400B856FD7FB0B0B080B856FD7FB0B0AA8071
:10DD8400D056FD7FB0B0B080D056FD7FB0B0AA8031
:10DD9400E856FD7FB0B0B080E856FD7FB0B0AA80F1
:10DDA4000057FD7FB0B0B0800057FD7FA4F6FF7F21
:10DDB4000457FD7FB0B0B0800457FD7FB0B0AA8097
:10DDC4001C57FD7FB0B0B0801C57FD7FB0B0AA8057
:10DDD4003457FD7FB0B0B0803457FD7FB0B0AA8017
:10DDE4004C57FD7FB0B0B0804C57FD7FB0B0AA80D7
:10DDF4006457FD7FB0B0B0806457FD7FB0A9028046
:10DE04008057FD7FB0B0B0808057FD7FB0B0AA804E
:10DE14009857FD7FB0B0B0809857FD7FB0B0AA800E
:10DE2400B057FD7FB0B0B080B057FD7FB0B0AA80CE
:10DE3400C857FD7FB0B0B080C857FD7FB0B0AA808E
:10DE4400E057FD7FB0B0B080E057FD7FB0B0AA804E
:10DE5400F857FD7FB0B0B080F857FD7FB0B0AA800E
:10DE64001058FD7FB0B0B0801058FD7FB0B0AA80CC
:10DE74002858FD7FB0B0B0802858FD7FB0B0AA808C
:10DE84004058FD7FB0B0B0804058FD7FB0B0AA804C
:10DE94005858FD7FB0B0B0805858FD7F0100000095
:10DEA4002459FD7FA880C9807659FD7FA908B180D7
:10DEB4009459FD7FA880C980085AFD7F01000000A5
:10DEC400845BFD7FB0AB0280F45BFD7FB0AE03806A
:10DED400B45CFD7FB0AB0280E45CFD7FB0B0B08089
:10DEE400E45CFD7FB0B0AC80385DFD7FA908B180F3
:10DEF400B85DFD7FB0AC0380405FFD7F60F5FF7FC0
:10DF0400445FFD7FB0A90280805FFD7FA908B180D6
:10DF1400B05FFD7FB0B0AA801860FD7FB0AC038015
:10DF24009C60FD7F44F5FF7F3861FD7FB0AC0380CA
:10DF34002863FD7FB0AB06802C64FD7FB0AC03800A
:10DF44005068FD7FB0AA01807C68FD7FB0B0B080CE
:10DF54007C68FD7F20F5FF7FB868FD7FB0B0B0809E
:10DF6400B868FD7FB0AA0180E468FD7FB0B0B080DE
:10DF7400E468FD7FB0AA01801069FD7FB0B0B08075
:10DF84001069FD7FB0AA01803C69FD7FB0B0B0800C
:10DF94003C69FD7FB0AA01806869FD7FB0B0B080A4
:10DFA4006869FD7FB0AA01809469FD7FB0B0B0803C
:10DFB4009469FD7FB0AA0180C069FD7FB0B0B080D4
:10DFC400C069FD7FA880C980446AFD7F010000000C
:10DFD400746AFD7FB0B0A880E06AFD7FB0B0AE8007
:10DFE400206CFD7F01000000346CFD7F94F4FF7F02
:10DFF4003C6CFD7F01000000406CFD7F90F4FF7FCE
:10E00400486CFD7F010000004C6CFD7F8CF4FF7FA9
:10E01400546CFD7F01000000546CFD7F88F4FF7F89
:10E024005C6CFD7F01000000846CFD7F84F4FF7F45
:10E03400886CFD7F010000008C6CFD7F80F4FF7F05
:10E04400906CFD7F01000000946CFD7F7CF4FF7FE9
:10E05400986CFD7FB0B0A880A86CFD7F78F4FF7F3A
:10E06400AC6CFD7F01000000B46CFD7F74F4FF7F95
:10E07400BC6CFD7F01000000DC6CFD7F70F4FF7F51
:10E08400E06CFD7F01000000E86CFD7F6CF4FF7F15
:10E09400F06CFD7F01000000F86CFD7F68F4FF7FE9
:10E0A400006DFD7F01000000046DFD7F64F4FF7FBF
:10E0B4000C6DFD7F01000000106DFD7F60F4FF7F9B
:10E0C400186DFD7F010000001C6DFD7F5CF4FF7F77
:10E0D400206DFD7F01000000206DFD7F58F4FF7F5F
:10E0E400286DFD7F01000000286DFD7F54F4FF7F43
:10E0F400306DFD7F01000000306DFD7F50F4FF7F27
:10E10400386DFD7F010000006C6DFD7F4CF4FF7FD6
:10E11400D8A8FD7FB0A9028034A9FD7FB0B0B0803B
:10E1240034A9FD7FB0A8018054A9FD7FB0A9028065
:10E13400A8A9FD7FB0B0B080A8A9FD7FB0A90280D6
:10E14400FCA9FD7FB0B0B080FCA9FD7F01000000F8
:10E1540010AAFD7FB0A9028064AAFD7FB0B0B08090
:10E1640064AAFD7FB0A90280B8AAFD7FB0B0B080D8
:10E17400B8AAFD7FB0A902800CABFD7FB0B0B0801F
:10E184000CABFD7FB0A9028060ABFD7FB0B0B08066
:10E1940060ABFD7FB0A90280B4ABFD7FB0B0B080AE
:10E1A400B4ABFD7FB0A9028008ACFD7FB0B0B080F5
:10E1B40008ACFD7FB0A902805CACFD7FB0B0B0803C
:10E1C4005CACFD7FB0A90280B0ACFD7FB0B0B08084
:10E1D400B0ACFD7FB0A9028004ADFD7FB0B0B080CB
:10E1E40004ADFD7F0100000008ADFD7F78F3FF7FE3
:10E1F40010ADFD7F0100000014ADFD7F74F3FF7FBF
:10E204001CADFD7F0100000020ADFD7F70F3FF7F9A
:10E2140028ADFD7F0100000028ADFD7F6CF3FF7F7A
:10E2240030ADFD7F0100000058ADFD7F68F3FF7F36
:10E234005CADFD7F0100000060ADFD7F64F3FF7FF6
:10E2440064ADFD7F0100000068ADFD7F60F3FF7FDA
:10E254006CADFD7FB0B0A8807CADFD7F5CF3FF7F2B
:10E2640080ADFD7F0100000088ADFD7F58F3FF7F86
:10E2740090ADFD7F01000000B0ADFD7F54F3FF7F42
:10E28400B4ADFD7F01000000BCADFD7F50F3FF7F06
:10E29400C4ADFD7F01000000CCADFD7F4CF3FF7FDA
:10E2A400D4ADFD7F01000000D8ADFD7F48F3FF7FB2
:10E2B400E0ADFD7F01000000E4ADFD7F44F3FF7F8E
:10E2C400ECADFD7F01000000F0ADFD7F40F3FF7F6A
:10E2D400F4ADFD7F01000000F4ADFD7F3CF3FF7F52
:10E2E400FCADFD7F01000000FCADFD7F38F3FF7F36
:10E2F40004AEFD7F0100000004AEFD7F34F3FF7F18
:10E304000CAEFD7F0100000078B0FD7FB0AC0F8043
:10E31400A842FE7F01000000B842FE7FB0A902803F
:10E32400D844FE7F01000000985EFE7FB0B0AA8052
:10E33400B05EFE7FB0B0A880C05EFE7FB0B0AA80A1
:10E34400F85EFE7FB0A90280145FFE7FB0B0AA80A1
:10E354002C5FFE7F01000000285FFE7FB0A90280D1
:10E36400705FFE7FB0AD16802462FE7FB0AD188072
:10E374008463FE7FB0A908800864FE7FB0A805808E
:10E384003064FE7F01000000B464FE7FB0AF1280F1
:10E394009865FE7F010000009C65FE7FB0AD16808D
:10E3A400EC66FE7FB0AE2B80C86BFE7FB0B0AA8057
:10E3B400946CFE7FAB3F0880246DFE7FAA05B2807B
:10E3C400BC6DFE7FB0AA0580006FFE7FB0A90680F9
:10E3D400886FFE7FB0A90280D070FE7FB0AD188038
:10E3E4009472FE7FB0AD1A804C74FE7FB0AD16807F
:10E3F4009C75FE7FB0AA0180F475FE7F01000000C9
:10E404000886FE7FAD3F04807C87FE7FB0AE078028
:10E41400C888FE7F010000001089FE7FB0A9068035
:10E424008089FE7FB0AB0480D889FE7FB0AA0580C6
:10E434009C8AFE7F01000000E48AFE7FB0A9088068
:10E444005C8BFE7F01000000A48BFE7FB0AF0C80CC
:10E45400848DFE7FB0A90680D88DFE7F0100000068
:10E46400EC8DFE7FD8F1FF7F248EFE7F010000003B
:10E474001C8FFE7FB0B0AA80A48FFE7F0100000035
:10E484001490FE7FB0B0AC808C90FE7FBCF1FF7F17
:10E49400AC90FE7F01000000D490FE7FB0AF1080EE
:10E4A400A892FE7F010000003093FE7FB0AB048091
:10E4B400B893FE7FB0AA01804894FE7FB0AF0A8073
:10E4C400AC96FE7F01000000F896FE7FB0A80580A0
:10E4D4002497FE7F010000007C98FE7FB0AA038091
:10E4E400A898FE7F010000006C99FE7FB0AC098003
:10E4F400349AFE7F01000000609CFE7FB0AB028076
:10E50400089DFE7F01000000049EFE7FB0B0AA803B
:10E51400BC9EFE7F40F1FF7FF89EFE7FAB08B1807A
:10E52400809FFE7F3CF1FF7FB8A3FE7F58F1FF7F01
:10E53400C0A3FE7F01000000CCA3FE7F64F1FF7F37
:10E54400CCA3FE7F68F1FF7FD8A3FE7F010000000B
:10E55400F0A3FE7FB0B0A8802CA4FE7F01000000D1
:10E5640068A4FE7FB0B0AA8094A4FE7FB0B0A88057
:10E57400FCA4FE7F01000000E4A5FE7FB0B0AC80E7
:10E5840008A6FE7F0100000064A6FE7FB0AF0280F3
:10E59400DCA6FE7FB0AF128094AAFE7FB0AF0880E5
:10E5A400CCABFE7F0100000024ACFE7F0CF1FF7FAA
:10E5B400F0ACFE7F28F1FF7F64ADFE7F0100000018
:10E5C400AD9303082902000859DB0008D50A0208A4
:10E5D40031170208FD270308F1590308A172030843
:08E5E400F97B030851800308D4
:04E5EC000102000820
:10E5F00000000003063800000000000000000000DA
:10E60000000000000000000000000000000000000A
:10E6100000000000000000000000000000000000FA
:10E6200000000000000000000000000000000000EA
:10E6300000000000000000000000000000000000DA
:10E6400000000000000000000000000000000000CA
:10E6500000000000000000000000000000000000BA
:10E6600000000000000000000000000000000000AA
:10E67000000000000000000000000000000000009A
:10E68000000000000000000000000000000000008A
:10E69000000000000000000000000000000000007A
:10E6A000000000000000000000000000000000006A
:10E6B000000000000000000000000000000000005A
:10E6C000000000000000000000000000000000004A
:10E6D000000000000000000000000000000000003A
:10E6E000000000000000000000000000000000002A
:10E6F000000000000000000000000000000000001A
:10E700000000000000000000000000000000000009
:10E7100000000000000000000000000000000000F9
:10E7200000000000000000000000000000000000E9
:10E7300000000000000000000000000000000000D9
:10E7400000000000000000000000000000000000C9
:10E7500000000000000000000000000000000000B9
:10E7600000000000000000000000000000000000A9
:10E770000000000000000000000000000000000099
:10E780000000000000000000000000000000000089
:10E790000000000000000000000000000000000079
:10E7A0000000000000000000000000000000000069
:10E7B0000000000000000000000000000000000059
:10E7C0000000000000000000000000000000000049
:10E7D0000000000000000000000000000000000039
:10E7E0000000000000000000000000000000000029
:10E7F0000000000000000000000000000000000019
:10E8000000000000000000002002002000000000C6
:10E8100000000000640E0020CC0E0020340F002009
:10E8200000000000000000000000000000000000E8
:10E8300000000000000000000000000000000000D8
:10E8400000000000000000000000000000000000C8
:10E8500000000000000000000000000000000000B8
:10E8600000000000000000000000000000000000A8
:10E870000000000000000000000000000000000098
:10E880000000000000000000000000000000000088
:10E890000000000000000000000000000000000078
:10E8A0000000000000000000010000000000000067
:10E8B0000E33CDAB34126DE6ECDE05000B0000002C
:10E8C0000000000000000000000000000000000048
:10E8D0000000000000000000000000000000000038
:10E8E0000000000000000000000000000000000028
:10E8F0000000000000000000000000000000000018
:10E900000000000000000000000000000000000007
:10E9100000000000000000000000000000000000F7
:10E9200000000000000000000000000000000000E7
:10E930000000000003000000640E002043000000FF
:10E9400000000000000000000000000000000000C7
:10E950000000000000000000000000004300000074
:10E9600000000000000000000000000000000000A7
:10E970000000000000000000000000004300000054
:10E980000000000000000000000000000000000087
:10E990000000000000000000000000004300000034
:10E9A0000000000000000000000000000000000067
:10E9B0000000000000000000000000004300000014
:10E9C0000000000000000000000000000000000047
:10E9D00000000000000000000000000043000000F4
:10E9E0000000000000000000000000000000000027
:10E9F00000000000000000000000000043000000D4
:10EA00000000000000000000000000000000000006
:10EA1000000000000000000000000000218B000842
:10EA2000156E000800000000D895030840B80308E0
:10EA300018B9030818B9030818B9030818B9030866
:10EA400018B9030818B9030818B9030818B9030856
:10EA500018B90308FFFFFFFFFFFFFFFFFFFFFFFFE6
:10EA6000FFFF00000100415343494900000000003E
:10EA70000000000000000000000000000000000096
:10EA8000000000000000415343494900000000001D
:10EA90000000000000000000000000000000000076
:10EAA0000000000000000000A00F00200000000097
:10EAB0000000000000000000C0040020C00400208E
:10EAC000C8040020C8040020D0040020D004002086
:10EAD000D8040020D8040020E0040020E004002036
:10EAE000E8040020E8040020F0040020F0040020E6
:10EAF000F8040020F8040020000500200005002094
:10EB00000805002008050020100500201005002041
:10EB100018050020180500202005002020050020F1
:10EB200028050020280500203005002030050020A1
:10EB30003805002038050020400500204005002051
:10EB40004805002048050020500500205005002001
:10EB500058050020580500206005002060050020B1
:10EB60006805002068050020700500207005002061
:10EB70007805002078050020800500208005002011
:10EB800088050020880500209005002090050020C1
:10EB90009805002098050020A0050020A005002071
:10EBA000A8050020A8050020B0050020B005002021
:10EBB000B8050020B8050020C0050020C0050020D1
:10EBC000C8050020C8050020D0050020D005002081
:10EBD000D8050020D8050020E0050020E005002031
:10EBE000E8050020E8050020F0050020F0050020E1
:10EBF000F8050020F805002000060020000600208F
:10EC0000080600200806002010060020100600203C
:10EC100018060020180600202006002020060020EC
:10EC2000280600202806002030060020300600209C
:10EC3000380600203806002040060020400600204C
:10EC400048060020480600205006002050060020FC
:10EC500058060020580600206006002060060020AC
:10EC6000680600206806002070060020700600205C
:10EC7000780600207806002080060020800600200C
:10EC800088060020880600209006002090060020BC
:10EC90009806002098060020A0060020A00600206C
:10ECA000A8060020A8060020B0060020B00600201C
:10ECB000B8060020B8060020C0060020C0060020CC
:10ECC000C8060020C8060020D0060020D00600207C
:10ECD000D8060020D8060020E0060020E00600202C
:10ECE000E8060020E8060020F0060020F0060020DC
:10ECF000F8060020F806002000070020000700208A
:10ED00000807002008070020100700201007002037
:10ED100018070020180700202007002020070020E7
:10ED20002807002028070020300700203007002097
:10ED30003807002038070020400700204007002047
:10ED400048070020480700205007002050070020F7
:10ED500058070020580700206007002060070020A7
:10ED60006807002068070020700700207007002057
:10ED70007807002078070020800700208007002007
:10ED800088070020880700209007002090070020B7
:10ED90009807002098070020A0070020A007002067
:10EDA000A8070020A8070020B0070020B007002017
:10EDB000B8070020B8070020C0070020C0070020C7
:10EDC000C8070020C8070020D0070020D007002077
:10EDD000D8070020D8070020E0070020E007002027
:10EDE000E8070020E8070020F0070020F0070020D7
:10EDF000F8070020F8070020000800200008002085
:10EE00000808002008080020100800201008002032
:10EE100018080020180800202008002020080020E2
:10EE20002808002028080020300800203008002092
:10EE30003808002038080020400800204008002042
:10EE400048080020480800205008002050080020F2
:10EE500058080020580800206008002060080020A2
:10EE60006808002068080020700800207008002052
:10EE70007808002078080020800800208008002002
:10EE800088080020880800209008002090080020B2
:10EE90009808002098080020A0080020A008002062
:10EEA000A8080020A8080020B0080020B008002012
:10EEB000B8080020B8080020FFFFFFFF0000020094
:10EEC000AAAAAAAA00000000FF000000000000009B
:10EED000FF00000000000000FF0000000400000030
:10EEE000080000000A00000002000000000000000E
:10EEF000FF00000004000000080000000A000000FD
:10EF00000200000000000000FF00000005000000FB
:10EF1000070000000A0000000200000000000000DE
:10EF2000FF00000005000000070000000A000000CC
:10EF30000200000000000000FF00000000000000D0
:10EF4000FF00000000000000FF00000000000000C3
:10EF5000FF00000000000000FF00000000000000B3
:10EF6000FF00000000000000FF00000000000000A3
:10EF7000FF00000000000000FF0000000000000093
:10EF8000FF00000000000000FF0000000000000083
:10EF9000FF00000000000000FF0000000B00000068
:10EFA0000200000000000000FF0000000000000060
:10EFB000FF0000000B000000020000000000000045
:10EFC000FF00000000000000FF0000000000000043
:10EFD000FF00000000000000FF0000000000000033
:10EFE000FF00000008000000040000000C0000000A
:10EFF0000200000000000000FF0000000800000008
:10F00000040000000C0000000200000000000000EE
:10F01000FF00000000000000FF00000000000000F2
:10F02000FF00000000000000FF00000007000000DB
:10F0300009000000080000000400000000000000BB
:10F04000FF000000070000000900000008000000A9
:10F050000400000000000000FF00000000000000AD
:10F06000320000000000000000000000000000006E
:10F070000000000000000000000000000000000090
:10F08000000000000000000000000000320000004E
:10F090000000000000000000000000000000000070
:10F0A0000000000000000000000000000000000060
:10F0B000000000000000000032000000000000001E
:10F0C0000000000000000000000000000000000040
:10F0D0000000000000000000000000000000000030
:10F0E00000000000320000000000000000000000EE
:10F0F0000000000000000000000000000000000010
:10F10000000000000000000000000000309A002015
:10F11000709A002071F0000859F0000889F000088A
:10F120004DF0000800000000040309041201000271
:10F13000EF0201400912320D000301020301000039
:10F14000A1F40008ADF40008B9F40008F1F40008D7
:10F15000D5F400080DF5000829F5000812034D004C
:10F1600053004600540031003000300050000000D1
:10F1700000640040080000000000000000000003E0
:10F1800000000F000000300000010101000000003D
:10F1900000000000000000000024F4000100000056
:10F1A00009026A00030100C032080B0002020201DA
:10F1B00000090400000102020100052400100105FD
:10F1C000240100010424020205240600010705822F
:10F1D0000308001009040100020A000000070501ED
:10F1E0000240000007058102400000080B020100F8
:10F1F00000000609040200020001000007050302E6
:10F20000400000070583024000000000A9790108C2
:10F210004D79010869780108000000007177010844
:10F22000F5770108B5770108000000000000000034
:10F2300000000000417A01089D770108357A010835
:10F24000A977010845F500080A0600020000004001
:10F250000100000000F8012058FA00200100000021
:10F260003F9F9541000040410000404100000000E8
:10F270000A000000004000000002000000000C082E
:10F2800000000C08000000000B000000004000001F
:10F290000002000000000E0800000E08F5880308B8
:04F2A000550C000801
:040000050800CB61C3
:00000001FF
