:020000040800F2
:100000000000022061CB000879F50008FDF500082A
:1000100011F6000831F6000839F60008000000006B
:1000200000000000000000000000000061CC00089B
:1000300041F6000800000000F1CC000845F6000879
:10004000B5CB0008B5CB0008B5CB0008B5CB000890
:10005000B5CB0008B5CB0008D5150208F515020888
:1000600015160208351602085516020849F600084A
:10007000B5CB000855F60008B5CB000861F60008BE
:100080006DF6000879F60008B5CB000891F6000877
:100090009DF60008A9F60008B5F6000875160208D6
:1000A000B5CB0008B5CB0008B5CB0008B5CB000830
:1000B000B5CB0008B5CB0008B5CB000835DB000890
:1000C00041DB0008B5CB0008B5CB0008B5CB000874
:1000D000B5CB0008B5CB0008C1F60008B5CB0008C9
:1000E000F9160208B5CB0008B5CB0008B5CB00085F
:1000F000A9D80008CDF60008B5CB000885F60008A1
:10010000B5CB0008B5CB00089DD80008E9F600087B
:10011000F5F60008B5CB0008B5CB0008B5CB000854
:10012000B5CB0008B5CB0008B5CB0008B5CB0008AF
:10013000B5CB00080000000000000000B5CB0008AF
:10014000B5CB0008B5CB0008B5CB00084DDB0008E7
:10015000B5CB0008B5CB0008B5CB0008B5CB00087F
:10016000B5CB0008B5CB0008B5CB0008B5CB00086F
:10017000B5CB000851D900080000000000000000C5
:08018000B5CB0008B5CB000867
:1001C0000348044B834202D0034B03B118477047E6
:1001D000B40C0020B40C0020000000000548064BC1
:1001E0001B1AD90F01EBA301491002D0034B03B135
:1001F00018477047B40C0020B40C00200000000029
:1002000010B5064C237843B9FFF7DAFF044B13B15E
:100210000448AFF300800123237010BDB80C002008
:10022000000000004C94030808B5044B1BB10449BE
:100230000448AFF30080BDE80840CFE700000000AD
:10024000BC0C00204C94030810EE103AC3F3C752C4
:100250007F3A162A194615DC002A0CDB0C4810419F
:10026000184205D04FF4800313410B4423EA0003E6
:1002700000EE103A7047013203F00043F8D143F02A
:100280007E53F5E7802AF3D130EE000A704700BFB5
:10029000FFFF7F0010EE102AC2F3C7537F3B162BDF
:1002A00022F0004129DC002B104618DB1A491941C5
:1002B0000A4221D0DFED197A70EE277AF5EEC07A86
:1002C000F1EE10FA18DD002A04DA4FF4000242FAC7
:1002D00003F3184420EA010300EE103A7047DFED03
:1002E0000F7A70EE277AF5EEC07AF1EE10FA03DDA0
:1002F000002A08DB9FED0A0A7047B1F1FF4FFBD3DC
:1003000030EE000A7047DFED077A0029BFEE000AE1
:1003100008BFB0EE670A7047FFFF7F00CAF249715D
:10032000000000000000008010B4044C03460A46A0
:1003300020685DF8044B194601F0F4BF1802002054
:1003400000B5054B83B0014601AA186801F0EAFF29
:1003500003B05DF804FB00BF18020020000000009D
:10036000000000000000000000000000000000008D
:10037000000000000000000000000000000000007D
:1003800030B490F800F020F007016FF0000C10F08E
:10039000070491F820F040F048804FF000046FF01F
:1003A0000700D1E9002391F840F000F1080082FA3B
:1003B0004CF2A4FA8CF283FA4CF3A2FA8CF34BBB06
:1003C000D1E9022382FA4CF200F10800A4FA8CF27F
:1003D00083FA4CF3A2FA8CF3E3B9D1E9042382FA4D
:1003E0004CF200F10800A4FA8CF283FA4CF3A2FA62
:1003F0008CF37BB9D1E9062301F1200182FA4CF29A
:1004000000F10800A4FA8CF283FA4CF3A2FA8CF300
:10041000002BC6D0002A04BF04301A4612BAB2FA22
:1004200082F200EBD20030BC7047D1E9002304F027
:100430000305C4F100004FEAC50514F0040F91F85C
:1004400040F00CFA05F562EA05021CBF63EA0503F9
:1004500062464FF00004AAE7830730B547D0541E28
:10046000002A3ED0CAB2034601E0013C39D303F86A
:10047000012B9D07F9D1032C2CD9CDB205EB052515
:100480000F2C05EB054535D9A4F1100222F00F0C15
:1004900003F1100EE6444FEA121C1A46C2E9005559
:1004A000C2E9025510327245F8D10CF1010214F084
:1004B0000C0F03EB021204F00F0C13D0ACF1040389
:1004C00023F003030433134442F8045B9342FBD14B
:1004D0000CF003042CB1C9B21C4403F8011BA34265
:1004E000FBD130BD64461346002CF4D1F9E7034636
:1004F0001446C0E71A46A446E0E700BF0EB470B544
:100500009DB021AC00254FF4017254F8046BADF896
:1005100014201B9502900690FFF732FF0B4B0A93B5
:100520000B4B03904FF6FF710790ADF8161018684B
:100530000E953246234602A91395019400F092FBD2
:100540001DB0BDE8704003B0704700BF69210008CE
:10055000180200200CB4F0B59DB022AC00254FF479
:1005600001730646084654F8047BADF81430029136
:1005700006911B95FFF704FF0346039307930A4B6D
:100580000A934FF6FF73ADF816303A4630462346CD
:1005900002A90E951395019400F064FB1DB0BDE80F
:1005A000F04002B0704700BF6921000811F0FF0160
:1005B000034600F0030239D08ABB026810B501EB94
:1005C000012E0EEB0E4E8EEA0204A2F1013323EA55
:1005D0000203A4F1013222EA0402134313F0803F24
:1005E0000FD150F8044F84EA0E0CA4F10133ACF1A2
:1005F000013223EA040322EA0C02134313F0803F82
:10060000EFD0037823B936E010F8013F002B32D049
:100610009942F9D110BD8A4228D09A0729D01A7878
:1006200018460133002AF6D110467047CAB902684D
:10063000A2F1013323EA020313F0803F08D150F8FE
:10064000042FA2F1013323EA020313F0803FF6D016
:1006500003785BB110F8013F002BFBD1704799077D
:1006600005D0184613F8012B002AF8D17047184618
:10067000DDE71846A1E7184610BD00BF00000000E6
:1006800002780B78012A28BF9A4240F0D8806DE9A1
:10069000044540EA0104CDE902676FF0000C4FEA1F
:1006A00044721AB380EA010414F0070F6BD100F012
:1006B000070420F0070004F0030521F007014FEACA
:1006C000C505F0E8042314F0040FF1E804670CFA00
:1006D00005F462EA040266EA04060BD063EA040346
:1006E000624667EA0407664604E000BFF0E80423B8
:1006F000F1E8046782FA4CF582EA0604A4FA8CF465
:100700006CBB83FA4CF583EA0705A5FA8CF595B91D
:1007100050E9022351E9026782FA4CF582EA0604A5
:10072000A4FA8CF483FA4CF583EA0705A5FA8CF554
:100730002543DBD09CB92DBAB5FA85F424F0070423
:1007400027FA04F1DDE9026723FA04F303F0FF005E
:1007500001F0FF01FDE80445A0EB0100704724BA59
:10076000B4FA84F424F0070426FA04F1DDE9026700
:1007700022FA04F202F0FF0001F0FF01FDE8044557
:10078000A0EB0100704714F0030F3CD110F00304FC
:1007900028D150F8082B51F8083B82FA4CF582EA30
:1007A0000305A5FA8CF55DB950F8042C51F8043C0A
:1007B00082FA4CF582EA0305A5FA8CF5002DE8D003
:1007C0002DBAB5FA85F424F0070423FA04F122FACD
:1007D00004F202F0FF0001F0FF01FDE80445A0EB88
:1007E000010070474FEAC40420F0030050F8082BC2
:1007F00021F0030151F8083B0CFA04F462EA040208
:1008000063EA0403C9E710F003041DD0A1EB04015F
:1008100020F00300E40750F8042B06D012D28B78A6
:100820005FFAA2F4E41A06D12BB1CB785FFAB2F4E6
:10083000E41A00D133B920465DF8104B7047A2EBA3
:100840000300704701F1040150F8042BCC0721F09C
:10085000030151F8043B48D824D222F07F4482FAA5
:100860004CF594EA1325A5FA8CF50AD165B951F82F
:10087000043B84EA0204B4EB036F0ED150F8042B5E
:10088000EBE74FEA132355E035F07F454DD108786B
:10089000FDE80445C0F1000070474FEA126203F022
:1008A000FF0347E002EA1C4482FA4CF594EA134540
:1008B000A5FA8CF50AD165B951F8043B84EA020423
:1008C000B4EB034F0CD150F8042BEBE74FEA134382
:1008D00030E015EA1C4528D10B884FEA124229E086
:1008E0004FEA124203EA1C4324E002F0FF0482FABA
:1008F0004CF594EA1365A5FA8CF50AD165B951F85F
:10090000043B84EA0204B4EB032F09D150F8042B12
:10091000EBE74FEA13630DE015F0FF0F05D10B680D
:100920004FEA122223F07F4304E04FF00000FDE87D
:100930000445704712BA1BBA82FA4CF482EA0304E7
:10094000A4FA8CF5B5FA85F402FA04F203FA04F37A
:100950004FEA1260FDE80445A0EB1360704700BF4A
:100960002DE9F047074649480E46354616F801EB93
:1009700010F80EC01CF0080CF7D1BEF12D0F5AD0A4
:10098000BEF12B0F03BF96F800E06446AE1C644630
:100990004BB9BEF1300F5CD00A23DFF8F4804FF082
:1009A000050A99460AE0102B4AD04FF0FF38B8FBF1
:1009B000F3F803FB08FA6FEA0A0A9946002528466D
:1009C00005E02CD009FB00C0012516F801EBAEF1C3
:1009D000300CBCF1090F06D9AEF1410CBCF1190F76
:1009E0000BD8AEF1370C634510DDB5F1FF3FECD00D
:1009F0004045E6D94FF0FF35E7E7AEF1610CBCF1B9
:100A0000190F03D8AEF1570C6345EEDC6B1C0BD00D
:100A100004B140420AB165B91160BDE8F087D44520
:100A2000D0DD4FF0FF35D0E722233B602846002A77
:100A3000F3D0711EF0E796F800E00124AE1CA7E7A2
:100A4000BEF1300F11D04FF00F0A6FF07048994689
:100A5000B4E7337803F0DF03582B0BD008234FF0B3
:100A6000070A6FF060489946A8E7307800F0DF0089
:100A70005828E8D14FF0100996F801E04FF00F0A1E
:100A800002366FF070484B4698E700BF599603084E
:100A90009999991964E700BF10B4044C8446134631
:100AA00020685DF8044B0A46614659E718020020A9
:100AB00010B4044C8446134620685DF8044B0A4683
:100AC00061464DE718020020002A3ED030B584462A
:100AD0000446084380070B462ED1032A07D82BE093
:100AE000043A25D01EF0803F22D1032A22D9206863
:100AF000194653F8045BA0F1013EA842A4462EEA31
:100B0000000E04F10404EBD09CF800000C78844241
:100B10001DD1E64668B11EF8010F11F8014FA2EB96
:100B20000E03A04203F1FF3311D11CEB0303F1D1FB
:100B3000002030BDA44619469CF800000C78A04265
:100B400005D1012AF4D0E646E4E710467047001BC1
:100B500030BD00BF88420ED98B1883420BD900EB01
:100B6000020C002A6ED0624613F801CD02F801CDC6
:100B70009942F9D170470F2A0FD8034602F1FF3C82
:100B8000002A5FD00CF1010C013B8C4411F8012BC1
:100B900003F8012F6145F9D1704740EA01039B0733
:100BA00051D1A2F1100370B501F1200C23F00F0513
:100BB00001F1100E00F11004AC441B095EF8105C4A
:100BC00044F8105C5EF80C5C44F80C5C5EF8085C61
:100BD00044F8085C5EF8045C44F8045C0EF1100E06
:100BE000E64504F11004E9D1013312F00C0F01EBDA
:100BF000031102F00F0400EB031328D0043C24F08F
:100C000003064FEA940C1E441C1F8E465EF8045BDC
:100C100044F8045FB442F9D10CF1010402F003027C
:100C200003EB840301EB840102F1FF3C4AB10CF1B8
:100C3000010C013B8C4411F8012B03F8012F614595
:100C4000F9D170BD704702F1FF3C03469AE7224696
:100C5000EAE700BF08B5062003F038F801200BF0E2
:100C60007DFF00BF2DE9F04F8946B1F90C10ADF5BD
:100C70002F7D804688040693D9F8643007D441F468
:100C8000005123F40053A9F80C10C9F86430C3F3E1
:100C900040319B0400F1C080164616F8013B1193C9
:100CA000002B00F0F486DFF854A70A918E460591D8
:100CB0008B46039107911AF8034014F008046FD192
:100CC000252B5DD131782246A1F12503701C532BD1
:100CD00061D8DFE813F0540060006000600060003D
:100CE000530460006000600060006000A500A50083
:100CF000A500A500A500A500A500A500A500A500CC
:100D000060006000600060006000600060006000E3
:100D100060006000C303B0006000B00060006000CD
:100D2000600060003F0460006000B7036000600086
:100D3000600060006000600060006000950360007B
:100D400060004804600060006000600060006000B7
:100D50006000CC03D603B000B000B000D803E003BD
:100D6000600060001A046000260473063B04600003
:100D70006000C003600075066000600095030646D1
:100D8000D9F80430002B3BDDD9F8003016F8012CDF
:100D90001978914221D003980DF52F7DBDE8F08F91
:100DA000D9F804200FE0D9F800301A781AF8022098
:100DB000170703F101030ED5D9F80420013AC9E958
:100DC00000320BF1010B002AEDDC4946404601F0F0
:100DD0001DFE0028E7D002960AE00133C9F8003072
:100DE000D9F804300296013B0BF1010BC9F804302D
:100DF000029E16F8013B1193002B7FF45CAFCAE70B
:100E00004946404601F002FE0028BDD0039B1BB1BD
:100E1000B9F80C305B06BED54FF0FF330393BAE749
:100E200014F08F0FB7D102EB820201EB4202303A8D
:100E30007178064648E702900425D9F80430002B63
:100E400000F3368349464046049201F0DFFD002856
:100E5000DCD114F0400F049A00F02A836B1E032BA0
:100E600000F2A286DFE813F0B1016C01B4000400C7
:100E70004046049203F034F9049A03680C93531E1D
:100E8000B3F5AE7F44F4F06440F28C846FF4AE703E
:100E900013180F9340F25D12002556ABCDE90D55A6
:100EA0002E4604950B95CDF820800993C8461F4621
:100EB000A94625461446D8F800000378A3F12B0C68
:100EC000BCF14E0F50D8DFE81CF03B024F003B0254
:100ED0004F004F0085027B007B007B007B007B0086
:100EE0007B007B007B007B004F004F004F004F00DA
:100EF0004F004F004F0041027900790079001F0236
:100F000014024F004F00C3014F004F004F004F002D
:100F100071024F006E024F004F004F0069024F00F8
:100F20004F004F0053024E024F004F004F004F0042
:100F30004F004F004F0041027900790079001F02F5
:100F400014024F004F00C3014F004F004F004F00ED
:100F500071024F006E024F004F004F0069024F00B8
:100F60004F004F0053024E020C9A92F800C09C456D
:100F700017D1AA0515D5049A0B9225F4207507F808
:100F8000013B013CD8F80430013B002B0BF1010B75
:100F9000C8F8043040F307830130C8F80000002C83
:100FA00089D1049B2C4635464E46C146DDF820804B
:100FB000002B00F0628124F480745EE12A05F0D5F4
:100FC00019EB060CEDD1664625F4C075E146D6E76F
:100FD000531EB3F5AE7F88BF6FF4AE714FF00006BD
:100FE0008CBF5718002756AB88BF40F25D124946A8
:100FF000D946B346059E089744F4586409931D46A4
:101000001746086890F800C0ACF12B034D2B5FD851
:10101000DFE813F012025E0012025E005E00BC0206
:1010200018011801180118011801180118010B0204
:101030000B025E005E005E005E005E005E005E0011
:101040004E004E004E004E004E004E005E005E0010
:101050005E005E005E005E005E005E005E005E00A0
:101060005E005E005E005E005E005E005E00FF01EE
:101070005E005E005E005E005E005E005E005E0080
:101080004E004E004E004E004E004E005E005E00D0
:101090005E005E005E005E005E005E005E005E0060
:1010A0005E005E005E005E005E005E005E00FF01AE
:1010B0000A2E0DDD24F4386405F801CB4B68013BA2
:1010C000002B4B6040F37A8201300860013F98D1D9
:1010D00005965E46CB468946E10507D5099B9D42AC
:1010E00000F2AD84099B9D423FF455AE14F010020E
:1010F00040F07482059B079F09992A704046B847C3
:10110000069BA20603F1040700F16282630700F167
:10111000758414F0010240F05A82A40740F157820E
:10112000B44B079999424046059B099900F01785F1
:1011300002F048FF0B46069A1168C1E9000349E234
:10114000D9F800100B78002A1AF8033008BF4FF0C6
:10115000FF32E00704F0100603F0080300F1768286
:10116000002E00F02983002B7FF442AED9F8043022
:101170000131013B012AC9F80010C9F8043008BF49
:101180000BF1010B3FF434AE0124154613E0D9F8FE
:1011900000301A781AF80220160703F1010312D45E
:1011A000C9F80030D9F804300134013BA542C9F830
:1011B000043000F05684002BE9DC4946404601F03B
:1011C00025FC0028E3D0A34412E6002A08BF4FF014
:1011D000FF3204F01003E0070B9300F12C83D9F8E1
:1011E00000100B980B7816ACE35C002800F092829C
:1011F000002B3FF4D0ADD9F804300131013B012A76
:10120000C9F80010C9F8043018BF164610D117E00D
:10121000D9F800301A78A25C01338AB1C9F80030DD
:10122000D9F804300135013BAE42C9F8043007D08B
:10123000002BEDDC4946404601F0E8FB0028E7D0F2
:10124000AB44D5E56C4B24F4386433F9166033E7CE
:10125000002E40F0C881049A002A40F09C8205F4D8
:10126000E06CBCF5E06F00F015842C460023354699
:101270004E46C146DDF820800493013E012E40F227
:1012800050846B1E062B40F25983E50540F1B9816D
:10129000600500F1548417F8011C652907F1FF353A
:1012A0000BF1FF3602D0452940F07E834A46404686
:1012B00001F06EFB14F0100340F06C832B70B3460A
:1012C0000D9B002B40F0A48309990022404603F0B7
:1012D00009FF069BE10757EC106B03F1040540F191
:1012E00044831B6883ED000B039B06950133039336
:1012F0007EE5290503D519EB060C3FF464AE022EFA
:101300007FF44FAE03263AE629053FF559AE05F4C2
:10131000A06CBCF5806F05D06A057FF542AE049ADB
:10132000002AA2D0A90504D4049A0B99521ACDE937
:101330000D2725F47865002245F4C07504921EE659
:1013400029067FF52EAE25F0800518E62A0503D57F
:1013500019EB060C3FF437AEB9F1010F7FF421AE63
:101360004FF002090BE6072E7FF41BAE082606E6B7
:1013700005F4186CBCF5807F7FF413AE049A012A43
:101380007FF40FAE25F480754FF0300C002207F883
:1013900001CB45F40065013C0492F0E5062E7FF494
:1013A00000AE0726EBE52A05B1D4FAE5B9F1000F46
:1013B00040F02081049A2AB905F4E06CBCF5E06F96
:1013C00000F06D83012E02D0042E7FF4EAAD0136C9
:1013D000F6B2D4E5E9057FF5F3AD049B0133049340
:1013E0000F9B25F08005002B3FF4CBAD0F9B013BFD
:1013F0000F93C7E5950A0008349603085996030829
:10140000029044F400748D4B079310230593032539
:1014100013E504F4C063B3F5007F7FF459AE24F400
:10142000007444F4A064102646E6854B33F9166038
:10143000082E3FF73FAE4BE623067FF549AE24F07A
:10144000800439E6029044F001047C4B07930823A2
:1014500005930325F1E402900225EEE4029044F0A6
:101460000104784B07930A2305930325E5E40290D2
:1014700044F040040025D9F80430002B3FF7EEACCF
:10148000E0E40290EDE723077FF485AC717844F047
:101490000404064618E4D9F804300290002B694B86
:1014A00007934FF0000305934FF003057FF7CAAC95
:1014B000D9F800100B781AF8033018077FF5CEAC76
:1014C00016460A4606E0C9F8002013781AF80330D9
:1014D000190718D5D9F80430013B002B0BF1010B8B
:1014E000C9F8043002F10102EDDC4946404601F042
:1014F0008DFA00287FF48AACD9F8002013781AF806
:1015000003301907E6D43246A8E425077FF443AC3C
:1015100071786C2900F09C8244F001040646FFF7C4
:10152000D3BBE70602903FF563AC069B660753F812
:10153000042B00F16A82E507C2F800B004D4A407C6
:1015400002D54FEAEB715160069351E4029044F4E6
:10155000087458E721077FF41EAC717844F0020448
:101560000646FFF7B1BB014616A8049202F048FDFB
:1015700044F04004049A029001257CE722437FF462
:101580000AAC717810240646FFF79EBB23057FF551
:1015900093AD16B944F400740826620540F1C38186
:1015A00024F4B06488E50898414601F02FFA002839
:1015B0007FF4F7AC002C7FF47EACF2E4404604915B
:1015C00001F024FA049900283FF480AD80E5069BE1
:1015D0001B681860039B069701330393099BED1A60
:1015E0003544AB4404E4032E3FF4F1AE052E3FF442
:1015F000EEAED6E4B9F1020F7FF4E4AE4FF003098A
:10160000BDE414F010037FF4F3AB3B7004F4C0634B
:10161000B3F5806F7FF454AE0B9B049A93423FF472
:1016200053AE9A1A0DF2AB239F4228BF0DF2AA27A0
:101630000549384601F08AF946E600BF950A0008D8
:1016400034960308A91E0008B8B80308002E40F01D
:10165000A481069F57F804CB002B52D10025069792
:1016600064462F460496154603F040FEB8423FF408
:10167000CDABD9E9003113F8010B0139C9E90031CB
:101680000A9B56AA032BD055099207F1010714AE05
:1016900002D13368042B04D0082200213046FEF723
:1016A000DBFE099A00963B462146404600F098FD35
:1016B000421C0A903FF4AAAB002840F0D58120607C
:1016C00000F08AFD002840F01582BB44013D049BD8
:1016D000002B40F0EA8104341F46D9F80430002B77
:1016E00040F3F981D9F800301B781AF803301B0752
:1016F00001D4002DB8D1049E069FA446002E40F0D0
:10170000AD81039B0697013303930023CCF800308F
:10171000FFF76EBB069F57F8040B002B3FF43BAB63
:10172000D9F80430013BC9F804304B1CC9F800302B
:1017300006460B7806F8013B012A23D08518049051
:1017400011E0D9F800100B78E35C7BB3D9F80430D2
:10175000013BC9F804304B1CC9F800300B7806F87F
:10176000013BAE4222D0D9F80430002BE9DC4946D7
:10177000404601F04BF90028E3D00498B0423FF412
:1017800045AB351A039B0697013303930023AB4403
:101790003370FFF72DBB2C4635464E46C146DDF86B
:1017A000208008E400230F93FFF776BB0498351AD6
:1017B000002DE7D1FFF7EFBA069F57F8046B002B17
:1017C00040F0CB81D9F80430013BC9F804304B1C00
:1017D000C9F8003034460B7804F8013B012A00F0C8
:1017E000C381B51813E0D9F800301A781AF802202E
:1017F000100716D4D9F80420013AC9F804205A1C5D
:10180000C9F800201B7804F8013BAC4209D0D9F894
:101810000430002BE7DC4946404601F0F7F8002889
:10182000E1D0A61BB344039B069701330393002327
:101830002370FFF7DDBA002B40F0DE80069B53F8E3
:10184000047B06930A9CCDF820B000259346CDF882
:10185000108003F04BFDA8423FF4D8AAD9E900322A
:1018600056A813F8011B4155013A032CC9E900326F
:1018700005F101050DF1480803D1D8F80030042B1B
:1018800004D0082200214046FEF7E6FD39460498C0
:10189000CDF800802B4656AA00F0A2FC411C04465D
:1018A0003FF4B4AA002840F0BD803860064614AB6F
:1018B0000822002118460993FEF7CEFDB749099B7F
:1018C00004983246D1F8E06010A9B04701280CBF57
:1018D0009DF84060002616AB9B5D002B00F0E78072
:1018E000089B032C2B44089300F0A3800BF1FF3BD3
:1018F0000B9B03B90437D9F80430002B4FF00005D7
:101900006BDDBBF1000FA4D1DDF820B0DDF8108055
:101910000A940B9B002B7FF46BAA3B60039B013363
:101920000393FFF765BA089B24F4607413B1013B7D
:10193000089301370BF1010BFFF7C0BB022D40F2FA
:101940001E81032D3FF4A1AC043DEEB2F5433D44AE
:1019500017F8011D4A46404601F01AF8AF42F7D188
:101960000BF1FF3BABEB060B8FE4069BA2071B685A
:10197000049347D432463B463046394609F0F8FCDA
:10198000002840F0F4803046394609F04FFD049BB2
:101990001860A9E4B346FFF72BBA002B7FF428AAFE
:1019A000069F0DF1440C59E64A46404600F0F0FF10
:1019B000ABF1020617F8021CBD1E77E4029044E565
:1019C000774B07930A23029005930325FFF735BA57
:1019D000D9F80430002B3FF73CAF0498494601F09A
:1019E00015F800288DD0DDF820B0DDF810800A94BD
:1019F000002D8ED0FFF70ABA11AF23E7069B1B68B4
:101A00001880E7E583ED000B6EE4A2F800B09BE5DB
:101A10000E9F0A230022791C404600F045FA0D9BD8
:101A2000C21AFFE5821CD3D03E68731C7FF43FAF1F
:101A300051E7D8F80030042B7FF458AF58E715F879
:101A4000011C4A464046013D00F0A2FFFFF74ABB99
:101A5000B17844F002040236FFF736B90697FFF773
:101A6000C7B9AB44FFF7C4B90A9B02333FF435AEA4
:101A7000206800F0B1FB00283CD10A9B032BBB443B
:101A80007FF424AE3368042B7FF420AE1FE603936B
:101A9000FFF781B925F4F0650126FFF770BA25F448
:101AA000F0654FF00109FFF76ABA002715E6DDF887
:101AB00020B0DDF810800A94002D3FF42AAF56AB19
:101AC0005C19013D14F8011D4A46404600F060FFD4
:101AD000002DF6D11DE74946404600F097FF00284B
:101AE0003FF400AE3D46049E069FA446002D7FF4C1
:101AF0008DA903E63D46049E069FA446002D3FF4B3
:101B0000FDAD099CCDF810C02C44013D14F8011D19
:101B10004A46404600F03CFF002DF6D1DDF810C0EB
:101B2000ECE5099CA7427FF636A917F8011D4A4645
:101B3000404600F02DFFA742F7D1FFF72CB9099CD2
:101B4000A7427FF628A917F8011D4A46404600F033
:101B50001FFFA742F7D1FFF71EB9344663E605F031
:101B60001FFB0B46FFF7E7BA0BF1010B5BE60D48D5
:101B700002F064F9049B83ED000AFFF7B5BB099BF3
:101B80009F427FF608A917F8011D4A46404600F01B
:101B9000FFFE099B9F42F6D1FFF7FDB84C030020E2
:101BA000950A000898B90308012A38BF012204F0F9
:101BB000100714F00104164615D1002F6BD1069CB6
:101BC000134654F8041BCDF800900122404600F063
:101BD00039FF00283FF41AA9039B0694013383447C
:101BE0000393FFF705B9002F46D000230493002587
:101BF0002C460A9DCDF8208003F078FBA0423FF4EC
:101C000005A9D9E9003156AA13F8010B105501397D
:101C1000032D04F10108C9E9003114AC02D1226896
:101C2000042A04D0082200212046FEF715FC56AAFB
:101C3000049908980094434600F0D2FA421C0546E5
:101C40003FF4E4A800283CD1C344013E27B9049BDB
:101C50001F60049B04330493D9F80430002B4FF029
:101C600000043FDD002EC7D1DDF820800A95002F4B
:101C70003FF454AEFFF7BCB8069B53F8042B049214
:101C80000693B4E7C9F80010404649461C44F61ACA
:101C900000F0BCFE78B9D9E900239E4202EB0301B3
:101CA000F0DC9B1B32443444C9F80430C9F80020EE
:101CB000A344FFF79DB8002C3FF4A8A8A344FFF766
:101CC00097B8831C09D00328C34402D12368042B8E
:101CD00000D0013E002FBCD0BEE7D9F80410002987
:101CE000444689DC0898494600F090FE0028B9D0A7
:101CF000DDF820800A95002C7FF488A8002F3FF49F
:101D00000DAEFFF775B800BF13460A460146022024
:101D100000F0D6BA032A30B415D941EA0004A4076A
:101D200084460B4604D0541E0FE0043A032A08D917
:101D30001946604653F8044B5CF8045BA542F4D0A6
:101D4000F1E760461946541E7AB1431E0139021963
:101D500001E09A4209D013F8010F11F801CF604554
:101D6000F7D0A0EB0C0030BC7047002030BC7047AF
:101D7000242B2DE9F84F43D8012B41D08046494808
:101D80001F468E4675461EF801BB10F80B4014F036
:101D90000804F7D1BBF12D0F6FD0BBF12B0F08BF9B
:101DA0009EF800B06FF0004908BF05F1020E73BB4A
:101DB000BBF1300F4BD00A273B460025B9FBF7F6A5
:101DC000284607FB169A05E03AD007FB00C001251C
:101DD0001EF801BBABF1300CBCF1090F06D9ABF119
:101DE000410CBCF1190F19D8ABF1370C63451EDD5E
:101DF000B5F1FF3FECD08642E6D24FF0FF35E7E782
:101E000005F0F4F8162303600020BDE8F88F102BCE
:101E1000D3D1BBF1300F23D01F46CEE7ABF1610C1D
:101E2000BCF1190F03D8ABF1570C6345E0DC6B1C18
:101E30002BD054B9002AE8D085BB1160BDE8F88FDB
:101E4000E245C2DA4FF0FF35C2E74042F2E79EF8C2
:101E5000003003F0DF03582B08D008273B46ACE7DF
:101E60009EF8000000F0DF005828D5D110279EF81A
:101E700001B03B460EF1020E9FE79EF800B04FF016
:101E8000004905F1020E012491E72223C8F8003031
:101E900032B10EF1FF3148461160CFE78146F8E7D5
:101EA0004846B2E75996030862E700BF10B4044CF5
:101EB0008446134620685DF8044B0A46614657E79E
:101EC0001802002010B4044C8446134620685DF8C4
:101ED000044B0A4661464BE71802002008B410B5CF
:101EE000002A9DB0044636DB4FF40273ADF814307F
:101EF0004FF000031B930291069120AB17D0013ADB
:101F00004FF6FF7104920792ADF816101F9A0193D5
:101F100002A903F065FA421C01DA8B232360029BBD
:101F200000221A701DB0BDE8104001B070474FF696
:101F3000FF7104920792ADF816101F9A019302A93F
:101F400003F04EFA431C01DA8B2323601DB0BDE879
:101F5000104001B070478B2303604FF0FF30F5E76E
:101F60000CB410B5214B00291C689CB038DB4FF035
:101F700000034FF402721B93ADF8142002900690F8
:101F80001FAB18D001394FF6FF7204910791ADF8DD
:101F9000162002A91E9A0193204603F021FA421C42
:101FA00001DA8B232360029B00221A701CB0BDE86B
:101FB000104002B070474FF6FF7204910791ADF8E0
:101FC000162002A91E9A0193204603F009FA431C29
:101FD00001DA8B2323601CB0BDE8104002B07047CB
:101FE0008B2323604FF0FF30F5E700BF180200207D
:101FF000024B0146186805F003B900BF1802002023
:10200000024B0146186806F03DBC00BF18020020D4
:10201000844641EA000313F003036DD1403A41D3F3
:1020200051F8043B40F8043B51F8043B40F8043BB2
:1020300051F8043B40F8043B51F8043B40F8043BA2
:1020400051F8043B40F8043B51F8043B40F8043B92
:1020500051F8043B40F8043B51F8043B40F8043B82
:1020600051F8043B40F8043B51F8043B40F8043B72
:1020700051F8043B40F8043B51F8043B40F8043B62
:1020800051F8043B40F8043B51F8043B40F8043B52
:1020900051F8043B40F8043B51F8043B40F8043B42
:1020A000403ABDD2303211D351F8043B40F8043BE2
:1020B00051F8043B40F8043B51F8043B40F8043B22
:1020C00051F8043B40F8043B103AEDD20C3205D3F2
:1020D00051F8043B40F8043B043AF9D2043208D0EA
:1020E000D2071CBF11F8013B00F8013B01D30B885C
:1020F00003806046704700BF082A13D38B078DD03A
:1021000010F003038AD0C3F10403D21ADB071CBF0B
:1021100011F8013B00F8013B80D331F8023B20F875
:10212000023B7BE7043AD9D3013A11F8013B00F8AE
:10213000013BF9D20B7803704B7843708B78837036
:102140006046704710B50C46B1F90E1005F042F824
:10215000002803DB236D0344236510BDA38923F40A
:102160008053A38110BD00BF002070472DE9F041CE
:102170000C46B1F90C101F46CB05054616460BD48C
:1021800021F48051A1813B46B4F90E103246284615
:10219000BDE8F04100F00EB9B4F90E1002230022A0
:1021A00006F0CCFCB4F90C10EAE700BF10B50C4601
:1021B000B1F90E1006F0C2FCB4F90C30421C0EBF8F
:1021C00023F4805343F480532065A38110BD00BFE6
:1021D000B1F90E1001F0CCBC002104F00DBF00BF1E
:1021E00070B50D4C82B0D4F8E460069C05462AB167
:1021F0000094B047431C08D002B070BD11460123C3
:10220000064A0094B047431CF6D100228A2322607C
:102210002B6002B070BD00BF4C03002098B90308CA
:1022200070B51C460F4B1D680F4B82B0D3F8E460AD
:1022300051B1944663460A46009401462846B04789
:10224000431C08D002B070BD0123084A0094284600
:10225000B047431CF6D100228A2322602B6002B0D3
:1022600070BD00BF180200204C03002098B903087D
:1022700070B50F4B0F4DAB42A3EB050607D0B61060
:10228000002455F8043B01349847A642F9D837F0AA
:10229000DDF8094D094B5E1BAB424FEAA60606D09E
:1022A000002455F8043B01349847A642F9D870BD84
:1022B00044E6040844E6040844E604086CE604081E
:1022C00070B4164D2C681CB365681F2D23DC38B91B
:1022D000AB1C0135656044F82310002070BC7047CA
:1022E00004EB850C0228CCF88820D4F888614FF0E4
:1022F000010202FA05F246EA0206C4F88861CCF847
:102300000831E5D1D4F88C311343C4F88C31DFE7C0
:10231000034C2C60D8E74FF0FF30DFE7D80F0020E8
:10232000D40C00202DE9F047DFF8749007460E46E4
:10233000904601F061FED9F800504DB133781C464B
:102340006BB1344602E014F8013F3BB13D2BFAD1AA
:10235000384601F053FE0020BDE8F087A41B286832
:102360000028F5D022463146FEF7AEFB28B9286892
:10237000035D3D2B00EB040A04D055F8040F002840
:10238000F0D1E5E7D9F80030EB1A9B103846C8F8D1
:10239000003001F033FE0AF10100BDE8F08700BF14
:1023A000B804002000B583B001AAFFF7BBFF03B05B
:1023B0005DF804FB38B50C46084D844611462046AE
:1023C0001A4600232B60644622F0B8FB431C00D061
:1023D00038BD2B68002BFBD0236038BDDC0F0020FC
:1023E00000207047024A0349034801F055BE00BF70
:1023F000400300207D8A0008200200200C4B416829
:10240000994210B5044601D006F038FBA168094B8B
:10241000994202D0204606F031FBE168064B994212
:1024200004D02046BDE8104006F028BB10BD00BF18
:10243000640E0020CC0E0020340F002000207047D6
:102440002DE9F8432A4C2B49DFF8BC90DFF8BC801B
:10245000294FC4F83811002504230822294604F125
:102460005C00264EE360C4E90055C4E90455A5604C
:102470006566A561FDF7F0FF214B636708222946D9
:1024800004F1C400C4E90749C4E90987C4E91A553D
:10249000C4E91E552567C4F8CC50C4F88050E662E4
:1024A000FDF7DAFF174BC4F8DC30294604F1680366
:1024B000082204F59670C4F88430C4E92298C4E96F
:1024C0002476C4E93455C4E93855C4F8D850C4F862
:1024D0003451C4F8E850FDF7BFFF04F1D003C4E95C
:1024E0003C98C4E93E76C4F8EC30BDE8F88300BF00
:1024F000640E0020E5230008AD210008D12100086A
:102500000900010012000200452100086D210008A9
:10251000F8B5254BD3F838310646002B3CD0234F75
:10252000D7E90134013B04D51DE05A1C04F16804CD
:1025300019D0B4F90C50013B002DF6D11C4BE360CF
:10254000C4E90155C4E9045565662560A561082202
:10255000294604F15C00FDF77FFFC4E90C55C4E98E
:1025600011552046F8BD3D680DB12F46D8E74FF410
:10257000D671304604F044FE044680B10423C0E91D
:1025800000530C302946A0604FF4D0722546FDF769
:1025900063FF3C602F46C3E7FFF752FFBFE70C2302
:1025A00038603360DDE700BF640E00204003002088
:1025B0000100FFFF436B03B17047044B044AD3F89B
:1025C00038314263002BF7D13AE700BF640E002098
:1025D000FD230008704700BF704700BF024A03494F
:1025E000002001F059BD00BF40030020E123000896
:1025F000024A0349002001F04FBD00BF4003002004
:102600003D2400089368002B00F0F8802DE9F04F7E
:10261000B1F90CC01CF0080F83B0904681460C46FF
:1026200031D00B697BB31CF00207D8F8006038D0BA
:102630000027D4F824B0E169DFF8C4A23D4655452F
:102640002B463A4628BF53464846C5B1D8470028CE
:1026500040F3CA80D8F808301B1A07442D1AC8F86E
:102660000830002B00F0B68055452B46D4F824B036
:10267000E16928BF53463A464846002DE6D1D6E9DF
:1026800000750836DBE72146484606F03DF800288D
:1026900040F0AF80B4F90CC0D8F800601CF002071D
:1026A000C6D11CF0010A63D12368A16857461846B9
:1026B0008B46002F58D01CF4007F00F0B580B94243
:1026C0000A4600F2E1801CF4906F2FD02169626904
:1026D0005D1A02EB420202EBD2726B1C52103B44B9
:1026E000934292BF93469B461A461CF4806F00F0BB
:1026F000EA801146484604F083FD002800F0F98086
:102700002A4621690090FFF783FCA289009B22F4EE
:10271000906242F08002A2815819ABEB0505C4F823
:1027200014B02361A5602060BB463A465146009232
:10273000FEF710FAA1682368009AA1EB0B011A4476
:102740003D46A16022600027D8F808305B1BAA44F0
:10275000C8F80830002B3DD02368A168B4F90CC03C
:1027600018468B46002FA6D1D6E900A708369EE76B
:102770003846BB463D460097002D41D0002846D044
:10278000009A2068A168D4E90473AA4228BF2A46A7
:10279000B84204D901EB030A524500F38580934205
:1027A00075DCE169676A5A464846B847B0F1000AE5
:1027B0001ADD009BB3EB0A0300930FD00120D8F879
:1027C0000830A3EB0A03D344A5EB0A05C8F8083088
:1027D000002BD1D1002003B0BDE8F08F2146484640
:1027E00004F0CAFB0028EAD0B4F90C3043F04003EF
:1027F000A3814FF0FF3003B0BDE8F08F0020704799
:10280000756833460836002DFAD0D3F800B02A4652
:102810000A21584602F094FD002867D00130A0EB51
:102820000B0300931A46ACE722699A4214D36269FB
:10283000BA4211D86FF00043BB4228BF3B46656ADD
:1028400093FBF2F3E16902FB03F348465246A847C3
:10285000051EC9DD7F1B77E7B94228BF39460D4603
:1028600018460A465146FEF775F9A1682368491BC8
:102870002B44A16023600029ECD12146484604F096
:102880007BFB0028E6D0AFE7BB463A464EE7594609
:102890000192FEF75FF9019AA3689B1AA36023686F
:1028A00013442360924684E759465246FEF752F994
:1028B0002368534423602146484604F05DFB00280A
:1028C0003FF477AF90E7484606F05CF903460028EE
:1028D0007FF422AF2169484605F0D4FFB4F90C30EB
:1028E0000C22C9F8002023F080037FE76A1C0092C5
:1028F00047E70C22B4F90C30C9F8002076E700BF96
:1029000000FCFF7F002301461A461846FFF7D8BC9B
:102910000CB410B59CB01EAB029106916FF0004153
:1029200004910791084953F8042B0591002402A94A
:1029300001931B9402F054FD029B1C701CB0BDE877
:10294000104002B0704700BF0802FFFF0EB430B560
:102950009CB06FF000411FAB049107910A4953F8F6
:10296000042B029000240690084D0868019302A9E8
:1029700005951B9402F034FD029B1C701CB0BDE851
:10298000304003B0704700BF180200200802FFFF6C
:1029900038B54B1C1AD09389144623F02003526893
:1029A000A381236BCDB2A3B1636B934209DD23688E
:1029B0005A1E226003F8015C636801336360284695
:1029C00038BD214601F02EF80028F0D04FF0FF3539
:1029D000F5E7236921682BB18B4203D211F8013C42
:1029E000AB420ED02346C4E90E1204F1400003228C
:1029F0002063626303F8425F0122C4E90032284683
:102A000038BD01390132C4E90012D8E710B50C46CF
:102A1000096B69B104F14003994201D005F032FF1E
:102A2000E36B63600020206313B1A36B236010BDD0
:102A3000A2892369002142F020026160A2814FF047
:102A4000FF30F3E72DE9F04F85B0834602FB03F03A
:102A50000E9C019398B38846D4E90015A842064617
:102A600022D9CDE902024FF0000904F1400A4046A4
:102A70002A46FFF7CDFA2168236B4F19C4E9007984
:102A8000194637465846A844761BDBB1534501D05A
:102A900005F0F8FEE16BC4F83090616091B10D462D
:102AA000B542A16B2160E2D332464046FFF7B0FA4F
:102AB000D4E90032921B3344C4E90032019805B0D6
:102AC000BDE8F08FDDE90202A3892844C01B43F072
:102AD0002003B0FBF2F02269A3810023C4E90023A4
:102AE00005B0BDE8F08F00BF2DE9F04F8A46B1F97F
:102AF0000C10DDB08C0407930390DAF8643007D42F
:102B000041F4005123F40053AAF80C10CAF86430C1
:102B10009804C3F3403100F1A483164616F8013B34
:102B20000D93002B00F08986DFF8A08406918E4675
:102B30008B4689460591089118F8034014F0080463
:102B40006ED1252B5DD131782746A1F12503721C6A
:102B5000532B61D8DFE813F0540060006000600080
:102B600060002F0260006000600060006000D00024
:102B7000D000D000D000D000D000D000D000D000D5
:102B8000D0006000600060006000600060006000D5
:102B90006000600060002302600060006000600070
:102BA000600060006000270260006000310160008A
:102BB0006000600060006000600060006000DC0099
:102BC000600060003A01600060006000600060002A
:102BD00060006000A001A501600060006000AC0121
:102BE000B40160006000FA016000050201061C02E9
:102BF0006000600020026000040660006000DC00ED
:102C00001646DAF80430002B5BDDDAF8003019786C
:102C100016F8012C914232D005985DB0BDE8F08FD6
:102C2000DAF80430039F0AF1400500241A460FE049
:102C3000DAF800301A7818F80220120703F10103BD
:102C40003DD5DAF80420013ACAE9003209F1010958
:102C5000002AEDDCDAF830303846194613B3AB42BF
:102C600001D005F00FFEDAF83C30CAF83040CAF85F
:102C70000430BBB1DAF83830CAF80030DAE7013393
:102C8000CAF80030DAF804300496013B09F1010972
:102C9000CAF80430049E16F8013B0D93002B7FF414
:102CA0004BAFB9E7BAF80C3043F02003AAF80C3068
:102CB000DAF81030CAF800300023CAF8043004965D
:102CC000E8E7DAF83010002900F0B9820AF1400391
:102CD000994202D0039805F0D5FDDAF83C30CAF8E5
:102CE00004300022CAF83020002B00F0A882DAF865
:102CF0003830CAF800308AE714F08F0F8CD107EB18
:102D0000870701EB4701A1F13007717816461CE7F0
:102D1000049244F40074AB4B0893102306930323EE
:102D2000DAF80410002900F3D880DAF8301000290E
:102D300000F085820AF14000814204D00398099393
:102D400005F0A0FD099BDAF83C10CAF80410002039
:102D5000CAF83000002900F07282DAF83810CAF898
:102D60000010600640F1B980022B00F0FE81032BB9
:102D700000F02E81012B37D0012F04F0100238BF54
:102D8000012714F001040A9240F02E840A9B002BC4
:102D900040F0CC82079C039854F8041BCDF800A0A7
:102DA0003B460122FFF74EFE002800F05382059BB0
:102DB00007940133814405936CE7049244F00104C5
:102DC000804B0893082306930323A9E711461CA808
:102DD00001F016F944F0400404900123DAF80410DD
:102DE0000029A2DD012BC7D1002F04F0100208BF7B
:102DF0004FF0FF3714F001040A9240F08883DAF8AC
:102E000000600A9A31781CAD695C002A00F0CE821D
:102E100000293FF401AFDAF8041001360139012F1F
:102E2000CAF80060CAF8041000F020830AF14006D6
:102E3000CDF82490B14626461C4612E0DAF8001080
:102E40000878285C0131002800F00D83CAF80010D2
:102E5000DAF8041001340139A742CAF8041000F06E
:102E600002830029EADCDAF8303003981946002B97
:102E700000F024854B4501D005F004FDDAF83C1044
:102E8000CAF83060CAF80410002900F01785DAF893
:102E90003810CAF80010D3E7049244F0400400232D
:102EA0009CE70492484B08930A230693032337E7D1
:102EB00023077FF4B1AE717844F00404164644E66B
:102EC000DAF804300492002B3F4B08934FF00003D4
:102ED00006934FF003037FF728AFDAF8000001787C
:102EE00018F8011009077FF53FAF0AF14006099471
:102EF000002534464E46994608E00130CAF80000E5
:102F0000017818F801100A0740F19581DAF80410E9
:102F10000139002906F10106CAF80410EDDCDAF8DF
:102F2000303003981946002B00F08981A34201D06C
:102F300005F0A8FCDAF83C10CAF83050CAF80410C2
:102F4000002900F07C81DAF83800D7E720077FF409
:102F500063AE71786C2900F0508444F00104164689
:102F6000F3E5E70604923FF595AE079A660752F837
:102F7000043B079200F10084E50700F15A84A4079E
:102F800040F157844FEAE972C3F800905A6081E635
:102F9000049244F40874BEE604920223C0E604924C
:102FA00044F001047EE721077FF436AE717844F0E7
:102FB00002041646C9E527437FF42EAE717810242B
:102FC0001646C2E5950A0008A91E0008599603088E
:102FD0007B1E262B44F4586440F24781A7F1270357
:102FE0000B932727002312AE1A4609930AF14003D8
:102FF00035460A933346069EDAF8001091F800C071
:10300000ACF12B004D283AD8DFE800F07E397E394C
:1030100039896D6D6D6D6D6D6D83833939393939D0
:10302000393927272727272739393939393939397C
:1030300039393939393939393973393939393939C6
:10304000393927272727272739393939393939395C
:10305000393939393939393939730A2E0FDD24F4C0
:10306000386405F801CBDAF8040001380028CAF802
:10307000040060DD0131013FCAF80010BCD10696A2
:103080001E46E10505D5B54200F29783B5423FF4EF
:10309000C3AD14F0100240F0C980069B089F03984E
:1030A0002A703146B847079BA20603F1040700F1D6
:1030B000B780630700F15C8314F0010240F0AF8039
:1030C000A10740F1AC80B74B089903989942069B41
:1030D000314600F08B8400F075FF0B46079A1168AB
:1030E000C1E900039EE0B04824F4386430F916606A
:1030F000B7E704F4C060B0F5007FC0D124F40074D9
:1031000044F4A0641026ACE72006B8D524F080046F
:10311000A7E7A54830F91660082EA0DCAFE7200528
:103120009FD516B944F400740826600540F1AA82C0
:1031300024F4B06495E7DAF83010002900F08283B7
:103140000A98814205D00398069305F09BFB069BE5
:103150000022DAF83C10CAF83020CAF8041000291E
:1031600000F07083DAF8381085E7DAF800000378A9
:10317000002F18F8035008BF4FF0FF37E10704F0A5
:10318000100205F0080573D4002A00F07181002DAB
:103190007FF480ADDAF804300130013B012FCAF82A
:1031A0000000CAF8043008BF09F101093FF472AD0C
:1031B0000AF14006324601242E46154614E0DAF89C
:1031C0000030197818F80110090703F1010300F124
:1031D000E780CAF80030DAF804300134013BA74236
:1031E000CAF8043000F00F83002BE8DCDAF8303046
:1031F00003981946002B00F0A083AB4201D005F0E4
:1032000041FBDAF83C30CAF83060CAF80430002BD1
:1032100000F09383DAF83830CAF80030D1E7079B22
:103220001B681860059B079701330593099BAD1B2D
:103230001D44A9442EE54B46099CB14694E5DAF8B5
:103240001010BAF80C300022CAE9001243F0200333
:10325000AAF80C30059B23B1BAF80C305B067FF559
:10326000DBAC4FF0FF330593D6E400230B93B9E6B4
:10327000002A00F01E82002D7FF40CAD079C0DF19A
:10328000340C00250A945E462C460792654602F0EF
:103290002DF8A042DED0DAE900210DF1480B12F83A
:1032A000010B0BF80400631C0139032ECAE900214D
:1032B000099310AC02D12368042B04D0082200210A
:1032C0002046FDF7C9F85A46099B03980094294601
:1032D000FEF786FF421C0646BCD0002840F09682CE
:1032E0002860FEF779FF002840F05C83099B994431
:1032F000013F079B002B40F0A38204351C46DAF8FF
:103300000420002A40F3ED82DAF80020127818F841
:103310000220100701D4002FB9D10A9C079AAC46AD
:10332000B346002A00F0CB810794B3E4DAE9001336
:10333000BB4280F25483DAF8302018460AF1400686
:10334000CDE9099B13462546A346B14602461144E2
:10335000CAF800105E463C46039819469344BF1ACB
:10336000002B00F032824B4501D005F08BFADAF8E1
:103370003C20CAF83050CAF80420002A00F0258208
:10338000DAF83810CAF8001097424FF00003DEDC7C
:10339000DDE9099B13463444DB1B3944CAE90013B9
:1033A000A14477E4950A00085C970308079A52F84D
:1033B000040B00293FF430ACDAF804100139CAF8E4
:1033C0000410711CCAF800100446317804F8011B7F
:1033D000012F40D0C619CDF81C900AF14007B14624
:1033E00009900A9E0B9211E0DAF800100878285C28
:1033F00048B3DAF804000138CAF80400481CCAF8D7
:103400000000097804F8011B4C451CD0DAF80410C0
:103410000029E9DCDAF8303003981946002B00F077
:103420003682BB4201D005F02DFADAF83C10CAF81A
:103430003060CAF80410002900F02982DAF8381048
:10344000CAF80010D2E70998DDF81C900B9A231AED
:10345000002B3FF4E1AB9944059B079201330593A0
:103460000023237016E4DDF824902346994411E4E8
:10347000079951F8042B002D40F0B382DAF804309C
:10348000013BCAF80430431CCAF8003014460378E4
:1034900004F8013B012F00F0A682D61907910AF12A
:1034A0004007099216E0DAF80010087818F80000D2
:1034B000020701F1010300F1F080DAF80400CAF814
:1034C00000300138CAF80400097804F8011BB4423E
:1034D00000F0E380DAF804100029E4DCDAF8303098
:1034E00003981946002B00F01682BB4201D005F06C
:1034F000C9F9DAF83C10CAF83050CAF804100029AB
:1035000000F00982DAF83810CAF80010CDE7002A76
:1035100040F02081079B53F8042B09920793002465
:103520005D4601F0E3FEA0423FF494AEDAE90032DA
:1035300012A813F8011B0155013A032DCAE9003204
:1035400004F101040DF1380B03D1DBF80030042B3A
:1035500004D0082200215846FCF77EFF099E0398FC
:10356000CDF800B0234612AA3146FEF739FE431CBF
:1035700005463FF46FAE002840F0028130600646F9
:1035800010AB0822002118460B93FCF765FFB549E4
:103590000B9B03983246D1F8E0600CA9B047012894
:1035A0000CBF9DF8306000261CAB9B5D002B00F02B
:1035B0005D81032DA14400F0FA80013F0A9B13B9FD
:1035C000099B04330993DAF80430002B4FF0000410
:1035D00040F3A580002FA4D1AB460A9B002B7FF4BB
:1035E00059AB099A136048E0002A40F0908007998F
:1035F00051F8042B099207911C4612AE0B9301F06F
:1036000075FEA0423FF426AEDAE9002112F8010B64
:1036100030550139BBF1030FCAE9002104F101045F
:1036200010AD02D12B68042B04D0082200212846BB
:10363000FCF712FF09990398009523463246FEF7DE
:10364000CFFDB0F1FF3F83463FF404AE002840F0C9
:103650009F800A9BA144013F23B9099A1360099BEB
:1036600004330993DAF804200B9C002A34DD002F80
:10367000C5D10A9B002B7FF40DAB059B013305934D
:10368000FFF708BB0B9824F4607410B101380B905D
:103690000137099801300990E5E4099A0799A31ABE
:1036A0009944059B07910133059300232370FFF78D
:1036B000F1BA079C54F804CB002D3FF4E2AD059B12
:1036C0000794013305930023CCF80030FFF7E2BAEA
:1036D000DAF80420002A92DCDAF83010002900F031
:1036E0004E810AF14002914202D0039805F0CAF8D7
:1036F000DAF83C20CAF804200023CAF83030002A47
:1037000000F03D81DAF83820CAF80020AFE7002247
:10371000099271E7DAF80430002B3FF702AFDAF8CC
:103720003010002900F019810AF14003994202D0BB
:10373000039805F0A7F8DAF83C30CAF80430002204
:10374000CAF83020002B00F00881DAF83830CAF8C7
:1037500000303FE70DAB0993E1E60492FFF730BB81
:10376000414B08930A23069304920323FFF7D8BA28
:10377000079B1B68188055E5A3F80090FFF78ABAED
:10378000861CC7D0099B1E68701C7FF4F9AE0BE73E
:1037900010F1020F9CD00328A14402D12A68042A08
:1037A00000D0013F0A9B002B3FF459AF5AE7DBF8EA
:1037B0000030042B7FF401AF00E715F8011C0398DB
:1037C0005246013DFFF7E4F860E4BAF80C30DDF84A
:1037D000249043F02003AAF80C30DAF81030CAF82D
:1037E00000305C460023DDF828B0CAF80430002C15
:1037F0003FF430ADA144FFF74DBAB17844F0020474
:103800000236FFF7A2B9B944FFF744BA831C00F0AF
:10381000C7802868FEF7E0FC002840F0C380099BC1
:10382000032E99447FF464AD2268042A7FF460ADCE
:103830005FE5C3F80090FFF72DBA0593FFF7ECB9E9
:1038400000245CE506961E46BAF80C3043F02003CF
:10385000AAF80C30DAF81030CAF800300023CAF8A1
:1038600004300EE44C030020950A0008AB46002CFF
:103870003FF4B3AE12AB039E1D19013C15F8011DB8
:1038800052463046FFF784F8002CF6D1A5E6BAF888
:103890000C300998DDF81C900B9A43F02003AAF82D
:1038A0000C30DAF81030CAF80030A0424FF00003B4
:1038B000CAF804303FF4CEAC231ACCE5BAF80C2099
:1038C000DDF8249042F02002AAF80C20DAF810204B
:1038D000CAF8002023460022CAF804209944FFF7C2
:1038E000D9B9DAF83010002900F085800AF14002D9
:1038F000914202D0039804F0C5FFDAF83C20CAF8E0
:1039000004200021CAF83010002A74D0DAF83820D8
:10391000CAF80020FAE4099A0799A31A9944BAF858
:103920000C3043F02003AAF80C30DAF81030CAF853
:1039300000300023CAF80430B3E6BAF80C3043F084
:103940002003AAF80C30DAF81030CAF8003000234F
:10395000A144CAF80430FFF79DB9BAF80C3043F01F
:103960002003AAF80C30DAF81030CAF8003000232F
:10397000AB46CAF80430002C3FF42FAE6AE4BAF824
:103980000C3043F02003AAF80C30DAF81030CAF8F3
:1039900000300023CAF80430002C3FF46AAE59E42A
:1039A000099CACE4AC46DDE909545B46079AB34692
:1039B0001E46002D3FF4B5AC2E4407943446039EBA
:1039C00009926746013D14F8011D52463046FEF744
:1039D000DFFF002DF6D1079C099ABC46A1E43C46C6
:1039E000DAE414465DE609F101095AE603F0D8FB72
:1039F0000B46FFF773BBBAF80C30079A43F020036D
:103A0000AAF80C30DAF81030CAF80030AC460023BF
:103A10002546B3460A9CCAF80430002D7FF41AAC40
:103A20007FE400BF01F140032DE9F0410C46096B32
:103A3000994214D0666B77003A4605F0A3F8054624
:103A400030B300EB0608014632464046FEF7E0FA86
:103A5000C4E90C57C4F800800020BDE8F0814FF4A1
:103A6000806103F0CDFB98B194F842304FF480624E
:103A7000C4E90C0280F8FF3394F8413080F8FE333B
:103A800094F8402080F8FD2300F2FD332360E3E743
:103A90004FF0FF30E1E700BF70B54C1C2BD00E4655
:103AA0000546144610B1436B002B4CD0B4F90C30D2
:103AB00023F020025807A28106D4D9061BD51B0784
:103AC00034D442F00402A281226B6368F6B2AAB138
:103AD000626B9A4209DD23685A1E226003F8016C6A
:103AE000636801336360304670BD21462846FFF7A6
:103AF00099FF0028EFD04FF0FF36F4E722692168E4
:103B00002AB18A4203D211F8012CB2421ED02246B9
:103B1000C4E90E1304F1400003232063636302F839
:103B2000426F0123C4E90023304670BD2146284678
:103B300003F022FA0028DED1B4F90C20A06022F0B4
:103B40000802A061BDE7FEF735FDAFE7013901339B
:103B5000C4E90013C7E700BF10B4044C03460A468B
:103B600020685DF8044B1946FFF796BF1802002045
:103B700038B5074D0022044608462A6008F0B6FF13
:103B8000431C00D038BD2B68002BFBD0236038BD10
:103B9000DC0F002038B5D0F818410CB1002038BD3A
:103BA0008021054603F02CFB0246C5F8180130B110
:103BB000031F7C3243F8044F9342FBD1EEE74FF0F2
:103BC000FF3038BD30B51F2983B0054609D8D0F87D
:103BD00018310C4653B153F8240043F8242003B0A5
:103BE00030BD162303604FF0FF30F8E780210192CB
:103BF00003F006FB019AC5F8180103460028F2D02D
:103C0000011F00F17C05002041F8040FA942FBD1FF
:103C1000E1E700BF1F2938B505461FD8D0F81821A5
:103C20000C466AB152F8213053B1012B06D0591C11
:103C300010D0002142F8241020469847002038BDBB
:103C4000284602F0C3FD224601462846BDE838401A
:103C500002F0A6BD16230360012038BD16230360C1
:103C60004FF0FF3038BD00BF1F292CD838B5D0F831
:103C700018310C460546A3B153F8242003EB840306
:103C80004AB1511C0BD0012A07D0002520461D60E7
:103C90009047284638BD012038BD032038BD02209A
:103CA00038BD802103F0ACFA0346C5F8180138B1DD
:103CB000021F00217C3042F8041F8242FBD1DBE767
:103CC0004FF0FF3038BD4FF0FF30704738B5144B20
:103CD0001F281D681ED8D5F81821044662B152F875
:103CE00020304BB1012B05D0591C0FD0002142F8D8
:103CF00020109847002038BD284602F067FD224674
:103D000001462846BDE8384002F04ABD16232B6024
:103D1000012038BD16232B604FF0FF3038BD00BFA7
:103D200018020020124B1F2870B51E6809D8D6F85B
:103D3000183104460D464BB153F8240043F8245083
:103D400070BD162333604FF0FF3070BD80213046C8
:103D500003F056FA0346C6F818010028F3D0021FF4
:103D600000217C3042F8041F8242FBD1E4E700BF0F
:103D70001802002038B50C4B1D68D5F818410CB15D
:103D8000002038BD8021284603F03AFAC5F8180112
:103D900038B1031F00F17C0243F8044F9342FBD17A
:103DA000EEE74FF0FF3038BD1802002038B5184B51
:103DB0001F281D6828D80446D5F81801A0B150F86E
:103DC000243000EB84004BB15A1C0BD0012B07D0E0
:103DD0000025056020469847284638BD012038BD9B
:103DE000032038BD022038BD8021284603F008FAA0
:103DF000C5F8180140B1031F00F17C01002243F80F
:103E0000042F8B42FBD1DAE74FF0FF3038BD00BF03
:103E10001802002038B5074D074C2C1BA41005D004
:103E2000013C55F8043D9847002CF9D1BDE83840D5
:103E300035F012BB70E604086CE604089FED010A39
:103E4000704700BF0000C07F2DE9F04F85B092465B
:103E50005B4A039089461E460D46294615F8014BDC
:103E6000135D13F00803F8D12D2C7DD02B2C41D0FD
:103E700002934FF0FF326FF00043CDE90023002E94
:103E800043D1302C79D00A27B0463E46DDE9000107
:103E90003A46434607F078FC00238E46834619468F
:103EA0001846A44610E08E4508BF83454CD000FB61
:103EB00008F307FB0133A0FB07010B44201843EB79
:103EC000E471012315F801CBACF13004092C05D9BC
:103ED000ACF14104192C1ED8ACF13704A64222DD06
:103EE000B3F1FF3FEED083457EEB0103DBD24FF011
:103EF000FF33E7E72C7802938D1C6FF000434FF0FF
:103F0000FF31CDE90013002EBBD0102E3ED0374636
:103F10004FEAE678BAE7ACF16104192C03D8ACF1AA
:103F20005704A642DCDC5A1C13D0029A12B140425C
:103F300061EB4101BAF1000F03D0002B3DD1CAF86B
:103F4000009005B0BDE8F08FA242B0DA4FF0FF3329
:103F5000B8E7039A22231360BAF1000F28D0DDE9F5
:103F6000000105F1FF39EAE700934FF0004001231B
:103F70002C78CDE901038D1C81E72B7803F0DF035A
:103F8000582B0ED00827B0463E467FE7302C03D092
:103F900037464FF0000879E72B7803F0DF03582B02
:103FA000F6D110276C784FF0000802353E466DE7D9
:103FB000DDE9000105B0BDE8F08FCDE90001CEE7F5
:103FC0005996030840E700BF10B4044C84461346DA
:103FD00020685DF8044B0A46614635E71802002068
:103FE00010B4044C8446134620685DF8044B0A461E
:103FF000614629E718020020704700BF704700BFE4
:1040000070B50C785E2C864624D00023481C9C4654
:10401000002263F3070263F30F2263F3174263F393
:104020001F620EF58071734643F8042B8B42FBD15F
:1040300074B18CF001010EF80410451C15F8013C18
:104040002D2B0ED05D2B0AD01BB11C462846F2E763
:10405000013870BD01234C78881C9C46D8E728465F
:1040600070BD90F801C0BCF15D0FEED06445ECDC92
:10407000661C02300EEB060202F8011BA2EB0E03D7
:10408000013B9C45F8DCACEB0403013B6445A8BF55
:1040900000230235F418D1E72DE9F8430746884696
:1040A00016464FF00009D6E90154013D10D4A3890A
:1040B000012B08D9B4F90E3001332146384602D01D
:1040C000C04749EA0009013D6B1C04F16804EED1C8
:1040D0003668002EE7D14846BDE8F883F0307047D7
:1040E000004870473C040020004870473C04002012
:1040F0002DE9F04F2DED028B9DB0884600210792EF
:10410000189100220021CDE90412834641461791FF
:104110000F4611F8012B2D2A5ED801A050F822F08D
:10412000F3420008D9410008D9410008D9410008EC
:10413000D9410008D9410008D9410008D9410008F7
:10414000D94100080F4100080F4100080F41000845
:104150000F4100080F410008D9410008D94100086B
:10416000D9410008D9410008D9410008D9410008C7
:10417000D9410008D9410008D9410008D9410008B7
:10418000D9410008D9410008D9410008D9410008A7
:10419000D9410008D9410008D9410008D941000897
:1041A0000F410008D9410008D9410008D941000851
:1041B000D9410008D9410008D9410008D941000877
:1041C000D9410008D9410008D94100089B4800089E
:1041D000D9410008AF48000800210891302A00F0BA
:1041E0009780002309932F2A144640F202854FF04E
:1041F000000938464E464D4613E00130082D179011
:10420000C8BF09EB89090478C6BF02EB4902A2F1D5
:104210003009A3F130062F2C05F10105224640F3A9
:10422000B88006EB8603392C02EB4303E5DDB04989
:104230000122FCF749FC00287BD1179A1346013272
:1042400017925C78002D40F0A285302C40F09C85C0
:1042500013461846013317931C78302CF9D0C2F15D
:1042600001031844A4F13103082B36D8179F431CCF
:10427000A4F1300E0D9301253C464FF0000A06EBE9
:1042800086060EEB46060020631C17936478A4F1A3
:104290003002092A00F2F182179C01309646002A6A
:1042A000F2D00128D8BF05F1010C40F3FB8600EBEA
:1042B000050C0CF1FF3103E05E00A94200F0F2862C
:1042C000082D06EB860305F10105F5DD102DDCBF99
:1042D00009EB89094FEA4909EFE7652C40F0EA82CA
:1042E00000230122CDE90C239A46099B034340F0A9
:1042F000D282079B9FED7C8B0BB1C3F80080B0EEA0
:10430000480AF0EE680A1DB0BDEC028BBDE8F08FE4
:104310007A7802F0DF02582A00F02E8401371797CE
:104320003A78302AFAD0002A00F08F8201230993CC
:1043300059E70020CDE90C00AA46652C36D0452C63
:1043400034D000230E93002D7CD1099B034340F011
:104350007C820C9B002BCCD1692C00F0778400F37D
:104360007084492C00F072844E2CC2D1614917A888
:1043700004F0ECFD0028BCD0179B1B78282B00F024
:1043800083855D4804F0E4FEB0EE408AF0EE608A7A
:104390005DE257490122FCF797FB0028C9D1179B22
:1043A0000D905A1C17925C78AA4670E7002D9CD09D
:1043B000DDF85C8008F10103179398F801402B2C7D
:1043C00000F066822D2C00F05B824FF0000CA4F10F
:1043D0003001092900F24C82302C179B0AD101339D
:1043E00017931C78302CFAD0A4F13102082AA8D8EF
:1043F000A4F130015A1C17925C782F2C40F30D84E5
:1044000096460E9308E0013217929EF801402F2C39
:10441000A3F1300106DD964601EB8103392C04EB54
:104420004303F0DD0E9BD21A082A40F3F68344F6CC
:104430001F630E93BCF1000F85D00E9B5B420E9361
:10444000002D82D0DDE90D23BAF1000F08BFAA4686
:104450009B1A102D30460C932C46A8BF102406F052
:1044600073FC092D02460B46CDE9042316DD234BD0
:1044700003EBC40353E9122306F0E0FC024648466E
:104480009046894606F060FC02460B464046494687
:1044900006F01EFB0F2DCDE9040131DC0C9B002B37
:1044A00000F039830C9B40F36882162B40F3BC83E9
:1044B0000C9AC5F12503934222DB104CC5F10F0580
:1044C00004EBC501DDE90423D1E9000106F0B6FCE7
:1044D0000C9B5D1B04EBC504D4E9002306F0AEFC85
:1044E00041EC180BB3E100BF000000000000000029
:1044F000C0B80308ACB4030898B9030800990308CE
:104500000C9B2C1B1C44002C40F3DA8114F00F0090
:104510000AD03B4901EBC001DDE90423D1E90001E8
:1045200006F08CFCCDE9040134F00F034BD0B3F559
:104530009A7F00F3A083102BDFF8D8E04FEA231412
:1045400040F3E884DDE904234FF0000C0997F046BE
:10455000E146774614F0010F1046194607D0D8E916
:10456000002306F06BFC4FF0010C02460B46641072
:10457000012C09F1010908F10808EBD1BE46099F99
:10458000BCF1000F01D0CDE90423059BA3F15473C6
:104590000EEBC9010593DDE90423D1E9000106F022
:1045A0004DFC184BCDE904010B400A4616498B42DD
:1045B00000F2618315498B4240F24484144C4FF061
:1045C000FF33CDE904340023099300962B4652466D
:1045D0003946584604F07AFE1290002800F04B83CA
:1045E000DDE90D329B1A0C9A002AA8BF00230D9317
:1045F0004FF0000922EAE2731393CA46E6E000BFD7
:10460000009903080000F07F0000A07C0000907C6F
:10461000FFFFEF7FF0990308D21A1F2AA4EB0204D0
:1046200000F33B82012303FA02F500231093099B58
:1046300026444444A0451E444346A8BF2346B342F3
:10464000A8BF3346002B03DDE41AF61AA8EB0308D3
:104650000D9B002B00F3CA81002C00F3E0810C9B22
:10466000002B00F31082002E00F30282B8F1000F3D
:1046700008DD51464246584605F012F882460028A9
:1046800000F0FF8118993A46584605F0A3F8814694
:10469000002800F0F6810023C268C36051460E92E4
:1046A00005F076F80028C0F20284059E00F07C83B5
:1046B0005146484605F03AFA55EC104B00224FF0AF
:1046C00080432046294606F035FE002800F07E8112
:1046D0000E9B002B40F0EE81049B002B40F0788273
:1046E000C6F31303002B40F01982B14B0022204681
:1046F000294606F015FE002840F04D83AD4B002200
:104700002046294606F09AFB0A460146CDE91012DA
:1047100002F100430A900B93DFF8A082A64B06EA51
:1047200008089845DDE90A4500F0CB81099B1BB3D9
:10473000B8F1D46F20D89AA3D3E90023DDE91001A2
:1047400006F0F8FDA0B1DDE9100106F04FFE0128EA
:1047500038BF012006F0F8FA0E9BCDE91001002BBE
:1047600040F08F8201F1004314901593DDE9144568
:1047700005F1D663A3EB0805B0EE480AF0EE680A2F
:1047800005F0E4F8204653EC102B294606F056FBC2
:1047900053EC182B06F09CF9CDE904010C46099B5B
:1047A00023B9864B2340984500F0C181189958469B
:1047B00004F032FD3946584604F02EFD5146584665
:1047C00004F02AFD4946584604F026FD129C58463E
:1047D000616804F0FBFC0746002800F05281226962
:1047E0000232920004F10C010C30FDF711FC9DED3A
:1047F000048B1AAA19A95846B0EE480AF0EE680AC6
:1048000005F034F91890002800F012810121584673
:1048100004F008FE8246002800F03381199B002B2B
:10482000C0F221810D9A139E03EB0208099A1A9C8B
:104830009B1A2344624A013B9342C4F13604FFF6BB
:10484000EBAE002310930125F1E69FED578B079AFD
:104850000AB1179B1360089B002B3FF450AD18EE74
:10486000901A18EE102A01F1004343EC182B46E58C
:104870000023CDF85C800E9365E501230C935CE585
:104880004FF0010C08F10203179398F802409EE5DF
:104890004FF0000CF6E700258AE500220892791C0B
:1048A00017917A78002A3FF424AD0F4696E401224E
:1048B0000892F4E7452C3FF413AD01230C9344E533
:1048C0003FF481AE644214F00F020AD03D4B03EB7B
:1048D000C203DDE90401D3E9002306F0D9FBCDE9E9
:1048E000040124113FF46FAE1F2C40DC14F01003C0
:1048F00018BF6A230993DDE90423DFF8CC804FF069
:10490000000C14F0010F1046194607D0D8E9002317
:1049100006F094FA4FF0010C02460B46641008F1C1
:104920000808EED1BCF1000F01D0CDE90423099BAA
:10493000A3B1DDE90401C1F30A52C2F16B03002BFC
:104940000ADD1F2B40F327830020342B049040F313
:104950008E834FF05C7305936A230993DDE90401AC
:104960000022002306F0D2FC00283FF42EAE2223C2
:104970009FED0D8BCBF8003069E71633FFF6C0AD25
:10498000DDE90D329A1A0F4B03EBC203DDE9040196
:10499000D3E9002306F07CFB41EC180B57E700BF7E
:1049A0000000C0FFFFFFDF4100000000000000002A
:1049B0000000F03F0000E03F0000E07F0000F07FDB
:1049C00002FCFFFF00990308A8970308BE4B20468E
:1049D0002946002206F032FA0E9BCDE91001002B89
:1049E00063D101F100430A900B9395E651461A46B4
:1049F000584604F0FBFD8246002842D00146189A32
:104A0000584604F03DFD00283BD00E9018995846BA
:104A100004F002FC0E9B1893002C7FF720AE18992F
:104A20002246584604F03CFE189000287FF417AE4A
:104A300005469FED978B2223CBF800302946584638
:104A400004F0EAFB3946584604F0E6FB5146584666
:104A500004F0E2FB1299584604F0DEFB4946584642
:104A600004F0DAFBF3E6139ADDF83480D61ADDE6BB
:104A700039463246584604F013FE074600287FF4B4
:104A8000F5AD189DD5E73946139A584604F0AEFDAA
:104A9000074600287FF4E7ADF3E78C4AD31A0122DA
:104AA00002FA03F310931546C1E59DED107B8DEDE1
:104AB0000A7B31E69FED787B8DED0A7B8DED107BD7
:104AC0002AE6A6F154730593DDE9044545EC104B45
:104AD00004F03CFFDDE90A2351EC100B06F0AEF9BF
:104AE00022462B4605F0F4FF794A7A4B0A409A4257
:104AF000CDE9040179D918EE902A03F154739A4252
:104B000003D118EE103A0133BBD0734C4FF0FF3392
:104B1000CDE904344AE69DED048B98E69FED607B79
:104B20008DED0A7B9FED5C7B8DED107BF4E5DDE97F
:104B300010562846314606F053FE06F051F902465B
:104B40000B462846314605F0C1FF0E9D049EC4F376
:104B50001304354302460B462543CDE90E2325D1E8
:104B600051A3D3E9002306F0DBFB00283FF41EAE7F
:104B70009DED048B189D61E70293089B019318AB90
:104B80000093564A19AB17A9584601F073FE10F06E
:104B90000F0504463FF459AE062D40F0A9800137B9
:104BA00000239FED438B1797089350E642A3D3E968
:104BB000002306F0B5FB0028DAD1DDE90E0140A3A1
:104BC000D3E9002306F0CAFB00283FF4EFADCFE79E
:104BD000049B012BA2D1002EA0D1189C22239FED73
:104BE000348B2546CBF8003028E701F15474059446
:104BF000D5E53B4901223846FBF766FF002800F067
:104C0000BA804FF000094E464846CDF834904D46E4
:104C1000CDF83090CA46FFF792BB44F61F63994225
:104C2000A8BF19460E9105E40C982E4901EBC0016E
:104C3000DDE90423D1E9000106F000F941EC180B8D
:104C400005E66E2C3FF492ABFFF753BB264917A83D
:104C500004F07CF900283FF44CAB179B2349013B3F
:104C600017A8179304F072F910B9179B0133179323
:104C70009FED078BEBE522239FED058BCBF80030F2
:104C8000E5E59DED107B8DED147B6FE5AFF30080C6
:104C9000000000000000F07F000000000000F03F76
:104CA000000000000000F0BF9535A094FFFFCF3F4B
:104CB00000000000000000009535A094FFFFDF3FDA
:104CC00035E5AF350000E03F0000E03FE2FBFFFFCD
:104CD0000000F07FFFFF9F7CFFFFEF7F80970308BE
:104CE000C0B8030800990308C4B80308C8B803088B
:104CF000189A3AB135211AA804F068FF1899584655
:104D000004F08AFA013D199B042D00F2DE81DFE8F0
:104D100005F0032C291E03001A9A049203F2334271
:104D20001B9B23F4801343EA02530593E20502D54B
:104D300043F000430593B64A1A409DED048B002AC8
:104D40007FF485AD02F052F9222303607FE54FF036
:104D5000FF326FF00043CDE90423E3057FF5DBAEBE
:104D6000059BE5E7AA4B0593F7E7DDE91A121B9BC4
:104D7000CDE90412DAE7179A1346013217925C78EC
:104D800006468146FFF761BA0020FFF76BBAAA46D4
:104D90000D90FFF77CBA9FED9A7B8DED0A7B9FED1E
:104DA0009A7B8DED107BB7E40E9BDDF840C09949EE
:104DB000A846C6F31302002B49D08A4200F0F380C4
:104DC000BCF1000F37D1049B1D4237D0B0EE480A2A
:104DD000F0EE680A04F0BAFD099B51EC100B002BB1
:104DE00000F04D81C6F30A53C3F16B03002B07DDBE
:104DF0001C0504F17F53002203F5401306F01EF852
:104E000002460B4651EC180B05F062FE41EC180B04
:104E1000814B51EC180B002206F010F841EC180BF6
:104E20007B4B18EE902A1340002B7FF4A3AE222375
:104E3000CBF800309EE61CEA060FC7D1099B002B79
:104E4000E6D197E602F154730593FFF7BCBB002A45
:104E500064D1DDE90401002840F09680099B002B15
:104E600040F0F48021F00044240D2405A4F58014C2
:104E70006FEA14536FEA035305934FF0FF33049323
:104E80009DED048B189DD9E5644917A81AAA04F072
:104E900079F805287FF475AA1B9B43F0FF4343F480
:104EA000E00305931A9B04939DED048BCFE4DDE9A9
:104EB00004010E9B0343C1D1C1F31303002BBDD1E9
:104EC00021F00044240D2405B4F1D66F2546B5D950
:104ED000D9F814301BB9D9F81030012BAEDD494692
:104EE0000122584604F0DCFB5146814604F050FC98
:104EF0000028A3DD099B002BB8D0A5F580156FEA2B
:104F000015536FEA035305934FF0FF3304939DED60
:104F1000048B7DE74FF00009FFF737BBBCF1000FB2
:104F20002DD1049B1D4289D0B0EE480AF0EE680AEC
:104F300004F00CFD099B51EC100B002B72D0C6F352
:104F40000A53C3F16B03002B07DD1C0504F17F53EB
:104F5000002203F5401305F071FF02460B4651ECA9
:104F6000180B05F0B3FD02460B4643EC182B00224C
:104F7000002306F0CBF900283FF44AAF2DE61CEAE7
:104F8000060F3FF45BAFCFE7BCF1000FF7D128422B
:104F90003FF454AFC8E74FF0FF3202FA03F3049A2C
:104FA0001A400492D8E4099B0499B3B1184A3240DC
:104FB000B2F1D46F11D8120DC2F16B024FF0FF3075
:104FC00000FA02F291420BD0BCF1000F7FF433AF34
:104FD00011EA080F3FF432AFF8E64FF0FF32F1E785
:104FE0000F4A964255D00A4A324002F58013059383
:104FF000002304939DED048B20E700BFAFF30080F6
:10500000000000000000E0BF000000000000E03FE2
:105010000000F07FFFFF0F00000050399497030855
:10502000FFFFEF7F02460B4651EC180B05F04EFDDB
:10503000189C02460B4643EC182B00220023254601
:1050400006F064F900283FF4F9ACC7E5244D35407B
:10505000B5F1D66F3FF651AFB5F15C7F3FF6D8AEF4
:1050600022239FED1B8B189DCBF80030E6E4C2F1A4
:105070004B024FF0FF3393400B4005936CE4024624
:105080000B4651EC180B05F023FD189D41EC180B55
:10509000D4E40131A7D122239FED0F8B189DCBF8CB
:1050A0000030CBE40D9B082D03440D9302DC6546D4
:1050B000FFF7E5B8BCF1100FDCBF09EB890902EB83
:1050C000490965460020FFF7DFB800232EE600BF40
:1050D0000000000000000000000000000000F07F61
:1050E0000000F07F014BFFF703B800BF4C03002026
:1050F00010B4054C8446134620685DF8044B0A46FC
:105100006146FEF7F5BF00BF1802002010B4054C41
:10511000054B84460A4620685DF8044B6146FEF75D
:10512000E7BF00BF180200204C0300202DE9F0412A
:10513000DFF8A480044613462DED028B0A46D8F80A
:1051400000002146FEF7D4FF55EC104B22462B46BB
:105150002046294606F00CF950BB2046294606F0A9
:1051600065F908EE100ADFED197AB0EEC87AB4EEF0
:10517000677AF1EE10FA15DD25F00047144B4FF079
:10518000FF322046394606F0F3F838B9104B4FF09D
:10519000FF322046394606F0CDF818B1D8F8003075
:1051A00022221A60B0EE480ABDEC028BBDE8F08105
:1051B000002D084804DAFEF741FEB1EE408AF1E71F
:1051C000BDEC028BBDE8F041FEF738BEFFFF7F7FEC
:1051D000FFFFEF7F98B90308180200202DE9704304
:1051E0002C4E2D4B04460A462DED028B214630688D
:1051F000FEF77EFF55EC104B22462B4620462946F3
:1052000006F0B6F8C0BB2046294606F00FF908EEB6
:10521000100ADFED227AB0EEC87AB4EE677AF1EECA
:1052200010FA1ADD25F000491D4B4FF0FF322046E1
:10523000494606F09DF838B9194B204649464FF0CB
:10524000FF3206F077F840B1336822221A60B0EEE0
:10525000480ABDEC028BBDE8708318EE103A13F0DB
:10526000FF4FF4D10F4B2B40002BEDD1B0EE480A8D
:10527000BDEC028BBDE87083002D0B4804DAFEF70D
:10528000DDFDB1EE408AE2E7BDEC028BBDE8704384
:10529000FEF7D4BD180200204C030020FFFF7F7FE3
:1052A000FFFFEF7F0000F07F98B9030842B110B50F
:1052B0000B4910461446FBF7E3F918B9094810BD2D
:1052C0000848704707492046FBF7DAF90028F5D06F
:1052D00005492046FBF7D4F90028EFD0002010BD87
:1052E000D4B80308D0B8030898B90308014B93F861
:1052F000280170474C03002041B110B50C462046F0
:105300000A49FBF7BDF918B9094810BD08487047AC
:1053100007492046FBF7B4F90028F5D00549204697
:10532000FBF7AEF90028EFD0002010BDD4B8030879
:10533000D0B8030898B9030800000000000000007E
:1053400001F0FF01102A2BDB10F0070F08D010F836
:10535000013B013A8B422DD010F0070F42B3F6D13A
:10536000F0B441EA012141EA014122F007047FF053
:1053700000070023F0E80256083C85EA010586EAAA
:10538000010685FA47F5A3FA87F586FA47F6A5FAE6
:1053900087F68EB9EED1F0BC01F0FF0102F00702F2
:1053A00032B110F8013B013A83EA010313B1F8D19D
:1053B0000020704701387047002D06BF354603387E
:1053C000073815F0010F07D1013015F4807F02BFB7
:1053D000013015F4C03F0130F0BC0138704700BF08
:1053E0002DE9F04FBFB00C46079192460993089003
:1053F000FEF776FE036810931846FAF7C1FFA389FB
:105400000F901E0603D52369002B00F0A8869FEDA0
:10541000A47B0023CDE92233CDE911338DED0C7B44
:105420002EAA0E93219291460593D3469BF8003005
:10543000002B00F042815C4604E014F8013F002B91
:1054400000F01981252BF8D1B4EB0B0540F0168143
:105450002378002B00F031814FF000038DF8673086
:1054600000276378049704F1010B4FF0FF3A0BF12A
:10547000010B9846A8F12003582B00F22B81DFE89E
:1054800013F05202290129014D02290129012901A4
:1054900029012901290115024702290120022502BB
:1054A0002901420259005900590059005900590078
:1054B000590059005900290129012901290129010F
:1054C000290129012901290129016800A4012901D3
:1054D000A40129012901290129017D0229012901AC
:1054E000950029012901290129012901A600290185
:1054F000290146062901290129012901290129013A
:1055000029012901290129016F026A00A401A401CE
:10551000A4016A026A00290129015D022901B90278
:105520009700A802A302290182022901A8002901EB
:1055300029016606A8F1300300221BF8018B02EB5B
:10554000820203EB4202A8F13003092BF5D9049241
:1055500090E747F01007BD0640F17781099B0733BC
:1055600023F007031A46596852F8083B09920A4685
:105570000029C0F29581BAF1000F9DF8674007DB62
:1055800027F08001029153EA020100F0B283029FEA
:105590000A2B72F1000180F06D8630338DF8B73040
:1055A0000123029706930DF1B70550E047F010076D
:1055B00017F0200200F06081099B073323F00703F6
:1055C00019465A6851F8083B099100210FE047F04D
:1055D000100717F0200200F04581099B073323F0E4
:1055E000070319465A6851F8083B09910121002424
:1055F000BAF1000F8DF8674007DB27F080000290BA
:1056000053EA020000F07683029F0129C0D00229EC
:1056100000F0F1822EAD03F00701DB0843EA42738C
:10562000D208303153EA0206284605F8011DF2D1AE
:10563000FB0740F1EE82302900F0EB823023023884
:1056400005F8013C2EAB1B1A029706930546069BF4
:105650005345B8BF5346039300230B9314B1039BE8
:1056600001330393029B13F0020345D0039B0233E3
:105670000393022340E0B4EB0B051ED0239B2B4485
:105680002393229B0133072BC9E900B522930BDC3E
:1056900009F10809059B2B440593D9E6AFF3008077
:1056A0000000000000000000DDE9071021AA03F05F
:1056B0000FFC30B90DF1B809ECE7239B002B40F04B
:1056C0003C87079B9B895B0601F10C8005983FB0E6
:1056D000BDE8F08FB8F1000FEFD000238DF86730F0
:1056E00001238DF890800393069324AD4FF0000AB8
:1056F0000297CDF82CA05346029A239C12F0840204
:105700000A9205D1DDE90312561A002E00F3048334
:105710009DF867208AB1229A0DF1670101320134A8
:10572000C9F80010072A4FF0010123942292C9F80A
:10573000041000F32A8309F1080983B1229A1AA9F7
:1057400001320234C9F80010072A4FF002012394F5
:105750002292C9F8041000F3268309F108090A9B74
:10576000802B00F0BD81069BAAEB0306002E00F300
:10577000F981029BDE0500F14A81069BC9F80430DD
:105780001C44229BC9F800500133072B2394229319
:1057900000F3588209F10809029B5A0705D5DDE993
:1057A00003239D1A002D00F30A83DDE904230399E6
:1057B0008A42ACBF9B185B180593002C40F02E82E8
:1057C000002322930DF1B80930E6099B073323F03B
:1057D0000703B3EC027B55EC174B099325F000430C
:1057E00015938DED147ADDE91401B74B4FF0FF32BC
:1057F0008DED0C7B05F0BCFD002840F01084DDE948
:105800001401B14B4FF0FF3205F094FD002840F039
:105810000684002200232046294605F081FD002849
:1058200040F025869DF86740A84D27F0800302933D
:10583000A74BB8F1470FD8BF1D464FF0000A03230E
:1058400003930693CDF82CA008E7099AFC0652F8BA
:10585000043B09921FD478061DD543F3C03211468C
:105860001BB285E6099951F8043B099117F0100124
:1058700000F0CD830121BAE6099951F8043B099162
:1058800017F010017FF4A1AE17F040023FF49DAE77
:105890000A469BB299E6DA1711460029BFF66BAEAD
:1058A0005B4262EB42022D240121A1E6099B53F8E1
:1058B000042B0492002A80F2A283049A0993524294
:1058C00004929BF8003047F00407D0E55A4612F8DE
:1058D000018BB8F12A0F00F04E87A8F13003092B95
:1058E00098BF4FF0000A00F2B98612F8018B0AEB5C
:1058F0008A0A03EB4A0AA8F13003092BF5D94AEAD0
:10590000EA7A9346B6E59BF8003047F08007AEE5AB
:105910002B238DF867309BF80030A8E59BF800300A
:1059200047F00107A3E59DF867209BF80030002AA7
:105930007FF49DAD20228DF8672098E59BF800301C
:105940006C2B03BF9BF8013047F020070BF1010BD4
:1059500047F010078BE59BF8003047F0400786E5DD
:10596000099B00228DF8672053F8042B099301232B
:105970008DF890200393069324ADB7E69BF8003092
:1059800047F0080773E5099C54F8045B00268DF87E
:105990006760002D00F01285BAF1000FC0F21A8482
:1059A000524631462846FFF7CBFC002800F04586DA
:1059B000431B069323EAE3730994B2469DF86740BC
:1059C000029703930B9649E69BF8003047F02007B7
:1059D0004DE5099A52F8043B099247F63002ADF8BA
:1059E00068203C4A119247F00207002202214FF042
:1059F0007808FCE5BD0640F18183099B059A1B6888
:105A00001A60D2175A60099B043309930EE5B8F166
:105A1000650F40F32381DDE90C010022002305F02E
:105A200075FC002800F00782229B2B4AC9F8002051
:105A3000013301340122072B23942293C9F8042057
:105A400000F3958409F108091B9B0E9A934203DB2E
:105A5000029BDD077FF5A0AE0F9B109A1C44C9E99D
:105A60000023229B23940133072B229300F3998474
:105A700009F108090E9B5D1E002D7FF78DAE102DDC
:105A8000229B164F40F3D380DDE907A8102605E0DE
:105A900009F10809103D102D40F3C980013310347D
:105AA000072BC9E90076CDE92234F1DD21AA514660
:105AB000404603F00DFA00287FF403AEDDE92234FE
:105AC0000DF1B809E6E700BFFFFFEF7FE0B803087C
:105AD000DCB80308ECB803082CB80308E097030807
:105AE000DDE903239E1A002E7FF73DAE102E229B88
:105AF000B74F24DD4A462146A946DDE9075404E0B4
:105B0000103E102E02F1080216DD01331031102074
:105B1000072BCDE9223117605060F1DD21AA29461B
:105B2000204603F0D5F900287FF4CBAD103E102EAF
:105B3000DDE922312EAAE8DC4D460C4691460133C0
:105B40003444072BCDE92234C9F80070C9F8046049
:105B500000F31A84069BAAEB0306002E09F108093C
:105B60007FF707AE102E229B994F2CDD4A46214627
:105B7000B1464FF0100A2E46DDE9075406E0A9F1C0
:105B80001009B9F1100F02F1080218DD0133904835
:105B90001031072BC2E9000ACDE92231EFDD21AA3D
:105BA0002946204603F094F900287FF48AADA9F134
:105BB0001009B9F1100FDDE922312EAAE6DC3546D5
:105BC0000C464E46914601333444072BCDE922342E
:105BD000C9F80070C9F8046000F3EA8109F1080906
:105BE000C7E50129029F4FF000033FF4D6AC02291C
:105BF0001A467FF40FAD11982EAD03F00F011B096B
:105C0000415C05F8011D43EA0273120953EA0201DF
:105C1000F3D12EAB5B1B0297069318E5DDE9071065
:105C200021AA03F055F900283FF4CAAD49E5013334
:105C30002C44072BC9F80070C9F80450CDE9223470
:105C40007FF7A8ADDDE9071021AA03F041F900288C
:105C50007FF437AD239C0DF1B8099DE50E9B229E84
:105C6000012B04F1010406F1010609F1080840F3D3
:105C70005B810123072ECDE92264C9F80050C9F8E1
:105C8000043000F3A2810F9B109A01361C44072EAA
:105C9000C8E90023CDE9226400F3A48108F10808D3
:105CA0000E9BDDE90C0103F1FF390022002305F012
:105CB0002DFB002840F05381013601354C44072E5E
:105CC000CDE92264C8F80050C8F8049000F33A8186
:105CD00008F10808129BC8F8043001361C44072E4E
:105CE0001DABCDE92264C8F80030ABDC08F108092F
:105CF00052E50121BAF1000F7FF473AF002940F0A3
:105D00000E8117F00103069300F07E8130238DF899
:105D1000B7300DF1B7059AE4102E229A2D4F26DDEB
:105D200049462046A9461393DDE9075404E0103E96
:105D3000102E01F1080116DD013210301023072A60
:105D4000CDE922200F604B60F1DD21AA29462046D3
:105D500003F0BEF800287FF4B4AC103E102EDDE94D
:105D600022202EA9E8DC139B4D46044689460132C9
:105D70003444072ACDE92224C9F80070C9F8046028
:105D800000F3B28209F10809C2E4DDE9071021AA93
:105D9000139303F09DF800287FF493AC239C139B8E
:105DA0000DF1B809C9E4DDE9071021AA03F090F864
:105DB00000287FF486AC239C0DF1B809CFE4102DA8
:105DC000229B044F24DDDDE907A8102609E000BF6F
:105DD000E0970308D0970308103D102D09F108093A
:105DE00016DD01331034072BC9E90076CDE92234E2
:105DF000F2DD21AA5146404603F06AF800287FF4FC
:105E000060AC103D102DDDE922340DF1B809E8DC5D
:105E100001332C44072BC9E90075CDE922347FF703
:105E2000C4ACDDE9071021AA03F052F800287FF482
:105E300048AC239CB9E41B99002940F364820B9F72
:105E40000E9B9F42A8BF1F46002F0BDD229B0133F4
:105E50003C44072BC9E900572394229300F3CF83D6
:105E600009F108090B9E002FA8BFF61B002E00F3B6
:105E700085811B9B0E9A934280F26C810F9A109938
:105E80001444C9E90012229A23940132072A22926B
:105E900000F3F28209F108090E9A0B99D31A561AE7
:105EA0009E42A8BF1E46002E0EDD229AC9F804604D
:105EB00001320D443444072AC9F800502394229239
:105EC00000F3A98309F10809002EACBF9D1B1D46F4
:105ED000002D7FF761AC102D229BBB4F7FF7A7AE43
:105EE000DDE907A8102605E009F10809103D102D8D
:105EF0007FF79DAE01331034072BC9E90076CDE959
:105F00002234F1DD21AA5146404602F0E1FF00288B
:105F10007FF4D7ABDDE922340DF1B809E6E7CDF81F
:105F200018A02EADFFF793BB029BD9073FF5A1AE9A
:105F30000123072ECDE92264C9F80050C9F80430C6
:105F40007FF7C8AEDDE9071021AA02F0C1FF0028E3
:105F50007FF4B7ABDDE922640DF1B808BAE60E9B19
:105F6000012B7FF7B7AE112B974F40F36582DDF819
:105F700020A0102507E008F10808A9F11009B9F1DF
:105F8000100F40F3598201361034072EC8E900750E
:105F9000CDE92264EFDD079921AA504602F098FF6F
:105FA00000287FF48EABDDE922640DF1B808E4E748
:105FB000DDE9071021AA02F08BFF00287FF481ABF6
:105FC000239C0DF1B809FFF7D4BBDDE9071021AA26
:105FD00002F07EFF00287FF474ABDDE922640DF14E
:105FE000B80850E6DDE9071021AA02F071FF002889
:105FF0007FF467ABDDE922640DF1B80850E6099340
:106000009BF80030FFF733BA2EADFFF720BB17F037
:1060100040021CBF0A469BB20121FFF7E8BADDE946
:106020000C0102460B4605F0A3F9002840F05F83FF
:10603000BAF1FF3F28F0200600F0FC82472E04D181
:10604000BAF1000F08BF4FF0010ADDE90C0147F477
:10605000807200290292C0F229829DED0C7B8DEDA9
:10606000167B00230A93B8F1650F00F0F28200F36B
:106070002482B8F1450F00F0EC821FAB01931CABFA
:10608000009302219DED160B08981BAB524601F0C0
:10609000F9FBF907054640F1A88000EB0A04DDE9A9
:1060A00016010022002305F031F9002840F0258276
:1060B0001F9BA34206D230215A1C1F9219701F9BAE
:1060C0009C42F9D81B9A0B925B1B472E0E9300F053
:1060D0009180B8F1660F40F093800B9A07F00103AE
:1060E000002A43EA0A0340F36182002B40F019833F
:1060F0000B9B039306934FF0660814E2FC066FD4E3
:1061000078066DD5099B059A1B681A807BE42F4B96
:10611000119317F0200200F09F80099B073323F0B2
:10612000070319465A6851F8083B0991F90740F1ED
:10613000908053EA020100F08C8030218DF86810C5
:106140008DF8698047F002070221FFF750BA204B13
:106150001193DEE7029AD0077FF59EAE8EE608988F
:10616000402101F04DF8079B18601861002800F0ED
:10617000B682079A40235361FFF749B9102E229B3C
:10618000114F40F3668122464FF01008DDE9074ABF
:1061900005E009F10809103E102E40F35981013342
:1061A0001032072BC9E90078CDE92232F1DD21AAAE
:1061B0002146504602F08CFE00287FF482AADDE9D9
:1061C00022320DF1B809E6E7E0970308549C030872
:1061D000ECB803082846FAF7D3F80346FFF7E9BB03
:1061E000099B059A1B681A600DE41F9B1B1A0E93EE
:1061F0001B9B0B930B9BDA1C80F28381A8F1020896
:106200000B9B8DF87480591E00291B91B6BFC3F1FA
:1062100001012B232D2309298DF8753000F39C8172
:10622000302330318DF8763004238DF877101293B7
:106230000E9A129B012A1344069340F31482069B84
:106240000F9A1344069323EAE373039300230B93FB
:1062500069E10221FFF7CBB9099951F8043B099193
:1062600017F010017FF462AF17F040021CBF9BB221
:106270000A465BE7CDE90287B34E2EAD4FF0050E1F
:10628000991841F10001A6FB010727F0030000EB7C
:106290009700091A581A9846944662F100034FF085
:1062A000CC3202FB00F206FB0322A0FB063003F017
:1062B00001070244A7FB0E074018B8F10A0F4FEA86
:1062C000530300F130007CF1000C43EAC27305F87F
:1062D000010D4FEA5202D3D2DDE902872EAB5B1BE0
:1062E00002970693FFF7B3B9DDE9071021AA1393CC
:1062F00002F0EEFD00287FF4E4A9239C139B0DF12E
:10630000B809FFF705BA229B904AC9F8002001336B
:1063100001340122072B23942293C9F8042000F3AF
:10632000B88009F10809002952D1029B0E9A03F0A6
:10633000010313433FF430AA0F9B10991A19C9E9BE
:106340000013229B23920133072B229300F3378102
:1063500009F108090E99C9F8005001338C18072B70
:10636000CDE92234C9F804107FF714AA6AE4DDE904
:10637000071021AA02F0ACFD00287FF4A2A9239CFB
:106380000DF1B809FFF760BBDDE9071021AA02F0A3
:106390009FFD00287FF495A9239C0DF1B809FFF714
:1063A000E2B9DDE9071021AA02F092FD00287FF48E
:1063B00088A9239C0DF1B809FFF75CBB5346062B57
:1063C00028BF0623624D069309940393FFF78EB905
:1063D0000F9B10981A19C9E90003229B23920133DD
:1063E000072B229300F3EB8009F108090029B1DAA9
:1063F0004E421031574F80F23F81DDE907A810244B
:1064000005E009F10809103E102E40F335810133F3
:106410001032072BC9E90074CDE92232F1DD21AA3F
:106420005146404602F054FD00287FF44AA9DDE9B8
:1064300022320DF1B809E6E701364C44072ECDE9CA
:106440002264C8F80070C8F804907FF741AC79E581
:10645000144601333444072BCDE92234C9F80070C7
:10646000C9F8046000F3B98009F1080901E52D2499
:106470008DF86740FFF7D8B9DDE9071021AA02F0CF
:1064800027FD00287FF41DA91B9B239C0DF1B80953
:1064900002E5DDE9071021AA02F01AFD00287FF4C9
:1064A00010A91B99239C0DF1B8093CE701F10043A9
:1064B00017932D2316900A93D5E5B8F1660F7FF454
:1064C000DCADCDF80CA00321039C08981FAB019311
:1064D0001CAB009322469DED160B1BAB01F0D2F9CD
:1064E000B8F1660F054604447FF4D9AD2B78302B04
:1064F00000F0E7801B9B1C44D1E51B9A0B922346BE
:10650000E2E59A45FFF67AAE0E9B0B9A934200F3B2
:10651000CB80FE070B9B00F1FB8023EAE372039222
:1065200006934FF067080A9B002B62D02D238DF84D
:1065300067304FF0000AFFF792B8DDE9071021AA93
:1065400002F0C6FCFFF7BDB8CDCCCCCC2CB803080C
:1065500000B90308E09703080DF183048D4E23462C
:106560001846A6FB0123DB0803EB8302A1EB4202E2
:10657000303200F8012C0A46632A194600F1FF3335
:10658000EEDC303103F8011C831EA34280F0FE8054
:106590000DF1750213F8011B02F8011FA342F9D196
:1065A0003EAB181AA0F17103129341E6002B40F0A4
:1065B000D080012303934FF066080693B3E7DDE92B
:1065C000071021AA02F084FC00287FF47AA8DDE9F4
:1065D00022321B990DF1B80908E7DDE9071021AA5D
:1065E00002F076FC00287FF46CA8239C0DF1B8091A
:1065F0003FE4DDF828A09DF86740FFF72FB8DDE9FC
:10660000071021AA02F064FC00287FF45AA8239CFA
:106610000DF1B80926E4DDE9071021AA02F058FCC3
:1066200000287FF44EA81B9B0E9A239CD31A0DF1D1
:10663000B80949E44FF0060A07E50994CDF80CA023
:10664000CDF818A09DF86740029782460B90FFF79F
:1066500005B80AF101030393022135E793464FF091
:10666000000AFEF707BF17F001020B927FF4E7ADB7
:1066700023EAE373039356E701333244072BCDE952
:106680002232C9F80070C9F804607FF761AEDDE915
:10669000071021AA02F01CFC00287FF412A8DDE9F3
:1066A00022320DF1B80955E6DDE90E3213440B9A9A
:1066B0000693002A41DD23EAE37303934FF0670852
:1066C00031E7DDE916010022002304F01FFE002857
:1066D0004BD01B9B0B931C44631B0E93FDE4089A49
:1066E0000C2313604FF0FF330593FEF7EFBF0D9BB4
:1066F000294D002BB8BF2D2427F080030293A8BF9B
:106700009DF86740254BB8BF8DF86740FFF791B8FB
:106710000F9A1344069323EAE37303934FF0670839
:1067200001E70F9B0AEB030808EB0203069323EA39
:10673000E37303934FF06608F5E60B9B069AC3F1EB
:1067400001031A4422EAE273069203934FF06708AA
:10675000E9E60F9B03F1010808EB0A03069323EA1D
:10676000E37303934FF06608DDE6039BC3F1010377
:106770001B931C4493E409999BF8013051F804AB36
:10678000099193464AEAEA7AFEF771BE0223129310
:106790004EE500BFCDCCCCCCE8B80308E4B8030884
:1067A00070B50C46084D03460026204611461C468F
:1067B0002E6006F0BBF9431C00D070BD2B68002B87
:1067C000FBD0236070BD00BFDC0F002006F09EB937
:1067D0002DE9F0410469B4EB611F05DC002303617E
:1067E00000234361BDE8F08100F114054E1111F062
:1067F0001F0C05EB840E05EB860321D055F82610FF
:1068000004339E4521FA0CF1CCF120082DD92F46F6
:106810001A6802FA08F20A4347F8042B53F8041BDB
:106820009E4521FA0CF1F3D8A31B9B00053B9B0866
:10683000013305EB830445F8231079B104340DE0EE
:106840009E4588BF00F11002C8D953F8041B42F8D6
:10685000041F9E45F9D8A41B05EB8404631B9B1001
:10686000AC420361BCD0BDE8F08141610029B5D0E4
:106870002C46E3E72DE9F04F0F6885B0CDE9002005
:10688000BA780393302A894640F0EC81FB1C1A78D1
:10689000302A1C4603F10103F9D0E71B023FDFF861
:1068A000008318F80230002B00F0EE80237818F8EF
:1068B00003304FF0000A5546002B00F06D8126464C
:1068C00016F8013F18F80330002BF9D1B349012223
:1068D0003046FAF7F9F8834600284CD03278002D7C
:1068E00000F0A181AB1B4FEA830B02F0DF02502ABC
:1068F00035464CD0C9F80060BAF1000F74D12A1B9C
:10690000013A072A514604DD5210072A01F101011C
:10691000FADC019802F05AFC8246002800F05F82FF
:1069200000F11406A542029666D90027B9460DE08B
:10693000202F1AD03A4604372B7818F8033003F08A
:106940000F03934049EA0309A54258D015F8013DC9
:106950002E2BEDD1A542EBD3904901222846FAF720
:10696000B3F80028F0D0202FE4D1002246F8049B91
:1069700004279146E0E7002D00F06581327802F0AF
:10698000DF02AB1B502A4FEA830B3546B2D16A783F
:106990002B2A00F046812D2A40F0D3800120AA78CE
:1069A00018F802104A1E182A05F1020600F2D380D8
:1069B000727818F80220103901365AB90CE001EB50
:1069C000810116F8013F02EB4102A2F1100118F813
:1069D00003200AB1192AF2DD00B149428B44C9F8FB
:1069E0000060BAF1000F8AD0002F0CBF06250025E9
:1069F000284605B0BDE8F08F029E4FF0000946F82A
:106A0000049B029BF61AB610CAF81060484602F0C2
:106A1000B7FC009B76011C68361AA64274DCC0F2F3
:106A200004810027009B9A685A45C0F23B81009B75
:106A30005A685A454BDDA2EB0B0B5C4500F38D8089
:106A4000DB68022B00F0DD80032B00F04A81012B74
:106A500040F0DB805C4540F0D880012C08D0611EFE
:106A6000504603F0E1F8002800F0CF80009B5A6800
:106A700003990A60029A0123CAF8103013600E9B32
:106A80006225C3F800A0B3E7444901222046FAF783
:106A90001BF88246002840F08580637818F80320B0
:106AA000651C002A00F08080302B2C4640F02481A9
:106AB00014F8013F302BFBD018F80330B3FA83FAF7
:106AC00001274FEA5A1A002B7FF4F9AE64E0012542
:106AD00087B1009BDA68022A6ED0032A70D0012A9F
:106AE00006D1B90704D5029B1A681743FA076AD47E
:106AF00045F010050E9BC3F800A0039B2846C3F881
:106B000000B005B0BDE8F08F361B3146504603F0AB
:106B10008BF8074678B1711E4A11029B012753F882
:106B2000220001F01F0207FA02F2024203D0B9422A
:106B300000F3C980022731465046FFF749FEB344AF
:106B400070E718F802104A1E182A05F101064FF0E6
:106B500000007FF62DAF2E46CCE60BF1FF36002F5E
:106B600040F0A980002E40F0A8807311029A06F030
:106B70001F0652F823200123B340134259465046C2
:106B800018BF47F00207FFF723FE009BA4EB0B049E
:106B90000225D3F804B09BE7264697E6C0B8030861
:106BA000F09703082378254603F0DF03502B00F00D
:106BB0009380C9F8005017E70F9BC3F101030F93AF
:106BC0000F9B002B94D0DAF81070029A4FEA8709D5
:106BD000904602EB8706002003E0964242F8040C40
:106BE00043D9944652F8041B4B1CF6D00131022DB8
:106BF000CCF8001079D014F01F0440F0A5802125B6
:106C000078E70F9B002B3FF433AF0198514602F019
:106C100003FB50250E9A00232846136005B0BDE8FB
:106C2000F08F0020BBE6AB465FE6A61B51460198FD
:106C3000324602F035FD00F11403ABEB060B824641
:106C400002930027EEE6727818F80210751C2E46A3
:106C500000293FF44AAE16F8012F18F80230002B35
:106C6000F9D13FE6BC1C002719E6DAF80820974264
:106C700044DA0AEB87017A1C0120022DCAF81020A1
:106C8000DDF80880486130D0002A6ADC0022CAF8AA
:106C900010200022CAF81420009B9A680BF1010B07
:106CA0005A45ACDA0198514602F0B6FA0E9A002322
:106CB000A32513609CE6012757E73146504602F0B2
:106CC000B3FF074651E7B11E504602F0ADFF002862
:106CD0003FF430AF03272EE74FF0000B4FF0010ACF
:106CE00055E60F9B002B90D0C2E6009B1A68013A34
:106CF000A24260D02225FDE60127E0E5DAF8041083
:106D00000198013102F062FA064600286DD0DAF8E7
:106D10001020023292000AF10C010C30FBF778F9D6
:106D20005146019802F078FA3269012006EB82019F
:106D3000022D0244326106F114084861B246D4D0F3
:106D40009742BFF658AF9FE7C144C4F1200459F8F9
:106D5000040C02F015FBA042BFF651AFDAF8102088
:106D600092E708EB82040AF11800DAF81420844252
:106D70004FEA52022BD94546036842EAC37245F8EE
:106D8000042B50F8042B84424FEA5202F4D8A4EBAF
:106D90000A0119398908013148F8212008EB8101DD
:106DA00002B10431A1EB080292104145CAF810204B
:106DB0007FF472AF6DE7621104F01F0458F82210DF
:106DC0000122A2400A4214BF2125222592E6C8F8DA
:106DD00000200AB14146E4E7CAF8102059E7064B03
:106DE00006485246E42102F0CBF9034B03483246F1
:106DF000842102F0C5F900BF08B903081CB90308D3
:106E000010B4034CD4F8E440A4465DF8044B60474A
:106E10004C03002082B049B15AB16BB113780B60BA
:106E20001278101E18BF012002B0704701A9002A75
:106E3000F3D1104602B070476FF00100F4E700BFD5
:106E4000B1F90C202DE9F04116070C4680464ED4CE
:106E5000496842F400630029A38163DDA56A002D1F
:106E600042D0002112F48052D8F80060C8F8001017
:106E7000E16964D101234046A847451C02466ED013
:106E8000B4F90C30A56AE169580705D56368D21AD0
:106E9000236B0BB1E36BD21A00234046A847431C77
:106EA0004FD1D8F80010B4F90C301D2940D8314A20
:106EB000CA40D7073CD52269226023F40062A28130
:106EC000DD044FF00002626001D5002945D0216B3E
:106ED000C8F8006041B104F14003994202D0404635
:106EE00001F0D0FC002323630020BDE8F0810E698F
:106EF000002EF9D00D680E6092070CBF4B6900237D
:106F0000AD1B8B600BE02B463246E169676A404659
:106F1000B847B0F1000CA5EB0C05664406DD002D6A
:106F2000F1DCE1E7E16B002998DCDDE7B4F90C3036
:106F300043F04003A3814FF0FF30BDE8F081226DA4
:106F4000A2E7B4F90C302269226023F40062A28126
:106F5000DB044FF000026260B9D52065B7E7D8F8CE
:106F60000030002B8CD01D2B01D0162BDED1C8F8A1
:106F70000060B9E70100402010B5044682B008B1B6
:106F8000436B53B1B1F90C0008B902B010BD2046F3
:106F900002B0BDE81040FFF753BF0191FBF70AFBB9
:106FA0000199EFE7A0B138B50C4B1D6804460DB14F
:106FB0006B6B4BB1B4F90C0000B938BD21462846C3
:106FC000BDE83840FFF73CBF2846FBF7F3FAF1E78E
:106FD000034A04490448FDF75FB800BF18020020C7
:106FE00040030020796F000820020020014B186840
:106FF000704700BF18020020FF289DBF024B185C9D
:1070000000F0080000207047599603082DE9F04F62
:1070100085B08B460192604A03901E460D46294674
:1070200015F8014B135D13F00803F8D12D2C7ED019
:107030002B2C03BF2C7802938D1C02936EB9302C3D
:1070400000F086804FF00A09B246DFF850814FF019
:10705000050C4FF099374E4617E0102E6CD04FEAD2
:10706000E67A324653464FF0FF304FF0FF3104F0DE
:107070008BFB32460746884653464FF0FF304FF0B1
:10708000FF3104F081FBB1469446002210461146C0
:1070900010E0414508BFB84239D000FB0AF209FBB5
:1070A0000121A0FB09021144181841EBE3710122F0
:1070B00015F8014BA4F13003092B05D9A4F14103C4
:1070C000192B0CD8A4F137039E4210DD541CEFD0CD
:1070D000874278EB0102DCD24FF0FF32E8E7A4F1FF
:1070E0006103192B03D8A4F157039E42EEDC531C15
:1070F00012D0029B13B1404261EB4101019B1BB1D5
:1071000092B9019BC3F800B005B0BDE8F08F6345AC
:10711000C3DD4FF0FF32CBE7039922230B60019BC5
:1071200010461146002BEFD005F1FF3BE9E70123A4
:107130002C7802938D1C81E7302C19D04FF00F0C66
:107140004FF0FF376FF07048B1464FF0000A9CE7F0
:107150002B7803F0DF03582B0FD04FF00809B2460D
:107160004FF0070C4FF0FF376FF060484E468CE74A
:107170002B7803F0DF03582BE0D14FF010096C7827
:107180004FF00F0C02354FF0FF376FF070484FF0A3
:10719000000A4E4679E700BF599603089999991954
:1071A00034E700BF10B4044C8446134620685DF8F1
:1071B000044B0A46614629E71802002010B4044C2B
:1071C0008446134620685DF8044B0A4661461DE775
:1071D0001802002038B50C46084D8446114620465A
:1071E0001A4600232B60644605F0B0FC431C00D017
:1071F00038BD2B68002BFBD0236038BDDC0F00208E
:107200002DE9F04F01F10B05162D83B0064623D86A
:10721000102900F2AF8001F057FE1025182302203C
:10722000C04F3B44A3F108025C68944200F0248103
:107230006368E268A16823F00303CA602344304610
:1072400091605A6842F001025A6001F03FFE083432
:10725000204603B0BDE8F08F35F0070500F18A80C5
:10726000A94200F2878001F02FFEB5F5FC7FC0F047
:107270006B816B0A00F08280042B00F22381AB0942
:1072800003F1390003F1380EC300A64F3B44A3F1CC
:10729000080C5C68A44507D10DE0002AE16880F283
:1072A000E5808C4507D00C46636823F003035A1B26
:1072B0000F2AF2DD7046DFF870823C69444500F029
:1072C000C280636823F0030CACEB05030F2B00F3C3
:1072D0003F81002BC7E9048880F22A81BCF5007F3A
:1072E000D7F804E080F0CE804FEADC0101314FEAAC
:1072F0005C1C012303FA0CF357F83120A2604EEA1C
:10730000030E07EBC103083BE360C7F804E047F84E
:107310003140D46083104FF0010C0CFA03FCF445AB
:1073200032D81CEA0E0F08D120F003004FEA4C0CB3
:107330001CEA0E0F00F10400F8D007EBC00AD64695
:107340008146DEF80C300BE0596821F003014A1B3E
:107350000F2A1C46DB6800F3C180002A80F2D5802A
:107360009E45F1D109F1010919F0030F0EF1080E44
:10737000E7D116E10C233360002469E74FF4007372
:1073800040204FF03F0E80E7BC68636823F003099C
:10739000A94503D3A9EB05030F2B57DCDFF88CB10C
:1073A000DBF8002004EB09031032082002EB05088B
:1073B000009301F0D9FBD7F808140131024605D03B
:1073C00008F1FF388044414201EA0808414630464E
:1073D000019201F0A9FDB0F1FF3F019A824600F051
:1073E000D280009B834200F2CC80DBF80410414441
:1073F000CBF80410084602F1FF3C40F0F4801AEA92
:107400000C0F40F0F080D7F808A0C84448F0010005
:10741000CAF80400DBF82C208A42DBF8302038BFA1
:10742000CBF82C108A4238BFCBF83010544620F0ED
:107430000308A845A8EB050301D30F2B06DC304653
:1074400001F044FD98E7D7F804E063E7621943F0E0
:10745000010345F0010565603046BA60536001F0F4
:1074600035FD0834204603B0BDE8F08FA268234400
:10747000D16030468A60E4E6DC68A3427FF4D8AE8F
:10748000023018E7BCF5206F4FEA5C2272D3142A51
:1074900000F2088102F15C03DB005B32F918FB5853
:1074A0000839994203D1E4E09B68994204D05A68B4
:1074B00022F003026245F7D8D968C4E902318C6032
:1074C000DC6027E7142B61D9542B00F2F4802B0BDE
:1074D00003F16F0003F16E0EC300D6E6D4F808C0C6
:1074E0003046661945F001056560CCF80C30C3F8EC
:1074F00008C042F00103C7E90466C6E90288736068
:10750000625001F0E3FC0834A2E6214430464A68A8
:1075100042F001024A6054F8082FD3609A6001F0EB
:10752000D5FC95E6C0040020C8040020A40F00206C
:10753000A4443046DCF8043043F00103CCF80430B6
:1075400001F0C4FC083483E6E80805F1080367E6A7
:10755000621943F0010145F0010565603046C7E955
:107560000422C2E90288516044F80C3001F0AEFCFC
:1075700008346DE64FEA9C1202F13903DB00383221
:107580008CE7BC4228D0BC68606850E703F15C001F
:1075900003F15B0EC30078E65AF80839534540F012
:1075A000D78010F0030F00F1FF30F5D17B6823EA9C
:1075B0000C037B604FEA4C0C9C453FF6E5AEBCF1FA
:1075C000000F04D1E0E64FEA4C0C09F104091CEA73
:1075D000030FF8D04846B0E6DBF804004044CBF88F
:1075E000040002F1FF3CD7F8081401316DD0009B74
:1075F000AAEB03031844CBF804001AF00703009326
:1076000041D0C3F108018A44D0440A4408EA0C017D
:10761000521A02EA0C013046019101F085FC421C2D
:107620006FD00199A0EB0A0000EB0108DBF8042001
:10763000C7F808A048F001001144BC42CAF8040091
:10764000CBF804103FF4E6AEB9F10F0F40D96268F1
:10765000A9F10C0020F0070002F001020243626071
:10766000052322180F28C2E9013352D8DAF80400A2
:10767000D0E692104FF0010C0CFA02F24EEA020E24
:10768000C7F804E019E70AEB080101EA0C01521AF5
:1076900002EA0C013046019101F046FC431CC0D1C6
:1076A0000099C3E7542A17D84FEA1C3202F16F033E
:1076B000DB006E32F2E6B3F5AA7F17D8EB0B03F1CD
:1076C000780003F1770EC300DFE5C7F808A494E75C
:1076D0000123CAF80430B2E6B2F5AA7F23D84FEAF4
:1076E000DC3202F17803DB007732D7E640F2545205
:1076F000934223D8AB0C03F17D0003F17C0EC30051
:10770000C3E5009BA3F108029044A8EB0A080021FE
:107710008CE704F10801304601F0B4F8DBF80410FE
:10772000D7F808A0A2E740F254539A420CD84FEA87
:107730009C4202F17D03DB007C32AFE64FF47E73A6
:107740007F204FF07E0EA0E54FF47E737E22A5E6EB
:107750007B682FE7000000002DE9F04F03690C69FA
:10776000A34283B0C0F28A80013C01F1140500F10C
:10777000140855F8243058F8242001339A428E46D4
:1077800081464FEA840105EB840708EB840AB2FBCB
:10779000F3F63AD3CDE900150022AC464046134635
:1077A0005CF8041B05681FFA81FB06FB0B22090C21
:1077B0004FEA124B06FB01BB92B2A9B2891A1944D7
:1077C0001FFA8BF3C3EB214303EB154389B241EA64
:1077D0000341674540F8041B4FEA1B424FEA23432D
:1077E000DED2DDE9001558F8013073B9AAF1040AB8
:1077F000D04504D307E0D04504F1FF3403D25AF852
:107800000439002BF7D0C9F810407146484601F002
:10781000BFFF00282EDB4146002255F8040BD1F8AB
:1078200000C01FFA80FE1FFA8CF3A3EB0E03134473
:10783000020CC2EB234202EB1C429BB243EA02431E
:10784000AF4241F8043B4FEA2242E6D258F82420E6
:1078500008EB84036AB9043B434504D807E0984524
:1078600004F1FF3403D253F80429002AF7D0C9F8F1
:1078700010400136304603B0BDE8F08F002003B061
:10788000BDE8F08F2DE9F04F9DB0CDE90A320291AD
:10789000816B269D04908DED060B57EC106B49B162
:1078A000C26B4A600123934004468B6001F0B4FC34
:1078B0000023A363B7F10009B4BF012300232B60A9
:1078C000774BBCBF29F00049CDF81C9033EA09037F
:1078D00000F0AA809DED067B002251EC170B0023DF
:1078E0008DED007B03F012FD804668B10A9A0123FA
:1078F0001360279B13B1279A6A4B13606A4B059359
:1079000005981DB0BDE8F08F9DED000B04981AAAF4
:107910001BA902F0ABF85FEA1955824640F09A8045
:10792000DDE91A85454405F23243202B40F38C8370
:10793000C3F1400309FA03F905F2124326FA03F3EF
:1079400049EA030003F000FA0123013DA1F1F871B7
:107950001293564B002203F0B9F84BA3D3E900234E
:1079600003F06CFA4AA3D3E9002303F0B1F806460A
:1079700028460F4603F0F8F947A3D3E9002303F0A4
:107980005DFA02460B463046394603F0A1F806463A
:107990000F4603F003FD0022044609900023304601
:1079A000394603F0BDFC002840F02483099CA8EB75
:1079B000050808F1FF33162C089300F28C813C4B2C
:1079C00003EBC403D3E90023DDE9000103F0A8FCC5
:1079D000002873D0631E099300231193089B002B8A
:1079E000C0F27F8100230C93099B002B6CDA099B6A
:1079F0000C9A0D93D21A0C925A4200230993029BBF
:107A00001092092B6AD8052B40F32383043B029381
:107A10000025029B023B032B00F23886DFE813F0BF
:107A200070046D04650449040A9AC9F3130942F20B
:107A30000F7359EA060913601CD1279B002B00F035
:107A400045861C4B05930833279A059813601DB093
:107A5000BDE8F08FDDE90012C2F31303084643F0DE
:107A60007F51CDF84880A5F2FF35DDF8688041F4FC
:107A700040116EE7279B002B40F0F6830E4B0593D9
:107A80003EE700BFAFF3008061436F63A787D23F3B
:107A9000B3C8608B288AC63FFB799F501344D33FFD
:107AA0000000F07F2DB803082CB803080000F83F51
:107AB0000099030850B903085CB90308B8F1000F36
:107AC00040F3A38411900C90DDE90832134408932D
:107AD00000231093029B0D92092B94D900230125BA
:107AE00002930E954FF0FF3B0B93049BCDF84CB0E7
:107AF0000021D963049801F069FB0590002800F08B
:107B0000CE85DDE90432BBF10E0F9A6300F21881D5
:107B1000002D00F015810D99002940F34684B34BE8
:107B200001F00F0203EBC203C805D3E900894FEA55
:107B3000211540F10884AE4BDDE90001D3E90823AB
:107B400003F0A6FACDE9140105F00F0503277DB176
:107B5000A74EE90708D540464946D6E9002303F079
:107B60006DF90137804689466D1006F10806F0D19F
:107B700042464B46DDE9140103F08AFA8046894605
:107B8000119B43B19B4B00224046494603F0C8FB82
:107B9000002840F00B85384603F0E6F842464B4695
:107BA00003F04CF9944B002202F092FFA1F15073C4
:107BB000CDE914011593BBF1000F00F0A8800D9BD7
:107BC000CDE918B34946404603F0E8FB189A874BC5
:107BD00003EBC20313ED027B05468DED167B03F02C
:107BE000C3F80B4602464946404602F06FFF059F28
:107BF0000E9B30357E1CECB2804689463546002B04
:107C000000F06C84DDE916237C49002003F040FA83
:107C1000DDE9142302F05AFF3C7042464B4604460D
:107C20000D4603F09BFB002840F0B884CDF850A02F
:107C3000CDF858B00027AB46A246189D2AE0013780
:107C4000AF4280F2FD846E4B50465946002203F04D
:107C5000F5F86B4B002282468B464046494603F0BE
:107C6000EDF88946804603F099FB044603F07CF862
:107C700002460B464046494602F028FF303406F8DB
:107C8000014B52465B468046894603F049FB00287B
:107C900040F0D38442464B465649002002F016FF7E
:107CA00052465B4603F03CFB0028C8D0199BDDF828
:107CB00050A0059A374603F1010802E0974200F010
:107CC0009B843E4617F8013D392BF7D00133DBB2D8
:107CD0003B7045467DE101231193089B002BBFF6C5
:107CE00081AEC8F101030C93002308937CE638466B
:107CF00003F03AF842464B4603F0A0F83E4B002210
:107D000002F0E6FEA1F15073CDE9140115933D4B4D
:107D100000224046494602F0D9FEDDE914452246DC
:107D20002B4606460F4603F019FB002840F07384EB
:107D300030463946224605F1004303F0F1FA28BBEC
:107D40001B9B002BC0F290800D9A0E2A00F38C80B2
:107D5000264B0D9A03EBC20393ED007B0B9B002B8C
:107D60008DED027B19DABBF1000F16DC0ED1254B2D
:107D70000022DDE9020103F061F802460B46DDE96D
:107D8000000103F0D7FA002800F045840023059E87
:107D900000931F460B9BDD432DE2059B5D1CDDE937
:107DA0000278DDE900013A46434603F071F903F039
:107DB000F5FA064602F0D8FF3A46434603F03EF88D
:107DC00002460B46DDE9000102F080FE059A06F14D
:107DD0003003BBF1010F2F46137000F02183012502
:107DE000CDF800A0A846DDE9029A2BE0009903082F
:107DF000F09903080000F03F00001C400000E03F45
:107E000000002440000014404A46534620462946BC
:107E100003F03EF903F0C2FA064602F0A5FF4A4617
:107E2000534603F00BF808F101080B4602462946B9
:107E3000204602F04BFE06F13003D84507F8013B1F
:107E400000F0EC82844B002202F0F8FF00220023B5
:107E500004460D4603F05AFA0028D5D00D9DDDF8F2
:107E600000A001353E46B4E00E9A002A40F0D880CA
:107E70000023109E0C9D0E931F4665B1089A002AA0
:107E800009DD0C99AA421346A8BF2B46C91AED1A60
:107E9000D31A0C910893109B53B10E9B13B1002E73
:107EA00040F0F7825146109A049801F09FFB8246F9
:107EB0000498012101F0B6FA099B0090002B40F0D4
:107EC000BE81029B012B40F3D4810120089A10440B
:107ED00010F01F0000F09B80C0F12003042B40F342
:107EE000E3810C9BC0F11C00034402440C93054445
:107EF00008920C9B002B05DD514604981A4601F0B0
:107F0000CFFB8246089B002B05DD009904981A469A
:107F100001F0C6FB0090119B002B40F07581BBF176
:107F2000000F40F34C810E9B002B40F0A4800D9D70
:107F30000135DDF81480009CDDF81090012607E083
:107F4000514600230A22484601F070F90136824664
:107F500021465046FFF700FCB34500F1300008F819
:107F6000010BEDDCBBF1000F059BCCBF5E4601268B
:107F7000814603EB060B002451460122049801F0D0
:107F80008FFB0099824601F003FC002840F3EE814C
:107F9000059A02E0934500F003825E460BF1FF3B39
:107FA00016F8013C392BF5D001338BF80030DDF8A1
:107FB00010800099404601F02FF957B12CB1BC4216
:107FC00003D02146404601F027F90498394601F0D4
:107FD00023F90498514601F01FF9002333700A9BDE
:107FE0001D60279B002B3FF48BAC05981E601DB0D5
:107FF000BDE8F08F204602F0B7FE32463B4603F064
:1080000085F900287FF4D2AC631E0993CEE41C23CB
:108010000C9A1A440C92089A1A441D44089268E774
:10802000029A012A40F3AD81109B0BF1FF36B34257
:10803000C0F26981BBF1000FA3EB060680F2EF826C
:108040000C9BA3EB0B056CE1C3F1200306FA03F0D4
:1080500078E40125DDE400BF000024403946002318
:1080600004980A2201F0E2F8139B002B074640F324
:10807000FF820D969B46002D05DD394604982A4661
:1080800001F00EFB0746099B002B40F0E681B84645
:10809000059E731E03EB0B04069B03F00103CDE961
:1080A0000B43049C00995046FFF756FB3946834624
:1080B000504601F06DFB009905464246204601F00E
:1080C00089FBC3680BF130090146ABBB09905046F0
:1080D00001F05EFB09990890204601F09DF8089A8E
:1080E000002A54D1029B1BB90C9B002B00F0AE82DE
:1080F000002D3FDB0B9BB3469E420BF8019B00F02B
:10810000C381514600230A22204601F08FF84745DB
:10811000824639464FF000034FF00A02204630D025
:1081200001F084F84146074600230A22204601F068
:108130007DF85E468046B5E7049801F06DF8002DA5
:1081400006DB069B03F00102029B1D432A4329D153
:1081500051460122049801F0A3FA0099824601F0E9
:1081600017FB002840F3F680B9F1390F00F049827F
:108170000BF131090D9D06F8019B3C460135474640
:1081800015E701F053F85E46074680468AE7002D62
:10819000C0F29382029B1D430C9B1D4300F08D8215
:1081A000002AA7DDB9F1390F00F02B820D9D09F1EE
:1081B00001033C4606F8013B01354746F7E6029BC2
:1081C000022B7FF7B0AEBBF1000F40F02581009984
:1081D00004985B46052201F029F8014600905046BC
:1081E00001F0D6FA002840F31781059E0D9D31233A
:1081F00006F8013B01350099049801F00DF80135AE
:10820000002F7FF4E2AEE4E60099504601F0C0FA98
:108210000028BFF684AE5146002304980D9C0A2224
:1082200001F004F80E9B661E8246002B7FF416AF09
:10823000139B002B40F311820D9D9B4679E601466E
:108240001A46049801F0D2F9029B0090012B6EDDD2
:1082500000230993009A136902EB8303186901F064
:108260008FF8C0F1200031E6984B05930333FFF7F8
:10827000EBBB069B002B7FF428AEDDE90612C2F3B0
:108280001303002B7FF421AE914B134033B10C9BB1
:1082900001330C93089B013308930123099A099336
:1082A000002A3FF412AED5E73FF423AEC0F13C0301
:1082B000AEE601230E930B9B0D9A134403F1010BC1
:1082C0005E46012E1393B8BF0126172E40F3F981A5
:1082D000012204235B0003F11400B042114602F1B5
:1082E0000102F7D9049BD96304E401230E930B9E8A
:1082F000002E36DD1396B346E7E700230E93DAE748
:1083000000230E93F3E7109B099A1096F31A1A4470
:10831000089B09925B4408930C9B1D465B440C939D
:1083200000260498012101F07DF80746A5E5069B8B
:10833000002B8DD1DDE90601C1F313030A46002BA2
:10834000A2D0099086E79DED007B02278DED147B7E
:10835000FFF7FDBB7FF40EAF19F0010F7FF404AF00
:1083600008E701230B939B46FFF7BFBB03D119F02E
:10837000010F7FF40DAE5E461BF8013D302BFAD0A5
:1083800015E6129A002A00F09C8003F23343089A03
:10839000109E1A4408920C9A15461A440C92C0E793
:1083A000059A31230135137001E600F0FA800D9A29
:1083B000484B554205F00F0203EBC203D3E90023FB
:1083C000DDE9000102F03AFD2D11CDE9140100F0C4
:1083D0005881414E0023022780468946EA0709D585
:1083E000D6E900234046494602F028FD0137804681
:1083F000894601236D1006F10806EFD1002B7FF4AA
:10840000BFABDDE91489FFF7BBBBC8F101030890DE
:108410000C931190FFF758BB059EBBE4DDF800A05C
:1084200002460B4602F054FB0D9DCDE900010135DB
:1084300002460B46DDE90201A84602F071FF40B991
:10844000DDE90023DDE9020102F060FF18B1F30766
:1084500001D5059A35E43E46BBE57968049800F0FD
:10846000B5FE0546002800F021813B6902339A00E1
:1084700007F10C010C30F9F7CBFD049829460122D5
:1084800001F00EF9804603E60D9D3C460135474656
:1084900072E5049C39463246204601F0A7F8524660
:1084A00001460746204600F0EBFF51468046204635
:1084B00000F0B2FE109B9B1BC24610933FF4F8AC39
:1084C000F0E41A9BC3F1360361E700BF5CB903080F
:1084D0000000F07F00990308F0990308DDE91623F6
:1084E000DDE9140102F0AAFC059B1C70189B012B0E
:1084F000CDE90E0100F0C380189F059B12961F4422
:108500007A4B00224046494602F098FC0D4604464C
:1085100002F044FF814602F027FC09F130090246CF
:108520000B462046294602F0D1FA06F8019BBE42CE
:1085300080468946E4D1129D6D4B0022DDE90E0193
:1085400002F0C6FA02460B464046494602F006FFD4
:1085500000286CD1DDE90E236549002002F0B6FA4F
:1085600002460B464046494602F0DAFE80B91B9BA4
:10857000002BFFF67DAC0D9B0E2B3FF779AC5D4BCE
:108580000D9A03EBC20393ED007B8DED027B06E4B5
:108590003E46013F16F8013C302BF9D0199D0135BC
:1085A00017E5DDE900890227FFF7EABABBF1000F02
:1085B0003FF49DAB139C002C7FF7C2AB0D9B013B9E
:1085C0000022404649461993484B02F037FC80464A
:1085D0008946781C02F0C8FB42464B4602F02EFC4E
:1085E000454B002202F074FAA1F15073CDE9140159
:1085F00018941593FFF7E6BA08F101083123FFF745
:1086000067BB0D9D059AB34639233C460BF8013BE9
:1086100001354746C1E4002300931F46E5E5089B6A
:108620005B4408930C9B1D465B440C9379E6199BB5
:10863000059A03F10108FFF744BBDDF850A0ADE750
:10864000DDF850A0DDF858B0FFF77ABBB9F1390F6B
:10865000D7D0002D3FF78CAD8CE5029B022B03DCBD
:108660000D9DDDF84CB064E4DDF84CB00D96AAE544
:10867000029B022BF8DCDDF84CB00D96FBE437468C
:108680005AE7DDE914890227FFF77ABA049B00252F
:10869000DD632946184600F099FD0590D0B9174BC7
:1086A0001748002240F2AF1100F06AFD134B144846
:1086B0002A4640F2EF2100F063FD002A3FF748AD63
:1086C00058E5049B0021D963FFF714BA0D4B0593BD
:1086D000FFF716B9DDE904329A634FF0FF33012248
:1086E0000B9513930E929B46FFF72ABB0000244084
:1086F0000000E03F0099030800001C4008B903088F
:1087000060B9030850B9030838B52F4B1B680546FC
:108710000C4613B15A6B002A4BD0B4F90C30180731
:108720001CD5226922B313F0010107D06169002032
:108730004942A060A1613AB1002038BD980758BFF6
:108740006169A160002AF7D1190658BF1046F4D517
:1087500043F04003A3814FF0FF3038BDD9062CD53C
:108760005A0712D4226943F00803A381002ADAD100
:1087700003F42071B1F5007FD5D02146284601F0E1
:1087800081FAB4F90C302269CDE7216B51B104F1C3
:108790004002914204D0284600F074F8B4F90C303D
:1087A0000022226322690021C4E9002123F024036E
:1087B000D9E71846F9F7FEFEAFE7092243F0400378
:1087C0002A60A381C7E700BF180200202DE9F84303
:1087D00006460820894600F0C7F9DFF8A480054660
:1087E000304600F071FBD8F808305F6827F00307C7
:1087F000A7F11104A4EB09042C44B4FBF5F4013CEB
:1088000005FB04F4A54208DC0021304600F08CFB97
:10881000D8F808303B44984205D0304600F056FB6B
:108820000020BDE8F8836142304600F07DFB013056
:108830000FD0114AD8F808303F1B47F001075F609E
:10884000136830461B1B136000F040FB0120BDE89D
:10885000F8830021304600F067FBD8F80820831A1F
:108860000F2BDADD43F001035360044B02491B6810
:10887000C01A0860D1E700BFA80F0020C808002078
:10888000C004002000297CD02DE9F0410C46804630
:1088900000F01AFB54F8043C754FA4F1080523F0CE
:1088A00001016818BE684268864222F0030200F0A7
:1088B0008380DE07426000EB020C33D454F8084C8E
:1088C000DCF804302D1B2144AC6807F1080C64452A
:1088D00003F0010364D0D5F80CE0C4F80CE0CEF846
:1088E0000840002B00F0818041F001036B600160C3
:1088F000B1F5007F22D27868CB0801224909013303
:108900008A40024357F833107A6007EBC302083AF3
:10891000C5E9021247F83350CD604046BDE8F0414A
:1089200000F0D4BADCF80430DB072BD541F00103AA
:10893000B1F5007F44F8043C0160DCD3B1F5206F51
:108940004FEA512353D28B0903F1390003F1380266
:10895000C300F818FB580838984203D161E09B68BF
:10896000984204D05A6822F003028A42F7D8D868A5
:10897000C5E902308560DD604046BDE8F04100F0A9
:10898000A5BA7047114407F1080C836863453FD0CE
:10899000C268DA60936041F001036B606950A7E739
:1089A000002B5FD10A44D0E90213CB60996042F0FA
:1089B00001036B60AA50B0E7DB070A4407D454F800
:1089C000083CED1A1A44D5E90213CB60996042F0D5
:1089D00001036B60274BBD601B6893429DD8264BFB
:1089E00040461968FFF7F2FE97E71144CDE7142BD4
:1089F00008D9542B1DD80B0B03F16F0003F16E0245
:108A0000C300A6E703F15C0003F15B02C300A0E72B
:108A100041F00103C7E90455C5E902CC6B60695018
:108A20007BE779689210012404FA02F20A437A6023
:108A30009EE7B3F5AA7F06D8CB0B03F1780003F1CC
:108A40007702C30085E740F25452934206D88B0C5C
:108A500003F17D0003F17C02C3007AE74FF47E73DB
:108A60007E2276E741F001036B60016055E700BFAD
:108A7000C0040020CC080020A40F002070B539B13C
:108A800006460C4608B1436B83B3B4F90C3013B9F6
:108A90000025284670BD21463046FEF7D1F9E36A2D
:108AA000054633B1E169304698470028B8BF4FF01A
:108AB000FF35A3891B061CD4216B41B104F140038F
:108AC000994202D03046FFF7DDFE00232363616C3C
:108AD00021B13046FFF7D6FE00236364F9F77AFD33
:108AE0000023A381F9F778FD284670BDF9F762FDF0
:108AF000CBE721693046FFF7C5FEDDE7024B0146B3
:108B00001868FFF7BBBF00BF1802002010B4034C69
:108B1000D4F8E040A4465DF8044B60474C030020C5
:108B200049B1FF2A02D80A70012070478A230360E6
:108B30004FF0FF3070470846704700BF38B50C460D
:108B4000084D8446114620461A4600232B60644691
:108B500003F0F4FF431C00D038BD2B68002BFBD082
:108B6000236038BDDC0F0020082802D14FF480506C
:108B7000704708B5FEF73AFA162303604FF0FF304E
:108B800008BD00BF2DE9F84F1646002900F0968079
:108B90000C46804606F10B0500F096F954F8041CCB
:108BA000162DA4F1080921F0030758D81025AE426C
:108BB00058D8AF4260DABE4B9A6809EB070C6245A1
:108BC000DCF8040000F0908020F0010363445B684F
:108BD000DB0768D420F003003B189D4247DDCB073C
:108BE00012D454F8083CA9EB030BDBF8043023F053
:108BF0000302104400EB070A554540F3F68007EBEB
:108C0000020A554540F3CC8031464046FEF7F8FA5B
:108C10000646002800F0208154F8043C23F00103AC
:108C20004B44A0F10802934200F0B4803A1F242A7A
:108C300000F2D780132A00F2A28003462246116870
:108C400019605168596092689A6021464046FFF762
:108C500019FE404600F03AF93046BDE8F88F35F08D
:108C60000705A4D50C23C8F80030002618E01F46DD
:108C7000DCE90223D3609A60D9F804307A1B0F2A0A
:108C800003F0010309EB07001DD83B43C9F804308A
:108C9000436843F001034360404600F017F926465D
:108CA0003046BDE8F88FC907AED454F8083CA9EBAC
:108CB000030BDBF8043023F00302A0E7BDE8F84F14
:108CC0001146FEF79DBA09EB05012B4342F0010264
:108CD000C9F804304A60436843F001034360083137
:108CE0004046FFF7CFFDD7E720F00300C21905F19A
:108CF000100C624580F29180CA0785D454F8082C84
:108D0000A9EB020BDBF8042022F00302104400EB75
:108D1000070AD4453FF773AF5E46DBF80C1056F8F0
:108D2000080F3A1F242AC160886000F2AE80132A1F
:108D300040F2A9802168CBF808106168CBF80C10CC
:108D40001B2A00F2A88008340BF110022168116080
:108D500061685160A16891600BEB0501AAEB050207
:108D600042F0010299604A60DBF8043003F001032D
:108D70002B434046CBF8043000F0A8F890E7236876
:108D80000360636843601B2A3CD804F1080200F1C9
:108D9000080354E750F8043C23F003031F446BE737
:108DA0003A1F5E46DBF80C3056F8081F242ACB60C9
:108DB000996022D8132A1ED92368CBF8083063683B
:108DC000CBF80C301B2A3BD808340BF11003226877
:108DD0001A6062685A60A2689A6034465746D9465B
:108DE0004AE72146F7F7B6FE2FE7DCE902133A1F00
:108DF000CB609960D5E73346E9E721463046F7F77F
:108E0000A9FEEAE7A3688360E368C360242A27D049
:108E100004F1100200F1100311E709EB050199605C
:108E2000531B43F001034B6054F8043C03F001036F
:108E30002B43404644F8043C00F048F826462FE710
:108E4000A368CBF81030E368CBF81430242A10D094
:108E500010340BF11803BAE7404600F037F804E786
:108E6000236903616169416104F1180200F118038B
:108E7000E5E62369CBF818306369CBF81C30183469
:108E80000BF12003A3E7324660E721463046F7F7AF
:108E900061FE074B60E7A168CBF81010E168CBF8E2
:108EA0001410242A06D010340BF118024EE700BF2C
:108EB000C00400202269CBF818206269CBF81C207E
:108EC00018340BF1200241E7704700BF704700BF24
:108ED0002DE9F843154692682C68FAB18046894618
:108EE000083401E00834CFB16B68591E002B1746D7
:108EF000696013DD54F8046C002EF3D0334654F847
:108F0000082C4946404600F091FF431C07D0AA6850
:108F1000921B1746AA600834002FE5D100200023D9
:108F2000C5E90133BDE8F88338B5074D0022044692
:108F300008462A600FF0F8FA431C00D038BD2B68B1
:108F4000002BFBD0236038BDDC0F002010B4046878
:108F5000013409E014F8013BA3F1410CBCF1190FF5
:108F600098BF2033934208D111F8012B002AF1D188
:108F7000046001205DF8044B704700205DF8044B4D
:108F8000704700BF09682DE9F04F4B1102EB8303D6
:108F900011F01F0B07460CBF1846181D3C680CBF8C
:108FA0001D1F1D46002340F8043C617885B0013444
:108FB000002900F0A8809E469A461E460B460146B0
:108FC0001046DFF8889101975A46A846AC4683467A
:108FD00010E0202B00F28F80564508DDE04502D9D5
:108FE000BEF1070F5FDDE34554D34FF0080E14F8D0
:108FF000013FB3B119F80370002FEAD00EF1010E52
:10900000BEF1080F06F101063ADCDCF800301B0166
:1090100007F00F071F43CCF8007014F8013F002B36
:10902000E8D15B46084693461A46002E6BD0C445ED
:1090300002D2BEF1070F73DD62454DD2111F6346A8
:1090400053F8044B41F8044FAB42F9D9A5EB0C039C
:1090500023F00303691C04330CF1010C8C4588BF19
:1090600004231344002143F8041BAB42FBD950F8FE
:10907000043C002B4DD1AA4249D055F8043DF8E7F5
:10908000E345B4D200234CF8043C4FF0010EACF1A0
:10909000040CBDE70023ACF104084CF8043CB246D4
:1090A000C4469E46A3E7CEF108008000CDE9022C1D
:1090B000DCF800306746C0F1200E8446786800FA7C
:1090C0000EF21A4320FA0CF33A6047F8043FB84511
:1090D000F4D8DDE9022C86E750F8043CBBF1000F20
:1090E000C7D0CBF1200B4FF0FF3121FA0BF10B4031
:1090F00040F8043CBDE70846194629295B46019F14
:1091000093461A4609D0042005B0BDE8F08F01232C
:109110002B60052005B0BDE8F08F01343C6084E78A
:10912000CEF10803DCF800109B00C3F1200E664668
:109130000C46776807FA0EF1214327FA03F43160F1
:1091400046F8044FB045F4D876E700BFF09703081F
:109150009FED010B704700BF000000000000F87F8A
:10916000936810B514461BB918460023636010BD00
:10917000F9F748FA0023A3600023636010BD00BF25
:1091800000B50B4C25681446EE681A4685B00346B8
:109190000D464CB107490095CDE90114304606490A
:1091A00000F0B2FEF7F756FD04490C46F3E700BFA6
:1091B000180200208CB903089CB9030898B9030869
:1091C00008B513460022FFF7DBFF00BF436C70B504
:1091D00005460C464BB153F8240080B1026843F8B1
:1091E00024200023C0E9033370BD2122042100F0B4
:1091F000E7FD034668640028EDD1002070BD012121
:1092000001FA04F6721D9200284600F0D9FD0028EC
:10921000F3D0C0E90146E4E731B1436C4A6853F842
:109220002200086043F82210704700BF2DE9F0418A
:109230000D6907460E461C4601F1140E0020DEF8AB
:1092400000108BB202FB03434FEA134C090C02FBE4
:1092500001CC01309BB203EB0C4385424EF8043B3A
:109260004FEA1C44EBDC3CB1B368AB4207DD06EBD4
:10927000850301355C6135613046BDE8F081716878
:1092800038460131FFF7A2FF8046A8B132690232A9
:1092900006F10C0192000C30F8F7BAFE7B6C726894
:1092A00053F82210316043F82260464606EB8503EE
:1092B00001355C613561DFE7024B03484246BA2164
:1092C000FFF75EFF08B90308CCB903082DE9F8439E
:1092D0001746284A1E4608330C46092E82FB031205
:1092E0004FEAE3730546C3EB62033ADD4FF0010C2E
:1092F00000214FEA4C0C634501F10101F9DC2846DD
:10930000FFF764FF014670B3089B4361092F4FF0DC
:109310000103036112DC0A340927BE420BDDF61B90
:10932000264414F8013B0A22303B2846FFF77EFF13
:10933000B4420146F5D10846BDE8F88304F10908B6
:1093400004EB0709444614F8013B0A22303B284647
:10935000FFF76CFF4C450146F5D1A7F108044444E2
:10936000DBE70021CBE70A46034B0448D321FFF794
:1093700007FF00BF398EE33808B90308CCB90308EA
:10938000B0F5803F034636BF030400201020B3F140
:10939000807F3CBF1B020830B3F1805F3CBF1B01E4
:1093A0000430B3F1804F03D3002B06DB013070474C
:1093B0009B0003D45B0003D4202070470230704729
:1093C00003307047036813F00702014607D0DA073D
:1093D0001FD4980721D55B080B600120704798B215
:1093E000A0B11046DAB20AB908301B0A1A0704BF46
:1093F0001B0904309A0704BF9B080230DA0703D424
:109400005B0800F1010006D00B6070471B0C1020B8
:10941000E8E700207047202070479B080B6002207F
:10942000704700BF38B5436C04460D464BB15868D1
:10943000B0B102685A6000220123C0E903234561EC
:1094400038BD2122042100F0BBFC034660640028E3
:10945000EDD1094B0948002240F24511FFF790FE7B
:109460001C220121204600F0ABFC0028F1D0012293
:109470000223C0E90123DEE708B90308CCB90308D9
:109480002DE9F04FD1F810801569A84585B00E463A
:10949000924605DB2A46534645468A4690461E4676
:1094A000DAF80830DAF8041005EB0804A342B8BF74
:1094B0000131FFF78BFE8446002800F08B8000F11D
:1094C000140707EB840E774505D23B46002243F88C
:1094D000042B9E45FBD8143606EB88080AF11409C4
:1094E000464509EB850566D2A5EB0A03153B23F03B
:1094F00003030AF1150A043355452CBF9B464FF070
:10950000040BCDF808E00394AE46E24605E0090CF2
:109510002AD1B04507F104074AD956F8041B8DB289
:10952000002DF4D0CC463C46002301965CF8040B99
:10953000216886B28AB2000C05FB0622090C1A4487
:1095400005FB001101EB124192B242EA0142E645ED
:1095500044F8042B4FEA1143E8D8019E47F80B303A
:1095600056F8041C090CD4D03B68002248461D461E
:109570003C469446028801FB02C202EB15429BB2B4
:1095800043EA024344F8043B50F8043B25684FEAA1
:10959000134CABB201FB0C3303EB124370454FEAA3
:1095A000134CE7D3B04547F80B3007F10407B4D8A4
:1095B000DDE902E4D446002C02DC05E0013C03D0E6
:1095C0005EF8043D002BF9D06046CCF8104005B0A1
:1095D000BDE8F08F034B044862464FF4B171FFF7CA
:1095E000CFFD00BF08B90308CCB9030812F003038C
:1095F0002DE9F041144607462CD10D46A4101CD08D
:109600003E6C86B3E3074FF0000806D4641014D014
:109610003068A8B10646E307F8D5324629463846F1
:10962000FFF72EFF35B17B6C696853F821202A6063
:1096300043F8215064100546EAD12846BDE8F08180
:10964000324631463846FFF71BFF3060C0F80080D5
:109650000646E0E7013B0F4A52F823200023FFF7BC
:10966000E5FD0546CAE701213846FFF7AFFD06468E
:1096700040B1012340F27122C0E904320023386472
:109680000360BFE7044B0548324640F24511FFF73F
:1096900077FD00BFF098030808B90308CCB90308A8
:1096A0002DE9F0470C4690462769A368496807EB07
:1096B00062177D1C9D4206464FEA621904DD5B007D
:1096C0009D4201F10101FADC3046FFF77FFD84463F
:1096D000002851D0B9F1000F00F114000EDD09F19E
:1096E00005024FEA820E03460CEB8202002143F88A
:1096F000041B9342FBD1AEF114031844216904F119
:10970000140318F01F0803EB81012DD0C8F12009C4
:1097100086464FF0000A1A6802FA08F242EA0A0284
:109720004EF8042B53F8042B994222FA09FAF2D886
:109730000B1B153B23F00303043304F11502914284
:1097400038BF042340F803A0BAF1000F00D13D4612
:10975000736C6268CCF8105053F822102160604698
:1097600043F82240BDE8F087043853F8042B40F852
:10977000042F9942F9D8EAE7034B044862464FF4B4
:10978000EF71FFF7FDFC00BF08B90308CCB903086F
:109790000B6984460069C01A16D10CF1140C1431FF
:1097A0000CEB830210B401EB830301E0944508D273
:1097B00052F8044D53F8041D8C42F7D005D24FF0F7
:1097C000FF305DF8044B7047704701205DF8044B93
:1097D000704700BF2DE9F04F15460A692B69D21A70
:1097E000002A83B0884640F0878001F1140605F115
:1097F000140101EB830106EB830301E09E427ED25C
:1098000053F8044D51F8042D9442F7D075D32B46EC
:109810000024454698466968FFF7D8FC8146002831
:1098200000F089802E69C460D8F8100005F1140B8F
:1098300008F1140E09F1140A05F110020EEB800074
:109840000BEB860157464FF0000CCDF804B05EF8E4
:10985000044B52F8045F1FFA84FBABB2A3EB0B037B
:10986000240C6344C4EB154404EB23449BB243EA49
:109870000443704547F8043B4FEA244CE7D8A0EB7B
:10988000080208F115084045A2F1150234BF002076
:10989000012092080028DDF804B002F101044FEA2B
:1098A000840408BF04240BEB0405A942544433D9B3
:1098B0002746284650F8043B1CFA83FE1A0C6344E2
:1098C00002EB2E429BB243EA0243814247F8043B3B
:1098D0004FEA224CEED80139491B21F003010C4418
:1098E00023B954F8043D013E002BFAD04846C9F88C
:1098F000106003B0BDE8F08F89DA01248BE7002106
:10990000FFF764FC814678B101220023C0E90423FB
:10991000484603B0BDE8F08F00284FEA820208BF36
:1099200000220AEB0204DBE7064B07484A4640F2F6
:109930003721FFF725FC034B03484A4640F24521F7
:10994000FFF71EFC08B90308CCB9030882B08DEDFF
:10995000000B164B019A1340A3F15073002B06DD48
:1099600000221946104641EC100B02B070475B42D2
:10997000B3F1A07F4FEA235209DA4FF400231341D9
:1099800000221946104641EC100B02B07047A2F1BC
:1099900014031E2BDABF4FF00042DA4001220023ED
:1099A0001946104641EC100B02B070470000F07FE2
:1099B000F8B5046900F1140606EB8404271F54F877
:1099C000045C2846FFF7DCFCC0F120030A280B608A
:1099D00033DDBE42A0F10B0119D254F8080C21B3BB
:1099E000C1F120078D4020FA07F215438840A4F109
:1099F000080145F07F538E4243F4401319D254F8C6
:109A00000C1CF9400843024643EC102BF8BD0B2810
:109A10000AD005FA01F141F07F53002043F44013CE
:109A2000024643EC102BF8BD002045F07F5343F471
:109A30004013024643EC102BF8BDC0F10B0C25FA85
:109A40000CF1BE4241F07F5338BF54F8081C00F1BE
:109A5000150034BF21FA0CF1002105FA00F008438B
:109A600043F44013024643EC102BF8BD2DE9F043BC
:109A70000E4683B0012159EC108B1546FFF7A6FB6B
:109A80000446002846D0C9F30A57C9F313030FB19F
:109A900043F480130193B8F1000313D101A8FFF739
:109AA00091FC019B63610122203022610FB3A7F278
:109AB00033470744C0F1350037602860204603B0C3
:109AC000BDE8F08368460093FFF77CFC019BF8B18A
:109AD0000099C0F1200203FA02F2C3400A43019345
:109AE000002B62610CBF01220222A3612261002FC0
:109AF000DDD104EB8203A0F2324030601869FFF739
:109B00003FFCC0EB42102860204603B0BDE8F08364
:109B1000009AE5E7034B0448224640F20F31FFF775
:109B20002FFB00BF08B90308CCB903082DE9F043A7
:109B300083B0884669468146FFF73AFF01A940464F
:109B400055EC104BFFF734FFD8F81030D9F810203F
:109B5000D21ADDE900315B1A03EB4213002B59ECFA
:109B6000108B0DDD05EB03573D4642464B46204624
:109B7000294601F08DFA41EC100B03B0BDE8F083EB
:109B8000C3EB033309EB03518946EEE7172870B5A1
:109B900006460CDD0A490B4D0020002422462B46C8
:109BA00001F04CF9013EF9D141EC100B70BD064BB0
:109BB00003EBC003D3E9040141EC100B70BD00BFFF
:109BC0000000F03F00002440F098030801394911DB
:109BD00001F1010C116902F1140303EB81018B42C5
:109BE00000EB8C0C16D210B5A0F1040E53F8044B08
:109BF0004EF8044F9942F9D88B1A153B23F0030312
:109C000004331844844504D9002340F8043B8445B8
:109C1000FBD810BD844505D9002340F8043B84459A
:109C2000FBD87047704700BF03694A11934200F1A7
:109C3000140009DA00EB830302E053F8042DAAB9FB
:109C40008342FAD80020704700EB8203F8DD11F060
:109C50001F01F5D010B450F8224024FA01F28A40D6
:109C6000944209D001205DF8044B704701207047F1
:109C700053F8042D002AF5D18342F9D800205DF86D
:109C8000044B70472DE9F041B1F90C300C469907AF
:109C900096B008D504F143030122C4E904322360DD
:109CA00016B0BDE8F081B4F90E100029064626DB97
:109CB0006A4600F03DF900281FDB019D05F4704560
:109CC000A5F50055B5FA85F54FF480686D094FF498
:109CD000006741463046FDF793FAE8B1B4F90C301D
:109CE000C4F8148043F0800320602061A3813DBB51
:109CF0003B43A38116B0BDE8F081B4F90C3013F0FA
:109D0000800519D04FF040080025414630462F46C7
:109D1000FDF776FA0028E1D1B4F90C309A05BFD4EA
:109D200023F0030304F1430243F002030121C4E9D9
:109D30000421A3812260B3E74FF480682F46C8E76F
:109D4000B4F90E10304600F009F910B9B4F90C302E
:109D5000CEE7A38923F0030343F001031BB2C7E757
:109D600070B50C46B1F90E10002996B015461E4686
:109D700014DB6A4600F0DCF800280FDB019901F4DF
:109D80007041A1F50051B1FA81F14FF480634909A6
:109D90004FF4006031602B6016B070BDA18911F0E6
:109DA000800106D000214023084631602B6016B0A8
:109DB00070BD4FF48063084631602B6016B070BDF3
:109DC00038B5A1FB021454BBFDF71AFA054650B38F
:109DD00050F8042C22F00302043A242A10D8132A43
:109DE00013D91B2AC0E9004416D9242AC0E9024429
:109DF0000ABFC0E9044400F1100200F1180205E0B6
:109E00002146F6F729FB284638BD02460023C2E961
:109E100000339360284638BD00F10802F6E7FDF7ED
:109E2000E5F80C2303600025284638BD2DE9F047EE
:109E30008F681D46AF420B680C46164636D8B1F9FE
:109E40000CC01CF4906F0ED13D46184631462A4690
:109E5000F6F780FEA368DF1B2368A7602B44002071
:109E60002360BDE8F0874A69096902EB42025F1A84
:109E700002EBD2726B1C52103B44934292BF91464C
:109E800099461A461CF4806F804611D01146FDF7A2
:109E9000B7F9824600B321693A46F8F7B9F8A389C1
:109EA00023F4906343F08003A38105E02F46CCE7C1
:109EB000FEF768FE824658B10AEB0703A9EB0707D5
:109EC000A760C4F810A0C4F8149023602F46BCE724
:109ED00021694046FEF7D6FCA3890C2243F04003DB
:109EE000C8F800204FF0FF30A381BAE70CB400B5EA
:109EF00083B004AB53F8042B019300F041F803B096
:109F00005DF804EB02B070470EB410B583B005AB3A
:109F1000064C53F8042B01930146206800F030F8FA
:109F200003B0BDE8104003B0704700BF1802002026
:109F300070B50C46084D03460026204611461C46C7
:109F40002E6002F0DBFD431C00D070BD2B68002B9F
:109F5000FBD0236070BD00BFDC0F002038B5074D7B
:109F60000022044608462A6002F0D8FD431C00D0B7
:109F700038BD2B68002BFBD0236038BDDC0F0020E0
:109F80002DE9F04FADB0CDE907301C460291934664
:109F900018B1436B002B00F003850299B1F90C2036
:109FA0004B6E950405D442F4005223F400538A8189
:109FB0004B66980400F12485029BB3F90C2011072D
:109FC00040F1D3801B69002B00F0CF8002F01A0211
:109FD0000A2A00F0D9800023CDE910330DF1700971
:109FE000CDF83C900993CA4605939BF80030002BAE
:109FF00000F0F4805C4604E014F8013F002B00F010
:10A00000D280252BF8D1B4EB0B0540F0CF8023781C
:10A01000002B00F0E3804FF000038DF837304FF055
:10A02000FF320023CDE90323617804F1010B984648
:10A030000BF1010BA1F12003582B00F2DC80DFE8CB
:10A0400013F0B201DA00DA00AD01DA00DA00DA006A
:10A05000DA00DA00DA007601A701DA008101860170
:10A06000DA00A2015900590059005900590059005D
:10A07000590059005900DA00DA00DA00DA00DA0093
:10A08000DA00DA00DA00DA00DA006800DA00DA0072
:10A09000DA00DA00DA00DA00DA00DA00DA00DA00F0
:10A0A0001902DA00DA00DA00DA00DA00EA01DA008E
:10A0B000DA001D04DA00DA00DA00DA00DA00DA0089
:10A0C000DA00DA00DA00DA00DD016A00DA00DA002C
:10A0D000DA00D8016A00DA00DA00CB01DA00BD014B
:10A0E0001B047F027A02DA005902DA001904DA004E
:10A0F000DA004204A1F1300300221BF8011B02EB3D
:10A10000820203EB4202A1F13003092BF5D904923C
:10A1100090E748F0100818F0200F00F0D780079B58
:10A12000073323F007031A46596852F8083B079291
:10A130000A460029C0F2DE8003999DF837500029B5
:10A14000C0F2E38053EA020128F0800840F0DD808D
:10A15000039B002B40F0598401934C46002D00F0E6
:10A16000BE81019A01320192B9E1029D0898294607
:10A17000FEF7CAFA002840F04384B5F90C2002F03B
:10A180001A020A2A7FF427AF029BB3F90E30002B84
:10A19000FFF621AF0299089823465A462DB0BDE834
:10A1A000F04F00F059BCB4EB0B0517D0119B2B44BA
:10A1B0001193109B0133072BCAE900B5109305DCFE
:10A1C0000AF1080A059B2B44059320E70299089899
:10A1D0000FAAFEF7C5FF28B9CA46F3E7119B002B6B
:10A1E00040F00084029B9B895B0600F1098405987E
:10A1F0002DB0BDE8F08F0029F0D000238DF8373066
:10A2000001238DF84810019312AC002203920692AC
:10A2100018F08407DDE9102105D10498019D451B44
:10A22000002D00F34F829DF8370080B101320DF10F
:10A2300037000131CAF80000072A4FF00100CDE9CC
:10A240001021CAF8040000F377820AF1080A069880
:10A2500078B101320EA80231CAF80000072A4FF087
:10A260000200CDE91021CAF8040000F373820AF15C
:10A27000080A802F00F09B810398C51A002D00F377
:10A28000D58101321944072ACDE91021CAF80040CE
:10A29000CAF8043000F302820AF1080A18F0040F29
:10A2A00005D0049B019A9C1A002C00F36182DDE921
:10A2B000042301988242ACBF9B181B180593002908
:10A2C00040F0F78100231093CA468EE6079A18F0F3
:10A2D000100F52F8043B079207D118F0400F04D03A
:10A2E00043F3C03211461BB223E7DA1711460029A7
:10A2F000BFF622AF03995B4262EB42022D25002993
:10A300008DF8375001DB28F080080A2B72F100012C
:10A3100080F0F3823033DBB28DF86F30039B012B7A
:10A32000B8BF012301930DF16F04012316E7079BCA
:10A3300053F8042B0492002A80F28882049A07932F
:10A34000524204929BF8001048F0040870E6584608
:10A3500010F8011B2A2900F05A83A1F13003092BC0
:10A3600098BF002200F2478310F8011B02EB820223
:10A3700003EB4202A1F13003092BF5D942EAE27363
:10A380000393834656E69BF8001048F080084FE69A
:10A390002B239BF800108DF8373049E69BF800100E
:10A3A00048F0010844E69DF837309BF80010002B78
:10A3B0007FF43EAE20238DF8373039E618F0200FB9
:10A3C00000F04D82079B059A1B681A60D2175A60ED
:10A3D000079B0433079308E69BF800106C2903BF22
:10A3E0009BF8011048F020080BF1010B48F0100811
:10A3F0001EE69BF8001048F0400819E6079B002273
:10A400008DF8372053F8042B079301238DF848204B
:10A41000019312ACF9E648F0100111F0200200F0AF
:10A42000DE81079B073323F0070318465A6850F86C
:10A43000083B079003980025A8428DF83750C0F2DA
:10A44000A782012553EA020021F0800840F09480A1
:10A450000398002840F09E82002D40F0F38111F017
:10A46000010300F0F88130228DF86F2001930DF187
:10A470006F0434E048F0100111F0200200F0BE81BA
:10A48000079B073323F0070318465A6850F8083B28
:10A49000079003980025A8428DF83750D2DA8846F5
:10A4A0004C4603F00701DB0843EA4273D20830311F
:10A4B00053EA0205204604F8011DF2D118F0010FFD
:10A4C0006DD030296BD0039A0238302304F8013C58
:10A4D000A9EB00039A42B8BF1A460446019218F04D
:10A4E000020206923FF494AE019A023201920222D5
:10A4F00006928DE6079D039B55F8044B00218DF8CD
:10A500003710002C00F05E82002BC0F2DF811A466B
:10A510002046FAF715FF002800F06B82031B9DF818
:10A52000372023EAE3710191002A00F052820022D1
:10A530000795039215E69BF8001048F0200877E590
:10A54000079A52F8043B079247F63002ADF83820DC
:10A55000B24A099248F00208002200218DF8371013
:10A56000039900290DDB414653EA02004FF0020532
:10A5700021F080083FF46CAF012D00F05482022DD1
:10A580008ED109984C4603F00F011B09415C04F879
:10A59000011D43EA0273120953EA0201F3D1039A3F
:10A5A000A9EB04039A42B8BF1A46019297E70498B0
:10A5B000019D451B002D7FF75FAE102D984E23DDCA
:10A5C00006945046089C10279A4604E0103D102D32
:10A5D00000F1080015DD01321031072AC0E90067DB
:10A5E000CDE91021F2DD02990FAA2046FEF7B8FD51
:10A5F00000287FF4F7AD103D102DDDE9102148460D
:10A60000E9DC069C5346824601322944072ACDE9FB
:10A610001021CAF80060CAF8045000F3C5810398FD
:10A62000C51A002D0AF1080A7FF72BAE102D7C4EBB
:10A6300026DD03945046089CB24610271E4604E0CF
:10A64000103D102D00F1080016DD0132744B103161
:10A65000072AC0E90037CDE91021F1DD02990FAAE0
:10A660002046FEF77DFD00287FF4BCAD103D102D87
:10A67000DDE910214846E8DC039C33465646824615
:10A6800001322944072ACDE91021CAF80060CAF82E
:10A69000045000F3C9800AF1080AF2E5029908980B
:10A6A0000FAAFEF75DFD00287FF49CAD1199CA4604
:10A6B000F4E5029908980FAAFEF752FD00283FF42E
:10A6C00001AE8FE5102D574E28DDCDE90A745046B6
:10A6D0003746089C029E9A4604E0103D102D00F17A
:10A6E000080016DD013210311023072ACDE91021B0
:10A6F00007604360F1DD0FAA31462046FEF730FDCA
:10A7000000287FF46FAD103D102DDDE91021484683
:10A71000E8DC3E460B9C0A9F5346824601322944A0
:10A72000072ACDE91021CAF80060CAF8045000F3E6
:10A7300021810AF1080A76E5029908980A930FAA7E
:10A74000FEF70EFD00287FF44DADDDE910210A9BD8
:10A75000CA467CE50299089806930FAAFEF700FD09
:10A7600000287FF43FADDDE91021069BCA4680E555
:10A77000102C109B2B4E1FDD089FDDF80880102544
:10A7800004E0103C102C0AF1080A15DD01331031E9
:10A79000072BCAE90065CDE91031F2DD0FAA414669
:10A7A0003846FEF7DDFC00287FF41CAD103C102C71
:10A7B000DDE91031CA46E9DC01332144072BCAE93F
:10A7C0000064CDE910317FF772AD029908980FAAA5
:10A7D000FEF7C6FC00287FF405AD119967E50798E0
:10A7E00050F8043B079011F010007FF423AE11F0F5
:10A7F00040023FF41FAE9BB202461BE6079850F89A
:10A80000043B079011F010007FF443AE11F04002BA
:10A810003FF43FAE9BB202463BE600BFECB80308F4
:10A82000289A0308189A03080299089803930FAA14
:10A83000FEF796FC00287FF4D5ACDDE91021039BE0
:10A84000CA461EE5039B01934C4648E69BF8001060
:10A850000793FFF7EDBB039A01924C463FE618F0D1
:10A86000100F38D118F0400F35D0079B059A1B68A0
:10A870001A80ADE54146D0E54146FDE56B4B0993B5
:10A8800018F020022CD0079B073323F0070318464B
:10A890005A6850F8083B079018F0010F3FF45DAE7E
:10A8A00053EA02003FF459AE8DF8391030218DF88B
:10A8B000381000218DF837100399002980F28D801F
:10A8C00048F002085DE65A4B0993D9E72046F5F7B0
:10A8D00057FD034623E6079B059A1B681A6077E538
:10A8E000079850F8043B079018F01000D4D118F0E6
:10A8F00040021CBF9BB20246CEE74E4ECDF804A0EC
:10A900004C464FF0050E991841F10001A6FB0107D6
:10A9100027F0030000EB9700091A581A9A4694464C
:10A9200062F100034FF0CC3202FB00F206FB03227F
:10A93000A0FB063003F001070244A7FB0E074018F6
:10A94000BAF10A0F4FEA530300F130007CF1000C1A
:10A9500043EAC27304F8010D4FEA5202D3D2039ABC
:10A96000DDF804A0A9EB04039A42B8BF1A4601928D
:10A97000FFF7F4BB029908980A930FAAFEF7F0FBC1
:10A9800000287FF42FACDDE910210A9BCA464AE477
:10A990008846BAE4012D7FF4F2AD00253023BBE4F4
:10A9A000F7F708FEFFF7F9BA0299089806930FAA7D
:10A9B000FEF7D6FB00287FF415ACDDE91021069BDD
:10A9C000CA4659E4062B28BF06231B4C0795019362
:10A9D0001BE4CDE9062503921AE428F0800141F03A
:10A9E0000208CEE5029908980FAAFEF7B9FBFFF717
:10A9F000F9BB039B93E5002383460393FFF71ABB40
:10AA00004FF0FF330593FFF7F2BB302384E4079B3D
:10AA10009BF8011053F8042B079342EAE272834635
:10AA20000392FFF705BB00256FE400BF549C0308A9
:10AA3000ECB80308CDCCCCCC00B9030810B4054C5D
:10AA40008446134620685DF8044B0A466146FFF7CA
:10AA500097BA00BF1802002070B50C468989ADF581
:10AA60008D6D21F00201ADF80C101AA9009104912E
:10AA70004FF4806102910591616E1991E189ADF801
:10AA80000E10E1690791616A0991002106916946FA
:10AA90000646FFF775FA051E07DB69463046FCF7E8
:10AAA0006BFA002818BF4FF0FF35BDF80C305B067D
:10AAB00003D5A38943F04003A38128460DF58D6D8E
:10AAC00070BD00BF81F0004102E000BF83F0004391
:10AAD00030B54FEA41044FEA430594EA050F08BF39
:10AAE00090EA020F1FBF54EA000C55EA020C7FEAFD
:10AAF000645C7FEA655C00F0E2804FEA5454D4EB7A
:10AB00005555B8BF6D420CDD2C4480EA020281EA43
:10AB1000030382EA000083EA010180EA020281EA7B
:10AB20000303362D88BF30BD11F0004F4FEA0131CD
:10AB30004FF4801C4CEA113102D0404261EB4101DC
:10AB400013F0004F4FEA03334CEA133302D0524262
:10AB500063EB430394EA050F00F0A780A4F101041E
:10AB6000D5F1200E0DDB02FA0EFC22FA05F2801858
:10AB700041F1000103FA0EF2801843FA05F359413E
:10AB80000EE0A5F120050EF1200E012A03FA0EFCBD
:10AB900028BF4CF0020C43FA05F3C01851EBE371E7
:10ABA00001F0004507D54FF0000EDCF1000C7EEB04
:10ABB00000006EEB0101B1F5801F1BD3B1F5001F42
:10ABC0000CD349085FEA30004FEA3C0C04F1010461
:10ABD0004FEA445212F5800F80F09A80BCF1004F8A
:10ABE00008BF5FEA500C50F1000041EB045141EA0C
:10ABF000050130BD5FEA4C0C404141EB0101013CD5
:10AC000028BFB1F5801FE9D291F0000F04BF0146C3
:10AC10000020B1FA81F308BF2033A3F10B03B3F195
:10AC200020020CDA0C3208DD02F1140CC2F10C0225
:10AC300001FA0CF021FA02F10CE002F11402D8BF83
:10AC4000C2F1200C01FA02F120FA0CFCDCBF41EA4F
:10AC50000C019040E41AA2BF01EB0451294330BD1E
:10AC60006FEA04041F3C1CDA0C340EDC04F11404FB
:10AC7000C4F1200220FA04F001FA02F340EA0300D2
:10AC800021FA04F345EA030130BDC4F10C04C4F118
:10AC9000200220FA02F001FA04F340EA03002946F8
:10ACA00030BD21FA04F0294630BD94F0000F83F442
:10ACB000801306BF81F480110134013D4EE77FEA25
:10ACC000645C18BF7FEA655C29D094EA050F08BF71
:10ACD00090EA020F05D054EA000C04BF1946104652
:10ACE00030BD91EA030F1EBF0021002030BD5FEA96
:10ACF000545C05D14000494128BF41F0004130BDBE
:10AD000014F580043CBF01F5801130BD01F0004511
:10AD100045F0FE4141F470014FF0000030BD7FEA84
:10AD2000645C1ABF194610467FEA655C1CBF0B467F
:10AD3000024650EA013406BF52EA033591EA030F96
:10AD400041F4002130BD00BF90F0000F04BF00218E
:10AD5000704730B54FF4806404F132044FF00005C1
:10AD60004FF0000150E700BF90F0000F04BF00213A
:10AD7000704730B54FF4806404F1320410F00045A0
:10AD800048BF40424FF000013EE700BF42004FEA9B
:10AD9000E2014FEA31014FEA02701FBF12F07F4318
:10ADA00093F07F4F81F06051704732F07F4208BFCF
:10ADB000704793F07F4F04BF41F40021704730B5D6
:10ADC0004FF4607401F0004521F000411CE700BF22
:10ADD00050EA010208BF704730B54FF000050AE0A5
:10ADE00050EA010208BF704730B511F0004502D5A6
:10ADF000404261EB41014FF4806404F132045FEAA8
:10AE0000915C3FF4D8AE4FF003025FEADC0C18BF50
:10AE100003325FEADC0C18BF033202EBDC02C2F142
:10AE2000200300FA03FC20FA02F001FA03FE40EAD4
:10AE30000E0021FA02F11444BDE600BF70B54FF0D8
:10AE4000FF0C4CF4E06C1CEA11541DBF1CEA1355B6
:10AE500094EA0C0F95EA0C0F00F0DEF82C4481EA1E
:10AE6000030621EA4C5123EA4C5350EA013518BF3E
:10AE700052EA033541F4801143F4801338D0A0FB2B
:10AE800002CE4FF00005E1FB02E506F00042E0FBD8
:10AE900003E54FF00006E1FB03569CF0000F18BFDE
:10AEA0004EF0010EA4F1FF04B6F5007F64F5407486
:10AEB00004D25FEA4E0E6D4146EB060642EAC62119
:10AEC00041EA55514FEAC52040EA5E504FEACE2E86
:10AED000B4F1FD0C88BFBCF5E06F1ED8BEF1004F89
:10AEE00008BF5FEA500E50F1000041EB045170BD05
:10AEF00006F0004646EA010140EA020081EA030149
:10AF0000B4EB5C04C2BFD4EB0C0541EA045170BD44
:10AF100041F480114FF0000E013C00F3AB8014F1BE
:10AF2000360FDEBF002001F0004170BDC4F1000407
:10AF3000203C35DA0C341BDC04F11404C4F1200588
:10AF400000FA05F320FA04F001FA05F240EA0200E3
:10AF500001F0004221F0004110EBD37021FA04F619
:10AF600042EB06015EEA430E08BF20EAD37070BDD3
:10AF7000C4F10C04C4F1200500FA04F320FA05F032
:10AF800001FA04F240EA020001F0004110EBD37034
:10AF900041F100015EEA430E08BF20EAD37070BDA4
:10AFA000C4F1200500FA05F24EEA020E20FA04F37D
:10AFB00001FA05F243EA020321FA04F001F000412C
:10AFC00021FA04F220EA020000EBD3705EEA430E9D
:10AFD00008BF20EAD37070BD94F0000F0FD101F0CC
:10AFE0000046400041EB010111F4801F08BF013C05
:10AFF000F7D041EA060195F0000F18BF704703F043
:10B000000046520043EB030313F4801F08BF013DC9
:10B01000F7D043EA0603704794EA0C0F0CEA135585
:10B0200018BF95EA0C0F0CD050EA410618BF52EA3F
:10B030004306D1D181EA030101F000414FF0000045
:10B0400070BD50EA410606BF1046194652EA430653
:10B0500019D094EA0C0F02D150EA013613D195EAC7
:10B060000C0F05D152EA03361CBF104619460AD10F
:10B0700081EA030101F0004141F0FE4141F4700119
:10B080004FF0000070BD41F0FE4141F4780170BD09
:10B0900070B54FF0FF0C4CF4E06C1CEA11541DBF6E
:10B0A0001CEA135594EA0C0F95EA0C0F00F0A7F870
:10B0B000A4EB050481EA030E52EA03354FEA01319D
:10B0C00000F088804FEA03334FF0805545EA1313B0
:10B0D00043EA12634FEA022245EA111545EA106578
:10B0E0004FEA00260EF000419D4208BF964244F10F
:10B0F000FD0404F5407402D25B084FEA3202B61A2E
:10B1000065EB03055B084FEA32024FF480104FF401
:10B11000002CB6EB020E75EB030E22BFB61A754675
:10B1200040EA0C005B084FEA3202B6EB020E75EB08
:10B13000030E22BFB61A754640EA5C005B084FEA70
:10B140003202B6EB020E75EB030E22BFB61A75463D
:10B1500040EA9C005B084FEA3202B6EB020E75EB48
:10B16000030E22BFB61A754640EADC0055EA060E09
:10B1700018D04FEA051545EA16754FEA06164FEA4C
:10B18000C30343EA52734FEAC2025FEA1C1CC0D1F8
:10B1900011F4801F0BD141EA00014FF000004FF085
:10B1A000004CB6E711F4801F04BF01430020B4F146
:10B1B000FD0C88BFBCF5E06F3FF6AFAEB5EB030CFE
:10B1C00004BFB6EB020C5FEA500C50F1000041EBFB
:10B1D000045170BD0EF0004E4EEA113114EB5C04C8
:10B1E000C2BFD4EB0C0541EA045170BD41F480119B
:10B1F0004FF0000E013C90E645EA060E8DE60CEAA3
:10B20000135594EA0C0F08BF95EA0C0F3FF43BAFBF
:10B2100094EA0C0F0AD150EA01347FF434AF95EA76
:10B220000C0F7FF425AF104619462CE795EA0C0F5A
:10B2300006D152EA03353FF4FDAE1046194622E727
:10B2400050EA410618BF52EA43067FF4C5AE50EA01
:10B2500041047FF40DAF52EA43057FF4EBAE12E7F1
:10B260004FF0FF3C06E000BF4FF0010C02E000BFD2
:10B270004FF0010C4DF804CD4FEA410C7FEA6C5CB5
:10B280004FEA430C18BF7FEA6C5C1BD001B050EA58
:10B29000410C0CBF52EA430C91EA030F02BF90EA43
:10B2A000020F0020704710F1000F91EA030F58BF02
:10B2B000994208BF90422CBFD8176FEAE37040F064
:10B2C000010070474FEA410C7FEA6C5C02D150EA02
:10B2D000013C07D14FEA430C7FEA6C5CD6D152EABD
:10B2E000033CD3D05DF8040B704700BF8446104682
:10B2F00062468C461946634600E000BF01B5FFF781
:10B30000B7FF002848BF10F1000F01BD4DF808ED50
:10B31000FFF7F4FF0CBF012000205DF808FB00BF21
:10B320004DF808EDFFF7EAFF34BF012000205DF87B
:10B3300008FB00BF4DF808EDFFF7E0FF94BF0120C8
:10B3400000205DF808FB00BF4DF808EDFFF7CEFFC9
:10B3500094BF012000205DF808FB00BF4DF808ED08
:10B36000FFF7C4FF34BF012000205DF808FB00BFD9
:10B370004FEA410C7FEA6C5C02D150EA013C0AD1F1
:10B380004FEA430C7FEA6C5C02D152EA033C02D1E3
:10B390004FF0000070474FF0010070474FEA410244
:10B3A00012F5001215D211D56FF47873B3EB625217
:10B3B00012D94FEAC12343F0004343EA505311F03E
:10B3C000004F23FA02F018BF404270474FF00000D0
:10B3D000704750EA013005D111F0004008BF6FF00E
:10B3E000004070474FF00000704700BF4A0011D284
:10B3F00012F5001211D20DD56FF47873B3EB6252CF
:10B400000ED44FEAC12343F0004343EA505323FADA
:10B4100002F070474FF00000704750EA013002D14F
:10B420004FF0FF3070474FF0000070474FEA410285
:10B43000B2F1E04324BFB3F5001CDCF1FE5C0DD992
:10B4400001F0004C4FEAC0024CEA5070B2F1004FDC
:10B4500040EB830008BF20F00100704711F0804FDF
:10B4600021D113F13872BCBF01F00040704741F4A4
:10B4700080114FEA5252C2F11802C2F1200C10FAA8
:10B480000CF320FA02F018BF40F001004FEAC1238C
:10B490004FEAD32303FA0CFC40EA0C0023FA02F330
:10B4A0004FEA4303CCE77FEA625307D150EA013306
:10B4B0001EBF4FF0FE4040F44000704701F00040D6
:10B4C00040F0FE4040F40000704700BF80F00040B4
:10B4D00002E000BF81F0004142001FBF5FEA41036C
:10B4E00092EA030F7FEA226C7FEA236C6AD04FEA6C
:10B4F0001262D2EB1363C1BFD218414048404140B1
:10B50000B8BF5B42192B88BF704710F0004F40F462
:10B51000000020F07F4018BF404211F0004F41F47E
:10B52000000121F07F4118BF494292EA030F3FD04A
:10B53000A2F1010241FA03FC10EB0C00C3F120035D
:10B5400001FA03F100F0004302D5494260EB4000EC
:10B55000B0F5000F13D3B0F1807F06D340084FEA57
:10B56000310102F10102FE2A51D2B1F1004F40EB4C
:10B57000C25008BF20F0010040EA030070474900B4
:10B5800040EB0000013A28BFB0F5000FEDD2B0FA51
:10B5900080FCACF1080CB2EB0C0200FA0CF0AABF74
:10B5A00000EBC25052421843BCBFD0401843704712
:10B5B00092F0000F81F4000106BF80F40000013218
:10B5C000013BB5E74FEA41037FEA226C18BF7FEAEF
:10B5D000236C21D092EA030F04D092F0000F08BF31
:10B5E0000846704790EA010F1CBF0020704712F018
:10B5F0007F4F04D1400028BF40F00040704712F157
:10B6000000723CBF00F50000704700F0004343F0BB
:10B61000FE4040F4000070477FEA226216BF0846F1
:10B620007FEA23630146420206BF5FEA412390EAB4
:10B63000010F40F4800070474FF0000304E000BFAA
:10B6400010F0004348BF40425FEA000C08BF70475B
:10B6500043F0964301464FF000001CE050EA01021F
:10B6600008BF70474FF000030AE000BF50EA010234
:10B6700008BF704711F0004302D5404261EB410121
:10B680005FEA010C02BF84460146002043F0B64346
:10B6900008BFA3F18053A3F50003BCFA8CF2083A6B
:10B6A000A3EBC25310DB01FA02FC634400FA02FC74
:10B6B000C2F12002BCF1004F20FA02F243EB02007B
:10B6C00008BF20F00100704702F1200201FA02FCDD
:10B6D000C2F1200250EA4C0021FA02F243EB0200D0
:10B6E00008BF20EADC7070477BB972B90029BEBF81
:10B6F00000204FF0004106E008BF00281CBF6FF09B
:10B7000000414FF0FF3001F0EFB9ADF1080C6DE9E9
:10B7100004CE002909DB002B1ADB00F0B7F8DDF8B6
:10B7200004E0DDE9022304B07047404261EB4101CF
:10B73000002B1BDB00F0AAF8DDF804E0DDE90223B2
:10B7400004B0404261EB4101524263EB4303704756
:10B75000524263EB430300F099F8DDF804E0DDE9C1
:10B76000022304B0404261EB41017047524263EB57
:10B77000430300F08BF8DDF804E0DDE9022304B0B8
:10B78000524263EB4303704753B94AB9002908BFDB
:10B7900000281CBF4FF0FF314FF0FF3001F0A4B97B
:10B7A000ADF1080C6DE904CE00F070F8DDF804E0AE
:10B7B000DDE9022304B0704707EE900AF5EEC07A87
:10B7C000F1EE10FA01D400F023B8F1EE677A08B573
:10B7D00017EE900A00F01CF8404261EB410108BDF1
:10B7E00038B50022002304460D46FFF799FD28B91D
:10B7F00020462946BDE8384000F02AB8204605F129
:10B80000004100F025F8404261EB410138BD00BF26
:10B81000D0B5FFF7BBFA0C4B002206460F46FFF7E8
:10B820000DFBFFF7E3FD0446FFF78EFA074B0022FE
:10B83000FFF704FB02460B4630463946FFF746F950
:10B84000FFF7D4FD2146D0BD0000F03D0000F041DF
:10B85000D0B50C4B002206460F46FFF7EFFAFFF774
:10B86000C5FD0446FFF770FA074B0022FFF7E6FA22
:10B8700002460B4630463946FFF728F9FFF7B6FD7A
:10B880002146D0BD0000F03D0000F0412DE9F04719
:10B89000089D0E4604460F46002B4AD194468C451F
:10B8A000B2FA82F260D942B1C2F12003974020FA85
:10B8B00003F30CFA02FC1F4394404FEA1C4E1FFA9C
:10B8C0008CF6B7FBFEF1230C0EFB117743EA07431E
:10B8D00001FB06F098420AD91CEB030301F1FF3784
:10B8E00080F01581984240F21281023963441B1A9C
:10B8F000A4B2B3FBFEF00EFB103344EA034400FB9A
:10B9000006F6A6420AD91CEB040400F1FF3380F0CE
:10B910000081A64240F2FD806444023840EA0140C2
:10B92000A41B00211DB1D4400023C5E90043BDE89C
:10B93000F0878B4205D90DB1C5E900010021084609
:10B94000F5E7B3FA83F1002946D1B34202D382422C
:10B9500000F2F580841A66EB030201201746002DE1
:10B96000E5D0C5E90047E2E7002A40F09380A1EB6B
:10B970000C034FEA1C471FFA8CFE0121B3FBF7F6BC
:10B9800007FB1630230C43EA00430EFB06F09842F7
:10B9900008D91CEB030306F1FF3802D2984200F2EB
:10B9A000D08046461B1AA4B2B3FBF7F007FB103356
:10B9B00044EA03440EFB00FEA64508D91CEB040430
:10B9C00000F1FF3302D2A64500F2B6801846A4EB80
:10B9D0000E0440EA0640A5E7C1F120078B4022FA99
:10B9E00007FC4CEA030C06FA01FE20FA07F426FADB
:10B9F00007F344EA0E0400FA01F84FEA1C404FEA4C
:10BA00001449B3FBF0FE1FFA8CF600FB1E3349EA23
:10BA100003430EFB06F9994502FA01F20BD91CEB20
:10BA200003030EF1FF3A80F08580994540F2828051
:10BA3000AEF1020E6344A3EB0909A4B2B9FBF0F323
:10BA400000FB139944EA094403FB06F6A64208D911
:10BA50001CEB040403F1FF3068D2A64266D9023B16
:10BA6000644443EA0E40A41BA0FB02E6B4427346C2
:10BA7000B14652D34FD05DB1B8EB030264EB090479
:10BA800004FA07F722FA01F31F43CC40C5E900741A
:10BA900000214CE7C2F1200120FA01F30CFA02FC6C
:10BAA00026FA01F1964033434FEA1C471FFA8CFEF9
:10BAB000B1FBF7F007FB1016190C41EA064100FB39
:10BAC0000EF68E4204FA02F408D91CEB010100F1D3
:10BAD000FF382DD28E422BD902386144891B9BB28C
:10BAE000B1FBF7F607FB161143EA014306FB0EF123
:10BAF000994208D91CEB030306F1FF3814D299428E
:10BB000012D9023E63445B1A46EA004136E73946E1
:10BB1000EDE6184602E7F045ADD2BEEB020366EB58
:10BB20000C060138B146A6E74646ECE7034698E71F
:10BB30004046D3E7D6467EE76444023847E70846E6
:10BB40000DE7023E63442DE703685A004CBF43F003
:10BB5000004323F000431844704700BF2DE9F0472D
:10BB600059B301F1FF380546164647464FF0000A23
:10BB70000AEB070101EBD171491005EBC1094846F9
:10BB8000FFF7E2FF88454FEAC104034610D004F1F5
:10BB90000800B342284407D8FFF7D6FF0138B04267
:10BBA00008D201F1010AE3E78A4506D04F1EDFE71C
:10BBB000B042F9D84846BDE8F0874FF00009484642
:10BBC000BDE8F087012809D0022805D0044B0028E1
:10BBD0000CBF184600207047024870470248704763
:10BBE000A1C20008A9C20008A5C2000830B5224BB6
:10BBF00083B004468D1E43B301A92846AFF30080ED
:10BC0000F0B101992A46FFF7A9FF0146C0B1FFF73D
:10BC10009BFF4B68A064012B2BD0002B01F104008B
:10BC200025DBFFF791FF002323650368E064002B09
:10BC300012DBFFF789FF03460020236103B030BD0C
:10BC400000230920236103B030BD0C4B0C49C91AF5
:10BC5000C91018460191D5E7C3F30360FFF7B2FF9F
:10BC6000031E0CBF09200020236103B030BD012357
:10BC7000DAE700230520E0E70000000084D704088D
:10BC800044E604080368DA0710B5044606D49B07A7
:10BC900000F1500009D500F095FC2368590709D53B
:10BCA0001A070ED5DB0613D510BD00F083FC236800
:10BCB0005907F5D404F1D80000F08CFC23681A076A
:10BCC000F0D404F5AC7000F08DFC2368DB06EBD4F7
:10BCD00004F5EC70BDE8104000F0C8BC03460068F5
:10BCE00000B11844704700BF09207047704700BF7B
:10BCF00070B504460E46316C2046FFF777FF0546C7
:10BD000088B9326C62612369324621460120984726
:10BD10000828F0D0072806D12846316CFFF7E6FF47
:10BD2000301D00F03BFCFFDE2DE9F04701F1040C73
:10BD3000C768D0F8188006469146BCE80F00ADF5FC
:10BD4000767D03AC0FC4BCE80F000FC4BCE80F0045
:10BD50000FC49CE80F0002AD4FF0000E84E80F0006
:10BD6000C5F800E021E02B6C73614FF4F4722946B2
:10BD70007CA8F6F74DF933697CAA314650469847BE
:10BD80008A9BAB644946CDE9005882463346012080
:10BD90003246B847814630BB4FF4F4727CA928463E
:10BDA000F6F736F9BAF1080F1AD1296C3046FFF7C9
:10BDB0001DFF09F1090904465FFA89FA0028D2D06B
:10BDC000AB6BAB643246CDE9005833464AF0100104
:10BDD0000120B84738B920460DF5767DBDE8F087DB
:10BDE000BAF1070F05D0092420460DF5767DBDE890
:10BDF000F0874846296CFFF779FF03A800F0CEFBD7
:10BE0000806C7047F0B5CB6B0B6401F1040C0E46EF
:10BE10000546BCE80F00FBB001AC0FC4BCE80F0046
:10BE20000FC4BCE80F000FC49CE80F004FF0FF37B1
:10BE300084E80F00009706E02B696A462946984778
:10BE40000828044608D110992846FFF7CFFE00289D
:10BE5000F2D009207BB0F0BD6846FFF713FF062C37
:10BE6000F7D131462846FFF743FF00BFC160D96BC9
:10BE7000826119640022194656E700BF70B5C66892
:10BE800043690B64AEB903690A4604460D46014690
:10BE900002209847072805D008280ED129462046B9
:10BEA000FFF726FF3046296CFFF720FF281D00F022
:10BEB00075FB0122FFF738FFFFDEFFDEC2681AB113
:10BEC000CA6B0A6400222FE79CE700BF704700BFDF
:10BED000836801460BB1012018477047052915D822
:10BEE000DFE801F00A031403030501207047009AFC
:10BEF000436C13600020704743B90F2A06D800EB4B
:10BF0000820200205368009A136070470220704735
:10BF100000B585B00A46002303A900911946FFF732
:10BF2000DDFF039805B05DF804FB00BF052915D8B7
:10BF3000DFE801F00A031403030501207047009BAA
:10BF40001B6843640020704743B90F2A06D8009B42
:10BF500000EB82021B68536000207047022070478C
:10BF600010B584B0002303AC039200940A4619462E
:10BF7000FFF7DCFF04B010BD70B5D36B136402F1A2
:10BF8000040C05460C46BCE80F00ADF5107D0DF124
:10BF90005C0EAEE80F00BCE80F00AEE80F00BCE896
:10BFA0000F00AEE80F009CE80F004FF0FF368EE860
:10BFB0000F00169610E0FFF7D3FF214616A8A847FA
:10BFC000034616AA0820694683B9049B98470528AA
:10BFD00006460CD0092809D026996846FFF706FEC8
:10BFE00003460C216A4616A8002BE4D0092616A8A1
:10BFF000FFF748FE30460DF5107D70BD2DE9F04F7E
:10C000001646CA6C89B00D4652F8041B069200F021
:10C01000030C002B79D00C0C8DF81D400904E4B200
:10C02000059102EB840202218DF81C10296DBCF1F0
:10C03000020F08BFAA6B11F0010809D005A930460C
:10C0400000F0AEFB002856D1082009B0BDE8F08F03
:10C050001768002FF2D000F00801CDE90118E3467F
:10C060009A46BAF1020F4CD01788548802F104099D
:10C07000AA6C24F001030F21304603EB0208FFF7FE
:10C0800047FF80453BD827F0010202EB08038342BB
:10C0900094BF00230123640004F0020407F00107A9
:10C0A0002743012F4ED0022F35D027BBBBF1000F05
:10C0B00002D0002B40F0D38009F104021768002F52
:10C0C000CFD105A93046DDF8088000F069FB90B9B2
:10C0D000B8F1000FB8D00F213046FFF719FF0E213D
:10C0E00002463046FFF73CFF6C4A0F213046FFF70F
:10C0F00037FF072000E0092009B0BDE8F08F0023DA
:10C10000C9E7546802F10809B2E7090205918DF800
:10C110001D30032188E7D9F8004024F00048BBF126
:10C12000000F47D12BB1019B002B5CD0B8F1000F61
:10C1300059D0002C01DA09F1040908F1010209EBD8
:10C140008202BBE7BBF1000F1CD1C3B1D9F80430A8
:10C15000D9F80020991C4FEAD272CCD005F15804CE
:10C160000133049400F08E8009F10400FFF7B6FD5E
:10C1700004AB014628462CF031F8002859D109F1CA
:10C1800008029BE70D213046FFF7C2FE2C6A84426D
:10C19000F5D1AB6A9945F2D14846FFF7D5FC0F219E
:10C1A00002463046FFF7DCFE2A4600213046FFF704
:10C1B000D7FE9EE70D213046FFF7AAFE2F6A874281
:10C1C000B7D1AB6A9945B4D100240423C5E90B4328
:10C1D0004B44C5F828806B63D9F80030A34258DB84
:10C1E00001230293A9E705F15803CDF80CB009F13A
:10C1F0000407B34600241E460BE038460496FFF7BA
:10C200006DFD0022014604AB28462BF0E7FF043702
:10C21000F8B9444504F10104EFD10D215846FFF768
:10C2200077FE049BC5F828900246C5E9082306203E
:10C2300062E704460D213046FFF76AFE049E28623D
:10C24000022C04BFEE6205F12C06C5E9096906203F
:10C2500052E75E46D9F80040DDF80CB069E7484681
:10C26000FFF772FC09F104030446AB6328462CF087
:10C270000DF800283FF43FAF22460F213046FFF76C
:10C280006FFE36E730460D21FFF742FE2646286254
:10C29000DBE708F1010209EB82007EE75192030817
:10C2A0000023ABE60123A9E60223A7E62DE9F0412E
:10C2B0000646C4B01446052900F2D880DFE811F024
:10C2C00012002D00D6006C0091000600836B002C3C
:10C2D00040F0CC8053F8042B42648363002044B0C8
:10C2E000BDE8F081002B40F0C180856B1FFA84FC13
:10C2F000012006F1040E00FA03F111EA0C0F2A46A0
:10C3000004D052F8041B4EF8231015460133102BAD
:10C31000F1D1A704E2D4B563E0E7012B4FEA14475B
:10C32000A4B200F08380052B40F0A08007EB040846
:10C33000B8F1200F00F29A800F2F40F29980002C64
:10C34000CCD00268500700F11881019302AD284655
:10C3500000F044F94FEA440CA7F11000B16B019BC7
:10C360000CF1FF3C05EBC0000CF1010C043801EBB3
:10C370008C0251F8044B40F8044F9142F9D1012B43
:10C3800000F0DE800F2FB16302D822A800F01AF966
:10C39000284600F01FF9A1E7032B67D1A7B207EBEE
:10C3A0001443102B4FEA144460D80368190700F1B6
:10C3B000BF8022AD284600F037F97A00B06B05EB5C
:10C3C000C404531E42B1011B625844F8042B013BC4
:10C3D0005A1CF9D100EBC700B063284600F002F9FF
:10C3E0007CE7002B42D1102C40D80368DD0600F119
:10C3F000978022AD284600F043F9B76B2946002309
:10C400004FF0010C0CFA03F22242384603F101030B
:10C4100003D050F8042B0A600746042B01F10401F5
:10C42000F0D1B763284600F021F957E73A19102AEE
:10C430001CD8102F1AD00268D00708D5304622F039
:10C44000030240F8502B019300F0B8F8019B0193D0
:10C4500022AD284600F0B2F8B26B019B002C58D1F7
:10C460000432B263284600F0A5F837E7022036E729
:10C47000B8F1100F026865D9D40772D522F0010215
:10C4800042F0020240F8502B019300F09FF832680E
:10C49000019B12F0040F66D122AD2846019300F0F3
:10C4A00095F802A800F09AF8C7F110014900B26BA4
:10C4B000019BA8F1100C4C1E05EBC7000134043899
:10C4C00002EB840152F8044B40F8044F8A42F9D140
:10C4D000BCF1000F5AD0102F384638BF10204FEA59
:10C4E0004C0C103802AD0CF1FF3C05EBC0003BE7F3
:10C4F000304622F0010242F0020240F8502B22ADF9
:10C50000019300F063F8284600F060F8B26B24B3A2
:10C51000019B6400013C05EBC7004FF0000CCDE728
:10C5200023F01003036000F5EC7000F0A9F860E759
:10C5300023F00803036000F5AC7000F075F838E7ED
:10C5400022AD8DE7D107D3D422AD2846019300F068
:10C550003DF8B26B019B002CDBD1284600F032F88D
:10C56000BCE6540798D5304622F0040240F8D82B98
:10C57000019300F033F8019B8EE7304622F004026D
:10C5800040F8D82B019300F029F8DFE6012B3FF4A7
:10C5900067AF0F2FB2633FF6A1AEDEE700F13401C3
:10C5A00091E838009C46A6464CF8045D90E8FF0FE1
:10C5B000E54600BD90EC210B704700BF80EC210BDD
:10C5C000704700BF90EC200B704700BF80EC200B41
:10C5D000704700BFD0EC200B704700BFC0EC200BB1
:10C5E000704700BFF0EC0201F0EC0211F0EC022108
:10C5F000F0EC0231F0EC0241F0EC0251F0EC02619F
:10C60000F0EC0271F0EC0281F0EC0291F0EC02A18E
:10C61000F0EC02B1F0EC02C1F0EC02D1F0EC02E17E
:10C62000F0EC02F1704700BFE0EC0201E0EC021117
:10C63000E0EC0221E0EC0231E0EC0241E0EC0251DE
:10C64000E0EC0261E0EC0271E0EC0281E0EC0291CE
:10C65000E0EC02A1E0EC02B1E0EC02C1E0EC02D1BE
:10C66000E0EC02E1E0EC02F1704700BFB0FC0181B8
:10C67000B0FC0191B0FC01A1B0FC01B1704700BF5A
:10C68000A0FC0181A0FC0191A0FC01A1A0FC01B1D2
:10C69000704700BFEC4600B52DE900502DE9FF1FA3
:10C6A0004FF000032DE90C0001A9FFF7ABFBDDF80B
:10C6B00040E012B0704700BFEC4600B52DE90050D5
:10C6C0002DE9FF1F4FF000032DE90C0001A9FFF732
:10C6D000D5FBDDF840E012B0704700BFEC4600B576
:10C6E0002DE900502DE9FF1F4FF000032DE90C004C
:10C6F00001A9FFF7E3FBDDF840E012B0704700BF8F
:10C70000EC4600B52DE900502DE9FF1F4FF0000366
:10C710002DE90C0001ABFFF7A9FBDDF840E012B0FA
:10C72000704700BFEC4600B52DE900502DE9FF1F12
:10C730004FF000032DE90C0001AAFFF71DFCDDF806
:10C7400040E012B0704700BF027A03467AB9427ADD
:10C75000A2B14168013A10B44272086803220C1D6C
:10C760001A7202025C60000E10BC1A60704700680A
:10C77000013A1A7202021A60000E7047B020704728
:10C7800000B585B003AA0023009219460C22FFF7DA
:10C79000A5FB039805B05DF804FB00BFF0E700BF00
:10C7A0002DE9F043064685B00D464FF000082846B7
:10C7B000FFF7CAFFB028044600F01C8107065BD5CE
:10C7C00000F0F003A02B1AD030D8802B00F082802C
:10C7D000902B27D100F00D030D2B23D002AF0023A7
:10C7E00000F00F02194600973046FFF777FB002351
:10C7F00000970D2219463046FFF798FBD7E7C34351
:10C8000003F007034FF47F621A41010702F47F62CD
:10C8100001D542F48042002319463046FFF746FD19
:10C820000028C4D0092005B0BDE8F083B02B68D043
:10C83000C02B3DD1C62800F0CA80C72800F0DF8099
:10C8400000F0F803C02B00F0EC80C82800F0F7805F
:10C85000C928E7D12846FFF777FF020300F00F0051
:10C8600002F4702201300243012105233046FFF714
:10C870001DFD00289BD0D5E78300DBB21F1D0DF105
:10C88000080900231946CDF800900D223046FFF725
:10C8900025FB029BCDF8009060064CBFDF1BFF1804
:10C8A00000230D22194630460297FFF73FFB7EE733
:10C8B00000F0F803D02BB5D100F0070201320523B8
:10C8C00042F4002201213046FFF7F0FC00283FF43B
:10C8D0006EAFA7E72846FFF737FF24022043B0F5E5
:10C8E000004F9FD004010023A2B219463046FFF743
:10C8F000DDFC002896D114F4004F18BF4FF001085A
:10C9000055E7A0F1B103042B00F2B580DFE803F096
:10C910005529160C030003AA0023009219460D2284
:10C920003046FFF7DBFA42E700231A46052130467E
:10C93000FFF7BCFC00283FF43AAF73E72846FFF747
:10C9400003FF020300F00F00013002F47022012304
:10C95000024319463046FFF7A9FC00283FF427AFF1
:10C9600060E700230DF108090D221946CDF800906B
:10C970003046FFF7B3FA2846FFF7E6FE0206029CB0
:10C980004FF002070BD500F07F00B8400444284662
:10C990000294FFF7D9FE030607F10707F3D4B84066
:10C9A000002304F501740444CDF800900D221946CB
:10C9B00030460294FFF7BAFAF9E62846FFF7C4FEBC
:10C9C000431EDBB20E2B02467FF625AF2AE7284630
:10C9D000FFF7BAFE020300F00F00013002F47022EC
:10C9E0000323024319463046FFF760FC00283FF45A
:10C9F000DEAE17E7B8F1000F2DD0002013E7284670
:10CA0000FFF7A2FE431EDBB20E2B02463FF60AAF33
:10CA1000002304213046FFF749FC00283FF4C7AE4D
:10CA200000E700F00F020132032342F420221946EE
:10CA30003046FFF73BFC00283FF4B9AEF2E628464B
:10CA4000FFF782FE00F0F00200F00F031032013316
:10CA500043EA023208E702AC4346414600940E2204
:10CA60003046FFF73BFA0F220094434641463046DA
:10CA7000FFF75CFAC1E700F0FC03B42B3FF4D2AE41
:10CA800000F007020132012342F400221946304629
:10CA9000FFF70CFC00283FF48AAEC3E610B5C26C69
:10CAA000536884B04FF0030C08321C0208461B0E7A
:10CAB00001A9019402928DF80CC08DF80D30FFF79A
:10CAC0006FFE04B010BD00BF08B5FFF767FE806CB5
:10CAD00008BD00BF08B5FFF761FEC06CC37900EB6D
:10CAE0008300083008BD00BF704700BF024B5822CA
:10CAF0001A604FF0FF307047DC0F0020024B5822C5
:10CB00001A604FF0FF307047DC0F0020024B5822B4
:10CB10001A604FF0FF307047DC0F0020024B5822A4
:10CB20001A600020704700BFDC0F0020024B582223
:10CB30001A604FF0FF307047DC0F0020024B582284
:10CB40001A604FF0FF307047DC0F0020024B582274
:10CB50001A604FF0FF307047DC0F0020FEE700BF87
:10CB6000DFF838D0002103E00D4B5B58435004310F
:10CB70000C480D4B42189A42F6D30C4A02E00023AF
:10CB800042F8043B0A4B9A42F9D302F01FFE13F01D
:10CB90008BFAF5F76DFB13F0E3FA70470000022003
:10CBA00070E6040800000020B40C0020B80C00203F
:10CBB0005CFA0020FEE7000008480068006880F387
:10CBC00008884FF0000080F3148862B661B6BFF3A6
:10CBD0004F8FBFF36F8F00DF00BF000008ED00E054
:10CBE000DFF80C00016841F470010160704700003B
:10CBF00088ED00E00E4B1B6882B0002201330192E9
:10CC000008D04FF0500383F31188BFF36F8FBFF349
:10CC10004F8FFEE74FF0500383F31188BFF36F8F00
:10CC2000BFF34F8F019B002BFCD002B0704700BFB9
:10CC3000D008002010B44FF08073074C40F8043C3B
:10CC400021F001016FF0020340E9034140E909329C
:10CC50005DF8044B44387047F5CB00080000000035
:10CC6000074B19680868B0E8F04F80F30988BFF3F4
:10CC70006F8F4FF0000080F311887047AFF3008092
:10CC800018A300204FF0500383F31188BFF36F8F78
:10CC9000BFF34F8F0B4A13680133012B136000D091
:10CCA00070474FF0E023D3F8043DDBB2002BF7D000
:10CCB0004FF0500383F31188BFF36F8FBFF34F8F93
:10CCC000FEE700BFD0080020084A136843B94FF0C0
:10CCD000500383F31188BFF36F8FBFF34F8FFEE7CD
:10CCE000013B13600BB983F311887047D008002013
:10CCF000EFF30980BFF36F8F154B1A681EF0100F0A
:10CD000008BF20ED108A20E9F04F10602DE90900DE
:10CD10004FF0500080F31188BFF34F8FBFF36F8F38
:10CD200009F0E0FA4FF0000080F3118809BC19689F
:10CD30000868B0E8F04F1EF0100F08BFB0EC108A82
:10CD400080F30988BFF36F8F704700BFAFF3008097
:10CD500018A3002008B54FF0500383F31188BFF3E8
:10CD60006F8FBFF34F8F09F03FF928B14FF0E023E9
:10CD70004FF08052C3F8042D002383F3118808BDBF
:10CD80004FF0E02200230649136193610B680549C7
:10CD9000A1FB03139B090720013B536110617047FE
:10CDA000A80B0020D34D62104FF0E0233D4AD3F88A
:10CDB000001D914241D0D3F8002D3B4B9A4233D015
:10CDC00030B53A4B3A4C1A783A4883B0FF21D2B288
:10CDD000019219701B78DBB28DF803309DF8033097
:10CDE0009DF8032003F05003072112062370016011
:10CDF00048BF06220FD59DF803305B00DBB28DF8EB
:10CE000003309DF803301B06114602F1FF32F2D4C5
:10CE100003291BD001604FF0500383F31188BFF347
:10CE20006F8FBFF34F8FFEE74FF0500383F31188EE
:10CE3000BFF36F8FBFF34F8FFEE74FF0500383F3C5
:10CE40001188BFF36F8FBFF34F8FFEE7019B174A27
:10CE50004FF0E0244FF44071DBB201601370D4F85E
:10CE6000203D43F47003C4F8203DD4F8203D43F046
:10CE70007043C4F8203DFFF783FF0F4B00251D6072
:10CE8000FFF7AEFED4F8343F43F04043C4F8343FDC
:10CE9000FFF792FE09F026FAFFF7ACFE284603B032
:10CEA00030BD00BF71C20F4170C20F4100E400E00D
:10CEB000E40F0020E00F0020D0080020EFF30583EE
:10CEC0000F2B0ED91149124A5B5C12789A4208D98D
:10CED0004FF0500383F31188BFF36F8FBFF34F8F71
:10CEE000FEE74FF0E0230B4AD3F80C3D126803F441
:10CEF000E063934208D94FF0500383F31188BFF3E6
:10CF00006F8FBFF34F8FFEE7704700BFF0E300E085
:10CF1000E40F0020E00F002001207047B6EE000A69
:10CF2000704700BFB6EE000A704700BF9FED010AD0
:10CF3000704700BF5E74513F9FED010A704700BF0C
:10CF40005E74513F90F82C00A0F10200B0FA80F01E
:10CF50004009704790F82800A0F10200B0FA80F074
:10CF60004009704710B5254BDFED257A84460C4605
:10CF70000FCB84B0B4EEE70A0DF1100EF1EE10FA0B
:10CF80000EE90F0033D5DFED1F7AB4EEE70AF1EEBC
:10CF900010FA2FD5F3EE047AB4EEE70AF1EE10FAA8
:10CFA00054BF0123002399002CB104AA02EB830390
:10CFB00053F8103C2360BCF82430B3F5AA6F03D1BA
:10CFC000BCF826308B420FD0DCF81400ACF82610E9
:10CFD0004FF4AA630022BCF81810ACF824308CF887
:10CFE0002C2008B104F090FA012004B010BD0C21EF
:10CFF0000323D9E708210223D6E700BF689403087A
:10D000000000A0420000204290F82C302BB1C369F0
:10D0100023B11B69028C1A4200D07047002380F8AC
:10D020002C3070472DE9F04F074691B041F400468F
:10D030004FF0010A4FF47A7B27F8286FCDE90CAB4B
:10D0400000230B930A9700F10C092A4D0F92044616
:10D0500099E803000DF1200805F10C0E88E80300A3
:10D06000BEE80F00EC46ACE80F009EE80F008CE82D
:10D070000F0095E80E00A06814F0CCFE20B9002542
:10D08000284611B0BDE8F08F50460BF0B7FB0A9769
:10D09000CDF834B02685CDF830A099E8030004F12E
:10D0A0002A030B9305F10C074FF6FF7388E8030082
:10D0B00063850FCF6E460FC697E80F0086E80F0016
:10D0C00095E80E00A06814F0A5FE05460028D6D00D
:10D0D00050460BF093FB638D4BF6EF629342CED03C
:10D0E0000F9A002ACCD0C3F30A032846138011B04C
:10D0F000BDE8F08FC09A030810B582B001AA0021E4
:10D100000446FFF78FFF88B10DF106024FF400616E
:10D110002046FFF787FF48B1BDF80600BDF8043090
:10D12000000400F40000184302B010BD4FF0FF30BF
:10D1300002B010BD70B5C2F30A028EB011430126D1
:10D140004FF47A72CDE90C6200F10C0301850446BC
:10D15000114D93E8030000230B9304F128030A9375
:10D1600005F10C0E08AB83E80300BEE80F00EC46A7
:10D17000ACE80F009EE80F008CE80F0095E80E0069
:10D18000A06814F047FE044610B130460BF036FBA1
:10D1900020460EB070BD00BFC09A030890F82C3036
:10D1A000022B00F0838010B50446406982B018B1AC
:10D1B000218B002204F0A8F928200BF01FFB6069E6
:10D1C000002384F82C3018B1218B012204F09CF943
:10D1D000142009F043FCA28C4FF480512046FFF745
:10D1E000A9FF10B9002002B010BDA28C4FF48051ED
:10D1F0002046FFF79FFF0028F4D0A28C4FF4805107
:10D200002046FFF797FF0028ECD0A28C4FF4805106
:10D210002046FFF78FFF0028E4D0A28C4FF4805106
:10D220002046FFF787FF0028DCD0E28C4FF4C05186
:10D230002046FFF77FFF0028D4D064200BF0DEFAF1
:10D2400001234FF4805184F82C300DF10602204662
:10D25000FFF7E8FE0028C5D0A28CBDF806309A4240
:10D26000C0D10DF106024FF4C0512046FFF7DAFE9F
:10D270000028B7D0E28CBDF806309A42B2D12046E1
:10D28000FFF73AFF0028ADD1EFF3108372B694F8A0
:10D290002C20012A04BF022284F82C2083F310885A
:10D2A00094F82C00831E584258419CE70120704797
:10D2B000704700BF704700BF82B010B48BB001ACA4
:10D2C00084E80700019A0D931168029A1C460B68C6
:10D2D00012686FF0010003400B60CB680340CB6025
:10D2E0004B6943F001034B6108614C6213680340D2
:10D2F0001360D468039B04401B68D460546944F0F5
:10D30000010454610E9C106154621C6804401C604E
:10D31000DC680440DC605C69049144F001045C61F9
:10D320000F9C18615C620C6810681968059244F0E3
:10D33000010440F0010041F00101079408900693B8
:10D340000991EFF3108372B6DDE90410DDE90624DC
:10D350000C60DDE908410460116083F310880BB0B4
:10D360005DF8044B02B070470448054A036D1B6822
:10D37000934200D170475030184700BF40900020C2
:10D38000B5D200080448054A836B1B68934200D15C
:10D3900070473830184700BFE0900020B1D2000835
:10D3A000494A136813F0040331D0F0B5474E33688F
:10D3B0002DED028B03F00603062B85B004D0002070
:10D3C00005B0BDEC028BF0BD414F3B6803F0060396
:10D3D000062BF4D10546D06B0C460BF0FFFD3D4803
:10D3E000FFF7B0FDA8B93C48FFF7ACFD002833D1EA
:10D3F00035483649364A6FF0040404606FF026035E
:10D4000001200B60136005B0BDEC028BF0BD184627
:10D410007047F26B314968460DF08CFD2F49FA6B6D
:10D420009DED008A02A80DF085FD9DF80430002BCB
:10D43000D9D09DF80C30002BD5D09DED027A2B7BF6
:10D44000F1EE487A77EEC77A5BB3C5ED007A85EDE9
:10D45000018A85ED027AC6E71C4B2149DA6C6846E1
:10D460000DF068FD1A4B1E49DA6C9DED008A02A88A
:10D470000DF060FD9DF80430002BB9D09DF80C3004
:10D48000002BB5D09DED027A237BF1EE487A77EE42
:10D49000C77A7BB1C4ED007A84ED018A84ED027A0B
:10D4A000A6E70123C5ED007A85ED018A85ED027AB4
:10D4B0002B7398E70123C4ED007A84ED018A84ED93
:10D4C000027A237394E700BF00200140002101404D
:10D4D000002201408091002050910020E08C00202B
:10D4E000908E002010B5382104462AF0F3FC204627
:10D4F00010BD00BF10B5502104462AF0EBFC2046B9
:10D5000010BD00BF08B502F091FA01F0DDF9084A3C
:10D51000084B1178FF2918BF1346DA78032A00D088
:10D52000FEE71A79062AFBD15B79382BF8D108BDC2
:10D530000078FF1F0000002070B582B002F06EF985
:10D5400001F074F901F0C8FD01F01AFE00F0DCFFF3
:10D5500001F0E2F800F0E6FD00F01CFE01F096FBA1
:10D5600001F062FE01F082F800F04EFE00F09CFE39
:10D5700000220121062003F095F9062003F0CEF9E0
:10D5800000220121072003F08DF9072003F0C6F9DE
:10D5900000220121082003F085F9082003F0BEF9DC
:10D5A00000220121092003F07DF9092003F0B6F9DA
:10D5B000002201210A2003F075F90A2003F0AEF9D8
:10D5C00000220121172003F06DF9172003F0A6F9BE
:10D5D00000220121282003F065F9282003F09EF99C
:10D5E000002205214D2003F05DF94D2003F096F94E
:10D5F000002211462C20554C03F054F92C2003F046
:10D600008DF994F8AD31002B35D194F8AE31002B63
:10D610003CD194F8BD31002B43D194F8BC313BB1DF
:10D6200094F8AB31072B00F08880012384F8F032A6
:10D63000474B4848D96841F00101D960DC6844F0A3
:10D640000204DC609C6844F080049C6000224FF47B
:10D65000805103F059FF28200BF0D0F801224FF43D
:10D6600080513C4803F050FF44F620600BF0C6F8B0
:10D67000012002B070BD384BD4F8B0211B685A604D
:10D6800001F0D6FB94F8AE31002BC2D0334BD4F866
:10D69000B4211B685A6001F0EFFB94F8BD31002BF8
:10D6A000BBD02F4D05F1180393E803006E4600230D
:10D6B00086E8030001221946304613F0BBFD05F150
:10D6C000200393E80300002386E8030001221946A3
:10D6D000304613F0AFFD05F1280393E80300002363
:10D6E00086E8030001221946304613F0A3FD01200D
:10D6F00009F0B4F9AB69AA8B23B11B691A4214BFB4
:10D7000001230023286AAA8C28B101690A4214BFA8
:10D71000012000204000AA6AA98D32B1126911428D
:10D7200014BF0122002243EA820318430D4B40F04C
:10D730006800187002F0E6F86FE794F8AC31072B38
:10D740003FF476AF012384F8F03271E7C8E300209C
:10D75000002004E000040240200B00201C0B0020ED
:10D76000F80F00202CFA00202DE9F0438FB0EFF3E2
:10D77000108472B6304F314E3A6830689368DFF8E3
:10D78000D0902F4D23F44013936081682D4A01EA15
:10D79000090181602868816801EA090102F10C0829
:10D7A000816007CA0DF1080E8EE8070098E80700AF
:10D7B00005AB83E807009EE807000DF1200C8CE81C
:10D7C000070093E807000EAB03E907000EAA034623
:10D7D00012E903008DE803009CE80700FFF76CFDE9
:10D7E000396832688868184E2B6840F48010886069
:10D7F0009068304390609D68144835439D606FF099
:10D80000040500680D6015601D606FF002050D6075
:10D8100015601D606FF020050D6015606FF001024E
:10D820001D600261C36843F00103C36084F3108884
:10D830000FB0BDE8F08300BFA09B0020589B0020E4
:10D84000109B002078940308000010103C920020E8
:10D85000FFFFCFCF034B834200D07047024814F044
:10D8600021BB00BF58980020B4910020034B834295
:10D8700000D07047024814F015BB00BF5898002034
:10D88000B4910020034B834200D07047024814F04B
:10D8900009BB00BF58980020B4910020014811F046
:10D8A0003DBD00BFEC0F00201F4B20491B682048E6
:10D8B0006FF0010210B51A610A680478C2F3001C07
:10D8C000644522D01B4C80F800C0236803F5245324
:10D8D000043302F0100223604AB1174A40F2D663C3
:10D8E000CB638B634B63D3639363536310BD134864
:10D8F000134B90F804231A70A0F5804012F09CFBA3
:10D90000104B4D22C3F8002E10BD0F484FF40022DB
:10D9100000230DF031FABDE810400C484FF400220E
:10D9200000230DF029BA00BF3C9200200004014002
:10D93000E50F0020E80F002000000140C8E30020B0
:10D94000BC91002000E100E0E08C0020908E0020DF
:10D950002DE9F04F8BB002AD06ACDFF8CC8100238F
:10D9600021462846C5E90133C4E90133D8F80060EF
:10D970000293EB600693E360FFF712FD002800F0CE
:10D98000AA80624B5B6C13F4004300F09D80604BF7
:10D990005B6C13F4004300F090800DF1100999E8DE
:10D9A00003008DE8030008AF95E80C005948A6F283
:10D9B00056610DF031FC97E803008DE803005648EE
:10D9C00094E80C0031460DF027FC3146534813F023
:10D9D000EBF9534B534A596A490089B213689B07C4
:10D9E000FCD54F4BDFF844B15B6A9BF80000DFF8D1
:10D9F00040A15B009BB25A1A18B1CAE9CE13CAF80B
:10DA00004023DAF84433934238BF13462146284670
:10DA1000CAF84433FFF7C4FC002841D099E803005A
:10DA20008DE8030006F50A5195E80C0039482E31BF
:10DA30000DF02CFD97E803008DE8030006F5245552
:10DA4000043594E80C00344829460DF01FFD06F516
:10DA5000E941304836310DF09BFD06F5F6412E4880
:10DA60000C310DF095FDD8F800309D4209D02948C1
:10DA7000102200230DF080F92748102200230DF01A
:10DA80007BF99AF804331BB19BF8003083F0010353
:10DA900000228AF804338BF800200BB0BDE8F08F29
:10DAA0001C484FF0007200230DF066F91A484FF041
:10DAB000007200230DF060F9B0E79DF82420F2B168
:10DAC0000693C4E9013368E79DF8142082B10293FC
:10DAD000C5E901335BE70F484FF0007200230DF0FA
:10DAE0004BF90D484FF0007200230DF045F948E75F
:10DAF00001230292C5E901228DF8143047E7012382
:10DB00000692C4E901228DF8243046E70000014066
:10DB100000040140E08C0020908E0020C8A300206B
:10DB2000001C004000210140E80F0020BC910020B3
:10DB3000C8E30020014803F0C5BE00BF78A1002063
:10DB4000014803F00DBE00BF78A10020014804F099
:10DB50001DBB00BFA89300202DE9F04FCD48CE4E4D
:10DB6000CE4DCF4CCF4AAE600023C6E90003CE486D
:10DB7000E86002F11801E06000F58060C5E900216D
:10DB8000C4E90021E8614FF48042E0614FF40050A5
:10DB90006B612B8385F82C3022826361238384F8A8
:10DBA0002C3028820423C14AC148A6609BB00F21B3
:10DBB0002B8423840DF0EEFF0423BC4ABD48194694
:10DBC0000DF0E8FFBC4ABD4900202AF0FFF8BC4830
:10DBD0000EF008F8BB480EF005F8DFF8E482B44F09
:10DBE000B54AB949DFF8449300202AF0EFF8CDE9AF
:10DBF00001789FEDB60AA94BB54900950622B548B4
:10DC00000CF0FEFE383708F15002CDE900479FEDD9
:10DC1000AF0AA34BB0490292B048A34FDFF810837C
:10DC200006220CF0EDFE4FF4007306961297ADF845
:10DC30004C30ADF8643012AB93E803001022ADF81D
:10DC40005C2004AD2022ADF854201897CDF8508008
:10DC5000CDF8588085E8030014AB93E8030002ACCC
:10DC600084E8030016AB93E803008DE803001AABC9
:10DC700013E90C009A499B480EF072F84023ADF866
:10DC80003C308023ADF834304FF4004306960A97B9
:10DC9000ADF82C300AAA92E803001097ADF8443092
:10DCA000CDF83080CDF8388085E803000CAB93E8E0
:10DCB000030084E803000EAA92E8030010AB8A4D2B
:10DCC0008A4C8B4F0CCB8DE803008A498A480EF0B2
:10DCD00047F800238949AB800122C5E90233C5E931
:10DCE0000633AB822960AA712961AA754B4609F1F6
:10DCF0008006402218460021F2F7AEFB034640336F
:10DD00000222B34244608460C7608262026382631D
:10DD1000EFD1DFF820B27A4BDFF81CA2DFF81CE26B
:10DD20009FED784ADFED784A9FED785ADFED785A1B
:10DD30009FED786ADFED787ADFF804C25A4640F248
:10DD40000310F3EE046A4FF48067576400244FF029
:10DD50007E56B0EE007A4FF07A5756631664176518
:10DD6000C2F800E01083C2ED076A82ED084AC2EDF6
:10DD7000094A82ED0B5AC2ED0C5A82ED0E6AC2EDD1
:10DD8000127A82F83C40546582ED0A7A82ED137A69
:10DD900043F8B46C43F8B06C43F8AC6C43F8986C3F
:10DDA0005E4E43F8A46C43F8846C43F65011FF2692
:10DDB00003F89C6C03F8906C0A44594E43F8806C4D
:10DDC00001274FF480780226524523F8B84C43F8D7
:10DDD000A0CC43ED257A43ED236A43ED226A03F894
:10DDE000A87C43F8784C03F8744C43ED1C7A43ED5F
:10DDF0001B7A03F8684C43ED197A03F8604C43ED45
:10DE0000177A03F8584C43ED157A03F8504C43ED5C
:10DE1000137A43ED127A43ED117A43ED107A43ED14
:10DE20000F7A43ED0E7A43ED0D7A43ED0C7A43ED14
:10DE30000B7A43ED0A7A43ED097A43ED087A43ED14
:10DE4000077A43ED067A03F8124C43ED047A43ED6A
:10DE5000037A43ED017A23F8148C43F8086C0B44E1
:10DE60007FF471AF2F4B08952F4D0793CDE9029B9F
:10DE7000A3F12C0903230595CDF81890DFF854B0D1
:10DE800085ED017A85ED117A2C602C64DFF854A0C1
:10DE9000009357E058980020B49100208091002012
:10DEA000509100209C9A030800080240F09A030851
:10DEB000E0900020189100201002002085D3000877
:10DEC000409000209090002069D30008FFFFF944A3
:10DED00068930020E08C00203C920020908E00206F
:10DEE000F0920020A08900208089002000007A4460
:10DEF0000118CF3AB4920020408B00200CBF0308D9
:10DF0000B04F0020ABAA2A3EABAAAA3E9A99993FED
:10DF10000000807F0AD7233C000000000000204161
:10DF2000000020C1980A0020E01500200089002090
:10DF300000040240601600200089002060BF030832
:10DF4000000101014FF07C53CDF810B0CDF804A0D2
:10DF50003A46AB60EB60AB64EB6421463346424823
:10DF60000BF05EFA414B03930BF5D87304930AF55B
:10DF7000D073CDE900633E4B08933E4B029309F109
:10DF800084030793403509F15803059506933946F4
:10DF90000823072238480BF043FA384B384A9A6076
:10DFA00008209884A3F8440036481A6104259A6131
:10DFB0001A629A6398629865186720221020324985
:10DFC0009F811C609C809E829D839D864FF40044AF
:10DFD000A3F8542098852D4AA3F84C002C4E2D4DC3
:10DFE0002D489C874027A3F87440A3F864704FF431
:10DFF00000748027A3F87C80A3F85C401A631A643D
:10E000009A641A651A669A669A67A3F86C70C3F8E0
:10E010008020C1E90065A3F8844088601BB0BDE89A
:10E02000F08F01231D4D5C1E04F038042C44AC42DB
:10E030000FD12AF0CDF80023194D5C1E04F05004D6
:10E040002C44AC42F5D054F8503D1B68204698470C
:10E05000F7E754F8383D1B6820469847E7E7012367
:10E06000EAE70023DEE700BF80100020B04F002069
:10E07000908900204089002030130020F80F0020F4
:10E080000000024000080240EC0F002000040240A3
:10E09000789200200100020003000400E0900020BC
:10E0A0004090002030B5014689B000222D2002F0BA
:10E0B000F9FB2D2002F032FC0025164B02951A6C5C
:10E0C000154C42F480721A641B6C03F4807301A92E
:10E0D00003A80293029B04F079FF04F057FF0F4A54
:10E0E0000F4921604300A2FB03239B0C40F2E7325F
:10E0F000013B2046C4E903256360A56005F096FD59
:10E1000010B1012009B030BD204605F037FB09B041
:10E1100030BD00BF00380240C091002083DE1B43A9
:10E120000020004010B51848184901608CB04FF627
:10E13000FF71C1600321002301240422039103A97C
:10E14000C0E90133CDE90434CDE90632CDE9083424
:10E15000CDE90A32036105F0D9FD50B90022002350
:10E1600009486946CDE9002305F0ACFF30B90CB091
:10E1700010BD0748D82100F00FFCEFE70448DF216D
:10E1800000F00AFC0CB010BDF0920020000400402A
:10E19000009B030810B51948194901608CB04FF66F
:10E1A000FF71C1600321002301240422039103A90C
:10E1B000C0E90133CDE90434CDE90632CDE90834B4
:10E1C000CDE90A32036105F0A1FD50B90022002318
:10E1D0000A486946CDE9002305F074FF30B90CB058
:10E1E00010BD0848F92100F0D7FBEFE705484FF4D0
:10E1F000807100F0D1FB0CB010BD00BFB4920020C4
:10E2000000080040009B030800B52448244900236F
:10E2100087B04FF0FF32C0E90013C0E9023203615A
:10E2200005F058FD00BB002200231C486946CDE9DB
:10E23000002305F047FF58BB0A200122CDE9020266
:10E24000002108220F230491144805930DEB0201CD
:10E2500005F0E2FDB0B911480C2202A905F0DCFD81
:10E2600040B907B05DF804FB0E4840F2111100F010
:10E2700093FBD8E70B484FF4937100F08DFB07B088
:10E280005DF804FB074840F2211100F085FBE2E74E
:10E2900004484FF48C7100F07FFBCDE778920020AA
:10E2A000000C0040009B03080A480B4908B542F6E1
:10E2B00003120023C0E90013C0E90232036105F034
:10E2C000B5FC00B908BDBDE80840044840F2731130
:10E2D00000F062BB00920020001C0040009B03087D
:10E2E000124A0368934282B012D0114A934201D07D
:10E2F00002B070470F4B002201921A6C42F080026C
:10E300001A641B6C03F080030193019B02B07047F9
:10E31000084B002200925A6C42F001025A645B6C76
:10E3200003F001030093009B02B07047000001401E
:10E33000001C0040003802400368B3F1804F82B0F7
:10E3400012D0114A934201D002B070470F4B002205
:10E3500001925A6C42F002025A645B6C03F00203B1
:10E360000193019B02B0704703F50E330022009227
:10E370001A6C42F001021A641B6C03F00103009353
:10E38000009B02B0704700BF00040140003802400B
:10E39000124A0368934282B012D0114A934201D0CC
:10E3A00002B070470F4B002201921A6C42F0040237
:10E3B0001A641B6C03F004030193019B02B07047C5
:10E3C000084B002200921A6C42F002021A641B6C85
:10E3D00003F002030093009B02B07047000400406A
:10E3E00000080040003802400E4B02689A4200D0FC
:10E3F000704700B583B003F50B3300220192196C0E
:10E4000041F0080119641B6C03F00803019301211A
:10E410003220019B02F046FA322003B05DF804EB93
:10E4200002F07CBA000C0040D0B5324A0368934237
:10E4300086B007D0B3F1804F21D02F4A934232D01B
:10E4400006B0D0BD4FF4604202230026002701240D
:10E4500069462A480494CDE90023CDE9026702F019
:10E460007FFE4FF4E0620223254804946946CDE91B
:10E470000267CDE9002302F073FE06B0D0BD4FF471
:10E4800040600221CDE9000100F180400123002617
:10E49000002700F5FC306946CDE90267049302F0DD
:10E4A0005FFE06B0D0BD0026002703248022022391
:10E4B000694613480494CDE90023CDE9026702F0D0
:10E4C0004FFE0322022369460C480494CDE9002341
:10E4D000CDE9026702F044FE4FF4E07202230948DE
:10E4E00004946946CDE90267CDE9002302F038FEC5
:10E4F00006B0D0BD0000014000040140000402400D
:10E50000000002400008024010B55548554C6022FA
:10E51000002396B040F6AC5182600222C0E900436D
:10E52000C0E90313426105F081FB00285DD14FF47F
:10E5300080534B48029302A905F0A2F9002840F04D
:10E540008580474805F0AAFB00287AD1444805F0A9
:10E5500089FB002870D12022002341486946CDE97B
:10E56000002305F0AFFD002861D10020002100222A
:10E57000CDE90A0170233A480C9206A9CDE906328A
:10E58000CDE9082205F026FD00284BD134480422AD
:10E5900006A905F01FFD00283FD13148082206A931
:10E5A00005F018FD002833D100232D4806930C22D6
:10E5B00006A905F0E3FC30BB9FED277B4FF400601C
:10E5C0004FF48061CDE90E010023142224481493F6
:10E5D0000EA98DED127BCDE9103205F099FD48B9F9
:10E5E0001F48FFF721FF16B010BD1F48532100F050
:10E5F000D3F99CE792211C4800F0CEF91848FFF7A8
:10E6000013FF16B010BD1848862100F0C5F9D3E7F6
:10E610001548802100F0C0F9C6E713487B2100F0BF
:10E62000BBF9BAE71048762100F0B6F9AEE70E481C
:10E630006A2100F0B1F998E70B48632100F0ACF9CA
:10E6400089E709485E2100F0A7F97FE706485921CC
:10E6500000F0A2F975E700BF0000000000200000F4
:10E660006893002000000140009B030810B5284873
:10E6700000238AB04FF0804460214FF48052C0E9FB
:10E680000043C0E90212036105F008FB38BB002219
:10E6900000231F486946CDE9002305F013FD88BB20
:10E6A00002227020002104920822CDE902010023F9
:10E6B000174806930DEB020105F08CFCE8B941F216
:10E6C0000104002312480C2202A9CDE9034305F0FE
:10E6D00081FC48B90E48FFF7A7FE0AB010BD0D48EF
:10E6E000A52100F059F9D2E7BC210A4800F054F9FD
:10E6F0000748FFF799FE0AB010BD0648B52100F0A3
:10E700004BF9DCE70348AC2100F046F9C8E700BF4D
:10E710002C930020009B030810B54148414C602217
:10E72000002392B040F6AC5182600222C0E900435F
:10E73000C0E90313426105F0B1FA002841D120225B
:10E74000002337486946CDE9002305F0BBFC0028CB
:10E7500059D1002000210022CDE906017023304864
:10E76000089202A9CDE90232CDE9042205F032FC7B
:10E77000002842D12A48042202A905F02BFC0028D7
:10E7800035D1082226480DEB020105F023FC40BBE1
:10E790009FED217B4FF400604FF48061CDE90A01C9
:10E7A000002314221E4810930AA98DED0E7BCDE99B
:10E7B0000C3205F0ADFC50B91948FFF735FE12B028
:10E7C00010BD194840F2391100F0E6F8B7E74FF4F0
:10E7D000B171154800F0E0F81148FFF725FE12B0BE
:10E7E00010BD11484FF4AB7100F0D6F8D0E70E48D9
:10E7F00040F2511100F0D0F8C3E70B484FF4A67176
:10E8000000F0CAF8B6E708484FF4A07100F0C4F869
:10E810009FE700BFAFF30080000000000020000071
:10E820003C92002000040140009B030810B582B018
:10E830000024244B0094196B41F400111963186BE8
:10E8400000F40010009000980194186B40F48000D0
:10E8500018631B6B03F480032246042101930B20F1
:10E86000019B02F01FF80B2002F058F822460A2103
:10E870000D2002F017F80D2002F050F822460A2170
:10E880000F2002F00FF80F2002F048F822460A216C
:10E89000102002F007F8102002F040F822460A216A
:10E8A000112001F0FFFF112002F038F82246032169
:10E8B0002F2001F0F7FF2F2002B0BDE8104002F03A
:10E8C0002DB800BF0038024070B594B02A4A2B4BD7
:10E8D00000200190116C41F080511164126C02F023
:10E8E00080520192019A02901A6842F480421A60A2
:10E8F0001B689FED1F7B03F48043029301230224D6
:10E90000029A0D934FF480010425A822072308A83A
:10E910008DED087BCDE90E41CDE91052CDE91243D2
:10E9200004F0A8F800B1FEE74FF4A05205904FF4B0
:10E9300080530F26052103A8CDE90364CDE9062302
:10E9400004F084FA044600B1FEE704F019FB0C4B16
:10E95000A3FB0030800902F001F8284602F018F805
:10E96000224631464FF0FF3001F09CFF14B070BDDD
:10E970000900000000000100003802400070004063
:10E98000D34D6210034B02689A4200D0704701F0E9
:10E9900067B800BF00200040FEE700BF0000000095
:10E9A0000368B3F1A04F00D0704700B59FED147B12
:10E9B00089B04FF4C0500221CDE902010A2302A917
:10E9C000114806938DED047B02F0CAFB0F4B596B87
:10E9D000002241F0800159630192586C40F480405C
:10E9E00058645B6C03F48043062101934320019B30
:10E9F00001F058FF432001F091FF09B05DF804FBDE
:10EA00000000000003000000000002400038024047
:10EA1000F8B5D0F8EC5300F56F7605F2AA27044656
:10EA20003146384608F020FE95F8AA3203F060031C
:10EA3000402B03D195F8AB32502B06D0D4F8EC0321
:10EA40003146BDE8F84008F07FBAD5F8B832B5F8DD
:10EA5000B0229B680121C5E9A5122846394698478E
:10EA6000B5F8B03203B900B1F8BD2846BDE8F840AA
:10EA700008F066BEC1EBC10300EB8303D0F8EC03E2
:10EA8000D3F8042208F090BAC1EBC10300EB830372
:10EA9000D0F8EC035A6C08F0BBBA00BFD0F8EC0316
:10EAA00008F046BB10B5C16804460039D0F8EC0345
:10EAB00018BF012108F024FBD4F8EC03BDE8104096
:10EAC00008F0F6BA10B50446D0F8EC0308F01CFBC9
:10EAD0002268D2F8003E43F00103C2F8003E236AE8
:10EAE00023B1034A136943F00603136110BD00BF4D
:10EAF00000ED00E0D0F8EC0308F010BBD0F8EC0318
:10EB000008F026BBD0F8EC0308F020BBD0F8EC03EB
:10EB100008F020BBD0F8EC0308F01EBB02780AB165
:10EB200000207047194B10B5C3F8EC034FF0A04418
:10EB3000C0F8C43206200221C3E900401846C3E9E8
:10EB40000312C3E90521C3E90722C3E90B225A6274
:10EB500003F098FAA0B980210C4803F087FF402207
:10EB600000210A4803F05CFF40220121074803F01E
:10EB700057FF40220321054803F052FF002010BD3B
:10EB8000034840F25911FFF707FFE4E7A89300207C
:10EB9000149B030808B5D0F8C40203F0E1FA18B1D9
:10EBA00002280CBF0120032008BD00BF944608B511
:10EBB0001A46D0F8C402634603F012FE18B10228C8
:10EBC0000CBF0120032008BD08B5D0F8C40203F033
:10EBD00049FE18B102280CBF0120032008BD00BF68
:10EBE00008B5D0F8C40203F0C7FE18B102280CBF64
:10EBF0000120032008BD00BF08B5D0F8C40203F00F
:10EC0000E9FE18B102280CBF0120032008BD00BF97
:10EC10000A06D0F8C43206D4C1EBC10103EB81036C
:10EC200093F8FA01704701F07F01C1EBC10103EBDA
:10EC3000810393F83A00704708B5D0F8C40203F096
:10EC4000BBFD18B102280CBF0120032008BD00BF86
:10EC500008B5D0F8C40203F067FE18B102280CBF53
:10EC60000120032008BD00BF08B5D0F8C40203F09E
:10EC700029FE18B102280CBF0120032008BD00BFE7
:10EC800008B5D0F8C40203F045FE08BD10B5114820
:10EC9000114C4FF482720023C0E900424FF400612E
:10ECA0000122C0E90231C0E904324FF40074182196
:10ECB0000A22C0E90641C0E90833C0E90A3204F07B
:10ECC000F3F900B910BDBDE8104004485221FFF728
:10ECD00063BE00BF58980020003C0040309B0308F2
:10ECE0003A4B02689A4200D07047F0B587B003F5FE
:10ECF000FE33002700971A6C42F400421A641B6C22
:10ED000003F40043022100934FF4A0520126CDE901
:10ED10000211009B01920623044601A92C48CDE96B
:10ED200004634FF4006502F01BFA03962848294E4D
:10ED3000019501A902F014FA274B33604023C6E97C
:10ED40000173E3684FF48062C6E9037263BB1D463A
:10ED50001A460023C6E905521E4873624FF400327A
:10ED6000C6E9073201F020FE58BB1C4DE3681C4980
:10ED7000A66400224FF48060C5E90012C5E90222B2
:10ED8000B46328619BB919460022C5E905311348CF
:10ED90006A624FF48033C5E9072301F005FE58B9D4
:10EDA000E564AC6307B0F0BD4FF40052D1E74FF417
:10EDB00000634FF40051E7E70A48A021FFF7ECFD9C
:10EDC000EEE708488921FFF7E7FDCEE7003C004069
:10EDD00000080240F8970020B86002409897002091
:10EDE00010600240309B03080D4B02689A4200D02D
:10EDF00070470C4A136C10B523F4004304464FF4DB
:10EE0000E0511364084802F0CDFAA06C01F060FEF6
:10EE1000E06C01F05DFEBDE81040332001F08CBDD8
:10EE2000003C0040003802400008024000000000A2
:10EE30009FED0B7B0C480D4908B50C220023C0E95F
:10EE4000023380ED067B01600361426105F0EEFA5A
:10EE500000B908BDBDE8084005485121FFF79CBD39
:10EE60000000000000000000709A0020004C0040EC
:10EE7000449B0308000000009FED0B7B0C480D49EC
:10EE800008B50C220023C0E9023380ED067B016047
:10EE90000361426105F0CAFA00B908BDBDE8084047
:10EEA00005486421FFF778BD000000000000000065
:10EEB000309A002000440040449B030870B5584A33
:10EEC0000368934282B0044604D0564A93424BD022
:10EED00002B070BD002302F5F6320093116C524E61
:10EEE00041F400211164126C5049B36002F4002215
:10EEF00000924FF00062C6E9001200984FF4806162
:10EF00004FF480723046C6E90331C6E90533C6E9DD
:10EF10000833F26101F048FD002872D1444D454AA2
:10EF20002A604FF00062002366636A6040214FF45C
:10EF300080622846C5E90213C5E90533C5E90733F0
:10EF4000B4632A616B6201F02FFD002854D1256360
:10EF500000220A213420AC6301F0A4FC342002B06A
:10EF6000BDE8704001F0DABC002302F5FA320193EB
:10EF7000116C314E41F400311164126C2F49B360B1
:10EF800002F4003201924FF00062C6E900120198CB
:10EF90004FF480614FF480723046C6E90331C6E910
:10EFA0000533C6E90833F26101F0FEFC70BB244D65
:10EFB000244A2A604FF00062002366636A604021A1
:10EFC0004FF480622846C5E90213C5E90533C5E957
:10EFD0000733B4632A616B6201F0E6FCD8B925639C
:10EFE00000220A212620AC6301F05CFC262002B03E
:10EFF000BDE8704001F092BC13489421FFF7CCFCAF
:10F00000A5E711488221FFF7C7FC87E70E48B62124
:10F01000FFF7C2FCCBE70C48C821FFF7BDFCDEE7D9
:10F02000004C004000440040D09900204060024065
:10F0300070990020706002401099002088600240A2
:10F04000B0980020A0600240449B030808B50968FE
:10F0500028F0CEFD002008BD08B5044B002218683A
:10F06000022107F0BFFD002008BD00BF1CE7002003
:10F0700008B5044B00221868012107F0B3FD0020F9
:10F0800008BD00BF1CE70020212806D14FF4E13065
:10F090000022082308608A808B710020704700BF1F
:10F0A0008C46BCF1400F014613460DD8094A812B0E
:10F0B000D2F8BC220CD0832B06D15C32127A2AB94A
:10F0C0000448624608F0CABC03207047012070471C
:10F0D0004432F3E7E89D002030B52548254C4FF435
:10F0E0008031C0E90041244C002301228FB000256B
:10F0F000C0E90A458360036183610362C360C26142
:10F100000363426100F0D0FC08BB06240125002304
:10F11000174802936946CDE9004500F03BFE08BB65
:10F12000012206210023CDE905124FF480154FF48A
:10F1300080340F48099205A9CDE90C45CDE90A3381
:10F140000793089300F0CEFE30B90FB030BD0B48E6
:10F150005E21FFF721FCD8E708487821FFF71CFC67
:10F160000FB030BD05486821FFF716FCD8E700BF97
:10F17000A09B0020002001400100000F5C9B0308C1
:10F1800030B52648264C4FF4803100230122C0E9D7
:10F1900000418FB04FF060644FF08055C0E90A45E0
:10F1A0008360036183610362C360C2610363426180
:10F1B00000F07AFC08BB0D240125002317480293B8
:10F1C0006946CDE9004500F0E5FD08BB01220A21B2
:10F1D0000023CDE905124FF480154FF480340F4819
:10F1E000099205A9CDE90C45CDE90A3307930893A7
:10F1F00000F078FE30B90FB030BD0A489221FFF719
:10F20000CBFBD8E70748AC21FFF7C6FB0FB030BDFA
:10F2100004489C21FFF7C0FBD8E700BF589B0020A3
:10F22000002101405C9B030830B52648264C4FF472
:10F23000803100230122C0E900418FB04FF06064AB
:10F240004FF08055C0E90A45836003618361036222
:10F25000C360C2610363426100F026FC08BB0C245A
:10F2600001250023174802936946CDE9004500F0C7
:10F2700091FD08BB01220B210023CDE905124FF4BB
:10F2800080154FF480340F48099205A9CDE90C454B
:10F29000CDE90A330793089300F024FE30B90FB08C
:10F2A00030BD0A48C621FFF777FBD8E70748E021C1
:10F2B000FFF772FB0FB030BD0448D021FFF76CFBA5
:10F2C000D8E700BF109B0020002201405C9B030890
:10F2D00070B5454A036893428AB007D0434A9342C7
:10F2E00040D0434A93425DD00AB070BD0026414BE6
:10F2F00001965A6C404D42F480725A645B6C0696DB
:10F3000003F4807301932F22032304A904463B488E
:10F31000CDE90423019B01F023FF70220323384829
:10F32000069604A9CDE9042301F01AFF354A6E625E
:10F330004FF48063C5E900262B614FF400624FF45F
:10F340000053C5E9052328464FF48073C5E90266DA
:10F35000C5E9073601F028FB00283AD1A563AC6364
:10F360000AB070BD0024234B02945A6C234842F427
:10F3700000725A645B6C06949FED197B03F4007372
:10F38000029304A98DED047B029B01F0E9FE70223B
:10F3900003231B48069404A9CDE9042301F0E0FEF1
:10F3A0000AB070BD134B002403945A6C42F480627F
:10F3B0005A645B6C06940F20032103F48063CDE94B
:10F3C000040103930D48039B04A901F0C9FE0AB090
:10F3D00070BD0D484FF48A71FFF7DEFABEE700BF3B
:10F3E0002F00000003000000002001400021014028
:10F3F0000022014000380240B09A0020000802407C
:10F4000000000240106402405C9B030810B582B00B
:10F410000024224B00945A6C42F480425A645A6C85
:10F4200002F480420092009A01941A6C42F08052D9
:10F430001A641B6C03F0805301930320019B01F0BD
:10F440001FFA224621466FF00B0001F02BFA2246EC
:10F4500021466FF00A0001F025FA224621466FF09E
:10F46000090001F01FFA224603216FF0040001F0A9
:10F4700019FA224621466FF0030001F013FA2246E2
:10F480000F216FF0010001F00DFA22460F214FF01D
:10F49000FF3002B0BDE8104001F004BA003802406D
:10F4A000122301480B8070473C0B002004230148C5
:10F4B0000B807047380B002010B5044C04480A46F6
:10F4C000214608F0E9F8204610BD00BFE89B002067
:10F4D000709B030810B5044C04480A46214608F006
:10F4E000DBF8204610BD00BFE89B002018EA002092
:10F4F00010B5044C04480A46214608F0CDF82046D1
:10F5000010BD00BFE89B0020809B030810B5044C91
:10F5100004480A46214608F0BFF8204610BD00BF47
:10F52000E89B00209C9B030810B5044C04480A4645
:10F53000214608F0B1F8204610BD00BFE89B00202E
:10F54000A89B03080020EE2908B5108002D00629E8
:10F5500005D008BD1346122204481A8008BD04498C
:10F56000044808F099F8024808BD00BF6C0B002061
:10F57000E89B0020B89B0308704700BF1B4A1C494A
:10F58000536C10B423F4404353644B6C0468194A21
:10F590008FB023F440434B640294D0E901430394B9
:10F5A0000493D0E90434C16805910693D0E90613A9
:10F5B000079408910993936A0A93D2F888200E4B16
:10F5C0000B925B6B0C930A9BC3F340238DF80630C0
:10F5D0000A9B0122C3F300238DF807300D920D9B87
:10F5E000002BFCD10FB05DF8044B704700000140C8
:10F5F0000004014000ED00E000EF00E01EF0040F09
:10F600000CBFEFF30880EFF30980FFF7B7BF00BF2F
:10F610000549064A4B6C23F440434B64536C23F476
:10F6200040435364F6E700BF00000140000401407E
:10F6300008B5FFF7EDFF00BF08B5FFF7E9FF00BF12
:10F64000704700BF07F038BB014801F013BB00BF93
:10F6500098970020014801F00DBB00BFD099002011
:10F66000014801F007BB00BF70990020014801F07C
:10F6700001BB00BF10990020014801F0FBBA00BF98
:10F68000B0980020014801F0F5BA00BFF8970020BB
:10F69000014800F099BF00BF800B0020014800F036
:10F6A00093BF00BF800B0020014800F08DBF00BF5A
:10F6B000800B0020014800F087BF00BF800B0020B6
:10F6C000014805F03FB800BF309A002008B5044853
:10F6D00004F0A0F9BDE80840024804F09BB900BF5F
:10F6E0003C920020C0910020014803F03BBF00BFC6
:10F6F00058980020014805F025B800BF709A0020F6
:10F7000010B5094C09490022204607F0DDFB0849E5
:10F71000204607F0F1FB2046064908F097F92046FD
:10F72000BDE8104007F0FEBBE89D0020500B002014
:10F730001C0C0020240B0020224B02689A4200D0AF
:10F74000704730B589B0002503F5EA3301951A6C8E
:10F7500042F000721A641B6C4FF44070022103F0F7
:10F7600000730924CDE902010193002202A9164881
:10F7700006940323CDE90423019B01F0F1FC2A4602
:10F780002146132001F08EF8132001F0C7F82A4615
:10F790002146142001F086F8142001F0BFF82A4613
:10F7A0002146152001F07EF8152001F0B7F82A4611
:10F7B0002146162001F076F8162001F0AFF809B0C6
:10F7C00030BD00BF00640040000402401049114BEE
:10F7D000D1F8882042F4700210B4C1F888201A6869
:10F7E0000D4C002042F001021A6098601A6822F065
:10F7F000847222F480321A605C601A684FF00064F0
:10F8000022F480221A60D8608C605DF8044B704747
:10F8100000ED00E00038024010300024F0B58DB05B
:10F82000344B354E354F002401941A6B42F00402DC
:10F830001A63196B01F00401019101990294196B8B
:10F8400041F080011963196B01F080010291029966
:10F850000394196B012211431963196B1140039131
:10F8600003990494196B41F002011963196B01F0BB
:10F870000201049104990594196B41F00801196380
:10F880001B6B03F00803059330464FF4C041059B02
:10F8900001F03AFE224638464FF4805101F034FE22
:10F8A00001254FF4C04306A93046CDE90635CDE920
:10F8B000084401F055FC48F21022304606A9002306
:10F8C000CDE90623089401F04BFC4FF480533846F1
:10F8D00006A90693CDE90754099401F041FC0422DE
:10F8E00000230748089506A9CDE9062301F038FC56
:10F8F0000DB0F0BD00380240000802400004024094
:10F90000000C024038B50D4B0D4C0E4D002241004D
:10F91000C3E9005418464FF48044C3E90221C3E907
:10F920000442C3E906221A6201F0F2FD00B938BDB3
:10F93000BDE8384004484F21FFF72EB878A10020D9
:10F94000A086010000540040D49B0308304B02689D
:10F950009A4200D0704770B582B000232D4A0193BF
:10F96000116C2D4E41F400111164126C2B49B360DF
:10F9700002F4001201924FF00072C6E90012044630
:10F980004FF4806101984FF480723046C6E903312C
:10F99000C6E90533C6E90833F26101F005F860BB3A
:10F9A0001F4D204A2A604FF000720023A6636A6050
:10F9B00040214FF480622846C5E90213C5E90533AA
:10F9C000C5E90733B4632A616B6200F0EDFFC8B983
:10F9D0006563002209211F20AC6300F063FF1F2034
:10F9E00000F09CFF00220921202000F05BFF202076
:10F9F00002B0BDE8704000F091BF0B486E21FEF7E9
:10FA0000CBFFCDE708488021FEF7C6FFE0E700BF47
:10FA1000005400400038024018A10020106002404D
:10FA2000B8A00020A0600240D49B030808B50B4B8F
:10FA30001A6842F400721A601A6842F480621A600E
:10FA40001A6842F480721A60032000F019FF062041
:10FA5000FEF728FBFFF7DAFC002008BD003C02405F
:10FA6000034A044B11681B780B441360704700BFB6
:10FA7000CCA10020AC0B0020014B1868704700BFE0
:10FA8000CCA1002038B50446FFF7F6FF631C0546FD
:10FA900002D0044B1B781C44FFF7EEFF401BA04232
:10FAA000FAD338BDAC0B0020002800F09C80036C1A
:10FAB00010B504463BB1236CDB060CD5002384F85B
:10FAC0003C30012010BD436480F83C30FFF700FC5F
:10FAD000236CDB06F2D4236C464A23F4885323F0CC
:10FAE000020343F0020323645168236821F4403188
:10FAF000516051686068014351605A682069A1688B
:10FB000022F480725A605A6842EA00225A605A68A7
:10FB1000E06822F040725A605A680A435A609A6854
:10FB2000A16A22F400629A609A6802439A60324A9B
:10FB300091429A684FD022F07062E06A9A609A68A7
:10FB4000114399609A6822F040529A609A68024381
:10FB50009A609A68A069216A22F002029A609A6803
:10FB600042EA40029A605A6800293ED042F400629C
:10FB7000616A5A605A6822F460425A605A680139D0
:10FB800042EA41325A60DA6AE169206B22F470027B
:10FB9000DA62DA6A013942EA0152DA629A68616924
:10FBA00022F400729A609A6842EA40229A609A6847
:10FBB00022F480629A609A68002042EA81229A6068
:10FBC0006064236C23F0030343F0010323640023E8
:10FBD00084F83C3010BD22F070629A609A6822F07E
:10FBE00040529A60B5E70120704722F400625A60E3
:10FBF000C9E700BF002301400100000F70B50546B2
:10FC000090F83C0082B00023012801936BD02E684D
:10FC10001346012285F83C20B268D40714D4B26898
:10FC200042F00102B260314A1068314AA2FB002062
:10FC3000800C00EB40000190019A2AB1019C013C2C
:10FC4000019401980028F9D1B268D0073BD5286CFF
:10FC500020F4E06020F0010040F4807028647268B5
:10FC6000520505D52A6C22F4405242F480522A648F
:10FC70002A6CA86B12F480521CBF6A6C22F0060238
:10FC80006A64002285F83C200A461A49C1631A4971
:10FC900001641A49C1646FF022013160716841F05A
:10FCA00080617160B16841F48071B16006F14C010E
:10FCB00000F046FF124B5B68DB0607D12B689A68A1
:10FCC00012F0405F0AD0002002B070BD0D4A2B68D0
:10FCD0009342F8D19A6812F0405FF4D19A6842F0EA
:10FCE00080429A60EFE7022002B070BDA80B0020AE
:10FCF00083DE1B430DFD00086DFD00087DFD00083F
:10FD00000023014000200140704700BF836B1A6C44
:10FD100012F0500F25D11A6C196842F4007210B518
:10FD20001A648A6812F0405F17D19A69AAB9CA6A40
:10FD300012F4700F02D08A6850050ED44A6822F07F
:10FD400020024A601A6C22F480721A641A6CD2047F
:10FD500003D41A6C42F001021A641846FFF7D4FF6C
:10FD600010BD9B6BDB6C1847704700BF08B5806BFC
:10FD7000FFF7FAFF08BD00BF704700BF806B08B5F2
:10FD800040230364436C43F004034364FFF7F4FF30
:10FD900008BD00BF70B590F83C3082B00246012B20
:10FDA0004FF00000019000F09380012382F83C3076
:10FDB0000D6813688C68092DA8B228D81E6905EB58
:10FDC000450E4FF0070C0CFA0EFC26EA0C061E61DD
:10FDD0001E6904FA0EF434431C614C68062C04EBD3
:10FDE00084012AD85C6B05394FF01F0C88400CFA4F
:10FDF00001F124EA01015963596B084358633649FC
:10FE00008B422BD0002082F83C0002B070BD00EB8A
:10FE1000400CDE68ACF11E0C4FF0070E04FA0CF437
:10FE20000EFA0CFC26EA0C06DE60DE683443DC6069
:10FE30004C68062C04EB8401D4D90C2C34D81C6BF0
:10FE400023391F26884006FA01F124EA01011963CB
:10FE5000196B0843204918638B42D3D1122D30D03F
:10FE6000A5F11003012BCDD81C494B68102D43F48C
:10FE700000034B60C6D11A4B01F146711B6801F5B6
:10FE80002E3101F28331A1FB03139B0C03EB83039F
:10FE90005B000193019B002BB4D0019B013B0193BC
:10FEA000019B002BF9D1ADE7DC6A41391F26884060
:10FEB00006FA01F124EA0101D962D96A0843D8623D
:10FEC0009DE7D1F8043343F48003C1F8043399E784
:10FED000022002B070BD00BF00200140002301409D
:10FEE000A80B002090F83C30012B00F0BF800123CC
:10FEF00070B580F83C300C6803688A68092C844629
:10FF0000A0B25FD81D6904EB440E072606FA0EF670
:10FF100025EA06051D611D6902FA0EF22A431A61DF
:10FF20009A6B0E694D6822F440129A639A6B06F13F
:10FF3000FF3E42EA0E529A63EA1C921BD2B29E6BBB
:10FF400002EB82024FF01F0E90400EFA02F226EAF8
:10FF500002029A639A6B10439863CA6944488242CA
:10FF600064D0986820F470209860986802439A6082
:10FF70009A68086A22F440129A609A6802439A606A
:10FF80008A69002A4DD05A6842F480625A604A69F0
:10FF900042B35A6842F480525A60022DCA6828D08F
:10FFA000032D54D0012D4AD159696FF30B015961CA
:10FFB00059690A435A612F4A934224D000208CF891
:10FFC0003C0070BD00EB4005DE681E3D4FF0070EA3
:10FFD000AA400EFA05F526EA0505DD60DD682A432C
:10FFE000DA609DE75A6822F480525A60022DCA688E
:10FFF000D6D199696FF30B01996199690A439A61A6
:020000040801F1
:100000001C4A9342DAD1122C29D0103C012CD5D8AD
:10001000194A5368002043F4000353608CF83C00F5
:1000200070BD5A6822F480625A60B0E79A6822F480
:1000300070229A609A6822F440129A60A0E7196AC6
:100040006FF30B011962196A0A431A62B3E7D9699F
:100050006FF30B01D961D9690A43DA61ABE7D2F8D2
:10006000043343F48003C2F80433A7E70220704747
:1000700001000F00002001400023014000287BD038
:1000800038B590F820300446002B72D022681368EF
:1000900023F002031360FFF7EFFC054604E0FFF7CF
:1000A000EBFC401B0A285BD823685A689107F6D4FA
:1000B0001A6842F001021A60FFF7DEFC054604E010
:1000C000FFF7DAFC401B0A284AD823685A68D2078F
:1000D000F6D5227E012A1A680CBF42F0800222F077
:1000E00080021A60627E012A1A680CBF42F0400248
:1000F00022F040021A60A27E012A1A680CBF42F068
:10010000200222F020021A60E27E012A1A680CBF47
:1001100022F0100242F010021A60227F012A1A68AF
:100120000CBF42F0080222F008021A60627F012A26
:100130001A680CBF42F0040222F004021A60D4E9EB
:100140000220216902430A43606961680243013960
:100150000A4300200121DA61606284F8201038BD72
:10016000636A052243F40033636284F8202001208F
:1001700038BDFFF7E1FA89E70120704790F82020A9
:10018000012A0AD090F82020022A034605D0426AAC
:1001900042F4802201205A627047404BD3F800227B
:1001A0000120024330B4C3F80022D3F8002222F425
:1001B0007C52C3F80022D3F800224C6A42EA04229F
:1001C000C3F800224A69D3F81C42904024EA000494
:1001D000C3F81C42CD69C443002D45D1D3F80C525D
:1001E0002540C3F80C52D200CD688B8802F18042C2
:1001F00002F5C84243EA0543C2F840328D680B88D5
:1002000043EA0543C2F844328B69244A33BBD2F82F
:1002100004322340C2F804320B69C3B91F4BD3F830
:1002200014221440C3F814420B6A012B05D11B4A57
:10023000D2F81C320343C2F81C32184AD2F80032FA
:1002400023F00103002030BCC2F800327047134A8B
:10025000D2F814320343C2F81432E5E7D2F804327C
:100260000343C2F80432D7E7012DCDD1D3F80C52A5
:100270000543C3F80C52D2000D688B8802F180420E
:1002800002F5C84243EA0543C2F840328D688B89C3
:1002900043EA0543C2F84432B6E700BF00640040B9
:1002A00038B590F82030012B044605D0436A43F45A
:1002B00000234362012038BD0268022380F8203009
:1002C000136823F001031360FFF7D6FB054604E033
:1002D000FFF7D2FB431B0A2B07D823685B6813F098
:1002E0000103F5D16362184638BD636A052243F401
:1002F0000033636284F82020DCE700BF38B590F853
:100300002030022B044605D0436A43F48013436235
:10031000012038BD0268136843F001031360FFF742
:10032000ABFB054604E0FFF7A7FB431B0A2B0CD8E9
:1003300023685A68D207F6D51A68012122F0020212
:100340001A6084F82010002038BD636A052243F447
:100350000033636284F82020DAE700BF30B490F8FD
:100360002040012C0AD090F82040022C06D0436A8D
:1003700043F480234362012030BC70470468A568C1
:100380006D0105D4A5682D0102D4A568ED0039D50D
:10039000A0680125C0F3016085401D608B6843B3F0
:1003A000CD682B434D6843EAC50300F118052D01C4
:1003B000635104EB00130D69C3F88451097D0129D1
:1003C0004FEA001005D1D3F8841141F48071C3F8CD
:1003D000841104445168C4F88C111268C4F888214F
:1003E000D3F8802142F00102002030BCC3F8802104
:1003F0007047CB680D6843EA455500F118031B01AF
:10040000E550D6E7436A43F400134362B3E700BF05
:1004100090F82030012B05D090F82030022B01D02D
:1004200000207047036898689A689B681201C0F3BF
:10043000806048BF0130DB00F3D50130704700BF5A
:1004400070B590F82040012C09D090F82040022C83
:1004500005D0436A43F480234362012070BD0468E1
:10046000002959D1E568AE075BD004EB011C4FEAC7
:10047000011EDCF8B05105F004059560002D5DD13A
:10048000DCF8B0516D0D1560DCF8B051C5F34005D6
:10049000D560DCF8B451DCF8B46105F00F051561E6
:1004A0007444DCF8B451C6F3072696612D0CD4F8D9
:1004B000B86155611E7002687244D2F8B821120A00
:1004C0005A7002687244D2F8B821120C9A7002680D
:1004D0007244D2F8B821120EDA7002687244D2F86F
:1004E000BC211A7102687244D2F8BC21120A5A71F6
:1004F00002687244D2F8BC21120C9A7102687244EC
:10050000D2F8BC21120EDA7181B90268D36843F0C7
:100510002003D360002070BD0129A6D12569AD0755
:10052000A3D1436A43F40013436296E70129F1D152
:100530000268136943F020031361EBE7DCF8B05164
:10054000ED085560A0E700BF90F82030012B05D0E2
:1005500090F82030022B01D000207047036819B9B1
:10056000D86800F003007047186900F00300704776
:1005700090F82020012A034609D090F82020022A72
:1005800005D0426A42F4802201205A6270471A68FC
:1005900053690B4300205361704700BF90F820203F
:1005A000012A034609D090F82020022A05D0426A89
:1005B00042F4802201205A6270471A68536923EA84
:1005C00001030020536170472DE9F84F03685C690F
:1005D000D3F804809F68D3F80CB0D3F81090D3F808
:1005E00018A014F0010605461FD0F90700F19B8002
:1005F0000026F9050BD52B684FF480729A60BA0576
:1006000000F1DE807B0540F1D18046F40056F9030D
:100610000BD52B684FF480329A60BA0300F1D48076
:100620007B0340F1C88046F40046210702D51BF049
:10063000100F72D1620702D51BF0080F7ED1A307FD
:1006400004D52B68DB689F0740F09880600602D5D0
:1006500019F0100F5BD1A10602D519F0080F74D163
:10066000E20603D52B681B699B077CD1A70302D543
:1006700018F0100F7BD1E00302D518F0080F6BD1F2
:10068000210440D518F0040F2B683AD0E20544BF8E
:100690000AF001021643A70574D4610504F4006250
:1006A0002BD51AF0040F28D046F00406002A77D084
:1006B0001AF0700A74D0BAF1400F00F0A88000F26E
:1006C0008780BAF1200F00F0BD80BAF1300F00F042
:1006D000B080BAF1100F40F095809A69042122F0A1
:1006E00070029A6146F0080659606B6A33432846E7
:1006F0006B6212F0F7FBBDE8F88F12B11AF0700AC6
:10070000D9D104225A60002EEFD1BDE8F88F2B68B2
:10071000102246F480661A619DE72B68102246F489
:100720000076DA6086E701229A60BA0735D47B0743
:1007300039D43E075BD54FF480565AE72B68082220
:10074000DA60284612F0BAFB79E72B6808221A61B2
:10075000284612F0C1FB83E72B6808225A6028461E
:1007600012F0BEFB8CE7284612F0B4FB7EE72B6844
:1007700010225A60284612F0B1FB7CE7284612F09E
:1007800091FB63E71AF0020F87D0600546F002067E
:1007900004F4006285D41AB18AE712F059FB27E706
:1007A00004225A60A1E74FF4006622E7380525D5F8
:1007B00046F480462BE738031CD546F4803634E7F0
:1007C000284612F051FB22E7284612F059FB2CE78D
:1007D000BAF1500F24D0BAF1600F13D19A690421F5
:1007E00022F070029A6146F4807659607DE712F03B
:1007F00053FBFDE6284612F053FB16E7284612F09D
:100800004DFB04E79A6922F070029A6179E79A69D0
:10081000042122F070029A6146F04006596064E7B4
:100820009A69042122F070029A6146F080065960AC
:100830005BE79A69042122F070029A6146F0200673
:10084000596052E79A69042122F070029A6146F0D9
:100850001006596049E700BF406A704790F82020B1
:10086000012A034609D090F82020022A05D0426AC6
:1008700042F4802201205A6270470020586270477B
:100880000749CA6803024FF6FF0003F4E063024021
:10089000134343F0BF6343F40033CB60704700BFA2
:1008A00000ED00E01B4BDB68C3F3022300B5C3F18E
:1008B000070EBEF1040F03F1040C28BF4FF0040E25
:1008C000BCF1060F1CD9A3F1030C4FF0FF3303FA60
:1008D0000CF322EA03024FF0FF3303FA0EF321EA8E
:1008E000030303FA0CF313431B010028DBB20ADBFA
:1008F00000F1604000F5614080F800335DF804FBD2
:1009000000229446E7E7044A00F00F000244137601
:100910005DF804FB00ED00E0FCEC00E0002807DBE4
:100920004109044A00F01F000123834042F82130AE
:10093000704700BF00E100E000280CDB43090649D6
:1009400000F01F0020330122824041F82320BFF332
:100950004F8FBFF36F8F704700E100E00138B0F1B7
:10096000807F01D30120704710B44FF0E023074C83
:1009700058614FF0F00C84F823C000220721104684
:100980009A615DF8044B1961704700BF00ED00E00B
:100990004FF0E022042813690CBF43F0040323F056
:1009A00004031361704700BF38B50446FFF764F8CD
:1009B000002C6BD023680222002184F8341084F8C4
:1009C00035201A6822F0010205461A6005E0FFF79B
:1009D00053F8431B052B37D823681A68D107F6D480
:1009E000D4E90120E16802430A43D4E90451A06933
:1009F0002A430A43E1691D6802430A4331492940F9
:100A0000256A2A430A43616A042924D01A605A6974
:100A100022F007021143D8B22B4A59611038A2FBC9
:100A20000052120929496FF30903895CE1655F28C7
:100A300088BF04333F228A40A36500209A600123C7
:100A4000606584F8353038BD03232022626584F860
:100A50003530184638BDD4E90B512943114319608C
:100A60005969A26A21F00701114341F00401002DE8
:100A7000D1D068B9012A21D032F00202CBD1EA01EB
:100A8000C9D540220123626584F83530012038BD84
:100A9000B0F5005F04D0022AF3D9032AEFD0BAE7F9
:100AA000032AB8D801A050F822F000BF830A010839
:100AB0007F0A0108830A0108BD0A0108B5F1C07F59
:100AC000A9D1DEE73F8010F0ABAAAAAA18BA0308A2
:100AD00000282FD090F83530022B0246D8B228D00B
:100AE00013681549D8B2103830B4A1FB0041090988
:100AF0001C68124D24F001046D5C1C60002119601B
:100B000059609960D9601961212159615F286FF39B
:100B1000090388BF04333F200021A840D5659365B1
:100B20009860516582F8341082F83510084630BC60
:100B30007047704701207047ABAAAAAA18BA0308E9
:100B400070B490F83440856D012C0AD090F835408F
:100B50004FF0010C644580F834C005D0002380F8C4
:100B60003430022070BC7047022680F8356004687B
:100B700000264665266826F4802626606360836822
:100B8000402B0EBFA260A160E260C26D08BFE160B1
:100B90003F239340AB602368026C43F0160323604D
:100BA000636943F0800363611AB1236843F008036B
:100BB0002360236843F001030020236070BC70476A
:100BC00070B50446866DFEF757FF94F83530022B5A
:100BD00006D00023802284F834306265012070BD85
:100BE00023681A6822F016021A605A6922F08002FD
:100BF0005A61226C054632B31A6822F008021A6064
:100C00001A6822F001021A6005E0FEF735FF431B67
:100C1000052B0FD823681B6813F00103F5D1E16D94
:100C20003F228A400121B26084F8343084F83510C4
:100C3000184670BD032020220023626584F83430FA
:100C400084F8350070BDA26C002AD5D1D8E700BF6A
:100C500090F83530022B03D0802343650120704784
:100C60000268052380F83530136823F00103002063
:100C700013607047F0B583B0674A876D166800232C
:100C80000193C36D3D6808229A402A42044603D06E
:100C900001680868400778D401229A402A4203D0AC
:100CA0002168496908066AD404229A402A4203D07E
:100CB0002168096889075CD410229A402A4203D02F
:100CC00021680868000741D420229A402A4214D0A3
:100CD00021680868C00610D5BA6094F83520052A46
:100CE00063D00B6813F4802F0B687ED0190340F19A
:100CF0008980E36B0BB120469847636D23B3636D26
:100D0000DA071AD522684549052384F83530136877
:100D1000A1FB061623F00103B60A136002E0136874
:100D2000DB0704D5019B0133B3420193F7D90022BD
:100D3000012384F8342084F83530E36C23B1204655
:100D400003B0BDE8F040184703B0F0BDBA600A68D0
:100D500012F4802F0A6822D1D20503D40A6822F047
:100D600008020A60226C002AAED020469047E36D4C
:100D7000AAE7BA60626D42F0040262659CE7BA605D
:100D8000626D42F0020262658EE7086820F004009E
:100D90000860BA60626D42F0010262657CE711038F
:100DA000E0D5A26C002AE0D18EE70A6822F0160294
:100DB0000A604A6922F080024A61226C3AB30A68EA
:100DC00022F008020A603F2202FA03F3216DBB60A1
:100DD0000022012384F8342084F835300029B3D070
:100DE000204603B0BDE8F040084713F4807380D17B
:100DF0000A6822F010020A60012284F8343084F874
:100E0000352076E7636C002B7FF475AF75E7A26C35
:100E1000002AD4D1D7E700BFA80B0020B5814E1B14
:100E20001B4BDA68D10605D51A49CA69102002435E
:100E3000CA61D860164BDA68920606D51549CA69A8
:100E4000202042F00802CA61D860114BDA685006CF
:100E500006D51049CA69402042F00402CA61D86030
:100E60000B4BDA68110606D50A49CA69802042F0A0
:100E70000202CA61D860064BDA68920706D50549B6
:100E8000CA69022042F02002CA61D860704700BFE0
:100E9000003C0240D0A10020064B1A69002A01DB69
:100EA000002070470449054A59605A601869C00F0C
:100EB000704700BF003C024023016745AB89EFCD7E
:100EC000034A136943F0004300201361704700BFD9
:100ED000003C0240014BD869704700BFD0A1002000
:100EE000144B70B500220446DA61FEF7C5FD124EC0
:100EF0000546F368D90305D5631C0FD10E4AD368A4
:100F0000D803FCD40C4BDA68D20744BF0122DA6064
:100F1000094BD86810F0F20008D170BD24B1FEF77B
:100F2000ABFD401BA042E4D9032070BDFFF778FF62
:100F3000012070BDD0A10020003C02402DE9F0410D
:100F40002F4D95F818C0BCF1010F30D080461C46DB
:100F50004CF2503001230E4617462B76FFF7C0FFA8
:100F600018B100232B76BDE8F081264BB8F1000FB5
:100F700020D0B8F1010F33D01A6922F440721A61FF
:100F8000B8F1020F1A6922D042F440721A611A694C
:100F900042F001021A61376074604CF25030FFF782
:100FA0009FFF184A136923F001031361D9E7022058
:100FB000BDE8F081196921F440711961196919615D
:100FC0001969FAB241F0010119613270E5E742F4A2
:100FD00000721A611A6942F001021A613760DCE797
:100FE000196921F440711961196941F4807119611D
:100FF0001969BAB241F0010119613280CDE700BF31
:10100000D0A10020003C02400D4B1A6922F440722E
:101010001A611A69022994BF09024FF440710A4308
:101020001A611A6922F0F8021A611A6942EAC000CC
:1010300040F0020018611A6942F480321A61704768
:10104000003C0240144B1A6891050FD51A6822F42F
:1010500000721A601A6842F400621A601A6822F478
:1010600000621A601A6842F400721A600A4B1A6829
:1010700052050FD51A6822F480621A601A6842F489
:1010800080521A601A6822F480521A601A6842F478
:1010900080621A60704700BF003C02402DE9F843AF
:1010A0002D4F3B7E012B38D0012304464CF25030AB
:1010B00088463B76FFF714FF064648BB4FF0FF33E8
:1010C000C8F800302368012B2BD0D4E902532B44FD
:1010D000AB421BD9DFF8849005E0D4E90223013547
:1010E0001344AB4212D9217C2846FFF78DFF4CF206
:1010F0005030FFF7F5FED9F8103023F0FA03C9F8A5
:1011000010300028E9D0C8F800500646FFF79AFFD3
:1011100000233B763046BDE8F88302263046BDE822
:10112000F8830E4D23692A6922F440722A612A69E4
:1011300042F004022A612A691B029BB2134343F462
:1011400080332B614CF25030FFF7CAFE2B6923F03D
:10115000040306462B61D9E7D0A10020003C0240E1
:101160002DE9F04F00230C68DFF820B285B08A46E5
:1011700003E00133102B00F0A280012202FA03F1F8
:1011800031EA040201EA0407F3D1DAF80420DAF8BC
:1011900008505E0005FA06FC22F010080325B54051
:1011A00002F0030EB8F1020F6FEA05050EFA06FE13
:1011B00000F08880D0F8009008F1FF3809EA0509AE
:1011C00049EA0E0EB8F1010FC0F800E040F29A8033
:1011D000C168294041EA0C01C160D100C9D5684D00
:1011E00000210391696C41F480416964696C01F4E8
:1011F00080410391039923F0030101F1804101F53E
:101200009C3103F003068D68B6004FF00F0C0CFA0A
:1012100006FC25EA0C0E5B4DA84228D005F580653A
:10122000A84200F08580584DA84200F08780DFF882
:1012300060C1604500F08980DFF858C1604500F06A
:101240008A80DFF854C1604500F08C80DFF84CC123
:10125000604500F08E80DFF848C160450CBF4FF05C
:10126000070C4FF0080C0CFA06F64EEA060EC1F811
:1012700008E0DBF80010FD43D60354BF2940394392
:10128000CBF80010DBF80410960354BF2940394313
:10129000CBF80410DBF80810D60254BF29403943BC
:1012A000CBF80810DBF80C10920203F1010354BFD5
:1012B00029403943102BCBF80C107FF45EAF05B0FA
:1012C000BDE8F08F4FEAD30900EB890903F0070866
:1012D000D9F820700097DAF810704FEA880807FAFA
:1012E00008F701970F2707FA08F8009F27EA080870
:1012F000019F47EA0807C9F8207007682F4047EAAE
:101300000E070760876807EA050EDAF80C70B74029
:1013100047EA0E078760466812099A4026EA0101EB
:101320000A434260C2682A4042EA0C02C26020E7D7
:10133000012505FA06F64EEA060E98E74FF0020C74
:101340000CFA06F64EEA060E91E7032505FA06F6B4
:101350004EEA060E8BE74FF0040C0CFA06F64EEA46
:10136000060E84E74FF0050C0CFA06F64EEA060E60
:101370007DE74FF0060C0CFA06F64EEA060E76E70D
:10138000003802400000024000080240003C0140DA
:10139000000C0240001002400014024000180240FD
:1013A000001C02402DE9F04F0023DFF84CA14D4E08
:1013B00083B001254FF003094FF00F0802E001331D
:1013C000102B6DD005FA03F232EA0104F7D104685C
:1013D0005F0009FA07F74FEAD30C24EA070400EB91
:1013E0008C0C046003F00704DCF820E0A40008FA89
:1013F00004F42EEA0404CCF82040846824EA0704AC
:101400008460446824EA02044460C46824EA07044F
:1014100023F0030707F1804707F59C37C46003F00A
:101420000304D7F808C0A400D24308FA04FE5045CC
:1014300001920EEA0C0C36D02B4A904237D02B4A40
:10144000904237D02A4A904239D02A4A904239D025
:10145000DFF8A8B058453AD0DFF8A4B058453BD0E3
:10146000DFF8A0B058450CBF4FF0070B4FF0080B4A
:101470000BFA04F4A445A2D1BC68019A24EA0E0434
:10148000BC60346814403460746814407460B4689C
:101490001440B460F46801332240102BF26091D103
:1014A00003B0BDE8F08F0024A44588D1E4E705FA35
:1014B00004F4F9E74FF0020B0BFA04F4F4E709FA2D
:1014C00004F4F1E74FF0040B0BFA04F4ECE74FF0EF
:1014D000050B0BFA04F4E7E74FF0060B0BFA04F4E4
:1014E000E2E700BF003C0140000402400008024067
:1014F000000C0240001002400000024000140240B4
:1015000000180240001C024002B9090481617047C2
:1015100000286AD038B590F83D30044603F0FF0249
:10152000002B4DD02268324D242384F83D301368BF
:1015300023F00103136001F029FD2E4B2268A3FB69
:10154000001361689B0CA942536024D84900B0FB8A
:10155000F1F040F6FC7101330842136208BF042029
:10156000D4E90731D0610B43D4E90301136001438F
:10157000D4E9053003439160D3601168002341F042
:10158000010120201160236484F83D00236384F866
:101590003E30184638BD184D4FF4967C0CFB03F3D3
:1015A000A5FB03539B0901331362A3686BB901EBDD
:1015B0004101B0FBF1F0C0F30B039BB90120CFE771
:1015C00080F83C20FEF7C2F9ACE701EB810101EBAA
:1015D0008101B0FBF1F0C0F30B03002BEED040F41F
:1015E0004040BDE740F40040BAE70120704700BF2B
:1015F000A086010083DE1B43D34D6210704700BFFD
:10160000704700BF704700BF704700BF704700BF02
:10161000704700BF704700BF704700BF704700BFF2
:10162000704700BF10B590F83D200368293A012AA1
:10163000044656D990F83D20602A05D05A68120514
:101640005CBF202280F83D200022226384F83E20E7
:101650001A6822F400621A605A6812F400621DD0FF
:101660005A68606B22F400625A6090F83530012BA2
:1016700056D0394B0365FFF7EBFA50B12268606B27
:101680001368202123F00103136084F83D10036DDB
:10169000984794F83D30282B13D010BD94F83D1096
:1016A000602924D05A69520604D5626A1B69511C0C
:1016B000616213702046FFF7B1FF94F83D30282B8C
:1016C000EBD1236C5B07E8D500232449E16220229B
:1016D0002363204684F83D2084F83E30FFF798FFCE
:1016E00010BD00212822016380F83D20B0E72021B1
:1016F00084F83D1022645A69510605D5626A1B6957
:10170000511C6162137023681A6822F001021A608A
:101710002046FFF785FF94F83D30282BBDD1D0E758
:10172000A06B0D4B0365FFF793FA0028B1D0236837
:101730005A69500605D5626A1B69511C61621370B3
:1017400023681A68A06B22F0010220211A6084F835
:101750003D10036D98479CE7392001080000FFFF0A
:1017600070B5036855495C695A680C4282B04CD028
:10177000D60504F4813504D4036C002B40D102B0AB
:1017800070BD016C41F0010101646FF48071596119
:10179000002D43D0016C41F00201016414F4823F3A
:1017A0006FF4007159611CD090F83E50428D90F852
:1017B0003D10066B202D92B2C9B233D0026C42F0BC
:1017C0000402026490F83E20102A57D06FF4806221
:1017D0005A6114F4843FCFD0036807E014F4823FC9
:1017E00019D114F4843FC7D0D205C5D5026C6FF46B
:1017F000006142F0080202645961036C002BBED004
:1018000002B0BDE87040FFF70DBF14F4813FE5D092
:10181000D505BFD4B0E7D105C6D4ADE714F4823FF7
:10182000C2D1DEE7002AC9D101F0F702212A03D094
:101830002829C3D1212EC1D190F83D20C16A0429A5
:10184000D2B220D008291ED0212ABFD11C49C162A2
:1018500002632021002280F83D1080F83E205A6863
:1018600001906FF4806122F4E0625A6059611A6855
:101870000A401A60FFF7C6FE0198AAE71A6842F408
:1018800000721A60A2E7282ADED10D4AC2625A68A5
:1018900001906FF4806122F4E0625A6059611A6825
:1018A00022F480621A6000212023016380F83D3019
:1018B00080F83E10FFF7ACFE01988AE700010100B6
:1018C0000000FFFFF0B503689E695A695C6890F8F4
:1018D0003E1010298DB03DD0CDB2402D3AD0904968
:1018E0001140002900F0BA80A70500F171818D49EF
:1018F0008D4D31401540002900F020818B49114069
:10190000002900F08781660540F18481002D40F0B8
:10191000848190F83D10428D92B2C9B2C2B1426A40
:10192000541C446212781A61428D013A92B2428587
:10193000428D92B262B929290AD15A68212422F42F
:10194000806228215A60046380F83D10FFF75AFE38
:101950000DB0F0BD12F0011F35D0A50500F12381B7
:10196000704D714935401140002D4ED06F4D1540DE
:10197000002D46D0670544D5002900F06081A605FA
:10198000E6D5C16A90F83D20212AE1D1428D92B27C
:10199000002A40F04A81042900F0F781082900F06C
:1019A000F48111F5803F00F0F081596821F4E06185
:1019B000596011242023046380F83E2080F83D30D4
:1019C000FFF71CFEC4E75A491140002940F0E480AB
:1019D000534D1540002DC3D0A705C1D590F83E50FA
:1019E000C76AD0F830E090F83DC0BCF1220FEDB2EC
:1019F00000F072810A9159690A9199690A910A99CC
:101A0000AEE70029BBD10DB0F0BD4A4D15400DB376
:101A100065051FD5002900F03081A20598D5C56A5B
:101A2000428D416A92B2042A01F1010400F09B81C7
:101A3000428D92B2032A00F09F81428D92B2022A17
:101A400000F0DB811B6944620B70438D013B9BB24C
:101A500043857DE70029E0D10DB0F0BD364D15403E
:101A6000002D3FF444AFA5057FF541AF90F83D4010
:101A70005A6822F4E0625A600B915A690B921A6814
:101A800042F001021A600B9A1A6822F480621A600E
:101A90005A681105E4B20ED590F83D20222A00F0D4
:101AA000568190F83D202A2A00F05181426B12683D
:101AB000526892B24285428D92B2C2B15A695207BF
:101AC00009D5426A1B69511C41621370428D03683B
:101AD000013A92B242855A69570608D5426A1B6993
:101AE000511C41621370438D013B9BB24385036CD3
:101AF000002B40F0EC80A4F12802022A40F2108171
:101B0000036B222B02D0222C7FF422AF0023202251
:101B1000036380F83D2080F83E30FFF775FD17E73E
:101B20000200010004001000040001008000010018
:101B30000800010040000100100001009E49114012
:101B4000002952D0610550D5002D51D190F83D109B
:101B5000428D92B2C9B2002A3FF4FAAE426A1B69C2
:101B6000541C44621370438D013B9BB24385438DEB
:101B70009BB2002B7FF4ECAE2A297FF4E9AE026819
:101B800053682224282123F480635360046380F87F
:101B90003D10FFF739FDDBE6A1057FF5E1AE416CB5
:101BA000C9B21961DCE690F83E10402900F0B1801E
:101BB0000169B1F5804F7ED0016D002940F0BB80F6
:101BC000416CC91101F0060141F0F0011961C7E64D
:101BD00099699B6981F004011E0654BF8289028BBA
:101BE000C1F38001FFF712FDB2E6002D3FF4B0AE65
:101BF000A2057FF5ADAE428D92B2002A3FF4A8AEA9
:101C0000426A1B69511C41621370438D013B9BB2B8
:101C100043859DE6002D3FF49BAEA4057FF598AE6D
:101C2000428D92B2002A3FF493AE426A511C416247
:101C300012781A61438D013B9BB2438588E690F888
:101C40003D20048D90F83E10C56AD2B2C9B2002C76
:101C500040F08E80212A00F0FC8040297FF478AE8D
:101C6000222A7FF475AE428D92B2002A40F02E8176
:101C70005A6822F480625A606AE690F83D20222A6F
:101C80007FF466AE428D92B2032A40F2F780426A38
:101C90001B69511C41621370438D013B9BB243850C
:101CA000438D9BB2032B7FF453AE0268536823F439
:101CB000806353604CE690F83D102129416C16BFBB
:101CC00041F0010101F0FE01C9B2196148E60DB011
:101CD000BDE8F040FFF7A6BC016D11B9402D00F042
:101CE000EE80056D25B90169B1F5404F00F0028124
:101CF000418D89B2002963D1039159690391996992
:101D000003910399196841F400711960002101657C
:101D100026E6016D09BB416C01F0FE0119611FE669
:101D20002649C1622022036380F83D2080F83E30BE
:101D3000FFF76EFC0CE6016D01297FF411AE416CDA
:101D4000C91101F0060141F0F101196108E6826B49
:101D50001268526892B24285ADE6416C41F00101D1
:101D6000C9B21961FCE55A6822F480625A6069E6DA
:101D7000212A7FF472AF76E75A6822F480625A60B3
:101D80001A6822F480621A605CE65A6822F4E06203
:101D90005A601A680021202442F400721A6001631C
:101DA00080F83D4090F83E3080F83E10402B7FF4A4
:101DB00007AEFFF72FFCCBE5400001000000FFFF5E
:101DC000418D89B2012900F0AB80418D89B2022991
:101DD00000F0C180196841F48061196059680905F3
:101DE00003D5596841F4805159600021099159691E
:101DF000099199690991099988E7013D012D1A68AE
:101E000040F2868042F400721A601B6944620B70D3
:101E1000438D426A0168013B9BB243850B69511CAB
:101E200041621370438D0168013B9BB243854B684F
:101E3000002223F4407320244B6080F83D4002636D
:101E400090F83E3080F83E20402B35D0FFF7D8FB8D
:101E50007EE5042D99D0082D97D015F5803F94D0BC
:101E60005A6822F4E0625A6011212023016380F84D
:101E70003E4080F83D30FFF7C1FB69E5012A3FF69F
:101E800067AD1A68446A22F480621A605A6822F4C4
:101E9000E0625A601B69621C42622370438D013B01
:101EA0009BB22022438580F83D20016390F83E30AC
:101EB00080F83E10402BC9D1FFF7AEFB48E50191F9
:101EC0005969019199690191019949E590F83E207C
:101ED000402A7FF4AAAE026D002A7ED1C26C012A8C
:101EE000826C00F09680C2F307221A61036D013301
:101EF00003652DE50295596902919969029102994C
:101F0000196841F480711960016D0131016527E59F
:101F100022F480621A601A6842F480721A6074E7D0
:101F200017F5803F41D0042F2FD0082F2DD0BEF1C0
:101F3000120F2AD0C16A0229196814BF21F48061E6
:101F400041F48061196000210691596906919969EF
:101F500006910699DAE6C16A0229196839D021F496
:101F600080611960196841F40061196059680D05B4
:101F700003D5596841F4805159600021089159698D
:101F80000891996908910899C0E6196821F480615F
:101F9000196000210791596907919969079107997B
:101FA000196841F400711960B0E6196821F4806184
:101FB0001960596811F4006120D0196821F480611A
:101FC0001960002104915969049199690491049957
:101FD0009CE641F480611960C8E7026D012A1ED0B9
:101FE000026D022A7FF4B4AC90F83D20222A1DD065
:101FF00090F83D20212A7FF4ABAC16E60591596993
:102000000591996905910599196841F40071196064
:102010007CE6D2B21A61036D0233036598E4826CE8
:10202000D2B21A61036D0133036591E41A6842F478
:1020300080721A608CE400BF806B0268116810B572
:1020400021F48061446B1160816B0023438523651B
:102050000B6590F83D1060294FF0200180F83D108D
:1020600080F83E3006D0136823F001031360FFF7B9
:10207000D5FA10BD0364136823F001031360FFF762
:10208000CFFA10BD002868D0F0B5032305468BB009
:1020900080F8B9332C46FCF783FC286802F086FCF4
:1020A00054F810EBA446BCE80F006F460FC7BCE81D
:1020B0000F000FC79CE8030087E803002E1D96E879
:1020C0000E00704602F014FC0021286802F076FC35
:1020D00000212B462A460127084682F83810D1876E
:1020E00001310F29C2E9100082F8397082F83B00F3
:1020F000D06402F11C02F0D100222F68114602F1D7
:10210000400083F8F821DA8707EB800001320F2ABC
:10211000C3E9801183F8F91183F8FB11C3F80C129D
:10212000416003F11C03EAD10FCCEC46ACE80F0090
:102130000FCCACE80F0094E803008CE803003846AD
:1021400096E80E0002F054FC0123286885F8B933A4
:1021500002F0CAFF00200BB0F0BD0120704700BFA5
:1021600090F8B833012B0FD010B504460123006856
:1021700084F8B83302F0AAFF206802F00FFC0023B5
:1021800084F8B833184610BD022070472DE9F04F8F
:10219000036887B004461846029302F0DFFF10B1CF
:1021A00007B0BDE8F08F0546206802F0ABFF0028BD
:1021B000F6D0206802F0A6FF10F0020F20681EBFC4
:1021C000436903F00203436102F09CFF010300F145
:1021D0006C8120684FF0000B02F094FF10F4802F08
:1021E000206840F0C08002F08DFF0028C0F22682F7
:1021F000206802F087FF01054CD4206802F082FFBE
:10220000C30471D4206802F07DFF10F4005F2068E1
:102210004CD102F077FF10F0100F206815D08369C1
:1022200023F010038361029B1D6A05F4F013B3F5DC
:10223000802F05F00F0600F01282B3F5402F00F05A
:10224000C681836943F01003836102F05BFF0707D7
:1022500000F19781206802F055FFC60200F18681E7
:10226000206802F04FFF850200F17581206802F0BE
:1022700049FF400000F16681206802F043FF4107FA
:102280008ED523685D686A0700F10A825A682A437E
:102290005A6085E7029BD3F80838DA0700F1FC8121
:1022A0002068436903F400634361A7E702F05AFF23
:1022B0002068C36823F47053C36002F06DFC0028EB
:1022C00040F073812268E0604FF400736361D3686B
:1022D00043F41053D3602046FCF7E4FB20684369C5
:1022E00003F40053436194E7029B206803F5006602
:1022F0001021736823F00103736002F03BFC6168F6
:1023000059B1029BFF2203F5106301358D429A609B
:10231000C3F8082203F12003F7D14FF0FF33B36174
:10232000F36943F00113F361236B002B40F032811A
:10233000736943F00B037361336943F00B0333613B
:10234000029A217CD2F80038206823F4FE63C2F898
:10235000003804F56F7202F01FFF2068436903F430
:10236000805343614FE702F0D9FE83462068BBF1FA
:10237000000F3FF438AF029BCDE903B5264603F5C5
:1023800010694FF0000AD84609E05FEA58080AF1E0
:10239000010A06F11C0609F1200900F0428118F03B
:1023A000010FF2D05FFA8AF7394602F0C9FEC3077F
:1023B000054640F12C8102980122D0F8343802FA07
:1023C0000AF123EA0103C0F834382369C9F8082068
:1023D000934203D1D6E9102313447364394620464F
:1023E000FCF752FB2169D4F800B0012900F002810A
:1023F000280744BF0823C9F80830E90644BF102362
:10240000C9F808306A0644BF4023C9F80830AB0752
:1024100044BF0223C9F808302D065846B5D50BF540
:10242000106C0CEB4A1CD6E91323DCF81850316C05
:102430001FFA85FED51A8D4228BF0D46E91CBEEB5A
:10244000910F25D9CDF814A0E2461AE0336C716CD7
:102450009A4228BF1A46237C0093154693B25846E9
:102460003A4602F0C9FD736CDAF818202B44736405
:10247000336D92B2E91C2B44B2EB910F336504D952
:10248000F26C9342A2EB0302E0D3DDF814A02068C3
:10249000002D7FF47AAFDBF83438012202FA0AF219
:1024A00023EA0203CBF834386FE7206802F02EFEEF
:1024B000034600283FF48DAE029A2068CDE903352B
:1024C00002F53067A1464FF000081E464FF0010AA2
:1024D00008E0760808F1010807F1200709F11C0956
:1024E00000F09880F207F4D55FFA88F5294602F0EB
:1024F0001DFE10F0010F834619D02269C7F808A00D
:10250000012A0CD13A69D9F80002C2F31202821AE8
:10251000C9F81022D9F804220244C9F80422294635
:102520002046FCF7A7FA2169012900F0BE801BF0C4
:10253000080F7DD11BF0100F18BF1023206818BFA3
:10254000BB60C6E72046FCF7E1FA2068436903F068
:102550008043436191E620465FFA8BF1FCF7CEFAA7
:102560002068436903F40013436180E620465FFA64
:102570008BF1FCF7C7FA2068436903F480134361C9
:102580006FE62046FCF78AFA2068436903F00803E7
:10259000436160E6D6F8843043F00B03C6F884301C
:1025A000736C43F00B037364CAE603224023E260BA
:1025B000636100F0E5FC714B714A0344934200F201
:1025C00083802268D36843F47053D36083E6082283
:1025D00004F56F710298C6EBC60602F023FD04EB0A
:1025E0008602C5F30A13D2F8101220680B44C2F811
:1025F000103226E6BAF1000F7FF4FAAEE36C002B3E
:102600007FF4F6AE584604F56F7202F0C5FDD4F8BB
:1026100000B0EDE6DDE90335B3FA83F3C3F1200B37
:10262000DAE5DDE903B5BBFA8BF3C3F1200BDAE59C
:102630002046FCF7EDF90822BA607BE7029B03F520
:102640000062D3F8043823F0010353602046FCF7FE
:1026500051FA2068436903F000434361C9E547F636
:10266000F0731D423FF4EDADC6EBC60604EB8606E3
:10267000C5F30A120298D6F80412154602F0D2FCED
:10268000D6F8042220682A44C6F80422D6F810227C
:102690002A44C6F81022D4E52046FCF713FAFFE5D9
:1026A0002046FCF737FA2368F0E5B8F1000F7FF415
:1026B0003EAFD4F80C22002A7FF439AF206804F52D
:1026C0006F7202F069FD32E72E4A2F4923680244F7
:1026D0008A4204D8DA6842F46052DA60FBE52B499A
:1026E000A0F57402A2F510528A4204D8DA6842F4C6
:1026F0005052DA60EFE52649A0F18372A2F5E74275
:102700008A4204D2DA6842F44052DA60E3E5214AB0
:10271000214902448A4204D8DA6842F43052DA602D
:10272000D9E51E4A1E4902448A4204D2DA6842F4BC
:102730002052DA60CFE51B4A1B4902448A4204D288
:10274000DA6842F41052DA60C5E51849A0F1B772B0
:10275000A2F558528A4204D2DA6842F40052DA6092
:10276000B9E5134A134902448A42DA6834BF42F495
:10277000E05242F4C052DA60ADE500BF405327FF9B
:10278000FF340C00401E1BFF3F420F007F4F120022
:1027900020D6130060B6E5FE5FE3160000D3CEFE40
:1027A00040771B00C05BB3FEC0912100207538004C
:1027B000E05459FEE09C410090F8B833012B0CD056
:1027C00010B504460123006884F8B83302F06EFCAB
:1027D000002384F8B833184610BD0220704700BFAC
:1027E0008C46090610B5044624D41C2101FB0C01BB
:1027F000CCEBCC0004EB800001F5FC71C0F80022AA
:10280000002280F8F8C180F8FB3180F8F921022B12
:1028100004BF00230B7194F8B833012B1FD00123A0
:1028200084F8B833206802F0D5F9002384F8B8336F
:10283000184610BD0CF07F0C1C2101FB0C01CCEBE9
:10284000CC0004EB800038310264012280F838C0EB
:1028500080F83B30A0F83EC080F83920D7E702204E
:1028600010BD00BF4BB2002B10B501F07F02044633
:1028700018DB1C2000FB0141DB0F81F8F82181F8F7
:10288000F93194F8B833012B01F5FC7118D001230C
:1028900084F8B833206802F0E1F9002384F8B833F3
:1028A000184610BD1C2101FB0201DB0F81F8382006
:1028B00081F8393094F8B833012B01F13801E6D1B1
:1028C000022010BD10B501F07F04C4EBC40C00EB76
:1028D0008C0C1C21CCF80C320023CCF804228CF890
:1028E000F841CCF810328CF8F931036901FB04018E
:1028F000012B08BFCCF80822006801F5FC71DAB2A0
:102900001CB902F0F9FA002010BD02F003FA002011
:1029100010BD00BF01F00F01C1EBC10100EB810050
:10292000B0F81002704700BF10B501F07F04C4EB8F
:10293000C40C00EB8C0C1C21CCF84C300023CCF8E0
:1029400050300123CCF844208CF838408CF83930D2
:10295000036901FB0401012B08BFCCF84820006883
:102960003831DAB21CB902F0C7FA002010BD02F00B
:10297000D1F9002010BD00BF38B54BB2002B044682
:1029800001F07F0517DB1C2202FB010101F5FC7140
:102990000122DB0F8A700D704B7094F8B8339342AC
:1029A00015D0206884F8B82302F04CFB45B1002014
:1029B00084F8B80338BD1C2101FB05013831E7E775
:1029C000217C206804F56F7202F0E6FBEFE702203D
:1029D00038BD00BF38B54BB2002B044601F07F0272
:1029E00017DB1C2000FB014101F5FC71DB0F00250A
:1029F0008D700A704B7094F8B833012B0ED0012300
:102A0000206884F8B83302F039FB84F8B8532846BC
:102A100038BD1C2101FB02013831E7E7022038BD37
:102A200010B404681204636A29B91A43A262002030
:102A30005DF8044B7047A06A013903EB104C0AD0D3
:102A4000002303F1400004EB800001334068994209
:102A50000CEB104CF5D1403104EB810442EA0C023E
:102A6000626000205DF8044B704700BF03680020DF
:102A700059627047002800F068812DE9F041036831
:102A8000DD0782B004462FD59E498A6802F00C0209
:102A9000042A00F0ED808A6802F00C02082A00F097
:102AA000E3806368B3F5803F00F0EC80B3F5A02FBE
:102AB00000F04D81934D2A6822F480322A602A6802
:102AC00022F480222A60002B40F0E180FCF7D4FF42
:102AD000064605E0FCF7D0FF801B642800F2018168
:102AE0002B689B03F6D423689F0728D5854A9168F5
:102AF00011F00C0F00F09A80916801F00C01082988
:102B000000F09080E368002B00F00E817E4B7D4E3C
:102B100001221A60FCF7B0FF054605E0FCF7ACFFA8
:102B2000401B022800F2DD8033689807F6D5336831
:102B3000226923F0F80343EAC203336023681A07CB
:102B40005BD458073AD56F4A136C13F0805340F0AA
:102B500089800193136C43F080531364136C03F06A
:102B600080530193019B0125684E3368D90540F1DC
:102B7000A880A368012B00F0B880052B00F023810A
:102B8000604E326F22F001023267326F22F004028F
:102B90003267002B40F0AE80FCF76EFF41F28838C0
:102BA000074605E0FCF768FFC01B404500F299802E
:102BB000336F9807F6D4002D40F0D380A369C3B1DA
:102BC000504DAA6802F00C02082A36D0022B4E4B58
:102BD0004FF000021A6600F0CA80FCF74DFF044671
:102BE00004E0FCF749FF001B02287AD82B689B0100
:102BF000F7D4002002B0BDE8F08163690BB3424B0B
:102C0000404E0122C3F8802EFCF736FF054604E053
:102C1000FCF732FF401B022863D8736F9B07F7D580
:102C200023688EE7526856023FF56CAF354A12684A
:102C300095073AD5E268012A37D0012002B0BDE8F5
:102C4000F081314A2F4EC2F8803EFCF715FF054651
:102C500004E0FCF711FF401B022842D8736F9F0766
:102C6000F7D4DDE700257FE74A6850027FF519AF0A
:102C7000244A126891037FF537AF6268002A7FF417
:102C800033AFDAE71F4A136843F480331360FCF76D
:102C9000F3FE1C4E054604E0FCF7EEFE401B6428E4
:102CA0001FD833689A03F7D51DE7164920690A68CB
:102CB00022F0F80242EAC0020A601A077FF541AF2B
:102CC0009BE7336843F480733360FCF7D5FE074617
:102CD0003368DA053FF54DAFFCF7CEFEC01B022886
:102CE000F6D9032002B0BDE8F081064A136F43F025
:102CF00001031367FCF7C0FE024F064641F2883815
:102D00000BE000BF00380240000047420070004066
:102D1000FCF7B2FE801B4045E3D83B6F9B07F7D51D
:102D2000002D3FF44BAF1CE02C4A2D4E1360FCF7F6
:102D3000A3FE054604E0FCF79FFE401B0228D0D806
:102D400033689907F7D42368F9E601207047244BCC
:102D50001A6842F480221A601A6842F480321A60BB
:102D600095E71F4A136C23F08053136426E7FCF7A2
:102D700083FE064604E0FCF77FFE801B0228B0D8E5
:102D80002B689901F7D4D4E90731626A0B4343EA0F
:102D90008213D4E90A205208104943EA0063013A39
:102DA00043EA024301226B600A66FCF765FE0C4DA4
:102DB000044604E0FCF760FE001B022891D82B6853
:102DC0009A01F7D515E7064B1A6F42F004021A670D
:102DD0001A6F42F001021A678CE700BF00004742F9
:102DE00000380240164908B58B6803F00C03042B29
:102DF0001BD0082B01D0134808BD4A684B684968AE
:102E000013F4800302F03F0211D10E48C1F3881180
:102E1000A1FB0001F8F7B8FC094B5B68C3F3014361
:102E200001335B00B0FBF3F008BD074808BD06485E
:102E3000C1F388110023A1FB0001F8F7A5FCEBE723
:102E4000003802400024F40000127A00002800F04C
:102E50008680474A136803F00F038B422DE9F04147
:102E60000D46044609D2CBB21370136803F00F036A
:102E70008B4202D00120BDE8F0812368980714D569
:102E8000590704D53B498A6842F4E0528A601A0720
:102E900004D538498A6842F460428A603549A0689E
:102EA0008A6822F0F00202438A60DF0721D5626857
:102EB000012A56D0931E012B2E4B1B684CD9990723
:102EC000D8D52C4EB36823F003031343B360FCF74B
:102ED000D3FD41F28838074604E0FCF7CDFDC01B66
:102EE000404543D8B368626803F00C03B3EB820F2C
:102EF000F3D11F4A136803F00F03AB4206D9EBB2BC
:102F00001370136803F00F03AB42B3D123685A0761
:102F100006D51849E0688A6822F4E05202438A60C4
:102F20001B0707D5134A2169936823F4604343EADA
:102F3000C1039360FFF756FF0E4A0F4C92680F498A
:102F4000C2F303120346A25C0620D3400B60FBF7DA
:102F5000A9F80020BDE8F0819801B2D48AE70120E9
:102F60007047044B1B689E03ABD483E7032082E7C2
:102F7000003C02400038024008BA0308A80B0020B9
:102F8000014B1868704700BFA80B0020044B05498F
:102F90009B68054A0868C3F38223D35CD840704716
:102FA00000380240A80B002000BA0308044B054972
:102FB0009B68054A0868C3F34233D35CD840704726
:102FC00000380240A80B002000BA03080E4B0F2265
:102FD00002609A6802F0030242609A6802F0F0020E
:102FE00082609A6802F4E052C2609B68DB0810B409
:102FF00003F4E053054C036123685DF8044B03F0D0
:103000000F030B60704700BF00380240003C0240D5
:10301000F8B507460D4614461E463A68936835EAE9
:1030200003030CBF01230023A34209D0731C09D161
:10303000936835EA03030CBF012300239C42F7D1B8
:103040000020F8BD36B1FCF717FD069BC01AB04250
:10305000E3D33A685368796823F0E003B1F5827FDF
:10306000536015D0BB6AB3F5005F07D0012200237F
:1030700087F8512087F850300320F8BD13684DF6CB
:10308000FF710B401360136843F400531360EDE7C6
:10309000BB68B3F5004F02D0B3F5806FE2D113687F
:1030A00023F040031360DDE700283BD038B590F8EB
:1030B000513000220446826203F0FF0163B31046E0
:1030C000D4E90131E26825680B431343D4E90412C3
:1030D0000B431343E269022184F851101343226A1F
:1030E00029681343A26921F04001296002F4007CA1
:1030F000616A120C43EA0C0302F0040203430A4320
:103100002B606A60EB69002023F400630122EB610D
:10311000606584F8512038BD80F85010FBF7E0FD61
:10312000A06ACDE70120704798B10268022310B56C
:1031300080F85130136823F0400304461360FBF716
:1031400053FE0023636584F8503084F851301846EC
:1031500010BD0120704700BF90F85030012B4DD0BA
:1031600010B590F851300446012B4FF0010084F85F
:103170005000D8B238D1002937D0002A35D00320EA
:1031800084F85100A068A2860023B0F5004F636563
:10319000C4E91033E28621632268A363A387E3872F
:1031A00027D0A06C164B0364164BC363164BC36445
:1031B00000230365E38E0C329BB2FDF7C1FC23684C
:1031C0001A68520603D41A6842F040021A605A681C
:1031D00042F020025A605A6842F002025A6000230C
:1031E00084F85030002010BD0220002384F85030B5
:1031F00010BD136843F480431360D2E70220704788
:10320000E1330108353401081134010870B5044672
:1032100090F8500001286AD0012084F8500094F8FA
:103220005100656801285FFA80FC0DD0B5F5827FFA
:1032300004D00220002384F8503070BDA06800281C
:10324000F7D1BCF1040FF4D100294ED0002A4CD0A4
:10325000002B4AD094F85100216301284FF000055B
:1032600004BF052084F851006565E386E38794F880
:103270005110E06C1F4EA38604291F49A3871F4BE2
:10328000A26318BF0B46C4E910551D49036418BF5B
:1032900031461C4BC364E38FC163216805659BB253
:1032A0000C31FDF74DFC2268A06C5368216B43F094
:1032B00001035360E38E0C329BB2C0E90F55C0E9A5
:1032C0001355FDF73DFC23681A68520603D41A68AB
:1032D00042F040021A605A6842F020025A605A686E
:1032E00042F0020200205A60A4E70120A2E7022077
:1032F00070BD00BF0135010801340108F133010838
:10330000B13401081134010870B5856804460E46D1
:103310001DB94368B3F5827F4ED094F85030012B2D
:1033200053D0012384F8503094F85130012BD8B297
:1033300038D1002E37D0002A35D0042384F85130FC
:10334000B5F5004F4FF000036365C4E91033E28721
:103350002168A663A287A386E38628D0E06C1C4B75
:1033600003641C4BC3631C4BC36400230365E38FDE
:1033700032469BB20C31FDF7E3FB23681A68520614
:1033800003D41A6842F040021A605A6842F02002E0
:103390005A605A6842F001025A60002384F85030A3
:1033A000002070BD0220002384F8503070BD0B68EF
:1033B00023F480430B60D1E7042580F85150134675
:1033C000BDE870400A46FFF721BF022070BD00BF74
:1033D000F1330108B134010811340108704700BF0E
:1033E00008B5806BFFF7FAFF08BD00BF704700BF4C
:1033F00008B5806BFFF7FAFF08BD00BF704700BF3C
:1034000008B5806BFFF7FAFF08BD00BF704700BF2B
:10341000806B026808B5536823F003035360436D63
:10342000012143F01003436580F85110FFF7EEFFD0
:1034300008BD00BF30B5054685B0846BFCF71CFBAA
:103440002B681A6812F480721BD121684B6823F034
:1034500002034B600090642380212046FFF7D8FDD3
:10346000A0B9A36833B922680393D3680393936820
:103470000393039B01230022E28684F85130636D9D
:1034800083B92046FAF7E6F905B030BD636D43F025
:1034900020036365636D43F020036365A368002B1D
:1034A000E8D1E0E72046FFF7B1FF05B030BD00BF2F
:1034B00008B50368806B1B68DB050FD4D0E90021D9
:1034C0005368B1F5827F23F00303536009D00123D1
:1034D0000022C28780F85130436D73B9FAF7C6F9FC
:1034E00008BD8368B3F5004F02D0B3F5806FEED10D
:1034F000136823F040031360E9E7FFF787FF08BD77
:1035000030B5054683B0846BFCF7B6FA2B681A68B1
:1035100012F4807213D10090642380212046FFF7BB
:1035200077FD88B921684B68002223F0030301204E
:103530004B60E286E28784F85100636D6BB92046E8
:10354000FAF7A0F903B030BD636D43F02003636563
:10355000636D43F020036365E4E72046FFF756FF01
:1035600003B030BD026810B55168936803F0410C98
:10357000BCF1010F84B004465AD0980701D5080663
:103580005ED413F4B07F51D088064FD558060ED5BF
:1035900094F85100032842D0606D40F0040060654B
:1035A00000200090D06800909068009000989806E5
:1035B0000CD5606D40F001006065002002909068BD
:1035C0000290106820F0400010600298D80508D5DD
:1035D000636D002043F008036365039093680393D1
:1035E000039B636D13B3536823F0E0035360012022
:1035F0008B0784F8510029D05368E06C23F0030353
:10360000536018B1134B0365FDF722FBA06C68B142
:10361000104B036504B0BDE81040FDF719BB002353
:103620000193D368019393680193019B04B010BD8B
:1036300011F0400FA1D0036C04B0BDE81040184752
:10364000636C204604B0BDE8104018472046FFF7E1
:10365000DDFEEBE75936010808B5806B0023C38710
:10366000C386FFF7D3FE08BD036A23F0010303629C
:10367000036A70B4446882690D6822F073022A43B9
:103680008D6823F002032B430E4DA8420AD005F5A6
:103690008065A84206D049684460826170BC41637D
:1036A00003627047CD6823F008032B43D1E9056519
:1036B00024F4407446EA050C23F004034CEA0404A5
:1036C000E9E700BF00000140036A23F4807303624E
:1036D000036A70B44468C2690D6822F073022A4319
:1036E0008D6823F4007343EA05230F4DA8420AD0E6
:1036F00005F58065A84206D049684460C26170BC87
:10370000C16303627047CD6823F4006343EA052375
:10371000D1E9056524F4405446EA050C23F480639E
:1037200044EA0C14E8E700BF00000140036A23F4F8
:1037300080530362036A30B44468C2690D6822F49E
:10374000E64242EA05228D6823F4005343EA05333A
:10375000094DA8420AD005F58065A84206D04968FF
:103760004460C26130BC0164036270474D6924F457
:10377000804444EA8514F2E700000140034600203B
:103780001B68DA6842F00102DA601A6842F001024E
:103790001A607047704700BF03680122186A02FA76
:1037A00001F120EA01001862186A0A4A01439342B3
:1037B000196209D002F58062934205D01A6842F07E
:1037C000010200201A6070475A6C42F400425A64A9
:1037D000F4E700BF0000014003680C290CD8DFE8C3
:1037E00001F0070B0B0B250B0B0B200B0B0B1B001E
:1037F000DA6842F00202DA60186A012202FA01F184
:1038000020EA010018621A6A114319621A6842F02C
:10381000010200201A607047DA6842F01002DA6094
:10382000EAE7DA6842F00802DA60E5E7DA6842F0CF
:103830000402DA60E0E700BF0368C1B104290DD1DA
:103840001A6A22F010021A621A6A42F010021A6210
:103850001A6842F0010200201A6070471A6A22F0CA
:1038600001021A621A6A42F001021A62E8E71A6A51
:1038700022F001021A621A6A42F001021A62E7E7B4
:1038800090F83820012A70D00346026830B4022034
:10389000012483F8384083F8390090680C6820F4DC
:1038A0007F4020F07700502C906000F093800ED87D
:1038B000202C00F0888029D8002C7DD0102C1DD120
:1038C000916821F0700141F01701916016E0B4F5A4
:1038D000805F65D036D8602C49D0702C0ED1D1E9EC
:1038E000015094682843CD6824F47F4140EA0520C4
:1038F00008439060916841F07701916000200122B7
:1039000083F8392083F8380030BC7047302C4CD015
:10391000402CF3D14868CC68116A21F00A010843B1
:10392000116A21F001011162916921F0F00141EA6F
:10393000041191611062916821F0700141F047011A
:103940009160DBE7B4F5005FD8D1D1E9015094680C
:103950002843CD6824F47F4140EA05200843906065
:10396000916841F480419160C8E7022070474C683B
:10397000CD68116A21F0100111629069116A20F47A
:10398000704021F0A00141EA041140EA0530906145
:103990001162916821F0700141F067019160ADE71B
:1039A000916821F007019160A8E7916821F070010A
:1039B00041F037019160A1E7916821F0700141F079
:1039C000070191609AE7916821F0700141F02701A9
:1039D000916093E74868CC68116A21F00A010843B6
:1039E000116A21F001011162916921F0F00141EAAF
:1039F000041191611062916821F0700141F057014A
:103A000091607BE7704700BF704700BF704700BF01
:103A1000704700BF03681A69910710B5044602D5C4
:103A2000DA6892075FD41A69500702D5DA6851073D
:103A300046D41A69120702D5DA6810072ED41A691B
:103A4000D20602D5DA68D00618D41A69D10702D591
:103A5000DA68D2075DD41A69100602D5DA68110651
:103A60005FD41A69520602D5DA68500661D41A6921
:103A7000910602D5DA68920643D410BD6FF01001AA
:103A8000082219612276DB6913F4407F204664D056
:103A9000FFF7BAFF002223682276D6E76FF008010D
:103AA000042219612276DB699907204652D1FFF77B
:103AB000A9FF2046FFF7AAFF002223682276BEE76F
:103AC0006FF004010222196122769B6913F4407F92
:103AD00020463CD1FFF796FF2046FFF797FF0022D4
:103AE00023682276A5E76FF00201012219610276B0
:103AF0009B699B0725D0FFF787FF0022236822766A
:103B000091E76FF0200220461A61BDE8104000F0F6
:103B100029BB6FF001021A612046FAF733FF2368D0
:103B200099E76FF080021A61204600F01DFB2368C0
:103B300097E76FF040021A612046FFF769FF23689C
:103B400095E7FFF75FFF2046FFF760FFD5E7FFF738
:103B50005BFFC4E7FFF758FFAEE7FFF753FF2046D0
:103B6000FFF754FF96E700BF30B42D4D8C68036813
:103B70000A68A84239D0B0F1804F27D0A5F57C451E
:103B8000A84223D005F58065A8421FD005F58065C1
:103B9000A8421BD005F57845A84226D0214DA84261
:103BA00018D005F58065A84214D005F58065A842B7
:103BB00010D0A5F59835A84228D005F58065A84213
:103BC00008D005F58065A84208D103E04D6823F0D0
:103BD00070032B43C96823F440730B430360C46232
:103BE0008262012330BC436170474D6823F070034B
:103BF0002B43CD6823F440732B430360C46282627D
:103C00000B690363012330BC43617047C96823F427
:103C100040731943044B1960DC629A62E1E700BF0C
:103C2000000001400040014000180040C0B110B544
:103C300090F83930044603F0FF0263B121460223B5
:103C400084F8393051F8040BFFF78EFF012384F814
:103C50003930002010BD80F83820FAF741FBEDE73D
:103C600001207047C0B110B590F83930044603F018
:103C7000FF0263B12146022384F8393051F8040B66
:103C8000FFF772FF012384F83930002010BD80F85F
:103C90003820FFF77FFDEDE701207047C0B110B578
:103CA00090F83930044603F0FF0263B12146022345
:103CB00084F8393051F8040BFFF756FF012384F8DC
:103CC0003930002010BD80F83820FAF735FBEDE7D9
:103CD00001207047C0B110B590F83930044603F0A8
:103CE000FF0263B12146022384F8393051F8040BF6
:103CF000FFF73AFF012384F83930002010BD80F827
:103D00003820FAF771FBEDE701207047002846D014
:103D100070B590F839300C46054603F0FF02002BD1
:103D200038D02946022385F8393051F8040B8368CE
:103D300023F007038360FFF717FF81688369A66993
:103D4000A26823F4407323F0030342EA06221A43D5
:103D50002369E6691B0143EA0623E6683343066AE2
:103D600026F0AA0C266A22F47C4222F0FC0243EAE6
:103D70000633134366696268246842EA06122143E7
:103D8000816042EA0C0201218361026285F83910E8
:103D9000002070BD80F83820FAF7FAFAC1E7012058
:103DA000704700BF70B4046A1A4E24F00104046224
:103DB000B0428469056A1FD0B0F1804F1CD0A6F5CF
:103DC0007C46B04218D006F58066B04214D006F5A5
:103DD0008066B04210D006F57846B0420CD006F5A9
:103DE0007056B04208D0A6F59436B04204D024F004
:103DF000030242F0010202E024F00304224325F012
:103E00000A0401F00A01214363F30712826170BCC6
:103E1000016270470000014090F83830012B79D0E2
:103E200070B502230D461646012280F8382080F82E
:103E300039300446D1E900120068EB683EB3042E25
:103E4000AD682FD0082E4AD0066A26F48056066246
:103E5000C66926F4407646EA022663F30F36036A03
:103E6000C661090323F4204301F420411943016290
:103E7000C36923F44063C361C36943EA0523C36193
:103E80000020012384F8393084F8380070BDFFF732
:103E900089FF8369AA6823F00C0383618369134354
:103EA0008361EDE7066A26F010060662866926F44D
:103EB000407646EA022663F30F36036A86610901FB
:103EC00023F0A00301F0A00119430162836923F4E8
:103ED00040638361836943EA05238361D0E7066A0F
:103EE00026F480760662C66926F00306164363F35D
:103EF0000716036AC661090223F4206301F42061F6
:103F000019430162C36923F00C03C361C3692B43E6
:103F1000C361B5E702207047036A23F01003036210
:103F2000036A70B4446882690D6822F4E64242EA8A
:103F300005228D6823F0200343EA05130E4DA842A5
:103F40000AD005F58065A84206D0496844608261C0
:103F500070BC816303627047CD6823F0800343EA3D
:103F60000513D1E9056524F4406446EA050C23F005
:103F7000400344EA8C04E8E70000014090F8383040
:103F8000012B25D0022310B5044680F839300C2AC5
:103F90000BD8DFE802F0070A0A0A150A0A0A190A0A
:103FA0000A0A11000068FFF75FFB0020012384F874
:103FB000393084F8380010BD0068FFF7B7FBF4E72C
:103FC0000068FFF7A9FFF0E70068FFF77DFBECE76B
:103FD0000220704738B590F83830012B70D00D466C
:103FE00002230121044680F8381080F839300C2A69
:103FF00018D8DFE802F007171717361717174E17EC
:1040000017171E0000682946FFF72EFB83692A69EF
:1040100043F008038361836923F0040383618369A8
:10402000134383610020012384F8393084F8380079
:1040300038BD00682946FFF779FBC3692A6943F454
:104040000063C361C36923F48063C361C36943EA46
:104050000223C3610020012384F8393084F838003A
:10406000E6E700682946FFF757FF83692A6943F4AA
:1040700000638361836923F480638361836943EA16
:10408000022383610020012384F8393084F838004A
:10409000CEE700682946FFF717FBC3692A6943F09A
:1040A0000803C361C36923F00403C361C3691343F5
:1040B000C3610020012384F8393084F83800B7E761
:1040C000022038BD90F83830012B1FD0024603681B
:1040D000022030B582F8390058680D684C6820F02D
:1040E00070005860586828435860996821F0800132
:1040F000996099684FF0000C21434FF0010E9960D0
:1041000082F839E082F838C0604630BD022070473E
:1041100090F83830012B23D010B4D1E9024323F4B6
:1041200040730246234348680C6823F480630343CA
:1041300023F400630869234323F48053034348694D
:104140008C6923F40053034323F440431068002197
:104150002343436482F8381008465DF8044B7047E7
:1041600002207047704700BF704700BF02681169A6
:104170002DE9F8430446C068A368256921F440513D
:1041800001431161D168E0692B43656921F416414F
:104190002B4321F00C0103430B43D3605369A16906
:1041A00023F440730B43B0F5004F53619D4B00F077
:1041B0009C809A425AD003F580639A4256D0FEF70B
:1041C000E5FE6368DFF8608200EB80009B0000EB97
:1041D0008000B0FBF3F7FEF7D9FEA8FB0737636852
:1041E00000EB80009B0000EB8006B6FBF3F6FEF7C9
:1041F000CDFE636800EB80009B0000EB8000B0FB0D
:10420000F3F0A8FB003040094FF0640909FB106689
:104210003601FEF7BBFE3236A8FB063662687F0920
:10422000760900EB800303EB830392003F0106F065
:10423000F006B3FBF2F5FEF7A9FED4E9002300EB8C
:1042400080009B0000EB8000B0FBF3F0A8FB003087
:10425000400909FB10531B013233A8FB0383C3F34E
:10426000431333433B449360BDE8F883FEF79EFE5F
:104270006368DFF8B48100EB80009B0000EB8000F6
:10428000B0FBF3F7FEF792FEA8FB0737636800EB7D
:1042900080009B0000EB8006B6FBF3F6FEF786FE7F
:1042A000636800EB80009B0000EB8000B0FBF3F044
:1042B000A8FB003040094FF0640909FB1066360185
:1042C000FEF774FE3236A8FB063663687F0976096E
:1042D00000EB80009B003F0106F0F00600EB800041
:1042E000B0FBF3F5FEF762FEA7E79A425AD003F55A
:1042F00080639A4256D0FEF749FE6368DFF8288152
:1043000000EB80005B0000EB8007B7FBF3F7FEF7E4
:104310003DFEA8FB0737636800EB80005B0000EB05
:104320008006B6FBF3F6FEF731FE636800EB800013
:1043300000EB80005B00B0FBF3F3A8FB03235B09F9
:104340004FF0640909FB1366F600FEF71FFE3236D4
:10435000A8FB063662687F09360900EB800303EB91
:10436000830352003F0106F4F876B3FBF2F5FEF743
:104370000DFED4E9002300EB800000EB80005B0021
:10438000B0FBF3F3A8FB03135B0909FB1353DB003A
:104390003233A8FB0383C3F342133B44334493609B
:1043A000BDE8F883FEF702FE6368DFF87C8000EB6F
:1043B00080005B0000EB8000B0FBF3F7FEF7F6FD3A
:1043C000A8FB0737636800EB80005B0000EB80060A
:1043D000B6FBF3F6FEF7EAFD636800EB800000EB46
:1043E00080005B00B0FBF3F3A8FB03235B094FF0F5
:1043F000640909FB1366F600FEF7D8FD3236A8FB08
:10440000063663687F09360900EB80005B003F01D8
:1044100006F4F87600EB8000B0FBF3F5FEF7C6FD7E
:10442000A7E700BF001001401F85EB5160B338B50E
:1044300090F83930044603F0FF0203B322682423C6
:1044400084F83930D36823F400532046D360FFF753
:104450008DFE23681A6922F490421A615A6922F08B
:104460002A025A61DA680025202142F40052DA60FB
:10447000E56384F8391084F83A10284638BD80F88E
:104480003820FAF71BFDD9E701207047F8B504463C
:1044900090F8390020282DD151B34AB394F8380050
:1044A000012827D00120E28484F83800A284206B00
:1044B000DFF84CC0104F114E2162134622680025D0
:1044C0004FF0210EE563043284F839E0C0E90FC7EC
:1044D000C0E91365FCF734FB23686FF040021A60F3
:1044E00084F838505A6942F0800228465A61F8BD73
:1044F0000120F8BD0220F8BD09460108DD4601088B
:10450000D945010890F83A30202B3CD1002938D009
:10451000002A36D070B590F83830012B82B00446AE
:1045200033D00123002580F838302223C56381620F
:1045300080F83A308285406B154E056513460A4671
:104540002168C663134E0664134EC6640431FCF73B
:10455000F7FA236801951A6801925A68019284F863
:104560003850019ADA6842F48072DA605A6942F08F
:1045700001025A615A69284642F040025A6102B06B
:1045800070BD0120704702207047022002B070BD4C
:1045900019460108CD460108DD4601080368DA68BE
:1045A00022F4907210B5DA605A6922F001025A6161
:1045B0005A695206044609D55A69406B22F04002F6
:1045C0005A6118B100230365FCF7FAFA0020202392
:1045D000E08584F83A3010BD08B50368806B1B682D
:1045E00013F480730AD10268C384536923F08003F3
:1045F0005361D36843F04003D36008BD22F068FEE6
:1046000008BD00BF704700BF08B5806BFFF7FAFF19
:1046100008BD00BF704700BF08B50368806B1B680A
:1046200013F4807310D10268C385D36823F48073B8
:10463000D360536923F0010353615369202123F0B0
:104640004003536180F83A10FFF7E4FF08BD00BF54
:1046500090F83A30222B29D181680269836AB1F53A
:10466000805F10B504680AD0591C02BB6268816281
:104670001A70C38D013B9BB2C38543B110BDE2B933
:104680006268C2F3080223F8022B8362F1E7036831
:10469000DA6822F49072DA605A69202122F001026D
:1046A0005A6180F83A10FFF7B5FF10BD7047626895
:1046B000816202F07F021A70DBE76268D2B223F8EF
:1046C000012B8362D5E700BF704700BF08B5806B40
:1046D000FFF7FAFF08BD00BF704700BF08B5806B49
:1046E0000368596990F83920212A0BD0596990F84C
:1046F0003A20222A16D0C36B43F01003C363FFF79E
:10470000EBFF08BD0906F1D50022C284DA6820213A
:1047100022F0C002DA6080F83910596990F83A2026
:10472000222AE8D14A06E6D50022C285DA6822F4B8
:104730009072DA605A69202122F001025A6180F8F1
:104740003A10D8E703681A6870B51607DD6859692A
:1047500004460CD1910601D5AE0658D4100601D5F9
:1047600029062DD4560601D5680645D470BD11F032
:10477000010163D115F4907FF0D0D0070AD5EE0582
:1047800040F19080E06B560740F00100E06346D5B1
:10479000002957D1E16B0029E8D0920602D5AE0678
:1047A00000F18A805A69E16B02F0400201F00801D1
:1047B00052EA01054FD12046FFF78EFFE56370BD39
:1047C00094F83920212AD1D1A168226AB1F5805FFD
:1047D00077D0511C216212785A60E28C013A92B271
:1047E000E284002AC2D1DA6822F08002DA60DA6854
:1047F00042F04002DA6070BDDA68202122F0400207
:10480000DA60204684F8391022F062FD70BDBDE800
:104810007040FFF71DBFEE05B4D4500712D49607C1
:1048200044D50029B6D0E16B100741F00401E163E3
:10483000B0D5E16B41F00801E163ABE7D007EAD402
:1048400051072CD5E16B960741F00201E163EAD4F0
:1048500011079FD5EDE7DA6822F49072DA605A69A1
:10486000202122F001025A6184F83A105A69550653
:1048700011D55A69606B22F040025A6158B1174B4A
:104880000365FCF7E5F900283FF470AF606BBDE805
:104890007040036D18472046FFF71EFF70BD91075B
:1048A000C1D4D5E750073FF575AFB8E710077FF5DE
:1048B00071AF0029BDD16DE72046FFF7C9FE23681F
:1048C00070E711882069C1F30801596010B90232FC
:1048D000226282E7013222627FE700BFE1480108DD
:1048E00008B5806B0023C385C384FFF7F5FE08BDC0
:1048F00084B00DF1040C8CE80E00069B012B2ED128
:10490000836B0D9A23F480338363C36823F4840399
:1049100023F04003C360C368012A23F44013C3603B
:1049200035D01D4B013B0CD00269002AFADA02692E
:10493000194B42F001020261013B02D00269D1072A
:10494000FAD4049B012B07D1836843F006038360EC
:10495000836843F020038360002004B07047C2687E
:104960000D4B42F04002C260013B0CD00269002AAC
:10497000FADA0269084B42F001020261013B02D0FF
:104980000269D207FAD44FF480338363D9E7C3684E
:1049900043F48013C360C4E7410D030003460020C5
:1049A0009A6842F001029A60704700BF03460020F7
:1049B0009A6822F001029A60704700BF08B5C36888
:1049C000012923F0C043C36009D019B9C36843F07B
:1049D0008043C3603220FBF755F8002008BDC36850
:1049E00043F00053C3603220FBF74CF8002008BDB1
:1049F00084B02DE9704307AC84E80E00119C0A9D39
:104A0000836B002C40F08B8043F4001383630023FE
:104A1000C0F8003E0C9BD0F80028C0F80028012BFD
:104A200000F5006C00F09280D0F8003843F00303EA
:104A3000C0F800384FF4846303614B4B013B02D054
:104A400002699606FAD410230361474B013B02D05A
:104A50000269D206FAD400224FF0FF33CCF81020BE
:104A6000CCF81420CCF81830CCF81C2071B300F529
:104A7000106396464FF090494FF0FF081E680132D0
:104A8000002EB4BFC3F80090C3F800E08A42C3F818
:104A900010E0C3F8088003F12003EFD1002200F5F5
:104AA000306396464FF090494FF0FF081E68013280
:104AB000002EB4BFC3F80090C3F800E08A42C3F8E8
:104AC00010E0C3F8088003F12003EFD1DCF81030C8
:104AD000012D23F48073CCF8103024D000226FF025
:104AE0008043826143611DB9836943F01003836190
:104AF00081691E4B0D9A0B4383611AB1836943F0A0
:104B000008038361012C05D1836943F0804343F09E
:104B100004038361BDE87043002004B0704743F490
:104B20000023836373E7124BCCF83030DCF830306D
:104B300043F4803343F00303CCF8303000226FF0AD
:104B40008043DCF8301082614361D1E7099B23B9CF
:104B5000D0F80038C0F800386CE7D0F8003843F0DF
:104B60000103C0F8003865E7410D030000383C80C0
:104B700000018000890141F02001064A0161013AEB
:104B800005D0036913F02003F9D1184670470320BC
:104B9000704700BF410D030000F50062D0F808081F
:104BA00010F0060014D0936803F00603022B0ED019
:104BB000936803F00603062B09D0906800F0060006
:104BC000A0F10400B0FA80F04009400070470320D3
:104BD000704700BF10B54C7891F800C00123012C3C
:104BE00000F5006E03FA0CF34FEA4C1219D0DEF810
:104BF0001C4000F5306044EA0343CEF81C30835873
:104C00001B040CD48B688458C978C3F30A0323436C
:104C100043EA814343F0805343F400438350002030
:104C200010BDDEF81C409BB2234300F51060CEF8A7
:104C30001C3083581C04F2D48B688458C978C3F3A1
:104C40000A03234343EA814343EA8C5343F08053EE
:104C500043F400438350002010BD00BF10B44A78D5
:104C600091F800C0012A4FEA4C1326D000F53062BB
:104C7000D118D45824F40044D4504FF00064D450D8
:104C80004FF08044D450224B013B3DD08A68D2067D
:104C9000FAD4D0F8043843F48063C0F80438D0F86C
:104CA0001C384FF4803202FA0CF223EA0203C0F8F7
:104CB0001C3800205DF8044B704700F51062D118D5
:104CC000D45824F40044D4504FF00064D4504FF032
:104CD0008044D4500E4B013B16D08A685400FAD45D
:104CE0004FF484620A4B0261013B02D002699106D3
:104CF000FAD40123D0F81C2803FA0CF39BB222EA61
:104D00000303C0F81C38D4E703205DF8044B704758
:104D1000410D03002DE9704F82B0CC7801944C789E
:104D20000D784B69012C4FEA451C4DD000F5306ED3
:104D30000EEB0C048D68D4F810806FF31208C4F8E1
:104D40001080D4F810806FF3DC48C4F810808BB367
:104D5000DFF8A0812B44013BB3FBF5F308EAC3481D
:104D60009BB203FB05F5236948EA0303236123692A
:104D7000C5F312051D432561012A04BFCB68636199
:104D8000019B012B0CD1D0F8083813F4807F5EF81A
:104D90000C300CBF43F0005343F080534EF80C30FE
:104DA0005EF80C3043F004434EF80C30002002B0A3
:104DB000BDE8708F2369C5F312051D432561236982
:104DC00043F400232361D7E700F5106808EB0C0ECD
:104DD000002B3FD1DEF810406FF3DC44CEF81040DA
:104DE000DEF8104044F40024CEF81040DEF8104005
:104DF000012A6FF31204CEF8104002D10C69CEF8EC
:104E00001440019C012C55D1D0F8084814F4807F3F
:104E100058F80C400CBF44F0005444F0805448F85B
:104E20000C4058F80C4044F0044448F80C40002A68
:104E3000BCD19BB203339A08B8D0CB6800F5805040
:104E400000EB053003EB820153F8042B026099421A
:104E5000FAD1ABE7DEF810908E686FF31209CEF846
:104E60001090DEF810906FF3DC49CEF81090DFF868
:104E70008490DEF810B006EB030A0AF1FF3ABAFBA1
:104E8000F6FA09EACA4949EA0B09CEF81090DEF8A9
:104E900010A0019EC3F3120949EA0A09012ECEF8B7
:104EA000109011D0012A21D0D0F83438AC401C43E6
:104EB000C0F8344858F80C30002043F0044348F858
:104EC0000C3002B0BDE8708FDEF8104024F0C04412
:104ED000CEF81040DEF81040012A44F00054CEF81D
:104EE000104091D10C69CEF814408DE70B69CEF8D3
:104EF0001430DFE70000F81F4B7870B50C784D696F
:104F0000012B4FEA441C26D000F5306000EB0C0367
:104F10008C681E696FF312061E611E696FF3DC4612
:104F20001E61B5B91D6945F400251D611D69012A81
:104F3000C4F3120408BFCA6844EA05041C6108BF30
:104F40005A6150F80C3043F0044340F80C30002014
:104F500070BD4C61E6E700F5106606EB0C039DB3EF
:104F6000D3F810E06FF3120EC3F810E0D3F810E09E
:104F70006FF3DC4EC3F810E0D1F808E0AE453CBF5B
:104F8000C1F814E07546D3F810E04EF4002EC3F8D3
:104F900010E0D3F810E0C5F3120545EA0E051D61D7
:104FA00056F80C50012A45F0044546F80C501FD025
:104FB0004B69002BCBD0D0F834280123A3401343F6
:104FC000C0F83438002070BD1D696FF3DC451D61E9
:104FD0001D6945F400251D611D696FF312051D61F2
:104FE00056F80C50012A45F0044546F80C50DFD124
:104FF0000A695A61002070BD10B49DF804406CB974
:1050000003339B080AD000F5805000EB023201EB1D
:10501000830351F8040B10608B42FAD100205DF835
:10502000044B7047033292080AD000F5805C01EB14
:105030008200DCF8003041F8043B8842F9D1704727
:10504000084670474A780B78012A4FEA43130ED07E
:1050500000F53060C258002A03DBC25822F08042BB
:10506000C250C25842F40012C2500020704700F5EE
:105070001060C258002AF0DAF3E700BFCB780A7854
:10508000497801290CBF00F5106000F5306052012D
:10509000023B8158DBB221F40011012B815003D86F
:1050A000835843F08053835000207047D0F8003875
:1050B00023F4FE63C0F80038D0F80038090101F489
:1050C000FE611943C0F800180020704708B5034678
:1050D0000320D3F8042822F00202C3F80428FAF7C8
:1050E000D1FC002008BD00BF08B503460320D3F85B
:1050F000042842F00202C3F80428FAF7C3FC002097
:1051000008BD00BF4269806910407047D0F8183868
:1051100000F50060C0691840000C7047D0F81838DE
:1051200000F50060C069184080B2704700F5306338
:1051300003EB411300F500609A6840691040704726
:10514000D0F81028D0F8343800EB4110CB40DB0108
:10515000D0F80809DBB2134318407047406900F0EB
:1051600001007047D0F8002900F500636FF30A02D0
:10517000C0F800299A6802F00602042A05D1D0F886
:10518000002942F00302C0F800295A6842F48072F4
:1051900000205A60704700BF10B40024C0F8104BC4
:1051A000D0F8104B44F40024C0F8104BD0F8104B4A
:1051B00044F01804C0F8104BD0F8104B012944F00B
:1051C000C044C0F8104B05D14FF08021C0F8142B1B
:1051D000C0F8001B00205DF8044B704700F1080385
:1051E0004FF0FF310022C0E90131C0E90333026012
:1051F000704700BF00230361704700BF4268036827
:1052000010B494680133C1E90124616091605DF8D4
:10521000044B08610360704730B40D686B1C10D0FC
:1052200000F108031C465B681A68AA42FAD90268B2
:105230004B60013299608C606160086130BC026033
:10524000704704696368F2E7036910B4D0E901129A
:105250005C688A608442516008BF5A601A685DF8D1
:10526000044B0021013A01611A601868704700BFC1
:10527000036C70B5856B04462BB90668013546B3DF
:105280001846A56370BD164682B91A464068ECF709
:10529000BFFE6368216CA2680B449342636024BF25
:1052A0002368636001350020A56370BD1A46C0689D
:1052B000ECF7AEFE226CE36851429B1A2268E36071
:1052C000934202D2A3680B44E360022E06D001355C
:1052D000E9E7806801F07CF9A660D2E7012D38BFCC
:1052E00001250020CDE700BF70B50546F7F7CAFCE1
:1052F00095F845305CB2002C14DD05F1240603E07E
:10530000631EDAB25CB26AB16B6A304653B101F027
:1053100049F80028F4D001F0D7F8631EDAB25CB285
:10532000002AF1D1FF2385F84530F7F7CDFCF7F7D8
:10533000A9FC95F844305CB2002C14DD05F1100690
:1053400003E0631EDAB25CB26AB12B69304653B136
:1053500001F028F80028F4D001F0B6F8631EDAB2A4
:105360005CB2002AF1D1FF2385F84430BDE87040DB
:10537000F7F7AABC38B5E0B104460D46F7F782FC52
:10538000D4E90F232168616003FB02F2D31A0A44B7
:10539000A2600022A2630B44FF2284F84420E36051
:1053A00084F8452075B92369C3B9F7F78DFC01204E
:1053B00038BD4FF0500383F31188BFF36F8FBFF3F5
:1053C0004F8FFEE704F11000FFF708FF04F12400FF
:1053D000FFF704FFF7F778FC012038BD04F1100057
:1053E00000F0E0FF0028E0D04FF0E0234FF08052C3
:1053F000C3F8042DBFF34F8FBFF36F8FD5E700BF06
:1054000040B94FF0500383F31188BFF36F8FBFF3A0
:105410004F8FFEE770B5044601FB00F048300D46A3
:1054200001F084FC064648B155B100F14803C6E9D5
:105430000F45336001213046FFF79CFF304670BDB9
:105440000346F4E7F0B585B0019200287ED00E4601
:105450001D460446002969D0022D0BD1E36B012BB8
:1054600008D04FF0500383F31188BFF36F8FBFF361
:105470004F8FFEE701F04AF8002870D0F7F702FCE2
:10548000A26BE36B9A4276D3022D74D000221746AA
:105490000EE0F7F719FC2046FFF726FF00F0E2FECA
:1054A000F7F7F0FBA16BE36B99424FF0010262D377
:1054B0000198002876D0002A44D0F7F705FC00F0C8
:1054C00085FDF7F7DFFB94F84430FF2B08BF84F825
:1054D000447094F84520FF2A08BF84F84570F7F718
:1054E000F3FB01A902A800F0ADFF00285ED1F7F799
:1054F000C9FBA26BE36B9A42CBD1F7F7E5FB0199AD
:1055000004F1100000F034FF2046FFF7EDFE00F03C
:10551000A9FE0028C4D14FF0E0234FF08052C3F819
:10552000042DBFF34F8FBFF36F8FB9E7036C002BD0
:1055300092D04FF0500383F31188BFF36F8FBFF306
:105540004F8FFEE702A800F071FFB6E74FF050035F
:1055500083F31188BFF36F8FBFF34F8FFEE7019B7B
:10556000002B8BD04FF0500383F31188BFF36F8F64
:10557000BFF34F8FFEE72A4631462046FFF778FEFD
:10558000636ACBB948B14FF0E0234FF08052C3F8C3
:10559000042DBFF34F8FBFF36F8FF7F795FB0120FB
:1055A00005B0F0BDF7F790FB0020F9E72046FFF7C4
:1055B0009BFE00F057FEF7E704F1240000F0F2FE36
:1055C0000028EAD0DFE700BF002847D02DE9F041EE
:1055D0000E4617461D46044621B3022D0BD1E36B40
:1055E000012B08D04FF0500383F31188BFF36F8F66
:1055F000BFF34F8FFEE7F7F761FCEFF311884FF031
:10560000500383F31188BFF36F8FBFF34F8FA26BEB
:10561000E36B9A4212D3022D10D0002088F3118838
:10562000BDE8F081036C002BD7D04FF0500383F31B
:105630001188BFF36F8FBFF34F8FFEE72A4694F8B0
:10564000455031466DB22046FFF712FE6B1C0ED05E
:105650006B1C5BB284F845300120DFE74FF050034C
:1056600083F31188BFF36F8FBFF34F8FFEE7636A39
:10567000002BF1D004F1240000F094FE0028EBD0C0
:10568000002FE9D001233B60E6E700BF60B3036C65
:1056900070B5044643B14FF0500383F31188BFF354
:1056A0006F8FBFF34F8FFEE703680D462BB3F7F7FD
:1056B00005FCEFF311864FF0500383F31188BFF31D
:1056C0006F8FBFF34F8FA36BE26B9A4221D994F88F
:1056D00045200133FF2AA36353B21ED001335BB2CE
:1056E00084F84530012015E04FF0500383F3118812
:1056F000BFF36F8FBFF34F8FFEE78368002BD6D0C9
:105700004FF0500383F31188BFF36F8FBFF34F8FB8
:10571000FEE7002086F3118870BD636A002BE1D09C
:1057200004F1240000F03EFE0028DBD0002DD9D08B
:1057300001232B60D6E700BFF0B585B001920028A9
:1057400000F084800E460446002941D000F0DEFEC1
:10575000002849D0F7F796FAA56B002D7FD1019B61
:105760008BB302A800F062FE2F46F7F7ADFA00F007
:105770002DFCF7F787FA94F84430FF2B08BF84F824
:10578000447094F84530FF2B08BF84F84570F7F754
:105790009BFA01A902A800F055FE002830D1F7F7C6
:1057A00071FAA36B002B38D0F7F78EFA2046FFF77B
:1057B0009BFD00F057FDF7F765FAA56B002D4ED164
:1057C000019B002BD1D1F7F77FFA002005B0F0BD87
:1057D000036C002BBAD04FF0500383F31188BFF352
:1057E0006F8FBFF34F8FFEE7019B002BB2D04FF0BE
:1057F000500383F31188BFF36F8FBFF34F8FFEE722
:105800002046FFF771FD00F02DFDF7F73BFAA36B83
:10581000002BD8D0F7F758FACDE7F7F755FA0199EA
:1058200004F1240000F0A4FD2046FFF75DFD00F028
:1058300019FD0028BFD14FF0E0234FF08052C3F88C
:10584000042DBFF34F8FBFF36F8FB4E74FF05003BA
:1058500083F31188BFF36F8FBFF34F8FFEE7226C86
:1058600052B1E168A36811449942E16024BF216804
:10587000E1603046ECF7CCFB013DA56323691BB921
:10588000F7F722FA0120A1E704F1100000F08AFDE9
:105890000028F5D04FF0E0234FF08052C3F8042DDC
:1058A000BFF34F8FBFF36F8FEAE700BFF0B585B04E
:1058B0000191002856D0066C044646B14FF05003C3
:1058C00083F31188BFF36F8FBFF34F8FFEE700F0B4
:1058D0001DFE054600284ED03546F7F7D3F9A36BD9
:1058E00000278BBB019B002B00F09A80002D5CD021
:1058F000F7F7EAF900F06AFBF7F7C4F994F84430D7
:10590000FF2B08BF84F8447094F84530FF2B08BF84
:1059100084F84570F7F7D8F901A902A800F092FDC4
:10592000002834D1F7F7AEF9A36B002B44D0F7F77A
:10593000CBF92046FFF7D8FC00F094FCF7F7A2F96A
:10594000A36B0125002BCDD02268013BA363002A65
:1059500000F082802369002B6DD1F7F7B5F90120A3
:1059600005B0F0BD4FF0500383F31188BFF36F8F84
:10597000BFF34F8FFEE7019B002B38D04FF0500351
:1059800083F31188BFF36F8FBFF34F8FFEE720467D
:10599000FFF7AAFC00F066FCF7F774F9A36B43B9B4
:1059A000F7F792F92EBB0020DAE702A800F03EFDDF
:1059B0009EE7F7F789F9C1E7F7F786F9236833B36C
:1059C000019904F1240000F0D3FC2046FFF78CFC81
:1059D00000F048FC0028B1D14FF0E0234FF0805296
:1059E000C3F8042DBFF34F8FBFF36F8FA6E72E468A
:1059F00073E7F7F747F9616A19B1236B1968C1F1C9
:105A00000701A06800F03CFEF7F75EF9CBE7F7F777
:105A100039F9A06800F08AFD0646F7F755F9CFE797
:105A2000002EF1D04FF0500383F31188BFF36F8F36
:105A3000BFF34F8FFEE704F1100000F0B3FC002825
:105A40008BD04FF0E0234FF08052C3F8042DBFF30A
:105A50004F8FBFF36F8F80E700F076FEA06079E78D
:105A60002DE9F84310B30E461746044691B1F7F7F7
:105A700025FAEFF311894FF0500383F31188BFF338
:105A80006F8FBFF34F8FA56BCDB9284689F311886F
:105A9000BDE8F883036C002BE9D04FF0500383F38B
:105AA0001188BFF36F8FBFF34F8FFEE74FF05003A6
:105AB00083F31188BFF36F8FBFF34F8FFEE794F826
:105AC0004480226C4FFA88F852B1E168A36811440F
:105AD0009942E16024BF2168E1603046ECF798FA12
:105AE000013DB8F1FF3FA56306D008F101035BB2A9
:105AF00084F844300120C9E72369002BFAD004F16F
:105B0000100000F04FFC0028F4D0002FF2D0012349
:105B10003B60EFE7F8B5214B214D1E682B6804462A
:105B2000181D0F46FFF790FB40B92B681D49DB6A33
:105B300001229A400B6823EA02030B60631C0FD01A
:105B40002B6834195C6010D2174B1868296804312F
:105B5000FFF762FB154B1A68A24200D91C60F8BD22
:105B6000A7B92B68721E5A603EB1114B186829689C
:105B7000BDE8F8400431FFF74FBB0B4B18682968AC
:105B80000431FFF749FB094B1B68F8BD2968094838
:105B9000BDE8F8400431FFF731BB00BF14A200207C
:105BA00018A3002010A2002060A20020F8A100206D
:105BB0005CA200201CA2002080B5174D174F184E84
:105BC000DFF860804FF0E02A4FF0805914E0F7F7DB
:105BD00059F8FB68DC68201DFFF736FB3368013B92
:105BE00033602B68013B2B60F7F76EF8206B01F0F8
:105BF0002BF9204601F028F92B68002BE7D1D8F8C3
:105C00000030012B05D9CAF8049DBFF34F8FBFF3B5
:105C10006F8F0AF003F9EFE730A2002034A20020D2
:105C200018A200208CA200202DE9F04796008046A3
:105C300030460D46994601F079F8002800F0818041
:105C40000746542001F072F80446002876D0076316
:105C500032463846A521EAF7FFFB236B043E1E447B
:105C600026F00706002D7FD005F1FF3C05F10F025D
:105C700004F133031CF8015F03F8015F0DB1944593
:105C8000F8D1002384F84330089D062D28BF06254F
:105C90004FF0000A271DE56265643846C4F848A045
:105CA000FFF7A8FAC5F1070504F11800FFF7A2FAFB
:105CB000C4F84CA0A56184F850A0246164624A46EF
:105CC00041463046F6F7B6FF099B206003B11C60E1
:105CD000F6F7D8FF384A394D1368013313602B6843
:105CE000002B38D0364EE06A336873B3DFF8F480A7
:105CF000344A3946344F3B6801333B60176801230F
:105D0000834000EB80003B4308EB80001360FFF70B
:105D100075FAF6F7D9FF336873B12A68E36AD26A75
:105D20009A4209D24FF0E0234FF08052C3F8042D7D
:105D3000BFF34F8FBFF36F8F012004E0384601F0AF
:105D400083F84FF0FF30BDE8F0872B68DB6A8342B1
:105D500098BF2C60CAE72C601368012B07D0E06A5B
:105D6000DFF88080164EC3E784F834508CE7DFF804
:105D70007480464608F18C0930461436FFF72EFA37
:105D8000B145F9D1DFF86090104E4846FFF726FA8A
:105D90003046FFF723FA0E48FFF720FA0D48FFF7C9
:105DA0001DFA0D48FFF71AFA0C4BE06AC3F8009091
:105DB0000B4B1E60024E9BE718A2002018A3002088
:105DC0000CA2002010A20020FCA1002064A2002050
:105DD00048A2002034A200201CA2002060A20020C3
:105DE0005CA200208CA2002078A2002070B504469E
:105DF000354DF6F747FF002C4DD0261D3046FFF7F6
:105E000023FA38B9E26A314902EB82039B00CB588E
:105E1000002B2ED0A36A1BB104F11800FFF714FA6F
:105E20002B4A1368013313602B68A3422AD0294AF6
:105E3000206B1368013B136001F006F8204601F067
:105E400003F8254B1A68126872B11A68234BD2689E
:105E5000D26852681A60F6F737FF214B1B6813B1FE
:105E60002B68A34219D070BD1C4B4FF0FF321A6053
:105E7000F1E71C49012303FA02F20B6823EA02034B
:105E80000B60C7E718483146FFF7B8F9174A13689F
:105E900001331360DFE72C68AFE7154B1B6843B194
:105EA0004FF0500383F31188BFF36F8FBFF34F8F11
:105EB000FEE74FF0E0234FF08052C3F8042DBFF30C
:105EC0004F8FBFF36F8F70BD18A300208CA20020EE
:105ED000FCA1002018A2002060A20020F8A1002050
:105EE0000CA2002010A2002034A2002030A200202A
:105EF000F0A1002010B50446F6F7C4FE24B1E46A10
:105F0000F6F7E2FE204610BD034B1C68E46AF6F784
:105F1000DBFE204610BD00BF18A3002010B50446CC
:105F2000F6F7CCFFEFF311834FF0500282F31188A4
:105F3000BFF36F8FBFF34F8F1CB1E06A83F31188FB
:105F400010BD034A1468E06A83F3118810BD00BFD6
:105F500018A3002030B5174B1749184883B0002408
:105F6000CDE9004380222346FFF75EFE01280CD0D6
:105F7000013001D003B030BD4FF0500383F31188DE
:105F8000BFF36F8FBFF34F8FFEE74FF0500383F3E4
:105F90001188BFF36F8FBFF34F8F0949094A0A4B2E
:105FA0004FF0FF350D6010601C6003B0BDE830405D
:105FB000F6F7FABEF4A10020E89B0308B95B0108DC
:105FC000F8A100200CA2002014A20020024A1368AD
:105FD00001331360704700BFF0A10020014B186827
:105FE000704700BF14A200202DE9F04F4C4B1B68F6
:105FF00083B0002B48D14B4B1D6801351D60002D2F
:1060000050D0494B0193019B1B68AB4257D8474E78
:10601000DFF830813368DFF830911C68002C72D0D3
:10602000434F002422E0FFF70FF9DBF828200BF1A3
:1060300018000AB1FFF708F9DBF82C003B680122D1
:10604000824000EB80001A43514608EB80003A6022
:10605000FFF7D4F8D9F80030DBF82C20DB6A9A423D
:1060600028BF012433681B68002B4CD03368DB68E1
:10607000D3F80CB0DBF804200BF1040A954250462B
:10608000D1D2019B1A601FE02A4A13680133002411
:106090001360294B1B68002B0CBF2046012003B066
:1060A000BDE8F08F214B1A681268CAB14FF0500357
:1060B00083F31188BFF36F8FBFF34F8FFEE7DFF8D5
:1060C0008480DFF884900024D9F80030DB6A03EB89
:1060D00083039B0058F80330022B28BF0124D8E724
:1060E000164A186811681960154910600A6801326B
:1060F0000A601A6812685AB90B4B01931A464FF09E
:10610000FF3313607FE7019A4FF0FF331360DBE743
:106110001B68054ADB680192DB685B68136072E705
:10612000F0A1002014A20020F8A1002060A200200D
:1061300010A2002008A2002004A200205CA20020DF
:1061400000A200208CA2002018A300202DE9F84F07
:10615000F6F798FD394B1A68013A1A601B68002B54
:106160005BD1374B1B68002B57D0DFF8ECA0DAF877
:106170000030002B5ED0334DDFF8E080324FDFF887
:10618000E0900126DAF80C30DC6804F1040B04F12D
:106190001800FFF759F85846FFF756F8E06A2A68E2
:1061A00006FA00F300EB80001343594608EB800029
:1061B0002B60FFF723F83B68E26ADB6A9A4228BF4C
:1061C000C9F80060DAF80030002BDBD11F4B1A68E9
:1061D000126842BB1E4B4FF0FF321A601D4E3468EE
:1061E00044B10125FFF700FF08B1C9F80050013C98
:1061F000F8D13460D9F800307BB14FF0E0234FF094
:106200008052C3F8042DBFF34F8FBFF36F8F01246B
:10621000F6F75AFD2046BDE8F88F0024F6F754FD46
:106220002046BDE8F88F1A68094BD268D2685268D8
:106230001A60D3E7DFF82890D0E700BFF0A1002074
:1062400018A2002010A2002018A3002060A20020A5
:10625000F8A1002008A2002048A200208CA2002063
:1062600004A20020064B1B6843B94FF0500383F390
:106270001188BFF36F8FBFF34F8FFEE7FFF766BF45
:10628000F0A1002010B550B94FF0E0234FF080523C
:10629000C3F8042DBFF34F8FBFF36F8F10BD104CA9
:1062A000216841B14FF0500383F31188BFF36F8F22
:1062B000BFF34F8FFEE7236801332360FFF72AFC0B
:1062C000236843B94FF0500383F31188BFF36F8FF6
:1062D000BFF34F8FFEE7FFF739FF0028D4D010BD82
:1062E000F0A100201D4B1B681BB11D4B01221A6041
:1062F00070471B4A10B51B4C136022682368126854
:106300001B6B9A4223D9184B1B68B3FA83F3DBB299
:10631000C3F11F0303EB830314499A0001EB8303CA
:10632000885840B94FF0500383F31188BFF36F8F43
:10633000BFF34F8FFEE758680832406858600A4440
:10634000904204BF40685860C368236010BD206855
:106350002168343109F050FDD5E700BFF0A10020DD
:1063600004A2002018A3002010A200208CA200206C
:1063700060B110B50A4B0C4619681831FEF74CFF96
:1063800020460121BDE81040FFF7C4BB4FF0500389
:1063900083F31188BFF36F8FBFF34F8FFEE700BF0A
:1063A00018A3002038B5C368DC6854B304F118059D
:1063B0002846FEF749FF174B1B6873B1164829465C
:1063C000FEF71CFF154BE26A1B68DB6A9A4283BF2B
:1063D000134B01201860002038BD251D2846FEF70C
:1063E00033FF104AE06A29460123156883402B4396
:1063F00013600D4B00EB800003EB8000FEF7FEFE08
:10640000E0E74FF0500383F31188BFF36F8FBFF3C2
:106410004F8FFEE7F0A1002048A2002018A3002023
:1064200004A2002010A200208CA20020034A044BEA
:1064300012681B68C0E90023704700BF00A200205B
:1064400014A20020F8B508B30D46B1B10446F6F722
:1064500019FC2B681A4A581C11682CD0DFF864C04C
:10646000D4E90060DCF80070BE4218D0884216D82B
:106470000124F6F729FC2046F8BD4FF0500383F3C2
:106480001188BFF36F8FBFF34F8FFEE74FF05003BC
:1064900083F31188BFF36F8FBFF34F8FFEE7A1EB3C
:1064A000000E734509D95B1ADCF80010126803442A
:1064B0002B60C4E900120024DBE700232B60D7E740
:1064C00014A2002000A20020014B01221A60704794
:1064D00004A2002078B1006B0378A52B11D10346EC
:1064E0009C4613F8012FA52AFAD0C0F101006044A0
:1064F000C0F38F007047044B1868006B0378A52B1E
:10650000EDD00020704700BF18A30020054B1B688A
:1065100033B1054B1868B0FA80F04009400070476D
:10652000012070470CA20020F0A10020F8B504461D
:10653000C8B1244DC36A2A68D26A934214D28269D0
:10654000002A04DB2A68D26AC2F1070282611E4E69
:10655000626903EB830306EB83039A420CD02B683A
:10656000DB6AE3620120F8BD2B68406CDB6A98426D
:106570002CBF00200120F8BD271D3846FEF764FE21
:1065800070B9E16A114A01EB81039B00F35843B9EA
:10659000012303FA01F1136823EA0103136000E009
:1065A0000A4A2B68D86AE06201231468834000EB32
:1065B00080002343394606EB80001360FEF71EFE81
:1065C000D0E700BF18A300208CA2002010A200205A
:1065D00010B3F8B5274B1B688342044608D04FF030
:1065E000500383F31188BFF36F8FBFF34F8FFEE724
:1065F0009B6C43B1C16A426C013B9142836400D001
:1066000063B10020F8BD4FF0500383F31188BFF34E
:106610006F8FBFF34F8FFEE700207047061D304697
:10662000FEF712FEA8B11448144A636CE3623146C7
:1066300001251668C3F10707A76105FA03F403EB08
:10664000830300EB830034431460FEF7D7FD284634
:10665000F8BDE36A084803EB8302920082580AB14E
:10666000064AE2E7054A01259D40136823EA05032F
:106670001360DAE718A300208CA2002010A20020EB
:1066800000283FD0836C70B504464BB1406CE26A81
:10669000814238BF01468A4201D0012B09D070BD2A
:1066A0004FF0500383F31188BFF36F8FBFF34F8F09
:1066B000FEE7224B1B68A34225D0A369E162002BB1
:1066C000A8BFC1F107011E4DA8BFA16102EB820264
:1066D000616905EB82039942E1D1261D3046FEF740
:1066E000B3FDE36AC0B10122164C9A4098001844E9
:1066F00023681343314605EB80002360BDE87040FA
:10670000FEF77CBD70474FF0500383F31188BFF351
:106710006F8FBFF34F8FFEE703EB830080000122F2
:106720002C589A4098000CB1064CE0E7054CD4F880
:1067300000C02CEA020CC4F800C0D8E718A300205F
:106740008CA2002010A20020044B1A681AB119680C
:106750008A6C01328A641868704700BF18A3002051
:106760002DE9F041204C1E46074688461546F6F7AF
:1067700089FA236893F85030022B09D02268D36C31
:1067800023EA0703D3642368012183F85010B6B9C4
:10679000F6F79AFAF6F776FA15B12368DB6C2B60F8
:1067A000236893F85030022B17D00025236800226D
:1067B00083F85020F6F788FA2846BDE8F081304685
:1067C000FFF7A8F94FF0E0234FF08052C3F8042DF3
:1067D000BFF34F8FBFF36F8FDAE72268D36C23EAE2
:1067E00008030125D364E1E718A30020F8B5F8B148
:1067F0001E460F4615460446F6F744FA0EB1E36C02
:10680000336094F850600223F6B284F85030042DBF
:1068100050D8DFE805F006161A050300022E36D020
:10682000E764012E15D00124F6F74EFA2046F8BD94
:106830004FF0500383F31188BFF36F8FBFF34F8F77
:10684000FEE7E36C3B43E364EBE7E36C0133E364B3
:10685000E7E7251D2846FEF7F7FC1C4AE06A2946B3
:10686000156806FA00F32B431360194B00EB800008
:1068700003EB8000FEF7C2FCA36A53B14FF0500354
:1068800083F31188BFF36F8FBFF34F8FFEE70024B0
:10689000CAE7104BE26A1B68DB6A9A42C3D94FF021
:1068A000E0234FF08052C3F8042DBFF34F8FBFF3A6
:1068B0006F8FB8E7E36C0133B3D04FF0500383F32D
:1068C0001188BFF36F8FBFF34F8FFEE710A2002038
:1068D0008CA2002018A3002058B32DE9F0410F46E8
:1068E00015461E460446F6F7E9FAEFF311884FF015
:1068F000500383F31188BFF36F8FBFF34F8F0EB137
:10690000E36C336094F850600223F6B284F85030A0
:10691000042D56D8DFE805F006161A050300022EEE
:1069200023D0E764012E15D0012088F31188BDE83B
:10693000F0814FF0500383F31188BFF36F8FBFF3E3
:106940004F8FFEE7E36C3B43E364EBE7E36C01331B
:10695000E364E7E7A36A53B14FF0500383F3118870
:10696000BFF36F8FBFF34F8FFEE70020DDE71B4BB8
:106970001B6803BB251D2846FEF766FCE06A184B22
:10698000184A864000EB800002EB80001A68294616
:1069900016431E60FEF732FC134BE26A1B68DB6A8B
:1069A0009A42C1D9069B13B1069A012313600F4B7B
:1069B00001221A60B8E70E4804F11801FEF71EFC28
:1069C000EAE7E36C0133ADD04FF0500383F3118855
:1069D000BFF36F8FBFF34F8FFEE700BFF0A1002022
:1069E00010A200208CA2002018A3002004A20020E6
:1069F00048A2002008B5FFF7ADFA002008BD00BF8F
:106A000010B584460B46BCF81020DCF80010BCF929
:106A100008C0406884B0BCF1840F14BF0CF10304BB
:106A20000024009403AC0194FFF7FEF801280CBF8A
:106A30000398002004B010BD08B5EFF3058333B10F
:106A4000FFF76CFA062806D8033800B208BDFFF736
:106A500051FA0628F8D9842008BD00BF08B50128DE
:106A600038BF0120FFF70EFC002008BD00B5002351
:106A700085B0CDE90233EFF30583BBB102AB0093E0
:106A8000012203ABFFF728FF012815D1029B4BB170
:106A90004FF0E0234FF08052C3F8042DBFF34F8F27
:106AA000BFF36F8F039805B05DF804FB03AB0122C1
:106AB000FFF79CFE0128F5D04FF00040F3E700BF40
:106AC00030B585B0002304460293EFF3058048B14A
:106AD0008223019304AB13E9070084E807002046F2
:106AE00005B030BD1346154602AAFFF739FE01284E
:106AF00004D02B1E18BF01239B01EAE7029B002B49
:106B0000B4BF86230823E4E7012910B502D000248E
:106B1000204610BD084603220021FEF771FC044602
:106B20000028F5D000231A461946FEF78BFC2046B4
:106B300010BD00BF00B583B00023019310B3EFF385
:106B40000582AAB101AA1946FEF78AFF012815D1CC
:106B5000019B8BB14FF0E0234FF08052C3F8042D1E
:106B6000BFF34F8FBFF36F8F002003B05DF804FBBE
:106B7000FEF79CFE012801D10020F6E7FF2003B0BC
:106B80005DF804FB802003B05DF804FB00B583B022
:106B900000230193EFF30583A3B101A9FEF776FD6E
:106BA000012815D1019B4BB14FF0E0234FF08052EB
:106BB000C3F8042DBFF34F8FBFF36F8F002003B0D6
:106BC0005DF804FB1A461946FEF73CFC0128F5D097
:106BD000FF2003B05DF804FBD0E900010022FEF7BE
:106BE0000FBC00BF10B584B0002401910394EFF3F3
:106BF0000583ABB1234603AA01A9FEF7E5FC0128F2
:106C000016D1039B4BB14FF0E0234FF08052C3F8F5
:106C1000042DBFF34F8FBFF36F8F002004B010BD62
:106C2000012A38BF012201A9FEF70CFC0128F4D08B
:106C3000FF2004B010BD00BF30B50B4685B0002169
:106C4000CDE9021304468BB30091EFF3058199B9A6
:106C500002A918461546FEF76FFD012829D02A1E05
:106C600018BF01229201019204AB13E9070084E8E6
:106C70000700204605B030BD18466A4602A9FEF757
:106C8000EFFEA0F10100B0FA80F04009009B000186
:106C90000190002BE8D04FF0E0234FF08052C3F872
:106CA000042DBFF34F8FBFF36F8FDDE78023019378
:106CB000DAE710230193D7E708B5FFF727FC01288F
:106CC00000D108BDBDE80840F6F744B810B4154B34
:106CD0001A461B688342FBD35468416802EB040CDC
:106CE000604513D04418A34206D00360824218BF07
:106CF00010605DF8044B70470B4C2468A342F4D03D
:106D0000D3E90034214403604160EFE72144501887
:106D100083425160EDD1044800688342E9D01046B7
:106D2000EEE700BF2CA3002028A300202DE9F843A4
:106D30003E4E0446FFF74AF93368002B58D03C4BCF
:106D40001D682C422ED16CB304F1080160071CBFF2
:106D500021F00701083129B3DFF8E880D8F8007086
:106D60008F421FD33348046803E0236823B12046D1
:106D70001C4662688A42F8D33368A34212D0531A81
:106D80002668D0F800900660102B16D960184207CC
:106D90000ED04FF0500383F31188BFF36F8FBFF312
:106DA0004F8FFEE7FFF75EFA00263046BDE8F88316
:106DB00043606160FFF78AFF62681F4B1968BF1A62
:106DC0008F4238BF1F602A430023C4E9003209F113
:106DD0000806C8F80070FFF745FA7307E5D04FF0D2
:106DE000500383F31188BFF36F8FBFF34F8FFEE71C
:106DF000124B134A10490E4F5D0718BF07330D4D54
:106E000022F0070218BF23F007032B601846D31A9D
:106E10000B600C4932600B60002169604FF0004547
:106E2000C2E900113D60C0E900238AE728A30020E1
:106E30001CA300202CA3002020A300200000001091
:106E4000F8FF001024A30020D0B11A4A50F8043CE7
:106E5000126813420BD050F8081C91B14FF0500348
:106E600083F31188BFF36F8FBFF34F8FFEE74FF0AF
:106E7000500383F31188BFF36F8FBFF34F8FFEE78B
:106E8000704700B523EA020383B040F8043C019048
:106E9000FFF79CF8084A0198116850F8043C08383C
:106EA0000B441360FFF712FF03B05DF804EBFFF72C
:106EB000D9B900BF1CA3002024A30020014B1868EF
:106EC000704700BF20A30020A0B1D0F8B83213B1A2
:106ED0000023C0F8B832D0F8CC3213B10023C0F888
:106EE000CC3209B1C0F8B412012380F89C32027090
:106EF000F7F714BE0320704730B583B00024ADF817
:106F0000064059B18B6AC0F8B81205460DF106006B
:106F10009847C5F8CC02204603B030BD032003B02B
:106F200030BD00BFF7F736BED0F8B8320BB11B68E2
:106F300018470320704700BF08B5D0F8B8320BB12E
:106F40005B689847002008BD38B5044600F2AA25C2
:106F5000284600F089FB94F8AA12B4F8B022C4F8CD
:106F600098220123C4F8943201F01F03012B0ED0A4
:106F7000022B06D08BB929462046BDE8384000F0E8
:106F8000F9B829462046BDE8384000F0CBBA29467A
:106F90002046BDE8384000F08FBA204601F080015D
:106FA000BDE83840F7F71CBE10B5044631B91346AA
:106FB000D0F89422032A0ED0002010BDD0F8B832A9
:106FC0009B6933B190F89C22032A02D1BDE810409E
:106FD0001847032010BDD0E9571291420DD8D0F8C0
:106FE000B8321B6923B190F89C22032A00D198473C
:106FF000204600F0A5FB0020DFE7891A8A4228BF5F
:107000000A46C0F85C11194600F092FBD4E700BFB5
:1070100070B5044669B91346D0F89422022A15D0F7
:1070200094F8A032012B02D1002384F8A032002072
:1070300070BDD0F8B8325B6933B190F89C22032A56
:1070400002D1BDE870401847032070BDD0E9072683
:10705000B2420D4610D81ED0D4F8B832DB681BB14E
:1070600094F89C22032A13D080212046F7F7B8FD1C
:10707000204600F071FBD3E7921BC261194600F075
:1070800041FB2B462A4629462046F7F7EDFDC7E788
:1070900020469847E8E783699A42DDD8D0F89822DD
:1070A0009342D9D20A4600F02DFBC4F89852E8E783
:1070B000D0F8BC320021012270B5044680F89C2231
:1070C000C0F894124160C0F8A4121BB1D0F8B832D5
:1070D0005B68984700224025114601264023204640
:1070E000F7F764FDA4F86461C4F860512B460022F0
:1070F00080212046F7F75AFD0020A684256270BD46
:1071000001740020704700BF90F89C2280F89D22F7
:10711000042380F89C320020704700BF90F89C3216
:10712000042B04BF90F89D3280F89C3200207047F9
:1071300090F89C22032A01D00020704708B5D0F8AF
:10714000B832DB6903B19847002008BD00207047C2
:107150000020704700207047D0F8B822012180F845
:107160009C122AB108B5526801799047002008BDE9
:107170000020704730B50B7803F06003202B83B0FC
:107180000D46044628D0402B26D05BB180212046F6
:10719000F7F726FD00212046F7F722FD00252846B7
:1071A00003B030BD4B78092BF0D801A252F823F080
:1071B00021720108497201088D7101086772010886
:1071C0008D7101086F720108A97201088D710108A3
:1071D000DD720108EB710108D4F8B8329B682946CA
:1071E000204603B0BDE8304018478978B14D0129E9
:1071F000297000F2318190F89C32022B00F013814B
:10720000032B00F0EE808021F7F7EAFC00212046F6
:10721000F7F7E6FC29782046FFF78EFE0325BEE748
:1072200090F89C32013B022BB0D8CA88022AADD11B
:10723000D0F8A4320146002B0CBF0123032341F8F0
:107240000C3F00F051FAA9E790F89C32013B022B69
:107250009CD84B88012BA1D10023C4F8A43220462E
:1072600000F06EFA9AE74B88012B97D1F5E78B88EF
:10727000002B8BD1CB88002B88D14B887F2B85D8D6
:1072800090F89C22032A81D0DDB280F89E522946D4
:10729000F7F7D2FC204600F053FA002D00F0FC80F6
:1072A000022384F89C3279E74A88130A0021013BC3
:1072B000ADF80610062B3FF669AF01A151F823F097
:1072C0008173010867730108557301088D71010806
:1072D0008D7101083F73010803730108CA88012AF0
:1072E0007FF454AF90F89C32022B00F2AE80002B5A
:1072F0003FF44CAF0146002341F8083F00F0F4F999
:107300004CE7037C002B7FF441AFD0F8B8320DF18D
:1073100006001B6B984707234370EB88002B9ED019
:10732000BDF80620002A3FF431AF9A4228BF1A4622
:1073300001462046ADF8062000F0D6F92EE7037C82
:10734000002B7FF423AFD0F8B8320DF106005B6B51
:107350009847E2E7D1B2052900F2A280DFE801F008
:107360003B352F231829027CD0F8B832002A40F090
:1073700085809B6A0DF10600984702234370CCE795
:10738000D0F8B432007C1B680DF106019847C4E7C1
:10739000D0F8B4325B69002B3FF4F8AE207C0DF1DD
:1073A00006019847B9E7D0F8B4321B69002BF5D134
:1073B000ECE6D0F8B4329B69002BEFD1E6E6D0F8CA
:1073C000B432DB68002BE9D1E0E6D0F8B4329B6838
:1073D000002BE3D1DAE6D0F8B4325B68002BDDD1C4
:1073E000D4E6002940D0416801293FF438AFC9B242
:1073F000FFF7A2FD297861602046FFF795FD05465D
:1074000000283FF42CAF80212046F7F7E9FB00214C
:107410002046F7F7E5FB21792046FFF78DFD022393
:1074200084F89C32BBE600293FF419AF012141608A
:10743000FFF77AFD054640B380212046F7F7D0FBE1
:1074400000212046F7F7CCFBA9E6032B7FF49EAE84
:10745000011D00F049F9A1E68021F7F7C1FB0021E9
:107460002046F7F7BDFBD9E6022380F89C32416045
:10747000FFF762FD204600F063F98FE6DB6A0DF14D
:10748000060098470223437047E7204600F058F96A
:10749000032384F89C3281E6012384F89C327DE644
:1074A000D0F8B8329B6B002B3FF470AE0DF10602A2
:1074B000984732E734A3002070B50B785A060D4682
:1074C00004460DD503F06002402A09D08021F7F769
:1074D00087FB00212046F7F783FB0026304670BD6E
:1074E00094F89C32013B022B12D82B79012B0FD838
:1074F000D4F8B83229469B6820469847EB88064660
:10750000002BEBD10028E9D1204600F019F9E5E77E
:1075100080212046F7F764FB00212046F7F760FB47
:10752000DBE700BF70B50B788A8803F06003202B7F
:107530000C4605463AD0402B38D04BB18021284626
:10754000F7F74EFB00212846F7F74AFB002070BDF5
:107550006378012BD1B242D0032B2FD0002BEDD179
:1075600090F89C32022B58D0032BE7D101F00F0387
:1075700003EB8303120600EB83035DD4B3F864319D
:10758000002BDBD0142404FB010404F5AA740029A9
:107590005FD02846F7F73CFB002860D0012323602A
:1075A00002222146284600F09FF8CFE7D5F8B832EE
:1075B000214628469B68BDE87040184790F89C32E9
:1075C000022B21D0032BB9D1638823B94A0602D0FC
:1075D000E388002B45D0284600F0B2F8B6E790F8D3
:1075E0009C32022B10D0032BA8D16388002BADD185
:1075F0004E0631D1284600F0A3F8D5F8B83221461E
:107600009B6828469847A1E74B0697D0F7F7E8FA1A
:1076100080212846F7F7E4FA98E748068ED111064C
:107620004CBF05F1140105F5AA7100230B6002227D
:10763000284600F059F889E79B8C002B3FF47EAF79
:1076400001F07F04013404EB8404802900EB8404FE
:107650009FD100232360A3E7F7F7CEFACAE72060A3
:107660009EE7F7F7BDFAB6E70B7803704B784370E7
:107670004B8843808B888380CB88C380704700BF52
:1076800010B580210446F7F7ABFA20460021BDE88B
:107690001040F7F7A5BA00BF08B370B503780E46DF
:1076A00014460546E3B10130E8F76AFE431CDBB23D
:1076B00001335B00DAB223800323327073702C78BD
:1076C00064B12846022300215A1CD2B2F454B154AA
:1076D00010F8014F0233DBB2002CF5D170BD7047BA
:1076E00002221346E7E700BF08B513460A46022107
:1076F000C0E90633C0F894120021F7F7A9FA002078
:1077000008BD00BF08B513460A460021F7F7A0FAE6
:10771000002008BD08B513460A460321C0E95633C8
:10772000C0F894120021F7F79FFA002008BD00BFAF
:1077300008B513460A460021F7F796FA002008BD5F
:1077400008B504220023C0F8942219461A46F7F718
:107750007FFA002008BD00BF08B505220023C0F84D
:10776000942219461A46F7F77FFA002008BD00BF99
:10777000D0F8C03283B110B5D0F8BC4294F84000C4
:10778000FF2807D09B6894F8412021469847FF23A3
:1077900084F84030002010BD002070476A23038029
:1077A00000487047B00B00200A2303800048704750
:1077B000580C0020012970B5D0F8BC6204460D4673
:1077C00015D0032911D1683629462046F7F758FA13
:1077D000D4F8BC32706043B1D4F8C0322A46DB68BA
:1077E000311D00209847002070BD032070BD503629
:1077F000EAE700BF38B5D0F8BC52D0F8C4427DB338
:1078000001EB810200EB82028C4693694BB1C1EB24
:10781000C10E04EB8E04246CB3FBF4FE04FB1E3398
:107820003BB1BCF1010F09D0BCF1030F0FD0002018
:1078300038BD93611A46F7F70BFAF8E7094B0022B7
:10784000186885F84C200321FFF7CCF9EFE7054BCA
:107850000022186885F864200421FFF7C3F9E6E7E1
:10786000032038BD1CE7002070B582B00B78D0F83B
:10787000BC6200228DF80520ADF8062013F06002EE
:107880000C4605461AD0202A06D028462146FFF786
:10789000F7FE032002B070BDCA8891F801C05AB348
:1078A0001B064AD5D5F8C03231469B6860469847DA
:1078B000E28831462846FFF717FF22E04B780B2B72
:1078C000E3D801A252F823F00979010803790108ED
:1078D0008B7801088B7801088B7801088B78010878
:1078E0008B7801088B7801088B7801088B78010868
:1078F000277901081D790108D0F8C03260469B68DD
:107900009847002002B070BD90F89C32032BBCD188
:1079100002220DF10601FFF7E7FEF2E790F89C3234
:10792000032BEED0B1E790F89C32032BADD10122AE
:107930000DF10501FFF7D8FEE3E786F840C086F8B1
:1079400041203146FFF7E6FEDBE700BF38B50446CD
:1079500000258121F7F738F9012125872046F7F71F
:1079600033F98221A4F878512046F7F72DF98321C5
:10797000E5642046F7F728F90321A4F86050204673
:10798000F7F722F9D4F8BC32A4F8A0514BB1D4F8DF
:10799000C0325B689847D4F8BC02EAF731FBC4F800
:1079A000BC52002038BD00BF70B504467420EAF711
:1079B0001FFB0546C4F8BC02C8B3012640230222BF
:1079C00081212046F7F7F2F831464023268702222C
:1079D0002046F7F7EBF81022A4F84E204023A4F835
:1079E0007861022283212046F7F7E0F84023022243
:1079F000A4F8606003212046F7F7D8F8032282211B
:107A00000823A4F8A0612046F7F7D0F8D4F8C032D4
:107A1000A4F84C601B689847002385F84C3085F823
:107A2000583085F8643085F87030184670BD0220F3
:107A300070BD00BF6A23038000487047B00B002070
:107A40006A23038000487047B00B002019B1C0F8CA
:107A5000C012002070470320704700BF38B5D0F82F
:107A6000BC426CB1812B9C460DD0832B08D194F87D
:107A700064305C3403F0FF0563B10125284638BD4E
:107A80000325284638BD94F84C30443403F0FF05F4
:107A9000002BF2D113460A4661464FF0010C84F8E0
:107AA00008C0F7F7D5F8284638BD00BF10B5D0F8A4
:107AB000BC423CB18C46194613466246F7F7D4F8EF
:107AC000002010BD032010BDF0B5044685B00F4660
:107AD0001D4602B1106094F828301BBB02AE95E839
:107AE000030004F1200383E8030097E8030004F196
:107AF000180282E803006068022284F828200268E5
:107B000004F10F031568236103930D4B04F10C027C
:107B1000CDE9003402926B46314604F10802A847D1
:107B200005B0F0BD03238DF808302B683A68039246
:107B300002AE002BD3D096E8060068689847CEE7DF
:107B4000698101082DE9F04788B002AC84E806009D
:107B5000DDF840A08846914605460E4603B1186000
:107B600095F82830002B76D106ACA9EB08077F2FBB
:107B70000CD9DAF80030CDF81C8003228DF81820DB
:107B800023B194E80600DAF8040098479AE8030065
:107B900005F1200383E80300FAB2AA232B736A736A
:107BA00005F10C030820E8214FFA81FC4900BCF1E3
:107BB000000F00F1FF30C9B2B8BF81F0370110F0FB
:107BC000FF00F1D14A40082150B25200002801F1D3
:107BD000FF31D2B2B8BF82F0370211F0FF01F3D10A
:107BE000C5E90689AA73002F46D0474441F23732CF
:107BF00043F6655096F800C00821013682EA0C224F
:107C00000FFA82FC5200BCF1000F01F1FF3192B279
:107C1000B8BF424011F0FF01F2D1BE42EAD1110AD1
:107C2000D2B26868E9732A74026806931668144A27
:107C3000049205F10F0304AA022185F82810079386
:107C40006B61009294E80600059505F10803B047C2
:107C500008B0BDE8F087DAF80030CDF81C800322C8
:107C60008DF8182006AC002B3FF47FAF94E8060097
:107C7000DAF80400984778E737221321D1E700BFEC
:107C8000017F01084268816870B414680123646848
:107C900080F828302848844242D1506891680568AD
:107CA00082F828306D68A54237D14268816814682F
:107CB00080F828306468AC4232D150689168056819
:107CC00082F828306D68A54227D14268816814681F
:107CD00080F828306468AC4222D150689168056809
:107CE00082F828306D68A54217D14268816814680F
:107CF00080F828306668AE4216D1546891682068D2
:107D000082F828304268B24212D1D4E901010268F7
:107D100084F8283070BC536818472B4670BC18474D
:107D20002346104670BC18473346104670BC1847AF
:107D3000204670BC104700BF857C010842688168FE
:107D400070B414680123646880F82830284884429D
:107D500042D150689168056882F828306D68A54264
:107D600037D142688168146880F828306468AC4272
:107D700032D150689168056882F828306D68A54254
:107D800027D142688168146880F828306468AC4262
:107D900022D150689168056882F828306D68A54244
:107DA00017D142688168146880F828306668AE424E
:107DB00016D154689168206882F828304268B2422F
:107DC00012D1D4E90101026884F8283070BC5368EC
:107DD00018472B4670BC18472346104670BC1847FE
:107DE0003346104670BC1847204670BC104700BF91
:107DF0003D7D010870B5034688B002A880E8060002
:107E000093F828209DF80810039C012A2BD0D9B99B
:107E10005D69AC4235D3022A5CD0032A42D0042AE1
:107E20001FD1D3E90724586A83F82810C3E9081141
:107E30008DF818100792A4B108AB13E90600234689
:107E400008B0BDE8704018471C6A9D69586A8DF8F3
:107E500018100022C3E9082283F828200795002C77
:107E6000EAD108B070BD1C6A9D69586A8DF8182067
:107E70000021C3E9081183F828100795002CDBD1F5
:107E8000EFE75868026816681C4A049204AA009238
:107E90000694079508AA059312E906000833B0472F
:107EA00008B070BD5868016803F111020C685A618E
:107EB000042183F8281003F10F0507920F49069556
:107EC00004AA009208AACDE9041312E906000833B7
:107ED000A047C6E75868DD690168084A5D61032468
:107EE00083F828400C68069206A9009103F1180255
:107EF000079306CA0833A04708B070BD017F010888
:107F000000B585B0EC468CE8060086469CE8030088
:107F100002AB83E8050093E80600704605B05DF803
:107F200004EBFFF767BF00BFF0B587B06B4683E88F
:107F3000060090F828109DF800300129044600F052
:107F40008380002B5DD1036993426ED8022900F033
:107F50009F80032900F08680042973D1D0E9055061
:107F6000002D00F0DA8000EB050C074641F23733B4
:107F700043F6655617F8012B83EA0223082219B24B
:107F80005B00002902F1FF329BB2B8BF734012F0D0
:107F9000FF02F4D1BC45EDD1227B43F6655683EA5E
:107FA0000223082219B25B00002902F1FF329BB2C2
:107FB000B8BF734012F0FF02F4D1627B43F66556FE
:107FC00083EA0223082219B25B00002902F1FF3282
:107FD0009BB2B8BF734012F0FF02F4D1002B40F007
:107FE0009F80266A84F8283005448DF81030606A36
:107FF0000595C4E908332EB306AB13E906003346F2
:108000000FE0056A81698DF81030002280F8282081
:108010000591406AC4E90822A5B106AB13E9060040
:108020002B4607B0BDE8F0401847406801680D686E
:1080300004924C4A0593CDE9022402AB04F10802F4
:1080400004A9A84707B0F0BD056A82698DF8101031
:10805000002380F828300592406AC4E90833002DD7
:10806000DBD1EFE74068016804F10E0304220D68DC
:10807000236184F8282005933A4B04F10802CDE9E6
:1080800002340C3402AB049404A9A84707B0F0BD35
:10809000037BAA2B20D190F90D30457B002B36DBDA
:1080A00000F10C06304604F10F07422310F8012BB3
:1080B0005340082259B25B00002902F1FF32DBB2C3
:1080C000B8BF83F0370312F0FF02F3D1B842EDD10D
:1080D00083B31546032105E00D4600F10C0601218E
:1080E00000F10F0731442A463046E8F733FD606857
:1080F00003682E441D681B4B02960397CDE9043498
:1081000004F1080204AB02A9A84707B0F0BD01259D
:1081100000F10C0600F10F07E4E741F237333BE7CB
:108120006068016804F10F0302220D6884F82820BA
:108130002361A0E7D4E906320320D21A954284F8DD
:108140002800606828BF1546AA4294BF991859199B
:10815000026865611D442561156802930391014B16
:10816000CCE700BF6981010800B585B0EC468CE81A
:10817000060086469CE8030002AB83E8050093E80E
:108180000600704605B05DF804EBFFF7CDBE00BFFA
:1081900038B5D0E9002400230D469E460CB1944228
:1081A0003CD912F801CB02600CFA03FC0833202BF7
:1081B0004EEA0C0EF2D1BEF1FF3F1CD0184B1B68EB
:1081C000734501D8012038BDD5E90004A3EB0E03A7
:1081D000241A9C42134928BF1C4622467144E9F7E1
:1081E00017FFD5E90032D21AA24294BF9B181B197F
:1081F0002B600120E7E70C4B69681C682B680022A4
:1082000024FA02F0083209B1994207D918702B6894
:10821000202A03F101032B60F2D1D3E7002038BDFF
:1082200054CF030858CF030810EA002030B4D0F828
:108230000C4103460A4644B3406883F814110268AF
:108240001F4B55689D4230D1436819684C6881685E
:108250000122AC4280F828202DD158689968056821
:1082600083F828206D68A54220D1436881681C6886
:1082700080F828206468AC421DD1D3E9010104686C
:1082800083F82820636830BC18470139D0F81851AA
:10829000D0F81C01C9B20129C3E9464498BF0322A2
:1082A0003DB119462B4630BC184721462B4630BC01
:1082B000184730BC70471846234630BC184700BFEB
:1082C000857C01082DE9F0478CB002AB83E80600FD
:1082D0009DF80810039B02292DD001292BD049BB02
:1082E00000220446944600F18C06002B3DD09E42AD
:1082F00026D200F18D018B4290F88C5020D909785C
:1083000045EA0125C9091BD104F18E01581A052837
:1083100030D82068514B026815680A9604F58672B9
:10832000CDE908340B9208AB06AA0AA9A8470CB0FD
:10833000BDE8F08703210CB0BDE8F047FFF776BF3A
:1083400004F5867908AF0DF1180A0AAD20683B469E
:108350002946424F056852462D68CDE90A69CDE9A4
:108360000874A8470CB0BDE8F08790F88C5000F175
:108370008D01C4E7002B4BD08B420AD904F18F0149
:108380008B4294F88E0004D90A7804F1900140EAF7
:1083900002220FFA82F8B8F1000FC2F30E0030DBB0
:1083A00060BB012213F801EC13F8027C47EA0E27A8
:1083B000BA42AED18B4204D94A1C93424CD931F80F
:1083C00002CBA2680491023A9445A3F102036746E6
:1083D000059388BF97B204F10E030DF1180A0693B6
:1083E00052463B4404A9079311F00CF8B8F1000F72
:1083F00004F5867911DB08AF0AADA7E7184A1288A1
:10840000D0E7D4F80C71002FCAD0C4F81031A9E716
:1084100094F88E0004F18F01B6E722466FEA4545D5
:10842000DDE906136FEA554522F80C5F5B1A6068B8
:108430000C490568C3F102033B441344D5F800809E
:10844000CDE90A2308AF00970AADCDE908144B46E1
:1084500095E80600C04779E71146B2E7698401084C
:1084600014EA00209184010800B585B0EC468CE840
:10847000060086469CE8030002AB83E8050093E80B
:108480000600704605B05DF804EBFFF71BBF00BFA8
:1084900030B484B06C4684E8060090F814410022A1
:1084A0000346C0F80C2174B9D0F81021B2B1039280
:1084B0008DF8084004AA12E90600C0F8104104B083
:1084C00030BCFFF7FFBED0F81851D0F81C01611E78
:1084D0000129C3E9462298BF032415B904B030BC72
:1084E0007047194622462B4604B030BC184700BFDF
:1084F000034603C903F58C7210B582E803001A46DF
:1085000086B052F88C0B046824680492054A03F57F
:108510008671CDE90223059102AB01AA04A9A04707
:1085200006B010BD6984010810B40346EFF3108152
:1085300072B60A4A106860B1094C24680344A34229
:1085400094BF13604FF0FF3081F310885DF8044B47
:108550007047044800681060EEE700BF38A30020B1
:10856000640C0020680C0020F5EEC00ADFED677A8D
:10857000F1EE10FA60EEA77AB5EEC00A4CDBF1EE30
:1085800010FA2BDBB4EEE70AF1EE10FA7AD570EEB2
:10859000276AB7EE007A77EEC07A37EE667AB6EEE3
:1085A000006A37EE677A27EE067A77EE277A77EE5B
:1085B000A66AF5EEC07AF1EE10FA06DBB7EE006AB5
:1085C000F4EEC67AF1EE10FA45D900230370C0ED3F
:1085D000016A80ED027AC0ED037A7047B1EE677AE6
:1085E000B4EEC70AF1EE10FAD1D59FED496AB7EEA5
:1085F000007AA0EEC67AB1EE400A30EE670AF6EED7
:10860000007A37EE407A27EE277AF0EE476AE0EEFE
:10861000866A76EE807ACCE7F1EE10FA5CDBB1EE9A
:10862000677AB4EEC70AF1EE10FA40D5B1EE407A9F
:1086300037EE677AF7EE006A30EE670A76EEC76AC1
:10864000F6EE007A76EEC06A66EEA76A76EE877A74
:1086500037EE807AADE7B5EEC07AF1EE10FAB4DB12
:10866000B4EEC67AF1EE10FAAFD8F5EEC06AF1EECC
:1086700010FAAADBF4EEC66AF1EE10FA94BF0123F9
:108680000023A3E730EE670AF7EE007A9FED206A39
:1086900077EEC07AB6EE007AE0EEC67A67EE877AB9
:1086A00037EE807AF0EE476AE0EE866A81E79FED6A
:1086B000196AB7EE007AA0EEC67A30EE270AF6EE17
:1086C000007A37EE407A67EE277A77EE806AB0EE6E
:1086D000667AA0EE867A6CE7B4EEE70AF1EE10FA5D
:1086E000A4D577EEC07AF7EE006A9FED0A6A76EEBF
:1086F000E76AB6EE007AE0EEC66A66EE876AB0EE2A
:10870000667AA0EE867A77EE277A52E73ACD133F63
:108710003ACD933F3ACD93BFF0EEC07AF0EEE06AE7
:10872000F4EEE76AF1EE10FA9FED2E6AB0EE407AB1
:108730002BDC3FD577EE867ADFED2B4A9FED2B5A67
:10874000DFED2B5A86EEA76ADFED2A7A66EE066A1F
:10875000A6EEA45AE6EE855A66EEA56AA6EE266A4D
:1087600037EEC60AF5EEC00AF1EE10FA48BFDFEDAB
:10877000227AB5EEC07A48BF37EEC00AF1EE10FAA1
:1087800000D47047B1EE400A704776EE866ADFED9E
:10879000165A9FED166A87EEA60ADFED156A60EE9F
:1087A000007AA7EEA56AE6EE276A67EEA67AA0EE43
:1087B000270AD7E736EE866A9FED0B5ADFED0B5A94
:1087C000C6EE867ADFED0A6A27EEA76AE6EE055A5C
:1087D000E5EE866A66EE866AE6EEA77AB0EE670A8E
:1087E000C0E700BF0000800016733EBD4423233E57
:1087F0002CBEA7BEDB0FC93FDB0F49402DE9F84374
:108800000F4D8046F7F738F96F6A0446F7F734F9E9
:108810008442F7D14FF47A79094E09FB0477F7F7D0
:108820002BF9756A0446F7F727F98442F7D1ED1B57
:1088300009FB0455454501D200BFF0E7BDE8F883C8
:1088400000200040DFED1F7AB5EEC00A60EE277A07
:10885000F1EE10FABDEEE77A04D517EE103A013BBF
:1088600007EE103AB8EEC77ADFED176A77EEC77AEF
:1088700067EEA67ABCEEE77A17EE103A9BB2B3F534
:10888000007F1AD207EE103AB8EE477A591C77EEFD
:10889000C77A0E4AB7EE000A02EB830302EB8102AD
:1088A00030EE670AD3ED006A92ED007A20EE260AD8
:1088B00067EE877A30EE270A704777EEE67A012175
:1088C0000023E6E783F9223E00000044E0C70408E5
:1088D0009FED217A20EE070AF5EE007A30EE270AA6
:1088E000B5EEC00AF1EE10FAFDEEC07A04D517EE2F
:1088F000903A013B07EE903AF8EEE77ADFED176A1F
:1089000070EE677A67EEA67ABCEEE77A17EE103A59
:108910009BB2B3F5007F1AD207EE103AB8EE477A51
:10892000591C77EEC77A0E4AB7EE000A02EB8303B2
:1089300002EB810230EE670AD3ED006A92ED007A15
:1089400020EE260A67EE877A30EE270A704777EE28
:10895000E67A01210023E6E783F9223E0000004485
:10896000E0C70408B4EE400AF1EE10FA6CBF012033
:108970000020704710B4EFF3108172B60D4A0E4814
:10898000D2F85841D2F808240023C4F8C030C2F805
:10899000C0300A4B1B680022DA634FF0010C41F231
:1089A000010280F800C01A6481F310885DF8044B5E
:1089B000704700BF8010002079A300202C93002076
:1089C0000F4A38B51178EFF3108072B60D4B0024C2
:1089D0001B68147041F20102DC631A6480F3108892
:1089E00061B1094D2146D5F8580102F02DF9D5F8AD
:1089F00008042146BDE8384002F026B938BD00BF62
:108A000079A300202C93002080100020F8B5384C6A
:108A1000384DD4F85801002102F016F9D4F80804B2
:108A2000002102F011F9002240F2D66055F8223000
:108A30001B6858639863D863196A41F00101196291
:108A4000196A41F004011962196A41F010011962B2
:108A5000196A41F040011962196A41F48071196282
:108A6000196A6C3241F48061D82A1962DED1224A37
:108A7000224B1268196893682148224D43F0010384
:108A800093608B68026843F001038B60936843F046
:108A9000010393600220FDF7E1FFF4F765FE2B6808
:108AA000002741F20106DF6308211E642846FAF719
:108AB00073FE0C212846FAF76FFE134B93F8CC3166
:108AC00003B9F8BDEFF3108172B6D4F808042B682F
:108AD000D4F858510022C5F8C020C0F8C0200B4A75
:108AE000DF63012010701E6481F31088F8BD00BFA1
:108AF00080100020E08C0020A09B0020589B0020CC
:108B0000109B00202C930020C8E3002079A30020B4
:108B100070B51949194D1A4AAA624FF480300023E2
:108B20000126C5E9001084B010222846AB602E61F2
:108B3000AE612B62EB62EB60EA612E636E61F6F769
:108B4000B3FF90B904460296009469460134284662
:108B50000194F7F71FF940B9102CF5D109490748DE
:108B60002246F7F74BF804B070BD074B012283F89B
:108B7000F02204B070BD00BF00200140A09B002087
:108B80000100000F50A30020C8E3002082B002AB18
:108B900003E903006649BDF80430884212D06549F4
:108BA000884206D0644988425AD04FF6FF7002B01E
:108BB0007047012B52D0022B4FF6FF7008BF0920DF
:108BC00002B07047202B00F29180002BEDD0013BCA
:108BD0001F2BEAD801A252F823F000BF118D010823
:108BE0000D8D0108AB8B0108098D0108AB8B0108C5
:108BF000AB8B0108AB8B0108058D0108AB8B01081D
:108C0000AB8B0108AB8B0108AB8B0108AB8B010868
:108C1000AB8B0108AB8B0108018D0108AB8B010800
:108C2000AB8B0108AB8B0108AB8B0108AB8B010848
:108C3000AB8B0108AB8B0108AB8B0108AB8B010838
:108C4000AB8B0108AB8B0108AB8B0108AB8B010828
:108C5000AB8B0108AB8B0108FD8C01080820A6E74F
:108C6000013B1F2BA1D801A252F823F0258D01084A
:108C7000298D0108AB8B0108218D0108AB8B010800
:108C8000AB8B0108AB8B01081D8D0108AB8B010874
:108C9000AB8B0108AB8B0108AB8B0108AB8B0108D8
:108CA000AB8B0108AB8B0108198D0108AB8B010858
:108CB000AB8B0108AB8B0108AB8B0108AB8B0108B8
:108CC000AB8B0108AB8B0108AB8B0108AB8B0108A8
:108CD000AB8B0108AB8B0108AB8B0108AB8B010898
:108CE000AB8B0108AB8B0108158D0108402B1DD003
:108CF000802B4FF6FF7008BF072058E7052056E786
:108D0000042054E7032052E7022050E701204EE7F9
:108D100000204CE70F204AE70E2048E70D2046E7E9
:108D20000C2044E70A2042E70B2040E706203EE7FC
:108D300000000240000402400008024000B583B079
:108D40006B4683E8030093E80300FFF71FFF0F283B
:108D50000AD8084B33F810309BB200EE103ABBEE45
:108D6000CA0A03B05DF804FBBFEE000A03B05DF869
:108D700004FB00BF50A3002000B585B06A4682E81E
:108D8000030092E8030002AB83E80300FFF7FEFE56
:108D90000F280ED8094BDFED0A7A33F810309BB25A
:108DA00000EE103ABBEECA0A20EE270A05B05DF8C5
:108DB00004FB9FED040A05B05DF804FB50A30020FE
:108DC00033335340333353C02DE9F04F2DED048B33
:108DD000DFF8D891DFF8D881DFED669ADFED668A9B
:108DE0009FED668A664F674C674E83B0B7EE009A78
:108DF0006D46664B99ED007AD3ED006A644B654A87
:108E000093F89F31F4EEC96A033BF0EE0A7A18BF7B
:108E10000123F1EE10FAB4EEE77A92ED007A67EEF4
:108E2000297A4FEA4303B8BF43F00403F1EE10FA86
:108E3000F4EEC97A58BF43F00803F1EE10FAD8BF38
:108E4000F0EE497A36EEA76AB4EEC67AF1EE10FA81
:108E500067DC9FED516AB4EEC67AF1EE10FA06D5E2
:108E600037EE277AF4EEC76AF1EE10FA59DCEFF329
:108E7000108272B6002B59D13968C8F80030022927
:108E80006CD94648012101704548017045480021D0
:108E9000017045490B6082F31088DFF818A1DFF8F4
:108EA00018B105E00BF1080B5C450AF10C0A31D052
:108EB000DAF800000CF00CF80028F3D0BBF804300E
:108EC000DBF800200092ADF8043095E80300FFF7CE
:108ED0005DFE0F2822D836F810309BB207EE903A8C
:108EE000F8EE677A67EEA87A67EE887A87EE887A76
:108EF000DAF800000BF1080B0AF10C0A1AED020A6D
:108F00005AED017A77EEC07AA7EE870A0BF0F4FFEC
:108F10005C45CDD10A20FDF7A1FD6AE7BFEE007ADE
:108F2000E6E743F01003EFF3108272B61C49D8F85D
:108F300000C0002008701C493860BCF1020F0B60B3
:108F400014D80CF101010329C8F800100ED0134BFE
:108F50001B78002B9FD113490B709CE7013103292B
:108F600039608ED00E490B70012392E70D49012321
:108F70000B7090E78FC2F53C0000803933335340CB
:108F800044A300208010002050A3002088A30020CC
:108F9000C8E30020740C0020000008423CA300201D
:108FA00081A3002080A300206C0C002084A300205B
:108FB00040A30020E8E50020F80F00200F2808D883
:108FC000054B33F810309BB200EE103ABBEECA0AE4
:108FD0007047BFEE000A704750A30020494B9FED39
:108FE0004A6A9B8849499FED4A5A4A4A9BB207EE12
:108FF000903A07EE100AF8EEE77AF8EE476A67EE65
:10900000867A9FED457A454B66EE865A67EE877AFB
:1090100065EE875A91ED006A93ED007A404910B4ED
:10902000B5EEC07A27EE866A3E4C1060F1EE10FA7B
:1090300066EE856AC4ED005AC4BF36EE475ADFEDCE
:109040003A5A3A4AC1ED006ACCBFA5EE257AB0EE95
:10905000467AF7EE005AC2ED007AB4EEE57A344A69
:1090600083ED007AF1EE10FA82ED007A35DBF0EE56
:109070000A5AF4EEE57AF1EE10FA1ED42D4A2E4982
:109080002E4B002401201470082208701A60DFEDB6
:109090002C6A2C4A2C4BD2ED757AC3ED006AF4EEA3
:1090A000C67AF1EE10FA12D528490A68022A1ED9AA
:1090B0005DF8044B83ED006A70471E4B1E4A1B7817
:1090C0001278DBB1002AE2D1F0EE476AE1E71F4BEC
:1090D0005DF8044B00221A607047164A1649174B78
:1090E000002401201470042208701A60CFE70132B6
:1090F000032A0A60DCD05DF8044B7047002AC8D010
:10910000C5E700BF50A3002033335340700C00204C
:109110003333113C90A30020000080394CA3002081
:10912000740C00208CA30020CDCCCC3D84A3002067
:1091300088A3002081A3002080A300206C0C0020C5
:109140000000C07FC8E30020780C002048A3002066
:1091500038B56F4BD3F8582192F89C102DED048B45
:10916000002952D092ED308ADFED6A7A38EE278AF4
:10917000D3F8083493F89C201AB1D3ED307A38EE46
:10918000278A654D05F5804494F8CC31002B3FD0FB
:10919000D4ED729AF5EEC09AF1EE10FA40F39B808E
:1091A00094ED717A5D4BF1EE487A77EEC77A93EDE4
:1091B000009A94F8D83167EEA97AC7EE898A43B14C
:1091C00094ED777AD4ED787AB4EEE77AF1EE10FA8E
:1091D00071D4B0EE680AFFF7C5FB002840F090801C
:1091E000DFED4F7AF4EEE78AF1EE10FA5DDAF5EE94
:1091F000C08AF1EE10FA48BFDFED468A29EE289AC0
:1092000089EE297A38EE078A06E09FED428AAFE7B9
:10921000DFED408AB0EE687A424BD5ED1A5AD3EDB5
:10922000007AD4ED796A404A38EE676AF4EEC86A8B
:10923000E5EE867AF1EE10FA82ED007AC3ED007A5F
:1092400051D4D4ED7A7AF4EEC87AF1EE10FA24DC37
:10925000F7EE007A77EEE87AB0EE677ABEEECA7A79
:1092600017EE104AA4F1280525EAE575631B272BA4
:1092700041D9EFF3108272B62C4B1B7843B12C4BC3
:109280001B680021D96341F201011964DD631C648C
:1092900082F31088BDEC048B38BDBDEC048B1E48F6
:1092A000BDE83840082106F06DBE224B0122F0EEE9
:1092B000678A1A70A2E779EE476A77EEC77A86EE78
:1092C000A77AB5EEC07AF1EE10FA48BF9FED117A99
:1092D00078EE878A7DE7BDEC048B28468021BDE8C7
:1092E000384006F04FBEBDEC048B0B48BDE838405B
:1092F000102106F047BE0848202106F043FEB8E7DB
:10930000BDEC048B0448BDE83840402106F03ABE6D
:109310008010002000000000C8A30020780C00206E
:109320003333733F7CA3002074A3002079A3002073
:109330002C93002078A3002010B5094C0FCC86B0E8
:109340000DF1040CACE80F002368CCF800300021CC
:1093500001A8FDF755FB034B186006B010BD00BF18
:109360009094030870A30020D0ED067AF5EEC07A41
:10937000F1EE10FA0AD49FED0D7AF4EEC77AF1EE11
:1093800010FA07DD0A4BC0F8A83270470023C0F876
:10939000A83270479FED077A67EE877AFCEEE77A8E
:1093A00017EE903AC0F8A832704700BF300E03495C
:1093B00000B6F7FF0000FA4503680B4003607047F2
:1093C00003680B430360704790F84C32BBB1D0F890
:1093D0006422D0E994312AB11269B0F868C21CEA5B
:1093E000020F0DD1013B41F1FF31D0F8002102F510
:1093F00040524FF0010CC0E9943182F83CC97047EB
:10940000013341F10001F0E7836810B5044613B160
:10941000032201469847204610BD00BFC043704755
:109420002DE9F04F044641606381AB49AB4B2360AB
:109430000C9BBDF9240022818946A08103F5405A86
:109440000F46B9E80F00DFEDA67A9FEDA61AC4ED2E
:10945000067A002504F1240EC4E904552577C4F8E2
:109460001E50AEE80F0099E8070040F2011B8EE89D
:10947000070084ED0E1AA4F83DB00FCF04F1400CA4
:10948000ACE80F0099E807004FF001038CE80700F3
:1094900084F8583064220A23C4E92023924BC4F88C
:1094A000B030DFED921A0C9B9FED912A9FED913A1F
:1094B000DFED913ADFED914A9FED915ADFED915A40
:1094C000C4F80031F2EE042A8F4B9FED907AC4ED80
:1094D000131AB3EE044AC4E9225584ED142AC4EDEC
:1094E000172A84ED183AC4ED193A84ED1A4AC4EDEE
:1094F0001B4A84ED1C5AA4F8745084F87650A56772
:1095000084F87C50C4ED2D5AC4F804310A9BC4F889
:10951000AC3002260B9BC4F8FC30C4E92455C4E9E6
:109520002655C4E92855C4F8A850C4ED2E7A84F80D
:10953000BC50C4ED307A84F8C450C4ED327AC4ED26
:10954000337A84F8D05084F8D450C4F8D850C4ED9D
:10955000377AC4ED387AC4F8E460C4ED3A7AC4F8D6
:10956000EC60C4ED3C7AC4F8F460C4ED3E7A84ED5E
:10957000427A84ED437A84ED447AC4ED457AC4EDB1
:10958000467A0D9BC4F858310E9BC4F85C310F9B92
:10959000C4F86031109BC4F864319FED4D6B119B92
:1095A000C4ED477AC4E95A3504F26D284FF40063DC
:1095B000C4E94956C4E95C55C4E95E55C4E960553F
:1095C000C4ED487AC4ED4B7AC4ED4C7AC4F83461EA
:1095D000C4ED4E7AC4ED4F7AC4F84061C4ED517ABF
:1095E000C4F84861C4ED537AC4ED557AC4F85061AB
:1095F000C4E96255C4E96455C4E96655C4E96855CF
:10960000C4E96A55C4E96C55C4E96E55C4E970559E
:10961000C4E97255C4E97455C4E97655C4E978556E
:10962000C4E97A55C4E97C55C4E97E55C4E980553E
:10963000C4E98255C4F84032C4E9845584ED946B82
:10964000C4E98755C4E98955C4E98B55C4E98D55EA
:10965000C4E99655C4E9A055C4E9A255C4F8185206
:1096600084F86C62C4F83C5284F84452C4F84852FE
:1096700084F84C52A4F86052C4F86452A4F86852BA
:10968000C4F86D52C4F87152A4F87552C4F87882C7
:1096900084F87C52C4E9A4550A9BC4F8A852C4E9D2
:1096A000A655C4E9A8551C630B9B1C600D9BCAF80A
:1096B000D848C3F884400E9B1C600F9B1C61109B14
:1096C0001C61119B2046DC60BDE8F08FAFF3008089
:1096D0000000000000000000A494030814BB03086D
:1096E0000000000063141D44B4BE0308000048439A
:1096F0000000C843CDCCCC3EDB0F494000002042E7
:109700000000C842C74B6B414CC003080000807F7B
:109710003E4BDFED3F3A9FED3F4ADFED3F4ADFED45
:109720003F5A9FED3F6A9FED3F7ADFED3F7A2DE98B
:10973000F04F00249E469A4600238446C0E9044424
:109740000477836100F1240700F14005BEE80F00B3
:109750008FB0E946A9E80F009EE8070089E80700F6
:10976000BAE80F000DF11C0B5E46ABE80F009EE857
:10977000070040F201138BE80700E846ADF8193006
:109780004FF001038DF83430B8E80F00CDED053A05
:109790000FC798E807008DED0A4A87E807000FCE4B
:1097A000CDED0B4A0FC596E807000A2385E80700B0
:1097B0006421CCE92013DCF80820DCF80430CCED7F
:1097C000185AB2EE045AF3EE046ACCE92244CCE90A
:1097D0002444CCE92644CCE928448CED175A8CED7E
:1097E000196ACCED1A6A8CED1B7ACCED1C7AACF8B8
:1097F00074408CF876408CF87C40CCF8A840CCF8CB
:109800001E20CCF878300FB0BDE8F08FA494030888
:1098100063141D44000048430000C843CDCCCC3E37
:10982000DB0F4940000020420000C84210B5D0F8CC
:1098300040320D4986B004460C480022CDE90101B2
:109840009B08CDF80E20ADF812202146A289059381
:1098500001A8ADF80C20FDF7D3F80123C4F83C02B1
:1098600084F8443206B010BD39A7010844B8030893
:1098700000B585B068464FF0FF320121FDF720F9B1
:1098800068464FF0FF320121FDF71AF968464FF0A4
:10989000FF320121FDF714F9012005B05DF804FB4A
:1098A00010B4C28B124C102A94BF04EBC2022246A1
:1098B000034692E8030083B06A4682E80300198CED
:1098C000C3F85C021029908888BF0949A3F8600298
:1098D00098BF04EBC10103C982E803009288C3F872
:1098E0006402A3F8682203B05DF8044B704700BF20
:1098F000F80F002010B50446C0F8A800FFF7D0FF0D
:109900002368134A1B68934214D1D4ED067AF5EE0E
:10991000C07AF1EE10FA0BD49FED0E7AF4EEC77A0E
:10992000F1EE10FA0ADD0C4BC4F8A832012010BD8C
:109930000023F9E720469847012010BD9FED077AE4
:1099400067EE877AFCEEE77A17EE903AECE700BF15
:1099500069930108300E034900B6F7FF0000FA458D
:1099600038B504460D46D0F8580101F06DFAD4F828
:109970005801294601F0D4FED4F860319A7AAAB190
:109980001A7D5B7D934211D082B1D4F878321B7876
:109990000B2B0BD04FF4805104F51270FFF710FD24
:1099A000D4F84802B0FA80F0400938BDD4F86431E8
:1099B0009A7A002AF4D01A7D5B7D9342F0D0002A77
:1099C000EED0D4F878321B780B2BE9D04FF400514D
:1099D00004F51270FFF7F4FCE2E700BF08B5037F5F
:1099E0002BB1D0F8A82222B1013AC0F8A822012058
:1099F00008BD4FF4006100F51270FFF7E1FC10465E
:109A000008BD00BF2DE9F0432DED048B044687B05F
:109A10000D4691461E46EFF3108072B691ED007A26
:109A200091ED016AD4F85831CA68C4F81021C7EE24
:109A3000066A93F838200021C4F82811C4F83411BC
:109A4000C4F84011C4F848112969C4F81411022A55
:109A50004FF00001C4F854114FF00001DFED877A98
:109A6000C4ED426AC4ED436A0ABFF0EE476AF0EE05
:109A7000676AB0EE677AC4ED4B7AC4ED4C7AC4EDF8
:109A80004E7AC4ED4F7AC4ED517AC4ED537A84ED29
:109A9000467AC4ED476AC4F8501193F8EC10023AC4
:109AA00018BF012202291CBF022183F8EC1093F891
:109AB000F81083F8E02002291CBF022183F8F81077
:109AC00093F8001104F594720229C3F8E42004F518
:109AD0009A72C3F8F02018BF022104F5A07218BFD3
:109AE00083F80011C3F8FC2094F8BC10C4F8B82027
:109AF00002291CBF022184F8BC1093F888110229A6
:109B00001CBF022183F8881193F80811022904F57B
:109B1000A4721CBF022183F80811C3F88421C3F882
:109B2000042194F8C430C4F8C020022B1CBF0223C7
:109B300084F8C43080F310884FF0FF32012168466A
:109B4000FCF7BEFF4FF0FF3201216846FCF7B8FF7B
:109B500068464FF0FF320121FCF7B2FFD4F85801FC
:109B600000F1C80101F02EF895ED047A94F86C32FA
:109B7000B5EEC07AF7EE008AFFEE007AF1EE10FA49
:109B8000B8BFF0EE678A002B74D19FED3D9A9846DE
:109B900028E0B4EEE77AF1EE10FA02DB6A7E002AE2
:109BA00054D1D4F8AC2092F88E2012B1AA7E002AAB
:109BB0004CD1B3687BB1B4EEC98AF1EE10FA94BF10
:109BC00001220022F3688DF817200DF117013046AD
:109BD000984700284ED00120FCF740FF94F86C32E3
:109BE000002B47D1D4F8583193F89C70002F43D004
:109BF000D5ED047A94ED538A94ED557A38EE678A60
:109C0000D5ED057AB0EEC88AB4EEC98AF1EE10FA45
:109C100028EE877A68EEA77ABBD82A7EB2B9B4EE6E
:109C2000E77AF1EE10FA01DB6A7E7AB9D4F8AC007B
:109C300090F88E20002AB9D1B8F1000F01D0B846B3
:109C4000B7E7012102F0F4F9B846B2E7B9F1000F25
:109C500009D10021184600F0F7FF384607B0BDECE7
:109C6000048BBDE8F0834F46384607B0BDEC048B4B
:109C7000BDE8F083D4F858310027EAE7000000007F
:109C800000000034F0B5C57D89B00446002D40F0D9
:109C90000081EFF310873E4672B6D0F8000100F560
:109CA000405393F8C028012A00F25181C44993F827
:109CB000F0C84FF42C7707FB0217BCF1020FD7F85E
:109CC000AC7007F1E007C3F8EC7893F8007918BF9F
:109CD0004FF0020C00F1400018BF83F8F0C8C3F841
:109CE000FC08012F4FF42C7018BF012700FB021055
:109CF00018BF83F80079D0F8AC0093F8E878D0303A
:109D0000022FC3F8E4084FF42C7018BF022700FBA1
:109D1000021118BF83F8E878D1F8AC2093F8F8184E
:109D2000D8320229C3F8F42802D0022283F8F82896
:109D3000D4F8000103F0E0FDD4F80021D4F8583144
:109D400002F54051012081F83C0901F60C10002772
:109D5000076093F8800102F56552022802F10802BB
:109D60001CBF022083F88001C3F87C21002D40F045
:109D70008980D4F8AC20D2ED177AF8EEE77A93F820
:109D8000380093F8EC70C3ED637A821E18BF01228D
:109D9000022F1CBF022783F8EC7093F8F87083F849
:109DA000E020022F03F5CE72C3F8E42018BF02278B
:109DB00003F5C87218BF83F8F870C3F8F020002DBF
:109DC00063D0D4F8FC20283294F8BC70C4F8B820D2
:109DD000022F1CBF022784F8BC7093F8007103287F
:109DE00008BF04F1F402022F1CBF022783F80071A0
:109DF000C3F8FC20002D41D0D4F8FC20303294F878
:109E0000C470C4F8C020022F1CBF022784F8C4709D
:109E1000032893F8880108BF04F1EC0202281CBF54
:109E2000022083F8880193F80801C3F884210228EE
:109E30001CBF022083F80801C3F804219DB1D3EDB3
:109E4000087A9FED607AD4ED146AF8EEE77A01F6AD
:109E5000181367EE877A01F6081186EEA77A83ED6C
:109E6000007A81ED007A86F31088D4F8583193F89F
:109E70009C30002B52D0012009B0F0BDD4F8AC20AA
:109E8000A432BCE7F7EE007A79E7D4F8AC209C3234
:109E90009AE70023CDE90433CDE90633012204AB70
:109EA00000F14001FFF7AEFD069B06461BB104A979
:109EB000032208469847002E76D0EFF3108672B63C
:109EC000D4F8003103F5405393F8E82893F8F818D4
:109ED000022A1CBF022283F8E8280022C3F8E428E3
:109EE00093F8F028022A1CBF022283F8F0280022EF
:109EF000C3F8EC2893F80029022A1CBF022283F839
:109F000000290022C3F8FC28D4F8FC20022902F121
:109F10003802C3F8F4287FF408AF09E768464FF029
:109F2000FF320121FCF7CCFD68464FF0FF320121E2
:109F3000FCF7C6FD68464FF0FF320121FCF7C0FD7B
:109F4000D4F8580100F1C80100F03CFE93E793F803
:109F5000F028022A1CBF022283F8F0280022C3F84E
:109F6000EC2893F8E828022A1CBF022283F8E8288C
:109F70000022C3F8E42893F80029022A1CBF022219
:109F800083F800290022C3F8FC2893F8F828022A55
:109F90001CBF022283F8F8280022C3F8F4281021FD
:109FA00003F0E2FB87F31088002009B0F0BD04A89D
:109FB000FFF72AFA1EF00CF986F310881EF008F954
:109FC00080100020DB0FC94030B5044683B0FFF796
:109FD00059FE637D04F51775002B3AD0254B00948C
:109FE00000220121284607F003FA00283CD0012373
:109FF00084F84C3207E0D4F8583193F89C300120B3
:10A000002BB1FCF72BFD94F86C32002BF3D0637D61
:10A01000C3B1A37DB3B1174B0094002201212846A0
:10A0200007F0E6F9D8B1012384F84C32D4F858018E
:10A03000002100F009FED4F84802B0FA80F040098F
:10A0400003B030BD002384F84C32284607F09AFA5A
:10A05000ECE784F84C32284607F094FAD3E7064B35
:10A06000012283F8F022DEE7034B012283F8F0227D
:10A07000BDE700BFC9930108C8E300202DE9F04106
:10A08000D0F860319B7A2DED028B044653B94FF422
:10A09000003100F51270FFF793F9BDEC028B002040
:10A0A000BDE8F081D0F8002140F2022102F54053D2
:10A0B000118303F61411D2ED147A002501220D60EC
:10A0C00083F83C2903F6181203F61C13F1EE677AA5
:10A0D0000027C2ED007A4FF480501D6084F87C7236
:10A0E000FFF79CF904F5127601463046FFF764F954
:10A0F0002046FFF7C7FD94F86C32ABB1D4F8580195
:10A10000394600F0A1FDD4F8003103F564539D6198
:10A11000C3E7D4F86021157D7DB9FCF79FFC94F866
:10A120006C32002B40F09880D4F8583193F89C1092
:10A1300001200029EDD1184691E00021184600F0D9
:10A1400083FDD4F8008108F5645300279F614FF424
:10A150008050FFF763F901463046FFF72DF9D4F838
:10A16000AC3093ED358A40F20353A8F818302046FE
:10A17000FFF788FDD4F86011D4F80031D1ED007AF2
:10A1800003F5405377EE887A03F61412C2ED007A95
:10A1900003F6041282ED008A03F60812012117600B
:10A1A00094F86C22A3F83C1972B16CE0D4F8003139
:10A1B00003F5405393F83D59002D59D1FCF74EFC5F
:10A1C00094F86C32002B58D1D4F8582192F89C1096
:10A1D00001200029EAD1104600F036FD002D3FF4A1
:10A1E0005CAFD4F8AC00036800211B689847D4F832
:10A1F0000031616803F5405393F8C0288A4210D0BB
:10A20000012A0ED8234B4FF42C7101FB023300219D
:10A21000D3F8AC0003681B689847D4F8003103F505
:10A22000405303F6141100220A6003F604110125BD
:10A230000A6003F6081128460A6083F83C59FCF7C7
:10A240000DFCBDEC028BD4F8480284F87C52B0FAC5
:10A2500080F04009BDE8F081D4F85801294600F0AB
:10A26000F3FCD4F8003103F5645300229A6114E73B
:10A270000021104600F0E8FCB3E7D4F85801294665
:10A2800000F0E2FC09E7D4F85801002100F0DCFC02
:10A29000A7E700BF8010002010B5D0F85831044661
:10A2A00082B0D868F2F728FFD4F86831C4F85802B1
:10A2B0001A68184613689847637D03B3A37DF3B10A
:10A2C000154B00940022012104F5177007F090F857
:10A2D000E8B1012384F84C3206E0D4F8580100F0CC
:10A2E00013FD0120FCF7BAFB94F86C32002BF4D07C
:10A2F000D4F84802B0FA80F0400902B010BD002343
:10A3000084F84C3204F5177007F03CF9ECE7034B86
:10A31000012283F8F022DCE7C9930108C8E300209A
:10A320002DE9F0432DED028BAE4DDFEDAF8A9FEDB1
:10A33000AF8A85B0044600F15C0694F86C32CBB16C
:10A34000022B00F05781032B00F08681012284F854
:10A350006E2284F86D3202222244002382F86D328C
:10A36000012084F86C32FFF759F8014604F51270A9
:10A37000FFF722F8D4F878321B78013B0C2B12D867
:10A38000DFE813F0FC0011001100F60011002101BC
:10A39000E900BF009E000A019100850022004FF4F1
:10A3A000007101F0DBFD012104F51270FFF708F8E0
:10A3B0000022D4F87832C4F86D22C4F87122A4F8CF
:10A3C000752201221A70B8E7D4F8583193F89E30FC
:10A3D000002BE8D0D4F8AC0090F86530002BDED02C
:10A3E00001F0A0FF0746002FE2D004F26D2704F22F
:10A3F0006E21B94200F0CC80C91B04F2772E0929E6
:10A40000AEEB070E00F04881AEEB010C614522DA9D
:10A41000012900F05F81BCF1000F07EB01030DDDA6
:10A420007A1E03EB0C0912F8010F93F8008082F8F2
:10A43000008003F8010B4B45F5D167449EFBF1F317
:10A4400001FB13E3002B00F0A3808E46C91AAEEB8C
:10A45000010C6145DCDBBCF1010F07EB0E0200F0E3
:10A460002781002907EB010340F3BA8013F8011D8F
:10A4700012F8010D18709F421170F7D19EFBFCF18C
:10A480000CFB11E1002900F08380E646BCE7D4F81C
:10A49000583193F89E30002B85D0D4F8AC0001F0F1
:10A4A000B5FE07469FE7D4F800312046B3F8188080
:10A4B000FFF7E4FDD4F800310746A3F8188092E7CF
:10A4C000D4F8583193F89E30002B3FF46CAFD4F899
:10A4D000AC30DB6D002B3FF466AF00226B4631469B
:10A4E0002046CDE90022CDE90222FFF78BFA029B3C
:10A4F0000746002B3FF477AF03226946684698472A
:10A5000071E7D4F8583193F89E30002B3FF44BAFED
:10A51000D4F8AC30DB6D1BB9E37D002B3FF443AFC7
:10A5200023681B68AB4240F0EE80D4ED067AF5EE6E
:10A53000C07AF1EE10FA00F1E480F4EEE87AF1EE80
:10A5400010FA40F3E3802A4BC4F8A8322046FFF704
:10A550003BFD074647E7D4F8583193F89E30002B6F
:10A560003FF421AFD4F8AC0001F0C4FF07463AE74E
:10A57000D4F8580100F00EFE074634E72046FFF7F6
:10A580008BFE04F26D2704F26E21B9427FF434AFE2
:10A59000002384F87632D0E6D4F8583193F89E3010
:10A5A000002B3FF400AFD4F8AC0001F0DFFD002831
:10A5B0003FF4FEAED4F85831D4F8AC0093F838101C
:10A5C00001F086FC11E7D4F8583193F89E30002B47
:10A5D0003FF4E9AED4F8AC0001F08EFD074602E787
:10A5E0001F464BE769930108300E03490000FA4506
:10A5F00000B6F7FF217C00294BD0042284F86D229D
:10A600001A460123617C51B1D4F8AC1091F858106E
:10A6100029B1E1180620134681F86D020132A17CB0
:10A6200029B1E1180720134681F86D020132217D1E
:10A6300029B1E1180B20134681F86D020132E17C4B
:10A6400029B1E1180820134681F86D020132234434
:10A65000012183F86D127FE6D4F8AC108A8E0420B5
:10A66000012A84F86D0247D00223012291F8581084
:10A6700029B1A11806201A4681F86D020133A018ED
:10A6800023440727012180F86D72023283F86D128E
:10A6900062E601220B46B5E794F86D3294F86E221B
:10A6A00084F86E32002384F86D2284F8763244E612
:10A6B0000EF1FF3EBEF1010F17F80E802DDD724640
:10A6C0003946781CE6F746FA002387F8008084F8BC
:10A6D000763232E639460EF1FF38B8F1010F11F843
:10A6E000019B1FDD42463846E6F734FA002307F89F
:10A6F000089084F8763220E60C2284F86E2202223A
:10A70000B4E7002320E7204698471FE767EE887AE2
:10A71000FCEEE77A17EE903A16E704BF3B7802F8B2
:10A72000013CD1E704BF7B783B70DFE76846FEF76A
:10A730006BFE1DF04DFD00BF08B5FFF7F1FD00BF3A
:10A740004068704790F824300022826113B10023E2
:10A7500080F82430704700BF82B010B483B00DF190
:10A76000080C9DF81C4005930CE906000246002CDD
:10A7700047D090ED077A9FED2F4A90ED025ADDED1C
:10A78000065ADDED056AD0ED014A90ED056AD0ED7F
:10A79000067A25EE045A75EEC75A36EE666A64EEFE
:10A7A000844AA5EE257AE4EE867AB0EE476A80ED1B
:10A7B000076AB0EEE77A92ED036AC2ED067AB4EE6C
:10A7C000C76AF1EE10FAC2ED046A29D49DF804308C
:10A7D000F3B1DDED006A9FED187A66EE876AB7EE99
:10A7E000006A86EE267A01230020002182F82430B8
:10A7F00067EE277AC2ED087A03B05DF8044B02B029
:10A8000070479FED0E7AF0EE477AF0EE476AD2E796
:10A810004FF00040002103B05DF8044B02B07047D8
:10A82000074B93610120002103B05DF8044B02B097
:10A83000704700BF6F120339ABAA2A3F0000000027
:10A840000000C07F00230372704700BF82B010B4C5
:10A8500083B00DF1080C9DF81C4005930CE906002F
:10A86000089A44B3037ADDED057A63B901230261E6
:10A870000372C0ED057A82610021002003B05DF80B
:10A88000044B02B0704790ED017A90ED056AB5EE89
:10A89000C07A37EEC66A90ED077AFFEE006AF7EEEF
:10A8A000005AF1EE10FAB8BFF0EE656AA6EE267A0D
:10A8B00080ED077ADDE74FF08040002103B05DF8BE
:10A8C000044B02B0704700BF10B5034B0360044651
:10A8D0001DF046FD204610BDA4BB030810B5054B76
:10A8E000036004461DF03CFD204608211DF0F2FAED
:10A8F000204610BDA4BB030813499FED147AD1ED87
:10A90000007A117A67EE877AF7EE006A86EEA77A08
:10A91000D0ED017AF1EE677AC0ED017A67EE277A21
:10A9200051B10021C2ED007A51600021012219606D
:10A930001A7100200021704700200121C2ED007A29
:10A9400050601172F1E700BF780C0020ABAA2A3FDB
:10A9500010B5D0E9004114431943C0E9004110BDCE
:10A9600003680B430360704790F8241011B900206E
:10A9700004217047117AD0F820C081B10021C2F8BB
:10A9800000C05160D0ED087A90ED047A67EE877AC6
:10A9900001221A71C3ED007A0020002170470021C6
:10A9A00051600121C2F800C01172EBE710B50446F6
:10A9B00008201DF065FB0349034AC0E90014034960
:10A9C0001EF044F8A4BB0308C9A8010830BB030863
:10A9D000094B0A4A5B6A10B45B0014789BB25A1A9E
:10A9E00014B1C0E900138260C3685DF8044B934260
:10A9F00038BF1346C3607047001C0040BC91002064
:10AA0000DFED657A9FED656ADFED656A016087EECF
:10AA1000A77AF0B5634F4763634F8764634FC7649A
:10AA2000634F0765634F47650725634F069E0271B5
:10AA3000F0EE005A0021614A0562C360079D076776
:10AA40004FF0FF4E059FC0ED0A5A4FF07E5C5C4B05
:10AA50000761F2EE005A80ED020A01774262C0ED12
:10AA60000B7AC0ED0C7A80F83810C2638265C2653B
:10AA700080F860104266A0F86C1046618561C0F8ED
:10AA800044E0C0F868C0C0ED105A80ED1E6AC0ED09
:10AA90001F6A9FED3F6BC0F8C83027EE277A20333E
:10AAA0000227C0F8CC300123C0E92111C0F874E0BE
:10AAB000C0F8DCC0C0F88C10C0ED267AA0F89C105D
:10AAC00080F89E1080F8AC10C0ED2C7AC0ED2D7A85
:10AAD000C0ED2E7AC0ED2F7AC0ED307AC0ED317A1C
:10AAE00080F8E010C0ED397AC0ED3A7A80F8EC10C9
:10AAF000C0ED3C7AC0ED3D7A80F8F810C0ED3F7AA9
:10AB000080F80011C0ED417A80F8081180F810112A
:10AB100080F81C1180ED246B80F8281180F830112A
:10AB200080F8381180F8441180F85011C0ED577A40
:10AB3000C0ED587AC0ED597AC0ED5A7AC0ED5B7A13
:10AB4000C0ED5F7A80F8801180F88811C0ED617ADD
:10AB5000C0F89071C0F89C71C0F87021306280F824
:10AB6000D830C0ED5D7AC0ED5E7AC0ED637AC0ED9D
:10AB7000657AC0ED667AC0ED687AC0ED697AC0F892
:10AB80008000C0ED347A80ED357A2862F0BD00BFD8
:10AB9000000000000000000000000000CDCCCC3D13
:10ABA000CDCC4C3E0AD7233D0000704200007A44D1
:10ABB0000000C8420000F042000080FF0000204179
:10ABC000FCBF0308D0F8843070B50446D3F86801A0
:10ABD00003685B680D469847EFF3108672B6D4F8A9
:10ABE0008430C4F8A851D3F8000102F0A9FDD4F8CC
:10ABF0008430D4F8A8010022C3F8DC2010B1036827
:10AC00001B6898470E4B93F8CC3113B10D4B1B7852
:10AC10003BB140F20113A4F89C3086F31088012068
:10AC200070BD4FF40002002304F19000FFF790FE86
:10AC300086F31088012070BD86F310881DF0C8FAD5
:10AC4000C8E3002079A3002038B50C46EFF3108C40
:10AC500072B60021036890F89C50A0F89C101B6805
:10AC60005A6C22F480425A645A6C22F400425A64AC
:10AC7000C0F8A8118CF310881DB904B1257001200B
:10AC800038BDFEF765FAF8E7D0ED0B7A90ED0C6A67
:10AC9000D0ED136A90F8D83086EE277A67EEA67A60
:10ACA00027EE277A23B1C0ED347A80ED357A7047EC
:10ACB0000123C0ED347A80ED357A80F8D8307047C2
:10ACC000D0ED0B7A90ED0C6AD0ED136A90F8D83085
:10ACD000027FC0F8800086EE277A80F89E2067EE1B
:10ACE000A67A27EE277A2BB1C0ED347A80ED357A3B
:10ACF000012070470123C0ED347A80ED357A80F869
:10AD0000D8300120704700BF10B52DED028B0446EE
:10AD100082B0406900F0E4FEA06900F0E1FEDFEDE2
:10AD2000147A94ED028A94ED120AE06828EE278ADC
:10AD300001A988EE000AF2F715F9A0B1E068DDED8F
:10AD4000017AF7EE006A86EEA77ADFED0A7A84EDE3
:10AD5000317A27EE088A68EE277A84ED5D8AC4EDA1
:10AD60005E7AF2F71BFA02B0BDEC028B10BD00BF99
:10AD70001F859B3FCDCCCC3D10B504469030FFF7EE
:10AD8000E7FDD4F884009FED167A402100F512709B
:10AD9000FFF7E6FD134BD3EDC07AF8EE677A67EE66
:10ADA000877AC4ED267AEFF3108C72B600212368FF
:10ADB00094F89C00A4F89C101B685A6C22F4804202
:10ADC0005A645A6C22F400425A64C4F8A8118CF3F5
:10ADD000108800B910BDBDE81040FEF7B9B900BF3A
:10ADE0006F120339C8E30020F8B505460C46164635
:10ADF000EFF3108772B6124B93F8CC3113B1114BAD
:10AE00001B7893B12B6822881B685A6362889A6307
:10AE1000A288DA6336B995F89C201AB15A6C42F4CC
:10AE200080425A6487F31088F8BD4FF40002002373
:10AE3000FFF7A2FFE6E787F310881DF0C9F900BF0E
:10AE4000C8E3002079A30020D0F8843090ED0F0AE9
:10AE5000D3F8583110B593F83820022A2DED028B23
:10AE6000044629D093ED5D8AB4EEC80AF1EE10FADB
:10AE7000D8BFB0EE408AA06903689B6898476069B4
:10AE80000368B4EE480AF1EE10FAF0EE407A9B68DF
:10AE900094ED0F0A48BFB0EE678A9847B4EE408A37
:10AEA000F1EE10FAC8BFB0EE408AB0EE480A84ED69
:10AEB0005C8ABDEC028B10BD074BDFED087A93ED89
:10AEC000008A28EE278AB4EEC80AF1EE10FAD8BF3D
:10AED000B0EE408ACFE700BF780C00207CD8103F4E
:10AEE00090F83830D0ED0D7A90ED5C7A032B67EE58
:10AEF000877A0ED0F5EEC07AF1EE10FA14D490ED08
:10AF0000110AB4EEE70AF1EE10FA58BFB0EE670A84
:10AF10007047D0F8843093ED377A67EE877AF5EE94
:10AF2000C07AF1EE10FAEAD5DFED017AE7E700BF6B
:10AF300000000000A2F5BA7C40F617539C4510B5FE
:10AF4000044617D8A2F5006307EE903A9FED0F7AFA
:10AF5000D1ED316AF8EEE77A012367EE877A91ED59
:10AF6000027A037167EEA67A67EE877AC0ED007AFF
:10AF7000204610BD01F190004FF480620023FFF7DE
:10AF8000E7FC00232371204610BD00BF3333533A42
:10AF900030B52DED028B8BB03C493D4A0291002328
:10AFA0003C490993CDE906330892049301224FF0FE
:10AFB0007E5300916946B0EE408A054601938DF8B4
:10AFC00024208DED050ACDED030A40F6B834FFF7D5
:10AFD000F9FD08E0D3F8583193F89C3053B1FBF7F2
:10AFE0003DFD013C06D0D5F8843093F86C22012059
:10AFF000002AEFD095F89C40EFF3108C72B6002138
:10B000002B6895F89C00A5F89C101B685A6C22F4DC
:10B0100080425A645A6C22F400425A64C5F8A8115E
:10B020008CF3108838BB9DED067ADDED057A87EE4E
:10B03000270A85ED0C0AFDF795FCF8B9DDED078AC6
:10B04000B0EE680AFDF78EFC50B9F0EEE88A88EEA3
:10B05000887ADFED117AB4EEE77AF1EE10FA05DDC9
:10B06000002208232846FFF787FE002420460BB065
:10B07000BDEC028B30BDFEF76BF8D4E70122002354
:10B080002846FFF779FE0024D8E700BF0000A04261
:10B090000000C07FB8BB0308CDCC4C3E30B589B0B2
:10B0A0003749384C05910023002269460094054633
:10B0B0008DF8083003920493069307928DED010AF0
:10B0C00040F2E244FFF77EFD08E0D3F8583193F8F0
:10B0D0009C3053B1FBF7C2FC013C06D0D5F884305C
:10B0E00093F86C220120002AEFD095F89C40EFF3F2
:10B0F000108C72B600212B6895F89C00A5F89C1066
:10B100001B685A6C22F480425A645A6C22F4004242
:10B110005A64C5F8A8118CF3108870BB069B049A7A
:10B12000DFED196ADDED075A9B1A07EE903AF8EE4B
:10B13000677A87EEA67ADDED017ADFED146A85EE97
:10B14000876AF0EEE77A87EE867AB4EEE67AF1EE79
:10B1500010FA85ED0B7A06DBDFED0D7AB4EEE77AB7
:10B16000F1EE10FA06D90222002305F19000FFF754
:10B17000EFFB0024204609B030BDFDF7E9FFCDE725
:10B180000000C07FD4BB0308A037204DBD37063672
:10B190006F12833B10B590F838302DED028B0446CA
:10B1A00090ED0A8AE3B1032B1AD0022B20D1D4ED03
:10B1B0000B7A94ED0C6AD4ED136A94F8D83086EECD
:10B1C000277A67EEA67A27EE277AEBB1C4ED347AB8
:10B1D00084ED357ABDEC028B012084F89E0010BD11
:10B1E00094ED090AF0EE480A2046FFF7D1FE18B99F
:10B1F000BDEC028B002010BDB0EE480A2046FFF7E0
:10B200004DFF0028D3D1F3E70123C4ED347A84ED58
:10B21000357A84F8D830DDE782B02DE9F041044674
:10B220009548D4ED1F7A456AD4F884608AB0B1EEAF
:10B230000E7A10A880E80C0067EE877AD4F8883080
:10B2400094ED2F7A94F89D209DF84C000133B4EED4
:10B25000E77A6D00C4F88830F1EE10FA02F1FF339E
:10B260000F46ADB2DBB20BDB94ED2C7AD4ED5E7AF7
:10B27000F0EEC76AF4EEE67AF1EE10FA00F39D8084
:10B28000012B40F2C880002800F0828094F8AC3096
:10B29000002B40F08E80794804F09AFE94F8AC3090
:10B2A000002B5ED0D4ED297A94ED287AD4ED2A6A69
:10B2B000D4ED105A9FED726A67EEA77AE7EE077A2F
:10B2C00094ED5C7AE6EEA67A37EE257A67EE867A1A
:10B2D00027EE077AB4EEE77AF1EE10FA00F1A980D2
:10B2E000D4F8A8C1BCF1000F23D0664B1B680493AF
:10B2F000DCF80030D3F8048094F8AC3001228DF8EB
:10B300001420002B38D18DF8243003970AAA12E9B3
:10B3100007008DE8070004AF97E80600069B60462B
:10B32000C0470B4650EA030103D002462046FFF710
:10B3300023FD514B544A5B6A11785B009BB25A1B48
:10B3400019B1C6E98753C6F82422D6F828329342A9
:10B3500038BF1346C6F828320AB0BDE8F04102B043
:10B36000704794F89C30002BBAD04FF080420023F5
:10B370002046FFF701FDB3E7D4F8A0300693D4F8D8
:10B38000A4300793D4F8A8308DF824200893BCE7A4
:10B3900094F89C30002B3FF479AF00234FF48012D7
:10B3A00004F19000FFF7D4FA94F8AC30002B3FF48E
:10B3B00072AF002384F8AC306DE7D4ED2D6AB0EEA7
:10B3C000E66AF4EEC67AF1EE10FA7FF759AF94ED23
:10B3D0002E5AB0EEC56AF4EEC67AF1EE10FA7FF797
:10B3E0004FAF012B17D90028D2D0DDED105A9DEDBB
:10B3F000116ADDED127A94F8AC3075EEC75A77EE2B
:10B40000C57A36EE667A33B3C4ED285A84ED297ACC
:10B41000C4ED2A7A3FE794F8AC308BB10023C4F82E
:10B42000A030C4F8A430C4F8A830013284F89D20BC
:10B4300031E74FF4805200232046FFF79DFC4FE791
:10B440000023C4F8A030C4F8A430C4F8A830012305
:10B4500084F8AC30E9E70123C4ED285A84ED297A59
:10B46000C4ED2A7A84F8AC3015E7294606F5077052
:10B47000FFF7AEFA1CF0ACFE001C0040C8A3002091
:10B48000ABAA2A3F780C0020BC91002082B070B497
:10B490003B4D03AC696A84E80C003A4AD0F884401A
:10B4A000167890F89C204B009BB2002A54D19DF84E
:10B4B0001820FAB9DFED347AB0EE677AC0ED2C7A55
:10B4C000C0ED2D7AC0ED2E7A2D4A80ED2F7A526A8A
:10B4D000520092B2D11A1EB1C4E98332C4F81412D8
:10B4E000D4F818328B4238BF0B46C4F8183270BCFF
:10B4F00002B070479FED253A90ED1F7AD0ED2C5A9F
:10B5000090ED2D6AD0ED2E6A9DED034ADDED044AE3
:10B510009DED055AC3EE077AF7EE003AF4EE637A32
:10B5200034EE654A74EEC64A35EE665AF1EE10FA0C
:10B53000C8BFF0EE637AE4EE275AA4EEA76AE5EE00
:10B54000276A90ED2F7AC0ED2C5A37EE037A80ED02
:10B550002D6AC0ED2E6AB7E7696A490089B2CA1A36
:10B560001EB1C4E98331C4F81422D4F818329342CE
:10B5700038BF1346C4F8183270BC02B0704700BF21
:10B58000001C0040BC910020000000006F12033935
:10B590005E4B5F4AF0B55E6AD0F88C30D0F88470AC
:10B5A000D0F8A8510133C0F88C3004468E4607CA43
:10B5B00089B0760000230DF1140C8CE80700CDE96A
:10B5C0000333B6B2002D7AD06246D5F800C02846C3
:10B5D00003ABDCF808507146A8470B4694F89C1062
:10B5E000B1B350EA030179D19FED4A6ADDED056AF6
:10B5F0009DED067ADDED077A66EE866A27EE067A1D
:10B60000FCEEE66A67EE867A16EE903ABCEEC77AF2
:10B61000FCEEE77AADF8043017EE103AADF80630DC
:10B6200017EE903A002201A92046ADF80830FFF746
:10B63000DBFB94F89C305BB19DF8103013B1DDED6D
:10B64000037A0EE04FF0804200232046FFF794FB80
:10B650009FED317A0123F0EE477A8DED037A8DF874
:10B66000103094ED1C7AC4ED307AB4EEE77AF1EE46
:10B6700010FA1DDC94ED1D7AB4EEE77AF1EE10FAC3
:10B6800016D4FDF765FD214B244A5B6A11785B00F7
:10B690009BB29A1B19B1C7E98B63C7F83422D7F85C
:10B6A0003832934238BF1346C7F8383209B0F0BD7C
:10B6B0004FF4800200232046FFF75EFBE1E794F899
:10B6C0009C30002BC4D022681268526C2B464FF479
:10B6D000001002462046FFF74FFBAAE721680968E1
:10B6E000496C11F40041F4D1042B08BF8842F0D119
:10B6F0000022012303928DF81030A0E7314607F5B0
:10B700000B70FFF765F91CF063FD00BF001C0040E3
:10B71000C094030800C05A4500000000BC910020FE
:10B7200010B50446C068F1F76FFCE068F1F70AFC59
:10B7300080B1A06900F018FA20B1606900F014FA35
:10B7400070B110BD4FF4003200232046FFF714FB08
:10B75000002010BD082200232046FFF70DFBF7E76D
:10B760004FF4802200232046FFF706FBF0E700BFDE
:10B7700070B52DED028B90F88031022B044600F05D
:10B78000D680012B00F0C080002B40F05C8190ED52
:10B790005F7AD4F89C31D4ED637A012B27EE277AB7
:10B7A00000F0C0809FEDA96AF0EE467AD4F884508C
:10B7B000D5F8583193F83820D3ED5C6A032A00F0AD
:10B7C000D3809FEDA38A26EEC88AB4EE678AF1EE95
:10B7D00010FAC8BFF0EE487AB1EE488AF4EEC87AA3
:10B7E000F1EE10FAD8BFB0EE678A032A00F0E880C5
:10B7F00093ED0D6AC7EE067A28EE487AA6EEA67A91
:10B80000B5EEC07AF1EE10FA00F2A280F5EEC07A41
:10B81000F1EE10FA00F10D81DFED8C8AF4EEE87A9A
:10B82000F1EE10FAD8BFF0EE678A022A06D00023A4
:10B8300084ED688AC4ED698AC4F89C31854B5E6AE0
:10B8400005F1B0007600B6B201F0B8FD814B824937
:10B850005B6A09785B009BB29A1B19B1C5E97763F3
:10B86000C5F8E421D5F8E831934238BF1346C5F84E
:10B87000E83194F88831022B00F0B480012B00F0FD
:10B88000D180002B40F0DF80D4ED616A94F86C2009
:10B8900094F86D30002A00F0B88094ED0B6ADFED6B
:10B8A0006B7AD4ED0C5A26EE866AB0EE677AA8EE73
:10B8B000C67AE6EE087AA5EE887AE8EEA57A6BB14C
:10B8C00094ED086AD4ED0D4A9FED645AB8EEC66A4D
:10B8D00066EE856AC4EE865AE6EEA57AD4F8843020
:10B8E000D3F8583193F83830022B04BF37EE087A7A
:10B8F00078EEA77ABDEC028B002384ED657AC4ED67
:10B90000667AC4F8903170BDD0F87C31ABB193ED5C
:10B91000007AD4F89C31D4ED637A012B27EE277A94
:10B920007FF440AFD4ED687A94ED696A3EE7D0F8D1
:10B930007C3113B11A68002A6ED04FF08052BDECF2
:10B94000028B04F190000023BDE87040FFF700B8BF
:10B95000F1EEC78AB1EE687AB4EE677AF1EE10FACA
:10B96000C8BFF0EE477A59E794F8600000283FF42A
:10B9700028AFB0EEC66AF4EEC67AF1EE10FA4CBF0C
:10B98000D4ED195AD4ED1A5A9FED355A9FED358AE8
:10B9900036EE676A26EE888A26EE256AD4ED175AB7
:10B9A000E6EE057AF4EE657AF1EE10FA48BFF0EEB5
:10B9B000657AB4EEE78AF1EE10FA58BFB0EE678A06
:10B9C000D5ED377AD4ED165A93ED0D6AF4EE657A1B
:10B9D000F1EE10FA48BFF0EE657A26EE276AC7EE60
:10B9E000067A09E7D4F8843123B11A6812B9D3ED85
:10B9F000016A4BE794F86C308BB994F86D3073B9E9
:10BA00009FED127AF0EE477A68E7002BF8D0DFED71
:10BA10000F7AB0EE677A53E793ED017AB9E64FF00B
:10BA200000628CE7D4F88431002BE3D0D3ED006AB8
:10BA30002CE7DFED0D8AF8E6314605F5EE70FEF7EE
:10BA4000C7FF1CF0C5FB0948FEF7B0FF000000006F
:10BA5000A4707D3F001C0040BC910020ABAA2A3F8F
:10BA60006F1203396666663F00000080049C03087D
:10BA700008B5C3691B782DED028BB0EE408A2BB35D
:10BA8000D0E9053290ED047AD2ED007AD3ED006A68
:10BA900037EEC77A77EEE67AC7EE278A68EE808AB5
:10BAA000F5EEC08AF1EE10FA15D4B0EE680AFCF794
:10BAB00059FFDFED0A7A002818BFF0EE678AF4EE2E
:10BAC000C88AF1EE10FAD8BFB0EE688AB0EE480A24
:10BAD000BDEC028B08BDDFED018AF0E7000000003D
:10BAE00010B504462DED028B8088FDF767FAD4E986
:10BAF0000232DFED1B7A4AB103EB8202B3EC017A2A
:10BB0000A0EE277A9A42F0EE477AF7D194ED097ABF
:10BB1000DFED146A94ED0A8A77EEC77AA7EEA67A6B
:10BB200077EE487A84ED097AA7EEA68AB0EE480A45
:10BB300084ED0A8AFCF716FF20B984ED048ABDEC77
:10BB4000028B10BDDFED067AB0EE678A84ED048AC1
:10BB5000BDEC028BC4ED097AC4ED0A7A10BD00BFBA
:10BB6000000000000BD7A33AC3691B7883B1836937
:10BB700090ED047AD3ED007AF1EE046A77EEA67ABE
:10BB8000B4EEE77AF1EE10FAB4BF0120002070475E
:10BB90000120704730B500F12C05C0E902230D4C9F
:10BBA0004561002300F13005C0E908330A4A81806D
:10BBB00004610A490A4C8561836200F1340501235E
:10BBC00000F1240EC5610460C162026380F8343064
:10BBD00030BD00BF0000C07F0000F0420000C8423E
:10BBE00084BD030870B5194B194DDFF870C00446C9
:10BBF00093E8030082B06A4604F12C0682E8030051
:10BC0000A66004F14006256166614FF6FF7504F1F8
:10BC1000440600230421A580A6610E480E4DE16074
:10BC200004F14806A1872064C4E9083392E80300C0
:10BC3000E661A3622560C4F844C084F84830FCF78C
:10BC4000A5FFA080204602B070BD00BF18100020E4
:10BC50000000C07F0000C84298BD03080000F04209
:10BC600010B5828F094BC064102A98BF03EBC20342
:10BC7000044693E8030082B06B4683E80300FCF7B8
:10BC800085FF03460120A38002B010BDF80F0020FD
:10BC900010B5828F084B102A98BF03EBC2030446ED
:10BCA00093E8030082B06B4683E80300FCF76EFF65
:10BCB000A08002B010BD00BFF80F0020EFF310838A
:10BCC00072B6826807EE901A1268C0F89010F8EE0B
:10BCD000E77AA0F8EA10C0ED2B7A516283F310885E
:10BCE000704700BF0B781BB10368012283F8F62070
:10BCF000012070470B781BB10368012283F8F720FD
:10BD00000120704752B1012A02D101600020704722
:10BD1000022A04BF0B68036000207047014B0360D8
:10BD2000002070471CBE030852B1012A02D10160F5
:10BD300000207047022A04BF0B6803600020704790
:10BD4000014B036000207047E0BD030803881943DE
:10BD50000180704703680B430360704708407047D9
:10BD60002DE9F04782B08446816000F1140400F1AF
:10BD70000C0102A800E90C004E48CCF8000081E854
:10BD80000C000AAB93E803000CAB84E8030093E8D3
:10BD900003000CF11C0383E803000EAB93E80300DF
:10BDA0000CF1240383E80300434BCCF83C30434BB5
:10BDB000CCF84430424A434E109DCCF838204FF422
:10BDC000005300244FF0000ECCF850303E4ACCF81F
:10BDD0002C5040F20113CCF84020CCF83040ACF8A5
:10BDE0003440CCF84840CCF84CE0CCF854E0ACF807
:10BDF0005840CCE917430FCE0CF16805ACF864400D
:10BE00000FC596E80300DFF8C4A085E80300022709
:10BE10004FF004094FF6FF786046CCE92244CCE9A4
:10BE20002444CCF880A0ACF88490CCF898E0CCF80E
:10BE30009C70CCF8A0E0CCF8A470CCF8A8E0CCF8CA
:10BE4000ACE0CCF8B0E0CCF8B4E0CCF8B8E0CCF89A
:10BE5000BCE0CCF8C0E0CCF8C4E0CCF8C840CCF8EA
:10BE6000CCE0CCF8D070CCF8D4E0CCF8D870CCF8DA
:10BE7000DCE0CCF8E070CCF8E4E0CCF8E8408CF8FA
:10BE8000F240CCF8F440CCF830E1CCF834E18CF856
:10BE90003841ACF83A41CCF83C41ACF84041ACF800
:10BEA0004C81CCF87C41ACF880418CF8984102B0D0
:10BEB000BDE8F0875CBE0308DB0F494200007A440E
:10BEC0000AD7A33C60BE0308DB0F49410100030011
:10BED000D0ED117A9FED207A77EEA77AB5EE006A61
:10BEE00067EEA76A27EE877A66EE866AB7EE006A83
:10BEF000B4EEC67AF1EE10FA10B50246C0F888002A
:10BF0000C0ED2F7AC0ED306A0C460DD40023A0F8A6
:10BF1000E83001218C30FFF719FF106B4FF480716E
:10BF200000F51270FFF716FF92F8593063B1938E47
:10BF3000012B0BD0022B02D1012382F88F30032C6E
:10BF400004BF012382F88F30012010BD92F86530C4
:10BF5000002BF4D0F0E700BF6F12033908B502469A
:10BF60000023A0F8E8308C30FFF7F0FE106BBDE83E
:10BF700008404FF4807100F51270FFF7EBBE00BF70
:10BF800090F8583010B50446B3B3EFF3108372B68F
:10BF900000220021C0F89410C0F8B02083F310886C
:10BFA00090F8603003B3D0ED147A90ED157A036801
:10BFB0001D4A1B68F8EEE77A934267EE877AFDEE3A
:10BFC000E77A17EE901A2CD1EFF3108372B68268DD
:10BFD000F8EEE77A1268C0F89010C0ED2B7AA0F85E
:10BFE000EA10516283F3108894F8593053B984F8F9
:10BFF0008F30012384F88E3004F10C00BDE810402E
:10C0000005F0C0BA236BD3F8003103F54053012289
:10C0100093F8981884F88F200029EAD083F83E29F5
:10C02000E7E79847E0E700BFBDBC0108FFF7A8BFFE
:10C0300090F8583013B90C3005F0A4BA19B990F83B
:10C040006230002BF7D100B583B0074B009000227F
:10C0500001210C3005F0CCF918B9044B012283F80A
:10C06000F02203B05DF804FB2DC00108C8E30020F6
:10C07000D0ED117A9FED147A77EEA77AB5EE006ACB
:10C0800067EEA76A27EE877A66EE866AB7EE006AE1
:10C09000B4EEC67AF1EE10FAC0ED2F7AC0ED306A38
:10C0A00000D5704708B502460023A0F8E83001210A
:10C0B0008C30FFF74BFE106BBDE808404FF48071E9
:10C0C00000F51270FFF746BE6F120339036BD3F809
:10C0D000583193F83830032B0CD090F88F300BB9CF
:10C0E00080F85930B0F83A3123B990F88E300BB956
:10C0F00080F85930704700BF30B590F862200125B4
:10C10000002387B0044680F8585080F88E30DAB9A2
:10C110000090144B29460C3005F06AF9C0B1206B31
:10C12000002202AB00F12401CDE903220292059224
:10C13000FDF768FC049B04461BB102A903220846D4
:10C140009847204607B030BD0C3005F01BFAE6E7F3
:10C15000054B83F8F052E2E702A8FDF755F91CF011
:10C1600037F800BF2DC00108C8E300202DE9F041D9
:10C17000066BD0F8907006F1240E0546BEE80F005D
:10C180008CB00DF1140CACE80F009EE807008CE8B1
:10C190000700DDED097AB0EE087A002467EE877AB1
:10C1A0004FF4807801AB3046224605A9CDE9024420
:10C1B00001940494ADF82C808DF82E40CDED0A7AD0
:10C1C000FDF720FC039B04461BB101A9032208468E
:10C1D00098473CB1D5F8903007F10802934205DD4D
:10C1E0000123EB6520460CB0BDE8F081083FBB425F
:10C1F000B4BF4FF0FF3300232046EB650CB0BDE821
:10C20000F08101A8FDF700F91BF0E2FF2DE9F041F4
:10C21000066B06F1240E044600F1F807BEE80F0095
:10C220008CB00DF1140CACE80F009EE807008CE810
:10C230000700DDED097AB0EE087A002567EE877A0F
:10C24000294620224FF4807884F865503846ADF8AE
:10C250002C808DF82E50CDED0A7AE4F7FDF82F4BA7
:10C2600004932F4B03932A4605A9304601ABCDE931
:10C270000145FDF7C7FB039B05461BB101A903223E
:10C2800008469847002184F8F610BDB304F1F40C79
:10C2900008460B4601265CF8042F002A07DD06FA43
:10C2A00003FE322A40EA0E00C8BF41EA0E01013304
:10C2B000082BF0D1814212D1C9B27E2925D0BD29E7
:10C2C00021D0DB2923D0E72909D1042201232846E4
:10C2D00084F8642084F865300CB0BDE8F081002358
:10C2E000102104F18C00A4F8E830FFF72FFD206B3B
:10C2F0004FF4807100F51270FFF72CFD00252846E1
:10C300000CB0BDE8F0810122E0E70022DEE7022266
:10C31000DCE701A8FDF778F81BF05AFFE5BC01083F
:10C3200029BD01082DE9F047D0F8308008F1240E2E
:10C33000054600F1680400F18007BEE80F008CB0EC
:10C340000DF1140CACE80F009EE807008CE8070024
:10C35000DDED097AB3EE0E7A67EE877A00264FF4A8
:10C3600080794FF0010ABC4285F8F5A0ADF82C9019
:10C370008DF82E60CDED0A7A05D0AE666660A660B7
:10C38000E66026616661554B04930022544B03938B
:10C3900005A94046C5F81821C5F81C21C5F820217B
:10C3A000C5F82421C5F82821C5F82C2101AB019539
:10C3B0000292FDF727FB039B80461BB101A90322D4
:10C3C00008469847B5F88C001021FFF7C7FC0028F5
:10C3D00056D1B8F1000F53D095ED1A5A9FED416A2E
:10C3E000DFED415AF0EE457A05F16C0305F1840268
:10C3F00011E0F3EC016A76EEE77A9A4287EEA57ACD
:10C40000BDEE477AB8EEC77AE7EE657A36EE276A70
:10C4100011D0F0EE667A9F42EBD175EE677ADFEDD0
:10C42000326A87EEA67ABDEE477AB8EEC77AE7EEB3
:10C43000667A36EE276AB5EEC06AF1EE10FA2FD4AE
:10C440000123EB659FED296AF1EE086AF4EC017AAD
:10C4500077EEC57A67EE867A87EEA67ABDEE477AE2
:10C46000B8EEC77AE7EE667AF5EEC07AF1EE10FA2A
:10C4700048BF77EEA67ABC4244ED017AE6D108E0E7
:10C480001B4E0FCE0FC496E8030084E803004FF064
:10C4900000080023404685F8F5300CB0BDE8F08771
:10C4A0004FF0FF33DFED106AEB652346D3ED007AE2
:10C4B000F1EE677A87EEA67ABDEE477AB8EEC77AD4
:10C4C000E7EE667AE3EC017ABB42EFD195ED1A5ABA
:10C4D000B8E701A8FCF798FF1BF07AFEF5BC01084D
:10C4E00005BD010800000000DB0FC9404576743F20
:10C4F00060BE030890F858302DE9F047054623B197
:10C5000090F88E30002B00F0DA80AB8E012B00F01B
:10C51000CC80D5F89430C5F89030EFF3108072B627
:10C520002B6BDFEDDC7AD3F85821D5ED0F5A92ED65
:10C53000097AC3ED4B7A77EE076A0021C3F8281118
:10C54000C3F83411C3F84011C3F8481192F83810F9
:10C55000C3ED426AC3ED436ADFEDCE6AC3ED4C7AA8
:10C560000229C3ED4E7AC3ED4F7AC3ED537A0ABF69
:10C57000B0EE475AB0EE675AB0EE677AB6EE006A90
:10C58000F0EE667AE5EEC67A4FF0FF44C3F810414C
:10C590009FEDC16A83ED467A87EE867ABDEE477AD3
:10C5A0000024C3F85041023918BF0121B8EEC77A00
:10C5B00083ED475AE7EE467AC3ED456AC3ED556A07
:10C5C000C3ED487AC3ED517A92F8EC4082F8E0105E
:10C5D000022C1CBF022482F8EC4092F8F840022C96
:10C5E0001CBF022482F8F84092F8004103F59471D0
:10C5F000022CC2F8E41003F59A71C2F8F01018BFCB
:10C60000022403F5A07118BF82F80041C2F8FC10A3
:10C6100093F8BC40C3F8B810022C1CBF022483F866
:10C62000BC4092F88841022C1CBF022482F8884149
:10C6300092F80841022C03F5A4711CBF022482F871
:10C640000841C2F88411C2F8041193F8C420C3F859
:10C65000C010022A1CBF022283F8C42080F3108875
:10C66000286BFDF705F92B6BD3F8580100F1C801D1
:10C67000FEF7A8FA4FF47A7406E093F86C3263B9C7
:10C68000FAF7ECF9013C29D02B6BD3F8582192F83A
:10C690009C600120002EF0D103E000211046FEF73F
:10C6A000D3FA00263046BDE8F08795F86530002BB8
:10C6B0007FF42FAFA5F8E8304FF4007102E0A0F846
:10C6C000E830202105F18C00FFF740FB286B4FF488
:10C6D000807100F51270FFF73DFBE2E7D5F890900E
:10C6E000EFF3108272B62B6B296CC3F81411002083
:10C6F000C3F85401C3F8504182F31088D5F830A034
:10C700009AF86C32002B40F0E9802746A04615E0ED
:10C7100095ED0F7ADAED557AB4EEE77AF1EE10FA8C
:10C7200015D9DF1948EBE378FAF798F9D5F830A076
:10C730009AF86C320134002B40F0B280DAF85821BC
:10C74000D5F8903092F89C200120002AE0D109F120
:10C750000802934207DCA9F10802934280F2858027
:10C760004FF0FF3200E0012295ED147AEA65B8EE51
:10C77000C77AF7EE004AC4EE876AA3EB0903002BE1
:10C78000DAF85821B8BF5B4207EE903A136A9FED82
:10C79000435AD5ED0F5A95ED0E6A5B0007EE103A3D
:10C7A000B8EEC77AF8EEE77A27EE057AC5ED317A6A
:10C7B00027EE267AC5EE876A77EEE67AF0EEE77A1C
:10C7C00087EEA67AB4EEC67AF1EE10FA73DCEFF3D8
:10C7D000108372B6D5ED107A2A6BF1EE677AC2ED4E
:10C7E000457A83F310882B6B93F86C226AB15AE078
:10C7F000D5F89030DF1948EBE378FAF72FF92B6B77
:10C8000093F86C220134002A4DD1D3F8582192F8C4
:10C810009C10012000293FF444AFD3ED557AF5EE8A
:10C82000C07AF1EE10FAE3D810460021FEF70CFAB8
:10C830000023384622464146EEF756FF04FB1077A8
:10C8400007EE907AB8EEE77A07EE904AF8EE677A4C
:10C85000B6EE006AC7EE276A0123A86485F88F3018
:10C8600076EE867AC5ED137A1CE7002205F18C007E
:10C87000A5F8E8200421FFF769FA0AF512704FF4D1
:10C880008071FFF767FADAF858011146FEF7DCF914
:10C8900007E700BF00000000DB0FC940DB0F494085
:10C8A000D5F8903053E7D3F8582192F89C30002BFC
:10C8B0003FF4F7AEB8E7002405F18C00A5F8E84096
:10C8C0000221FFF743FA0AF512704FF48071FFF767
:10C8D00041FA21461046FEF7B7F9E2E6D5F8903066
:10C8E0002746A04633E700BF2F4A4369018B934296
:10C8F0002DD002F58062934253D002F580629342BC
:10C9000008BF022324D00022C3692749B0F820C001
:10C910008B4226D001F580618B423ED001F58061CB
:10C920008B4208BF02231DD0436A1F49B0F828C0BC
:10C930008B4223D001F580618B4230D001F58061BC
:10C940008B4208BF02231AD080F8F22070470023E0
:10C9500000EB4303B3F8EC30194214BF012200226C
:10C96000D2E7002300EB4303B3F8EC301CEA030FDB
:10C9700014BF0123002342EA4302D5E7002300EB62
:10C980004303B3F8EC301CEA030F14BF0123002368
:10C9900042EA830280F8F22070470123E2E7012394
:10C9A000EDE70123D4E700BF0000024038B5B0F83E
:10C9B0003A31DB0501D4012038BD00F5A8750446E5
:10C9C000284605F085F90028F6D0D4F83C11B4F8D3
:10C9D00040210D4BC4F8903104F5A6700023C4F833
:10C9E0007C11A4F8802104F5A7710122C4E9621228
:10C9F000C4F88401C4F89441E06AC4F89C31294623
:10CA000005F0E2F9D7E700BF91CB010830B5B0F8E7
:10CA10003A31022B85B004461CD014D86BB12A4998
:10CA20002A4A2B4B096912691B69A4F8F030A4F853
:10CA3000EC10A4F8EE2005B030BD83681B685B6A7B
:10CA4000A0F8EA30EBE7A3F58073042B2DD8FFF7AD
:10CA5000ADFFE4E7B0F882301E4D102B94BF05EB1C
:10CA6000C3032B4693E803006B4683E80300FCF7FF
:10CA700065F9B4F88430102B88BF164BF6EE007AB7
:10CA800098BF05EBC30393E8030030EE670A02ABDF
:10CA900084ED4C0A83E80300FCF750F9F6EE007AC7
:10CAA00030EE670A84ED4D0AB9E70023A0F8E830BC
:10CAB00008218C30FFF74AF9206B4FF4807100F5A4
:10CAC0001270FFF747F9AAE7000002400004024095
:10CAD00000080240F80F0020024699B308B5B0F8EC
:10CAE0003A31B3F5827F3DD8B3F5817F17D8B3F5DE
:10CAF000807F2BD040F201118B4233D1B0F84E3100
:10CB000083EA132181EA111181EA910181EA51013D
:10CB1000C90711D458040FD4C3F30D0302E0B0F8D1
:10CB20004E319B0892F85900C2F8C830012182F8B2
:10CB3000381108B182F88F10BDE8084002F5A870DE
:10CB400005F0D8B800F5A87005F0D4B8B0F84E31AB
:10CB500083EA132181EA111181EA9101C94389070E
:10CB6000EAD1D9E70023A2F8E830082102F18C00CD
:10CB7000FFF7ECF8106B4FF4807100F51270FFF7BF
:10CB8000E9F8BDE8084002F5A87005F0B3B800BFA9
:10CB9000FFF7A2BFB0F88020134B10B5102A98BF42
:10CBA00003EBC203044693E8030082B0EC468CE832
:10CBB00003000122BCF80410C4F83C01A4F84011A1
:10CBC0000023114604F59E7004F034FBD4F83C01B8
:10CBD00038B1B4F84011012202B0BDE81040F4F7BA
:10CBE00093BC02B010BD00BFF80F002010B5182193
:10CBF00004468068F6F720FE00212046FFF718FA69
:10CC0000A38EA4F83A31B3F5817F37D0B3F5827F94
:10CC10004FF482700CBF012100214FF000024FEA57
:10CC20004101C4F850014FF40060C4E95520C4F834
:10CC30005C114FF001004FF40071C4E958014FF04E
:10CC400018004FF00A01C4E95A02C4E95C22C4F892
:10CC5000781110D1A4F84C212046FFF79BFF236BDD
:10CC6000D3F8003103F5405393F8982812B101220C
:10CC700083F83E2910BDDB05EED410BD4FF40062F1
:10CC800000234FF482700221C4F858210122C4E924
:10CC90005712C4E9540318214FF400700A22C4E962
:10CCA0005901C4E95B33C4E95D32D5E710B52DED18
:10CCB000028B0446B0EE408AE3F7ECFAB1EE087A54
:10CCC000C8EE077AFDEE677AF8EEE77AFDEEC06A05
:10CCD000B0EE480AA7EEC70A16EE900AB5EEC00AF3
:10CCE000F1EE10FA48BF30EE070AB1EE087AFDEE19
:10CCF000C07A17EE903A5A1F012A94BF05235A1C96
:10CD000004EB8303D3ED1A7A70EE677A98BF0022A2
:10CD1000C7EE876AFDEE666AF8EEE66AE6EEC77A67
:10CD2000F5EEC07AF1EE10FA16D404EB8204D4EDDD
:10CD30001A7A30EE670ABDEC028BC0EE077AFDEE80
:10CD4000677AF8EEE77AA7EEC70AB5EEC00AF1EE09
:10CD500010FAC8BF013010BDBDEC028B013810BD08
:10CD60002DE9F041B0F83A31D0F8C860022B2DED32
:10CD7000068B044600F0A18100F23581002B00F003
:10CD80007681FFF7B1FD90F8F63043B190F8F230BC
:10CD900000EB8303D3F8F8200132C3F8F82094F8AD
:10CDA0006550002D40F0F881D4E92486276D96FB6C
:10CDB000F7F307FB1366002EC4F89080C0F26C8175
:10CDC00094ED2CAAD4ED2E8ADFEDE97A94ED2B9A1E
:10CDD000A38EC4F89460B0EE4A8AA8EEA79A012BFD
:10CDE000A8EEA78A84ED2B9A84ED2C8AB0EE490A2E
:10CDF00000F05481E3F74EFAF0EE409AFDEEE99A26
:10CE0000B0EE480A19EE903AA8EB030309EE903A07
:10CE1000E3F740FAFDEEC07AF8EEE99A17EE900AD1
:10CE2000331A07EE103A07EE907AB8EEC77AF8EEAA
:10CE3000E77A9FEDCF6A94ED2F5ADFEDCE5A226B41
:10CE4000C7EE276AFDEE666AF8EEE66A25EE065A38
:10CE5000A7EEE67AB0EE486AA5EE076AD4ED2D6A31
:10CE600077EE664AA5EE299AE4EEA56AC6EE275A41
:10CE7000BDEE655AB8EEC55AC4ED2D6AA7EEC56A77
:10CE8000DFEDBB4A94ED305A84ED2B9AB5EEC06AC3
:10CE9000F1EE10FA48BF36EE276A65EE244A76EEC8
:10CEA0004A5A89EE274AC5EEA76AF0EE685AE4EEC0
:10CEB000875ADFEDB14A9FEDB17A25EE245AF0EEA4
:10CEC000E54AB4EEE45AF1EE10FAC8BFF0EE475A64
:10CED000BDEE667AB8EEC77AC4ED2E5A85EEA75A33
:10CEE000D2F80031C8BF012136EEC77AD4ED396AD5
:10CEF000D3ED104A84ED2C6A37EE267A4FF000030A
:10CF0000C7EE246AFDEE666AD8BF1946C4F8D03071
:10CF1000C4F8D8300023C4F8E030A36CF8EEE66A19
:10CF200084ED354AA4EEE67A84ED375AB5EEC07A40
:10CF3000F1EE10FA48BF37EE247A84ED397A21B940
:10CF400094F86110002940F0F480B6EE007AF0EE1B
:10CF5000476A84ED267A94F88F10002941D0B7EE05
:10CF6000007AC7EE275AD2F85821F31A07EE903A02
:10CF7000136A9FED836A5A0007EE102AF8EEE77AEB
:10CF8000B8EEC77A77EEA67A27EE067AD4ED136A62
:10CF90009FED7C6A27EE257A77EEE67A06EE903AE8
:10CFA00067EE877A25EE065AC7EE865AFDEE655A79
:10CFB0000023C4F89C30C4F8A430F8EEE55AF8EE2B
:10CFC000E66AE5EEC67A94ED177A25EE265AB8EEB3
:10CFD000C77A25EE075A27EE277A84ED2A5A84ED80
:10CFE000287A01203FE0A3F58073042B2BD890F81A
:10CFF0003831D0ED337A002B00F0A4809FED5F7ABA
:10D00000DFED5B6A37EE677AE7EE267AC0ED337ABA
:10D01000D4F89450276DD4F89020751B002384F821
:10D02000383195FBF7F307FB1355002DB8BFED1909
:10D0300007EBD773B5EB630FC8BFED1B05EB020819
:10D04000C4F89080BCE60023A0F8E830082104F181
:10D050008C00FEF77BFE206B4FF4807100F51270A0
:10D06000FEF778FE0020BDEC068BBDE8F081D0F81D
:10D070009030B0F8EA50D0F89460076DED1A2DB2F8
:10D0800003EB05082E4496FBF7F307FB1366002E0F
:10D09000C4F89080BFF694AE3E4491E62046FFF778
:10D0A00005FEA8EB000007EE900AB0EE480A204605
:10D0B000F8EEE79AFFF7FAFDB2E6D0ED4D0A90EDF3
:10D0C0004C0AFBF729FBDFED307AD4F894202F4986
:10D0D000276D20EE270ABDEEC00A10EE103A9B1A0B
:10D0E00081FB0301DD17C5EBA12541F68B0101FB97
:10D0F0001535002DB8BF6D1840F645408542C8BFB4
:10D10000A5F5C455D4F89030B4F83A11C8BF0B3D1A
:10D1100005EB0308531993FBF7F207FB1233002BBF
:10D12000B8BFDB1911F4807FC4F8908008BF1E4699
:10D1300046E6002D3EDD9FED117AF0EE476A84ED64
:10D14000267A08E7B7EE007A37EE677A9FED086A2D
:10D15000DFED0F6AE7EE067AF4EEE67AF1EE10FA0A
:10D16000C0ED337A7FF754AFA0F8E83080216EE746
:10D170006F120339CDCCCC3D6F1283380000000014
:10D18000DB0F4940DB0FC94000007A44BF05B929D5
:10D19000CDCC4C3D6F12033994F8F23094F86420F2
:10D1A0005340013B052B00F28F80DFE803F06A1B40
:10D1B0006866646211D11FED096AD4ED266AE5EE56
:10D1C000866AB7EE007AF4EEC76AF1EE10FA72DD05
:10D1D00084ED267AF7EE006ABDE64FF07E51C4F882
:10D1E0009810F7E7022394F8F520002A4BD094F822
:10D1F000F72094F8F410002A6ED000296ED094F82D
:10D20000F3103F4A581A82FB0052A2EBE07202EB85
:10D210004202A0EB4202002A66DB27D0012A68D036
:10D22000052A54D104EB8102206BD2F8181190ED3D
:10D23000517A01310129C2F8181157D0D2ED1A5A8A
:10D240009FED306A07EE901A77EE656AF8EEE77A9E
:10D2500086EEA77A77EE257A87EE867ABDEE477A54
:10D26000B8EEC77AE7EE467AC2ED1A7A84F8F33060
:10D27000B7E60323B7E70523B5E70423B3E70123A4
:10D28000B1E70023AFE7D4F894601D4D276D9B1BD9
:10D2900085FB0325A5EBE37505EB4505B3EB4505DC
:10D2A00048BF0635D4F89030032DC8BF063D05EBC6
:10D2B00003082E44E7E6F5EEC06AF1EE10FAC4ED7D
:10D2C000266A3FF538AF46E694F863309BB90023F1
:10D2D000A4F8E8301021BAE60029C7D1012284F869
:10D2E000F33084F8F4207CE6063297E782ED1A7A70
:10D2F000BCE7194696E7D4E92486276D0025C2E6E7
:10D30000ABAAAA2ADB0FC94090F8283083B1D0ED30
:10D31000077AD0ED096A90ED087A77EEA67AF4EEF6
:10D32000477AF1EE10FAC8BFF0EE477AC0ED077AFF
:10D33000837A027D427513B30389144A817D102BD1
:10D3400098BF02EBC3021368928823B11B691A428B
:10D3500014BF01230023994217BF9FED0D7AD0ED32
:10D36000077A80ED077AF0EE477A90ED087A8375B8
:10D37000B4EEE77AF1EE10FA02D8C27A0AB1037578
:10D38000704783F001030375FAE700BFF80F002030
:10D3900000000000D0ED017A9FED077A837A80F8D3
:10D3A0002830F8EE677A002267EE877AC261C0ED16
:10D3B000097A0120704700BF6F12833A38B52DED0E
:10D3C000048B037B022B044600F0B780012B00F096
:10D3D0008D80002B40F0DC8090ED028A0123227DBD
:10D3E000022A00F08C80012A00F0AF80002A40F071
:10D3F000CF8094ED049A012294F82000022800F0D6
:10D400008B80012800F0A680002840F0BC8094EDBD
:10D41000067A94ED076A0120002B00F08980002A2B
:10D4200000F09F80002800F0A98094F82430A26AC0
:10D43000A162002B00F09D808B1A07EE903ADFED81
:10D44000565AD4ED0B6AF8EE677A37EE667AC7EE75
:10D45000A59AD4ED015A27EE257AF0EE667AE9EE28
:10D46000877AC6EE278AC4ED0B7A68EEA58AB0EEFD
:10D47000680AFBF777FA002840F08280DFED477AF0
:10D48000C7EEA96AB0EEE87ADFED457AF4EE476AB6
:10D49000F1EE10FA48BFF0EE678AD4ED0C7A9FEDFA
:10D4A000417AC4ED0E8AE8EEA97A0023636338EE70
:10D4B000899AC7EE876AFDEE666AE3636364F8EEF5
:10D4C000E66A84ED109AE6EEC77A37EE888AC4EDF4
:10D4D0000C7AC8EE077AFDEE677AF8EEE77AA7EEE7
:10D4E000C78A84ED128ABDEC048B38BD8268002A9D
:10D4F00039D092ED008A227D022A7FF474AF22692E
:10D50000AAB3106898BB94F8200092ED019A022803
:10D510004FF001027FF475AFA06930B3056825BBF9
:10D5200090ED017A90ED026A0120002B7FF477AF35
:10D53000BDEC048B84F8243038BD83689BB11A6835
:10D540008AB993ED018A012349E7206978B190ED0A
:10D55000009A51E7A56945B195ED007A95ED016A0C
:10D560005AE71346E4E7002339E7002054E7002296
:10D5700042E700220123E2622263D9E70346D7E7AC
:10D58000DFED078A89E7FF2802D10748FDF70EFA89
:10D590000648FDF70BFA00BFA037204DCDCCCC3D9F
:10D5A00000000000DB0FC940289C0308049C03080E
:10D5B0000E4B828844F29C1113445B5C0E2B00D00E
:10D5C00070470B4B102A98BF03EBC203827918688F
:10D5D0002AB90028F4D099880122F3F795BF18B131
:10D5E00099880022F3F790BF704700BFC8A30020BE
:10D5F000F80F00200D4B828844F29C1113445B5CB1
:10D600000E2B00D070470A4B102A98BF03EBC203C1
:10D610008279186822B140B199880122F3F774BF6A
:10D620000028EFD09988F3F76FBF7047C8A3002098
:10D63000F80F0020B1F5616F3ABF00EB810090ED6B
:10D64000160A9FED010A70470000000000F54050E7
:10D6500069B100F61413D3ED007A30EE270A00F614
:10D660001412012382ED000A80F83C39704700F65D
:10D670000413D3ED007A30EE270AF0E700F54050AE
:10D68000D0F8D838D3F8483213B9012380F8993844
:10D69000704700BF00F1580300F56252DFED0B7ACE
:10D6A00018321946B1EC017A8A4277EE877AF9D1BD
:10D6B0009FED077A87EE870AD3ED007A77EEC07A7E
:10D6C000E3EC017A9A42F7D1704700BF00000000F6
:10D6D00000006145037819400170704703781943D1
:10D6E00001707047C043C0B270470000D0ED137A9C
:10D6F0009FED107A00F54053F4EEC77AF1EE10FA80
:10D70000C3F8D40811DC77EEA77AF5EE006A27EEAD
:10D71000A77A27EE267A03F6241203F51263C2EDE8
:10D72000007A012083ED007A70479FED037ADFEDE8
:10D73000037AF0E70000FA440024744A00007A45B6
:10D7400000F5405303F60C1103F6081C0022CCF838
:10D75000002000F565500A6003F5116103F64413DB
:10D760000A6002601A607047024600F5635008B50F
:10D770001C30FFF7B3FF074B9FED077AD3EDC07A5C
:10D78000F8EE677A02F5635067EE877AC0ED087AA3
:10D7900008BD00BFC8E300206F12033900F54053F5
:10D7A00003F69C01D3F8D82891ED006AD2F8AC10AA
:10D7B00091ED147AB8EEC77A03F61412C6EE076A32
:10D7C00010B4D2ED007A426D37EEC00AB0EEC00A56
:10D7D000F4EEC06AF1EE10FA0CDB03F50A61D1ED4C
:10D7E000006AC6EE877AF0EEE00AF4EEE07AF1EE37
:10D7F00010FA39DCB2F5616F1BD207EE902A9FED6B
:10D80000227AF8EEE77A032467EE877A047603F645
:10D81000141103F6181403F61C10C1ED007A00224F
:10D820000121226002605DF8044B83F83C1900205E
:10D83000704700244FF0030C446580F818C003F6CD
:10D8400014100021016003F618100122016003F694
:10D850001C100160104683F8994883F83C295DF854
:10D86000044B83F83E29704703F60C11B2F5616F43
:10D870000C6802F1010128BF4FF4616200EB8202E3
:10D88000416594650A46B5E7B4A29139D0ED117AA5
:10D8900090F83C2000F5405303F6141110B5F8EE53
:10D8A000677AD3F8D84881ED000ADAB190ED107AA2
:10D8B000C0EE076AFDEE666AF8EEE66AA7EE660A53
:10D8C000B5EEC00AF1EE10FA48BF30EE070AC0EE1E
:10D8D000076A66EEA77A17EE900AEDF76DFFC4E9C6
:10D8E000940110BD60EE277A17EE900AEDF764FF01
:10D8F000C4E9940110BD00BF08B5037E022B13D903
:10D9000090F83C3093B900F5635324331A79022A16
:10D9100012D0012A15D0CAB993ED000A00F564535C
:10D9200083ED010AFFF7B2FF012008BD00F5635344
:10D930002C331A79022AECD11B682BB193ED010A22
:10D94000ECE71B68002BE7D1002008BD0148FDF77C
:10D950002DF800BF049C0308D0ED137A9FED0F7AD9
:10D96000F4EEC77AF1EE10FA12DC77EEA77AF5EE54
:10D97000006A27EEA77A27EE267A00F5405000F6D7
:10D98000241300F51260C3ED007A80ED007A704731
:10D990009FED037ADFED037AEFE700BF0000FA4462
:10D9A0000024744A00007A452DE9F04F2DED088BD4
:10D9B00000F5405487B094F8E838022B054600F093
:10D9C0002E81012B00F0A380002B40F07A8504F615
:10D9D000E40393ED00AA4FF0010B94F8F038022B0A
:10D9E00000F0A280012B00F03C81002B40F0698503
:10D9F00004F6EC0393ED009A0123009394F8006978
:10DA0000022E00F0A480012E00F03881002E40F09C
:10DA1000588504F6FC03D3ED008A012694F8F878C3
:10DA2000022F00F0A680012F00F02281002F40F08D
:10DA3000488504F6F40393ED008A0127D4F8D888CA
:10DA4000D8F8AC30D3F8D020002A40F0A780D3F823
:10DA5000D820D3ED359A4FF00109002A40F0A58077
:10DA6000D3ED37AA98F84C324FF0010A002B00F0A2
:10DA7000A38095F83C30002B00F0DB80002E00F0F6
:10DA8000CA806B6C04F614111A4601910023D8E980
:10DA900094010BEE902AEDF727FE19461046EDF79C
:10DAA000E5FDF8EE6B7A07EE100AC8EEA76A019959
:10DAB00094F8993867EE267AC1ED007A002B7ED172
:10DAC00004F61413D3ED007A87EEA87ABDEE477AF8
:10DAD00004F614130121B8EEC77AE8EEC77AF5EE22
:10DAE000C07AF1EE10FA48BF77EEA87AC3ED007A5B
:10DAF0006B7E082B00F2E183DFE813F0DC03C70341
:10DB00001201D000DF039A03700322035001D4F8FE
:10DB1000E428002A00F0BB809B4694F8F03892ED90
:10DB200000AA022B7FF45EAFD4F8EC38002B00F093
:10DB3000AB801A68002A40F0A78094F8006993ED42
:10DB4000019A022E4FF0010300937FF45CAFD4F8EA
:10DB5000FC38002B00F09E801A68002A40F09A8062
:10DB600094F8F878D3ED018A022F4FF001067FF484
:10DB70005AAFD4F8F438002B00F08E801A68002ACF
:10DB800040F08A80D4F8D88893ED018AD8F8AC3078
:10DB9000D3F8D0200127002A3FF459AFD3F8D8207A
:10DBA0004FF00009002A3FF45BAF98F84C324FF079
:10DBB000000A002B7FF45DAF94F899382BB3B9F1CC
:10DBC000000F02D0BAF1000F18D105F563502021E3
:10DBD0001C30FFF783FD6D4B9FED6E7AD3EDC07A5D
:10DBE000F8EE677A04F50E6467EE877AC4ED007A82
:10DBF000002007B0BDEC088BBDE8F08FF0EE6A0A9C
:10DC0000B0EE690A2846FFF7C9FD95F83C3033B3FA
:10DC1000002E7FF455AF05F563504021D8E7D4F8C6
:10DC2000E438A3B31A6892BB93ED01AA4FF0010B3D
:10DC3000D3E604F61413D8E994010193EDF716FD29
:10DC4000D5ED117A019B06EE900AF8EE677A86EE22
:10DC5000A77A83ED007A94F89938002BAFD1002190
:10DC600046E7D4F8EC287AB192ED009A0093C5E625
:10DC7000D4F8F43883B193ED008ADFE6D4F8FC38A9
:10DC800043B1D3ED008AC9E600230093B6E64FF016
:10DC9000000BA2E60026C1E60027CFE604F6041337
:10DCA00093ED006A04F61413D3ED006A76EEC66AAB
:10DCB00049B1002EAFD0C6EEA87AFDEE677AF8EE35
:10DCC000E77AE7EEE86A04F6081304F6181293ED13
:10DCD000007AD2ED007A9FED2F5AD5ED125A04F654
:10DCE0002412D2ED004A77EEC77A04F5126267EE8D
:10DCF000A47AD2ED004AE4EEA67A04F51162A7EE0A
:10DD0000857A65EEA77AA7EE056AC2ED007A83ED03
:10DD1000007A04F6041383ED006AD4F8D8388BE057
:10DD20009FED1C7AD5ED0D7A04F60813D3ED006A49
:10DD300004F6181367EE877A93ED007AF0EEE77A2F
:10DD400037EE667AB1EE676AB4EEC67AF1EE10FA93
:10DD500000F13C83B4EEE77AF1EE10FAD8BFF0EEB2
:10DD6000477ADFED0C5A95ED126A87EEA57A04F634
:10DD7000081376EEA76A67EE067AC3ED006A04F52B
:10DD80001163C3ED007AD4F8D83855E0C8E3002019
:10DD9000DB0FC9406F120339B4A2913904F628137E
:10DDA0005FED057A93ED007A5FED066A04F63818A8
:10DDB00027EE277A98ED000AA7EE260A80EE277A4A
:10DDC000BDEE477AB8EEC77AA7EE670A88ED000A7B
:10DDD000FAF77EFDF0EE40AA98ED000AFAF732FD60
:10DDE00004F62C13D3ED007A04F61413D3ED006A75
:10DDF00004F51363E7EE806AD3ED007A04F6181396
:10DE000093ED007A04F6341393ED006A04F61C13C4
:10DE1000A7EEAA7AD3ED007AE0EE467A04F6041370
:10DE2000C3ED006A04F6081383ED007A04F511636C
:10DE3000C3ED007AD4F8D83894F8B128BAB1D5ED4A
:10DE40000A7A04F6081292ED007AF1EE676AF4EEAF
:10DE5000476AF1EE10FAC8BFB0EE667AF4EEC77A00
:10DE6000F1EE10FA58BFF0EE477AC2ED007AD3F81F
:10DE70005801FDF735F804F51163D3ED007A297EDA
:10DE8000B1EE407AB4EE677AF1EE10FAC8BFF0EE68
:10DE9000477AB4EE670AF1EE10FA48BFF0EE407A26
:10DEA000C3ED007A022904F60813D3ED006A41D9C4
:10DEB00095F83C30002B00F02F82009B002B3FF4A4
:10DEC00084AE002E3FF481AE04F6041393ED006A95
:10DED000C6EE285AFDEE655A04F60413F8EEE55A2C
:10DEE000B1EE685AA8EEE56AB5EEC06AF1EE10FA36
:10DEF00048BF36EE286A36EE499A83ED006AC9EECD
:10DF0000285AFDEE655AF8EEE55AA5EE859A94F882
:10DF1000B03895ED076AE6EE096A5BB104F6AC032A
:10DF200093ED006AB0EEC99AB4EEC96AF1EE10FA48
:10DF300080F24682B7EE005A94F8B13895ED0A6A3D
:10DF40007BB1F1EE465AF4EE665AF1EE10FAC8BF14
:10DF5000F0EE656AB4EE666AF1EE10FA48BFF0EED4
:10DF6000466A94F8B23873B1002F3FF42EAED5ED67
:10DF70000B4A66EE244AF0EEC85AF4EEE54AF1EE9A
:10DF800010FA00F16282D4F8D838D5ED085AD3F8E7
:10DF90005821D5ED094A92F83800032800F0D481C1
:10DFA00094F83E3913B394F8A838FBB1B9F1000FD7
:10DFB0003FF40BAE5FED883ADD4B89EEA34A4FF498
:10DFC000616EBDEEC44A14EE106A83FB063CB44495
:10DFD000F317C3EBEC230EFB1363002BB8BF7344A2
:10DFE00005EB830393ED164A77EE847A012940F21C
:10DFF0006881002F3FF4E9AD76EEC86A65EE255AD8
:10E0000004F60C13E5EEA67A93ED006A77EE867AB5
:10E01000B4EEE70AF1EE10FA40F1B081B4EEC07A46
:10E02000F1EE10FAD8BFB0EE407A04F60C13D3ED3F
:10E03000007ADFEDC06A67EEA67AD5ED0C6AB1EE24
:10E04000666AB4EE676AF1EE10FAC8BFF0EE467A7F
:10E05000F4EEE76AF1EE10FA58BFF0EE676A04F6E4
:10E060000C130228D2ED5B7AC3ED006A13D0D2ED17
:10E07000566AD2ED0C5A66EEA66AB7EE085A25EE3D
:10E08000666AD2ED556AE5EE867A66EEA66A66EEB7
:10E09000856AE5EEE67A05F5655104F6C4039FED61
:10E0A000A66AD1ED006A93ED005ADFEDA54A27EE8E
:10E0B000088AB0EE664A28EE068AF0EE003A98EE3C
:10E0C000234A04F6441204F6C80392ED006AD3ED25
:10E0D000005A25EE245A77EEC67AE5EE046A04F576
:10E0E0000D6365EEA45AA5EEA76AD3ED007AC1EDE3
:10E0F000006AF4EEE76AF1EE10FA82ED006A09D5E3
:10E1000004F6CC03D3ED007AB4EEE76AF1EE10FA30
:10E1100000F38881002304F6481282ED017A202062
:10E12000C4F84839FFF7DEFA014605F563501C30A4
:10E13000FFF7D0FA012007B0BDEC088BBDE8F08FE7
:10E1400094F8B438012B00F268817C494FF42C72AA
:10E1500002FB0312D2F8AC20D2F8D000002840F025
:10E16000798192ED35BA4FF0010CD2F8D800002831
:10E170007FF42BAD4FF42C7000FB0311D1F800316C
:10E1800003F54053D3F8481900297FF41EADBCF1C4
:10E19000000F3FF41AAD03F64C13D3ED006A92ED75
:10E1A000377A04F6B803D3ED007A04F6BC0327EE01
:10E1B0008BBA67EE877A93ED007A04F6041383ED49
:10E1C00000BA27EE267A04F60813C3ED007A04F5A8
:10E1D000116383ED007AD4F8D8382DE69FED587A94
:10E1E000D5ED0E7A04F51163D3ED006A04F61C1325
:10E1F00067EE877A93ED007AF0EEE77A37EE667A8B
:10E20000B1EE676AB4EEC67AF1EE10FA00F1DB8087
:10E21000B4EEE77AF1EE10FAD8BFF0EE477A76EE78
:10E22000A76A04F51163C3ED006AD4F8D83803E691
:10E2300094F83C39002B40F0CC8094F83D29D4F878
:10E24000D838002A7FF4F8ADD3F85C0190ED0F0ABE
:10E25000D0ED0D7AF4EEC07AF1EE10FA40F10A81B9
:10E26000D0ED059A0321297604F60411C1ED009A38
:10E2700004F6081100220A6004F511610A60012207
:10E2800084F83D294FF00109D6E504F61413186807
:10E2900004F61813196804F61C131A6804F604131C
:10E2A000186004F60813196004F511631A60D4F8B5
:10E2B000D838C1E5D4F8D838BEE505F56350022159
:10E2C00086E494F8B338002B6BD0002F3FF47DAC7C
:10E2D000F1EE466A76EEC86A36EE486A66EEA56AE0
:10E2E00026EE256AF4EE667AF1EE10FA48BFF0EEFB
:10E2F000667AB4EEE76AF1EE10FA00F1AE80B4EEA1
:10E30000E70AF1EE10FA51D4B4EEE77AF1EE10FA22
:10E31000D8BFB0EE677A50E0BBF1000F3FF455ACC8
:10E3200004F6041393ED009A39EE4A9AEFE500BF24
:10E33000C5B3A291A4707D3FDB0F4940801000203F
:10E340006F1203390000000093ED374AD2ED163A00
:10E35000B0EEC43AF4EEC33AF1EE10FA09DD14EE71
:10E36000103AF0EEE33A002BB8BFF1EE633AB0EEAC
:10E37000634AC5EE845AC4EE844A11E6B4EEE77AE5
:10E38000F1EE10FA3FF751AE25EE245A5FED145A24
:10E3900025EE255AB0EE677AF0EE467AE5EE267A5B
:10E3A0004BE6F4EEC07AF1EE10FAADDDB4EEC07AD1
:10E3B000F1EE10FAD8BFB0EE407A5FED1E6A4EE67D
:10E3C00089EE065AB8E5F0EE467A28E7F0EE467A8E
:10E3D000C7E404F60813D8F85C0193ED001AD0EDF9
:10E3E000032A90ED022AD0ED011A04F60413D3EDAE
:10E3F000000A04F6141393ED000A00F0ADFDD4F802
:10E40000D8385FED307AD3F85C010022C0ED0F7A86
:10E41000B0EE670AA4F83C291AE705F56350082115
:10E42000FFF7D6BB05F5635080211C30FFF756F986
:10E43000254BD3EDC07AF8EE677A04F50E6467EEEB
:10E44000A47AC4ED007AFFF7D3BB05F56350012130
:10E45000FFF7BEBB4FF0000C87E6B4EEC60AF1EE44
:10E4600010FAA3D4B4EEC67AF1EE10FAD8BFB0EE2B
:10E47000467AA2E700F048FED4F8D838D5ED127AF3
:10E48000D3F85C11DFED116A8DED030A21EE277AD6
:10E49000D1ED0F7ACDED040A04F6041204F608104B
:10E4A00077EEA67A82ED000AC0ED000A04F511604D
:10E4B00080ED007AC1ED0F7AD2ED009A8DED051A4C
:10E4C000E0E60348FCF772FAC8E300206F12033954
:10E4D000049C030890F87C200023C0F89430C0F816
:10E4E000983012B1002380F87C3090F8883013B156
:10E4F000002380F888300023C0F8A430704700BFA4
:10E5000082B000B583B0EE468EE8060084469EE8F1
:10E5100003000899CCF874100CF1780181E805002B
:10E520009CF8882005939DF81C304AB19BB98CF863
:10E5300088300020002103B05DF804EB02B0704782
:10E54000002BF6D005AB93E803000CF1800383E8C1
:10E5500003000123EBE7059A069BCCF88020CCF85A
:10E560008430E6E782B010B588B0EE460B939DF894
:10E5700038308EE806000022CDE905220F99079277
:10E5800084466BBBDCF80020DFED2B7AD4682B4A85
:10E590009442B0EE677A37D1CCF874109EE803004D
:10E5A0000CF1780282E803009CF8882003AC84E830
:10E5B000030072B933B101238CED207ACCED217ABE
:10E5C0008CF888300020002108B0BDE8104002B06F
:10E5D0007047002BF4D08CED207ACCED217AF1E756
:10E5E000DCF800209DED0D7ADDED0C7AD468134A3D
:10E5F000DFED136A77EEC77A94429DED0B7A67EEF2
:10E60000A67A4FF00103C7D00E918DF81C30CDEDE6
:10E61000067A08A911E903008DED057A0CAA059B7D
:10E6200082E803009EE806006046A44608B0BDE804
:10E63000104002B0604700BF0000000001E5010883
:10E640003ACD133FF8B504461F46406F636CC01ABD
:10E6500080EAE07EAEEBE07E40F2567CE6452DEDB2
:10E660000C8B00F3A58094F86030002B00F0E5805F
:10E6700094F86830002B00F0958094F87030002BEF
:10E6800000F0908007EE900ADFED7D6AD4ED19CAA4
:10E6900094ED1BDA94ED20CAD4ED21BA94ED1E9AC4
:10E6A000D4ED16AA94ED17BADFED768AF8EEE77A84
:10E6B000B0EE6C8A87EEA67A0D461646ADEE078A56
:10E6C000B0EE480AFAF704F9F0EE409AB0EE480AC4
:10E6D000FAF7B8F82BEE80AA20EE4C8AACEE29AA05
:10E6E00094F84830ABEEA98A94ED237AD4ED247ADD
:10E6F000D4ED056A38EE676A7AEE475AE6EE867A16
:10E70000A6EEA57A69EE288AB7EE006AC6EE286AF8
:10E7100084ED237AC4ED247A002B4FD16AEEA6AAA9
:10E720002BEE26BA636CDFED566AEB1A07EE903AD1
:10E73000F8EEE77A87EEA67AEDEE07CAB0EE6C0A3D
:10E74000FAF7C6F8F0EE407AB0EE6C0AF0EE679A8F
:10E75000FAF778F86BEE407A20EE2A0AE9EEAA7A08
:10E76000337AA9EE8B0A28EEA77A68EE808A84EDC8
:10E77000277AC4ED288A002B64D0C6ED007A86ED96
:10E78000010A28EE0B8A0123AAEE2A8A3B71002097
:10E79000002129EE089A87ED008A84ED299ABDECC4
:10E7A0000C8BF8BD4FF080600021BDEC0C8BF8BDE8
:10E7B000BDEC0C8B4FF000700021F8BD237C002BCA
:10E7C0005AD094F85430002B52D094ED147A94ED32
:10E7D000265A94ED024AD4ED135AD4ED257ADFED92
:10E7E0002A3AD4ED034A37EE487A3BEE05BA75EE85
:10E7F000CA5AA4EE07BA7AEEA7AA26EE8BBAE4EEBE
:10E8000025AA66EEAAAA6BEE0B6AEAEEAA6AB1EE38
:10E81000E64AC3EE846AF4EEC66AF1EE10FA18D442
:10E82000DFED1A6A64EEA66AE5EEA67AA7EE265A2E
:10E83000C4ED257A84ED265A74E7BDEC0C8B0020DC
:10E840000121F8BD0123C6ED007A86ED010A33727D
:10E8500097E79FED0F7A67EE877A25EE077A6AEEE3
:10E86000A6AA2BEE26BAC4ED257A84ED267A59E7BE
:10E870004FF00050002198E70020022195E700BFEB
:10E88000A037204DABAA2A3FAC5C313F6F12033951
:10E89000A4707D3F10B490F87C4034B190F888406B
:10E8A0001CB15DF8044BFFF7CDBE002004215DF8DC
:10E8B000044B704710B5EFF3108472B690F8243013
:10E8C000027E4164022B80F8482000F08B80012BEF
:10E8D00043D0002B40F0C580C269036A90F8541001
:10E8E000002943D10121C264036580F8541090F8D7
:10E8F0003030022B40D0012B00F08180002B40F003
:10E90000BC80826AC36A90F86010002940D082659A
:10E91000C36590F83830022B43D0012B00F084807F
:10E92000002B40F0AF80D0F834E0012290F8403066
:10E93000C0F864E0022B80F8682043D0012B68D037
:10E94000002B40F08B80D0F83CC00123C0F86CC095
:10E9500080F8703084F3108810BDC369002B45D057
:10E9600090F854101A685B680029BBD0036590F8D2
:10E970003030C264022BBED1836A002B41D01A68AA
:10E98000002A3ED190F860105A689B680029BED1D9
:10E99000C36590F8383082650121022B80F8601041
:10E9A000BBD1426B002AC1D01368002B4AD190F82A
:10E9B0004030D2F804E0C0F864E00122022B80F875
:10E9C0006820BBD1C36B002BC0D01A68002A3BD192
:10E9D000D3F804C0C0F86CC0012380F8703084F311
:10E9E000108810BDC3690BB11A6842B390F8543057
:10E9F000002B3FF47CAF002380F8543077E7836A24
:10EA0000D3B990F86030002B83D0002380F86030B9
:10EA10007FE7C26B02B3D2F800C0C0F86CC080F8C8
:10EA2000703084F3108810BD426B002A3FF47EAF33
:10EA3000D2F800E01A4679E71A685B6863E75A681B
:10EA40009B684BE7002271E70023C0F86CC080F898
:10EA5000703084F3108810BD134677E70C48FBF73D
:10EA6000A5FFFF2B06D10B48FBF7A0FF84F310880E
:10EA700019F0AEFB0648FBF799FFFF2B05D10548BF
:10EA8000FBF794FF0248FBF791FF0148FBF78EFF6D
:10EA9000049C0308289C0308A0F10400FFF70ABFA8
:10EAA000F0B516462DED028B026815692A4A89B029
:10EAB00000249542CDE90144039444D190F87C4070
:10EAC0008CB390F8884074B301AAFFF7BBFD0446ED
:10EAD0000D4654EA050320D19DF80C3053B39DED4B
:10EAE000018AB0EE480AF9F73DFF18BBDDED028A56
:10EAF000B0EE680AF9F736FFE0B9F0EE680AB0EE5A
:10EB0000480A04A8F9F730FD9DF8103003B3069BBE
:10EB1000079A7360059B3260B3602046294609B0AE
:10EB2000BDEC028BF0BD04252046294609B0BDECA2
:10EB3000028BF0BD4FF4803400252046294609B0F1
:10EB4000BDEC028BF0BD01AAA84704460D46C0E704
:10EB500080241D46E1E700BF95E80108436ADFED28
:10EB60004D4AD0ED011A90ED054A90ED021A90ED54
:10EB7000032A9FED493AC26CDFED483A012B036B43
:10EB80000CBF90ED0A6A9FED456AC0ED0B3A012B70
:10EB9000C36B0CBFD0ED0D6ADFED406AC0ED0E3ADD
:10EBA000012B436C0CBFD0ED105AD0ED075A012B4E
:10EBB000036A0CBF90ED127A9FED387A0162CB1A8E
:10EBC00007EE903AB8EE675AF0EE462AC5EE247A80
:10EBD0000023436203634364C3630023C364D0ED33
:10EBE000064A90ED045AE1EEE72AA1EEA76AF0EE9C
:10EBF000661AF4EE442AE1EE671AF1EE10FAC8BF85
:10EC0000B0EE624AE1EE276AB4EEC46AF0EE472A3B
:10EC1000E2EE672AF1EE10FAF4EE641A58BFB0EE95
:10EC2000446AF1EE10FAC8BFF0EE614AA2EE277A0C
:10EC3000F4EEE46AF1EE10FAF4EE452A58BFF0EE75
:10EC4000646AF1EE10FAC8BFB0EE625AB4EEC57A4B
:10EC5000F1EE10FA58BFB0EE457A67EE877A80ED94
:10EC60000A6A37EEA56AC0ED0D6AC6EE036AFDEECC
:10EC7000666A012AF8EEE66A08BFD0ED143A80ED24
:10EC8000127AA6EEC36A77EEA37A80ED106AC0ED21
:10EC9000147A7047A037204DDB0FC94000000000F8
:10ECA0000369002B35D093ED007A8369D0ED057AA6
:10ECB0006BB31B681968B4EEE77AF1EE10FA00F551
:10ECC000804306D5012283F8202093F8212062B9E1
:10ECD000704793F82020002AF7D0B4EEE77AF1EEDF
:10ECE00010FAF2DB4FF480721A84DA69B2F5805FB1
:10ECF00008D200EB820010B4541CDC615DF8044BB8
:10ED0000C16170470022DA6183F821207047002139
:10ED1000D1E79FED017AC8E70000000003781943AE
:10ED20000170704703680B430360704710B52DED09
:10ED3000048B90ED028A9FED839A38EE088AF7EEF5
:10ED4000007A28EE099A0446B4EEE79AF1EE10FA3A
:10ED500040F1D6800268D2F8583193F89C1093EDB8
:10ED6000284AD3ED296AD3ED2A7A93F8AC0000291A
:10ED700000F0BF80002800F0D98094ED036AD3ED45
:10ED80000C4A94ED095AD4ED085A94ED070AD4EDD3
:10ED9000060A94ED013AD3F86411D3F86821DFED47
:10EDA0006A8A76EEE76ADFED697A26EE066A66EE33
:10EDB000A76AF7EE007A87EE867AA4EEE65ADFEDD0
:10EDC000617AE4EEC45AA5EE270AE5EEA70AD3ED70
:10EDD0000B4A236B2162F0EE405AE6EEE45A012B17
:10EDE0006262B0EE605AA4EEC45A27EE037AF6EEE1
:10EDF000003A27EE237A65EEA53A08BFD4ED0D9AC6
:10EE0000E5EE053A36EE636A27EE067A25EE075AF6
:10EE100065EE875AE5EE270AA5EEA70A94ED057A76
:10EE200018BFDFED4B7AC4ED060A0CBF69EEA77A76
:10EE3000F0EE679A77EE877A84ED070A87EEA87A74
:10EE4000BDEE477AB8EEC77AA6EEE40AE7EE687A36
:10EE5000E4EEC40AC4ED057AF9F75EFCD4ED057A58
:10EE60009FED386A236830EE677A28EE088AF5EE5F
:10EE7000006A28EE268AC7EE286AFDEE666AD3F895
:10EE80005831F8EEE66A28EE068AA6EEE87AF0EE49
:10EE9000696AE9EE077AE8EE076A87EEA86ABDEECE
:10EEA000466A93ED087A84ED0B0AB8EEC66AB8EEAE
:10EEB000C77AE6EE687A0023A362B7EE006AB4EE82
:10EEC000C67AF1EE10FAC4ED057AC4ED0D6A23633B
:10EED00005D437EE077ADFED1F8A67EE288AC6EE83
:10EEE000A87ABDEC048B00230120A363C4ED0F7A44
:10EEF00010BDDFED177AB0EE674AF0EE676A3CE7C7
:10EF000001211030FFF70AFF2068802100F5127000
:10EF1000FFF708FFBDEC048B002300206361E3636F
:10EF2000A06323626362A361E36110BD04F110007A
:10EF30000221FFF7F3FE802102F51270FFF7F2FEC7
:10EF4000E8E700BF6F120339DB0FC9403ACD133F2A
:10EF500000000000DB0F494061EE013A32EEA27A78
:10EF600011EE103AC3EE877A002B30EE605AF0EEC5
:10EF7000E77AB8BFF1EE677A75EE677A17EE903AE6
:10EF8000002B72DAB1EE422AB1EE617AF1EE417AEB
:10EF9000B1EE453AFFEE005AF4EEE71AF1EE477A89
:10EFA000F1EE10FA87EEA26A77EE416A80ED072A49
:10EFB00048BFB1EE422AC6EE827AF6EE004A66EE0D
:10EFC000246A31EE074A67EEA44A66EE876A48BFB4
:10EFD00080ED072AE4EE846AC0ED092A66EEA54AB0
:10EFE00080ED087AF4EEC34AF1EE10FA80ED0C6A77
:10EFF000C0ED0A7A44DD72EE027A32EEC27A67EE32
:10F00000A27ADFED404A67EE857AE3EEA27AC7EE98
:10F01000876AF4EEE46AF1EE10FA55D4F1EEE67A7E
:10F0200065EEA75A35EEC17AC0ED085AC7EE027AEE
:10F03000F4EEE47AF1EE10FA5CDCB0EE647AF0EE15
:10F04000647AF1EE655A85EEA26AF0EE676AB5EE73
:10F05000C06AF1EE10FAD8BF9FED2A6A9FED294AE7
:10F06000C0ED0A6A80ED0C6A12E0B0EE453AF0EEAF
:10F07000417AB0EE617AF1EE622AF7EE005A8BE740
:10F0800035EE665A67EEA74A85EE074A37EE847A70
:10F09000F0EE606AE1EE276AF6EE005A62EE255A5B
:10F0A00077EE067AB0EE667AA5EEA47A80ED0B4A8A
:10F0B000C0ED0D7AC0ED040A80ED050A80ED061A58
:10F0C00080ED0E7A0120704765EEA45A35EEC17AC4
:10F0D000C0ED085AC7EE027AF5EEC07AF1EE10FAEA
:10F0E00008DCF0EE646AB0EE647AF0EE647AB0EEBA
:10F0F000646AB3E79FED037A67EEA74A37EE877A33
:10F100009FE700BF00000000B5EEC00AF1EE10FA64
:10F1100088B03DD4D0ED0A7AF4EEC07AF1EE10FA60
:10F1200015DDD0ED060A90ED047A90ED071AA0EEF9
:10F13000807AF6EE007A61EE277A60EE006AE1EE00
:10F14000000AA7EEA67AB0EE470A08B07047D0EDE5
:10F150000B6A77EEA66AF4EEC06AF1EE10FA21DCD3
:10F16000D0ED0D7AF4EEC07AF1EE10FA28DD70EEF3
:10F17000670A90ED091A90ED057AF6EE007A60EED6
:10F18000A06A61EE277A60EE810AA7EEA67ADAE736
:10F1900090ED047AD0ED060A9FED0D1AB0EE470A05
:10F1A00008B07047D0ED080A90ED0E7A9FED081A6E
:10F1B00070EE677AA0EEA77AB0EE470A08B0704703
:10F1C000C1D89FED031A90ED057AF0EE410ABAE737
:10F1D000000000002DE9F043174B89B00A260127F3
:10F1E000CDE9006700260F27CDE9026706460FCB61
:10F1F00004AD85E80F00114F002444F2F01804EB31
:10F20000440307EB830353F8080005F061FE50B197
:10F21000D5F80090306869464A46F4F7FDFD30683D
:10F220004946F4F7D9FA0134042C05F10405E6D176
:10F2300009B0BDE8F08300BFCC940308C8A3002048
:10F24000032919DC00EB41002C4B8088102898BF63
:10F2500003EBC0034FEA410C186868B19B885BB1AF
:10F26000F0B50069264C034283B006D1635C254D9E
:10F270006BB9254E002003E07047224D224E01203D
:10F28000012346F821206854635403B0F0BD6B5C41
:10F290001D4E002BEED056F821301C4FD31AA3F58B
:10F2A00024401038B842E5D8BB421948DFED196A4E
:10F2B000019228BF3B46834238BF0346A3F5A433DF
:10F2C000203B07EE903AF8EEE77A134B009187EE79
:10F2D000A67A8C4403EB8C0303F5834090ED1D0A62
:10F2E000D0ED1E7A44F2F01077EEC07A1858A7EEEF
:10F2F000270A05F001FEDDE90012BBE7F80F002048
:10F3000094A3002098A300209CA30020409002001A
:10F31000204801000010A447C8A3002003681B6810
:10F320001A69920710B5044609D41A69500712D415
:10F330001A6911071CD41A69D20626D410BD6FF0C1
:10F3400002021A615A6B0021FFF77AFF23681B68DB
:10F350001A695007ECD56FF004021A619A6B01210B
:10F360002046FFF76DFF23681B681A691107E2D575
:10F370006FF008021A61DA6B02212046FFF760FF86
:10F3800023681B681A69D206D8D56FF010021A617B
:10F3900020461A6CBDE810400321FFF751BF00BFA3
:10F3A000BFF34F8F0549064BCA6802F4E06213436E
:10F3B000CB60BFF34F8F00BFFDE700BF00ED00E063
:10F3C0000400FA05B1F5805F3ABF00EB810090EDD3
:10F3D000070A9FED010A70470000C07F08B5FFF7DC
:10F3E000DFFF00BF024B1A6888181860704700BF23
:10F3F00028E7002001F10E03FD2B1ED811F10C0FA0
:10F4000002DA4FF0004070474BB2002B18DB01F1DD
:10F41000604303F5614393F8000300090E4B4A096A
:10F4200001F01F0153F8222001238B40134214BF27
:10F430000123002340EAC37070474FF0FF3070474C
:10F44000064A03F00F031A440029107E4FEA1010F9
:10F45000E4DA40F00040704700E100E0FCEC00E03E
:10F4600010B5214C8E460FCC90B0EC46ACE80F00A6
:10F470000FCCACE80F000FCCACE80F0094E80F0005
:10F48000BEF10F0F8CE80F0029D810AB03EB8E0EE6
:10F490005EF8403C1A6862B11A6818684FF0004183
:10F4A000C2F34263C0F30140084340EA830010B056
:10F4B00010BD5A68002AEFD19A68002AECD1DA68A8
:10F4C000002AE9D119690029E6D15A69212AE3D134
:10F4D0001A681868C2F34263C0F30140E4E74FF0D2
:10F4E000FF3010B010BD00BFDC94030810B40B4C0B
:10F4F0000023184604F1040C54F8332042B1126979
:10F500003CF83310114214BF012200229A401043EC
:10F510000133112BF0D15DF8044B7047F80F002038
:10F5200000B543F6655C01EB020E11F8012B0823D0
:10F5300080EA022002B24000002A03F1FF3380B2C9
:10F54000B8BF80EA0C0013F0FF03F3D17145ECD192
:10F550005DF804FB08B502F043FAFFF721FF00BF96
:10F5600038B5064DE868EDF7C7FD0446D5F8BC018F
:10F57000EDF7C2FD0146204638BD00BFE08C0020FB
:10F58000174B9FED157B30B54FF0000C03F5AC6EBB
:10F590000022D3E93F41D3F8585101F5405185EDA0
:10F5A000247B81F8DC28D3F8AC10227403F52C738B
:10F5B0007345A1F88C20C1F8CCC043F8682CE8D181
:10F5C000084B028793F8CC3103B930BDBDE8304019
:10F5D000F9F7D0B9AFF30080000000000000000090
:10F5E00080100020C8E30020F8B51D4803F08AFA17
:10F5F00050B11C4C1C4D1D4E04F5D87794F83810B2
:10F600002846FCF765FC08B90020F8BDD6F80001D3
:10F61000FEF76CF80028F7D0D6F86001FDF7BAFEC7
:10F620000028F1D0D6F86401FDF7B4FE0028EBD035
:10F630002046FBF745FB0028E6D0A069FCF710FB4D
:10F640000028E1D03046FAF755F9BC42DDD004F588
:10F65000D87405F5D07506F52C760028CED1D3E701
:10F66000CCE40020E08C0020A08900208010002045
:10F67000064B102998BF03EBC10393E8030082B047
:10F680006B4683E8030002B0F9F776BBF80F002061
:10F6900008B590F87030032B00D008BD90F8713099
:10F6A000042BFAD972B6024B024A1A60FFF778FEB1
:10F6B0005CFA0020EFBEADDE0378194001707047A0
:10F6C00003680B4303607047038819430180704748
:10F6D0002DE9F04F074D95F80CE0BEF1020F83B015
:10F6E0000AD0BEF1010F11D003232B73002003B009
:10F6F000BDE8F08FB0A30020BB4928694FF4A87281
:10F7000002F0EEF90028EFD195F80CE0B649AB8A8B
:10F7100001F5A87643F6655411F8010B082283EA37
:10F72000002318B25B00002802F1FF329BB2B8BF81
:10F73000634012F0FF02F4D1B142EDD128696B6150
:10F7400000F5A870BEF1020F286100F09781BEF1AC
:10F75000010FC9D1A54E43F6655406F10C0716F802
:10F76000012B83EA0223082219B25B00002902F16F
:10F77000FF329BB2B8BF634012F0FF02F4D1BE4229
:10F78000EDD1DFF874829A4E9A4F0C30BEF1020F21
:10F79000C5E9040308F5AC6B43F66554A6F15809B6
:10F7A00000F05581BEF1010F9ED1AB8A19F8011B03
:10F7B000082283EA012319B25B00002902F1FF321B
:10F7C0009BB2B8BF634012F0FF02F4D1B145EDD156
:10F7D0002869D8F8ECA06B615830BEF1020F28619F
:10F7E0000AF1040900F03E81BEF1010F7FF47CAF05
:10F7F0000AF1100A43F6655119F8012B83EA022336
:10F8000008220FFA83FC5B00BCF1000F02F1FF320B
:10F810009BB2B8BF4B4012F0FF02F2D1D145EBD101
:10F82000D8F8F020019200F10C0ABEF1020FC5E9F0
:10F8300004A302F1180900F03081BEF1010F7FF43A
:10F8400053AF019A02F5635C0CF1180C43F6655056
:10F8500019F8012B83EA0223082219B25B00002960
:10F8600002F1FF329BB2B8BF434012F0FF02F4D165
:10F87000E145EDD10AF56350D8F84CA1BEF1020F75
:10F88000C5E904030AF1040900F01681BEF1010F75
:10F890007FF42AAF0AF1100A43F6655C19F8012BD0
:10F8A00083EA0223082219B25B00002902F1FF3229
:10F8B0009BB2B8BF83EA0C0312F0FF02F3D1D1452B
:10F8C000ECD1D8F850A10C30BEF1020FC5E9040309
:10F8D000D14600F0FD80BEF1010F7FF405AF0AF1C3
:10F8E000100A43F6655C19F8012B83EA022308220B
:10F8F00019B25B00002902F1FF329BB2B8BF83EA64
:10F900000C0312F0FF02F3D1D145ECD1D8F854A189
:10F910001030BEF1020FC5E90403D14600F0EC80BF
:10F92000BEF1010F7FF4E0AE0AF1100A43F6655C08
:10F9300019F8012B83EA0223082219B25B0000297F
:10F9400002F1FF329BB2B8BF83EA0C0312F0FF0250
:10F95000F3D1D145ECD16B61D8F858311030BEF1FC
:10F96000020F286103F1040900F0EA80BEF1010FE3
:10F970007FF4BAAEA88A49460822FFF7D1FD2B7B57
:10F9800068612869022B00F10800286100F0D0802E
:10F99000012B7FF4A9AEA88A68223946FFF7C0FD83
:10F9A00057F8083C686103F12C0928692B7B683003
:10F9B000022B286100F0B480012B7FF495AEA88A59
:10F9C00049460C22FFF7ACFD57F8043C686103F18F
:10F9D0002C0928692B7B0C30022B286100F09880C1
:10F9E000012B7FF481AE09E064E50020D4E400201F
:10F9F0002C8A0020FC8C002090100020A88A494608
:10FA00002422FFF78DFD2B7B68612869022B00F112
:10FA10002400286168D0012B7FF466AEA88A414695
:10FA20009C22FFF77DFD2B69686108F52C789C33DB
:10FA3000C3452B612FD095F80CE006F5D076BEF1CA
:10FA4000020F07F5D877A6F158097FF4ABAE286905
:10FA50005822494602F044F800287FF445AE95F854
:10FA60000CE0A2E60C22494602F03AF800287FF4A6
:10FA70003BAEAB8A286995F80CE0B9E60C22A1F5FB
:10FA8000F07102F02DF800287FF42EAEAB8A2869C1
:10FA900095F80CE05EE6012029E650464FF46352EB
:10FAA000494602F01DF800287FF41EAEAB8AD5F857
:10FAB00010A095F80CE0C4E60C22494602F010F8BC
:10FAC00000287FF411AEAB8A286995F80CE0E1E6D6
:10FAD0001022514602F004F800287FF405AEAB8AEC
:10FAE000286995F80CE0FAE69C22414601F0F8FFFF
:10FAF00000287FF4F9AD91E71022514601F0F0FFA4
:10FB000000287FF4F1ADAB8A286995F80CE00BE78B
:10FB10002422494601F0E4FF00287FF4E5AD6DE7BB
:10FB20000C22494601F0DCFF00287FF4DDAD46E7FA
:10FB30006822394601F0D4FF00287FF4D5AD2AE7CA
:10FB40000822494601F0CCFF00287FF4CDAD11E733
:10FB500070B582B0EFF3108572B6404BD3F85821E0
:10FB600092F89C20CAB9D3F8083493F89C30A3B912
:10FB70003B4C237B6BB900204AF6CC310123C4E90E
:10FB800004012373FFF7A4FD28B1237B2669012B11
:10FB900008D003232373FFF703FC85F310880020AC
:10FBA00002B070BD0236266101F032FF8642F0D805
:10FBB000206901F067FF0028EBD100204AF6CC3124
:10FBC0000223C4E904012373FFF782FD0028E2D079
:10FBD000227BA38AADF80630022A04D0012A0AD07B
:10FBE00003262673D7E720690DF1060101F078FF9F
:10FBF0000028F5D1A38A9DF80610082283EA012384
:10FC000043F6655019B25B0000299BB202F1FF3246
:10FC1000B8BF434012F0FF02F4D19DF80720082638
:10FC200083EA022343F665511AB25B00002A9BB2B5
:10FC300006F1FF32B8BF4B4012F0FF06F4D1226943
:10FC400063610232226101F0CBFF0028C8D1267324
:10FC5000A1E785F3108818F0BBFA00BF80100020E0
:10FC6000B0A30020C043C0B27047000038B53F4D7C
:10FC7000EFF746FDF8F74CFF04F026FF3C48FFF78E
:10FC8000A9FAD5F8AC00838EDA0564D4D5F85C0304
:10FC9000838EDB0566D4D5F85801FBF735F8D5F827
:10FCA0000804FBF731F8D5F8AC00FCF79FFFD5F856
:10FCB0005C03FCF79BFF95F8D010D5F8583102296A
:10FCC00003F5CE7295F88013C5F8C8201CBF022337
:10FCD00085F8D030D5F80834022903F5CE731CBF5F
:10FCE000022285F88023C5F87833F8F78FFEF9F7FC
:10FCF00023FB4FF4FA64D5F8583193F8AC30012067
:10FD000023B3D5F8083493F8AC30FBB10220FFF7E9
:10FD1000A9FF0246D5F8FC0011461030FFF7CCFCD5
:10FD2000D5F8AC0311461030FFF7C6FC0F48F9F7C1
:10FD30007DFD1048F9F77AFD0F4B1049012283F839
:10FD400084200868BDE83840F6F750B8F6F786FE1C
:10FD5000013CD0D1DAE7FCF71DFFD5F85C03838EB8
:10FD6000DB0598D5FCF716FF95E700BF8010002053
:10FD7000EC0F002030130020C8A30020A493002023
:10FD8000038FABBB1B4BD3F848228ABBD3F8581167
:10FD9000D1E924210A432BD1D3F8FC20127C3ABBB1
:10FDA000D3F8AC20B2F88C2012BBD3F8002102F5B6
:10FDB000405292F8DC28DAB9D3F8F824C2B9D3F863
:10FDC0000814D1E924210A4312D1D3F8AC23127CC0
:10FDD00072B9D3F85C23B2F88C204AB9D3F8B033A7
:10FDE00003F5405393F8DC08003818BF0120704732
:10FDF000012070478010002010B5074C0021D4F876
:10FE00005801FAF721FF0021D4F80804FAF71CFF83
:10FE1000F8F7D6FDFEE700BF801000202DE9F04F77
:10FE20004E4C94F8843085B013B905B0BDE8F08F1E
:10FE3000F6F7D4F8C4F88800F7F740F8484DC4F84E
:10FE40008C00D5F83C02DFF830A1DFF83091DFF804
:10FE50003081F6F73FFB0646D5F8EC04F6F73AFB9F
:10FE6000B600D5F840323F4A8000864294BF9B1BC3
:10FE70001B1ADAF80000D2F800B0C4F89030F6F798
:10FE800029FB394BABEB80001B68C4F89400D9F810
:10FE900000001E46F6F71EFBA6EB8000C4F8980093
:10FEA000324801960268D8F800001746F6F712FBB0
:10FEB00004F58046A7EB80000297C4F89C00D6E9C1
:10FEC0004C07F6F707FBA7EB8007C4F8A07028489B
:10FED000284F016838680391F6F7FCFA019BC4F8D3
:10FEE000B030039B029AC4F8BC30A3EB8000C4F886
:10FEF000A400D5F84002C4F8A800D5F83C02D6F812
:10FF00003451C4F8B420C4F8ACB0C4F8B850F6F713
:10FF100093FDC4F8C000DAF80000F6F78DFDC4F8D0
:10FF2000C400D9F80000F6F787FD0246D8F80000B3
:10FF3000C4F8C820F6F780FD0346D6F83001C4F8AF
:10FF4000CC30F6F779FD03463868C4F8D030F6F7C0
:10FF500073FDC4F8D40005B0BDE8F08FC8A300203D
:10FF600080100020D4C7040860C70408FCB9030847
:10FF7000D4BA030870A3002028FA0020C8F2002099
:10FF8000A4930020F8B504460D46EFF3108772B62F
:10FF90000E4E4FF08072D6F858010023FAF7ECFEAF
:10FFA000D6F808044FF080720023FAF7E5FEF8F760
:10FFB00007FD294604F13800FFF786FB87F3108818
:10FFC000F8BD87F3108818F003F900BF80100020F7
:10FFD000174B1B783BBB70B5164E00F58045D6ED30
:10FFE000007A95ED747AB4EEE77AF1EE10FA0446F1
:10FFF00007D895ED757AB4EEE77AF1EE10FA0CDBDE
:020000040802F0
:1000000070BD0221FFF7BEFFD6ED007A95ED757A3F
:10001000B4EEE77AF1EE10FAF2DA20460421BDE8F8
:100020007040FFF7AFBF4FF48071FFF7ABBF00BF69
:1000300080A30020780C0020F8B500F58045174A11
:10004000D5F8FC32164F0133C5F8FC32546A064627
:100050006400D7F8AC00A4B2FCF7D8FCD7F85C0376
:10006000FCF7D4FC0D4B0F4A5B6A11785B009BB226
:100070001A1B19B1C5E9C243C5F81023D5F81433CA
:10008000934238BF1346C5F81433F8BD06F58640D1
:1000900021460830FAF79CFC18F09AF8001C004042
:1000A00080100020BC91002010B50E4C0E4A236831
:1000B000934205D00D4A934206D02A2B0ED110BD93
:1000C0000B4B00BF013BFCD10A4B23600A4B83F36F
:1000D00008880A4B5B6898472368EEE72A23236069
:1000E000FFF75EF95CFA002075FEADDEEFBEADDE17
:1000F00000A86100EDFEFECA000002200000FF1F04
:1001000038B50378012B054603D002232B7000205D
:1001100038BD406810220C4601F08CFC0028F4D158
:100120002B8904F1100043F6655114F8012B83EA82
:10013000022308220FFA83FC5B00BCF1000F02F1DE
:10014000FF329BB2B8BF4B4012F0FF02F2D1A04287
:10015000EBD16A68AB6010326A60012038BD00BF25
:100160002DE9F04FCE4ACF49D2F8103AD2F8180A0A
:10017000B2F8162ACC4ECD4C2DED068B034442EA44
:1001800003421B0CC1E9002397B0314606F10C0570
:10019000C3F303301B01205C01F8010BA94243EAC1
:1001A00012734FEA0212F3D100233373EDF7AAF969
:1001B00001F0DCFB002800F06582BD4BDFF86083B6
:1001C00002221A700DF1400ABA4FBB4CBB4EDFF849
:1001D0005493DFEDBBAA9FEDBBAADFEDBB9A9FED69
:1001E000BB9A9FEDBB8ADFEDBB8A4FF4A87200215A
:1001F00007F5CE70E0F730F9B749C7F89D11012235
:100200004FF0804187F8AD2187F8BC21C7F8C811AD
:100210004FF00332B149C7F8BE21C7F8A5114FF01E
:10022000FF42AF49C7F8E421C7F8A911AD4AC7F8A2
:10023000E8210321AC4A87F8A1114FF08241C7F8A9
:10024000D0110021019107CA4FF4E133C7E96C33A3
:10025000C7F8B831A54BC7F8D431C7F8DC31C7F8B7
:10026000E03107F5867383E80700CDE902780DF1E8
:100270002C0B4FF40053DFF8B0E2236540F201137A
:100280002366BEE80F0057460FC79EE8030087E8C5
:100290000300D046B8E80F00002504F1680CA586DD
:1002A000A564A4F85850E56584F8645084F8655056
:1002B000C4ED0EAA84ED0FAAC4ED109A84ED119A34
:1002C00084ED138A84ED158AACE80F0097E80300EB
:1002D000874A884BD6F800818CE8030007CAC4F827
:1002E00080304FF00403A4F88430D6F8FC30C4F812
:1002F0008850043383E8070029464FF4635208F11D
:100300001800E0F7A9F87C4AC8F8242040F2031C42
:10031000A8F818C0794AC8F82C204FF4806CC8F8A7
:1003200044C008F540534FF0FF424FF07A5CC8F8E4
:100330003020C8F850C0724AC8F8382003F69C0C28
:100340004FF07E526F49C8F834204FF08040C8F813
:100350004020C8F81C10C8F82800C8F84C00C8EDA8
:10036000088ACCF8002003F50A6CDFF8C0E1CCF86D
:10037000002003F6A40C6448CCF8002003F6AC0C73
:10038000012783F8A878CCF800E0C3F8B008FF2074
:1003900083F8B40803F6B8004FF0320C026003F69D
:1003A000C40204F5D074116003F6C802116003F6AC
:1003B000CC025649C2F800E003F50D6211605449C1
:1003C000019A83F8C02807C9D6F85C31043383E862
:1003D0000700D6F860314F499D60C3F804C0DD6066
:1003E00083ED008AD6F86431C3E901C5DD6083ED91
:1003F000008AD6F8683168229D809D609F7109F15E
:100400001C00E1F705FEDFF828C1ACF10C0107C9BB
:100410008BE807005B46D9E905E503CBCEF82C0055
:10042000CEF830101B788EF83430BCE80F002C3535
:100430000FC5BCE80F000FC5DCF800302B6030465C
:10044000F9F766F9019A06F52C7609F5D8790AB913
:1004500001970EE7DDE90278FFF7C6F897F8F0326A
:100460007BB997F8AD31002B40F0008197F8AE31A1
:1004700013B1294A126822B197F8AF31002B40F02E
:10048000358187F8F032EDF757F8002877D000254E
:10049000224CDFF8A0A04FF001092E465DE000BF1E
:1004A0000070FF1F28EA002018EA0020549C03086F
:1004B000B0A30020C8E30020A08900208010002005
:1004C0000AD7A33CDB0F4942DB0F494100007A44C5
:1004D00000000000ABAA2A3E040403030B0B020C2D
:1004E0000C0207070AD723BC1C95030815AE6F4200
:1004F0002895030801000300ABAAAA3E9A99993FE8
:100500000AD7233C0000A04100010101000020C1E6
:1005100034950308409503081C0B0020F80F0020B9
:1005200064E50020E08C002060BE0308000020414C
:10053000B4950308EC080020022A21D9032A47D1E8
:100540000C920F960D965946F0F70AFE0135112DC3
:1005500004F108040AF1180A4DD02068A388002885
:10056000F4D0002BF2D018F805200B930F2A2FD8C7
:100570000D2AE1D90F96CDE90C960E96E3E7FEE73A
:1005800000230F930F2A32D801A353F822F000BFA3
:10059000150702081F0702082B070208EF050208CB
:1005A000370702085B070208630702086B070208A7
:1005B00085070208EF050208090702087906020804
:1005C000790602087906020877050208770502080D
:1005D0005AF8183C934200F08F805AF8103C9A4227
:1005E00000F0D0815AF8083C9A4200F0C8810123FB
:1005F00087F8F032AAE70024012105A80594F6F750
:1006000083FA664B214618600425F6F793FA08230F
:10061000214607A8CDE90735F6F7DEFA604B0A95C3
:1006200018602146072309A80993F6F7D5FA5D4B10
:1006300006941860012106A8F6F766FA5A4B21467F
:100640001860F6F777FA594B59491B68594A0B91CC
:100650009B08584621460F93CDE90D440C92F6F7BE
:10066000CFF9554B1860F6F7C5F9FEE7534A126803
:10067000002A7FF4FBAE04E70023CDE90D3302230B
:100680000C9360E74E4CDFF840814AF6CC32C4E967
:10069000010201234FF4A8724146237001F0CAF908
:1006A000F8B923894FF4A875464643F6655016F805
:1006B000012B83EA0223082219B25B00002902F110
:1006C000FF329BB2B8BF434012F0FF02F4D1013DAC
:1006D000EDD16068227800F5A870012AC4E9010311
:1006E00074D0022323700DF1400A6DE5354B1B6871
:1006F000B3FA83F35B09C4E6AAF11803534518BFA4
:100700001B797FF43EAF72E70223CDE90C3300235F
:100710000E9318E70023CDE90C330E9313E7002363
:100720000C930E9301230D930DE700230C930E936E
:1007300002230D9307E797F8AD31002D4FF0020229
:100740000C9218BF01220D9203220E92002B7FF40F
:10075000FAAE012387F8F032F5E697F8AE31002DB6
:10076000ECE797F8AF31002DE8E700224FF0020CDC
:1007700097F8BC31CDE90CC203220E92002B7FF416
:10078000E2AEE6E70122122197F8BD31CDE90C1265
:1007900003220E92002B7FF4D6AEDAE724E7002086
:1007A00020E700201CE7002018E70020FCB9030820
:1007B000489C03086DFC0108A4930020200B002036
:1007C000B0A30020B091002064E50020B7490C22BE
:1007D00001F030F9002884D12389B44E0C2543F66A
:1007E000655016F8012B83EA0223082219B25B0038
:1007F000002902F1FF329BB2B8BF434012F0FF0262
:10080000F4D1013DEDD16268DFF8B0A2A84EA94D48
:100810000C32C4E901230AF5AC672378012B7FF47D
:1008200060AFA5F1580960685822494601F002F905
:1008300000287FF456AF238943F6655019F8012B41
:1008400083EA0223082219B25B00002902F1FF3279
:100850009BB2B8BF434012F0FF02F4D1A945EDD1DD
:100860006068A3602378DAF8ECB05830012B606040
:100870007FF437AF0BF104090C22494601F0DAF896
:1008800000287FF42EAF23890BF1100B43F665503F
:1008900019F8012B83EA0223082219B25B00002910
:1008A00002F1FF329BB2B8BF434012F0FF02F4D115
:1008B000D945EDD16068A3602378DAF8F0B00C3048
:1008C000012B60607FF40DAF0BF118094FF46352F8
:1008D000494601F0AFF800287FF403AF0BF5635CE5
:1008E00023890CF1180C43F6655019F8012B83EAA3
:1008F0000223082219B25B00002902F1FF329BB2E9
:10090000B8BF434012F0FF02F4D1E145EDD1606879
:10091000A3602378DAF84CB100F56350012B6060D6
:100920007FF4DFAE0BF104090C22494601F082F896
:1009300000287FF4D6AE23890BF1100B43F66550E7
:1009400019F8012B83EA0223082219B25B0000295F
:1009500002F1FF329BB2B8BF434012F0FF02F4D164
:10096000D945EDD1A3606368DAF8501152480C33D1
:100970006360FFF7C5FB40B90DF1400A24E4AAF11A
:100980000803BBE6AAF11003B8E6DAF854114A48A6
:10099000FFF7B6FB0028EFD02278DAF85831012AA9
:1009A0007FF49FAE03F1040960680822494601F014
:1009B00041F800287FF495AE208949460822FEF7C9
:1009C000AFFD2378A0606068012B00F10800606033
:1009D0007FF487AE6822314601F02CF800287FF4BE
:1009E00080AE208968223146FEF79AFD2278A06009
:1009F000606856F8083C6830012A60607FF471AE88
:100A000003F12C090C22494601F014F800287FF468
:100A100068AE20890C224946FEF782FD2278A0604C
:100A2000606856F8043C0C30012A60607FF459AECF
:100A300003F12C092422494600F0FCFF00287FF432
:100A400050AE208949462422FEF76AFD2378A06033
:100A50006068012B00F1240060607FF442AE9C22AC
:100A6000514600F0E7FF00287FF43BAE20899C222E
:100A70005146FEF755FD6268A0600AF52C7A0346E0
:100A8000574502F19C0006F5D87605F5D0756060F3
:100A90007FF4C3AE9B462378012B91460DF1400AAB
:100AA0000ED002232370FFF78FBB00BFD4E40020D9
:100AB000FC8C00202C8A0020B0A300209010002085
:100AC0000222514600F0B6FF0028EAD19DF84020EE
:100AD000238943F6655083EA0223082219B25B009A
:100AE000002902F1FF329BB2B8BF434012F0FF026F
:100AF000F4D19DF8412043F6655083EA0223082291
:100B000019B25B00002902F1FF329BB2B8BF43402B
:100B100012F0FF02F4D1A3606368023363602378AC
:100B2000012B03D000232370FFF74EBBBDF84030EC
:100B30005B45F7D12270FEF757FD00283FF444AB28
:100B4000034F09F19E03C7F8EC320DF12C0B85E43D
:100B5000C8E3002070B5754C44F2503200212046A5
:100B6000DFF77AFC724A734B1578734A1878734929
:100B700012780978002365F3070360F30F2362F30B
:100B800017436F4A226061F31F636E4A6E49C4F8CF
:100B90007330C4E90F126D496D4A6E4BC4F8D830FA
:100BA000C4E911126C496D4A6D4B6E48A067C4E9E7
:100BB00013126D496D4AC4E915126D496D4AC4E9B5
:100BC00017126D4AE2666D4AE2676D4A6D496166C9
:100BD000C4E937236C49C4F880104FF07E504FF0C1
:100BE0007C530025A066C4F8F43040F2036038233B
:100BF0004FF48051A4F87000C4F8EC1084F87230FF
:100C00004FF48042294604F1FC0004F58044DFF7EC
:100C100023FC01225D4B5E4884F8102104F58271AB
:100C20004FF48062C4F80431C4F81811C4F83421B8
:100C3000A4F8005184F8085104F5A273C4F80C011B
:100C400004F5D271FF2203F80C2C0C339942FAD12F
:100C5000504BC4F8D431C4F8DC31C4F8E0314FF063
:100C6000FF43C4F8E4314C4BC4F8E8310023C4F826
:100C7000C4314FF08043C4F8C8314FF08243C4F808
:100C8000D031464E4FF4E133C4E96C33C4F8B83187
:100C90004FF00333C4F8BE310FCE04F5CE7CACE880
:100CA0000F00002533688CF800304FF0010E302221
:100CB000294604F5F870A4F8ADE1A4F8BCE1C4F845
:100CC000985184F8AF5184F8CC5184F8D851C4F8C5
:100CD000EC51DFF7C1FBCC22294604F50870DFF7A1
:100CE000BBFB2F4B2F4A1B78C4F8EC52FF3B18BFBD
:100CF0000123C4E9BD55C4E9BF55C4E9C255C4E9DF
:100D0000C455C4E9C655C4E9C855C4E9CA55C4E9BF
:100D1000CC55C4E9CE55C4E9D05584F8F05284F8D6
:100D2000045384F848331570157370BDC8A30020B0
:100D3000DFC70408DEC70408DDC70408DCC70408F1
:100D4000D8C00308740C0020780C002090A3002069
:100D50008CA300201CFA002088A3002084A300207C
:100D6000CCC0030879A30020700C002081A30020D0
:100D700080A300206C0C002028EA002078A300202B
:100D80002CFA00207CA3002074A3002070C103086B
:100D900090D0030015AE6F420AD723BCD895030844
:100DA0000078FF1FB0A300202DE9F04F00F5804A26
:100DB000C94ADAF80033CAF8F8120133CAF8003326
:100DC000566AC64C83B0760001908846B6B204F5E8
:100DD000AC692346D3F8E420D3F800110132C3F8FC
:100DE000E420D3F8EC200132C3F8EC20D3F8F4204F
:100DF00001F540510132C3F8F420D1F84809D3F885
:100E0000AC200130C1F84809D2F89C00D3F8581141
:100E10000130C2F89C00D2F8A4000130C2F8A4004E
:100E2000D2F8D0000130C2F8D000D2F8D80001309A
:100E3000C2F8D800D2F8E0000130C2F8E000D1F8E2
:100E400090210132C1F89021D1F89C210132C1F8E2
:100E50009C21D3F828210132C3F82821D3F834216A
:100E60000132C3F83421D3F840210132C3F84021C4
:100E7000D3F848210132C3F84821D3F85021013278
:100E8000C3F85021D3F8FC20916A01319162116BB3
:100E900001311163916B03F52C7301319945916315
:100EA00098D116F007FA8E48FDF7FAFE8A4B8D4D61
:100EB0005B6A29785B009BB29A1B19B1CAE9C663C9
:100EC000CAF82023DAF82433844EDFF80CB29342B8
:100ED00038BF1346CAF82433DBF82470D6F8600113
:100EE0007F00BFB2FCF710FAD6F86401FCF70CFAE9
:100EF000DBF8243029785B009BB2DA1B19B1C6E914
:100F00006773C6F8A421D6F8A831934238BF1346B8
:100F1000C6F8A83106F52C76B145DDD16E4B6F4E83
:100F20005B6A5B001FFA83FB41463046F8F718FD09
:100F300007463046F8F752FD07B120B9D6F85801F8
:100F40000021F9F781FE06F52C76B145ECD1624B14
:100F500029785B6A5B009BB2A3EB0B0219B1CAE96B
:100F6000CAB3CAF83023DAF834335C4E934238BF40
:100F70001346CAF83433DFF860A1DAF82470D6F8E3
:100F800058317F005869BFB2FAF7AAFDD6F8583138
:100F90009869FAF7A5FDDAF8243029785B009BB24E
:100FA000DA1B19B1C6E95B73C6F87421D6F878313B
:100FB000D6F8AC00934238BF1346C6F87831DAF859
:100FC00024707F00BFB2FBF7CBFEDAF8243029781B
:100FD0005B009BB2DA1B19B1C6E95F73C6F88421C6
:100FE000D6F88831934238BF1346C6F8883106F5E3
:100FF0002C76B145C1D13C4E374F7B6AD4F8FC000A
:101000004FEA430A1FFA8AFAFDF790FE7B6A2978B5
:101010005B009BB2A3EB0A0219B1C4E963A3C4F855
:101020009421D4F89831D4F80001934238BF134684
:10103000C4F898317B6A4FEA430A1FFA8AFAFCF730
:10104000B3FC20B94FF400713046FEF739FB7B6AE0
:1010500029785B009BB2A3EB0A0219B1C4E96FA324
:10106000C4F8C421D4F8C831934238BF1346C4F839
:10107000C8317B6A41464FEA430A04F582701FFA81
:101080008AFAFDF76BFD7B6A29785B009BB2A3EBC4
:101090000A0219B1C4E973A3C4F8D421D4F8D83131
:1010A000D4F85801934238BF1346C4F8D8317B6A4C
:1010B00041464FEA430A1FFA8AFAFAF759FB7B6A5C
:1010C00029785B009BB2A3EB0A0279B1C4E97BA348
:1010D000C4F8F4210AE000BF001C0040801000208A
:1010E000A8A40020BC910020C8120020D4F8F83138
:1010F000D4F85801934238BF1346C4F8F8317B6ADC
:10110000C8304FEA430A41461FFA8AFAFDF7D2FB7C
:101110007B6A29785B009BB2A3EB0A0219B1C4E990
:101120007FA3C4F80422D4F80832934238BF134690
:10113000C4F8083204F52C74A14506F52C767FF42A
:101140005CAF384BD3F83C0210B10121F5F78EFCAF
:10115000344BD3F8EC0410B10121F5F787FC324B86
:10116000D3F8EC21314B102A98BF03EBC2031C6863
:101170005CB12F489D88FEF703FE294602462046B3
:1011800003B0BDE8F04FF0F7BFB903B0BDE8F08F92
:10119000514604F5FE70F9F71BFC17F019F851469B
:1011A00004F5F670F9F714FC17F012F8514604F53F
:1011B000E670F9F70DFC17F00BF8514604F5DE70F8
:1011C000F9F706FC17F004F8514604F5C670F9F774
:1011D000FFFB16F0FDFF394606F5BE70F9F7F8FB88
:1011E00016F0F6FF394606F5B670F9F7F1FB16F082
:1011F000EFFF019B03F5864059462830F9F7E8FBDD
:1012000016F0E6FF394606F5CE70F9F7E1FB16F069
:10121000DFFF019B03F5864031461830F9F7D8FB14
:1012200016F0D6FF80100020C8E30020F80F002041
:10123000C8A3002070B50468654DAC4288B05FD08B
:10124000644DAC4217D0644DAC427BD0634DAC4290
:1012500000F08680624DAC4266D0624DAC4200F038
:101260008D80614DAC4200F0A580604DAC4200F035
:101270009380002042E005F55055002601962E6B24
:1012800046F002062E632D6B05F002050195019DC7
:101290008088400844D0B0FA80F0C0F120001FFAE6
:1012A00080FE4FEA4E004FF0030C0CFA00FC824027
:1012B0006FEA0C0C266801F0030506EA0C0685406F
:1012C0003543256021F01005013D012D10D88340E4
:1012D000A06800EA0C000343A360636801200909C9
:1012E00000FA0EF001FA0EF123EA000319436160DF
:1012F000E36803EA0C031A430120E26008B070BD02
:1013000005F56055002600962E6B808846F0010694
:101310002E632D6B05F0010500954008009DBAD1A4
:101320006FF0030C8646C5E705F5205500260496A8
:101330002E6B46F010062E632D6B05F010050495FC
:10134000049DA5E705F54055002602962E6B46F054
:1013500004062E632D6B05F004050295029D97E7A8
:1013600005F53055002603962E6B46F008062E63D1
:101370002D6B05F008050395039D89E705F51055CC
:10138000002605962E6B46F020062E632D6B05F089
:1013900020050595059D7BE705F5E0550026079698
:1013A0002E6B46F080062E632D6B05F080050795A9
:1013B000079D6DE705F50055002606962E6B46F055
:1013C00040062E632D6B05F040050695069D5FE7F0
:1013D000000002400004024000080240000C0240ED
:1013E000001002400014024000180240001C02409D
:1013F0002DE9F041B0F804C05FEA5C0C82B000F067
:101400009980BCFA8CFCCCF1200C544D1FFA8CFC5A
:101410000CEB4C0E05EB8E0E0468BFF35B8F5EE8A1
:10142000006F002E03D14EE80047002FF7D1BFF325
:101430005B8F0CBF0124002440F08E80484C494F44
:1014400000260196666C46F4804666644FEA9C0E60
:10145000646C4FEA8E0E0EF1804E04F480440EF55B
:101460009C3E01940CF00308019CDEF808404FEA12
:1014700088080F2606FA08F624EA06040668BE4223
:101480001AD007F58067BE4245D0374FBE424CD0D8
:10149000364FBE4244D0364FBE424ED0354FBE428C
:1014A00050D0354FBE4252D0344FBE420CBF0726FB
:1014B000082606FA08F634438688CEF808403048F5
:1014C0006FEA060EE1B9816801EA0E0181602C49DC
:1014D000E2B1CA683243CA6029494C6804EA0E0482
:1014E0004C600C6834430C600CEB4C0C4E6108995A
:1014F00005EB8C02C2E90131012002B0BDE8F081A8
:101500008168314381601E49002AE2D1CA6802EA3B
:101510000E02CA60E0E7012606FA08F63443CBE77C
:10152000032606FA08F63443C6E7022606FA08F64A
:101530003443C1E7094DAE466EE7042606FA08F6C5
:101540003443B9E7052606FA08F63443B4E706261D
:1015500006FA08F63443AFE72046CEE734E700202A
:10156000003802400000024000080240000C024027
:10157000001002400014024000180240001C02400B
:10158000003C01408288530830B404D0B3FA83F39E
:10159000C3F120039BB203EB43030C4900684FEAFD
:1015A000830C01EB830351F80C40844201D030BC22
:1015B0007047074C2568002015432560626130BCE8
:1015C000C3E9010041F80C00704700BF34E7002078
:1015D000003C0140054B5A69D20706D504494A68C8
:1015E000012058610AB1886810477047003C0140EB
:1015F00034E70020054B5A69920706D504490A6969
:10160000022058610AB1486910477047003C014008
:1016100034E70020054B5A69520706D50449CA69C8
:10162000042058610AB1086A10477047003C014025
:1016300034E70020054B5A69120706D504498A6A27
:10164000082058610AB1C86A10477047003C014041
:1016500034E70020054B5A69D20606D504494A6B87
:10166000102058610AB1886B10477047003C014058
:1016700034E700201E4B5A69920610B506D51D4965
:101680000A6C202058610AB1486C9047184B5A697F
:10169000540606D51749CA6C402058610AB1086D36
:1016A0009047134B5A69100606D512498A6D80205F
:1016B00058610AB1C86D90470D4B5A69D10507D5DD
:1016C0000C494A6E4FF4807058610AB1886E904799
:1016D000074B5A69920509D506490A6F4FF4007005
:1016E00058611AB1BDE81040486F104710BD00BFE7
:1016F000003C014034E700202B4B5A69510510B5DE
:1017000008D52A49CA6F4FF48060586112B1D1F8E8
:1017100080009047244B5A69120509D52349D1F816
:1017200088204FF40060586112B1D1F88C009047C6
:101730001D4B5A69D40409D51C49D1F894204FF4A3
:101740008050586112B1D1F898009047164B5A69F1
:10175000900409D51549D1F8A0204FF400505861E4
:1017600012B1D1F8A40090470F4B5A69510409D522
:101770000E49D1F8AC204FF48040586112B1D1F835
:10178000B0009047084B5A6912040BD50749D1F8AD
:10179000B8204FF40040586122B1BDE81040D1F8A4
:1017A000BC00104710BD00BF003C014034E70020E2
:1017B000024B00221A609A80704700BF2CE700207D
:1017C00030B5002387B0416803910122CDE9013390
:1017D0000223CDE904230546EFF75EFB0A4BF32213
:1017E000DA60694601A8EFF759FC38B9EB682B605D
:1017F0000446EFF765FB204607B030BDEFF760FB0E
:10180000EFF768FB07B030BD003C02402DE9F04126
:101810000646C068884250D8B4688818A0424CD2A6
:101820005BB21D0145EA83051D4345EA83154B0064
:1018300003F0060301F00308FF249C40904421F0CC
:101840000307EFF729FB1E4BE443F322EDB2E4B2AA
:10185000DA600EE0316945EA0402002301EB9701EA
:10186000D2B21846EFF76AFBA8F104080446043721
:10187000E8B9B8F1030FEDD8B8F1000F12D0C8F1F4
:1018800004084FEA48086FF0FF023169254342FA25
:1018900008F200232A4301EB97011846D2B2EFF772
:1018A0004DFB20B9EFF70CFB0020BDE8F081EFF70E
:1018B00007FBBDE8F041EFF70DBB4FF0FF30F4E759
:1018C000003C024052B2F0B5C4684FEA021E064620
:1018D0004EEA820EC81C20F0030042EA0E0E251DBF
:1018E0004EEA821EA8424FFA8EF7A0EB01015FFA82
:1018F0008EFE38D3421E36699208B25CD2B281B1F4
:101900004FEA410C6FF0FF0141FA0CF122EA0102AB
:101910000EEA01010A4304E0AC451FD3725C604645
:10192000D2B2411F72454FEA9101A0F1040CF3D0ED
:1019300007F00307B7EB921F4FEA921510D1A042B0
:1019400002D80DE0A04207D09200C2F38111A94253
:1019500000F1FF30D2B2F5D01970F0BD6046E7E774
:1019600029461970F0BD7246E2E700BF30B5184C49
:1019700083B0A1680DF1050303222046FFF7A2FF03
:101980000DF1060303222060216A054604F11800C8
:10199000FFF798FF0F4BA06100221A709DF80620F8
:1019A0009AB9012205461A7004F118000DF10703D7
:1019B00029460022FFF786FF00230749074A2D1A10
:1019C00018460D60136003B030BD2046EEE700BF3F
:1019D0007C0C0020FCE70020F4E70020F8E7002062
:1019E00038B50949094C0020E268636A087020464E
:1019F0002260A361FFF7E4FE054604F11800FFF73B
:101A0000DFFE284338BD00BFFCE700207C0C00202F
:101A1000064B074A1B78C3F1010303EB430302EBB8
:101A2000C303D3E90203C01AC0007047FCE70020DB
:101A30007C0C002038B5104C256800EB020CBCEB88
:101A4000C50F15D8034608460C4991F800C00C494B
:101A50000CEB4C0C51F83C4001EBCC01A4EB050C19
:101A6000496903EBCC031944E0F7D2FA002038BDF2
:101A70004FF0FF3038BD00BFF4E70020FCE7002046
:101A80007C0C0020F8B5134B134E1B78C3F10103F7
:101A900003EB430306EBC305DC00D5E90232073054
:101AA0009A1AB2EBD00F12D33159C7085B1ABB4256
:101AB00004D22846FFF784FE40B9315901233A4643
:101AC0002846FFF7A3FE08B9044B1F60F8BD4FF08E
:101AD000FF30F8BDFCE700207C0C0020F8E7002078
:101AE0003B4B2DE9F04115461A684319B3EBC20F81
:101AF0006BD8384B04461F788846EFF7CDF9364B44
:101B0000F322DA60A207C7F1010721D0002D57D0D8
:101B1000324E07EB470306EBC30606E00134A3078A
:101B200005F1FF3514D0002D4AD0326871690023C9
:101B300001EBC201214418F8012B1846EFF7FEF91A
:101B40000028EBD0EFF7BCF9BDE8F041EFF7C2B9E0
:101B5000032D18D9214E07EB470306EBC30604E01B
:101B6000043D032D04F104040DD93368716958F85C
:101B7000042B01EBC301214400230220EFF7DEF91F
:101B80000028EDD0DEE7DDB1144E07EB470306EB8E
:101B9000C30608EB0507454601E0BD4210D0726957
:101BA000316802EBC10121440023A1EB0801294463
:101BB000184615F8012BEFF7C1F90028EDD0C1E761
:101BC000EFF77EF90020BDE8F0814FF0FF30FAE733
:101BD000F8E70020FCE70020003C02407C0C0020DD
:101BE0002DE9F0411D4E1E4D34781E4FC4F1010009
:101BF00000EB40004FEAC0083A6855F8081005EBC2
:101C0000C0000023FFF702FE08BB3A6855F8083011
:101C10003860134445F80830134B1A6004EB440352
:101C2000DF0005EBC3033278D3F808C0E95904EBB1
:101C30004404C2F101036145337005EBC40008D2CE
:101C400001231A46FFF7E2FDEB590133EB51BDE8E2
:101C5000F081BDE8F041FFF7B3BD00BFFCE7002015
:101C60007C0C0020F8E70020F4E7002001707047AA
:101C700002680B689A4201D00020704742684B68A6
:101C80009A42F9D182688B689A42F5D1C268CB68D2
:101C90009A42F1D102690B699A42EDD142694B69CE
:101CA0009A42E9D182698B699A42E5D1C269CB69CE
:101CB0009A42E1D1026A0B6A9A42DDD1426A4B6ACA
:101CC0009A42D9D1806A8B6AC31A584258417047E8
:101CD00048304FF00102BFF35B8FD0E84F3FC0E8C0
:101CE000412F0029F9D1BFF35B8FD8B2B0FA80F051
:101CF00040097047002380F848307047F8B54468C1
:101D0000F4B106680546311D2046FFF7B1FFC8B1A2
:101D1000E06A218E002832D00022EFF7F5FB2E6812
:101D2000B36C93F83530012B04D1F36C93F8353054
:101D3000012B2ED0E06A218E10B10122EFF7E4FBD7
:101D40000020F8BD3046F1F7EFF9A446BCE80F00DB
:101D50002F683E1D0FC6BCE80F000FC69CE80700A9
:101D600086E807003846F1F79FF92E68E06A326886
:101D7000218E136843F0400313600028CCD1B36C6C
:101D800093F83530012BDBD1F36C93F83530012B10
:101D9000D0D1D4E90D1571B1A38F3DB12A4630469B
:101DA000F1F734FA0028C5D10120F8BD1A463046B3
:101DB000F1F7D2F9F6E7002DBCD0A28F29463046C4
:101DC000F1F7A2FAEEE700BF002310B50C46CB6492
:101DD000EFF3108172B6436800F1040C53B11A4658
:101DE000DB6C002BFBD142F84C4F81F310889445FB
:101DF00003D010BD446081F31088FFF77FFF0146D8
:101E00000028F6D1236C002BF3D0606CBDE81040A5
:101E1000184700BF84B0F0B597B00DF1740C8CE892
:101E20000E000023CDE914331D4B1293FF23074608
:101E30008DF80730BCE80F000DF1080EAEE80F007A
:101E4000BCE80F00AEE80F009CE8070028AD8EE864
:101E5000070095E803000DAC84E803002A9B0F936C
:101E60002B9B10930DF107062C9B1193384602A96A
:101E70001396FFF7A9FF9DF80730FF2B06D101202D
:101E8000F4F7ECFD9DF80730FF2BF8D09DF8070024
:101E9000003818BF012017B0BDE8F04004B070470B
:101EA0006D1C02084368E3B110B50446D86A20B13E
:101EB000198E0122EFF728FB63681A6C12B1586C77
:101EC00001219047EFF3108272B66368DB6C6360A8
:101ED00082F3108823B12046BDE81040FFF70EBF03
:101EE00010BD7047F0B5D1F858210F4B056891F837
:101EF0007CE0D2F89070D2F894608C6F0FCB85B0F4
:101F0000EC468CE80F00CDF80770CDF80B602B681D
:101F10008DF804E0640103341B6800946146284690
:101F2000984705B0F0BD00BFEC95030803680B436C
:101F300003607047F0B5D1F8AC20104BB2F88C209C
:101F4000056891F87C608C6F4FF0000E774662F365
:101F50000F0E0FCB85B0EC468CE80F00CDF807E0F4
:101F6000CDF80B702B688DF80460640104341B6895
:101F7000009461462846984705B0F0BDEC950308EB
:101F80002DE9F041104B0568D1F8FC7091F87C8088
:101F90008C6F0FCB84B0EC468CE80F003B7C8DF847
:101FA00004804FF0000ECDF80BE063F3070ECDF880
:101FB00007E02B68640105341B68009461462846DD
:101FC000984704B0BDE8F081EC950308F0B5D1F86E
:101FD0000021114B056891F87C608C6F02F540522E
:101FE0004FF0000E92F8DC28774662F3070E0FCB15
:101FF00085B0EC468CE80F00CDF807E0CDF80B700B
:102000002B688DF8046064011D341B6800946146E0
:102010002846984705B0F0BDEC950308F0B5D1F817
:10202000AC200F4B056891F87CE0D2F89070D2F8A4
:1020300094608C6F0FCB85B0EC468CE80F00CDF828
:102040000770CDF80B602B688DF804E064010A344A
:102050001B68009461462846984705B0F0BD00BF54
:10206000EC9503082DE9F04FD1F858410568D1F8F7
:102070000021234BD1F84892D1F8788291F87CB0B6
:10208000D4E9240402F540522043D1F8AC0092F880
:102090003DE9B0F88C6092F8DC288C6F4FF0000AB4
:1020A00014BF012757464FEACE1EB6EB0A0618BFEB
:1020B0000126524518BF4EF0010E0FCB85B0EC46FD
:1020C0008CE80F00CDF80BA0CDF8079098F8003001
:1020D0008DF804B043EA072343EA064323F07F4325
:1020E00043EA0E63CDF80B302B68640101341B68A2
:1020F000009461462846984705B0BDE8F08F00BFC0
:10210000EC950308F0B50F4A0F4B17680F4A0568A6
:10211000166891F87CE08C6F0FCB85B0EC468CE8AC
:102120000F00CDF80770CDF80B602B688DF804E038
:10213000640117341B68009461462846984705B02F
:10214000F0BD00BF780C0020EC9503087CA30020B4
:1021500070B50F4B0568D1F8FC6091F87CE08C6F8E
:102160000FCB84B0EC468CE80F00F36BCDF80B304E
:102170007369CDF807302B688DF804E064011534DD
:102180001B68009461462846984704B070BD00BFA4
:10219000EC950308F0B5D1F8582191F87CE08C6FEC
:1021A0000F4B92F81C110668D2F81851D2F85871EA
:1021B00000290FCB85B0EC468CE80F0008BF002546
:1021C000CDF80750CDF80B7033688DF804E064014A
:1021D00014341B68009461463046984705B0F0BD42
:1021E000EC950308F0B5D1F80021284B8C6F91F8DD
:1021F0007C7002F5405C05460FCB9CF8E86885B022
:102200006401EE460934022E8EE80F0000948DF82A
:10221000047026D0012E1FD00CF6E403002E32D11C
:102220001B68CDF807300022CDF80B209CF8F82869
:10223000022A1CD0012A20D02ABB0CF6F40CDCF8B0
:1022400000202868CDF80730CDF80B2003687146D0
:102250001B68984705B0F0BDDCF8E438002BDFD1EF
:10226000DFE7DCF8E438002BDBD05B68D9E7DCF88B
:10227000F428002AE5D05268E3E7DCF8F428002AC5
:10228000DFD01268DDE70248F8F790FBEC95030811
:10229000049C030830B5194B4FF42C7202FB013338
:1022A0000C4600EB81020546204493F87C109B6F9E
:1022B000D36087B001750020CDE903006FF01F00E7
:1022C00005905B01B1B1039301238DF81030516883
:1022D00019B1286803689B6898472868084A03680A
:1022E000013405EB840400945C6803A92B46A047E5
:1022F00007B030BDADF80C30E9E700BF801000201A
:102300008528020810B500210446FFF7C3FF28B155
:1023100020460121BDE81040FFF7BCBF10BD00BF43
:10232000F0B5D1F80730054685B000EE103AD0F888
:1023300000010C46FBF7AAFAD5F800319FED177A99
:10234000DFED176A03F5405E94E80F00EC468CE879
:102350000F00DDF80B301BB207EE903AF8EEE77A8B
:10236000B0EE476AA7EEA66A0EF618170EF61C1610
:10237000012587ED006A94E80F008CE80F00DDF876
:102380000B301B1407EE903AF8EEE77AA7EEA67A28
:1023900086ED007A8EF83C5905B0F0BD00000000D3
:1023A0006F12833A70B5194BD2F807C08C6F91F851
:1023B0007CE006460FCB86B05FFA8CFC640102AD70
:1023C0001C34BCF1100F85E80F0002948DF80CE06E
:1023D00002D9002006B070BD0D4A02EBCC0292E893
:1023E00003006B4683E80300F6F7C6FC10EE102AE4
:1023F000DDF813303068CDF80F20CDF813300368C6
:1024000029461B68984706B070BD00BFEC950308CD
:10241000F80F00202DE9F04FABB0774C0090EDF7AE
:102420002BFB009AA16FD3689942074604D194F818
:102430007C10137D994205D0104600210092FFF7D1
:1024400029FF009AD4F828131369994204D194F80B
:102450002C13537D994205D0104601210092FFF7BD
:1024600019FF009A644D00924FF0FF390DF1980A60
:102470004FF0000BA846614BCDE9043B604BCDE922
:10248000083B604BCDE90C3B5F4BCDE9103B5F4B0C
:10249000CDE9143B5E4BCDE9183B5E4BCDE91C3BCF
:1024A0005D4BCDE9203B08F52073039308F18403CD
:1024B000069308F52173079308F188030A9308F53A
:1024C00022730B9308F18C030E9308F523730F937B
:1024D00008F19003129308F52473139308F1940301
:1024E000169308F52573179308F198031A9308F5C6
:1024F00026731B9308F19C031E9308F527731F9303
:1025000008F1800608F1A00302962293434BCDE91F
:10251000243B434BCDE9283B424B5D6A08F52873C9
:102520006D00239308F1A403ADB2269308F5297337
:10253000279302AC01950AE01344DB1B23EAE37303
:10254000994528BF9946A2451AD054F8106F3268B1
:10255000002AF8D065682B68F91A8A42ECD8D4E9C9
:1025600002230098591000EB6300DB0702D5009BA3
:102570005B589A584146904700BB2B683268DBE7AE
:10258000284B294A5B6A019D10785B009BB2591B5E
:1025900018B1C8E96B53C8F8B411D8F8B8318B42F8
:1025A00038BF0B46C8F8B831204B08F52C78984551
:1025B0007FF461AF48462BB0BDE8F08F2F603268E2
:1025C0003B46B9E7184B1978164B5B6A45465B00EA
:1025D000DDF804809BB2A3EB080219B1C5E96B8357
:1025E000C5F8B421D5F8B831934238BF1346C5F8C1
:1025F000B83115F0EDFD00BF801000206520020805
:10260000E5210208E51E0208351F0208CD1F020859
:10261000811F02081D20020895210208512102088D
:1026200005210208001C0040BC910020E01500209C
:102630002DE9F04116460A683368126803F01F045A
:10264000074608460D469047A31E1B2B22D8DFE8FD
:1026500013F0FD00F100E500D900D500D000210005
:10266000C400B800AC00A60097008F0084007D0075
:1026700077006E0068005D005200050147004200CF
:1026800039001C00300029002300D5F80031D6F8AD
:102690000720DA61BDE8F08129463846BDE8F041FF
:1026A000FFF794BC324629463846BDE8F041FFF7B3
:1026B00079BED5F80031D6F807201A62D6F80B207B
:1026C0005A62E7E7D5F8AC00D6F807100368BDE812
:1026D000F0411B681847BDE8F0416748FCF750BF60
:1026E000737913B9B379002BD4D129463846BDE8A4
:1026F000F041FFF707BD737913B9B379002BC9D146
:1027000029463846BDE8F041FFF722BD737913B979
:10271000B379002BBED129463846BDE8F041FFF71A
:1027200039BDD5F80031D6F807209A64B2E7D5F85C
:102730005C31D6F807209A60D6F80B20DA60A9E75A
:10274000D5F85C31D6F807205A60A3E7D5F8000128
:102750000368BDE8F0415B681847D5F80021D6F85A
:102760000710D5F858319162D6F80B20DA6391E75B
:10277000D5F80031D6F8072003F56453DA6189E70C
:10278000D5F80031D6F8071003F5405303F61812B8
:1027900003F61C131160D6F80B201A607AE7314655
:1027A0002846BDE8F041FFF7BBBDD5F80001D6F8DB
:1027B00007300376D6F80B304376BDE8F041FBF7DF
:1027C0009BB873791BB9B379002B7FF463AF2946AB
:1027D0003846BDE8F041FFF721BC73791BB9B379E6
:1027E000002B7FF457AF29463846BDE8F041FFF78C
:1027F000F9BCD6F8073085F86C324BE7D6F80730CD
:10280000AB6747E773791BB9B379002B7FF442AF0D
:1028100029463846BDE8F041FFF7B2BB73791BB9D2
:10282000B379002B7FF436AF29463846BDE8F04136
:10283000FFF780BB73791BB9B379002B7FF42AAF04
:1028400029463846BDE8F041FFF74CBB05F512704C
:102850004FF48041BDE8F041FFF768BBBFF34F8FF5
:102860000649074BCA6802F4E0621343CB60BFF32A
:102870004F8F00BFFDE700BFC8A3002000ED00E0C0
:102880000400FA050F4B0A6810B59C6FB4EB521F99
:102890004FEA521C10D0D3F82823944500D010BD25
:1028A00093F82C230B799A42F9D1074B0A46BDE8DD
:1028B00010401946FFF7BCBE93F87CE00A799645B4
:1028C000E9D1F3E7801000203013002030B5054631
:1028D00089B0D0F894000C46EDF7BEFF88B9227994
:1028E000216892000492A2790346D5F894008DF8ED
:1028F0001C30CDE90211CDE905320193EDF788FDD9
:1029000010B9002009B030BDD5F8940001ABE21D2C
:1029100002A9EDF723FDB0FA80F0400909B030BDFF
:1029200000F13402914207D300F194029142034630
:1029300002D20A78FF2A01D00020704710B5D3F8E0
:1029400094408AB0282200216846DDF785FD69465B
:102950002046EDF713FCB0FA80F040090AB010BD34
:10296000F0B500F1340500F19406504CA6EB050CCF
:102970004FEAAC0C04FB0CFC8BB04FEAAC0EBEF182
:10298000000F109F40F385800EEB4E0E00EB0E1EE5
:102990000EF1340E2C4611E094F80CC0BCF1FF0F80
:1029A0004BD094F818C0BCF1FF0F48D094F824C065
:1029B000BCF1FF0F45D03034744544D094F800C0CA
:1029C000BCF1FF0FE8D1A64253D0C4E90123002394
:1029D000237007B13C600B79012B25D0002B5AD115
:1029E0008B680A885B05520543F004032F49D0F831
:1029F0009400641BA41001FB04F40021CDE904142D
:102A00000124CDE90744140C069192B20094694662
:102A10001C0C9BB2CDE901240393EDF7AFFBB0FA98
:102A200080F040090BB0F0BD0A688B68D200DB0073
:102A300042F0040243F00403D8E70C34C3E718342F
:102A4000C1E72434BFE7DFF864E0A6EB040C4FEAEB
:102A5000AC0C0EFB0CFCBCF1020F13D0BCF1030F4D
:102A60000AD0BCF1010F04D194F800C0BCF1FF0FF3
:102A7000A9D000200BB0F0BD94F800C0BCF1FF0F4E
:102A8000A1D00C3494F800C0BCF1FF0F9BD00C34E3
:102A9000EAE72C46DFE7082015F0F2FA044C054976
:102AA000054AC0E90041054915F0D0FFABAAAAAA22
:102AB000A4BB0308049C0308C9A8010830BB030891
:102AC0000840704710B50446D0F89400EDF716FCA6
:102AD000D4F89400EDF7C2FED4F89400EDF7CEFAE6
:102AE00008B1002010BDD4F89400EDF7D9FB002800
:102AF000F7D1D4F894001321EDF73AFDB0FA80F045
:102B0000400910BD8268084910B5B1FBF2F404FB1E
:102B100002F28A42006105D1D0F8943013B15C60B2
:102B2000FFF7D0FF012010BD80841E0030B5826801
:102B3000C0F894100D4BB3FBF2F387B04B60044622
:102B4000FFF7C0FF054670B10022CDE90322236BD9
:102B50000749084A9B08CDE9011201A821460593BF
:102B6000F3F74EFFE062284607B030BD80841E00B8
:102B7000689C0308492E02080C4A10B4B2FBF1F419
:102B800004FB01FC944508D1D0F89420816042B147
:102B900054605DF8044BFFF795BF00205DF8044BCF
:102BA000704701205DF8044B704700BF80841E0011
:102BB0002DE9F04F00F1940900F1340A744AA9EBB1
:102BC0000A039B1002FB03F34FEAA30808EB480536
:102BD0008FB000EB051534350193A9EB05039B106D
:102BE00002FB03F307460C469B46D7F894002146A8
:102BF000EDF7AAFC00286AD0664B0FCB03AE86E83F
:102C00000F000DF1130307AA2146D7F89400EDF742
:102C100017FC0999DDE90723002918BF1A46DDE9E9
:102C20000A3014BF01210021003B18BF0123B8F175
:102C3000000F8DF812008DF8101003928DF81130EE
:102C400040F3A18000260D9A5346314625E08A4282
:102C5000B44601F101002BD093F80CE0BEF1000F57
:102C600038D18242664600F1010139D093F818E06C
:102C7000BEF1000F38D18A42B44601F1010039D0CB
:102C800093F824E0BEF1000F38D18242664600F18D
:102C9000010139D030339D423AD093F800E0BEF1C3
:102CA000000FD4D0084631468A4206F1010CD3D138
:102CB000A645D1D1994598D0D3E9012003A99047E1
:102CC000D7F894002146EDF73FFC002894D10FB0CF
:102CD000BDE8F08F0146604682420CF10106C5D185
:102CE000A645C3D10C33E5E7084631468A4206F1D2
:102CF000010CC5D1A645C3D11833DBE701466046B8
:102D000082420CF10106C5D1A645C3D12433D1E7D7
:102D10005A46022A22D0032A0ED0012A7FF465AF38
:102D20000D9A1878002818BF314691427FF45DAFA4
:102D3000A0427FF45AAFBDE71878D8B90D9A8C46F7
:102D4000624501F101011BD0187B0C3350B98C4650
:102D5000944501F101010AD00C33E2E718780D9A8D
:102D60000028F4D0B446944506F10106F4D1A042FF
:102D7000F2D19FE70D9AB446624506F10106E3D110
:102D8000A042E1D196E70026019A53463146C0E7BA
:102D9000ABAAAAAAFC9503082DE9F041067B0446DC
:102DA00001213046FFF78CFE04F11408002844D1BD
:102DB000D4F89400234FEDF74FFD03460121304630
:102DC000F3B9FFF77DFE50BB4FF0FF3500212046E1
:102DD000FFF7EEFE01212046FFF7EAFE1321D4F8AB
:102DE0009400EDF7C5FB29463868F3F7A3FED4F845
:102DF0009400EDF731FD034601213046002BE0D071
:102E0000B3F5003FD4F89400D5D1EDF727FDD4F801
:102E10009400EDF745FA50B1D4F89400CBE7404662
:102E2000FFF7F8FA012838BF01200546CEE7D4F8AD
:102E300094000321EDF79CFBEEE74046FFF762FAB2
:102E4000B6E700BF18E7002008B5FFF7A5FF00BFF1
:102E500008B50121EDF7A2FB024B1868BDE8084058
:102E6000F3F794BE18E7002008B50121EDF796FBB3
:102E7000024B1868BDE80840F3F788BE18E7002049
:102E800008B50121EDF78AFB024B1868BDE8084040
:102E9000F3F77CBE18E70020704700BF704700BF03
:102EA000704700BF08B50221EDF778FB024B1868A8
:102EB000BDE80840F3F76ABE18E7002008B5102106
:102EC000EDF76CFB024B1868BDE80840F3F75EBEF7
:102ED00018E70020704700BF704700BF704700BF71
:102EE000704700BF704700BF002070470020704748
:102EF00000207047008870470180704790ED000AFD
:102F0000704700BF006870470078704790ED000A76
:102F1000704700BF80ED000A704700BFD0E9000194
:102F2000704700BF007870470078704701707047A5
:102F3000006870470160704700687047007870470C
:102F400001707047007870470170704700787047D3
:102F500001707047006882B002B0704782B00160B3
:102F600002B0704700787047017070470068704782
:102F700001607047D0E90001704700BF00787047DA
:102F80000078704701707047D0E90001704700BFBA
:102F9000C0E90023704700BF0068704701607047B8
:102FA0000078704701707047007870470170704773
:102FB0000078704701707047007870470170704763
:102FC0000088704701807047008870470180704713
:102FD0000088704701807047007870470170704723
:102FE00082B010B502A981E80C000446102200212D
:102FF000DDF732FA2046BDE8104002B0704700BF4E
:10300000A1F10801ECE700BF82B010B502A981E888
:103010000C00044610220021DDF71EFA2046BDE810
:10302000104002B0704700BFA1F10801ECE700BFFB
:1030300082B010B502A981E80C00044610220021DC
:10304000DDF70AFA2046BDE8104002B0704700BF25
:10305000A1F10801ECE700BF82B010B502A981E838
:103060000C00044610220021DDF7F6F92046BDE8E9
:10307000104002B0704700BFA1F10801ECE700BFAB
:1030800082B010B502A981E80C000446102200218C
:10309000DDF7E2F92046BDE8104002B0704700BFFE
:1030A000A1F10801ECE700BF82B010B502A981E8E8
:1030B0000C00044610220021DDF7CEF92046BDE8C1
:1030C000104002B0704700BFA1F10801ECE700BF5B
:1030D00082B010B502A981E80C000446102200213C
:1030E000DDF7BAF92046BDE8104002B0704700BFD6
:1030F000A1F10801ECE700BF82B010B502A981E898
:103100000C00044610220021DDF7A6F92046BDE898
:10311000104002B0704700BFA1F10801ECE700BF0A
:1031200082B010B502A981E80C00044610220021EB
:10313000DDF792F92046BDE8104002B0704700BFAD
:10314000A1F10801ECE700BF82B010B502A981E847
:103150000C00044610220021DDF77EF92046BDE870
:10316000104002B0704700BFA1F10801ECE700BFBA
:1031700082B010B502A981E80C000446102200219B
:10318000DDF76AF92046BDE8104002B0704700BF85
:10319000A1F10801ECE700BF82B010B502A981E8F7
:1031A0000C00044610220021DDF756F92046BDE848
:1031B000104002B0704700BFA1F10801ECE700BF6A
:1031C00082B010B502A981E80C000446102200214B
:1031D000DDF742F92046BDE8104002B0704700BF5D
:1031E000A1F10801ECE700BF82B010B502A981E8A7
:1031F0000C00044610220021DDF72EF92046BDE820
:10320000104002B0704700BFA1F10801ECE700BF19
:103210000020704782B010B502A981E80C00044676
:1032200010220021DDF718F92046BDE8104002B059
:10323000704700BFA1F10801ECE700BF0020704714
:10324000A0F10400FAE700BF82B010B502A981E83E
:103250000C00044610220021DDF7FEF82046BDE8F0
:10326000104002B0704700BFA1F10801ECE700BFB9
:1032700082B010B502A981E80C000446102200219A
:10328000DDF7EAF82046BDE8104002B0704700BF05
:10329000A1F10801ECE700BF82B010B502A981E8F6
:1032A0000C00044610220021DDF7D6F82046BDE8C8
:1032B000104002B0704700BFA1F10801ECE700BF69
:1032C00082B010B502A981E80C000446102200214A
:1032D000DDF7C2F82046BDE8104002B0704700BFDD
:1032E000A1F10801ECE700BF82B010B502A981E8A6
:1032F0000C00044610220021DDF7AEF82046BDE8A0
:10330000104002B0704700BFA1F10801ECE700BF18
:1033100082B010B502A981E80C00044610220021F9
:10332000DDF79AF82046BDE8104002B0704700BFB4
:10333000A1F10801ECE700BF82B010B502A981E855
:103340000C00044610220021DDF786F82046BDE877
:10335000104002B0704700BFA1F10801ECE700BFC8
:1033600010B582B00C4601AA0449DDF7C7F8012860
:1033700006BF019B2370002002B010BD809C030893
:1033800030B40C4C0C4D43F6655114F8012B082356
:1033900080EA022002B24000002A03F1FF3380B22B
:1033A000B8BF484013F0FF03F4D1AC42EDD130BCBC
:1033B000704700BF58CF030805AA0408F8B51746A0
:1033C0000AB31E468847D6E900424FF0000CCCF104
:1033D000200520FA0CFE01FA05F50AB1944214D238
:1033E000BCF120034EEA050E5CBF41FA03F34EEA3E
:1033F000030E84F800E034680CF1080C0134BCF1D1
:10340000400F3460E3D13846F8BD00273846F8BD98
:1034100070B51E46D1E9000315469847034A034696
:1034200031462846DEF79CFD012070BD809C0308D4
:10343000A0F10400ECE700BF37B51D46D1E9000359
:103440001446984710EE100AE7F7A0FC044ACDE9AD
:10345000000129462046DEF783FD012003B030BD80
:103460007CC10308A0F10400E6E700BF10B5D1E974
:103470000003144698470023303020706370012009
:1034800010BD00BFA0F10400F0E700BF70B51E46FC
:10349000D1E9000315469847034A034631462846BA
:1034A000DEF75EFD012070BD7FC10308A0F10400BE
:1034B000ECE700BF70B51E46D1E9000315469847FA
:1034C000034A034631462846DEF74AFD012070BD17
:1034D000809C0308A0F10400ECE700BF70B51E4615
:1034E000D1E9000315469847034A0346314628466A
:1034F000DEF736FD012070BD809C0308A0F10400BA
:10350000ECE700BF70B51E46D1E9000315469847A9
:10351000034A034631462846DEF722FD012070BDEE
:10352000809C0308A0F10400ECE700BF08B5D1E9D6
:1035300000039847002008BDA0F10400F6E700BF93
:1035400070B51E46D1E9000315469847034A034665
:1035500031462846DEF704FD012070BD809C03083B
:10356000A0F10400ECE700BF70B51E46D1E90003EE
:1035700015469847034A034631462846DEF7F0FCD5
:10358000012070BD809C0308A0F10400ECE700BF9F
:1035900070B51E46D1E9000315469847034A034615
:1035A00031462846DEF7DCFC012070BD809C030814
:1035B000A0F10400ECE700BF70B51E46D1E900039E
:1035C00015469847034A034631462846DEF7C8FCAD
:1035D000012070BD809C0308A0F10400ECE700BF4F
:1035E00037B51D46D1E9000314469847044ACDE992
:1035F000000129462046DEF7B3FC012003B030BDB0
:1036000083C10308A0F10400EAE700BF70B51E46BD
:10361000D1E9000315469847034A03463146284638
:10362000DEF79EFC012070BD88C10308A0F10400F4
:10363000ECE700BF70B51E46D1E900031546984778
:10364000034A034631462846DEF78AFC012070BD56
:10365000809C0308A0F10400ECE700BF70B51E4693
:10366000D1E9000315469847034A034631462846E8
:10367000DEF776FC012070BD809C0308A0F10400F9
:10368000ECE700BF70B51E46D1E900031546984728
:10369000034A034631462846DEF762FC012070BD2E
:1036A000809C0308A0F10400ECE700BF70B51E4643
:1036B000D1E9000315469847034A03463146284698
:1036C000DEF74EFC012070BD809C0308A0F10400D1
:1036D000ECE700BF70B51E46D1E9000315469847D8
:1036E000034A034631462846DEF73AFC012070BD06
:1036F000809C0308A0F10400ECE700BF70B51E46F3
:10370000D1E9000315469847034A03463146284647
:10371000DEF726FC012070BD809C0308A0F10400A8
:10372000ECE700BF70B51E46D1E900031546984787
:10373000034A034631462846DEF712FC012070BDDD
:10374000809C0308A0F10400ECE700BF70B51E46A2
:10375000D1E9000315469847034A034631462846F7
:10376000DEF7FEFB012070BD809C0308A0F1040081
:10377000ECE700BF00887047FFF7FCBF4068704768
:10378000FFF7FCBF807A7047FFF7FCBF00897047E6
:10379000FFF7FCBF90ED040A70470000FFF7FABF87
:1037A00090F8250070470000FFF7FABFB0F84C0012
:1037B00070470000FFF7FABF90F82E007047000036
:1037C000FFF7FABF90F8240070470000FFF7FABF38
:1037D00090ED0D0A70470000FFF7FABFC06A70470E
:1037E000FFF7FCBF00787047FFF7FCBF00F564509F
:1037F00090ED050A70470000FFF7F8BF90ED0C0A46
:1038000070470000FFF7FABF90ED050A704700000F
:10381000FFF7FABF90ED040A70470000FFF7FABF08
:1038200000787047FFF7FCBF008A7047FFF7FCBFC6
:10383000008A7047FFF7FCBFC0897047FFF7FCBFE5
:1038400000687047FFF7FCBF10B52DED028B0C46EA
:10385000DCF7FAFCD4E90003B0EE408A9847BCEEEE
:10386000C80A2068A36810EE102A91B29847BDECF0
:10387000028B012010BD10B52DED028B0C46DCF73C
:10388000E3FCD4E90003B0EE408A9847FDEEC87A25
:103890002068A36817EE901A9847BDEC028B0120B0
:1038A00010BD38B50C46DCF7CFFC10EE105AD4E949
:1038B000000398472846E7F7ABFF02460B4620680F
:1038C000A1688847012038BD10B52DED028B0C464C
:1038D000DCF7BAFCD4E90003B0EE408A9847FCEE6E
:1038E000C87A2068A36817EE901A9847BDEC028B3F
:1038F000012010BD10B52DED028B0C46DCF7A4FCA9
:10390000D4E90003B0EE408A9847FCEEC87A2068FC
:10391000A36817EE901A9847BDEC028B012010BDEA
:1039200010B50C462DED028BD1E90003B0EE408AB4
:1039300098472068A368B0EE480A9847BDEC028B10
:10394000012010BD00887047FFF7FCBF406870473A
:10395000FFF7FCBF807A7047FFF7FCBF0089704714
:10396000FFF7FCBF90ED0F0A70470000FFF7FABFAA
:1039700090ED0D0A70470000FFF7FABF90ED0B0ABB
:1039800070470000FFF7FABF90ED120A7047000081
:10399000FFF7FABF90ED100A70470000FFF7FABF7B
:1039A00090ED0E0A70470000FFF7FABF90ED040A91
:1039B00070470000FFF7FABF90F82500704700003D
:1039C000FFF7FABFB0F84C0070470000FFF7FABFEE
:1039D00090F82E0070470000FFF7FABF90F824001F
:1039E00070470000FFF7FABF90ED370A70470000FC
:1039F000FFF7FABF90ED390A70470000FFF7FABFF2
:103A000090ED350A70470000FFF7FABF90ED280AE5
:103A100070470000FFF7FABF90ED0D0A70470000F5
:103A2000FFF7FABFC06A7047FFF7FCBF0078704726
:103A3000FFF7FCBF00F5645090ED050A70470000E9
:103A4000FFF7F8BF90ED0C0A70470000FFF7FABFD0
:103A500090ED050A70470000FFF7FABF90ED040AE9
:103A600070470000FFF7FABF00787047FFF7FCBF10
:103A700090F8703013B190ED1B0A70479FED010A6A
:103A8000704700BF00000000FFF7F2BF90F86830F9
:103A900013B190ED190A70479FED010A704700BFFE
:103AA00000000000FFF7F2BF008A7047FFF7FCBF7D
:103AB000008A7047FFF7FCBFC0897047FFF7FCBF63
:103AC00000687047FFF7FCBFF0B583B002AC04E9B3
:103AD0000C00099E9DED000A9DF804309DF820E041
:103AE0009DF8217041B30C463BB1D7B171460368D4
:103AF0001B689847204603B0F0BDD6E900511A462E
:103B000009B1A94218D915F801CB35600CFA03FCAC
:103B10000833202B42EA0C02F2D100EE102A002FCB
:103B2000E4D1D6E90032934206D05A1C32601978AB
:103B3000003918BF0121DAE70024204603B0F0BDA8
:103B40002DE9F04784B004AC04E90F009DF80C7037
:103B5000DDE910C557B39DF83810019ADDE90CA9CD
:103B6000044639B3204690475246064688464B469F
:103B7000029920468847D5E900400023C3F120017F
:103B8000A3F1200C26FA03F208FA01F10A4328FAFD
:103B90000CFC42EA0C02083308B1A0422AD9227078
:103BA0002C68402B04F101042C60E7D1384604B0A6
:103BB000BDE8F087DCE9006E8A468946A1F1200065
:103BC000C1F12008BEF1000F01D0B64517D916F893
:103BD000013BCCF8006003FA00F023FA08F88B40B0
:103BE000083140EA0800402943EA0A0A40EA090984
:103BF000E4D1B7E70027384604B0BDE8F087204697
:103C0000904706468846B6E7F7B510460D466A4621
:103C10000A49DCF773FC012801D000200BE0DDE944
:103C200000670446D5E9000398472868A96832462A
:103C30003B468847204603B0F0BD00BF83C1030860
:103C4000A0F10400E0E700BF2DE9F04190460AB37F
:103C50001F468847D7E900434FF0000CCCF12006FF
:103C6000ACF1200520FA0CFE01FA06F64EEA060E2B
:103C700021FA05F54EEA050E0CF1080C0BB19C4239
:103C80000BD284F800E03C68BCF1400F04F1010461
:103C90003C60E3D14046BDE8F0814FF0000840466B
:103CA000BDE8F08138B53AB11D4614468847D5E9DC
:103CB000002323B1934202D80024204638BD10705F
:103CC0002B6801332B60204638BD00BF38B53AB1B0
:103CD0001D4614468847D5E9002323B1934202D8F4
:103CE0000024204638BD10702B6801332B6020461D
:103CF00038BD00BF38B51546A2B11C468847D4E987
:103D000000134FF0000C40FA0CF20CF1080C0BB150
:103D1000994209D20A702168BCF1200F01F101011A
:103D20002160F0D1284638BD0025FBE72DE9F041A0
:103D300084B004AC04E90F009DF80C600D9CF6B152
:103D40009DF82C30DDF828808C460746DBB13846DC
:103D5000E047029B0546414638469847D4E9003182
:103D6000002245FA02FC083209B199421DD983F8B4
:103D700000C02368202A03F101032360F1D13046FB
:103D800004B0BDE8F0810C9AD2E9002598460DB147
:103D900095420CD912F8010B0C9998400833202B4E
:103DA0000A6048EA0008F2D1D1E70026E7E7384682
:103DB000E0470546D2E700BF2DE9F04184B004ACEE
:103DC00004E90F009DF80C600D9CF6B19DF82C30B5
:103DD000DDF828808C460746DBB13846E047029B79
:103DE0000546414638469847D4E90031002225FA75
:103DF00002FC083209B199421DD983F800C023683A
:103E0000202A03F101032360F1D1304604B0BDE85C
:103E1000F0810C9AD2E9002598460DB195420CD953
:103E200012F8010B0C9998400833202B0A6048EADD
:103E30000008F2D1D1E70026E7E73846E04705461B
:103E4000D2E700BF2DE9F04184B004AC04E90F00D3
:103E50009DF80C400C9D9DF828709DF8293074B198
:103E6000DDE9008283B140469047029B0646394611
:103E700040469847D5E90023A3B1934212D80024C5
:103E8000204604B0BDE8F0810B9B0B991B68496884
:103E90008B420FD00B98591C01601F78003F18BF50
:103EA0000127E0E716702B68204601332B6004B031
:103EB000BDE8F081404690470646DBE708B5036859
:103EC0001B689847012008BD30B5154683B0BAB1CC
:103ED0001C468847D4E900138DED010A01984FF084
:103EE000000C20FA0CF20CF1080C0BB199420AD22A
:103EF0000A702168BCF1200F01F101012160F0D1AD
:103F0000284603B030BD0025FAE700BF38B5154696
:103F1000A2B11C468847D4E900134FF0000C20FAE8
:103F20000CF20CF1080C0BB1994209D20A7021680D
:103F3000BCF1200F01F101012160F0D1284638BD0C
:103F40000025FBE770B5059D71B30E4683B103688C
:103F50001649DB688B4224D1B2F5616F1ED200EBAB
:103F6000820292ED160A049B83ED000A304670BD72
:103F7000D5E900411A4609B1A14215D914F801CB7F
:103F80002C600CFA03FC0833202B42EA0C02F2D11D
:103F900003680649DB688B42DED002E09FED040A2D
:103FA000E1E711469847DEE70026DFE735D601084E
:103FB000000000002DE9F04184B004AC04E90F00DA
:103FC0009DF80C600D9CF6B19DF82C30DDF8288032
:103FD0008C460746DBB13846E047029B0546414622
:103FE00038469847D4E90031002225FA02FC08320D
:103FF00009B199421DD983F800C02368202A03F132
:1040000001032360F1D1304604B0BDE8F0810C9A81
:10401000D2E9002598460DB195420CD912F8010B52
:104020000C9998400833202B0A6048EA0008F2D126
:10403000D1E70026E7E73846E0470546D2E700BF6C
:104040002DE9F0412DED028B84B004AC04E90F00A2
:104050009DF80C600F9CFEB19DF834309DED0C8AEC
:104060000F468046F3B1884710EE105A029BB0EE1F
:10407000480A40469847D4E900302946002221FAF0
:1040800002F5083208B1984229D91D702368202A08
:1040900003F101032360F2D1304604B0BDEC028B82
:1040A000BDE8F0810E9AD2E900109C4608B1884222
:1040B00010D911F8015B0E9A9D400833202B116036
:1040C0004CEA050CF2D1404608EE10CAB84710EE93
:1040D000105ACBE74046B84710EE105ACBE70026FF
:1040E000DAE700BF2DE9F04184B004AC04E90F0029
:1040F0009DF80C600C9CBDF828709DF82A308EB39A
:10410000DDE90082D3B140469047029B054639461F
:1041100040469847D4E900324AB3934222D21D70F8
:10412000236801339A4223601CD92D121D70236825
:1041300030460133236004B0BDE8F0810B9BD3E926
:104140000010C8B188421DD90B460B9D13F8017BA6
:104150002B60984216D91B7847EA03270B9B023144
:104160001960D0E70026304604B0BDE8F0811D702C
:10417000236801332360D8E70B460B9813F8017BC3
:104180000360E8E7404690470546C3E72DE9F04164
:1041900084B004AC04E90F009DF80C600C9CBDF8E1
:1041A00028709DF82A308EB3DDE90082D3B14046F5
:1041B0009047029B0546394640469847D4E900326D
:1041C0004AB3934222D21D70236801339A4223607E
:1041D0001CD92D121D70236830460133236004B0B2
:1041E000BDE8F0810B9BD3E90010C8B188421DD90E
:1041F0000B460B9D13F8017B2B60984216D91B7858
:1042000047EA03270B9B02311960D0E700263046AE
:1042100004B0BDE8F0811D70236801332360D8E746
:104220000B460B9813F8017B0360E8E74046904784
:104230000546C3E72DE9F04184B004AC04E90F0062
:104240009DF80C600C9CBDF828709DF82A308EB348
:10425000DDE90082D3B140469047029B05463946CE
:1042600040469847D4E900324AB3934222D21D70A7
:10427000236801339A4223601CD92D121D702368D4
:1042800030460133236004B0BDE8F0810B9BD3E9D5
:104290000010C8B188421DD90B460B9D13F8017B55
:1042A0002B60984216D91B7847EA03270B9B0231F3
:1042B0001960D0E70026304604B0BDE8F0811D70DB
:1042C000236801332360D8E70B460B9813F8017B72
:1042D0000360E8E7404690470546C3E7F0B587B07E
:1042E0006C4684E80F009DF80C509DF83420DDE901
:1042F0000E34002D33D00646002A34D00C9804909A
:1043000030468847029B059004993046984761687B
:10431000BDF81400BDF816202368002955D08B4243
:104320001DD21A70236801339942236017D91212E3
:104330001A7022686368511C2160002B4ED08B429A
:104340000DD95070226801329342226007D90012C1
:104350001070236828460133236007B0F0BD0025A4
:10436000284607B0F0BDD3E90020F0B1904231D922
:10437000174617F801CB1F60B8422BD957784CEA83
:10438000072E971CB8421F6024D9D71CB84292F858
:1043900002C01F601ED9D07804324CEA002C1A608B
:1043A000ADF830C0ADF832E0A8E71046971C10F821
:1043B00001CB186050781F604CEA002ED01C92F898
:1043C00002C01860D0780432E7E71A70236801331E
:1043D0002360ACE730468847059098E75070226824
:1043E00001322260B3E700BF2DE9F04184B004AC94
:1043F00004E90F009DF80C400C9D9DF828809DF865
:10440000293074B1DDE9007283B138469047064621
:10441000029B414638469847D5E9002383B1934231
:104420000ED80024204604B0BDE8F0810B9BD3E9F0
:104430000031384661B199420AD890470646EBE709
:1044400016702B68204601332B6004B0BDE8F08164
:104450000B9913F8018B0B6090470646D8E700BF15
:104460002DE9F04184B004AC04E90F009DF80C4044
:104470000C9D9DF828809DF8293074B1DDE900720B
:1044800083B1384690470646029B414638469847D6
:10449000D5E9002383B193420ED80024204604B00E
:1044A000BDE8F0810B9BD3E90031384661B19942F8
:1044B0000AD890470646EBE716702B682046013372
:1044C0002B6004B0BDE8F0810B9913F8018B0B60F1
:1044D00090470646D8E700BF2DE9F04184B004AC10
:1044E00004E90F009DF80C400C9D9DF828809DF874
:1044F000293074B1DDE9007283B138469047064631
:10450000029B414638469847D5E9002383B1934240
:104510000ED80024204604B0BDE8F0810B9BD3E9FF
:104520000031384661B199420AD890470646EBE718
:1045300016702B68204601332B6004B0BDE8F08173
:104540000B9913F8018B0B6090470646D8E700BF24
:104550002DE9F04184B004AC04E90F009DF80C4053
:104560000C9D9DF828809DF8293074B1DDE900721A
:1045700083B1384690470646029B414638469847E5
:10458000D5E9002383B193420ED80024204604B01D
:10459000BDE8F0810B9BD3E90031384661B1994207
:1045A0000AD890470646EBE716702B682046013381
:1045B0002B6004B0BDE8F0810B9913F8018B0B6000
:1045C00090470646D8E700BF2DE9F04184B004AC1F
:1045D00004E90F009DF80C400C9D9DF828809DF883
:1045E000293074B1DDE9007283B138469047064640
:1045F000029B414638469847D5E9002383B1934250
:104600000ED80024204604B0BDE8F0810B9BD3E90E
:104610000031384661B199420AD890470646EBE727
:1046200016702B68204601332B6004B0BDE8F08182
:104630000B9913F8018B0B6090470646D8E700BF33
:104640002DE9F04184B004AC04E90F009DF80C4062
:104650000C9D9DF828809DF8293074B1DDE9007229
:1046600083B1384690470646029B414638469847F4
:10467000D5E9002383B193420ED80024204604B02C
:10468000BDE8F0810B9BD3E90031384661B1994216
:104690000AD890470646EBE716702B682046013390
:1046A0002B6004B0BDE8F0810B9913F8018B0B600F
:1046B00090470646D8E700BF2DE9F04184B004AC2E
:1046C00004E90F009DF80C400C9D9DF828809DF892
:1046D000293074B1DDE9007283B13846904706464F
:1046E000029B414638469847D5E9002383B193425F
:1046F0000ED80024204604B0BDE8F0810B9BD3E91E
:104700000031384661B199420AD890470646EBE736
:1047100016702B68204601332B6004B0BDE8F08191
:104720000B9913F8018B0B6090470646D8E700BF42
:104730002DE9F04184B004AC04E90F009DF80C4071
:104740000C9D9DF828809DF8293074B1DDE9007238
:1047500083B1384690470646029B41463846984703
:10476000D5E9002383B193420ED80024204604B03B
:10477000BDE8F0810B9BD3E90031384661B1994225
:104780000AD890470646EBE716702B68204601339F
:104790002B6004B0BDE8F0810B9913F8018B0B601E
:1047A00090470646D8E700BF2DE9F04184B004AC3D
:1047B00004E90F009DF80C400C9D2CB30B9BDDE928
:1047C0000072D3E90031384671B199420CD8904754
:1047D000D5E900230646ABB916702B682046013395
:1047E0002B6004B0BDE8F0810B9913F8018B0B60CE
:1047F0009047029B0646414638469847D5E9002334
:10480000002BE9D09342E7D80024204604B0BDE84D
:10481000F08100BF73B510460D4601AA0949DBF7C8
:104820006DFE012801D000200AE0BDF804600446B6
:10483000D5E9000398472868AB6831469847204679
:1048400002B070BD809C0308A0F10400E2E700BF45
:1048500030B52DED028B83B0104600230D4601AA22
:104860000B490193DBF74AFE01280CD19DED018A2B
:104870000446D5E9000398472868AB68B0EE480ABB
:104880009847204600E0002003B0BDEC028B30BD0D
:104890007CC10308A0F10400DAE700BF73B510463D
:1048A0000D4601AA0949DBF729FE012801D00020A5
:1048B00009E0019E0446D5E9000398472868AB68E3
:1048C00031469847204602B070BD00BF7FC1030843
:1048D000A0F10400E2E700BF73B510460D4601AA3F
:1048E0000949DBF70BFE012801D0002009E0019EF9
:1048F0000446D5E9000398472868AB6831469847D5
:10490000204602B070BD00BF809C0308A0F10400E7
:10491000E2E700BF73B510460D4601AA0949DBF76F
:10492000EDFD012801D0002009E0019E0446D5E9F3
:10493000000398472868AB6831469847204602B084
:1049400070BD00BF88C10308A0F10400E2E700BF0A
:1049500073B510460D4601AA0949DBF7CFFD0128C2
:1049600001D000200AE0BDF804600446D5E9000348
:1049700098472868AB6831469847204602B070BD1A
:10498000809C0308A0F10400E2E700BF73B5104665
:104990000D4601AA0949DBF7B1FD012801D000202D
:1049A0000AE0BDF804600446D5E90003984728688A
:1049B000AB6831469847204602B070BD809C030822
:1049C000A0F10400E2E700BF73B510460D4601AA4E
:1049D0000949DBF793FD012801D000200AE0BDF86A
:1049E00004600446D5E9000398472868AB6831465F
:1049F0009847204602B070BD809C0308A0F10400D7
:104A0000E2E700BF10B52DED028B0C46DBF71CFC76
:104A1000D4E90003B0EE408A9847BCEEC80A20688B
:104A2000A36810EE102A91B29847BDEC028B0120CA
:104A300010BD10B52DED028B0C46DBF705FCD4E95B
:104A40000003B0EE408A9847BCEEC80A2068A3680D
:104A500010EE102A91B29847BDEC028B012010BDD8
:104A600010B52DED028B0C46DBF7EEFBD4E900030D
:104A7000B0EE408A9847BCEEC80A2068A36810EEE2
:104A8000102A91B29847BDEC028B012010BD0000A6
:104A9000D1E900231BB1934201D800207047107068
:104AA0000B68012003440B60704700BFD1E900236D
:104AB0001BB1934201D80020704710700B68012091
:104AC00003440B60704700BF10B5174C94F8AD213C
:104AD00094F8AE318AB1154A1068BBB1012384F84D
:104AE000F03260B112F0B8FB13F0ACF894F8BD31BD
:104AF000BBB994F8BC3173B910BD002BF4D00C4B8A
:104B000018680028F0D012F0A7FBEDE70028EBD0E2
:104B100012F0A2FBE8E7BDE8104006490648FEF7A0
:104B200005B813F051F9E4E7C8E30020200B00209A
:104B30001C0B0020800B0020CCE400202DE9F04766
:104B4000DFF8348198F8BE31023B012B14460D4644
:104B5000174607D998F8C131023B012B2BD92046C3
:104B6000BDE8F087DFF81491D9E91006731C03F053
:104B70003F03834213D03F3606F03F06B0425BD876
:104B8000361A964228BF164632464844DDF740FAA8
:104B9000D9F840301E4406F03F06C9F84060324B59
:104BA0001A78002AD6D131490868012119700321E9
:104BB000F2F718F8CEE7DFF8C880D8E91006731CC2
:104BC00003F03F03834214D03F3606F03F06B04265
:104BD0001BD8361ABE4228BF3E46324629464044BC
:104BE000DDF716FAD8F840301E4406F03F06C8F844
:104BF00040601F4B1A78002AB1D11E48012119705C
:104C000000680721F1F7EEFFA9E7C0F14007A742CE
:104C100028BF27463A4629464044DDF7F9F9D8F837
:104C20004000A742384400F03F0028BF27463D44DB
:104C3000C8F84000E71BCCE7C0F1400A924528BF06
:104C4000924652464844DDF7E3F9D9F84000A245C0
:104C5000504400F03F0028BFA246C9F8400005EBD1
:104C60000A01A4EB0A028BE764ED002020E7002094
:104C700074F300201CE70020C8E3002088F0002027
:104C800098F6002010B5024C8260C0E9004110BDCA
:104C9000BCCA03080B4611469868FDF76DBF0000BB
:104CA00008B50A4601460020FFF7F4FF08BD00BF23
:104CB000D1F89800CA81F4F7F3BD000008B50A46A0
:104CC00001460020FFF7F4FF08BD00BFD1F89800AF
:104CD0000A82F4F7E5BD000008B50A460146002047
:104CE000FFF7F4FF08BD00BF086A0A82F6F7D0BFDD
:104CF00008B50A4601460020FFF7F6FF08BD00BFD1
:104D00004B6E0A7093F89E2002B91A7F83F89E209A
:104D10007047000008B50A4601460020FFF7F0FF83
:104D200008BD00BF486E81ED040AF5F7ADBF000075
:104D300008B501460020FFF7F5FF08BD486E81ED7C
:104D4000050AF5F7A1BF000008B501460020FFF7EE
:104D5000F5FF08BD486E81ED0C0AF5F795BF000020
:104D600008B501460020FFF7F5FF08BD10B50C4659
:104D7000084604F54054F8F789FD012384F83C39CE
:104D800010BD000008B501460020FFF7EFFF08BD89
:104D90000A7001F54051D1F8BC08F8F7ADBD00002C
:104DA00008B50A4601460020FFF7F2FF08BD00BF24
:104DB00002B9CA6ACA62704708B50A4601460020AD
:104DC000FFF7F6FF08BD00BF81ED0D0A01F5405168
:104DD000D1F8BC08F8F7C0BD08B501460020FFF7C0
:104DE000F3FF08BD0B4681F82420586D0021F7F72A
:104DF0001FB9000008B50A4601460020FFF7F2FF80
:104E000008BD00BF0B4681F82E20586D0021F7F732
:104E10000FB9000008B50A4601460020FFF7F2FF6F
:104E200008BD00BF486DA1F84C20F7F7B3BE0000E5
:104E300008B50A4601460020FFF7F4FF08BD00BF91
:104E4000486D81F82520F7F741B9000008B50A46FA
:104E500001460020FFF7F4FF08BD00BF486D81ED5B
:104E6000040AF7F705B9000008B501460020FFF76E
:104E7000F5FF08BDC8680A81F8F78CBA08B50A467C
:104E800001460020FFF7F6FF08BD00BFC8688A7220
:104E9000F8F780BA08B50A4601460020FFF7F6FF8A
:104EA00008BD00BFC8684A60F8F774BA08B50A467A
:104EB00001460020FFF7F6FF08BD00BF0A807047DB
:104EC00008B50A4601460020FFF7F8FF08BD00BFFD
:104ED000084B82B01B88019080B2984207D1BDF880
:104EE0000600B0F5477F8CBF0020012000E00020C5
:104EF00002B0704714EA002000B52DED028B054B7F
:104F000089B01B88019080B2984205D0002003F040
:104F10009CBD00BF14EA002000230793BDF80630B3
:104F200040F21532013BB0EE408A934203F27A859B
:104F3000DFE813F01603781D781D781D781D781DA5
:104F4000781D781D781D781D781D781D2003781D2B
:104F5000781D781D781D781D781D781D781D781DA9
:104F6000781D781D781D781D2A03781D781D781D01
:104F70003403781D781D781D3E03781D781D781D3B
:104F80004803781D781D781D5203781D781D781D03
:104F9000781D781D781D781D781D781D781D781D69
:104FA000781D781D781D781D781D781D781D781D59
:104FB000781D781D781D781D781D781D781D781D49
:104FC000781D781D781D781D5C03781D66037003BD
:104FD0007A038403781D8E039803A203AC03B603FF
:104FE000C003CA03D403DE03E803F203FC03060490
:104FF00010041A04240494049E04A804B204BC04FB
:10500000C604D004DA04E404EE04F80402050C0536
:10501000160520052A0534053E05480552055C05A0
:10502000660570057A0584058E059805A2050206B9
:105030000C06160620062A0634063E0648065206C8
:105040005C06660670067A068406781D781D781D53
:10505000781D8E069806A206AC06B606C006CA06DD
:10506000D406DE06E806F206FC06060710077C07F3
:10507000860790079A07A407AE07B807C207CC07B0
:10508000D607E007EA07F407FE07080812081C081D
:10509000260830083A0844084E08580862086C0888
:1050A000760880088A08DE08E808F208FC08060985
:1050B00010091A0924093109781D781D781D781DF9
:1050C000781D3E094B095809781D6509781D781D22
:1050D000781D781D720980098E09781D9C09AA091E
:1050E000B809C609D409E209F009FE09781D781D3E
:1050F0003A0A781D781D781D781D781D781D781D59
:10510000781D781D781D781D470A550A781D781D71
:10511000781D781D630A700A7D0A8A0A970AA40A14
:10512000B10ABE0ACB0AD80AE50AF20AFF0A0C0B3A
:10513000190B260B330B400B4D0B5A0B670B9E0BB9
:10514000AB0BB80BC50BD20BDF0BEE0BFD0B090C39
:10515000180C781D781D781D781D270C360C450C11
:10516000540C630C720C810C900C9F0CAC0CB90CA1
:10517000C60CD30C040D110D1E0D2B0D380D450D55
:10518000520D5F0D6C0D790D860D950DA40DB30DAF
:10519000C10D781DCE0D781DDD0DEC0D781DFB0DBC
:1051A0000A0E190E280E370E640E730E820E910E23
:1051B000781D781D781DA00EAD0E781D781D781D08
:1051C000781DBA0E781DC70E781D781D781D781DC4
:1051D000781D781D781D781D781D781D781D781D27
:1051E000781D781D781DD40E781DE10EEE0EFB0E95
:1051F000080F150F220F2F0F3C0F490F560F630F8B
:10520000700F7D0F8A0FD40FE10FEE0FFB0F081008
:1052100015102210781D2F10781D781D781D781D0F
:10522000781D3C104610781D781D781D781D531090
:1052300060106D107A1087109410781DA110AD10B9
:10524000B910C510D210781DDE10EA10F610381112
:10525000451151115E11781D781D781D781D781D3E
:105260006B11781D781D781D7511781D781D781DBE
:105270007F11781D781D781D8911781D781D781D86
:105280009311781D781D781D9D11781D781D781D4E
:10529000A711781D781D781DB111781D781D781D16
:1052A000BB11781D781D781DC511781D781D781DDE
:1052B000CF11781D781D781DD911781D781D781DA6
:1052C000E311781DED11781D781D781D781DF711FB
:1052D00001120B1215121F12291233123D1247121E
:1052E000A412AE12B812C212CC12D612E012EA12F6
:1052F000F412FE12081312131C13261330133A1360
:1053000044134E13581362136C13761380138A13CD
:1053100094139E13A813B213081412141C14261409
:1053200030143A1444144E14581462146C14761445
:1053300080148D14781D781D781D781D781D9A14A1
:10534000A714B414781DC114781D781D781D781D1C
:10535000CE14DC14EA14781DF81406151415221561
:105360006815761584159215781D781DA015781D81
:10537000781D781D781D781D781D781D781D781D85
:10538000781D781DAD15BB15781D781D781D781D0D
:10539000C915D615E315F015FD150A1617162416AE
:1053A00031163E164B165816651672167F168C1659
:1053B000C416D116DE16EB16F816051712171F17AE
:1053C0002C17391746175517641770177F17781D54
:1053D000781D781D781D8E179D17AC17BB17CA173F
:1053E000D917E817F7171E182B1838184518521830
:1053F0005F186C18791886189318A018AD18BA1889
:10540000C718D418E118F018FF180E191C19781DC8
:105410002919781D38194719781D80198E199C197A
:10542000AA19B819C619D419E219F019781D781DEE
:10543000781DFE190A1A781D781D781D781D161A18
:10544000781D221A781D781D781D781D781D781D0D
:10545000781D781D781D781D781D781D781D781DA4
:10546000781D2E1A781D3A1A461A521A5E1A6A1AAE
:10547000761A821A8E1A9A1ADA1AE61AF21AFE1A8C
:105480000A1B161B221B2E1B3A1B461B521B5E1BA4
:10549000781D6A1B781D781D781D781D781D761B78
:1054A0007F1B781D781D781D781D8B1B971BA31BF8
:1054B000AF1BBB1BC71B781DD31BDE1BE91B2C1CA2
:1054C000381C781D431C4E1C591C641C701C7B1C12
:1054D000871C781D781D781D781D781D931C781DFC
:1054E000781D781D9C1C781D781D781DA51C781DC5
:1054F000781D781DAE1C781D781D781DB71C781D91
:10550000781D781DC01C781D781D781DC91C781D5C
:10551000781D781DD21C781D781D781DDB1C781D28
:10552000781D781DE41C781D781D781DED1C781DF4
:10553000781D781DF61C781D781D781DFF1C781DC0
:10554000781D081D781D781D111D781D781D781D8A
:10555000781D781D781D781D1A1D781D781D701D09
:105560008B4B03938B4B04938B4B05938B4B079384
:1055700003F058BA8A4B03938A4B04938A4B0593E2
:105580008A4B079303F04EBA894B0393894B0493DC
:10559000894B0593894B079303F044BA884B0393D7
:1055A000884B0493884B0593884B079303F03ABAD2
:1055B000874B0393834B0493834B0593834B079350
:1055C00003F030BA834B03937E4B04937E4B0593D9
:1055D0007E4B079303F026BA7F4B0393794B0493DA
:1055E000794B0593794B079303F01CBA7B4B0393DC
:1055F000744B0493744B0593744B079303F012BAE6
:10560000774B0393774B0493774B0593774B079333
:1056100003F008BA764B0393764B0493764B0593CD
:105620006A4B079303F0FEB9744B0393744B0493D6
:10563000744B0593744B079303F0F4B9734B0393C6
:10564000604B0493604B0593604B079303F0EAB9FA
:105650006F4B0393574B0493574B0593574B07934B
:1056600003F0E0B96B4B0393524B0493524B0593F9
:10567000524B079303F0D6B9674B03934D4B0493FA
:105680004D4B05934D4B079303F0CCB9634B0393FC
:105690004C4B04934C4B05934C4B079303F0C2B90E
:1056A0005F4B0393474B0493474B0593474B07933B
:1056B00003F0B8B95B4B0393424B0493424B059301
:1056C000424B079303F0AEB9574B0393394B049306
:1056D000394B0593394B079303F0A4B9534B03930C
:1056E000344B0493344B0593344B079303F09AB92E
:1056F0004F4B03934F4B04934F4B05934F4B0793E3
:1057000003F090B94E4B03934A4B04934A4B0593D5
:105710004A4B079303F086B94A4B0393454B0493D6
:10572000454B0593454B079303F07CB9464B0393D8
:10573000404B0493404B0593404B079303F072B9E1
:10574000424B0393174B0493174B0593174B079347
:1057500003F068B93E4B0393124B0493124B05932D
:10576000124B079303F05EB93A4B0393114B04932A
:10577000114B0593114B079303F054B9364B039328
:10578000084B0493084B0593084B079303F04AB961
:1057900000A40020F52E0208F92E020804EA0020D9
:1057A00030A400200D2F0208152F0208F0E9002078
:1057B000CCE60020292F02082D2F0208DCE900206A
:1057C000DCE60020312F0208352F0208C8E900204E
:1057D000ECE60020FCE600200CE70020ACA4002052
:1057E000D0E400203D2F0208412F0208B4E9002038
:1057F000D4E4002045380208758F0208D8E4002060
:10580000452F0208492F0208A0E90020BCE600202D
:1058100075E5002076E5002077E5002078E500209A
:105820007CE5002080E5002084E5002085E500205F
:1058300089E500204D2F0208512F02088CE9002035
:1058400086E5002087E5002088E500208CE5002023
:1058500090E5002094E5002098E500208B4B039311
:105860008B4B04938B4B05938B4B079303F0DAB868
:105870008A4B03938A4B04938A4B05938A4B079375
:1058800003F0D0B8894B0393814B0493814B05936C
:10589000814B079303F0C6B8854B03937C4B04936D
:1058A0007C4B05937C4B079303F0BCB8814B03936F
:1058B000774B0493774B0593774B079303F0B2B87C
:1058C0007D4B0393724B0493724B0593724B07937A
:1058D00003F0A8B8794B0393794B0493794B059364
:1058E000794B079303F09EB8784B0393784B04935E
:1058F000784B0593784B079303F094B8774B039359
:10590000634B0493634B0593634B079303F08AB88F
:10591000734B03935E4B04935E4B05935E4B07936F
:1059200003F080B86F4B0393694B0493694B059365
:10593000694B079303F076B86B4B0393544B049376
:10594000544B0593544B079303F06CB8674B039388
:105950004F4B04934F4B05934F4B079303F062B8A3
:10596000634B0393634B0493634B0593634B079320
:1059700003F058B8624B03935E4B04935E4B059360
:105980005E4B079303F04EB85E4B0393594B049361
:10599000594B0593594B079303F044B85A4B039363
:1059A000544B0493544B0593544B079303F03AB86C
:1059B000564B03934F4B04934F4B05934F4B079319
:1059C00003F030B8524B03934A4B04934A4B059370
:1059D0004A4B079303F026B84E4B0393454B049371
:1059E000454B0593454B079303F01CB84A4B039373
:1059F000404B0493404B0593404B079303F012B880
:105A0000464B03933B4B04933B4B05933B4B079314
:105A100003F008B8424B0393364B0493364B05937F
:105A2000364B079302F0FEBF3E4B0393314B04937A
:105A3000314B0593314B079302F0F4BF3A4B03937C
:105A40002C4B04932C4B05932C4B079302F0EABF8D
:105A5000364B0393274B0493274B0593274B079310
:105A600002F0E0BF324B0393224B0493224B059389
:105A7000224B079302F0D6BF2E4B03931D4B04938A
:105A80001D4B05931D4B079302F0CCBF9CE50020F6
:105A90000D2F0208152F0208F0E90020A0E50020D4
:105AA000292F02082D2F0208DCE90020A4E50020A0
:105AB000A8E50020ACE50020B0E50020B4E500201A
:105AC000312F0208352F0208C8E900200CE600201B
:105AD000552F02085D2F020878E9002010E600200B
:105AE00014E6002018E600201CE6002020E6002036
:105AF00065E50020652F0208692F020864E900208F
:105B000066E5002067E5002068E5002069E50020E3
:105B10006AE500206BE500206CE500206DE50020C3
:105B20006EE500206FE5002070E5002071E50020A3
:105B300072E5002073E500208B4B03938B4B04939D
:105B40008B4B05938B4B079302F06CBF8A4B0393EF
:105B50008A4B04938A4B05938A4B079302F062BFEA
:105B6000894B0393894B0493894B0593894B079386
:105B700002F058BF884B0393844B0493844B0593E6
:105B8000844B079302F04EBF844B03937B4B0493EB
:105B90007B4B05937B4B079302F044BF804B0393F1
:105BA0007A4B04937A4B05937A4B079302F03ABFF2
:105BB0007C4B0393754B0493754B0593754B07937F
:105BC00002F030BF784B03936C4B04936C4B0593FE
:105BD0006C4B079302F026BF744B03936B4B0493FB
:105BE0006B4B05936B4B079302F01CBF704B0393F9
:105BF000664B0493664B0593664B079302F012BF06
:105C00006C4B03935D4B04935D4B05935D4B079386
:105C100002F008BF684B03935C4B04935C4B059305
:105C20005C4B079302F0FEBE644B0393574B049307
:105C3000574B0593574B079302F0F4BE604B039309
:105C4000604B0493604B0593604B079302F0EABEF0
:105C50005F4B03935F4B04935F4B05935F4B07933D
:105C600002F0E0BE5E4B03935E4B04935E4B0593E4
:105C70005E4B079302F0D6BE5D4B0393594B0493E2
:105C8000594B0593594B079302F0CCBE594B0393E4
:105C9000544B0493544B0593544B079302F0C2BEEC
:105CA000554B03934F4B04934F4B05934F4B079327
:105CB00002F0B8BE514B03934A4B04934A4B0593F1
:105CC0004A4B079302F0AEBE4D4B0393454B0493F2
:105CD000454B0593454B079302F0A4BE494B0393F4
:105CE000404B0493404B0593404B079302F09ABE00
:105CF000454B03933B4B04933B4B05933B4B079323
:105D000002F090BE414B0393364B0493364B059300
:105D1000364B079302F086BE3D4B03931B4B049317
:105D20001B4B05931B4B079302F07CBE394B03932F
:105D30002C4B04932C4B05932C4B079302F072BE13
:105D40002B4B0393344B0493344B0593344B079301
:105D500002F068BE264B0393324B0493324B0593FB
:105D60002F4B079302F05EBE74E50020652F0208FA
:105D7000692F020864E90020B8E50020552F0208C9
:105D80005D2F020878E90020BCE500200D2F0208F5
:105D9000152F0208F0E90020C0E50020C4E500202E
:105DA000C8E50020CCE50020D0E50020D4E50020A7
:105DB000D8E50020DCE50020E0E50020E4E5002057
:105DC000C81200206D2F0208712F020850E9002030
:105DD000EC120020812F0208852F02083CE90020E8
:105DE000FC120020292F02082D2F0208DCE90020D8
:105DF000901000209110002092100020931000209D
:105E0000941000209510002096100020971000207C
:105E1000981000209C1000203D380208918F020845
:105E200028E9002035380208AD8F02088B4B039318
:105E30008B4B04938B4B05938B4B079302F0F2BD76
:105E40008A4B0393864B0493864B0593864B0793AB
:105E500002F0E8BD864B0393814B0493814B05937D
:105E6000814B079302F0DEBD824B03937C4B04937E
:105E70007C4B05937C4B079302F0D4BD7E4B039380
:105E8000774B0493774B0593774B079302F0CABD8A
:105E90007A4B0393724B0493724B0593724B0793A7
:105EA00002F0C0BD764B03936D4B04936D4B05938D
:105EB0006D4B079302F0B6BD724B0393684B04938E
:105EC000684B0593684B079302F0ACBD6E4B039390
:105ED000634B0493634B0593634B079302F0A2BD9E
:105EE0006A4B03935E4B04935E4B05935E4B0793A3
:105EF00002F098BD664B0393594B0493594B05939D
:105F0000594B079302F08EBD624B0393624B04938F
:105F1000624B0593624B079302F084BD614B039380
:105F20005D4B04935D4B05935D4B079302F07ABD87
:105F30005D4B0393584B0493584B0593584B079371
:105F400002F070BD594B0393454B0493454B0593A9
:105F5000454B079302F066BD554B0393404B0493AA
:105F6000404B0593404B079302F05CBD514B0393AC
:105F70003B4B04933B4B05933B4B079302F052BDC5
:105F80004D4B0393364B0493364B0593364B079397
:105F900002F048BD494B0393314B0493314B0593B9
:105FA000314B079302F03EBD454B03932C4B0493BA
:105FB0002C4B05932C4B079302F034BD414B0393BC
:105FC000354B0493354B0593354B079302F02ABDAF
:105FD0003D4B0393304B0493304B0593304B079369
:105FE00002F020BD394B03932B4B04932B4B0593AD
:105FF0002B4B079302F016BD354B0393354B04939F
:10600000354B0593354B079302F00CBD344B03938E
:10601000214B0493214B0593214B079302F002BDC2
:10602000304B03932B4B04932B4B05932B4B079334
:1060300002F0F8BC2C4B0393264B0493264B05939C
:10604000264B079302F0EEBC284B0393214B04939D
:10605000214B0593214B079302F0E4BCA4100020D0
:106060000D2F0208152F0208F0E90020A8100020CB
:10607000AC100020B0100020B4100020C010002090
:10608000C4100020C8100020CC100020D010002028
:10609000D4100020D8100020292F02082D2F02082C
:1060A000DCE90020D9100020DA100020DC100020EC
:1060B000E0100020E4100020E8100020EC10002088
:1060C000F0100020F4100020F5100020F610002041
:1060D000F8100020312F0208352F0208C8E90020EF
:1060E000FC100020001100200411002008110020E5
:1060F000964B0393964B0493964B0593964B0793BD
:1061000002F090BC954B0393914B0493914B0593F4
:10611000914B079302F086BC914B03938C4B0493F5
:106120008C4B05938C4B079302F07CBC8D4B0393F7
:10613000874B0493874B0593874B079302F072BC00
:10614000894B0393824B0493824B0593824B0793B5
:1061500002F068BC854B03937D4B04937D4B059304
:106160007D4B079302F05EBC814B0393784B049305
:10617000784B0593784B079302F054BC7D4BD3F8D2
:106180005831983303937C4B04937C4B05937C4BA1
:10619000079302F047BC774BD3F858319033039301
:1061A000784B0493784B0593784B079302F03ABCF5
:1061B000704BD3F85831B03303936F4B04936F4B4C
:1061C00005936F4B079302F02DBC6A4BD3F85831FF
:1061D000B4330393684B0493684B0593684B079360
:1061E00002F020BC634BD3F85831B8330393624BB1
:1061F0000493624B0593624B079302F013BC5D4B13
:10620000D3F85831C43303935B4B04935B4B059332
:106210005B4B079302F006BC564BD3F858315B69D1
:106220002C330393544B0493544B0593544B0793D3
:1062300002F0F8BB4F4BD3F858315B69303303930E
:106240004D4B04934D4B05934D4B079302F0EABB26
:10625000484BD3F858315B69343303934C4B049368
:106260004C4B05934C4B079302F0DCBB414BD3F8EE
:1062700058319B692C330393484B0493484B059347
:10628000484B079302F0CEBB3A4BD3F858319B6989
:106290002C330393384B0493384B0593384B0793B7
:1062A00002F0C0BB334BD3F858319B6930330393B2
:1062B000314B0493314B0593314B079302F0B2BB42
:1062C0002C4BD3F858319B69343303932A4B0493F6
:1062D0002A4B05932A4B079302F0A4BB254BD3F816
:1062E00058319B6938330393234B0493234B059315
:1062F000234B079302F096BB1E4BD3F858319B6992
:10630000403303931C4B04931C4B05931C4B079386
:1063100002F088BB174BD3F858319B694433039381
:10632000154B0493154B0593154B079302F07ABB5D
:10633000104BD3F858319B6948330393144B0493A3
:10634000144B0593144B079302F06CBB0C11002007
:10635000312F0208352F0208C8E900201011002053
:1063600014110020181100201C1100202011002001
:1063700024110020801000200D2F0208152F020884
:10638000F0E90020892F0208912F020814E900206B
:10639000292F02082D2F0208DCE900202D380208E1
:1063A000C58F020828E900209C4BD3F85831DC3314
:1063B00003939B4B04939B4B05939B4B079302F0DA
:1063C00031BB964BD3F8583103F5AE730393944B1E
:1063D0000493944B0593944B079302F023BB8F4B8C
:1063E000D3F8583103F5B07303938D4B04938D4B61
:1063F00005938D4B079302F015BB884BD3F85831AA
:106400001C330393894B0493894B0593894B079362
:1064100002F008BB814BD3F8583120330393864BED
:106420000493864B0593864B079302F0FBBA7B4B94
:10643000D3F8583124330393794B0493794B059364
:10644000794B079302F0EEBA744BD3F858312833E6
:106450000393734B0493734B0593734B079302F0B1
:10646000E1BA6E4BD3F858311C330393754B049348
:10647000754B05936C4B079302F0D4BA674BD3F876
:1064800058311C330393714B0493714B0593664B46
:10649000079302F0C7BA614BD3F8583134330393F2
:1064A0005F4B04935F4B05935F4B079302F0BABABF
:1064B0005A4BD3F8583138330393664B0493664BE9
:1064C0000593664B079302F0ADBA544BD3F858319D
:1064D0003C330393524B0493524B0593524B079317
:1064E00002F0A0BA4D4BD3F85831403303934C4BD4
:1064F00004934C4B05934C4B079302F093BA474BD4
:10650000D3F8583144330393454B0493454B0593DB
:10651000454B079302F086BA404BD3F858315033BD
:1065200003933F4B04933F4B05933F4B079302F07C
:1065300079BA3A4BD3F8583154330393384B049318
:10654000384B0593384B079302F06CBA334BD3F8B2
:10655000583148330393324B0493324B0593324BFB
:10656000079302F05FBA2D4BD3F858311C330393D5
:106570003B4B04933B4B05932B4B079302F052BAD2
:10658000264BD3F8583158330393254B0493254BAE
:106590000593254B079302F045BA204BD3F85831A9
:1065A0005C3303931E4B04931E4B05931E4B0793C2
:1065B00002F038BA194BD3F85831603303932A4BA1
:1065C00004932A4B05931B4B079302F02BBA134BF2
:1065D000D3F8583164330393114B0493114B059353
:1065E000114B079302F01EBA0C4BD3F858316833A5
:1065F00003930B4B04930B4B05930B4B079302F048
:1066000011BA064BD3F858316C330393164B0493ED
:10661000164B0593074B079302F004BA8010002035
:106620000D2F0208152F0208F0E900202538020876
:10663000E98F0208DCE90020992F02089D2F02084B
:1066400000E900201D3802080590020811380208F0
:106650001D900208A12F0208A52F0208ECE80020D7
:106660000538020835900208292F02082D2F02084C
:10667000A04BD3F858316D3303939F4B04939F4B3A
:1066800005939F4B079302F0CDB99A4BD3F858313D
:10669000703303939B4B04939B4B05939B4B079346
:1066A00002F0C0B9934BD3F8583174330393954B30
:1066B0000493954B0593954B079302F0B3B98D4B1B
:1066C000D3F85831783303938E4B04938E4B059354
:1066D0008E4B079302F0A6B9864BD3F858317C3322
:1066E0000393884B0493884B0593884B079302F0E0
:1066F00099B9804BD3F8003103F563531C330393EE
:10670000834B0493834B0593834B079302F08AB921
:10671000784BD3F8003103F5635320330393794B5F
:106720000493794B0593794B079302F07BB9714B36
:10673000D3F800310393794B0493794B0593734B52
:10674000079302F06FB96B4BD3F8003103F5645334
:10675000183303936B4B04936B4B05936B4B07936D
:1067600002F060B9634BD3F8003103F564531C3376
:106770000393644B0493644B0593644B079302F0BB
:1067800051B95C4BD3F8003103F564530C330393D8
:106790005C4B04935C4B05935C4B079302F042B94E
:1067A000544BD3F8003103F564533E330393524BFB
:1067B0000493524B0593524B079302F033B94D4B60
:1067C000D3F8003103F56453383303934D4B0493EE
:1067D0004D4B05934D4B079302F024B9454BD3F82D
:1067E000003103F562532C330393464B0493464B1D
:1067F0000593464B079302F015B93E4BD3F8003191
:1068000003F56253313303933B4B04933B4B0593A6
:106810003B4B079302F006B9364BD3F8003103F532
:10682000625333330393344B0493344B0593344B0B
:10683000079302F0F7B82F4BD3F8003103F56253FA
:10684000303303932C4B04932C4B05932C4B079321
:1068500002F0E8B8274BD3F8003103F56253323326
:106860000393254B0493254B0593254B079302F087
:10687000D9B8204BD3F8003118330393294B049334
:10688000294B0593294B079302F0CCB8194BD3F849
:10689000003119330393264B0493264B0593264B63
:1068A000079302F0BFB8134BD3F800311C330393A6
:1068B000144B0493144B0593144B079302F0B2B896
:1068C0000C4BD3F80031203303930E4B04930E4B43
:1068D00005930E4B079302F0A5B8064BD3F8003191
:1068E00024330393074B0493074B0593074B0793FC
:1068F00002F098B880100020292F02082D2F0208DE
:10690000DCE900200D2F0208152F0208F0E9002015
:10691000A92F0208AD2F0208D8E80020F937020895
:1069200059900208E937020875900208C4E800206F
:10693000B12F0208B52F0208B0E80020A04BD3F811
:106940000031303303939F4B04939F4B05939F4B30
:10695000079302F067B89A4BD3F8003128330393BA
:10696000984B0493984B0593984B079302F05AB8B1
:10697000934BD3F800312C330393924B0493924BF7
:106980000593924B079302F04DB88D4BD3F800312D
:10699000343303938B4B04938B4B05938B4B0793AF
:1069A00002F040B8864BD3F8003138330393854B5F
:1069B0000493854B0593854B079302F033B8804BC6
:1069C000D3F800313C330393814B0493814B0593FF
:1069D000814B079302F026B8794BD3F8003140334E
:1069E0000393784B0493784B0593784B079302F00D
:1069F00019B8734BD3F8003118330393774B0493D2
:106A0000774B0593774B079302F00CB86C4BD3F898
:106A10000031503303936B4B04936B4B05936B4BDB
:106A2000079301F0FFBF664BD3F80031483303935F
:106A3000644B0493644B0593644B079301F0F2BFDE
:106A40005F4BD3F8003103F5625334330393664B45
:106A50000493664B0593664B079301F0E3BF584BD5
:106A6000D3F8003103F5625338330393554B049345
:106A7000554B0593554B079301F0D4BF504BD3F8BA
:106A8000003103F562533C3303934E4B04934E4B5A
:106A900005934E4B079301F0C5BF494BD3F8003126
:106AA00003F563530393504B0493504B0593504BA2
:106AB000079301F0B7BF424BD3F80031183303936B
:106AC0004C4B04934C4B0593404B079301F0AABFEA
:106AD0003B4BD3F8003103F56253183303933C4B1F
:106AE00004933C4B05933C4B079301F09BBF344B05
:106AF000D3F8003103F562531C330393314B0493F5
:106B0000314B0593314B079301F08CBF2C4BD3F8DD
:106B1000003103F56253203303932A4B04932A4B2D
:106B200005932A4B079301F07DBF254BD3F8003125
:106B300003F5625328330393254B0493254B0593A8
:106B4000254B079301F06EBF1D4BD3F8003103F5C1
:106B50006353043303931B4B04931B4B05931B4B51
:106B6000079301F05FBF164BD3F8003103F5635371
:106B700008330393134B0493134B0593134B079361
:106B800001F050BF0E4BD3F8003103F563531033BF
:106B900003930C4B04930C4B05930C4B079301F0A0
:106BA00041BF074BD3F8003103F563530C33039314
:106BB000044B0493044B0593044B079301F032BF3D
:106BC000801000200D2F0208152F0208F0E9002088
:106BD000292F02082D2F0208DCE90020E1370208E6
:106BE0008D90020800E90020B92F0208BD2F02088D
:106BF0009CE80020D9370208AD900208994BD3F8E1
:106C0000003103F5645328330393974B0493974B58
:106C10000593974B079301F005BF924BD3F80031D2
:106C200003F564532C3303938F4B04938F4B0593DD
:106C30008F4B079301F0F6BE8A4BD3F8003103F572
:106C4000645330330393884B0493884B0593884BEC
:106C5000079301F0E7BE834BD3F8003103F564538B
:106C600034330393804B0493804B0593804B0793FD
:106C700001F0D8BE7B4BD3F80031043303937A4B39
:106C800004937A4B05937A4B079301F0CBBE754B77
:106C9000D3F8003108330393764B0493764B059376
:106CA000764B079301F0BEBE6E4BD3F80031103324
:106CB0000393734B0493734B0593734B079301F04A
:106CC000B1BE684BD3F8AC308C3303936F4B049355
:106CD0006F4B05936F4B079301F0A4BE614BD3F844
:106CE000AC30C83303936C4B04936C4B05936C4BE3
:106CF000079301F097BE5B4BD3F8AC30343303936A
:106D0000684B0493684B0593684B079301F08ABE68
:106D1000544BD3F8AC3034330393654B0493654B39
:106D20000593564B079301F07DBE4E4BD3F8AC3024
:106D3000543303934C4B04934C4B05934C4B0793A8
:106D400001F070BE474BD3F8AC3060330393494B2E
:106D50000493494B0593494B079301F063BE414BA4
:106D6000D3F8AC3034330393534B0493534B059314
:106D7000424B079301F056BE3A4BD3F8AC30343354
:106D800003934F4B04934F4B05934F4B079301F0E5
:106D900049BE344BD3F8AC30503303933E4B04938D
:106DA0003E4B05933E4B079301F03CBE2D4BD3F871
:106DB000AC3048330393384B0493384B0593384B2E
:106DC000079301F02FBE274BD3F8AC304C3303931D
:106DD000254B0493254B0593254B079301F022BEC9
:106DE000204BD3F8AC305C3303932B4B04932B4BE9
:106DF00005932B4B079301F015BE1A4BD3F8AC301B
:106E000034330393314B0493314B05931B4B07935E
:106E100001F008BE134BD3F8AC3061330393154B2C
:106E20000493154B0593154B079301F0FBBD0D4BD8
:106E3000D3F8AC3034330393264B0493264B05939D
:106E40000B4B079301F0EEBD064BD3F8AC30383353
:106E50000393054B0493054B0593054B079301F0F2
:106E6000E1BD00BF801000200D2F0208152F020881
:106E7000F0E90020292F02082D2F0208DCE900206C
:106E8000312F0208352F0208C8E90020C12F02085F
:106E9000C52F020888E80020992F02089D2F0208BC
:106EA00000E90020C92F0208CD2F020874E8002055
:106EB000CD370208C9900208C1370208E9900208DC
:106EC000B53702080591020828E90020A937020811
:106ED000219102089D3702083D910208964BD3F894
:106EE000AC303C330393954B0493954B0593954BF2
:106EF000079301F097BD904BD3F8AC304033039328
:106F00008E4B04938E4B05938E4B079301F08ABDF5
:106F1000894BD3F8AC30633303938B4B04938B4B87
:106F200005938B4B079301F07DBD834BD3F8AC30B9
:106F300064330393874B0493874B0593874B0793E5
:106F400001F070BD7C4BD3F8AC30653303937E4BBE
:106F500004937E4B05937E4B079301F063BD764B04
:106F6000D3F8AC30823303937D4B04937D4B059370
:106F70007D4B079301F056BD6F4BD3F8AC30843393
:106F80000393774B0493774B0593774B079301F06B
:106F900049BD694BD3F8AC3004330393734B04936E
:106FA000734B0593734B079301F03CBD724B0393F6
:106FB000624B0493624B0593624B079301F032BD21
:106FC0005D4BD3F8FC30103303936C4B04936C4B44
:106FD00005936C4B079301F025BD574BD3F8FC305C
:106FE00004330393554B0493554B0593554B07932B
:106FF00001F018BD504BD3F8FC30083303934F4BCE
:1070000004934F4B05934F4B079301F00BBD4A4B35
:10701000D3F8FC300C330393484B0493484B05934F
:10702000484B079301F0FEBC434BD3F85C3104336B
:107030000393424B0493424B0593424B079301F059
:10704000F1BC3D4BD3F85C31083303933B4B0493C5
:107050003B4B05933B4B079301F0E4BC364BD3F815
:107060005C310C330393354B0493354B0593354B0F
:10707000079301F0D7BC304BD3F860310393424BF8
:107080000493424B0593384B079301F0CBBC2A4B3A
:10709000D3F8603103933E4B04933E4B05932C4B46
:1070A000079301F0BFBC244BD3F860310393234B0B
:1070B0000493234B0593234B079301F0B3BC1E4B62
:1070C000D3F860310B3303931F4B04931F4B05938D
:1070D0001F4B079301F0A6BC174BD3F86031039305
:1070E0002D4B04932D4B05932D4B079301F09ABC28
:1070F000114BD3F864310393234B0493234B059333
:10710000194B079301F08EBC0B4BD3F864310393FA
:107110001F4B04931F4B05930D4B079301F082BC4B
:10712000054BD3F864310393044B0493044B05934C
:10713000044B079301F076BC801000200D2F02084D
:10714000152F0208F0E90020292F02082D2F020830
:10715000DCE90020B92F0208BD2F02089CE80020BE
:10716000D12F0208D52F020828E90020992F020804
:107170009D2F020800E9002034110020D92F0208B9
:10718000DD2F020860E800209137020851910208C3
:107190008937020869910208813702088191020843
:1071A000C8E900208C4BD3F864310B3303938B4B2D
:1071B00004938B4B05938B4B079301F033BC864BA9
:1071C000D3F864310393884B0493884B0593884B21
:1071D000079301F027BC804BD3F868310433039345
:1071E000844B0493844B0593844B079301F01ABCA2
:1071F000794BD3F8683106330393784B0493784B7B
:107200000593784B079301F00DBC7D4B03937D4BA9
:1072100004937D4B0593764B079301F003BC7B4BA6
:107220000393784B0493784B0593714B079301F0CC
:10723000F9BB774B0393734B0493734B05936C4BE0
:10724000079301F0EFBB734B03936E4B04936E4BAC
:107250000593674B079301F0E5BB6F4B0393694BB5
:107260000493694B0593624B079301F0DBBB6B4BB7
:107270000393644B0493644B05935D4B079301F0B8
:10728000D1BB674B03935F4B04935F4B0593584B04
:10729000079301F0C7BB634B03935A4B04935A4BBC
:1072A0000593534B079301F0BDBB5F4B0393554BC5
:1072B0000493554B05934E4B079301F0B3BB5B4BC7
:1072C0000393504B0493504B0593494B079301F0A4
:1072D000A9BB574B03934B4B04934B4B0593444B28
:1072E000079301F09FBB534B0393464B0493464BCC
:1072F00005933F4B079301F095BB4F4B0393414BD5
:107300000493414B05933A4B079301F08BBB4B4BD6
:1073100003934B4B04934B4B05934B4B079301F05B
:1073200081BB4A4B03934A4B04934A4B05934A4B08
:10733000079301F077BB494B0393284B0493284BE9
:107340000593284B079301F06DBB454B0393234BEB
:107350000493234B0593234B079301F063BB414BED
:1073600003931E4B04931E4B05931E4B079301F092
:1073700059BB3D4B0393194B0493194B0593194B80
:10738000079301F04FBB394B0393144B0493144BF9
:107390000593144B079301F045BB354B03930F4BFB
:1073A00004930F4B05930F4B079301F03BBB314BFD
:1073B00003930A4B04930A4B05930A4B079301F07E
:1073C00031BB2D4B0393054B0493054B0593054BA4
:1073D000079301F027BB00BF80100020292F02086F
:1073E0002D2F0208DCE90020813702088191020874
:1073F000C8E90020793702089591020828E90020A1
:10740000F8110020312F0208352F02080812002041
:1074100018120020281200203812002048120020E4
:1074200058120020681200207812002088120020D4
:1074300098120020A8120020B81200207815002011
:107440006D2F0208712F020850E900209C150020C2
:10745000812F0208852F02083CE90020AC1500208E
:10746000401300204113002042130020431300204A
:107470004413002045130020461300208B4B039338
:107480008B4B04938B4B05938B4B079301F0CABA3C
:107490008A4B03938A4B04938A4B05938A4B079339
:1074A00001F0C0BA894B0393814B0493814B059340
:1074B000814B079301F0B6BA854B0393854B049338
:1074C000854B0593854B079301F0ACBA804B039332
:1074D000834B0493834B0593804B079301F0A2BA2F
:1074E000814B0393764B0493764B0593764B07932E
:1074F00001F098BA7D4B0393714B0493714B059344
:10750000714B079301F08EBA794B03936C4B049344
:107510006C4B05936C4B079301F084BA754B039346
:10752000674B0493674B0593674B079301F07ABA57
:10753000714B0393624B0493624B0593624B079329
:1075400001F070BA6D4B03935D4B04935D4B059353
:107550005D4B079301F066BA694B0393584B049354
:10756000584B0593584B079301F05CBA654B039356
:10757000534B0493534B0593534B079301F052BA6B
:10758000614B03934E4B04934E4B05934E4B079325
:1075900001F048BA5D4B0393494B0493494B059363
:1075A000494B079301F03EBA594B0393444B049364
:1075B000444B0593444B079301F034BA554B039366
:1075C0003B4B04933B4B05933B4B079301F02ABA8B
:1075D000514B0393364B0493364B0593364B07932D
:1075E00001F020BA4D4B0393314B0493314B05937B
:1075F000314B079301F016BA494B0393304B049378
:10760000304B0593304B079301F00CBA454B039375
:107610002B4B04932B4B05932B4B079301F002BA92
:10762000414B0393264B0493264B0593264B07931C
:1076300001F0F8B93D4B0393214B0493214B059383
:10764000214B079301F0EEB9394B03931C4B049384
:107650001C4B05931C4B079301F0E4B9354B039386
:10766000174B0493174B0593174B079301F0DAB9A7
:10767000314B03930E4B04930E4B05930E4B079324
:1076800001F0D0B92D4B0393094B0493094B05939B
:10769000094B079301F0C6B9294B0393044B04939C
:1076A000044B0593044B079301F0BCB9471300202A
:1076B000292F02082D2F0208DCE9002048130020A2
:1076C0000D2F0208152F0208F0E900204C130020AE
:1076D000401300203D380208918F020828E900205D
:1076E00035380208AD8F02085413002058130020CB
:1076F0005C1300206013002064130020701300202E
:1077000074130020781300207C13002080130020C5
:107710008413002088130020891300208A1300207E
:107720008C13002090130020941300209813002045
:107730009C130020A0130020A4130020A5130020F8
:10774000A6130020934B0393934B0493934B059301
:10775000934B079301F066B9924B0393924B0493BA
:10776000924B0593924B079301F05CB9914B0393B5
:10777000894B0493894B0593894B079301F052B9C8
:107780008D4B0393844B0493844B0593844B079355
:1077900001F048B9894B03937F4B04937F4B0593CA
:1077A0007F4B079301F03EB9854B03937A4B0493CB
:1077B0007A4B05937A4B079301F034B9814B0393CD
:1077C000754B0493754B0593754B079301F02AB9DC
:1077D0007D4B0393704B0493704B0593704B079351
:1077E00001F020B9794B03936B4B04936B4B0593DA
:1077F0006B4B079301F016B9754B0393664B0493DB
:10780000664B0593664B079301F00CB9714B0393DC
:10781000614B0493614B0593614B079301F002B9EF
:107820006D4B03935C4B04935C4B05935C4B07934C
:1078300001F0F8B8694BD3F8083498330393684BD8
:107840000493684B0593684B079301F0EBB8634BC7
:10785000D3F8083490330393644B0493644B05933B
:10786000644B079301F0DEB85C4BD3F80834B033B7
:1078700003935B4B04935B4B05935B4B079301F0C6
:10788000D1B8564BD3F80834B4330393544B049314
:10789000544B0593544B079301F0C4B84F4BD3F8A6
:1078A0000834B83303934E4B04934E4B05934E4B21
:1078B000079301F0B7B8494BD3F80834C4330393A6
:1078C000474B0493474B0593474B079301F0AAB8E6
:1078D000424BD3F808345B692C330393404B049339
:1078E000404B0593404B079301F09CB83B4BD3F8BA
:1078F00008345B6930330393394B0493394B059358
:10790000394B079301F08EB8344BD3F808345B69D8
:1079100034330393244B0493244B0593244B079354
:1079200001F080B82D4BD3F808349B692C330393B6
:10793000314B0493314B0593314B079301F072B8EF
:10794000264BD3F808349B692C330393244B0493C0
:10795000244B0593244B079301F064B81F4BD3F8D5
:1079600008349B69303303931D4B04931D4B0593DF
:107970001D4B079301F056B8184BD3F808349B6998
:1079800034330393164B0493164B0593164B07930E
:1079900001F048B8A8130020312F0208352F020843
:1079A000C8E90020AC130020292F02082D2F02085F
:1079B000DCE90020B0130020B4130020B81300202D
:1079C000BC130020C0130020C4130020C8130020E3
:1079D000CC130020D0130020D413002080100020EE
:1079E0000D2F0208152F0208F0E90020892F020848
:1079F000912F020814E900202D380208C58F0208D3
:107A000028E90020984BD3F808349B693833039356
:107A1000964B0493964B0593964B079301F002B84F
:107A2000914BD3F808349B69403303938F4B0493F5
:107A30008F4B05938F4B079300F0F4BF8A4BD3F81D
:107A400008349B6944330393884B0493884B059314
:107A5000884B079300F0E6BF834BD3F808349B694B
:107A600048330393844B0493844B0593844B0793CF
:107A700000F0D8BF7C4BD3F80834DC3303937B4B46
:107A800004937B4B05937B4B079300F0CBBF764B66
:107A9000D3F8083403F5AE730393744B0493744B1B
:107AA0000593744B079300F0BDBF6F4BD3F80834B8
:107AB00003F5B07303936D4B04936D4B05936D4BBE
:107AC000079300F0AFBF684BD3F808341C3303931F
:107AD0006C4B04936C4B0593694B079300F0A2BF6A
:107AE000614BD3F8083420330393684B0493684BFD
:107AF0000593684B079300F095BF5B4BD3F80834B0
:107B000024330393594B0493594B0593594B0793D3
:107B100000F088BF544BD3F8083428330393534BF9
:107B20000493534B0593534B079300F07BBF4E4B8D
:107B3000D3F808341C330393574B0493574B0593E6
:107B40004C4B079300F06EBF474BD3F808341C33FF
:107B50000393534B0493534B0593464B079300F009
:107B600061BF414BD3F80834343303933F4B049344
:107B70003F4B05933F4B079300F054BF3A4BD3F86C
:107B8000083438330393484B0493484B0593484BD0
:107B9000079300F047BF344BD3F808343C330393CA
:107BA000324B0493324B0593324B079300F03ABFAC
:107BB0002D4BD3F80834403303932C4B04932C4BB8
:107BC00005932C4B079300F02DBF274BD3F80834B7
:107BD00044330393254B0493254B0593254B07937F
:107BE00000F020BF204BD3F80834503303931F4BD1
:107BF00004931F4B05931F4B079300F013BF1A4BC1
:107C0000D3F8083454330393184B0493184B05935B
:107C1000184B079300F006BF134BD3F808344833D2
:107C20000393124B0493124B0593124B079300F0EE
:107C3000F9BE0D4BD3F808341C3303931D4B04934A
:107C40001D4B05930B4B079300F0ECBE064BD3F88E
:107C5000083458330393054B0493054B0593054BA8
:107C6000079300F0DFBE00BF801000200D2F020838
:107C7000152F0208F0E90020292F02082D2F0208F5
:107C8000DCE9002025380208E98F0208992F020854
:107C90009D2F020800E900201D3802080590020807
:107CA000113802081D900208A12F0208A52F020812
:107CB000ECE800200538020835900208A04BD3F804
:107CC00008345C3303939F4B04939F4B05939F4B66
:107CD000079300F0A7BE9A4BD3F8083460330393A0
:107CE0009B4B04939B4B05939B4B079300F09ABED1
:107CF000934BD3F8083464330393924B0493924B21
:107D00000593924B079300F08DBE8D4BD3F808344A
:107D1000683303938B4B04938B4B05938B4B0793E7
:107D200000F080BE864BD3F808346C330393884B45
:107D30000493884B0593884B079300F073BE804BE8
:107D4000D3F808346D330393814B0493814B05932F
:107D5000814B079300F066BE794BD3F8083470333B
:107D60000393784B0493784B0593784B079300F07B
:107D700059BE734BD3F8083474330393714B049397
:107D8000714B0593714B079300F04CBE6C4BD3F8CD
:107D90000834783303936B4B04936B4B05936B4B15
:107DA000079300F03FBE664BD3F808347C3303934F
:107DB000644B0493644B0593644B079300F032BE0D
:107DC0005F4BD3F8B03303F563531C330393634B1A
:107DD0000493634B0593634B079300F023BE584B0A
:107DE000D3F8B03303F5635320330393554B049317
:107DF000554B0593554B079300F014BE504BD3F8E9
:107E0000B0330393584B0493584B05934F4B079350
:107E100000F008BE4A4BD3F8B03303F5645318336F
:107E20000393484B0493484B0593484B079300F04A
:107E3000F9BD434BD3F8B03303F564531C330393BC
:107E4000404B0493404B0593404B079300F0EABD31
:107E50003B4BD3F8B03303F564530C330393394BE6
:107E60000493394B0593394B079300F0DBBD344B3A
:107E7000D3F8B03303F564533E330393344B049388
:107E8000344B0593344B079300F0CCBD2C4BD3F807
:107E9000B03303F56453383303932A4B04932A4BCE
:107EA00005932A4B079300F0BDBD254BD3F8B033A3
:107EB00003F562532C330393224B0493224B059317
:107EC000224B079300F0AEBD1D4BD3F8B03303F542
:107ED0006253313303931E4B04931E4B05931E4B89
:107EE000079300F09FBD164BD3F8B03303F56253F0
:107EF00033330393164B0493164B0593164B07939A
:107F000000F090BD0E4BD3F8B03303F5625330331D
:107F100003930F4B04930F4B05930F4B079300F004
:107F200081BD074BD3F8B03303F56253323303936B
:107F3000074B0493074B0593074B079300F072BD63
:107F4000801000200D2F0208152F0208F0E90020F4
:107F5000292F02082D2F0208DCE90020A92F020892
:107F6000AD2F0208D8E80020F9370208599002081E
:107F70009B4BD3F8B033183303939A4B04939A4B2B
:107F800005939A4B079300F04DBD954BD3F8B03352
:107F900019330393964B0493964B0593964B079393
:107FA00000F040BD8E4BD3F8B0331C330393934B9A
:107FB0000493934B0593934B079300F033BD884B89
:107FC000D3F8B033203303938C4B04938C4B05933D
:107FD0008C4B079300F026BD814BD3F8B03324338C
:107FE0000393864B0493864B0593864B079300F0CF
:107FF00019BD7B4BD3F8B033303303937F4B0493DD
:108000007F4B05937F4B079300F00CBD744BD3F867
:10801000B03328330393794B0493794B0593794B11
:10802000079300F0FFBC6E4BD3F8B0332C330393AF
:10803000724B0493724B0593724B079300F0F2BCA2
:10804000674BD3F8B033343303936C4B04936C4BCE
:1080500005936C4B079300F0E5BC614BD3F8B0334C
:1080600038330393654B0493654B0593654B079336
:1080700000F0D8BC5A4BD3F8B0333C330393624B77
:108080000493624B0593624B079300F0CBBC544BB7
:10809000D3F8B03340330393584B0493584B0593B4
:1080A000584B079300F0BEBC4D4BD3F8B033183398
:1080B0000393584B0493584B0593584B079300F088
:1080C000B1BC474BD3F8B033503303934B4B0493BD
:1080D0004B4B05934B4B079300F0A4BC404BD3F89C
:1080E000B03348330393454B0493454B0593454BBD
:1080F000079300F097BC3A4BD3F8B03303F56253C3
:1081000034330393464B0493464B0593464B0793F6
:1081100000F088BC324BD3F8B03303F562533833E8
:108120000393364B0493364B0593364B079300F07D
:1081300079BC2B4BD3F8B03303F562533C33039334
:108140002E4B04932E4B05932E4B079300F06ABCE5
:10815000234BD3F8B03303F563530393304B0493AD
:10816000304B0593304B079300F05CBC1C4BD3F8AD
:10817000B033183303932D4B04932D4B0593214BB0
:10818000079300F04FBC164BD3F8B03303F562539E
:10819000183303931C4B04931C4B05931C4B079300
:1081A00000F040BC0E4BD3F8B03303F562531C33E0
:1081B0000393124B0493124B0593124B079300F059
:1081C00031BC074BD3F8B03303F56253203303932C
:1081D0000A4B04930A4B05930A4B079300F022BC09
:1081E00080100020E937020875900208C4E80020DA
:1081F000B12F0208B52F0208B0E800200D2F0208A9
:10820000152F0208F0E90020292F02082D2F02085F
:10821000DCE90020E13702088D90020800E9002027
:10822000B92F0208BD2F02089CE80020D9370208A8
:10823000AD900208924BD3F8B03303F56253283364
:108240000393904B0493904B0593904B0793E9E372
:108250008B4BD3F8B03303F56353043303938C4B48
:1082600004938C4B05938C4B0793DBE3844BD3F83F
:10827000B03303F5635308330393854B0493854B65
:108280000593854B0793CDE37D4BD3F8B03303F5CE
:108290006353103303937E4B04937E4B05937E4BC5
:1082A0000793BFE3764BD3F8B03303F563530C3336
:1082B0000393774B0493774B0593774B0793B1E385
:1082C0006F4BD3F8B03303F5645328330393704BEB
:1082D0000493704B0593704B0793A3E3684BD3F85B
:1082E000B03303F564532C330393694B0493694B08
:1082F0000593694B079395E3614BD3F8B03303F5CE
:10830000645330330393624B0493624B0593624B87
:10831000079387E35A4BD3F8B03303F564533433F0
:1083200003935B4B04935B4B05935B4B079379E3A0
:10833000534BD3F8B03304330393554B0493554B4D
:108340000593554B07936DE34D4BD3F8B03308338A
:1083500003934C4B04934C4B05934C4B079361E3B5
:10836000474BD3F8B033103303934C4B04934C4B2F
:1083700005934C4B079355E3414BD3F85C338C3357
:108380000393494B0493494B0593494B079349E3A6
:108390003B4BD3F85C33C8330393464B0493464BB3
:1083A0000593464B07933DE3354BD3F85C333433A9
:1083B0000393434B0493434B0593434B079331E3A0
:1083C0002F4BD3F85C3334330393404B0493404B2F
:1083D00005932E4B079325E3294BD3F85C33543395
:1083E00003932B4B04932B4B05932B4B079319E3D0
:1083F000234BD3F85C3360330393224B0493224B1B
:108400000593224B07930DE31D4BD3F85C333433B4
:108410000393304B0493304B05931C4B079301E3BC
:10842000174BD3F85C33343303932C4B04932C4B0E
:1084300005932C4B0793F5E2114BD3F85C33503383
:1084400003931C4B04931C4B05931C4B0793E9E2CD
:108450000B4BD3F85C3348330393164B0493164B02
:108460000593164B0793DDE2054BD3F85C334C3391
:108470000393074B0493074B0593074B0793D1E2F4
:1084800080100020292F02082D2F0208DCE900208F
:108490000D2F0208152F0208F0E90020312F0208E5
:1084A000352F0208C8E90020C12F0208C52F020895
:1084B00088E80020992F02089D2F020800E900207B
:1084C000C92F0208CD2F020874E80020CD3702081A
:1084D000C9900208C1370208E9900208B5370208BE
:1084E0000591020828E900208C4BD3F85C335C33FB
:1084F00003938B4B04938B4B05938B4B079391E228
:10850000864BD3F85C3334330393884B0493884B06
:108510000593884B079385E2804BD3F85C33613336
:108520000393854B0493854B0593824B079379E224
:108530007A4BD3F85C3334330393814B0493814BF0
:108540000593814B07936DE2744BD3F85C3338335A
:1085500003937E4B04937E4B05937B4B079361E221
:108560006E4BD3F85C333C330393784B0493784BD6
:108570000593754B079355E2684BD3F85C33403352
:108580000393724B0493724B05936F4B079349E22D
:10859000624BD3F85C3363330393674B0493674BAD
:1085A0000593644B07933DE25C4BD3F85C33643333
:1085B0000393684B0493684B0593684B079331E230
:1085C000564BD3F85C33653303935B4B04935B4B9F
:1085D0000593584B079325E2504BD3F85C33823315
:1085E00003935F4B04935F4B05935F4B079319E233
:1085F0004A4BD3F85C3384330393594B0493594B60
:108600000593594B07930DE2444BD3F85C33043385
:108610000393434B0493434B0593434B079301E26E
:10862000524B0393494B0493494B0593464B079395
:10863000F8E13A4BD3F8AC33103303934C4B04932B
:108640004C4B05934C4B0793ECE1344BD3F8AC33D4
:10865000043303933D4B04933D4B05933A4B0793EF
:10866000E0E12E4BD3F8AC3308330393374B04933C
:10867000374B0593344B0793D4E1284BD3F8AC33F5
:108680000C330393314B0493314B05932E4B0793DB
:10869000C8E1224BD3F80C34043303932B4B0493DF
:1086A0002B4B0593284B0793BCE11C4BD3F80C34A0
:1086B00008330393254B0493254B0593224B0793D3
:1086C000B0E1164BD3F80C340C3303931F4B0493D7
:1086D0001F4B05931C4B0793A4E1104BD3F81034A8
:1086E0000393264B0493264B05931F4B079399E165
:1086F0000A4BD3F810340393224B0493224B059377
:108700000C4B07938EE1054BD3F8103403930F4BBA
:1087100004930F4B05930C4B079383E180100020CB
:10872000992F02089D2F020800E90020A9370208AE
:1087300021910208DCE90020292F02082D2F0208D0
:108740009D3702083D910208F0E900200D2F020834
:10875000152F0208B92F0208BD2F02089CE800203F
:10876000D12F0208D52F020828E90020E4130020A9
:10877000D92F0208DD2F020860E800209137020897
:108780005191020889370208699102087B4BD3F89E
:1087900010340B3303937A4B04937A4B05937A4B43
:1087A00007933FE1754BD3F810340393774B049351
:1087B000774B0593774B079334E1704BD3F8143420
:1087C0000393754B0493754B0593754B079329E100
:1087D0006A4BD3F814340393724B0493724B059392
:1087E000694B07931EE1654BD3F8143403936F4B29
:1087F00004936F4B05936F4B079313E15F4BD3F8D3
:1088000014340B3303935E4B04935E4B05935E4B22
:10881000079307E1594BD3F8143403935B4B04934C
:108820005B4B05935B4B0793FCE0544BD3F8183438
:1088300004330393604B0493604B0593584B0793A9
:10884000F0E04E4BD3F81834063303934C4B0493AB
:108850004C4B05934C4B0793E4E0594B0393594B16
:108860000493594B05934B4B0793DBE0574B039312
:10887000544B0493544B0593464B0793D2E0544B0F
:108880000393504B0493504B0593424B0793C9E01D
:10889000504B03934B4B04934B4B05933D4B07932A
:1088A000C0E04D4B0393474B0493474B0593394B23
:1088B0000793B7E0494B0393424B0493424B059314
:1088C000344B0793AEE0464B03933E4B04933E4B31
:1088D0000593304B0793A5E0424B0393394B049328
:1088E000394B05932B4B07939CE03F4B0393354B40
:1088F0000493354B0593274B079393E03B4B03932E
:10890000304B0493304B0593224B07938AE0384B4E
:1089100003932C4B04932C4B05931E4B079381E040
:10892000344B0393274B0493274B0593194B079321
:1089300078E0314B0393234B0493234B0593154B62
:1089400007936FE02D4B03932D4B04932D4B059311
:108950002D4B079366E02D4B03931A4B04931A4B50
:1089600005930C4B07935DE0294B0393244B049331
:10897000244B0593244B079354E000BF8010002044
:10898000292F02082D2F0208DCE900208137020878
:1089900081910208C8E9002091370208519102082C
:1089A00028E9002089370208699102080D2F020882
:1089B000152F0208F0E90020793702089591020886
:1089C000A8140020312F0208352F0208B814002007
:1089D000C8140020D8140020E8140020F814002047
:1089E0000815002018150020281500203815002033
:1089F000481500205815002068150020CCA3002041
:108A0000992F02089D2F020800E90020D4A300201E
:108A1000E0A300200F4B03930F4B04930F4B0593E0
:108A20000F4B0793079800283CF470AA0D4A0E4993
:108A30006FF001030FF050FA00283CF467AA0368B6
:108A4000B0EE480A1B6803A9984709B0BDEC028B39
:108A50005DF804FBE8A30020B92F0208BD2F02082F
:108A60009CE80020E4C10308A0C1030830B583B02E
:108A70000446D0E90003ADF8041098479DF805308E
:108A8000054623B1A3689DF804102068984728463E
:108A900003B030BD37B510460D4601AA0B49D7F7D4
:108AA0002DFD012801D000200DE0019B8DF805006F
:108AB000003B18BF01238DF8043004460199284675
:108AC000FFF7D4FF204603B030BD00BF8CC10308C0
:108AD000A0F10400DEE700BF13B5B5EEC00AF1EE69
:108AE00010FAACBF0123002301248DF804308DF867
:108AF000054008460199FFF7B9FF204602B010BDB6
:108B000030B583B00446D0E90003ADF804109847AF
:108B10009DF80530054623B1A3689DF80410206830
:108B20009847284603B030BD37B500230D461046A0
:108B30000DF103018DF80330FAF712FC044650B131
:108B40009DF803308DF8043001238DF8053001992C
:108B50002846FFF7D5FF204603B030BDA0F1040042
:108B6000E2E700BF30B583B00446D0E90003ADF8BA
:108B7000041098479DF80530054623B1A3689DF879
:108B8000041020689847284603B030BD37B500234D
:108B90000D4610460DF103018DF80330FAF7E0FBA6
:108BA000044650B19DF803308DF8043001238DF850
:108BB000053001992846FFF7D5FF204603B030BDA8
:108BC000A0F10400E2E700BFD1E900231BB193420A
:108BD00001D80020704710700B68012003440B601F
:108BE000704700BF30B583B00446D0E90003ADF84C
:108BF000041098479DF80530054623B1A3689DF8F9
:108C0000041020689847284603B030BD37B50023CC
:108C10000D4610460DF103018DF80330FAF7A0FB65
:108C2000044650B19DF803308DF8043001238DF8CF
:108C3000053001992846FFF7D5FF204603B030BD27
:108C4000A0F10400E2E700BF30B583B00446D0E9EC
:108C50000003ADF8041098479DF80530054623B190
:108C6000A3689DF8041020689847284603B030BDDB
:108C700037B500230D4610460DF103018DF8033082
:108C8000FAF76EFB044650B19DF803308DF80430BE
:108C900001238DF8053001992846FFF7D5FF2046BE
:108CA00003B030BDA0F10400E2E700BF30B583B0EF
:108CB0000446D0E90003ADF8041098479DF805304C
:108CC000054623B1A3689DF80410206898472846FC
:108CD00003B030BD37B500230D4610460DF103013A
:108CE0008DF80330FAF73CFB044650B19DF8033091
:108CF0008DF8043001238DF8053001992846FFF7DF
:108D0000D5FF204603B030BDA0F10400E2E700BF6C
:108D100030B583B00446D0E90003ADF8041098479D
:108D20009DF80530054623B1A3689DF8041020681E
:108D30009847284603B030BD37B500230D4610468E
:108D40000DF103018DF80330FAF70AFB044650B128
:108D50009DF803308DF8043001238DF8053001991A
:108D60002846FFF7D5FF204603B030BDA0F1040030
:108D7000E2E700BF30B583B00446D0E90003ADF8A8
:108D8000041098479DF80530054623B1A3689DF867
:108D9000041020689847284603B030BD37B500233B
:108DA0000D4610460DF103018DF80330FAF7D8FA9D
:108DB000044650B19DF803308DF8043001238DF83E
:108DC000053001992846FFF7D5FF204603B030BD96
:108DD000A0F10400E2E700BF30B583B00446D0E95B
:108DE0000003ADF8041098479DF80530054623B1FF
:108DF000A3689DF8041020689847284603B030BD4A
:108E000037B500230D4610460DF103018DF80330F0
:108E1000FAF7A6FA044650B19DF803308DF80430F5
:108E200001238DF8053001992846FFF7D5FF20462C
:108E300003B030BDA0F10400E2E700BF30B583B05D
:108E40000446D0E90003ADF8041098479DF80530BA
:108E5000054623B1A3689DF804102068984728466A
:108E600003B030BD37B500230D4610460DF10301A8
:108E70008DF80330FAF774FA044650B19DF80330C8
:108E80008DF8043001238DF8053001992846FFF74D
:108E9000D5FF204603B030BDA0F10400E2E700BFDB
:108EA00030B583B00446D0E90003ADF8041098470C
:108EB0009DF80530054623B1A3689DF8041020688D
:108EC0009847284603B030BD37B500230D461046FD
:108ED0000DF103018DF80330FAF742FA044650B160
:108EE0009DF803308DF8043001238DF80530019989
:108EF0002846FFF7D5FF204603B030BDA0F104009F
:108F0000E2E700BF30B583B00446D0E90003ADF816
:108F1000041098479DF80530054623B1A3689DF8D5
:108F2000041020689847284603B030BD37B50023A9
:108F30000D4610460DF103018DF80330FAF710FAD3
:108F4000044650B19DF803308DF8043001238DF8AC
:108F5000053001992846FFF7D5FF204603B030BD04
:108F6000A0F10400E2E700BF0B4611469868F9F74C
:108F700003BE000008B50A4601460020FFF7F4FFD3
:108F800008BD00BFD1F89800CA81F0F789BC000085
:108F900008B50A4601460020FFF7F4FF08BD00BFF0
:108FA000D1F898000A82F0F77BBC000008B50A46A9
:108FB00001460020FFF7F4FF08BD00BF086A0A82DF
:108FC000F2F766BE08B50A4601460020FFF7F6FF35
:108FD00008BD00BF4B6E0A7093F89E2002B91A7F3D
:108FE00083F89E207047000008B50A46014600201D
:108FF000FFF7F0FF08BD00BF486E81ED040AF1F7EE
:1090000043BE000008B501460020FFF7F5FF08BD8C
:10901000486E81ED050AF1F737BE000008B501463C
:109020000020FFF7F5FF08BD486E81ED0C0AF1F74F
:109030002BBE000008B501460020FFF7F5FF08BD74
:1090400010B50C46084604F54054F4F71FFC012304
:1090500084F83C3910BD000008B501460020FFF738
:10906000EFFF08BD0A7001F54051D1F8BC08F4F7D4
:1090700043BC000008B50A4601460020FFF7F2FF96
:1090800008BD00BF02B9CA6ACA62704708B50A467D
:1090900001460020FFF7F6FF08BD00BF81ED0D0A75
:1090A00001F54051D1F8BC08F4F756BC08B50146AB
:1090B0000020FFF7F3FF08BD0B4681F82420586D10
:1090C0000021F2F7B5BF000008B50A4601460020AE
:1090D000FFF7F2FF08BD00BF0B4681F82E20586D48
:1090E0000021F2F7A5BF000008B50A46014600209E
:1090F000FFF7F2FF08BD00BF486DA1F84C20F3F761
:1091000049BD000008B50A4601460020FFF7F4FFFC
:1091100008BD00BF486D81F82520F2F7D7BF0000D9
:1091200008B50A4601460020FFF7F4FF08BD00BF5E
:10913000486D81ED040AF2F79BBF000008B50146B7
:109140000020FFF7F5FF08BDC8680A81F4F722B9CF
:1091500008B50A4601460020FFF7F6FF08BD00BF2C
:10916000C8688A72F4F716B908B50A4601460020A5
:10917000FFF7F6FF08BD00BFC8684A60F4F70AB9F8
:1091800008B50A4601460020FFF7F6FF08BD00BFFC
:109190000A80704708B50A4601460020FFF7F8FF2D
:1091A00008BD00BF034607C94FF0010C83E8070064
:1091B00083F80CC018467047034607C94FF0010CEE
:1091C00083E8070083F80CC018467047034607C9B8
:1091D0004FF0010C83E8070083F80CC01846704775
:1091E000034607C94FF0010C83E8070083F80CC061
:1091F00018467047034607C94FF0010C83E8070083
:1092000083F80CC018467047034607C94FF0010C9D
:1092100083E8070083F80CC018467047034607C967
:109220004FF0010C83E8070083F80CC01846704724
:10923000037B8AB07BB107C807AB0DF1100C83E844
:1092400007008CE80700DDED050A9DED061A9DED8F
:10925000040A0AB0704707C904AB83E80700F2E7C5
:109260007FB500236946A030009301930293FFF776
:10927000DFFFB0EE410A07B05DF804FBFFF7F0BF77
:109280007FB500236946A030009301930293FFF756
:10929000CFFFB0EE600A07B05DF804FBFFF7F0BF48
:1092A0007FB500236946A030009301930293FFF736
:1092B000BFFF07B05DF804FBFFF7F2BF037A84B08D
:1092C0004BB103C804AB03E90300DDED030A9DEDD8
:1092D000020A04B0704703C904AB03E90300DDEDE3
:1092E000030A9DED020A04B0704700BF1FB50023BA
:1092F0006946803000930193FFF7E0FFB0EE600A0B
:1093000005B05DF804FB0000FFF7F0BF1FB50023B8
:109310006946803000930193FFF7D0FF05B05DF8F8
:1093200004FB0000FFF7F2BF1FB500236946583069
:1093300000930193FFF7C2FFB0EE600A05B05DF83D
:1093400004FB0000FFF7F0BF1FB50023694658304B
:1093500000930193FFF7B2FF05B05DF804FB000036
:10936000FFF7F2BF1FB5002369464C30009301930D
:10937000FFF7A4FFB0EE600A05B05DF804FB000043
:10938000FFF7F0BF1FB5002369464C3000930193EF
:10939000FFF794FF05B05DF804FB0000FFF7F2BF94
:1093A0001FB500236946083000930193FFF786FF3D
:1093B000B0EE600A05B05DF804FB0000FFF7F0BFF7
:1093C0001FB500236946083000930193FFF776FF2D
:1093D00005B05DF804FB0000FFF7F2BF034607C9C4
:1093E0004FF0010C83E8070083F80CC01846704763
:1093F000034607C94FF0010C83E8070083F80CC04F
:10940000184670472DE9F0410D4690B014460026ED
:10941000B0F5477F09F2DF80DFE810F01D03240379
:10942000590363036D03770381038B0395039F0344
:10943000A903B303BD03C703E103EB03F403FD0377
:1094400006040F04180421042A0434043E044904C9
:1094500052045B0473047C0485048E04E004E90474
:10946000F204FB0415051E05270530054A055305C2
:109470005C0565057F05880591059A05A305AC0582
:10948000B505BE05C705D005D905E205EB05F40510
:10949000FD0506060F06180621062A0633063E06B7
:1094A0004A065606AE06BA06C606D206DB06E4062D
:1094B000ED06FD061707200743075D0781079B0799
:1094C000A407BC07D407EC07060854086E088608F2
:1094D0009E08B608CE08E608FE08180932094A09AF
:1094E00064097E099609B009F809120A2C0A460A8D
:1094F000610A7B0A950AB00ACA0AE40AFC0A140B3C
:109500002C0B440B5C0BA20BBA0BD20BEA0B020C1C
:109510001A0C320C4A0C620C7A0C920CAD0CC70C73
:10952000E10CFC0C400D5A0D750D8F0DA90DC40DED
:10953000DE0DF80D110E1A0E230E2C0E3D0E540EDC
:109540006C0E840E9C0EF00E080F200F380F500F7B
:10955000680F820F9A0FB00FC60FE00FFA0F1410AA
:109560002E1048108E10A810C210DC10F61010112A
:1095700028114011581172118C11A611C011DA1165
:10958000F41132124A1262127C129412AE12C812F4
:10959000E212FC12161330134A1364137E1398134D
:1095A000E013FC13081414141F142A143514521455
:1095B0006F148C149814B514C214CF14DC14E9146D
:1095C0000715251541154E158415A215C015DE1574
:1095D000FC151A163816541660166C168916951650
:1095E000A116AD16B916C516D116DD16E916F61672
:1095F000031730174E176C177917861792179E1797
:10960000B917D617F31710182D184A1867188118AC
:109610009E18DA18F718141931194E196B19881990
:10962000A519C019DD19FA19151A301A5C1A791A18
:10963000961AB31ACF1AEE1A0A1B291B481B561B7F
:10964000641B721B801B9F1BBC1BF21B111C2E1C5E
:109650004B1C681C851C9F1CB91CD61CF31C101DC0
:109660002D1D4A1D7A1D971DB41DCF1DEC1D091E11
:10967000261E431E601E7F1E9E1EBA1ED71EE31EA0
:10968000181F261F451F641F721F8F1FAE1FCD1F7F
:10969000EC1F0B202A204920682087209420B0202E
:1096A000C820E520002105210A211621252142217B
:1096B0004E21662172217E218A219621A221AD218F
:1096C000B821C421CF21DB21E721F321FE210A2289
:1096D0001622332266227E229922B622D122EC2241
:1096E000052322233F235C2379239423AF23CC2318
:1096F00010242D244A24652480249B24B424CD24C2
:10970000D724F424FD2406250F25182521253B25E3
:10971000552560256C257725B225CF25EC25092612
:10972000262643266026692681269B26B726D22632
:10973000EE26F7260F2740275C2777279327AC27AD
:10974000C727CF27D527DE27E727F0270A281328A2
:109750001C2825283F28482851285A2874287D2865
:1097600086288F28A928B228F82801291B2924290E
:109770002D2936295029592962296B2985298E29B5
:109780009729A029BA29C329CC29D529EF29F82955
:10979000012A0A2A242A2D2A362A3F2A592A622AED
:1097A0006B2AB42ACE2AD72AE02AE92A032B082BCF
:1097B000212B292B322B3B2B442B5B2B732B8B2BFD
:1097C000A32BBB2BD32BEB2B032C1B2C6E2C882C0D
:1097D000A02CB62CCC2CE62C002D1A2D342D4E2D81
:1097E000682D822D9C2DB62DD02D162E2E2E462E78
:1097F0005E2E782E922EAC2EC62EE02EFA2E122F32
:109800002A2F422F5C2F742FB82FD22FEC2F063027
:1098100020303A3054306E308830A230BF30DB30E8
:10982000E530EF30FA3005311031543171318E317D
:109830009A31B731C431D131DE31EB3109322732BF
:10984000433250326A328832A632D432F232103386
:109850002E334A33563362337F338B339733A333FC
:10986000AF33BB33C733D333DF33EC33F933063491
:10987000243442344F347C3488349434AF34CC3480
:10988000E9340635233540355D3577359435B135C6
:10989000CE35EB35243641365E367B369836B336D8
:1098A000D036ED360837233740375D377A37A6375D
:1098B000C237E137FD371C383B38493857386538EF
:1098C00071389038AD38CC38EB3808393A395739D7
:1098D00074398E39A839C539E239FF391C3A393A19
:1098E000563A733A903AAB3ADA3AF73A143B313B8C
:1098F0004E3B6D3B8C3BA83BC53BD13BEE3BFA3B23
:10990000193C383C463C7E3C9D3CBC3CDB3CFA3C34
:10991000193D383D573D763D833D913DA93DC63DBE
:10992000E13DE63DF13DFD3D183E353E413E593EAF
:10993000633E6D3E793E853E913E9C3EA73EB33EE2
:10994000BE3ECA3ED63EE03EEB3EF73E033F203FE2
:109950002C3F443F5F3F7C3FC23FDD3FF63F13401B
:1099600030404D406A408540A040BD40DA40F7405D
:1099700014412F416C418741A041B941C341E041AD
:10998000E941F241FB4104420D42274241424C422F
:10999000584263426E428B42A842C5420E432B435B
:1099A00048435143694383439F43BA43D643DF430C
:1099B000F74311442D44484464449844B344B844A4
:1099C000BD44C644CF44D844F144FA4403450C4551
:1099D00025452E4537454045594562456B457445FB
:1099E0008D4596459F45A845C145CA45D345DC45AB
:1099F000F545FE45074652466B4674467D4686460B
:109A00009F46A846B146BA46D346DC46E546EE46F2
:109A100007471047194722473B4744474D4756479A
:109A20006F47784781478A47A347AB47F2470B48C0
:109A3000144826483F4848484F4855485A485F48C8
:109A400064486C4885488E489748AE48B748BE4839
:109A5000C748CF48D8481146284610B0BDE8F04165
:109A6000EEF796BBD1E90031374609B18B420DD2F2
:109A70001A4612F8010B2A6009B1914206D95F78A3
:109A8000023340EA07272B60012600E00026B74892
:109A9000F9F730FA05461EB1B4483946F9F72CFA01
:109AA000D4E9002323B19A4202D3002008F096BDE6
:109AB00015702268511C21600BB18B42F5D92D1213
:109AC0005570236801332360012008F087BDA84842
:109AD000A849C06B1346012210B0BDE8F041FAF767
:109AE000F3B9A348A349006C1346012210B0BDE8A6
:109AF000F041FAF7E9B99E489F49406C13460122AC
:109B000010B0BDE8F041FAF701BA99489949806C64
:109B10001346012210B0BDE8F041FAF7D5B99448D8
:109B20009449C06C1346012210B0BDE8F041FAF729
:109B3000CBB98F488F49006D1346012210B0BDE8A4
:109B4000F041FAF7C1B98A488A49406D13460122AB
:109B500010B0BDE8F041FAF7B7B985488749806D84
:109B60001346012210B0BDE8F041FAF7AFB88048C3
:109B70008249C06D1346012210B0BDE8F041FAF7EA
:109B8000A5B87B487C49006E1346012210B0BDE8A1
:109B9000F041FAF7BBB976487649406E1346012288
:109BA00010B0BDE8F041FAF78FB9754B08930CAED1
:109BB000744B099308A9744B0A933046FFF7F2FAE5
:109BC00000238DF81C30DDE90601CDE902548DE853
:109BD000030096E80F00FAF733FA08F0FFBC644878
:109BE0006A49C06E1346012210B0BDE8F041FAF791
:109BF0002BB8674967481346012210B0BDE8F04111
:109C0000FAF750B8624964481346012210B0BDE823
:109C1000F041FAF747B85E4960481346012210B098
:109C2000BDE8F041FAF73EB859495D4813460122B4
:109C300010B0BDE8F041FAF735B855495948134618
:109C4000012210B0BDE8F041FAF72CB8504956484F
:109C50001346012210B0BDE8F041FAF723B84C4991
:109C600052481346012210B0BDE8F041FAF71AB885
:109C70003F484249806F1346012210B0BDE8F041D1
:109C8000FAF724B83A483D49C06F1346012210B094
:109C9000BDE8F041FAF71AB835483649D0F88000E7
:109CA0001346012210B0BDE8F041FAF70DB9324970
:109CB0003F481346012210B0BDE8F041FAF726B93B
:109CC0002D493C481346012210B0BDE8F041FAF797
:109CD0001DB9394B08930CAE384B099308A9384B82
:109CE0000A933046FFF768FACDE901540023ADF836
:109CF0000030ADF8183096E80F00FAF7A3F808F036
:109D00006DBC1D492F481346012210B0BDE8F0413B
:109D1000FAF7FCB818492C481346012210B0BDE8E8
:109D2000F041FAF7F3B8144928481346012210B05D
:109D3000BDE8F041FAF7EAB8254B08930CAE254B85
:109D4000099308A9244B0A933046FFF73FFA0023F2
:109D50008DF81C30DDE90601CDE902548DE80300E1
:109D600096E80F00FAF726F908F038BC00A40020A6
:109D7000C8A30020FD2E0208052F0208092F0208A3
:109D800030A400200D2F0208152F02081D2F0208F5
:109D9000252F020838A4002039A400203AA400206E
:109DA0003BA400203CA400203DA400203EA40020B1
:109DB000C4E60020C8E60020CCE60020292F0208D7
:109DC0002D2F0208D0E60020D4E60020D8E600209F
:109DD000DCE60020312F0208352F0208C049C148B7
:109DE0001346012210B0BDE8F041FAF78FB8BC4924
:109DF000BD481346012210B0BDE8F041FAF786B81D
:109E0000B749BA481346012210B0BDE8F041FAF74D
:109E10007DB8B74B08930CAEB64B099308A9B64B67
:109E20000A933046FFF7D2F900238DF81C30DDE9A4
:109E30000601CDE902548DE8030096E80F00FAF719
:109E4000B9F808F0CBBBA649AC481346012210B0C4
:109E5000BDE8F041FAF75AB8A149A94813460122D2
:109E600010B0BDE8F041FAF751B89D49A548134636
:109E7000012210B0BDE8F041FAF748B8A24B0893B0
:109E80000CAE9C4B099308A99B4B0A933046FFF7F5
:109E90009DF900238DF81C30DDE90601CDE902545F
:109EA0008DE8030096E80F00FAF784F808F096BBF7
:109EB0008B4996481346012210B0BDE8F041FAF7ED
:109EC00025B8874992481346012210B0BDE8F041F9
:109ED000FAF71CB882498F481346012210B0BDE83A
:109EE000F041FAF713B88C4B08930CAE814B0993F1
:109EF00008A9814B0A933046FFF768F900238DF8D3
:109F00001C30DDE90601CDE902548DE8030096E836
:109F10000F00FAF74FF808F061BB71497F4813460C
:109F2000012210B0BDE8F041F9F7F0BF6C497C4860
:109F30001346012210B0BDE8F041F9F7E7BF6849C8
:109F400078481346012210B0BDE8F041F9F7DEBFB2
:109F5000634975481346012210B0BDE8F041F9F796
:109F6000D5BF5F4971481346012210B0BDE8F041EA
:109F7000F9F7CCBF5A496E481346012210B0BDE82C
:109F8000F041F9F7C3BF56496A481346012210B0A1
:109F9000BDE8F041F9F7BABF5149674813460122BD
:109FA00010B0BDE8F041F9F7B1BF4D496348134621
:109FB000012210B0BDE8F041F9F7A8BF4849604858
:109FC0001346012210B0BDE8F041F9F79FBF4449A4
:109FD0005C481346012210B0BDE8F041F9F796BF86
:109FE0003F4959481346012210B0BDE8F041F9F746
:109FF0008DBF3B4955481346012210B0BDE8F041E2
:10A00000F9F784BF364952481346012210B0BDE823
:10A01000F041F9F77BBF4F494F481346012210B07A
:10A02000BDE8F041F9F766BE4A494C4813460122A3
:10A0300010B0BDE8F041F9F75DBE46494848134607
:10A04000012210B0BDE8F041F9F754BE414945483E
:10A050001346012210B0BDE8F041F9F74BBE3D496F
:10A0600041481346012210B0BDE8F041F9F742BE65
:10A0700038493E481346012210B0BDE8F041F9F7D7
:10A0800039BE3B481649D0F8D8001346012210B01B
:10A09000BDE8F041F9F73ABF354B1149D3F8D80084
:10A0A00013460430012210B0BDE8F041F9F72EBF8D
:10A0B0002F4B0B49D3F8D80013460830012210B0BB
:10A0C000BDE8F041F9F722BF29482A49D0F8DC0061
:10A0D0001346012210B0BDE8F041F9F7E3BD00BF1F
:10A0E000052F0208E0E60020E4E60020E8E6002074
:10A0F000ECE60020312F0208352F0208F0E60020A0
:10A10000F4E60020F8E60020FCE6002000E700204E
:10A1100004E7002008E700200CE7002050A40020FE
:10A1200054A4002058A400205CA4002060A40020B7
:10A1300068A4002064A400206CA4002070A4002067
:10A1400074A4002078A400207CA4002080A4002017
:10A1500084A40020392F020888A400208CA40020A9
:10A1600090A4002094A4002098A400209CA4002087
:10A17000C8A30020252F0208B84BB949D3F8DC004A
:10A1800013460430012210B0BDE8F041F9F7BEBE1D
:10A19000B24BB349D3F8DC0013460830012210B0AB
:10A1A000BDE8F041F9F7B2BEAC4BAD49D3F8DC00E5
:10A1B00013460C30012210B0BDE8F041F9F7A6BEFD
:10A1C000A749A8481346012210B0BDE8F041F9F7AD
:10A1D0009DBEA549A5481346012210B0BDE8F04137
:10A1E000F9F774BD9E49A2481346012210B0BDE89C
:10A1F000F041F9F78BBE994AD2F8E430B3F5805FAD
:10A2000036BF02EB83039B4BD3F8FC30C2F8E83037
:10A21000012008F0E3B9984B08930CAE974B0993D3
:10A2200008A9974B0A933046FEF7D0FF00238DF81C
:10A230001C30DDE90601CDE902548DE8030096E803
:10A240000F00F9F7B7FE08F0C9B98E498E481346DA
:10A25000012210B0BDE8F041F9F736BED1E9003275
:10A260000AB1934204D213F8016B2B60012700E07E
:10A2700000278648F8F762FE05461FB1834831463D
:10A28000F8F75EFED4E900320AB1934206D21D709F
:10A29000236801332360012008F0A0B9002008F0F2
:10A2A0009DB97B4B08930CAE7A4B099308A97A4B66
:10A2B0000A933046FEF78AFF00238DF81C30DDE953
:10A2C0000601CDE902548DE8030096E80F00F9F786
:10A2D00071FE08F083B9D1E900320AB1934204D289
:10A2E00013F8018B2B60012601E0B04600266B4875
:10A2F000F8F728FE05461EB168484146F8F724FEE7
:10A30000D4E900320AB1934206D21D7023680133AA
:10A310002360012008F062B9002008F05FB9604BAB
:10A3200008930CAE554B099308A9554B0A93304638
:10A33000FEF74CFF00238DF81C30DDE90601CDE966
:10A3400002548DE8030096E80F00F9F733FE08F099
:10A3500045B9454953481346012210B0BDE8F041C4
:10A36000F9F7B4BC504B08930CAE504B099308A9B5
:10A370004F4B0A933046FEF71FFFCDE901540023EF
:10A38000ADF80030ADF8183096E80F00F9F75AFD37
:10A3900008F024B9474B08930CAE444B099308A925
:10A3A000434B0A933046FEF707FFCDE901540023E3
:10A3B000ADF80030ADF8183096E80F00F9F742FD1F
:10A3C00008F00CB93C4B08930CAE384B099308A924
:10A3D000374B0A933046FEF7EFFECDE901540023D8
:10A3E000ADF80030ADF8183096E80F00F9F72AFD07
:10A3F00008F0F4B8314B08930CAE204B099308A930
:10A400001F4B0A933046FEF7E1FE00238DF81C3007
:10A41000DDE90601CDE902548DE8030096E80F005E
:10A42000F9F7C8FD08F0DAB8254B08930CAE134BCA
:10A43000099308A9124B0A933046FEF7C7FE002382
:10A440008DF81C30DDE90601CDE902548DE80300EA
:10A4500096E80F00F9F7AEFD08F0C0B8C8A30020D9
:10A46000052F0208B4E60020092F0208B8E60020F4
:10A47000B4A400200000C07FACA40020312F02084B
:10A48000352F0208FD2E0208B0A40020D0E40020E1
:10A49000D4E40020C53A0208A14C0208D8E4002008
:10A4A000BCE6002010E7002075E50020292F0208F7
:10A4B0002D2F020876E5002077E5002078E50020C2
:10A4C0007CE50020BA4B08930CAEBA4B099308A95F
:10A4D000B94B0A933046FEF779FE00238DF81C3005
:10A4E000DDE90601CDE902548DE8030096E80F008E
:10A4F000F9F760FD08F072B8B04B08930CAEB04BA2
:10A50000099308A9AF4B0A933046FEF755FECDE9F3
:10A5100001540023ADF80030ADF8183096E80F0074
:10A52000F9F790FC08F05AB8A74B08930CAEA44B6F
:10A53000099308A9A34B0A933046FEF73DFECDE9E7
:10A5400001540023ADF80030ADF8183096E80F0044
:10A55000F9F778FC08F042B89C4B08930CAE9C4B82
:10A56000099308A99B4B0A933046FEF739FECDE9C3
:10A5700001540023ADF80030ADF8183096E80F0014
:10A58000FAF7D6F808F02AB8934B08930CAE904B24
:10A59000099308A98F4B0A933046FEF721FECDE9B7
:10A5A00001540023ADF80030ADF8183096E80F00E4
:10A5B000FAF7BEF808F012B8884B08930CAE844B3B
:10A5C000099308A9834B0A933046FEF709FECDE9AB
:10A5D00001540023ADF80030ADF8183096E80F00B4
:10A5E000FAF7A6F807F0FABF7D4B08930CAE784B4C
:10A5F000099308A9774B0A933046FEF7F1FDCDE9A0
:10A6000001540023ADF80030ADF8183096E80F0083
:10A61000FAF78EF807F0E2BF724B08930CAE724B5C
:10A62000099308A9714B0A933046FEF7BBFD00233E
:10A630008DF81C30DDE90601CDE902548DE80300F8
:10A6400096E80F00F9F7FCFC07F0C8BF684B0893C9
:10A650000CAE654B099308A9644B0A933046FEF78C
:10A66000A1FD00238DF81C30DDE90601CDE902547F
:10A670008DE8030096E80F00F9F7E2FC07F0AEBFA3
:10A680005C4B08930CAE4E4B099308A94D4B0A93B3
:10A690003046FEF791FDCDE901540023ADF80030BE
:10A6A000ADF8183096E80F00F9F7CCFB07F096BF2D
:10A6B000514B08930CAE4C4B099308A94B4B0A9392
:10A6C0003046FEF76FFD00238DF81C30DDE90601F2
:10A6D000CDE902548DE8030096E80F00F9F7B0FCCD
:10A6E00007F07CBF454B08930CAE3F4B099308A97C
:10A6F0003E4B0A933046FEF755FD00238DF81C3083
:10A70000DDE90601CDE902548DE8030096E80F006B
:10A71000F9F796FC07F062BF394B08930CAE284B53
:10A72000099308A9274B0A933046FEF745FDCDE96A
:10A7300001540023ADF80030ADF8183096E80F0052
:10A74000F9F780FB07F04ABF2E4B08930CAE264B5F
:10A75000099308A9254B0A933046FEF723FD0023F1
:10A760008DF81C30DDE90601CDE902548DE80300C7
:10A7700096E80F00F9F764FC07F030BF224B08930E
:10A780000CAE194B099308A9184B0A933046FEF7F3
:10A7900009FD00238DF81C30DDE90601CDE90254E6
:10A7A0008DE8030096E80F00F9F74AFC07F016BFA2
:10A7B00080E50020312F0208352F020884E50020B3
:10A7C000292F02082D2F020885E5002089E50020A9
:10A7D0004D2F0208512F020886E5002087E5002052
:10A7E00088E500208CE500200D2F0208152F0208B7
:10A7F00090E5002094E5002098E500209CE50020ED
:10A80000A0E50020A4E50020A8E50020BD4B0893AA
:10A810000CAEBD4B099308A9BC4B0A933046FEF71A
:10A82000C1FC00238DF81C30DDE90601CDE902549E
:10A830008DE8030096E80F00F9F702FC07F0CEBEA2
:10A84000B34B08930CAEB04B099308A9AF4B0A93D6
:10A850003046FEF7A7FC00238DF81C30DDE9060129
:10A86000CDE902548DE8030096E80F00F9F7E8FB04
:10A8700007F0B4BEA74B08930CAEA74B099308A9E9
:10A88000A64B0A933046FEF7A1FC00238DF81C303E
:10A89000DDE90601CDE902548DE8030096E80F00DA
:10A8A000F9F788FB07F09ABE9D4B08930CAE9D4BC1
:10A8B000099308A99C4B0A933046FEF79BFC0023A2
:10A8C0008DF81C30DDE90601CDE902540090ADF8A9
:10A8D000041096E80F00F9F701FD07F07FBE934BD7
:10A8E00008930CAE884B099308A9884B0A9330460D
:10A8F000FEF758FC00238DF81C30DDE90601CDE998
:10A9000002548DE8030096E80F00F9F799FB07F071
:10A9100065BE874B08930CAE7B4B099308A97B4B14
:10A920000A933046FEF73EFC00238DF81C30DDE92B
:10A930000601CDE902548DE8030096E80F00F9F70F
:10A940007FFB07F04BBE7B4B08930CAE754B099316
:10A9500008A9754B0A933046FEF74CFC00238DF88E
:10A960001C30DDE90601CDE902540090ADF8041079
:10A9700096E80F00F9F7B2FC07F030BE6E4B089373
:10A980000CAE614B099308A9604B0A933046FEF761
:10A9900009FC00238DF81C30DDE90601CDE90254E5
:10A9A0008DE8030096E80F00F9F74AFB07F016BEA2
:10A9B000624B08930CAE544B099308A9534B0A936E
:10A9C0003046FEF7EFFB00238DF81C30DDE9060171
:10A9D000CDE902548DE8030096E80F00F9F730FB4B
:10A9E00007F0FCBD564B08930CAE564B099308A9D3
:10A9F000554B0A933046FEF707FCCDE9015400237E
:10AA0000ADF80030ADF8183096E80F00F9F764FDA6
:10AA100007F0E4BD4D4B08930CAE4A4B099308A9CF
:10AA2000494B0A933046FEF7EFFBCDE90154002372
:10AA3000ADF80030ADF8183096E80F00F9F74CFD8E
:10AA400007F0CCBD424B08930CAE3E4B099308A9CE
:10AA50003D4B0A933046FEF7D7FBCDE90154002366
:10AA6000ADF80030ADF8183096E80F00F9F734FD76
:10AA700007F0B4BD374B08930CAE324B099308A9CD
:10AA8000314B0A933046FEF7BFFBCDE9015400235A
:10AA9000ADF80030ADF8183096E80F00F9F71CFD5E
:10AAA00007F09CBD2C4B08930CAE264B099308A9CC
:10AAB000254B0A933046FEF7A7FBCDE9015400234E
:10AAC000ADF80030ADF8183096E80F00F9F704FD46
:10AAD00007F084BD214B08930CAE1A4B099308A9CB
:10AAE000194B0A933046FEF78FFBCDE90154002342
:10AAF000ADF80030ADF8183096E80F00F9F7ECFC2F
:10AB000007F06CBDACE500200D2F0208152F0208E0
:10AB1000B0E50020B4E50020312F0208352F0208EF
:10AB20000CE60020552F02085D2F020810E60020D9
:10AB300014E6002018E600201CE6002020E6002095
:10AB400065E50020652F0208692F020866E50020F0
:10AB500067E5002068E5002069E500206AE500203F
:10AB6000B94B08930CAEB94B099308A9B84B0A939B
:10AB70003046FEF749FBCDE901540023ADF8003023
:10AB8000ADF8183096E80F00F9F7A6FC07F026BDDF
:10AB9000B04B08930CAEAD4B099308A9AC4B0A938C
:10ABA0003046FEF731FBCDE901540023ADF800300B
:10ABB000ADF8183096E80F00F9F78EFC07F00EBDDF
:10ABC000A54B08930CAEA14B099308A9A04B0A937F
:10ABD0003046FEF719FBCDE901540023ADF80030F3
:10ABE000ADF8183096E80F00F9F776FC07F0F6BCE0
:10ABF0009A4B08930CAE954B099308A9944B0A9372
:10AC00003046FEF701FBCDE901540023ADF80030DA
:10AC1000ADF8183096E80F00F9F75EFC07F0DEBCDF
:10AC20008F4B08930CAE894B099308A9884B0A9364
:10AC30003046FEF7E9FACDE901540023ADF80030C3
:10AC4000ADF8183096E80F00F9F746FC07F0C6BCDF
:10AC5000844B08930CAE7D4B099308A97C4B0A9357
:10AC60003046FEF7D1FACDE901540023ADF80030AB
:10AC7000ADF8183096E80F00F9F72EFC07F0AEBCDF
:10AC8000794B08930CAE714B099308A9704B0A934A
:10AC90003046FEF7B9FACDE901540023ADF8003093
:10ACA000ADF8183096E80F00F9F716FC07F096BCDF
:10ACB0006E4B08930CAE654B099308A9644B0A933D
:10ACC0003046FEF7A1FACDE901540023ADF800307B
:10ACD000ADF8183096E80F00F9F7FEFB07F07EBCE0
:10ACE000634B08930CAE594B099308A9584B0A9330
:10ACF0003046FEF789FACDE901540023ADF8003063
:10AD0000ADF8183096E80F00F9F7E6FB07F066BCDF
:10AD1000584B08930CAE4D4B099308A94C4B0A9322
:10AD20003046FEF771FACDE901540023ADF800304A
:10AD3000ADF8183096E80F00F9F7CEFB07F04EBCDF
:10AD40004D4B08930CAE4D4B099308A94C4B0A93FD
:10AD50003046FEF74FFA00238DF81C30DDE906017E
:10AD6000CDE902540090ADF8041096E80F00F9F711
:10AD7000B5FA07F033BC434B08930CAE424B099332
:10AD800008A9424B0A933046FEF70CFA00238DF8CF
:10AD90001C30DDE90601CDE902548DE8030096E898
:10ADA0000F00F9F74DF907F019BC394B08930CAEB9
:10ADB000354B099308A9354B0A933046FEF7F2F953
:10ADC00000238DF81C30DDE90601CDE902548DE841
:10ADD000030096E80F00F9F733F907F0FFBB2D4B9E
:10ADE00008930CAE254B099308A9254B0A933046CE
:10ADF000FEF700FA00238DF81C30DDE90601CDE9ED
:10AE000002540090ADF8041096E80F00F9F766FAC6
:10AE100007F0E4BB204B08930CAE1B4B099308A929
:10AE20001A4B0A933046FEF7BDF900238DF81C300B
:10AE3000DDE90601CDE902548DE8030096E80F0034
:10AE4000F9F7FEF807F0CABB6BE50020652F020892
:10AE5000692F02086CE500206DE500206EE50020FA
:10AE60006FE5002070E5002071E5002072E500200C
:10AE700073E5002074E50020B8E50020552F020896
:10AE80005D2F0208BCE500200D2F0208152F0208D7
:10AE9000C0E50020C4E50020C8E50020B94B0893B8
:10AEA0000CAEB94B099308A9B84B0A933046FEF78C
:10AEB00079F900238DF81C30DDE90601CDE9025453
:10AEC0008DE8030096E80F00F9F7BAF807F086BBA3
:10AED000AF4B08930CAEAF4B099308A9AE4B0A9346
:10AEE0003046FEF787F900238DF81C30DDE90601B6
:10AEF000CDE902540090ADF8041096E80F00F9F780
:10AF0000EDF907F06BBBA54B08930CAE9E4B099374
:10AF100008A99E4B0A933046FEF744F900238DF8AA
:10AF20001C30DDE90601CDE902548DE8030096E806
:10AF30000F00F9F785F807F051BB994B08930CAE59
:10AF4000914B099308A9914B0A933046FEF72AF9D1
:10AF500000238DF81C30DDE90601CDE902548DE8AF
:10AF6000030096E80F00F9F76BF807F037BB8D4B3D
:10AF700008930CAE874B099308A9874B0A93304678
:10AF8000FEF738F900238DF81C30DDE90601CDE924
:10AF900002540090ADF8041096E80F00F9F79EF9FE
:10AFA00007F01CBB804B08930CAE774B099308A9A4
:10AFB000764B0A933046FEF7F5F800238DF81C30E7
:10AFC000DDE90601CDE902548DE8030096E80F00A3
:10AFD000F9F736F807F002BB744B08930CAE6A4BD6
:10AFE000099308A9694B0A933046FEF7DBF8002362
:10AFF0008DF81C30DDE90601CDE902548DE803002F
:10B0000096E80F00F9F71CF807F0E8BA684B0C93C4
:10B01000684B0D93684B0E9301238DF83C30002351
:10B020008DF82430CDE90212DDE908018DE8030036
:10B0300010AB13E90F00F8F7BFFE07F0CFBA5F4976
:10B040005F481346012210B0BDE8F041F8F73EBE5C
:10B050005C495D481346012210B0BDE8F041F8F7A5
:10B0600055BF5A495A481346012210B0BDE8F04175
:10B07000F8F7A4B9D2E9005313B19D4287F0AD822D
:10B08000544BD3F87802F7F779FF2870236801331F
:10B090002360FFF7BDB8504B0C93504B0D93504BB2
:10B0A0000E93CDE9011201238DF83C300023ADF859
:10B0B0000030ADF8203010AB13E90F00F9F7FCFABF
:10B0C00007F08CBA474B08930CAE474B099308A97D
:10B0D000464B0A933046FEF76FF8CDE90154002342
:10B0E000ADF80030ADF8183096E80F00F8F7AAFE7A
:10B0F00007F074BA3E4B08930CAE3B4B099308A97A
:10B100003A4B0A933046FEF757F8CDE90154002335
:10B11000ADF80030ADF8183096E80F00F8F792FE61
:10B1200007F05CBA334B08930CAE2F4B099308A978
:10B130002E4B0A933046FEF73FF8CDE90154002329
:10B14000ADF80030ADF8183096E80F00F8F77AFE49
:10B1500007F044BA284B08930CAE234B099308A977
:10B16000224B0A933046FEF727F8CDE9015400231D
:10B17000ADF80030ADF8183096E80F00F8F762FE31
:10B1800007F02CBACCE500200D2F0208152F02087D
:10B19000D0E50020552F02085D2F0208D4E50020DD
:10B1A000D8E50020DCE50020E0E50020E4E5002013
:10B1B000C81200206D2F0208712F0208092F020803
:10B1C000CC120020052F0208D8120020752F02088B
:10B1D000D012002080100020EC120020812F0208E5
:10B1E000852F0208FC120020292F02082D2F0208AB
:10B1F000901000209110002092100020B84B08936E
:10B200000CAEB84B099308A9B74B0A933046FDF72B
:10B21000D3FFCDE901540023ADF80030ADF818306C
:10B2200096E80F00F8F70EFE07F0D8B9AF4B089379
:10B230000CAEAC4B099308A9AB4B0A933046FDF713
:10B24000BBFFCDE901540023ADF80030ADF8183054
:10B2500096E80F00F8F7F6FD07F0C0B9A44B089385
:10B260000CAEA04B099308A99F4B0A933046FDF7FB
:10B27000A3FFCDE901540023ADF80030ADF818303C
:10B2800096E80F00F8F7DEFD07F0A8B9994B089390
:10B290000CAE944B099308A9934B0A933046FDF7E3
:10B2A0008BFFCDE901540023ADF80030ADF8183024
:10B2B00096E80F00F8F7C6FD07F090B98E4B08939B
:10B2C0000CAE884B099308A9874B0A933046FDF7CB
:10B2D00073FFCDE901540023ADF80030ADF818300C
:10B2E00096E80F00F8F7AEFD07F078B9834B0893A6
:10B2F0000CAE834B099308A9824B0A933046FDF7A5
:10B3000051FF00238DF81C30DDE90601CDE9025420
:10B310008DE8030096E80F00F8F792FE07F05EB99B
:10B32000794B08930CAE6F4B099308A96E4B0A93A7
:10B330003046FDF741FFCDE901540023ADF8003060
:10B34000ADF8183096E80F00F8F77CFD07F046B925
:10B350006E4B08930CAE6E4B099308A96D4B0A9384
:10B360003046FDF75BFFCDE90154002300930693BF
:10B3700096E80F00F8F7B6FE07F030B9634B089374
:10B380000CAE654B099308A9644B0A933046FDF750
:10B3900045FFCDE9015400230093069396E80F0082
:10B3A000F8F7A0FE07F01AB95D4B08930CAE544BAA
:10B3B000099308A9534B0A933046FDF7F3FE002387
:10B3C0008DF81C30DDE90601CDE902548DE803005B
:10B3D00096E80F00F8F734FE07F000B9514B0893D8
:10B3E0000CAE474B099308A9464B0A933046FDF72C
:10B3F000D9FE00238DF81C30DDE90601CDE90254A9
:10B400008DE8030096E80F00F8F71AFE07F0E6B89B
:10B41000454B08930CAE3A4B099308A9394B0A9354
:10B420003046FDF7BFFE00238DF81C30DDE9060134
:10B43000CDE902548DE8030096E80F00F8F700FE0E
:10B4400007F0CCB8394B08930CAE2D4B099308A9E3
:10B450002C4B0A933046FDF7A5FE00238DF81C30D7
:10B46000DDE90601CDE902548DE8030096E80F00FE
:10B47000F8F7E6FD07F0B2B82D4B08930CAE204B61
:10B48000099308A91F4B0A933046FDF78BFE002352
:10B490008DF81C30DDE90601CDE902548DE803008A
:10B4A00096E80F00F8F7CCFD07F098B8214B089309
:10B4B0000CAE134B099308A9124B0A933046FDF7C3
:10B4C00071FE00238DF81C30DDE90601CDE9025440
:10B4D0008DE8030096E80F00F8F7B2FD07F07EB89C
:10B4E00093100020292F02082D2F0208941000200D
:10B4F0009510002096100020971000209810002032
:10B500000D2F0208152F02089C100020901000201B
:10B51000BD3A0208BD4C0208B53A0208D94C0208EF
:10B52000A4100020A8100020AC100020B0100020B3
:10B53000B4100020C0100020BE4B08930CAEBE4BD0
:10B54000099308A9BD4B0A933046FDF72BFE002353
:10B550008DF81C30DDE90601CDE902548DE80300C9
:10B5600096E80F00F8F76CFD07F038B8B44B089375
:10B570000CAEB14B099308A9B04B0A933046FDF7C6
:10B5800011FE00238DF81C30DDE90601CDE90254DF
:10B590008DE8030096E80F00F8F752FD07F01EB89B
:10B5A000A84B08930CAEA44B099308A9A34B0A938C
:10B5B0003046FDF7F7FD00238DF81C30DDE906016C
:10B5C000CDE902548DE8030096E80F00F8F738FD46
:10B5D00007F004B89C4B08930CAE974B099308A94D
:10B5E000964B0A933046FDF7DDFD00238DF81C30A5
:10B5F000DDE90601CDE902548DE8030096E80F006D
:10B60000F8F71EFD06F0EABF904B08930CAE8A4B8C
:10B61000099308A9894B0A933046FDF7C3FD00231F
:10B620008DF81C30DDE90601CDE902548DE80300F8
:10B6300096E80F00F8F704FD06F0D0BF844B08939E
:10B640000CAE844B099308A9834B0A933046FDF74F
:10B65000B3FDCDE901540023ADF80030ADF818304A
:10B6600096E80F00F8F7EEFB06F0B8BF7B4B0893A7
:10B670000CAE784B099308A9774B0A933046FDF737
:10B680009BFDCDE901540023ADF80030ADF8183032
:10B6900096E80F00F8F7D6FB06F0A0BF704B0893B2
:10B6A0000CAE6C4B099308A96B4B0A933046FDF71F
:10B6B00083FDCDE901540023ADF80030ADF818301A
:10B6C00096E80F00F8F7BEFB06F088BF654B0893BD
:10B6D0000CAE594B099308A9584B0A933046FDF715
:10B6E00061FD00238DF81C30DDE90601CDE902542F
:10B6F0008DE8030096E80F00F8F7A2FC06F06EBF95
:10B70000594B08930CAE4C4B099308A94B4B0A9329
:10B710003046FDF747FD00238DF81C30DDE90601BA
:10B72000CDE902548DE8030096E80F00F8F788FC95
:10B7300006F054BF4D4B08930CAE3F4B099308A93C
:10B740003E4B0A933046FDF72DFD00238DF81C304B
:10B75000DDE90601CDE902548DE8030096E80F000B
:10B76000F8F76EFC06F03ABF414B08930CAE324B33
:10B77000099308A9314B0A933046FDF713FD0023C6
:10B780008DF81C30DDE90601CDE902548DE8030097
:10B7900096E80F00F8F754FC06F020BF354B0893ED
:10B7A0000CAE254B099308A9244B0A933046FDF7AC
:10B7B000F9FC00238DF81C30DDE90601CDE90254C7
:10B7C0008DE8030096E80F00F8F73AFC06F006BF94
:10B7D000294B08930CAE184B099308A9174B0A93F1
:10B7E0003046FDF7DFFC00238DF81C30DDE9060153
:10B7F000CDE902548DE8030096E80F00F8F720FC2D
:10B8000006F0ECBE1D4B08930CAE124B099308A931
:10B81000114B0A933046FDF7CFFCCDE901540023CC
:10B82000ADF80030ADF8183096E80F00F8F70AFBD5
:10B8300006F0D4BEC41000200D2F0208152F0208F8
:10B84000C8100020CC100020D0100020D410002000
:10B85000D8100020292F02082D2F0208D91000200F
:10B86000DA100020DC100020E0100020E41000209E
:10B87000E8100020EC100020F0100020F410002050
:10B88000C14B08930CAEC14B099308A9C04B0A9356
:10B890003046FDF791FCCDE901540023ADF80030AE
:10B8A000ADF8183096E80F00F8F7CCFA06F096BE1F
:10B8B000B84B08930CAEB54B099308A9B44B0A9347
:10B8C0003046FDF779FCCDE901540023ADF8003096
:10B8D000ADF8183096E80F00F8F7B4FA06F07EBE1F
:10B8E000AD4B08930CAEAD4B099308A9AC4B0A9332
:10B8F0003046FDF76BFC00238DF81C30DDE90601B6
:10B90000CDE902548DE8030096E80F00F8F752FBEA
:10B9100006F064BEA34B08930CAE9C4B099308A998
:10B920009B4B0A933046FDF747FCCDE901540023B9
:10B93000ADF80030ADF8183096E80F00F8F782FA4D
:10B9400006F04CBE984B08930CAE944B099308A993
:10B95000934B0A933046FDF739FC00238DF81C30D9
:10B96000DDE90601CDE902548DE8030096E80F00F9
:10B97000F8F720FB06F032BE8C4B08930CAE874BD9
:10B98000099308A9864B0A933046FDF71FFC002354
:10B990008DF81C30DDE90601CDE902548DE8030085
:10B9A00096E80F00F8F706FB06F018BE804B0893E8
:10B9B0000CAE7A4B099308A9794B0A933046FDF7F0
:10B9C00005FC00238DF81C30DDE90601CDE90254A9
:10B9D0008DE8030096E80F00F8F7ECFA06F0FEBDDC
:10B9E000744B08930CAE6D4B099308A96C4B0A93EA
:10B9F0003046FDF7EBFB00238DF81C30DDE9060136
:10BA0000CDE902548DE8030096E80F00F8F7D2FA6A
:10BA100006F0E4BD684B08930CAE604B099308A98F
:10BA20005F4B0A933046FDF7D1FB00238DF81C30A5
:10BA3000DDE90601CDE902548DE8030096E80F0028
:10BA4000F8F7B8FA06F0CABD5C4B08930CAE534B3E
:10BA5000099308A9524B0A933046FDF7B7FB002320
:10BA60008DF81C30DDE90601CDE902548DE80300B4
:10BA700096E80F00F8F79EFA06F0B0BD504B089319
:10BA80000CAE464B099308A9454B0A933046FDF787
:10BA90009DFB00238DF81C30DDE90601CDE9025441
:10BAA0008DE8030096E80F00F8F784FA06F096BDDB
:10BAB000444B08930CAE394B099308A9384B0A93B1
:10BAC0003046FDF783FB00238DF81C30DDE90601CD
:10BAD000CDE902548DE8030096E80F00F8F76AFA02
:10BAE00006F07CBD384B08930CAE2C4B099308A98B
:10BAF0002B4B0A933046FDF769FB00238DF81C3071
:10BB0000DDE90601CDE902548DE8030096E80F0057
:10BB1000F8F750FA06F062BD2C4B08930CAE1F4BA1
:10BB2000099308A91E4B0A933046FDF74FFB0023EB
:10BB30008DF81C30DDE90601CDE902548DE80300E3
:10BB400096E80F00F8F736FA06F048BD204BD3F818
:10BB50005831983308930CAE1E4B099308A91E4B1D
:10BB60000A933046FDF71EFB00238DF81C30DDE9FB
:10BB70000601CDE902548DE8030096E80F00F8F7BE
:10BB80005FFA06F02BBD00BFF5100020292F020838
:10BB90002D2F0208F6100020F8100020312F020887
:10BBA000352F0208FC100020001100200411002095
:10BBB000081100200C110020101100201411002089
:10BBC000181100201C110020201100202411002039
:10BBD000801000200D2F0208152F0208C34BD3F848
:10BBE000583190330C93C24B0D93C24B0E93CDE959
:10BBF000041201238DF83C3000238DF8283008AB67
:10BC00000FCB8DE80F0010AB13E90F00F7F798FF8B
:10BC100006F0E4BCB54BB849D3F8580113469C3044
:10BC2000012210B0BDE8F041F8F750B8AF4BB2496F
:10BC3000D3F8580113469E30012210B0BDE8F04100
:10BC4000F8F744B8A948AD49D0F858011346012285
:10BC500010B0BDE8F041F8F737B9A448A849D0F8CA
:10BC600058011346012210B0BDE8F041F8F72CB995
:10BC70009E48A449D0F858011346012210B0BDE8EF
:10BC8000F041F8F721B9994BD3F85831B033089304
:10BC90000CAE9D4B099308A99C4B0A933046FDF7C7
:10BCA00081FA00238DF81C30DDE90601CDE902544C
:10BCB0008DE8030096E80F00F8F7C2F906F08EBC95
:10BCC0008A4BD3F85831B43308930CAE8E4B09939A
:10BCD00008A98E4B0A933046FDF764FA00238DF8CD
:10BCE0001C30DDE90601CDE902548DE8030096E839
:10BCF0000F00F8F7A5F906F071BC7C4BD3F858316A
:10BD0000B83308930CAE804B099308A97F4B0A9374
:10BD10003046FDF747FA00238DF81C30DDE90601B7
:10BD2000CDE902548DE8030096E80F00F8F788F992
:10BD300006F054BC6D4B7649D3F858011346C03019
:10BD4000012210B0BDE8F041F8F7BEB8674BD3F858
:10BD50005831C43308930CAE6B4B099308A96B4B55
:10BD60000A933046FDF71EFA00238DF81C30DDE9FA
:10BD70000601CDE902548DE8030096E80F00F8F7BC
:10BD80005FF906F02BBC594B6149D3F858011346B3
:10BD900000F5B870012210B0BDE8F041F8F794B892
:10BDA000524B5B49D3F85801134600F5BA70012293
:10BDB00010B0BDE8F041F8F787B84C4B5449D3F8C0
:10BDC0005801134600F5BC70012210B0BDE8F041E7
:10BDD000F8F77AB8454B4E49D3F8583158691346AD
:10BDE0001030012210B0BDE8F041F8F76DB83F4BBC
:10BDF000D3F858315B692C3308930CAE424B09934E
:10BE000008A9424B0A933046FDF7CCF900238DF880
:10BE10001C30DDE90601CDE902548DE8030096E807
:10BE20000F00F8F70DF906F0D9BB304BD3F85831B5
:10BE30005B69303308930CAE334B099308A9334B3D
:10BE40000A933046FDF7AEF900238DF81C30DDE98A
:10BE50000601CDE902548DE8030096E80F00F8F7DB
:10BE6000EFF806F0BBBB214BD3F858315B69343394
:10BE700008930CAE274B099308A9274B0A93304629
:10BE8000FDF79AF9CDE901540023ADF80030ADF883
:10BE9000183096E80F00F7F7D5FF06F09FBB134B5D
:10BEA0001B49D3F85831986913461030012210B05D
:10BEB000BDE8F041F8F708B80C4BD3F858319B694E
:10BEC0002C3308930CAE154B099308A9144B0A9315
:10BED0003046FDF7A3F9CDE9015400230093069302
:10BEE00096E80F00F8F7FEF806F078BB8010002007
:10BEF000892F0208912F0208092F0208B99202081F
:10BF00009D9202087D9202080D2F0208152F02084B
:10BF1000FD2E0208292F02082D2F0208AD3A020833
:10BF2000F14C0208C54BD3F858319B692C33089368
:10BF30000CAEC34B099308A9C24B0A933046FDF7D8
:10BF400031F900238DF81C30DDE90601CDE90254FA
:10BF50008DE8030096E80F00F8F772F806F03EBB94
:10BF6000B64BD3F858319B69303308930CAEB44BC1
:10BF7000099308A9B34B0A933046FDF713F9002340
:10BF80008DF81C30DDE90601CDE902548DE803008F
:10BF900096E80F00F8F754F806F020BBA74BD3F84B
:10BFA00058319B69343308930CAEA54B099308A90B
:10BFB000A44B0A933046FDF7F5F800238DF81C30AA
:10BFC000DDE90601CDE902548DE8030096E80F0093
:10BFD000F8F736F806F002BB984BD3F858319B6956
:10BFE000383308930CAE964B099308A9954B0A93E6
:10BFF0003046FDF7D7F800238DF81C30DDE9060147
:10C00000CDE902548DE8030096E80F00F8F718F820
:10C0100006F0E4BA894BD3F858319B694033089352
:10C020000CAE874B099308A9864B0A933046FDF75F
:10C03000B9F800238DF81C30DDE90601CDE9025482
:10C040008DE8030096E80F00F7F7FAFF06F0C6BA8E
:10C050007A4BD3F858319B69443308930CAE784B34
:10C06000099308A9774B0A933046FDF79BF8002304
:10C070008DF81C30DDE90601CDE902548DE803009E
:10C0800096E80F00F7F7DCFF06F0A8BA6B4BD3F881
:10C0900058319B69483308930CAE6B4B099308A940
:10C0A0006A4B0A933046FDF787F8CDE90154002327
:10C0B000ADF80030ADF8183096E80F00F7F7C2FE83
:10C0C00006F08CBA5D4B6249D3F858011346C8306C
:10C0D000012210B0BDE8F041F7F7F6BE574B5D49BD
:10C0E000D3F858011346C830012210B0BDE8F04122
:10C0F000F7F7EABE514BD3F85831DC3308930CAE56
:10C100004F4B099308A94F4B0A933046FDF74AF865
:10C1100000238DF81C30DDE90601CDE902548DE8DD
:10C12000030096E80F00F7F78BFF06F057BA434B72
:10C130004949D3F858011346C830012210B0BDE870
:10C14000F041F7F7C1BE3D4B4449D3F858011346BF
:10C15000C830012210B0BDE8F041F7F7B5BE374B4B
:10C160003F49D3F858011346C830012210B0BDE84A
:10C17000F041F7F7A9BE314B3A49D3F858011346BD
:10C18000C830012210B0BDE8F041F7F79DBE2B4B3F
:10C190003549D3F858011346C830012210B0BDE824
:10C1A000F041F7F791BE254B3049D3F858011346BB
:10C1B000C830012210B0BDE8F041F7F785BE1F4B33
:10C1C0002B49D3F858011346C830012210B0BDE8FE
:10C1D000F041F7F779BE194B2649D3F858011346B9
:10C1E000C830012210B0BDE8F041F7F76DBE134B27
:10C1F0002149D3F85801134600F5AA70012210B066
:10C20000BDE8F041F7F760BE0C4B1B49D3F858016D
:10C21000134600F5AC70012210B0BDE8F041F7F70D
:10C2200053BE064B1449D3F85801134600F5B670B7
:10C23000012210B0BDE8F041F7F746BE80100020A3
:10C240000D2F0208152F0208292F02082D2F020892
:10C25000D9930208BD9302089D93020881930208B6
:10C260006193020845930208A53A0208893A020838
:10C270002593020809930208FD2E0208C54BD3F846
:10C28000583103F5AE7308930CAEC34B099308A95C
:10C29000C24B0A933046FCF785FF00238DF81C3013
:10C2A000DDE90601CDE902548DE8030096E80F00B0
:10C2B000F7F7C6FE06F092B9B64BD3F8583103F53E
:10C2C000B07308930CAEB44B099308A9B34B0A930F
:10C2D0003046FCF767FF00238DF81C30DDE90601CE
:10C2E000CDE902548DE8030096E80F00F7F7A8FEA9
:10C2F00006F074B9A74BAA49D3F85801134600F5C4
:10C30000B270012210B0BDE8F041F7F7DDBDA14BDE
:10C31000A349D3F85801134600F5B470012210B0B8
:10C32000BDE8F041F7F7D0BD9A4B9E49D3F85801CC
:10C3300013468830012210B0BDE8F041F7F7E6BDA2
:10C34000944B9849D3F8580113468C30012210B011
:10C35000BDE8F041F7F7DABD8E4BD3F858311C3306
:10C3600008930CAE904B099308A9904B0A93304662
:10C37000FCF722FFCDE901540023ADF80030ADF801
:10C38000183096E80F00F7F75DFD06F027B9814BEE
:10C39000D3F85831203308930CAE854B099308A984
:10C3A000844B0A933046FDF719F800238DF81C30B2
:10C3B000DDE90601CDE902548DE8030096E80F009F
:10C3C000F7F7B4FC06F00AB9724BD3F858312433AE
:10C3D00008930CAE704B099308A9704B0A93304632
:10C3E000FCF7E0FE00238DF81C30DDE90601CDE905
:10C3F00002548DE8030096E80F00F7F721FE06F0DF
:10C40000EDB8644BD3F85831283308930CAE624B27
:10C41000099308A9614B0A933046FCF7C3FE002339
:10C420008DF81C30DDE90601CDE902548DE80300EA
:10C4300096E80F00F7F704FE06F0D0B8554BD3F896
:10C4400058311C3308930CAE5B4B099308A95B4B26
:10C450000A933046FCF7A6FE00238DF81C30DDE978
:10C460000601CDE902548DE8030096E80F00F7F7C6
:10C47000E7FD06F0B3B8474BD3F858311C330893A7
:10C480000CAE4F4B099308A94E4B0A933046FCF76C
:10C4900089FE00238DF81C30DDE90601CDE9025448
:10C4A0008DE8030096E80F00F7F7CAFD06F096B88E
:10C4B000384BD3F85831343308930CAE364B0993CC
:10C4C00008A9364B0A933046FCF76CFE00238DF822
:10C4D0001C30DDE90601CDE902548DE8030096E841
:10C4E0000F00F7F7ADFD06F079B82A4BD3F85831B5
:10C4F00038330C93344B0D93344B0E93CDE901122A
:10C5000001238DF83C300023ADF80030ADF8203029
:10C5100010AB13E90F00F8F757F806F05FB81D4BA2
:10C52000D3F858313C3308930CAE1B4B099308A940
:10C530001A4B0A933046FCF735FE00238DF81C3069
:10C54000DDE90601CDE902548DE8030096E80F000D
:10C55000F7F776FD06F042B80E4BD3F8583140336A
:10C5600008930CAE0C4B099308A90C4B0A93304668
:10C57000FCF718FE00238DF81C30DDE90601CDE93B
:10C5800002548DE8030096E80F00F7F759FD06F016
:10C5900025B800BF801000200D2F0208152F0208BB
:10C5A000FD2E0208052F02086D3A0208154D0208FB
:10C5B000992F02089D2F0208653A0208314D0208A2
:10C5C000593A0208494D0208A12F0208A52F020876
:10C5D000B94BD3F85831443308930CAEB74B099399
:10C5E00008A9B74B0A933046FCF7DCFD00238DF811
:10C5F0001C30DDE90601CDE902548DE8030096E820
:10C600000F00F7F71DFD05F0E9BFAB4BD3F858312C
:10C61000503308930CAEA94B099308A9A84B0A9371
:10C620003046FCF7BFFD00238DF81C30DDE9060124
:10C63000CDE902548DE8030096E80F00F7F700FDFE
:10C6400005F0CCBF9C4BD3F85831543308930CAE53
:10C650009A4B099308A99A4B0A933046FCF7A2FD1E
:10C6600000238DF81C30DDE90601CDE902548DE888
:10C67000030096E80F00F7F7E3FC05F0AFBF8E4B21
:10C68000D3F85831483308930CAE8C4B099308A962
:10C690008B4B0A933046FCF785FD00238DF81C3048
:10C6A000DDE90601CDE902548DE8030096E80F00AC
:10C6B000F7F7C6FC05F092BF7F4BD3F858311C3317
:10C6C00008930CAE7F4B099308A97F4B0A93304621
:10C6D000FCF768FD00238DF81C30DDE90601CDE98B
:10C6E00002548DE8030096E80F00F7F7A9FC05F067
:10C6F00075BF714BD3F85831583308930CAE6F4B5C
:10C70000099308A96E4B0A933046FCF74BFD0023B2
:10C710008DF81C30DDE90601CDE902548DE80300F7
:10C7200096E80F00F7F78CFC05F058BF624BD3F882
:10C7300058315C3308930CAE604B099308A9604BE9
:10C740000A933046FCF72EFD00238DF81C30DDE9FE
:10C750000601CDE902548DE8030096E80F00F7F7D3
:10C760006FFC05F03BBF544BD3F85831603308934E
:10C770000CAE564B099308A9554B0A933046FCF76B
:10C780001BFDCDE901540023ADF80030ADF81830A1
:10C7900096E80F00F7F756FB05F020BF464BD3F89D
:10C7A0005831643308930CAE444B099308A9444BA9
:10C7B0000A933046FCF7F6FC00238DF81C30DDE9C7
:10C7C0000601CDE902548DE8030096E80F00F7F763
:10C7D00037FC05F003BF384BD3F858316833089362
:10C7E0000CAE364B099308A9354B0A933046FCF73B
:10C7F000D9FC00238DF81C30DDE90601CDE9025497
:10C800008DE8030096E80F00F7F71AFC05F0E6BE86
:10C81000294BD3F858316C3308930CAE2B4B09934A
:10C8200008A92B4B0A933046FCF7C6FCCDE901540E
:10C830000023ADF80030ADF8183096E80F00F7F798
:10C8400001FB05F0CBBE1C4BD3F858316D33089378
:10C850000CAE1E4B099308A91D4B0A933046FCF7FA
:10C86000ABFCCDE901540023ADF80030ADF8183031
:10C8700096E80F00F7F7E6FA05F0B0BE0E4BD3F8D6
:10C880005831703308930CAE0C4B099308A90C4B2C
:10C890000A933046FCF786FC00238DF81C30DDE956
:10C8A0000601CDE902548DE8030096E80F00F7F782
:10C8B000C7FB05F093BE00BF801000200D2F0208BB
:10C8C000152F02084D3A0208614D0208292F02086F
:10C8D0002D2F0208BF4BD3F85831743308930CAE98
:10C8E000BD4B099308A9BD4B0A933046FCF75AFC8F
:10C8F00000238DF81C30DDE90601CDE902548DE8F6
:10C90000030096E80F00F7F79BFB05F067BEB14BFD
:10C91000D3F85831783308930CAEAF4B099308A97C
:10C92000AE4B0A933046FCF73DFC00238DF81C30DB
:10C93000DDE90601CDE902548DE8030096E80F0019
:10C94000F7F77EFB05F04ABEA24BD3F858317C3393
:10C9500008930CAEA04B099308A9A04B0A9330464C
:10C96000FCF720FC00238DF81C30DDE90601CDE941
:10C9700002548DE8030096E80F00F7F761FB05F01D
:10C980002DBE944BD3F8003103F563531C330C9345
:10C99000934B0D93934B0E93CDE9011201238DF828
:10C9A0003C300023ADF80030ADF8203010AB13E977
:10C9B0000F00F7F755FD05F011BE864BD3F8003197
:10C9C00003F56353203308930CAE834B099308A9F6
:10C9D000824B0A933046FCF7E5FB00238DF81C30B0
:10C9E000DDE90601CDE902548DE8030096E80F0069
:10C9F000F7F726FB05F0F2BD764BD3F8003108932C
:10CA00000CAE794B099308A9784B0A933046FCF792
:10CA1000C9FB00238DF81C30DDE90601CDE9025485
:10CA20008DE8030096E80F00F7F70AFB05F0D6BD86
:10CA3000684BD3F8003103F56453183308930CAEF8
:10CA4000654B099308A9654B0A933046FCF7AAFB8E
:10CA500000238DF81C30DDE90601CDE902548DE894
:10CA6000030096E80F00F7F7EBFA05F0B7BD594B56
:10CA7000D3F8003103F564531C3308930CAE564BC6
:10CA8000099308A9554B0A933046FCF78BFB00230A
:10CA90008DF81C30DDE90601CDE902548DE8030074
:10CAA00096E80F00F7F7CCFA05F098BD494B5049CE
:10CAB000D3F8000100F5645013460430012210B091
:10CAC000BDE8F041F7F700BA424B4949D3F80001FD
:10CAD00000F5645013460830012210B0BDE8F04163
:10CAE000F7F7F2B93B4B4249D3F8000100F5645027
:10CAF00013461030012210B0BDE8F041F7F7E4B959
:10CB0000344B3C49D3F8000100F5645013463D30E6
:10CB1000012210B0BDE8F041F7F7D8B82D4BD3F89B
:10CB2000003103F564530C3308930CAE2A4B099380
:10CB300008A92A4B0A933046FCF734FB00238DF8F2
:10CB40001C30DDE90601CDE902548DE8030096E8CA
:10CB50000F00F7F775FA05F041BD1E4BD3F8003111
:10CB600003F564533E3308930CAE234B099308A995
:10CB7000224B0A933046FCF71FFBCDE901540023FA
:10CB8000ADF80030ADF8183096E80F00F7F75AF915
:10CB900005F024BD0F4BD3F8003103F5645338334F
:10CBA00008930CAE0C4B099308A90C4B0A93304622
:10CBB000FCF7F8FA00238DF81C30DDE90601CDE919
:10CBC00002548DE8030096E80F00F7F739FA05F0F4
:10CBD00005BD00BF801000200D2F0208152F020890
:10CBE000A92F0208AD2F0208413A0208854D02081C
:10CBF000FD2E0208092F0208292F02082D2F0208F6
:10CC0000BA4BD3F8003103F562532C3308930CAEC2
:10CC1000B74B099308A9B74B0A933046FCF7C2FA01
:10CC200000238DF81C30DDE90601CDE902548DE8C2
:10CC3000030096E80F00F7F703FA05F0CFBCAB4B03
:10CC4000D3F8003103F56253313308930CAEAA4B8D
:10CC5000099308A9A94B0A933046FCF7ADFACDE930
:10CC600001540023ADF80030ADF8183096E80F00FD
:10CC7000F7F7E8F805F0B2BC9C4BD3F8003103F5A8
:10CC80006253333308930CAE9B4B099308A99B4B1B
:10CC90000A933046FCF790FACDE901540023ADF831
:10CCA0000030ADF8183096E80F00F7F7CBF805F034
:10CCB00095BC8E4BD3F8003103F5625330330893A3
:10CCC0000CAE8D4B099308A98C4B0A933046FCF7A8
:10CCD00073FACDE901540023ADF80030ADF81830F7
:10CCE00096E80F00F7F7AEF805F078BC7F4BD3F865
:10CCF000003103F56253323308930CAE7E4B099337
:10CD000008A97E4B0A933046FCF756FACDE9015448
:10CD10000023ADF80030ADF8183096E80F00F7F7B3
:10CD200091F805F05BBC714BD3F8003118330C93CC
:10CD3000734B0D93734B0E93CDE9011201238DF8C4
:10CD40003C300023ADF80030ADF8203010AB13E9D3
:10CD50000F00F7F7FDFB05F041BC644BD3F8003141
:10CD600019330C93684B0D93684B0E93CDE9011268
:10CD700001238DF83C300023ADF80030ADF82030B1
:10CD800010AB13E90F00F7F75BFC05F027BC574B1E
:10CD9000D3F800311C3308930CAE554B099308A906
:10CDA000544B0A933046FCF7FDF900238DF81C30F4
:10CDB000DDE90601CDE902548DE8030096E80F0095
:10CDC000F7F73EF905F00ABC484BD3F800312033A1
:10CDD00008930CAE464B099308A9464B0A9330467C
:10CDE000FCF7E0F900238DF81C30DDE90601CDE900
:10CDF00002548DE8030096E80F00F7F721F905F0DB
:10CE0000EDBB3A4BD3F80031243308930CAE384BCA
:10CE1000099308A9374B0A933046FCF7C3F900235E
:10CE20008DF81C30DDE90601CDE902548DE80300E0
:10CE300096E80F00F7F704F905F0D0BB2B4BD3F8B9
:10CE40000031303308930CAE294B099308A9294BC4
:10CE50000A933046FCF7A6F900238DF81C30DDE973
:10CE60000601CDE902548DE8030096E80F00F7F7BC
:10CE7000E7F805F0B3BB1D4BD3F800312833089316
:10CE80000CAE1B4B099308A91A4B0A933046FCF7CA
:10CE900089F900238DF81C30DDE90601CDE9025443
:10CEA0008DE8030096E80F00F7F7CAF805F096BB87
:10CEB0000E4BD3F800312C3308930CAE0C4B099376
:10CEC00008A90C4B0A933046FCF76CF900238DF847
:10CED0001C30DDE90601CDE902548DE8030096E837
:10CEE0000F00F7F7ADF805F079BB00BF8010002008
:10CEF0000D2F0208152F0208292F02082D2F0208D6
:10CF0000313A0208A14D0208B12F0208B52F0208DC
:10CF1000C24BD3F80031343308930CAEC04B0993A5
:10CF200008A9C04B0A933046FCF73CF900238DF862
:10CF30001C30DDE90601CDE902548DE8030096E8D6
:10CF40000F00F7F77DF805F049BBB44BD3F800317B
:10CF5000383308930CAEB24B099308A9B14B0A932E
:10CF60003046FCF71FF900238DF81C30DDE906017F
:10CF7000CDE902548DE8030096E80F00F7F760F85A
:10CF800005F02CBBA54BD3F800313C3308930CAE15
:10CF9000A54B099308A9A54B0A933046FCF70CF959
:10CFA000CDE901540023ADF80030ADF8183096E813
:10CFB0000F00F6F747FF05F011BB984BD3F800318F
:10CFC000403308930CAE964B099308A9954B0A93EE
:10CFD0003046FCF7E7F800238DF81C30DDE9060148
:10CFE000CDE902548DE8030096E80F00F7F728F822
:10CFF00005F0F4BA894BD3F80031183308930CAE1E
:10D000008B4B099308A98B4B0A933046FCF7E6F942
:10D0100000238DF81C30DDE90601CDE902548DE8CE
:10D02000030096E80F00F6F781FE05F0D7BA7B4BB8
:10D03000D3F80031503308930CAE794B099308A90B
:10D04000784B0A933046FCF7ADF800238DF81C307E
:10D05000DDE90601CDE902548DE8030096E80F00F2
:10D06000F6F7EEFF05F0BABA6C4BD3F8003148334F
:10D0700008930CAE6A4B099308A96A4B0A93304691
:10D08000FCF790F800238DF81C30DDE90601CDE9AE
:10D0900002548DE8030096E80F00F6F7D1FF05F083
:10D0A0009DBA5E4BD3F8003103F5625334330893D5
:10D0B0000CAE614B099308A9604B0A933046FCF70C
:10D0C00097F9CDE901540023ADF80030ADF81830E0
:10D0D00096E80F00F7F788F905F080BA4F4BD3F8C0
:10D0E000003103F56253383308930CAE4C4B09936F
:10D0F00008A94C4B0A933046FCF754F800238DF8EE
:10D100001C30DDE90601CDE902548DE8030096E804
:10D110000F00F6F795FF05F061BA404BD3F80031E8
:10D1200003F562533C3308930CAE3D4B099308A9B9
:10D130003C4B0A933046FCF735F800238DF81C3041
:10D14000DDE90601CDE902548DE8030096E80F0001
:10D15000F6F776FF05F042BA304BD3F8003103F50D
:10D16000635308930CAE344B099308A9334B0A93CD
:10D170003046FCF73DF9CDE901540023ADF800300D
:10D18000ADF8183096E80F00F7F72EF905F026BA3B
:10D19000224BD3F80031183308930CAE284B099377
:10D1A00008A9284B0A933046FBF7FCFF00238DF8B3
:10D1B0001C30DDE90601CDE902548DE8030096E854
:10D1C0000F00F6F73DFF05F009BA144B1E49D3F8DE
:10D1D000000113465430012210B0BDE8F041F6F7CB
:10D1E00095BE0E4BD3F8003103F562531833089304
:10D1F0000CAE0D4B099308A90C4B0A933046FBF774
:10D20000DBFFCDE901540023ADF80030ADF8183054
:10D2100096E80F00F6F716FE05F0E0B98010002042
:10D220000D2F0208152F0208292F02082D2F0208A2
:10D23000293A0208B94D0208B92F0208BD2F020889
:10D24000213A0208D94D0208052F0208C44BC549EE
:10D25000D3F8000100F5625013461930012210B0D6
:10D26000BDE8F041F6F732BDBD4BD3F8003103F510
:10D2700062531C3308930CAEBB4B099308A9BB4BFC
:10D280000A933046FBF78EFF00238DF81C30DDE952
:10D290000601CDE902548DE8030096E80F00F6F789
:10D2A000CFFE05F09BB9AE4BD3F8003103F56253C6
:10D2B000203308930CAEAC4B099308A9AB4B0A93EF
:10D2C0003046FBF76FFF00238DF81C30DDE90601C7
:10D2D000CDE902548DE8030096E80F00F6F7B0FEA2
:10D2E00005F07CB99E4BA249D3F8000100F56250CD
:10D2F00013462430012210B0BDE8F041F6F7E4BD3A
:10D30000974BD3F8003103F56253283308930CAEE2
:10D31000984B099308A9984B0A933046FBF74CFFAA
:10D32000CDE901540023ADF80030ADF8183096E88F
:10D330000F00F6F787FD05F051B9894BD3F800319E
:10D3400003F56353043308930CAE874B099308A984
:10D35000864B0A933046FBF725FF00238DF81C30DF
:10D36000DDE90601CDE902548DE8030096E80F00DF
:10D37000F6F766FE05F032B9794BD3F8003103F5C4
:10D380006353083308930CAE774B099308A9774B86
:10D390000A933046FBF706FF00238DF81C30DDE9C9
:10D3A0000601CDE902548DE8030096E80F00F6F778
:10D3B00047FE05F013B96A4BD3F8003103F5635308
:10D3C000103308930CAE684B099308A9674B0A9376
:10D3D0003046FBF7E7FE00238DF81C30DDE906013F
:10D3E000CDE902548DE8030096E80F00F6F728FE19
:10D3F00005F0F4B85A4BD3F8003103F563530C33FE
:10D4000008930CAE584B099308A9584B0A93304621
:10D41000FBF7C8FE00238DF81C30DDE90601CDE9DD
:10D4200002548DE8030096E80F00F6F709FE05F0B8
:10D43000D5B84B4BD3F8003103F564532833089328
:10D440000CAE494B099308A9484B0A933046FBF7A9
:10D45000A9FE00238DF81C30DDE90601CDE9025458
:10D460008DE8030096E80F00F6F7EAFD05F0B6B880
:10D470003B4BD3F8003103F564532C3308930CAEC7
:10D48000394B099308A9394B0A933046FBF78AFEBA
:10D4900000238DF81C30DDE90601CDE902548DE84A
:10D4A000030096E80F00F6F7CBFD05F097B82C4B7C
:10D4B000D3F8003103F56453303308930CAE2A4B94
:10D4C000099308A9294B0A933046FBF76BFE00230A
:10D4D0008DF81C30DDE90601CDE902548DE803002A
:10D4E00096E80F00F6F7ACFD05F078B81C4BD3F8C2
:10D4F000003103F56453343308930CAE1A4B09938F
:10D5000008A91A4B0A933046FBF74CFE00238DF80E
:10D510001C30DDE90601CDE902548DE8030096E8F0
:10D520000F00F6F78DFD05F059B80D4B1049D3F8F3
:10D530000001134600F56550012210B0BDE8F0412E
:10D54000F6F7C2BC064B0A49D3F8000100F5655056
:10D5500013460430012210B0BDE8F041F6F7B4BC28
:10D5600080100020092F02080D2F0208152F020835
:10D57000FD2E0208292F02082D2F0208C74BD3F8D1
:10D58000000143680C930121037A8DF820308DF857
:10D590002110BDF820308DF83410ADF80030019521
:10D5A000DDE90C23F6F790FA05F018B8BB4BD3F879
:10D5B0000031043308930CAEB94B099308A9B94B59
:10D5C0000A933046FBF7EEFD00238DF81C30DDE9B1
:10D5D0000601CDE902548DE8030096E80F00F6F746
:10D5E0002FFD04F0FBBFAD4BD3F800310833089397
:10D5F0000CAEAD4B099308A9AC4B0A933046FBF730
:10D60000DBFDCDE901540023ADF80030ADF8183052
:10D6100096E80F00F6F716FC04F0E0BF9F4BD3F836
:10D62000000100F0CDBE9D4BD3F8004103F0DFBCFC
:10D630009A4B9F49D3F8000113460C30012210B0D9
:10D64000BDE8F041F6F740BC944BD3F80001CDE9BA
:10D65000011200F114030093012302691946F6F741
:10D6600071FC04F0BBBF8D4BD3F80031103308932D
:10D670000CAE904B099308A98F4B0A933046FBF7E9
:10D68000A5FD00238DF81C30DDE90601CDE902542B
:10D690008DE8030096E80F00F6F78CFC04F09EBFBF
:10D6A0007E4B8349D3F8000113461430012210B099
:10D6B000BDE8F041F6F708BC784BD3F8AC308C33BA
:10D6C0000C937E4B0D937E4B0E93CDE901120123FB
:10D6D0008DF83C3000230093089310AB13E90F0042
:10D6E000F6F754FD04F07ABF6C4B7649D3F8AC00E2
:10D6F00013468F30012210B0BDE8F041F6F7E6BACC
:10D70000664B7049D3F8AC0013468E30012210B03E
:10D71000BDE8F041F6F7DABA604B6B49D3F8AC00DC
:10D7200013469030012210B0BDE8F041F6F7E2BA9E
:10D730005A4B6549D3F8AC0013469430012210B01F
:10D74000BDE8F041F6F7D6BA544B5949D3F8AC00CE
:10D7500013469830012210B0BDE8F041F6F7B4BB93
:10D760004E485A49D0F8AC001346012210B0BDE82B
:10D77000F041F6F7A9BB49485549D0F8AC0013462B
:10D78000012210B0BDE8F041F6F79EBB434B48497B
:10D79000D3F8AC001346AC30012210B0BDE8F04124
:10D7A000F6F792BB3D484B49D0F8AC001346012236
:10D7B00010B0BDE8F041F6F787BB384B3C49D3F8D1
:10D7C000AC001346B030012210B0BDE8F041F6F7CE
:10D7D0007BBB324B3649D3F8AC001346B430012240
:10D7E00010B0BDE8F041F6F76FBB2C4B3A49D3F8C7
:10D7F000AC001346F230012210B0BDE8F041F6F75C
:10D8000051BA26483549D0F8AC001346012210B071
:10D81000BDE8F041F6F758BB204B2549D3F8AC00E2
:10D820001346B830012210B0BDE8F041F6F74CBB0A
:10D830001A4B1F49D3F8AC001346C430012210B074
:10D84000BDE8F041F6F740BB144BD3F8AC30C83319
:10D8500008930CAE224B099308A9224B0A93304639
:10D86000FBF7BCFD00238DF81C30DDE90601CDE996
:10D8700002548DE8030096E80F00F6F757FA04F01B
:10D88000ADBE064B0A49D3F8AC001346CC3001229A
:10D8900010B0BDE8F041F6F717BB00BF80100020C4
:10D8A0000D2F0208152F0208292F02082D2F02081C
:10D8B000FD2E0208312F0208352F0208C12F020861
:10D8C000C52F0208092F0208392F0208153A02084D
:10D8D000093A0208FD390208252F0208F139020829
:10D8E000992F02089D2F0208C14BD3F8AC30343376
:10D8F0000C93C04B0D93C04B0E93CDE90112012345
:10D900008DF83C3000230093089310AB13E90F000F
:10D91000F6F790FC04F062BEB54BD3F8AC3034336C
:10D9200008930CAEB54B099308A9B54B0A93304642
:10D93000FBF742FCCDE901540023ADF80030ADF80F
:10D94000183096E80F00F6F77DFA04F047BEA84BB2
:10D95000D3F8AC30543308930CAEAA4B099308A902
:10D96000A94B0A933046FBF71DFC00238DF81C30B1
:10D97000DDE90601CDE902548DE8030096E80F00C9
:10D98000F6F75EFB04F02ABE994BD3F8AC30603357
:10D9900008930CAE9D4B099308A99D4B0A93304602
:10D9A000FBF70AFCCDE901540023ADF80030ADF8D7
:10D9B000183096E80F00F6F745FA04F00FBE8C4BCE
:10D9C000D3F8AC30343308930CAE924B099308A9CA
:10D9D000914B0A933046FBF7EFFBCDE9015400234E
:10D9E000ADF80030ADF8183096E80F00F6F72AFAD7
:10D9F00004F0F4BD7E4BD3F8AC30343308930CAE56
:10DA0000864B099308A9864B0A933046FBF706FC20
:10DA1000CDE9015400230093069396E80F00F6F732
:10DA200061FB04F0DBBD724BD3F8AC30503308938C
:10DA30000CAE7C4B099308A97B4B0A933046FBF74D
:10DA4000CDFC00238DF81C30DDE90601CDE9025440
:10DA50008DE8030096E80F00F6F768F904F0BEBD04
:10DA6000634BD3F8AC30483308930CAE6D4B09933D
:10DA700008A96D4B0A933046FBF7B0FC00238DF8E4
:10DA80001C30DDE90601CDE902548DE8030096E87B
:10DA90000F00F6F74BF904F0A1BD554BD3F8AC30AD
:10DAA0004C3308930CAE574B099308A9564B0A9375
:10DAB0003046FBF777FB00238DF81C30DDE90601CB
:10DAC000CDE902548DE8030096E80F00F6F7B8FAA6
:10DAD00004F084BD464BD3F8AC305C3308930CAEF5
:10DAE000504B099308A9504B0A933046FBF776FC3C
:10DAF00000238DF81C30DDE90601CDE902548DE8E4
:10DB0000030096E80F00F6F711F904F067BD384BF3
:10DB1000D3F8AC30343308930CAE444B099308A9C6
:10DB2000434B0A933046FBF747FBCDE901540023F2
:10DB3000ADF80030ADF8183096E80F00F6F782F92E
:10DB400004F04CBD2A4BD3F8AC30613308930CAED3
:10DB50002E4B099308A92E4B0A933046FBF72CFB5A
:10DB6000CDE901540023ADF80030ADF8183096E847
:10DB70000F00F6F767F904F031BD1D4BD3F8AC3058
:10DB8000343308930CAE2B4B099308A92A4B0A9304
:10DB90003046FBF707FB00238DF81C30DDE906015A
:10DBA000CDE902548DE8030096E80F00F6F748FA35
:10DBB00004F014BD0E4BD3F8AC30383308930CAEE0
:10DBC000104B099308A9104B0A933046FBF7EAFA69
:10DBD00000238DF81C30DDE90601CDE902548DE803
:10DBE000030096E80F00F6F72BFA04F0F7BC00BF2D
:10DBF00080100020C92F0208CD2F0208E539020845
:10DC0000F54D02080D2F0208152F0208292F0208D2
:10DC10002D2F0208D9390208154E0208CD39020805
:10DC2000314E0208992F02089D2F0208C1390208BF
:10DC30004D4E0208B5390208694E0208B84BD3F8B8
:10DC4000AC303C3308930CAEB64B099308A9B64BE5
:10DC50000A933046FBF7A6FA00238DF81C30DDE965
:10DC60000601CDE902548DE8030096E80F00F6F7AF
:10DC7000E7F904F0B3BCAA4BD3F8AC3040330893B7
:10DC80000CAEA84B099308A9A74B0A933046FBF7A3
:10DC900089FA00238DF81C30DDE90601CDE9025434
:10DCA0008DE8030096E80F00F6F7CAF904F096BC79
:10DCB0009B4BD3F8AC30633308930CAE9B4B09936A
:10DCC00008A99B4B0A933046FBF776FACDE901543D
:10DCD0000023ADF80030ADF8183096E80F00F6F7E5
:10DCE000B1F804F07BBC8E4BD3F8AC3064330893AE
:10DCF0000CAE904B099308A98F4B0A933046FBF763
:10DD000077FBCDE901540023ADF80030ADF81830B1
:10DD100096E80F00F6F768FB04F060BC804BD3F880
:10DD2000AC30653308930CAE804B099308A9804B47
:10DD30000A933046FBF740FACDE901540023ADF8D1
:10DD40000030ADF8183096E80F00F6F77BF804F0D5
:10DD500045BC734BD3F8AC30823308930CAE774B91
:10DD6000099308A9764B0A933046FBF757FACDE999
:10DD7000015400230093069396E80F00F6F7B2F9DA
:10DD800004F02CBC664BD3F8AC30843308930CAE53
:10DD90006A4B099308A96A4B0A933046FBF73EFA8F
:10DDA000CDE9015400230093069396E80F00F6F79F
:10DDB00099F904F013BC5A4BD3F8AC000A464168F9
:10DDC00010B0BDE8F041F6F779B8554BD3F8AC3058
:10DDD000043308930CAE5B4B099308A95A4B0A9382
:10DDE0003046FBF7FBFA00238DF81C30DDE9060115
:10DDF000CDE902548DE8030096E80F00F5F796FF91
:10DE000004F0ECBB514952481346012210B0BDE862
:10DE1000F041F6F759B84F494F481346012210B068
:10DE2000BDE8F041F6F750B848494C481346012286
:10DE300010B0BDE8F041F6F747B8494946481346E7
:10DE4000012210B0BDE8F041F6F73EB8454942481E
:10DE50001346012210B0BDE8F041F6F735B8424B49
:10DE600008930CAE2F4B099308A92F4B0A93304609
:10DE7000FBF798F900238DF81C30DDE90601CDE9A8
:10DE800002548DE8030096E80F00F6F7D9F804F085
:10DE9000A5BB234BD3F8FC3010330C93334B0D93BD
:10DEA000334B0E93CDE9011201238DF83C30002352
:10DEB000ADF80030ADF8203010AB13E90F00F6F7E5
:10DEC00073FC04F08BBB16482A49D0F8FC001346BB
:10DED000012210B0BDE8F041F5F7F6BF104B1B4929
:10DEE000D3F8FC0013461430012210B0BDE8F04115
:10DEF000F5F7EABF0A482049D0F8FC001346012292
:10DF000010B0BDE8F041F5F7DFBF05481B49D0F878
:10DF1000FC001346012210B0BDE8F041F5F7D4BF74
:10DF2000801000200D2F0208152F0208292F02084B
:10DF30002D2F0208B92F0208BD2F0208D12F020889
:10DF4000D52F0208992F02089D2F0208FD2E0208E6
:10DF50005C110020A9390208301100206011002056
:10DF60009D3902089139020834110020D92F020886
:10DF7000DD2F020885390208793902086D39020857
:10DF8000BB4BD3F8FC30043308930CAEB94B099368
:10DF900008A9B94B0A933046FBF704F900238DF822
:10DFA0001C30DDE90601CDE902548DE8030096E856
:10DFB0000F00F6F745F804F011BBAD4BD3F8FC3079
:10DFC000083308930CAEAB4B099308A9AA4B0A93EC
:10DFD0003046FBF7E7F800238DF81C30DDE9060139
:10DFE000CDE902548DE8030096E80F00F6F728F813
:10DFF00004F0F4BA9E4BD3F8FC300C3308930CAE0B
:10E000009C4B099308A99C4B0A933046FBF7CAF82E
:10E0100000238DF81C30DDE90601CDE902548DE8BE
:10E02000030096E80F00F6F70BF804F0D7BA904B10
:10E03000D3F85C31043308930CAE8E4B099308A9D6
:10E040008D4B0A933046FBF7ADF800238DF81C305A
:10E05000DDE90601CDE902548DE8030096E80F00E2
:10E06000F5F7EEFF04F0BABA814BD3F85C31083310
:10E0700008930CAE7F4B099308A97F4B0A93304657
:10E08000FBF790F800238DF81C30DDE90601CDE99F
:10E0900002548DE8030096E80F00F5F7D1FF04F075
:10E0A0009DBA734BD3F85C310C3308930CAE714BB3
:10E0B000099308A9704B0A933046FBF773F80023C5
:10E0C0008DF81C30DDE90601CDE902548DE803002E
:10E0D00096E80F00F5F7B4FF04F080BA644BD3F86C
:10E0E00060311146187DF6F7D3FC04F077BA604B27
:10E0F000D3F8603108930CAE604B099308A9604BCC
:10E100000A933046FBF78AF8CDE9015400230093C7
:10E11000069396E80F00F5F7E5FF04F05FBA544B5D
:10E12000D3F8603108930CAE564B099308A9564BAF
:10E130000A933046FBF740F8CDE901540023ADF8CF
:10E140000030ADF8183096E80F00F5F77BFE04F0CC
:10E1500045BA474BD3F8603108930CAE454B099351
:10E1600008A9454B0A933046FBF71CF800238DF8AD
:10E170001C30DDE90601CDE902548DE8030096E884
:10E180000F00F5F75DFF04F029BA394BD3F8603181
:10E190000B3308930CAE3D4B099308A93C4B0A93F3
:10E1A0003046FBF709F8CDE901540023ADF8003003
:10E1B000ADF8183096E80F00F5F744FE04F00EBAFB
:10E1C0002B4BD3F8603108930CAE324B099308A95E
:10E1D000314B0A933046FAF7F9FF00238DF81C30D3
:10E1E000DDE90601CDE902548DE8030096E80F0051
:10E1F000F5F7E0FE04F0F2B91D4BD3F86431114697
:10E20000187DF6F745FC04F0E9B9194BD3F86431F1
:10E2100008930CAE194B099308A9194B0A93304681
:10E22000FAF7FCFFCDE9015400230093069396E82A
:10E230000F00F5F757FF04F0D1B90D4BD3F8643157
:10E2400008930CAE0F4B099308A90F4B0A93304665
:10E25000FAF7B2FFCDE901540023ADF80030ADF874
:10E26000183096E80F00F5F7EDFD04F0B7B900BFE0
:10E27000801000200D2F0208152F020861390208B6
:10E280007D4E020859390208954E0208292F0208CE
:10E290002D2F020851390208AD4E0208BD4BD3F8AC
:10E2A000643108930CAEBC4B099308A9BB4B0A938D
:10E2B0003046FAF777FF00238DF81C30DDE90601C0
:10E2C000CDE902548DE8030096E80F00F5F7B8FE9B
:10E2D00004F084B9AF4BD3F864310B3308930CAE20
:10E2E000AF4B099308A9AF4B0A933046FAF764FF86
:10E2F000CDE901540023ADF80030ADF8183096E8B0
:10E300000F00F5F79FFD04F069B9A24BD3F8643113
:10E3100008930CAEA44B099308A9A44B0A9330466A
:10E32000FAF754FF00238DF81C30DDE90601CDE932
:10E3300002548DE8030096E80F00F5F73BFE04F069
:10E340004DB9944BD3F86831043308930CAE984B15
:10E35000099308A9974B0A933046FAF75FFFCDE976
:10E36000015400230093069396E80F00F5F7BAFED8
:10E3700004F034B9874BD3F86831063308930CAEF8
:10E38000874B099308A9874B0A933046FAF714FF85
:10E39000CDE901540023ADF80030ADF8183096E80F
:10E3A0000F00F5F74FFD04F019B97A4BD3F8680167
:10E3B00003681B689847FBF72BBF764BD3F86801BF
:10E3C00003685B68F6E77C497C481346012210B07D
:10E3D000BDE8F041F5F79ABD774979481346012227
:10E3E00010B0BDE8F041F5F791BD7349754813468B
:10E3F000012210B0BDE8F041F5F788BD724B0893DB
:10E400000CAE724B099308A9714B0A933046FAF788
:10E41000DDFE00238DF81C30DDE90601CDE9025454
:10E420008DE8030096E80F00F5F7C4FD04F0D6B8B8
:10E43000614968481346012210B0BDE8F041F5F784
:10E4400065BD5D4964481346012210B0BDE8F04146
:10E45000F5F75CBD584961481346012210B0BDE88C
:10E46000F041F5F753BD5E4B08930CAE574B099343
:10E4700008A9574B0A933046FAF7A8FE00238DF8F7
:10E480001C30DDE90601CDE902548DE8030096E871
:10E490000F00F5F78FFD04F0A1B847495148134626
:10E4A000012210B0BDE8F041F5F730BD42494E48B9
:10E4B0001346012210B0BDE8F041F5F727BD3E49F3
:10E4C0004A481346012210B0BDE8F041F5F71EBDE1
:10E4D000474B08930CAE3D4B099308A93C4B0A935C
:10E4E0003046FAF773FE00238DF81C30DDE9060193
:10E4F000CDE902548DE8030096E80F00F5F75AFDC8
:10E5000004F06CB82C493B481346012210B0BDE81A
:10E51000F041F5F7FBBC284937481346012210B0FB
:10E52000BDE8F041F5F7F2BC234934481346012217
:10E5300010B0BDE8F041F5F7E9BC314B08930CAEE3
:10E54000224B099308A9224B0A933046FAF73EFE64
:10E5500000238DF81C30DDE90601CDE902548DE879
:10E56000030096E80F00F5F725FD04F037B81249CF
:10E5700024481346012210B0BDE8F041F5F7C6BCAF
:10E580000D4921481346012210B0BDE8F041F5F7CE
:10E59000BDBC00BF801000200D2F0208152F0208FF
:10E5A000292F02082D2F020851390208AD4E02080A
:10E5B00049390208C14E0208052F0208EC1100205B
:10E5C000F0110020F4110020F8110020312F020872
:10E5D000352F0208FC110020001200200412002038
:10E5E000081200200C12002010120020141200202B
:10E5F000181200201C1200202012002024120020DB
:10E60000281200202C12002030120020BD49BE48E4
:10E610001346012210B0BDE8F041F5F777BCBB4BC3
:10E6200008930CAEBA4B099308A9BA4B0A9330462B
:10E63000FAF7CCFD00238DF81C30DDE90601CDE9A9
:10E6400002548DE8030096E80F00F5F7B3FC03F0E1
:10E65000C5BFAC49B0481346012210B0BDE8F04137
:10E66000F5F754BCA749AD481346012210B0BDE8E8
:10E67000F041F5F74BBCA349A9481346012210B05D
:10E68000BDE8F041F5F742BCA64B08930CAEA04B99
:10E69000099308A99F4B0A933046FAF797FD002388
:10E6A0008DF81C30DDE90601CDE902548DE8030048
:10E6B00096E80F00F5F77EFC03F090BF91499A4869
:10E6C0001346012210B0BDE8F041F5F71FBC8D499B
:10E6D00096481346012210B0BDE8F041F5F716BC8C
:10E6E000884993481346012210B0BDE8F041F5F780
:10E6F0000DBC904B08930CAE854B099308A9854B34
:10E700000A933046FAF762FD00238DF81C30DDE9EC
:10E710000601CDE902548DE8030096E80F00F5F7F5
:10E7200049FC03F05BBF774983481346012210B0D0
:10E73000BDE8F041F5F7EABB724980481346012273
:10E7400010B0BDE8F041F5F7E1BB6E497C481346D7
:10E75000012210B0BDE8F041F5F7D8BB794B089322
:10E760000CAE6B4B099308A96A4B0A933046FAF733
:10E770002DFD00238DF81C30DDE90601CDE90254A2
:10E780008DE8030096E80F00F5F714FC03F026BFB0
:10E790005C496D481346012210B0BDE8F041F5F721
:10E7A000B5BB584969481346012210B0BDE8F04195
:10E7B000F5F7ACBB534966481346012210B0BDE8DB
:10E7C000F041F5F7A3BB634B08930CAE504B099394
:10E7D00008A9504B0A933046FAF7F8FC00238DF84D
:10E7E0001C30DDE90601CDE902548DE8030096E80E
:10E7F0000F00F5F7DFFB03F0F1BE42495648134620
:10E80000012210B0BDE8F041F5F780BB3D49534807
:10E810001346012210B0BDE8F041F5F777BB394946
:10E820004F481346012210B0BDE8F041F5F76EBB2A
:10E830004C4B08930CAE364B099308A9354B0A9301
:10E840003046FAF7C3FC00238DF81C30DDE90601E1
:10E85000CDE902548DE8030096E80F00F5F7AAFB16
:10E8600003F0BCBE274940481346012210B0BDE862
:10E87000F041F5F74BBB23493C481346012210B049
:10E88000BDE8F041F5F742BB1E4939481346012265
:10E8900010B0BDE8F041F5F739BB364B08930CAE2C
:10E8A0001B4B099308A91B4B0A933046FAF78EFCC1
:10E8B00000238DF81C30DDE90601CDE902548DE816
:10E8C000030096E80F00F5F775FB03F087BE0D49CE
:10E8D00029481346012210B0BDE8F041F5F716BBF8
:10E8E000084926481346012210B0BDE8F041F5F76B
:10E8F0000DBB044922481346012210B0BDE8F04187
:10E90000F5F704BB052F020834120020381200204E
:10E91000312F0208352F02083C120020401200203F
:10E9200044120020481200204C12002050120020F7
:10E9300054120020581200205C12002060120020A7
:10E9400064120020681200206C1200207012002057
:10E9500074120020781200207C1200208012002007
:10E9600084120020881200208C12002090120020B7
:10E9700094120020981200209C120020A012002067
:10E98000A4120020BF4B08930CAEBF4B099308A9FB
:10E99000BE4B0A933046FAF719FC00238DF81C3061
:10E9A000DDE90601CDE902548DE8030096E80F0089
:10E9B000F5F700FB03F012BEB549B6481346012235
:10E9C00010B0BDE8F041F5F7A1BAB149B24813461D
:10E9D000012210B0BDE8F041F5F798BAAC49AF4854
:10E9E0001346012210B0BDE8F041F5F78FBAAC4BE9
:10E9F00008930CAEA44B099308A9A44B0A93304684
:10EA0000FAF7E4FB00238DF81C30DDE90601CDE9BF
:10EA100002548DE8030096E80F00F5F7CBFA03F0F7
:10EA2000DDBDA048EAF7A0FCFBF7F2BB9E4B0C93C0
:10EA30009E4B0D939E4B0E9301238DF83C3000238B
:10EA40008DF82430CDE90212DDE908018DE80300DC
:10EA500010AB13E90F00F5F7AFF903F0BFBD914B11
:10EA6000114693F8FC04F6F713F803F0B7BD884994
:10EA700090481346012210B0BDE8F041F5F746BAC0
:10EA80008D498E481346012210B0BDE8F041F4F7DD
:10EA900095BC844BD3F8283511461878FAF794F8CA
:10EAA00003F09CBD864B0C93864B0D93864B0E93C7
:10EAB000CDE9011201238DF83C300023ADF8003080
:10EAC000ADF8203010AB13E90F00F5F7F5FD03F0BA
:10EAD00085BD7E4B08930CAE7D4B099308A97D4BF9
:10EAE0000A933046FAF768FBCDE901540023ADF8EC
:10EAF0000030ADF8183096E80F00F5F7A3F903F0F1
:10EB00006DBD754B08930CAE714B099308A9714B01
:10EB10000A933046FAF750FBCDE901540023ADF8D3
:10EB20000030ADF8183096E80F00F5F78BF903F0D8
:10EB300055BD6A4B08930CAE654B099308A9654B0C
:10EB40000A933046FAF738FBCDE901540023ADF8BB
:10EB50000030ADF8183096E80F00F5F773F903F0C0
:10EB60003DBD5F4B08930CAE594B099308A9594B17
:10EB70000A933046FAF720FBCDE901540023ADF8A3
:10EB80000030ADF8183096E80F00F5F75BF903F0A8
:10EB900025BD544B08930CAE4D4B099308A94D4B22
:10EBA0000A933046FAF708FBCDE901540023ADF88B
:10EBB0000030ADF8183096E80F00F5F743F903F090
:10EBC0000DBD494B08930CAE414B099308A9414B2D
:10EBD0000A933046FAF7F0FACDE901540023ADF874
:10EBE0000030ADF8183096E80F00F5F72BF903F078
:10EBF000F5BC3E4B08930CAE354B099308A9354B39
:10EC00000A933046FAF7D8FACDE901540023ADF85B
:10EC10000030ADF8183096E80F00F5F713F903F05F
:10EC2000DDBC334B08930CAE294B099308A9294B43
:10EC30000A933046FAF7C0FACDE901540023ADF843
:10EC40000030ADF8183096E80F00F5F7FBF803F048
:10EC5000C5BC284B08930CAE1D4B099308A91D4B4E
:10EC60000A933046FAF7A8FACDE901540023ADF82B
:10EC70000030ADF8183096E80F00F5F7E3F803F030
:10EC8000ADBC00BFA8120020312F0208352F0208AA
:10EC9000052F0208AC120020B0120020B412002090
:10ECA000B812002080100020781500206D2F020877
:10ECB000712F020888150020752F0208801500208A
:10ECC0009C150020812F0208852F0208AC1500201A
:10ECD000292F02082D2F0208401300204113002085
:10ECE000421300204313002044130020451300204A
:10ECF0004613002047130020BD4B08930CAEBD4BBC
:10ED0000099308A9BC4B0A933046FAF74BFA002343
:10ED10008DF81C30DDE90601CDE902548DE80300D1
:10ED200096E80F00F5F78CF903F058BCB34B089345
:10ED30000CAEB34B099308A9B24B0A933046FAF7CD
:10ED40003BFACDE901540023ADF80030ADF818309E
:10ED500096E80F00F5F776F803F040BCAA4B08934D
:10ED60000CAEAA4B099308A9A94B0A933046FAF7AF
:10ED700055FACDE9015400230093069396E80F005D
:10ED8000F5F7B0F903F02ABC9F4B08930CAEA14BEA
:10ED9000099308A9A04B0A933046FAF73FFACDE948
:10EDA000015400230093069396E80F00F5F79AF9B3
:10EDB00003F014BC994B08930CAE8E4B099308A931
:10EDC0008D4B0A933046FAF7EDF900238DF81C308D
:10EDD000DDE90601CDE902548DE8030096E80F0055
:10EDE000F5F72EF903F0FABB8D4B08930CAE814B6F
:10EDF000099308A9804B0A933046FAF7D3F9002308
:10EE00008DF81C30DDE90601CDE902548DE80300E0
:10EE100096E80F00F5F714F903F0E0BB814B089377
:10EE20000CAE744B099308A9734B0A933046FAF75A
:10EE3000B9F900238DF81C30DDE90601CDE9025453
:10EE40008DE8030096E80F00F5F7FAF803F0C6BB6B
:10EE5000754B08930CAE674B099308A9664B0A9350
:10EE60003046FAF79FF900238DF81C30DDE90601E2
:10EE7000CDE902548DE8030096E80F00F5F7E0F8BD
:10EE800003F0ACBB694B08930CAE5A4B099308A92D
:10EE9000594B0A933046FAF785F900238DF81C3058
:10EEA000DDE90601CDE902548DE8030096E80F0084
:10EEB000F5F7C6F803F092BB5D4B08930CAE4D4BD3
:10EEC000099308A94C4B0A933046FAF76BF90023D3
:10EED0008DF81C30DDE90601CDE902548DE8030010
:10EEE00096E80F00F5F7ACF803F078BB514B0893A8
:10EEF0000CAE404B099308A93F4B0A933046FAF7F2
:10EF000051F900238DF81C30DDE90601CDE90254EA
:10EF10008DE8030096E80F00F5F792F803F05EBB6A
:10EF2000454B08930CAE334B099308A9324B0A9317
:10EF30003046FAF737F900238DF81C30DDE9060179
:10EF4000CDE902548DE8030096E80F00F5F778F854
:10EF500003F044BB394B08930CAE264B099308A928
:10EF6000254B0A933046FAF71DF900238DF81C3023
:10EF7000DDE90601CDE902548DE8030096E80F00B3
:10EF8000F5F75EF803F02ABB2D4B08930CAE194B36
:10EF9000099308A9184B0A933046FAF703F900239E
:10EFA0008DF81C30DDE90601CDE902548DE803003F
:10EFB00096E80F00F5F744F803F010BB214B0893D7
:10EFC0000CAE0C4B099308A90B4B0A933046FAF789
:10EFD000E9F800238DF81C30DDE90601CDE9025483
:10EFE0008DE8030096E80F00F5F72AF803F0F6BA6B
:10EFF000481300200D2F0208152F02084C13002083
:10F00000292F02082D2F020840130020BD3A0208C4
:10F01000BD4C0208B53A0208D94C0208541300202E
:10F02000581300205C13002060130020641300209C
:10F030007013002074130020781300207C1300202C
:10F040008013002084130020BB4B08930CAEBB4BF5
:10F05000099308A9BA4B0A933046FAF7ADF8CDE9FF
:10F0600001540023ADF80030ADF8183096E80F00D9
:10F07000F4F7E8FE03F0B2BAB24B08930CAEAF4B14
:10F08000099308A9AE4B0A933046FAF795F8CDE9F3
:10F0900001540023ADF80030ADF8183096E80F00A9
:10F0A000F4F7D0FE03F09ABAA74B08930CAEA34B2B
:10F0B000099308A9A24B0A933046FAF77DF8CDE9E7
:10F0C00001540023ADF80030ADF8183096E80F0079
:10F0D000F4F7B8FE03F082BA9C4B08930CAE9C4B3D
:10F0E000099308A99B4B0A933046FAF75BF8002373
:10F0F0008DF81C30DDE90601CDE902548DE80300EE
:10F1000096E80F00F4F79CFF03F068BA924B08935F
:10F110000CAE8F4B099308A98E4B0A933046FAF731
:10F1200041F800238DF81C30DDE90601CDE90254D9
:10F130008DE8030096E80F00F4F782FF03F04EBA63
:10F14000864B08930CAE824B099308A9814B0A9316
:10F150003046FAF727F800238DF81C30DDE9060168
:10F16000CDE902548DE8030096E80F00F4F768FF3C
:10F1700003F034BA7A4B08930CAE754B099308A987
:10F18000744B0A933046FAF70DF800238DF81C30C3
:10F19000DDE90601CDE902548DE8030096E80F0091
:10F1A000F4F74EFF03F01ABA6E4B08930CAE684B9F
:10F1B000099308A9674B0A933046F9F7F3FF002338
:10F1C0008DF81C30DDE90601CDE902548DE803001D
:10F1D00096E80F00F4F734FF03F000BA624B08938F
:10F1E0000CAE5B4B099308A95A4B0A933046F9F7CA
:10F1F000D9FF00238DF81C30DDE90601CDE902546A
:10F200008DE8030096E80F00F4F71AFF03F0E6B963
:10F21000564B08930CAE494B099308A9484B0A93E7
:10F220003046F9F7C9FFCDE901540023ADF80030AD
:10F23000ADF8183096E80F00F4F704FE03F0CEB9ED
:10F240004B4B08930CAE3D4B099308A93C4B0A93DA
:10F250003046F9F7B1FFCDE901540023ADF8003095
:10F26000ADF8183096E80F00F4F7ECFD03F0B6B9EE
:10F27000404B08930CAE314B099308A9304B0A93CD
:10F280003046F9F799FFCDE901540023ADF800307D
:10F29000ADF8183096E80F00F4F7D4FD03F09EB9EE
:10F2A000354B08930CAE354B099308A9344B0A93A0
:10F2B0003046F9F78BFF00238DF81C30DDE906019D
:10F2C000CDE902548DE8030096E80F00F4F772FED2
:10F2D00003F084B92B4B08930CAE184B099308A983
:10F2E000174B0A933046F9F767FFCDE90154002325
:10F2F000ADF80030ADF8183096E80F00F4F7A2FD35
:10F3000003F06CB9204B08930CAE1C4B099308A971
:10F310001B4B0A933046F9F759FF00238DF81C3038
:10F32000DDE90601CDE902548DE8030096E80F00FF
:10F33000F4F740FE03F052B988130020292F020889
:10F340002D2F0208891300208A1300208C1300201F
:10F350000D2F0208152F020890130020941300208F
:10F36000981300209C130020A0130020A413002059
:10F37000A5130020A6130020A8130020312F020897
:10F38000352F0208AC130020B0130020BA4B0893AD
:10F390000CAEBA4B099308A9B94B0A933046F9F75A
:10F3A00015FF00238DF81C30DDE90601CDE902547C
:10F3B0008DE8030096E80F00F4F7FCFD03F00EB9AA
:10F3C000B04B08930CAEAD4B099308A9AC4B0A9314
:10F3D0003046F9F7FBFE00238DF81C30DDE906010D
:10F3E000CDE902548DE8030096E80F00F4F7E2FD42
:10F3F00003F0F4B8A44B08930CAEA04B099308A9F2
:10F400009F4B0A933046F9F7E1FE00238DF81C303C
:10F41000DDE90601CDE902548DE8030096E80F000E
:10F42000F4F7C8FD03F0DAB8984B08930CAE934B91
:10F43000099308A9924B0A933046F9F7C7FE0023B7
:10F440008DF81C30DDE90601CDE902548DE803009A
:10F4500096E80F00F4F7AEFD03F0C0B88C4B0893AC
:10F460000CAE864B099308A9854B0A933046F9F7F1
:10F47000ADFE00238DF81C30DDE90601CDE9025414
:10F480008DE8030096E80F00F4F794FD03F0A6B8AA
:10F49000804B08930CAE794B099308A9784B0A93DB
:10F4A0003046F9F793FE00238DF81C30DDE90601A4
:10F4B000CDE902548DE8030096E80F00F4F77AFDD9
:10F4C00003F08CB8744B08930CAE6C4B099308A9ED
:10F4D0006B4B0A933046F9F779FE00238DF81C3008
:10F4E000DDE90601CDE902548DE8030096E80F003E
:10F4F000F4F760FD03F072B8684B08930CAE5F4BF5
:10F50000099308A95E4B0A933046F9F75FFE002382
:10F510008DF81C30DDE90601CDE902548DE80300C9
:10F5200096E80F00F4F746FD03F058B85C4B0893DB
:10F530000CAE524B099308A9514B0A933046F9F788
:10F5400045FE00238DF81C30DDE90601CDE90254AB
:10F550008DE8030096E80F00F4F72CFD03F03EB8A9
:10F56000504BD3F80834983308930CAE4E4B0993A4
:10F5700008A94E4B0A933046F9F714FE00238DF884
:10F580001C30DDE90601CDE902548DE8030096E860
:10F590000F00F4F755FD03F021B8424BD3F80834BF
:10F5A00090330C93424B0D93424B0E93CDE90412D2
:10F5B00001238DF83C3000238DF8283008AB0FCBA9
:10F5C0008DE80F0010AB13E90F00F4F7B9FA03F060
:10F5D00005B8344BD3F80834114693F89C00F5F77E
:10F5E00057FA02F0FBBF2F4BD3F80834114693F8BB
:10F5F0009E00F5F74DFA02F0F1BF2A482E49D0F8E7
:10F6000008041346012210B0BDE8F041F4F75CBCD9
:10F6100024482A49D0F808041346012210B0BDE856
:10F62000F041F4F751BC1F482549D0F808041346AF
:10F63000012210B0BDE8F041F4F746BC194BD3F8F5
:10F640000834B03308930CAE174B099308A9174B35
:10F650000A933046F9F7A6FD00238DF81C30DDE94A
:10F660000601CDE902548DE8030096E80F00F4F797
:10F67000E7FC02F0B3BF00BFB4130020312F020833
:10F68000352F0208B8130020BC130020C01300203F
:10F69000C4130020C8130020CC130020D013002076
:10F6A000D4130020801000200D2F0208152F02080F
:10F6B000892F0208912F0208B99202089D92020830
:10F6C0007D920208B74BD3F80834B43308930CAEDC
:10F6D000B54B099308A9B54B0A933046F9F762FD7B
:10F6E00000238DF81C30DDE90601CDE902548DE8D8
:10F6F000030096E80F00F4F7A3FC02F06FBFA94BDC
:10F70000D3F80834B83308930CAEA74B099308A973
:10F71000A64B0A933046F9F745FD00238DF81C30BF
:10F72000DDE90601CDE902548DE8030096E80F00FB
:10F73000F4F786FC02F052BF9A4B9D49D3F80804B7
:10F740001346C030012210B0BDE8F041F4F7BCBB55
:10F75000944BD3F80834C43308930CAE924B0993FE
:10F7600008A9924B0A933046F9F71CFD00238DF847
:10F770001C30DDE90601CDE902548DE8030096E86E
:10F780000F00F4F75DFC02F029BF864B8849D3F8DF
:10F790000804134600F5B870012210B0BDE8F0412E
:10F7A000F4F792BB7F4B8249D3F80804134600F567
:10F7B000BA70012210B0BDE8F041F4F785BB794B77
:10F7C0007B49D3F80804134600F5BC70012210B041
:10F7D000BDE8F041F4F778BB724B7549D3F80834B3
:10F7E000586913461030012210B0BDE8F041F4F71B
:10F7F0006BBB6C4BD3F808345B692C3308930CAEAD
:10F80000694B099308A9694B0A933046F9F7CAFC7A
:10F8100000238DF81C30DDE90601CDE902548DE8A6
:10F82000030096E80F00F4F70BFC02F0D7BE5D4B27
:10F83000D3F808345B69303308930CAE5A4B099304
:10F8400008A95A4B0A933046F9F7ACFC00238DF80F
:10F850001C30DDE90601CDE902548DE8030096E88D
:10F860000F00F4F7EDFB02F0B9BE4E4BD3F80834AD
:10F870005B69343308930CAE4E4B099308A94E4B89
:10F880000A933046F9F798FCCDE901540023ADF80E
:10F890000030ADF8183096E80F00F4F7D3FA02F014
:10F8A0009DBE404B4249D3F8083498691346103046
:10F8B000012210B0BDE8F041F4F706BB394BD3F894
:10F8C00008349B692C3308930CAE3C4B099308A970
:10F8D0003B4B0A933046F9F7A1FCCDE901540023D4
:10F8E0000093069396E80F00F4F7FCFB02F076BE57
:10F8F0002C4BD3F808349B692C3308930CAE2A4B5D
:10F90000099308A9294B0A933046F9F74BFC0023C9
:10F910008DF81C30DDE90601CDE902548DE80300C5
:10F9200096E80F00F4F78CFB02F058BE1D4BD3F89D
:10F9300008349B69303308930CAE1B4B099308A91C
:10F940001A4B0A933046F9F72DFC00238DF81C3032
:10F95000DDE90601CDE902548DE8030096E80F00C9
:10F96000F4F76EFB02F03ABE0E4BD3F808349B69F5
:10F97000343308930CAE0C4B099308A90B4B0A9334
:10F980003046F9F70FFC00238DF81C30DDE9060145
:10F99000CDE902548DE8030096E80F00F4F750FB20
:10F9A00002F01CBE801000200D2F0208152F020847
:10F9B000FD2E0208292F02082D2F0208AD3A020859
:10F9C000F14C0208C34BD3F808349B6938330893D1
:10F9D0000CAEC14B099308A9C04B0A933046F9F706
:10F9E000E1FB00238DF81C30DDE90601CDE902546E
:10F9F0008DE8030096E80F00F4F722FB02F0EEBD5D
:10FA0000B44BD3F808349B69403308930CAEB24B27
:10FA1000099308A9B14B0A933046F9F7C3FB0023B9
:10FA20008DF81C30DDE90601CDE902548DE80300B4
:10FA300096E80F00F4F704FB02F0D0BDA54BD3F815
:10FA400008349B69443308930CAEA34B099308A96F
:10FA5000A24B0A933046F9F7A5FB00238DF81C3022
:10FA6000DDE90601CDE902548DE8030096E80F00B8
:10FA7000F4F7E6FA02F0B2BD964BD3F808349B696E
:10FA8000483308930CAE964B099308A9954B0A93FB
:10FA90003046F9F791FBCDE901540023ADF8003071
:10FAA000ADF8183096E80F00F4F7CCF902F096BDE7
:10FAB000884B8D49D3F808041346C830012210B092
:10FAC000BDE8F041F4F700BA824B8849D3F8080446
:10FAD0001346C830012210B0BDE8F041F4F7F4B984
:10FAE0007C4BD3F80834DC3308930CAE7A4B099383
:10FAF00008A97A4B0A933046F9F754FB00238DF896
:10FB00001C30DDE90601CDE902548DE8030096E8DA
:10FB10000F00F4F795FA02F061BD6E4B7449D3F80B
:10FB200008041346C830012210B0BDE8F041F4F7D4
:10FB3000CBB9684B6F49D3F808041346C83001228B
:10FB400010B0BDE8F041F4F7BFB9624B6A49D3F891
:10FB500008041346C830012210B0BDE8F041F4F7A4
:10FB6000B3B95C4B6549D3F808041346C830012289
:10FB700010B0BDE8F041F4F7A7B9564B6049D3F88F
:10FB800008041346C830012210B0BDE8F041F4F774
:10FB90009BB9504B5B49D3F808041346C830012287
:10FBA00010B0BDE8F041F4F78FB94A4B5649D3F88D
:10FBB00008041346C830012210B0BDE8F041F4F744
:10FBC00083B9444B5149D3F808041346C830012285
:10FBD00010B0BDE8F041F4F777B93E4B4C49D3F88B
:10FBE0000804134600F5AA70012210B0BDE8F041E8
:10FBF000F4F76AB9374B4649D3F80804134600F5C1
:10FC0000AC70012210B0BDE8F041F4F75DB9314BA2
:10FC10003F49D3F80804134600F5B670012210B02E
:10FC2000BDE8F041F4F750B92A4BD3F8083403F596
:10FC3000AE7308930CAE284B099308A9274B0A937F
:10FC40003046F9F7AFFA00238DF81C30DDE90601E4
:10FC5000CDE902548DE8030096E80F00F4F7F0F9BF
:10FC600002F0BCBC1B4BD3F8083403F5B073089307
:10FC70000CAE194B099308A9184B0A933046F9F7B3
:10FC800091FA00238DF81C30DDE90601CDE902541C
:10FC90008DE8030096E80F00F4F7D2F902F09EBC5D
:10FCA0000C4B1B49D3F80804134600F5B27001222F
:10FCB00010B0BDE8F041F4F707B9064B1449D3F88A
:10FCC0000804134600F5B470012210B0BDE8F041FD
:10FCD000F4F7FAB8801000200D2F0208152F020843
:10FCE000292F02082D2F0208D9930208BD9302087C
:10FCF0009D930208819302086193020845930208CC
:10FD0000A53A0208893A02082593020809930208D5
:10FD1000FD2E0208C54BC649D3F8080413468830A7
:10FD2000012210B0BDE8F041F4F7F0B8BF4BC04974
:10FD3000D3F8080413468C30012210B0BDE8F0411E
:10FD4000F4F7E4B8B94BD3F808341C3308930CAE7D
:10FD5000B84B099308A9B84B0A933046F9F72CFA27
:10FD6000CDE901540023ADF80030ADF8183096E825
:10FD70000F00F4F767F802F031BCAC4BD3F808344D
:10FD8000203308930CAEAD4B099308A9AC4B0A93F2
:10FD90003046F9F723FB00238DF81C30DDE906011E
:10FDA000CDE902548DE8030096E80F00F3F7BEFF9B
:10FDB00002F014BC9D4BD3F80834243308930CAEE6
:10FDC000A04B099308A9A04B0A933046F9F7EAF92A
:10FDD00000238DF81C30DDE90601CDE902548DE8E1
:10FDE000030096E80F00F4F72BF902F0F7BB8F4BF6
:10FDF000D3F80834283308930CAE924B099308A922
:10FE0000914B0A933046F9F7CDF900238DF81C3059
:10FE1000DDE90601CDE902548DE8030096E80F0004
:10FE2000F4F70EF902F0DABB804BD3F808341C3338
:10FE300008930CAE854B099308A9854B0A9330466D
:10FE4000F9F7B0F900238DF81C30DDE90601CDE9A2
:10FE500002548DE8030096E80F00F4F7F1F802F081
:10FE6000BDBB724BD3F808341C3308930CAE794BEE
:10FE7000099308A9784B0A933046F9F793F90023C0
:10FE80008DF81C30DDE90601CDE902548DE8030050
:10FE900096E80F00F4F7D4F802F0A0BB634BD3F858
:10FEA0000834343308930CAE664B099308A9664BAB
:10FEB0000A933046F9F776F900238DF81C30DDE916
:10FEC0000601CDE902548DE8030096E80F00F4F72F
:10FED000B7F802F083BB554BD3F8083438330C9392
:10FEE0005E4B0D935E4B0E93CDE9011201238DF80D
:10FEF0003C300023ADF80030ADF8203010AB13E9F2
:10FF00000F00F4F761FB02F069BB484BD3F80834EB
:10FF10003C3308930CAE4B4B099308A94A4B0A9308
:10FF20003046F9F73FF900238DF81C30DDE9060172
:10FF3000CDE902548DE8030096E80F00F4F780F84D
:10FF400002F04CBB394BD3F80834403308930CAE65
:10FF50003C4B099308A93C4B0A933046F9F722F928
:10FF600000238DF81C30DDE90601CDE902548DE84F
:10FF7000030096E80F00F4F763F802F02FBB2B4B59
:10FF8000D3F80834443308930CAE2E4B099308A9D8
:10FF90002D4B0A933046F9F705F900238DF81C30F4
:10FFA000DDE90601CDE902548DE8030096E80F0073
:10FFB000F4F746F802F012BB1C4BD3F80834503368
:10FFC00008930CAE1F4B099308A91F4B0A933046A8
:10FFD000F9F7E8F800238DF81C30DDE90601CDE9DA
:10FFE00002548DE8030096E80F00F4F729F802F0B8
:10FFF000F5BA0E4BD3F80834543308930CAE114BBA
:020000040803EF
:10000000099308A9104B0A933046F9F7CBF800235F
:100010008DF81C30DDE90601CDE902548DE80300BE
:1000200096E80F00F4F70CF802F0D8BA8010002020
:10003000052F02086D3A0208154D0208992F020893
:100040009D2F02080D2F0208152F0208653A02089D
:10005000314D0208593A0208494D0208A12F020801
:10006000A52F0208B94BD3F80834483308930CAED7
:10007000B74B099308A9B74B0A933046F9F792F8A2
:1000800000238DF81C30DDE90601CDE902548DE82E
:10009000030096E80F00F3F7D3FF02F09FBAAB4BD3
:1000A000D3F808341C3308930CAEAB4B099308A962
:1000B000AA4B0A933046F9F775F800238DF81C30E7
:1000C000DDE90601CDE902548DE8030096E80F0052
:1000D000F3F7B6FF02F082BA9C4BD3F808345833DA
:1000E00008930CAE9A4B099308A99A4B0A93304691
:1000F000F9F758F800238DF81C30DDE90601CDE949
:1001000002548DE8030096E80F00F3F799FF02F020
:1001100065BA8E4BD3F808345C3308930CAE8C4B25
:10012000099308A98B4B0A933046F9F73BF8002353
:100130008DF81C30DDE90601CDE902548DE803009D
:1001400096E80F00F3F77CFF02F048BA7F4BD3F834
:100150000834603308930CAE814B099308A9814B96
:100160000A933046F9F728F8CDE901540023ADF899
:100170000030ADF8183096E80F00F3F763FE02F098
:100180002DBA724BD3F80834643308930CAE704B1D
:10019000099308A96F4B0A933046F9F703F8002337
:1001A0008DF81C30DDE90601CDE902548DE803002D
:1001B00096E80F00F3F744FF02F010BA634BD3F850
:1001C0000834683308930CAE614B099308A9614B5E
:1001D0000A933046F8F7E6FF00238DF81C30DDE97E
:1001E0000601CDE902548DE8030096E80F00F3F70D
:1001F00027FF02F0F3B9554BD3F808346C3308935A
:100200000CAE574B099308A9564B0A933046F8F7A2
:10021000D3FFCDE901540023ADF80030ADF818301C
:1002200096E80F00F3F70EFE02F0D8B9474BD3F86B
:1002300008346D3308930CAE494B099308A9494B18
:100240000A933046F8F7B8FFCDE901540023ADF822
:100250000030ADF8183096E80F00F3F7F3FD02F028
:10026000BDB93A4BD3F80834703308930CAE384B11
:10027000099308A9374B0A933046F8F793FF0023F8
:100280008DF81C30DDE90601CDE902548DE803004C
:1002900096E80F00F3F7D4FE02F0A0B92B4BD3F889
:1002A0000834743308930CAE294B099308A9294BE1
:1002B0000A933046F8F776FF00238DF81C30DDE90D
:1002C0000601CDE902548DE8030096E80F00F3F72C
:1002D000B7FE02F083B91D4BD3F808347833089386
:1002E0000CAE1B4B099308A91A4B0A933046F8F73A
:1002F00059FF00238DF81C30DDE90601CDE90254D9
:100300008DE8030096E80F00F3F79AFE02F066B955
:100310000E4BD3F808347C3308930CAE0C4B099386
:1003200008A90C4B0A933046F8F73CFF00238DF8E0
:100330001C30DDE90601CDE902548DE8030096E8A2
:100340000F00F3F77DFE02F049B900BF80100020D6
:100350000D2F0208152F02084D3A0208614D0208C0
:10036000292F02082D2F0208BF4BD3F8B03303F515
:1003700063531C330C93BD4B0D93BD4B0E93CDE9D2
:10038000011201238DF83C300023ADF80030ADF8A8
:10039000203010AB13E90F00F4F762F802F01EB939
:1003A000B14BD3F8B03303F56353203308930CAE4D
:1003B000B04B099308A9B04B0A933046F8F7F2FE08
:1003C00000238DF81C30DDE90601CDE902548DE8EB
:1003D000030096E80F00F3F733FE02F0FFB8A24BDC
:1003E000D3F8B03308930CAEA44B099308A9A44BDF
:1003F0000A933046F8F7D6FE00238DF81C30DDE96D
:100400000601CDE902548DE8030096E80F00F3F7EA
:1004100017FE02F0E3B8944BD3F8B03303F56453FE
:10042000183308930CAE934B099308A9924B0A9387
:100430003046F8F7B7FE00238DF81C30DDE90601E1
:10044000CDE902548DE8030096E80F00F3F7F8FDBC
:1004500002F0C4B8844BD3F8B03303F564531C33B3
:1004600008930CAE834B099308A9834B0A9330463B
:10047000F8F798FE00238DF81C30DDE90601CDE980
:1004800002548DE8030096E80F00F3F7D9FD02F05F
:10049000A5B8754B7B49D3F8B00300F564501346FB
:1004A0000430012210B0BDE8F041F3F70DBD6E4BF2
:1004B0007449D3F8B00300F56450134608300122A4
:1004C00010B0BDE8F041F3F7FFBC674B6D49D3F8BE
:1004D000B00300F5645013461030012210B0BDE89F
:1004E000F041F3F7F1BC604BD3F8B03303F5405360
:1004F000114693F83D09F4F7CBFA02F06FB85A4B66
:10050000D3F8B03303F564530C3308930CAE594B56
:10051000099308A9584B0A933046F8F743FE002385
:100520008DF81C30DDE90601CDE902548DE80300A9
:1005300096E80F00F3F784FD02F050B84A4BD3F869
:10054000B03303F564533E3308930CAE4E4B09931E
:1005500008A94E4B0A933046F8F72EFECDE9015418
:100560000023ADF80030ADF8183096E80F00F3F72F
:1005700069FC02F033B83C4BD3F8B03303F5645355
:10058000383308930CAE3B4B099308A93A4B0A93B6
:100590003046F8F707FE00238DF81C30DDE9060130
:1005A000CDE902548DE8030096E80F00F3F748FD0B
:1005B00002F014B82C4BD3F8B03303F562532C334C
:1005C00008930CAE2B4B099308A92B4B0A9330468A
:1005D000F8F7E8FD00238DF81C30DDE90601CDE9D0
:1005E00002548DE8030096E80F00F3F729FD01F0AF
:1005F000F5BF1D4BD3F8B03303F562533133089385
:100600000CAE214B099308A9204B0A933046F8F70A
:10061000D3FDCDE901540023ADF80030ADF818301A
:1006200096E80F00F3F70EFC01F0D8BF0E4BD3F89D
:10063000B03303F56253333308930CAE124B099376
:1006400008A9124B0A933046F8F7B6FDCDE90154DC
:100650000023ADF80030ADF8183096E80F00F3F73E
:10066000F1FB01F0BBBF00BF80100020A92F0208E2
:10067000AD2F02080D2F0208152F0208413A02087B
:10068000854D0208FD2E0208292F02082D2F020891
:10069000C64BD3F8B03303F56253303308930CAE36
:1006A000C34B099308A9C34B0A933046F8F784FD5E
:1006B000CDE901540023ADF80030ADF8183096E8CC
:1006C0000F00F3F7BFFB01F089BFB84BD3F8B0338D
:1006D00003F56253323308930CAEB54B099308A966
:1006E000B44B0A933046F8F767FDCDE90154002377
:1006F000ADF80030ADF8183096E80F00F3F7A2FB24
:1007000001F06CBFA94BD3F8B03318330C93AA4B4C
:100710000D93AA4B0E93CDE9011201238DF83C30C5
:100720000023ADF80030ADF8203010AB13E90F0016
:10073000F3F70EFF01F052BF9C4BD3F8B0331933DF
:100740000C939F4B0D939F4B0E93CDE90112012308
:100750008DF83C300023ADF80030ADF8203010AB00
:1007600013E90F00F3F76CFF01F038BF8F4BD3F89C
:10077000B0331C3308930CAE934B099308A9934BE9
:100780000A933046F8F70EFD00238DF81C30DDE9A2
:100790000601CDE902548DE8030096E80F00F3F757
:1007A0004FFC01F01BBF814BD3F8B03320330893CB
:1007B0000CAE854B099308A9844B0A933046F8F791
:1007C000F1FC00238DF81C30DDE90601CDE902546F
:1007D0008DE8030096E80F00F3F732FC01F0FEBE4F
:1007E000724BD3F8B033243308930CAE764B099395
:1007F00008A9764B0A933046F8F7D4FC00238DF80D
:100800001C30DDE90601CDE902548DE8030096E8CD
:100810000F00F3F715FC01F0E1BE644BD3F8B033E1
:10082000303308930CAE684B099308A9674B0A93C1
:100830003046F8F7B7FC00238DF81C30DDE90601DF
:10084000CDE902548DE8030096E80F00F3F7F8FBBA
:1008500001F0C4BE554BD3F8B033283308930CAE27
:10086000594B099308A9594B0A933046F8F79AFC5B
:1008700000238DF81C30DDE90601CDE902548DE836
:10088000030096E80F00F3F7DBFB01F0A7BE474B30
:10089000D3F8B0332C3308930CAE4B4B099308A913
:1008A0004A4B0A933046F8F77DFC00238DF81C3044
:1008B000DDE90601CDE902548DE8030096E80F005A
:1008C000F3F7BEFB01F08ABE384BD3F8B0333433B4
:1008D00008930CAE3C4B099308A93C4B0A93304655
:1008E000F8F760FC00238DF81C30DDE90601CDE946
:1008F00002548DE8030096E80F00F3F7A1FB01F026
:100900006DBE2A4BD3F8B033383308930CAE2E4B60
:10091000099308A92D4B0A933046F8F743FC0023AE
:100920008DF81C30DDE90601CDE902548DE80300A5
:1009300096E80F00F3F784FB01F050BE1B4BD3F891
:10094000B0333C3308930CAE194B099308A9194BEB
:100950000A933046F8F730FCCDE901540023ADF896
:100960000030ADF8183096E80F00F3F76BFA01F09D
:1009700035BE0E4BD3F8B033403308930CAE124B58
:10098000099308A9114B0A933046F8F70BFC002392
:100990008DF81C30DDE90601CDE902548DE8030035
:1009A00096E80F00F3F74CFB01F018BE8010002012
:1009B000292F02082D2F0208313A0208A14D020802
:1009C000B12F0208B52F02080D2F0208152F0208BB
:1009D000C44BD3F8B033183308930CAEC24B099311
:1009E00008A9C24B0A933046F8F7F8FC00238DF8AB
:1009F0001C30DDE90601CDE902548DE8030096E8DC
:100A00000F00F3F793F901F0E9BDB64BD3F8B0331B
:100A1000503308930CAEB64B099308A9B54B0A9313
:100A20003046F8F7BFFB00238DF81C30DDE90601E6
:100A3000CDE902548DE8030096E80F00F3F700FBC0
:100A400001F0CCBDA74BD3F8B033483308930CAEBC
:100A5000A74B099308A9A74B0A933046F8F7A2FBC6
:100A600000238DF81C30DDE90601CDE902548DE844
:100A7000030096E80F00F3F7E3FA01F0AFBD994BDE
:100A8000D3F8B03303F56253343308930CAE9A4B6A
:100A9000099308A9994B0A933046F8F7A9FCCDE9C8
:100AA00001540023ADF80030ADF8183096E80F007F
:100AB000F3F79AFC01F092BD8A4BD3F8B03303F5FB
:100AC0006253383308930CAE894B099308A9894BBC
:100AD0000A933046F8F766FB00238DF81C30DDE9F9
:100AE0000601CDE902548DE8030096E80F00F3F704
:100AF000A7FA01F073BD7B4BD3F8B03303F5625313
:100B00003C3308930CAE7A4B099308A9794B0A93AE
:100B10003046F8F747FB00238DF81C30DDE906016D
:100B2000CDE902548DE8030096E80F00F3F788FA48
:100B300001F054BD6B4BD3F8B03303F56353089306
:100B40000CAE6D4B099308A96C4B0A933046F8F72D
:100B50004FFCCDE901540023ADF80030ADF818305A
:100B600096E80F00F3F740FC01F038BD5D4BD3F879
:100B7000B033183308930CAE614B099308A9614B4D
:100B80000A933046F8F70EFB00238DF81C30DDE9A0
:100B90000601CDE902548DE8030096E80F00F3F753
:100BA0004FFA01F01BBD4F4B5749D3F8B003134622
:100BB0005430012210B0BDE8F041F3F7A7B9494B1A
:100BC000D3F8B03303F56253183308930CAE4F4B90
:100BD000099308A94E4B0A933046F8F7EDFACDE990
:100BE00001540023ADF80030ADF8183096E80F003E
:100BF000F3F728F901F0F2BC3A4BD3F8B03303F520
:100C00004053114693F89908F3F742FF01F0E6BC10
:100C1000344BD3F8B03303F562531C3308930CAE56
:100C2000334B099308A9334B0A933046F8F7BAFAC5
:100C300000238DF81C30DDE90601CDE902548DE872
:100C4000030096E80F00F3F7FBF901F0C7BC254B52
:100C5000D3F8B03303F56253203308930CAE244B22
:100C6000099308A9234B0A933046F8F79BFA00230F
:100C70008DF81C30DDE90601CDE902548DE8030052
:100C800096E80F00F3F7DCF901F0A8BC154B2149F9
:100C9000D3F8B00300F5625013462430012210B09F
:100CA000BDE8F041F3F710B90E4BD3F8B03303F5BC
:100CB0006253283308930CAE144B099308A9144BC4
:100CC0000A933046F8F778FACDE901540023ADF8DD
:100CD0000030ADF8183096E80F00F3F7B3F801F0E4
:100CE0007DBC00BF80100020293A0208B94D0208DF
:100CF0000D2F0208152F0208B92F0208BD2F020878
:100D0000213A0208D94D0208052F0208292F0208AE
:100D10002D2F0208FD2E0208C64BD3F8B03303F581
:100D20006353043308930CAEC34B099308A9C34B18
:100D30000A933046F8F736FA00238DF81C30DDE9C7
:100D40000601CDE902548DE8030096E80F00F3F7A1
:100D500077F901F043BCB74BD3F8B03303F56353D5
:100D6000083308930CAEB44B099308A9B34B0A930C
:100D70003046F8F717FA00238DF81C30DDE906013C
:100D8000CDE902548DE8030096E80F00F3F758F917
:100D900001F024BCA74BD3F8B03303F563531033F1
:100DA00008930CAEA44B099308A9A44B0A933046B0
:100DB000F8F7F8F900238DF81C30DDE90601CDE9DC
:100DC00002548DE8030096E80F00F3F739F901F0BB
:100DD00005BC984BD3F8B03303F563530C33089339
:100DE0000CAE954B099308A9944B0A933046F8F73B
:100DF000D9F900238DF81C30DDE90601CDE9025454
:100E00008DE8030096E80F00F3F71AF901F0E6BB4E
:100E1000884BD3F8B03303F56453283308930CAEF2
:100E2000854B099308A9854B0A933046F8F7BAF920
:100E300000238DF81C30DDE90601CDE902548DE870
:100E4000030096E80F00F3F7FBF801F0C7BB794BFE
:100E5000D3F8B03303F564532C3308930CAE764BC0
:100E6000099308A9754B0A933046F8F79BF90023BC
:100E70008DF81C30DDE90601CDE902548DE8030050
:100E800096E80F00F3F7DCF801F0A8BB694BD3F844
:100E9000B03303F56453303308930CAE664B0993BB
:100EA00008A9664B0A933046F8F77CF900238DF8C1
:100EB0001C30DDE90601CDE902548DE8030096E817
:100EC0000F00F3F7BDF801F089BB5A4BD3F8B033EC
:100ED00003F56453343308930CAE574B099308A9B8
:100EE000564B0A933046F8F75DF900238DF81C3015
:100EF000DDE90601CDE902548DE8030096E80F0014
:100F0000F3F79EF801F06ABB4A4B4D49D3F8B003A2
:100F1000134600F56550012210B0BDE8F041F2F72C
:100F2000D3BF444B4649D3F8B00300F56550134690
:100F30000430012210B0BDE8F041F2F7C5BF3D4BCF
:100F4000D3F8B00343680C930121037A8DF8203065
:100F50008DF82110BDF820308DF83410ADF8003038
:100F60000195DDE90C23F2F7AFFD01F037BB314B02
:100F7000D3F8B033043308930CAE2F4B099308A970
:100F80002E4B0A933046F8F70DF900238DF81C30EC
:100F9000DDE90601CDE902548DE8030096E80F0073
:100FA000F3F74EF801F01ABB224BD3F8B0330833F5
:100FB00008930CAE234B099308A9234B0A933046A0
:100FC000F8F7FAF8CDE901540023ADF80030ADF898
:100FD000183096E80F00F2F735FF01F0FFBA154B15
:100FE000D3F8B003FDF7ECB9124BD3F8B043236844
:100FF00020469B68984784ED030AF9F709B90D4B21
:101000000F49D3F8B00313460C30012210B0BDE8ED
:10101000F041F2F759BF074BD3F8B003CDE9011205
:1010200000F114030093012302691946F2F78AFFC5
:1010300001F0D4BA801000200D2F0208152F0208ED
:10104000FD2E0208292F02082D2F0208BF4BD3F8CE
:10105000B033103308930CAEBD4B099308A9BD4BB8
:101060000A933046F8F7B2F800238DF81C30DDE91A
:101070000601CDE902548DE8030096E80F00F2F76F
:1010800099FF01F0ABBAB14BB349D3F8B0031346A3
:101090001430012210B0BDE8F041F2F715BFAB4BA0
:1010A000D3F85C338C330C93AC4B0D93AC4B0E9359
:1010B000CDE9011201238DF83C3000230093089301
:1010C00010AB13E90F00F3F761F801F087BA9F4BFB
:1010D000D3F85C33114693F88F00F3F7D9FC01F095
:1010E0007DBA9A4BD3F85C33114693F88E00F3F730
:1010F000CFFC01F073BA954B9A49D3F85C031346C1
:101100009030012210B0BDE8F041F2F7F3BD8F4BF3
:101110009449D3F85C0313469430012210B0BDE823
:10112000F041F2F7E7BD894B8B49D3F85C031346D6
:101130009830012210B0BDE8F041F2F7C5BE8348F7
:101140008949D0F85C031346012210B0BDE8F04194
:10115000F2F7BABE7D488549D0F85C0313460122F8
:1011600010B0BDE8F041F2F7AFBE784B7A49D3F842
:101170005C031346AC30012210B0BDE8F041F2F739
:10118000A3BE72487A49D0F85C031346012210B01E
:10119000BDE8F041F2F798BE6C4B6F49D3F85C03A1
:1011A0001346B030012210B0BDE8F041F2F78CBE1A
:1011B000664B6949D3F85C031346B430012210B082
:1011C000BDE8F041F2F780BE604BD3F85C331146C6
:1011D00093F8F200F3F76AFC01F000BA5B48654946
:1011E000D0F85C031346012210B0BDE8F041F2F7DD
:1011F0006BBE564B5849D3F85C031346B8300122F6
:1012000010B0BDE8F041F2F75FBE504B5249D3F841
:101210005C031346C430012210B0BDE8F041F2F780
:1012200053BE4A4BD3F85C33C83308930CAE524BD1
:10123000099308A9514B0A933046F8F7CFF80023D9
:101240008DF81C30DDE90601CDE902548DE803007C
:1012500096E80F00F2F76AFD01F0C0B93B4B3E493A
:10126000D3F85C031346CC30012210B0BDE8F04146
:10127000F2F72ABE354BD3F85C3334330C93404B32
:101280000D93404B0E93CDE9011201238DF83C30B4
:1012900000230093089310AB13E90F00F2F7CAFF85
:1012A00001F09CB9294BD3F85C33343308930CAE6E
:1012B000354B099308A9354B0A933046F7F77CFF65
:1012C000CDE901540023ADF80030ADF8183096E8B0
:1012D0000F00F2F7B7FD01F081B91C4BD3F85C3376
:1012E000543308930CAE2A4B099308A9294B0A934F
:1012F0003046F7F757FF00238DF81C30DDE9060173
:10130000CDE902548DE8030096E80F00F2F798FE4D
:1013100001F064B90D4BD3F85C33603308930CAE25
:101320001D4B099308A91D4B0A933046F7F744FF5C
:10133000CDE901540023ADF80030ADF8183096E83F
:101340000F00F2F77FFD01F049B900BF80100020C7
:10135000312F0208352F0208FD2E0208C12F020886
:10136000C52F0208392F0208153A0208093A020867
:10137000FD390208F1390208992F02089D2F020851
:10138000C92F0208CD2F0208E5390208F54D0208E1
:101390000D2F0208152F0208292F02082D2F0208F1
:1013A000C34BD3F85C33343308930CAEC14B099371
:1013B00008A9C14B0A933046F7F7FEFECDE9015468
:1013C0000023ADF80030ADF8183096E80F00F2F7C2
:1013D00039FD01F003B9B64BD3F85C3334330893CD
:1013E0000CAEB64B099308A9B54B0A933046F7F7F4
:1013F00015FFCDE9015400230093069396E80F00F2
:10140000F2F770FE01F0EAB8A94BD3F85C33503321
:1014100008930CAEAB4B099308A9AB4B0A9330462B
:10142000F7F7DCFF00238DF81C30DDE90601CDE97C
:1014300002548DE8030096E80F00F2F777FC01F004
:10144000CDB89B4BD3F85C33483308930CAE9D4B1F
:10145000099308A99C4B0A933046F7F7BFFF002376
:101460008DF81C30DDE90601CDE902548DE803005A
:1014700096E80F00F2F75AFC01F0B0B88C4BD3F8A5
:101480005C334C3308930CAE904B099308A9904BF6
:101490000A933046F7F786FE00238DF81C30DDE90D
:1014A0000601CDE902548DE8030096E80F00F2F73B
:1014B000C7FD01F093B87E4BD3F85C335C330893DF
:1014C0000CAE804B099308A97F4B0A933046F7F77F
:1014D00085FF00238DF81C30DDE90601CDE90254BB
:1014E0008DE8030096E80F00F2F720FC01F076B8D3
:1014F0006F4BD3F85C33343308930CAE754B0993C0
:1015000008A9754B0A933046F7F756FECDE901540A
:101510000023ADF80030ADF8183096E80F00F2F770
:1015200091FC01F05BB8624BD3F85C3361330893F4
:101530000CAE6A4B099308A9694B0A933046F7F73A
:101540003BFECDE901540023ADF80030ADF8183072
:1015500096E80F00F2F776FC01F040B8544BD3F850
:101560005C33343308930CAE5E4B099308A95E4B91
:101570000A933046F7F716FE00238DF81C30DDE99C
:101580000601CDE902548DE8030096E80F00F2F75A
:1015900057FD01F023B8464BD3F85C33383308933A
:1015A0000CAE4A4B099308A9494B0A933046F7F70A
:1015B000F9FD00238DF81C30DDE90601CDE9025468
:1015C0008DE8030096E80F00F2F73AFD01F006B847
:1015D000374BD3F85C333C3308930CAE3B4B099349
:1015E00008A93B4B0A933046F7F7DCFD00238DF842
:1015F0001C30DDE90601CDE902548DE8030096E8D0
:101600000F00F2F71DFD00F0E9BF294BD3F85C3362
:10161000403308930CAE2D4B099308A92C4B0A9329
:101620003046F7F7BFFD00238DF81C30DDE90601D9
:10163000CDE902548DE8030096E80F00F2F700FDB3
:1016400000F0CCBF1A4BD3F85C33633308930CAE75
:10165000224B099308A9224B0A933046F7F7ACFDB9
:10166000CDE901540023ADF80030ADF8183096E80C
:101670000F00F2F7E7FB00F0B1BF0D4BD3F85C337E
:10168000643308930CAE194B099308A9184B0A93BD
:101690003046F7F7ADFECDE901540023ADF8003038
:1016A000ADF8183096E80F00F2F79EFE00F096BFF6
:1016B00080100020D9390208154E0208CD390208E1
:1016C000314E0208992F02089D2F02080D2F0208A3
:1016D000152F0208C13902084D4E0208292F0208B1
:1016E0002D2F0208B5390208694E0208B92F0208E9
:1016F000BD2F0208BA4BD3F85C33653308930CAEA8
:10170000B84B099308A9B84B0A933046F7F754FD34
:10171000CDE901540023ADF80030ADF8183096E85B
:101720000F00F2F78FFB00F059BFAD4BD3F85C33DD
:10173000823308930CAEAD4B099308A9AC4B0A93C6
:101740003046F7F76BFDCDE9015400230093069373
:1017500096E80F00F2F7C6FC00F040BFA04BD3F8AC
:101760005C33843308930CAEA04B099308A9A04BBB
:101770000A933046F7F752FDCDE901540023009358
:10178000069396E80F00F2F7ADFC00F027BF944BEC
:10179000D3F85C030A46416810B0BDE8F041F2F7A7
:1017A0008DBB8F4BD3F85C33043308930CAE914B55
:1017B000099308A9904B0A933046F7F70FFE0023D0
:1017C0008DF81C30DDE90601CDE902548DE80300F7
:1017D00096E80F00F2F7AAFA00F000BF87498848A0
:1017E0001346012210B0BDE8F041F2F76DBB854908
:1017F00085481346012210B0BDE8F041F2F764BB02
:101800007E4982481346012210B0BDE8F041F2F74C
:101810005BBB7F497C481346012210B0BDE8F04114
:10182000F2F752BB7B4978481346012210B0BDE85D
:10183000F041F2F749BB784B08930CAE774B099314
:1018400008A9774B0A933046F7F7ACFC00238DF8D4
:101850001C30DDE90601CDE902548DE8030096E86D
:101860000F00F2F7EDFB00F0B9BE5D4BD3F8AC33DF
:1018700010330C936B4B0D936B4B0E93CDE9011210
:1018800001238DF83C300023ADF80030ADF8203056
:1018900010AB13E90F00F2F787FF00F09FBE50482E
:1018A0006249D0F8AC031346012210B0BDE8F04104
:1018B000F2F70ABB4A4B5149D3F8AC031346143034
:1018C000012210B0BDE8F041F2F7FEBA4448584991
:1018D000D0F8AC031346012210B0BDE8F041F2F796
:1018E000F3BA3F485349D0F8AC031346012210B075
:1018F000BDE8F041F2F7E8BA394BD3F8AC33043322
:1019000008930CAE454B099308A9454B0A93304602
:10191000F7F748FC00238DF81C30DDE90601CDE91E
:1019200002548DE8030096E80F00F2F789FB00F0FF
:1019300055BE2B4BD3F8AC33083308930CAE374B62
:10194000099308A9364B0A933046F7F72BFC00237E
:101950008DF81C30DDE90601CDE902548DE8030065
:1019600096E80F00F2F76CFB00F038BE1C4BD3F882
:10197000AC330C3308930CAE284B099308A9284BC1
:101980000A933046F7F70EFC00238DF81C30DDE992
:101990000601CDE902548DE8030096E80F00F2F746
:1019A0004FFB00F01BBE0E4BD3F80C3404330893EE
:1019B0000CAE1A4B099308A9194B0A933046F7F756
:1019C000F1FB00238DF81C30DDE90601CDE902545E
:1019D0008DE8030096E80F00F2F732FB00F0FEBD41
:1019E00080100020292F02082D2F0208D12F020875
:1019F000D52F0208992F02089D2F0208FD2E0208FC
:101A00000C140020A9390208E01300201014002053
:101A10009D39020891390208E41300200D2F0208B5
:101A2000152F0208D92F0208DD2F02088539020878
:101A3000793902086D390208B74BD3F80C340833F2
:101A400008930CAEB54B099308A9B54B0A933046E1
:101A5000F7F7A8FB00238DF81C30DDE90601CDE97E
:101A600002548DE8030096E80F00F2F7E9FA00F05F
:101A7000B5BDA94BD3F80C340C3308930CAEA74B6F
:101A8000099308A9A64B0A933046F7F78BFB00236E
:101A90008DF81C30DDE90601CDE902548DE8030024
:101AA00096E80F00F2F7CCFA00F098BD9A4BD3F805
:101AB00010341146187DF2F7EBFF00F08FBD964B06
:101AC000D3F8103408930CAE964B099308A9964BA3
:101AD0000A933046F7F7A2FBCDE9015400230093A7
:101AE000069396E80F00F2F7FDFA00F077BD8A4BF7
:101AF000D3F8103408930CAE8C4B099308A98C4B87
:101B00000A933046F7F758FBCDE901540023ADF8AE
:101B10000030ADF8183096E80F00F2F793F900F0B6
:101B20005DBD7D4BD3F8103408930CAE7B4B09930D
:101B300008A97B4B0A933046F7F734FB00238DF856
:101B40001C30DDE90601CDE902548DE8030096E87A
:101B50000F00F2F775FA00F041BD6F4BD3F8103467
:101B60000B3308930CAE734B099308A9724B0A937D
:101B70003046F7F721FBCDE901540023ADF80030E2
:101B8000ADF8183096E80F00F2F75CF900F026BDCA
:101B9000614BD3F8103408930CAE684B099308A935
:101BA000674B0A933046F7F711FB00238DF81C3082
:101BB000DDE90601CDE902548DE8030096E80F0047
:101BC000F2F7F8F900F00ABD534BD3F8143411467C
:101BD000187DF2F75DFF00F001BD4F4BD3F81434D0
:101BE00008930CAE4F4B099308A94F4B0A9330460C
:101BF000F7F714FBCDE9015400230093069396E810
:101C00000F00F2F76FFA00F0E9BC434BD3F814343D
:101C100008930CAE454B099308A9454B0A933046EF
:101C2000F7F7CAFACDE901540023ADF80030ADF85A
:101C3000183096E80F00F2F705F900F0CFBC364BEC
:101C4000D3F8143408930CAE344B099308A9344BE1
:101C50000A933046F7F7A6FA00238DF81C30DDE929
:101C60000601CDE902548DE8030096E80F00F2F773
:101C7000E7F900F0B3BC284BD3F814340B330893C6
:101C80000CAE2C4B099308A92B4B0A933046F7F75F
:101C900093FACDE901540023ADF80030ADF81830C7
:101CA00096E80F00F2F7CEF800F098BC1A4BD3F884
:101CB000143408930CAE214B099308A9204B0A93C6
:101CC0003046F7F783FA00238DF81C30DDE9060172
:101CD000CDE902548DE8030096E80F00F2F76AF9A7
:101CE00000F07CBC0C4BD3F81834043308930CAED2
:101CF000144B099308A9144B0A933046F7F78EFA50
:101D0000CDE9015400230093069396E80F00F2F703
:101D1000E9F900F063BC00BF801000200D2F02081D
:101D2000152F0208613902087D4E02085939020850
:101D3000954E0208292F02082D2F0208513902085A
:101D4000AD4E020849390208C14E0208BB4BD3F818
:101D50001834063308930CAEB94B099308A9B94B54
:101D60000A933046F7F728FACDE901540023ADF87D
:101D70000030ADF8183096E80F00F2F763F800F085
:101D80002DBCAE4BD3F81804FCF712BBAB4BD3F809
:101D90001804FCF715BBAC49AC481346012210B03F
:101DA000BDE8F041F2F7B2B8A749A94813460122AD
:101DB00010B0BDE8F041F2F7A9B8A349A548134611
:101DC000012210B0BDE8F041F2F7A0B8A24B089391
:101DD0000CAEA24B099308A9A14B0A933046F7F722
:101DE000F5F900238DF81C30DDE90601CDE9025438
:101DF0008DE8030096E80F00F2F7DCF8EEE3924975
:101E000098481346012210B0BDE8F041F2F77EB8C1
:101E10008D4995481346012210B0BDE8F041F2F714
:101E200075B8894991481346012210B0BDE8F041C8
:101E3000F2F76CB88E4B08930CAE884B099308A947
:101E4000874B0A933046F7F7C1F900238DF81C3011
:101E5000DDE90601CDE902548DE8030096E80F00A4
:101E6000F2F7A8F8BAE3784982481346012210B085
:101E7000BDE8F041F2F74AB873497F4813460122A2
:101E800010B0BDE8F041F2F741B86F497B48134606
:101E9000012210B0BDE8F041F2F738B8784B089352
:101EA0000CAE6E4B099308A96D4B0A933046F7F7B9
:101EB0008DF900238DF81C30DDE90601CDE90254CF
:101EC0008DE8030096E80F00F2F774F886E35E49A8
:101ED0006C481346012210B0BDE8F041F2F716B885
:101EE000594969481346012210B0BDE8F041F2F7A4
:101EF0000DB8554965481346012210B0BDE8F041C0
:101F0000F2F704B8624B08930CAE544B099308A93E
:101F1000534B0A933046F7F759F900238DF81C30DC
:101F2000DDE90601CDE902548DE8030096E80F00D3
:101F3000F2F740F852E3444956481346012210B0E4
:101F4000BDE8F041F1F7E2BF3F4953481346012293
:101F500010B0BDE8F041F1F7D9BF3B494F481346F7
:101F6000012210B0BDE8F041F1F7D0BF4C4B08930F
:101F70000CAE3A4B099308A9394B0A933046F7F750
:101F800025F900238DF81C30DDE90601CDE9025466
:101F90008DE8030096E80F00F2F70CF81EE32A49DB
:101FA00040481346012210B0BDE8F041F1F7AEBF42
:101FB00025493D481346012210B0BDE8F041F1F734
:101FC000A5BF214939481346012210B0BDE8F041B0
:101FD000F1F79CBF364B08930CAE204B099308A930
:101FE0001F4B0A933046F7F7F1F800238DF81C30A9
:101FF000DDE90601CDE902548DE8030096E80F0003
:10200000F1F7D8FFEAE210492A481346012210B03E
:10201000BDE8F041F1F77ABF0B492748134601228A
:1020200010B0BDE8F041F1F771BF074923481346EE
:10203000012210B0BDE8F041F1F768BF8010002028
:10204000292F02082D2F0208052F02089C140020BA
:10205000A0140020A4140020A8140020312F02088E
:10206000352F0208AC140020B0140020B414002056
:10207000B8140020BC140020C0140020C414002098
:10208000C8140020CC140020D0140020D414002048
:10209000D8140020DC140020E0140020E4140020F8
:1020A000E8140020EC140020F0140020F4140020A8
:1020B000F8140020FC140020001500200415002056
:1020C000B04B08930CAEB04B099308A9AF4B0A93E1
:1020D0003046F7F77BF800238DF81C30DDE9060168
:1020E000CDE902548DE8030096E80F00F1F762FF96
:1020F00074E2A749A7481346012210B0BDE8F04199
:10210000F1F704BFA249A4481346012210B0BDE86C
:10211000F041F1F7FBBE9E49A0481346012210B0E2
:10212000BDE8F041F1F7F2BE9D4B08930CAE964B23
:10213000099308A9954B0A933046F7F747F800230F
:102140008DF81C30DDE90601CDE902548DE803006D
:1021500096E80F00F1F72EFF40E28D4991481346B3
:10216000012210B0BDE8F041F1F7D0BE88498E4899
:102170001346012210B0BDE8F041F1F7C7BE844913
:102180008A481346012210B0BDE8F041F1F7BEBE07
:10219000874B08930CAE7C4B099308A97B4B0A93A1
:1021A0003046F7F713F800238DF81C30DDE90601FF
:1021B000CDE902548DE8030096E80F00F1F7FAFE2E
:1021C0000CE273497B481346012210B0BDE8F04190
:1021D000F1F79CBE6E4978481346012210B0BDE865
:1021E000F041F1F793BE6A4974481346012210B0DA
:1021F000BDE8F041F1F78ABE714B08930CAE624B1B
:10220000099308A9614B0A933046F6F7DFFF0023D4
:102210008DF81C30DDE90601CDE902548DE803009C
:1022200096E80F00F1F7C6FED8E159496548134614
:10223000012210B0BDE8F041F1F768BE5449624890
:102240001346012210B0BDE8F041F1F75FBE5049DE
:102250005E481346012210B0BDE8F041F1F756BECA
:102260005B4B08930CAE484B099308A9474B0A9364
:102270003046F6F7ABFF00238DF81C30DDE9060190
:10228000CDE902548DE8030096E80F00F1F792FEC5
:10229000A4E13F494F481346012210B0BDE8F04188
:1022A000F1F734BE3A494C481346012210B0BDE85C
:1022B000F041F1F72BBE364948481346012210B0D1
:1022C000BDE8F041F1F722BE454B08930CAE2E4B12
:1022D000099308A92D4B0A933046F6F777FF0023A0
:1022E0008DF81C30DDE90601CDE902548DE80300CC
:1022F00096E80F00F1F75EFE70E125493948134674
:10230000012210B0BDE8F041F1F700BE2049364887
:102310001346012210B0BDE8F041F1F7F7BD1C49AA
:1023200032481346012210B0BDE8F041F1F7EEBD8E
:102330002F4B08930CAE144B099308A9134B0A9327
:102340003046F6F743FF00238DF81C30DDE9060127
:10235000CDE902548DE8030096E80F00F1F72AFE5C
:102360003CE12448D0F8B03200F52C701B68FCF733
:1023700021B8214A21495368086803440B609360DF
:10238000F7F746BF08150020312F0208352F020845
:10239000052F02080C150020101500201415002030
:1023A000181500201C1500202015002024150020E1
:1023B000281500202C150020301500203415002091
:1023C000381500203C150020401500204415002041
:1023D000481500204C1500205015002054150020F1
:1023E000581500205C1500206015002064150020A1
:1023F0006815002080100020C8A3002028E70020D6
:10240000784B08930CAE784B099308A9774B0A9345
:102410003046F6F7E3FF00238DF81C30DDE90601B6
:10242000CDE902548DE8030096E80F00F1F77EFC39
:10243000D4E06F496F481346012210B0BDE8F04167
:10244000F1F758BC6C4C6D4BE268102A98BF03EB57
:10245000C20393E803000CAA82E80300E6F78CFCB1
:1024600084ED040AF7F7D4BE654B08930CAE654BB8
:10247000099308A9644B0A933046F6F7A7FE002398
:102480008DF81C30DDE90601CDE902548DE803002A
:1024900096E80F00F1F78EFDA0E05C495C4813461A
:1024A000012210B0BDE8F041F1F70EBD524C2046BC
:1024B000EDF74EFB2075F7F7ABBE4F4B1146187D7D
:1024C000F2F7E6FA8AE04C48EDF744F8F7F7A0BED9
:1024D000494803681B69FBF76DBF4748EDF7D8F81B
:1024E000F7F796BE444CA1692046ECF783FFE06104
:1024F000F7F78EBE474B08930CAE3B4B099308A9E8
:102500003A4B0A933046F6F769FF00238DF81C30EA
:10251000DDE90601CDE902548DE8030096E80F00DD
:10252000F1F704FC5AE03C493C481346012210B044
:10253000BDE8F041F1F7EABC2F4C94F8201020469A
:10254000ECF78EFF6062F7F763BE354B08930CAE75
:10255000344B099308A9344B0A933046F6F748FFE9
:10256000CDE901540023ADF80030ADF8183096E8FD
:102570000F00F1F739FF31E027492C4813460122BB
:1025800010B0BDE8F041F1F7C1BC1B4C2046ECF7A0
:10259000ADFFA062F7F73CBE1F4925481346012254
:1025A00010B0BDE8F041F1F7B1BC134C2046ECF798
:1025B000D7FFC4E90C01F7F72BBE1E491E4813468E
:1025C000012210B0BDE8F041F1F73EBB0A48ECF73C
:1025D000D7FFF7F71DBE002000E0002010B0BDE8D7
:1025E000F08100BFCCA30020992F02089D2F020884
:1025F000392F0208D0A30020C8A30020F80F002024
:10260000D4A30020312F0208352F0208FD2E020826
:10261000D8A30020E0A30020052F0208E4A3002097
:10262000E8A30020B92F0208BD2F0208ECA3002068
:10263000F0A300201D2F0208F8A3002010B50446C7
:10264000CDF702FEFCEEC07A012017EE903A23701F
:1026500010BD00BF37B500230DF103000D468DF806
:102660000330FFF7EBFF044650B19DF803308DF8BF
:10267000043001238DF8053001992846F6F716FB42
:10268000204603B030BD37B500230DF103000D46E1
:102690008DF80330FFF7D2FF044650B19DF80330A8
:1026A0008DF8043001238DF8053001992846F6F79E
:1026B000F7FB204603B030BD37B500230DF1030012
:1026C0000D468DF80330FFF7B9FF044650B19DF871
:1026D00003308DF8043001238DF805300199284628
:1026E000F6F7ACFB204603B030BD37B500230DF143
:1026F00003000D468DF80330FFF7A0FF044650B1EC
:102700009DF803308DF8043001238DF805300199D0
:102710002846F6F761FB204603B030BD37B50023ED
:102720000DF103000D468DF80330FFF787FF0446D7
:1027300050B19DF803308DF8043001238DF8053039
:1027400001992846F6F780FA204603B030BD37B528
:1027500000230DF103000D468DF80330FFF76EFFE7
:10276000044650B19DF803308DF8043001238DF8F4
:10277000053001992846F6F7FDFA204603B030BD32
:1027800037B500230DF103000D468DF80330FFF738
:1027900055FF044650B19DF803308DF804300123F5
:1027A0008DF8053001992846F6F71CFA204603B04B
:1027B00030BD37B500230DF103000D468DF8033011
:1027C000FFF73CFF044650B19DF803308DF804300C
:1027D00001238DF8053001992846F6F793FB204632
:1027E00003B030BD37B500230DF103000D468DF861
:1027F0000330FFF723FF044650B19DF803308DF8F6
:10280000043001238DF8053001992846F6F778F950
:10281000204603B030BD37B500230DF103000D464F
:102820008DF80330FFF70AFF044650B19DF80330DE
:102830008DF8043001238DF8053001992846F6F70C
:1028400067FA204603B030BD37B500230DF1030011
:102850000D468DF80330FFF7F1FE044650B19DF8A8
:1028600003308DF8043001238DF805300199284696
:10287000F6F778F9204603B030BD000038B50120E6
:10288000F0F77EFDAD4B04461880F0F779FDAC4BB8
:10289000AC491A6840EA044012F00102086000F0F6
:1028A000A482A94B1A6812F0010200F08982A74B9A
:1028B0001A6812F0010200F06E82A54B1A6812F03D
:1028C000010200F05382A34B1A6812F0010200F0DB
:1028D0003882A14B1A6812F0010200F01D829F4B52
:1028E0001A6812F0010200F002829D4B1A6812F081
:1028F000010200F0E7819B4B1A6812F0010200F020
:10290000CC81994B1A6812F0010200F0B181974B0B
:102910001A6812F0010200F09681954B1A6812F0C5
:10292000010200F07B81934B1A6812F0010200F063
:10293000EF80914B1A6812F0010200F0D4808F4BA7
:102940001A6812F0010200F0B9808D4B1A6812F07B
:10295000010200F09E808B4B1A6812F0010200F019
:102960008380894B1A6812F0010268D0874B1A687D
:1029700012F001024ED0864B1A6812F0010234D0D8
:10298000844B1A6812F001021AD0834B1A6812F0B5
:10299000010200D038BD814C8148824D012119606F
:1029A000C4E90050804904F10800F2F76BF97F4B4D
:1029B00003F1180103F12802C4E90031A26038BD17
:1029C0007B4C7748774D01211960C4E90050794963
:1029D00004F10800F2F756F9774B03F1180103F1FF
:1029E0002802C4E90031A260CFE7744C6C486D4DF9
:1029F00001211960C4E90050714904F10800F2F79F
:102A000041F9704B03F1180103F12802C4E90031C8
:102A1000A260B5E76C4C6248624D01211960C4E9BF
:102A200000506A4904F10800F2F72CF9684B03F1F1
:102A3000180103F12802C4E90031A2609BE7654C4C
:102A40005748584D01211960C4E90050624904F10A
:102A50000800F2F717F9614B03F1180103F128029E
:102A6000C4E90031A26081E75D4C4D484D4D012124
:102A70001960C4E900505B4904F10800F2F702F95B
:102A8000594B03F1180103F12802C4E90031A26097
:102A900067E7564C4248434D01211960C4E9005094
:102AA000534904F10800F2F7EDF8524B03F1180115
:102AB00003F12802C4E90031A2604CE74E4C3848CB
:102AC000384D01211960C4E900504C4904F1080057
:102AD000F2F7D8F84A4B03F1180103F12802C4E9D0
:102AE0000031A26031E7474C2D482E4D012119607D
:102AF000C4E90050444904F10800F2F7C3F8434B1D
:102B000003F1180103F12802C4E90031A26016E7BD
:102B10003F4C2348234D01211960C4E900503D4931
:102B200004F10800F2F7AEF83B4B03F1180103F192
:102B30002802C4E90031A260FBE600BF14EA0020CD
:102B400054E8002010EA002050E800204CE8002063
:102B500048E8002044E8002040E800203CE800204D
:102B600038E8002034E8002030E800202CE800207D
:102B700028E8002024E8002020E800201CE80020AD
:102B800018E8002014E8002010E800200CE80020DD
:102B900008E8002004E8002000E8002058E80020B1
:102BA000C8CA0308D8CA030894C1030828CF030879
:102BB0006CE8002094C10308F4CE030880E80020EC
:102BC00094C10308C0CE030894E8002094C1030810
:102BD0008CCE0308A8E8002094C1030858CE03084F
:102BE000BCE8002094C1030824CE0308D0E80020EC
:102BF00094C10308F0CD0308E4E8002094C1030861
:102C0000BCCD0308F8E8002094C1030888CD030870
:102C10000CE9002094C1030854CD03087D4C7E4884
:102C20007E4D01211960C4E900507D4904F108007E
:102C3000F2F728F87B4B03F1180103F12802C4E9ED
:102C40000031A2606FE6784C7348744D0121196021
:102C5000C4E90050754904F10800F2F713F8744B09
:102C600003F1180103F12802C4E90031A26054E61F
:102C7000704C6948694D01211960C4E900506E49E2
:102C800004F10800F1F7FEFF6C4B03F1180103F1AA
:102C90002802C4E90031A26039E6694C5E485F4D04
:102CA00001211960C4E90050664904F10800F1F7F8
:102CB000E9FF654B03F1180103F12802C4E9003173
:102CC000A2601EE6614C5448544D01211960C4E9CC
:102CD00000505F4904F10800F1F7D4FF5D4B03F1A8
:102CE000180103F12802C4E90031A26003E65A4C3E
:102CF00049484A4D01211960C4E90050574904F17F
:102D00000800F1F7BFFF564B03F1180103F1280249
:102D1000C4E90031A260E8E5524C3F483F4D012133
:102D20001960C4E90050504904F10800F1F7AAFF06
:102D30004E4B03F1180103F12802C4E90031A260EF
:102D4000CDE54B4C3448354D01211960C4E90050A4
:102D5000484904F10800F1F795FF474B03F11801CA
:102D600003F12802C4E90031A260B2E5434C2A48CD
:102D70002A4D01211960C4E90050414904F10800BD
:102D8000F1F780FF3F4B03F1180103F12802C4E97A
:102D90000031A26097E53C4C1F48204D012119608D
:102DA000C4E90050394904F10800F1F76BFF384BD2
:102DB00003F1180103F12802C4E90031A2607CE5A7
:102DC000344C1548154D01211960C4E900503249B1
:102DD00004F10800F1F756FF304B03F1180103F13D
:102DE0002802C4E90031A26061E52D4C0A480B4D70
:102DF00001211960C4E900502A4904F10800F1F7E3
:102E000041FF294B03F1180103F12802C4E9003105
:102E1000A26046E520E90020C8CA0308D8CA030812
:102E200094C1030820CD030834E9002094C10308AD
:102E3000ECCC030848E9002094C10308B8CC03088F
:102E40005CE9002094C1030884CC030870E90020E9
:102E500094C1030850CC030884E9002094C10308FE
:102E60001CCC030898E9002094C10308E8CB0308B0
:102E7000ACE9002094C10308B4CB0308C0E90020EA
:102E800094C1030880CB0308D4E9002094C103084F
:102E90004CCB0308E8E9002094C1030818CB0308D1
:102EA000FCE9002094C10308E4CA030882B08DE85D
:102EB0000C00049B0C2B20D8DFE803F01E07090B45
:102EC0000D0F11131517191B1D00103214E02032BD
:102ED00012E0303210E040320EE050320CE060324E
:102EE0000AE0703208E0803206E0903204E0A0325E
:102EF00002E0B03200E0C032026002B07047000071
:102F000082B08DE80C00049B3BB1012B0AD1064B2B
:102F100043600232054B026003E0054B4360054B02
:102F20000260836002B07047292F02082D2F02082B
:102F300049390208C14E020882B08DE80C00049B9A
:102F40000BB90432026002B07047000082B08DE815
:102F50000C00049B042B1ED8DFE803F003080D12BD
:102F600018000E4B436002600D4B13E00D4B4360A5
:102F700002600D4B0EE00D4B436002600C4B09E00C
:102F80000C4B43600B320C4B026003E00B4B436075
:102F90000B4B0260836002B0704700BF61390208CA
:102FA0007D4E020859390208954E02080D2F02087D
:102FB000152F0208292F02082D2F02085139020867
:102FC000AD4E020882B08DE80C00049B1BB1012BB2
:102FD00005D1026003E0034B43601432026002B08B
:102FE000704700BF092F020882B08DE80C00049BD7
:102FF000012B03D0022B03D043B902E0043200E0DE
:103000000832034B4360034B0260836002B0704799
:103010000D2F0208152F020882B08DE80C00049BCA
:103020000BB90432026002B07047000082B08DE834
:103030000C00049B012B03D0022B03D043B902E008
:10304000043200E00832034B4360034B02608360AC
:1030500002B070470D2F0208152F020882B08DE8CC
:103060000C00049B052B1BD8DFE803F0030A0D11AD
:1030700014180C4B436010320B4B026083600FE05E
:103080000A4B026008E01432094B026004E0094B6D
:10309000026001E0084B0260436001E0043202601C
:1030A00002B07047D92F0208DD2F020885390208C7
:1030B000FD2E0208793902086D39020882B08DE8C8
:1030C0000C00049B23B9034B4360034B02608360F5
:1030D00002B070470D2F0208152F020882B08DE84C
:1030E0000C00049B052B16D8DFE803F00305080C41
:1030F0000F132C3203E0094B026008E03032084B1A
:10310000026004E0074B026001E0074B026043608D
:1031100001E00432026002B0704700BFA939020822
:10312000FD2E02089D3902089139020882B08DE80F
:103130000C00049B142B5CD8DFE803F00B10151770
:10314000191E232527292F34363B3D3F45474D5334
:103150005500294B43600260284B49E0284B4360EF
:103160000260284B44E0203228E02C3234E0264B29
:1031700043600260254B3BE0254B43600260254BDA
:1031800036E01C3204E0143202E0183216E0283235
:10319000214B43600260214B2AE0214B43600260D7
:1031A000204B25E02D3217E01F4B436002601F4B80
:1031B0001EE0043202E0083200E00C321C4B436097
:1031C00002601C4B14E02F3206E01B4B4360303290
:1031D0001A4B02600CE03132194B43600260194B0C
:1031E00006E04E3200E05032174B4360174B02604E
:1031F000836002B0704700BFC92F0208CD2F0208BC
:10320000E5390208F54D0208D9390208154E0208C1
:10321000CD390208314E0208992F02089D2F02086D
:10322000C13902084D4E0208B5390208694E02083C
:103230000D2F0208152F0208B92F0208BD2F020812
:10324000292F02082D2F0208D12F0208D52F02089E
:1032500082B08DE80C00049B122B47D8DFE803F006
:103260000A101216181C1E212426292B2D31343643
:10327000383F44001E4B43608C321E4B02602CE0F2
:103280008F3200E08E321C4B02602BE0903200E067
:1032900094321A4B026025E0983221E0184B02600C
:1032A00020E0184B02601DE0AC3219E0164B0260C2
:1032B00018E0B03214E0B43212E0F232134B026084
:1032C00010E0134B02600DE0B83209E0C43207E0B1
:1032D000104B4360C832104B0260836006E0CC3272
:1032E0000E4B0260436001E03432026002B070476E
:1032F000C12F0208C52F0208092F0208392F020822
:10330000153A0208093A0208FD390208252F020879
:10331000F1390208992F02089D2F0208FD2E02089C
:1033200082B08DE80C00049B032B0DD8DFE803F07E
:1033300007020406043202E0083200E00C32034BBC
:103340004360034B0260836002B070470D2F020898
:10335000152F020882B08DE80C00049B062B2DD897
:10336000DFE803F004070B11151D2400144B026065
:103370001AE002F5615204321BE002F56152053297
:10338000104B026010E002F56152083202E002F5D3
:1033900061520C320C4B436002600C4B0DE002F5A5
:1033A000615210320A4B0260436007E002F561523D
:1033B0001432084B4360084B0260836002B07047D0
:1033C000052F0208092F02080D2F0208152F0208E9
:1033D000FD2E0208292F02082D2F020882B08DE849
:1033E0000C00049B1D2B79D8DFE803F00F12161A8E
:1033F0001E22272D2F31333537394E3B41436E6A1C
:10340000484C50545C6164686C7002F5625224E070
:1034100002F56252193225E002F562521B3221E0B8
:1034200002F5625218321DE002F562521A3219E0BA
:103430002B4B436002602B4B4FE02B4B4360013220
:103440002A4B026049E0043243E0083241E00C328A
:103450003FE018323DE010323BE0143239E01C32DC
:1034600037E02432224B43600260224B35E02832A1
:103470002FE0214B43600260204B2EE002F56252A8
:103480001C320AE002F56252203222E002F562525A
:1034900024321EE002F562522832194B436002606A
:1034A000184B1AE0184B43600260184B15E03C3291
:1034B000026013E002F562522C320AE002F5625219
:1034C000303206E002F56252383202E002F5625212
:1034D00034320F4B43600F4B0260836002B0704781
:1034E000313A0208A14D0208B12F0208B52F020897
:1034F000292F02082D2F0208293A0208B94D020887
:10350000B92F0208BD2F0208213A0208D94D02083E
:103510000D2F0208152F020882B08DE80C00049BC5
:103520000F2B58D8DFE803F00810191E2226292D8A
:1035300031373B4347494E5102F56352274B4360B5
:103540001C32274B026006E002F563522032254B05
:103550004360254B026083603DE0244B4360026082
:10356000234BF8E702F564521832F0E702F5645293
:103570001C32ECE702F5645229E002F5645208328D
:1035800026E002F56452103222E002F564523D3228
:10359000184B02601EE002F564520C32D7E702F5C8
:1035A0006452154B43603E32144B0260D3E702F580
:1035B00064523832CBE7183202E002F56452283206
:1035C000026008E002F5655202E002F5655204323D
:1035D0000B4B0260436002B0704700BFA92F020886
:1035E000AD2F02080D2F0208152F0208413A0208DC
:1035F000854D0208092F0208292F02082D2F0208E5
:10360000FD2E020882B08DE80C00049B192B5ED8B9
:10361000DFE803F00D12181A1C2126282E30323450
:1036200036383A3F41434547494B51535557294B4B
:1036300043600260284B49E0284B43600432284B2A
:10364000026043E008323DE00C323BE0254B436032
:103650000260254B3AE0254B43600260244B35E085
:1036600018322FE0234B43601C32234B02602DE0C5
:10367000203227E0243225E0283223E0343221E0D2
:1036800038321FE02C321DE01C4B436002601C4BA3
:103690001CE03C3216E0403214E0443206E048328E
:1036A00010E04C320EE0503200E05132154B4360D6
:1036B0000260154B0AE0543204E0583202E05C32FA
:1036C00000E06032114B4360114B0260836002B036
:1036D000704700BF6D3A0208154D0208992F020885
:1036E0009D2F0208653A0208314D0208593A020836
:1036F000494D0208A12F0208A52F02084D3A0208E1
:10370000614D0208292F02082D2F02080D2F0208F3
:10371000152F020882B08DE80C00049B112B3FD8B6
:10372000DFE803F0090C0F1114171A1D20232629B6
:103730002B2D2F31383A1B4B026030E01A4B0260C0
:103740002DE0143220E0194B026028E0184B026093
:1037500025E0184B026022E0174B02601FE0174B78
:1037600002601CE0164B026019E0164B026016E086
:10377000154B026013E08C320FE090320DE0A43262
:103780000BE0943200E09832104B4360104B026023
:10379000836005E09C3200E0A0320E4B0260436083
:1037A00002B07047D9930208BD9302089D930208A6
:1037B000819302086193020845930208A53A020822
:1037C000893A020825930208099302080D2F02087E
:1037D000152F0208FD2E020882B08DE80C00049B14
:1037E000072B1ED8DFE803F00412090B0D0F111789
:1037F0000D4B436002600D4B12E0043206E00832CC
:1038000004E00C3202E0143200E01832084B43604E
:103810000260084B04E0084B43601C32074B026017
:10382000836002B0704700BFAD3A0208F14C020855
:103830000D2F0208152F0208292F02082D2F02082C
:1038400082B08DE80C00049B23B1012B06D12C32F1
:10385000026003E0024B43601032026002B0704726
:10386000FD2E020882B08DE80C00049B012B03D0D2
:10387000022B07D063B900E00432064B43600260BC
:10388000054B04E0054B43600832054B0260836042
:1038900002B070470D2F0208152F0208292F0208C9
:1038A0002D2F020882B08DE80C00049B23B1012B60
:1038B00006D12C32026003E0024B436010320260FA
:1038C00002B07047FD2E020882B08DE80C00049B08
:1038D000142B4DD8DFE803F00B0D14161A1D20230E
:1038E0002527292B3134373C3E4143454A00983245
:1038F0001EE0204B436090321F4B0260836037E034
:103900009C3200E09E321D4B02602DE01C4B026099
:103910002AE01C4B026027E01B4B026024E0B0321F
:1039200006E0B43204E0B83202E0C0320DE0C43246
:10393000164B43600260164BE0E702F5B87204E0F4
:1039400002F5BA7201E002F5BC72124B02600BE0A4
:10395000536900E0936903600AE0C83207E08832E7
:1039600000E08C320C4B0260436001E01C320260CC
:1039700002B07047892F0208912F0208092F020810
:10398000B99202089D9202087D9202080D2F02084A
:10399000152F0208FD2E0208052F020882B08DE8BF
:1039A0000C00049B0B2B25D8DFE803F01F060C0E40
:1039B00010121416181A1C1E0F4B436004320F4BC2
:1039C000026016E0083210E00C320EE010320CE01B
:1039D00014320AE0183208E01C3206E0203204E01B
:1039E000243202E0283200E02C32054B4360054BC4
:1039F0000260836002B07047292F02082D2F020851
:103A0000312F0208352F020882B08DE80C00049B8C
:103A1000082B1ED8DFE803F00E0507090B0D131560
:103A20001700043206E0083204E00C3202E01032E3
:103A300000E01432084B43600260084B08E0183283
:103A400002E0193200E01A32054B4360054B026078
:103A5000836002B0704700BF0D2F0208152F0208C7
:103A6000292F02082D2F020882B08DE80C00049B3C
:103A7000042B10D8DFE803F00A030507090004321D
:103A800004E0083202E00C3200E01032034B4360E5
:103A9000034B0260836002B0704700BF0D2F020825
:103AA000152F020882B08DE80C00049B0F2B36D82E
:103AB000DFE803F01D080A0C0E101214161C222752
:103AC0002D2F3133013212E0023210E003320EE0CA
:103AD00004320CE005320AE0063208E0073206E064
:103AE000104B43600832104B02600EE00C320F4B5B
:103AF000436002600E4B08E00E4B436002600E4BC9
:103B000003E00E4B43600E4B0260836007E014320B
:103B100004E0303202E04C3200E06832026002B071
:103B2000704700BF0D2F0208152F0208292F020829
:103B30002D2F0208BD3A0208BD4C0208B53A020812
:103B4000D94C020882B010B502A981E80C000446E5
:103B500010220021CCF780FC2046BDE8104002B0C6
:103B6000704700BFA1F10401ECE700BF82B010B5BF
:103B700002A981E80C00044610220021CCF76CFC5D
:103B80002046BDE8104002B0704700BFA1F104011B
:103B9000ECE700BF82B08DE80C00049B112B55D8D8
:103BA000DFE803F00910151B20252D3436393C3F82
:103BB0004144474A4D51264B436002F51272254B52
:103BC00002601AE002F51372234B026003E002F573
:103BD0001672224B0260436038E002F51472204BEB
:103BE0000260F8E7D2F8783203601E4BF3E71E4B11
:103BF000436002F51B721D4B0260836026E01C4B84
:103C0000436002F51F721B4B0260F6E710321CE0A6
:103C1000D2F8583115E0D2F8003112E0D2F8AC30C9
:103C20000FE0B03211E0D2F8FC300AE0D2F85C319B
:103C300007E0D2F8603104E0D2F8643101E0D2F854
:103C40006831036002E002F5B672026002B07047AC
:103C50006D2F0208712F0208092F0208052F020894
:103C6000752F02087D2F0208812F0208852F020878
:103C7000292F02082D2F020882B08DE80C00049B2A
:103C8000012B07D0022B07D063B9074B43600260BA
:103C9000064B06E0043200E00832054B4360054B5A
:103CA0000260836002B07047552F02085D2F020842
:103CB0000D2F0208152F020882B08DE80C00049B1E
:103CC0002C2B00F28880DFE803F017191B1D1F2141
:103CD000232527292B2D333537393B3D434547498C
:103CE0004F5557595B5D5F61636567696B6D6F71B8
:103CF0007375777E80828400113224E0123222E0D4
:103D0000133220E0143230E018322EE01C322CE066
:103D1000203218E0213216E0253204E0223202E09F
:103D2000233200E024322D4B436002602C4B48E0EC
:103D3000283214E02C3212E0303204E034320EE04B
:103D400038320CE03C32274B43600260264B38E0AF
:103D5000403204E0443202E0483200E04C32234B6F
:103D600043600260224B2CE05032224B43600260E1
:103D7000214B26E0A8322DE0B4322BE001321CE0CA
:103D800002321AE0033218E0043216E0053214E081
:103D9000063212E0073210E008320EE009320CE081
:103DA0000A320AE00B3208E00C3206E00D3204E081
:103DB0000E3202E00F3200E01032104B4360104B25
:103DC0000260836007E0543204E0603202E06C324B
:103DD00000E07832026002B0704700BF4D2F020849
:103DE000512F0208292F02082D2F02080D2F02083B
:103DF000152F0208312F0208352F0208652F0208FF
:103E0000692F020882B08DE80C00049B3BB1012BA6
:103E10000AD1064B43600432054B026003E0054BB8
:103E20004360054B0260836002B07047452F020873
:103E3000492F0208C53A0208A14C020882B08DE859
:103E40000C00049B23B1012B08D10832026005E06D
:103E5000034B43600432034B0260836002B070473F
:103E60003D2F0208412F020882B08DE80C00049B10
:103E70001BB9034B43600C32026002B0704700BFB5
:103E8000052F020882B08DE80C00049B032B0ED88E
:103E9000DFE803F002050709064B026006E0043282
:103EA00002E0083200E00C32034B0260436002B0D3
:103EB000704700BF252F0208052F020882B08DE849
:103EC0000C00049B012B03D0022B03D033B902E07A
:103ED000043200E00832024B0260436002B07047D7
:103EE000052F020882B010B502A981E80C00044633
:103EF00010220021CCF7B0FA2046BDE8104002B0F5
:103F0000704700BFA1F10401ECE700BF82B08DE86B
:103F10000C00049B152B3DD8DFE803F00B0D0F11AF
:103F2000131517191B1D1F212325292B2D2F313365
:103F3000383A043218E0083216E00C3214E010323D
:103F400012E0143210E01C320EE018320CE0203285
:103F50000AE0243208E0283206E02C3204E0303255
:103F600002E0343200E038320B4B02600CE03C32AD
:103F700008E0403206E0443204E0483202E04C32CD
:103F800000E05032054B0260436003E0536D00E0F7
:103F9000936D036002B07047052F0208392F0208A5
:103FA00082B08DE80C00049B032B10D8DFE803F0EF
:103FB00005020409043200E00832064B0260436047
:103FC00005E0054B43600C32044B0260836002B095
:103FD000704700BF052F0208312F0208352F020855
:103FE00082B08DE80C00049B032B09D8DFE803F0B6
:103FF00007020406103202E0203200E03032026094
:1040000002B0704782B010B502A981E80C000446E6
:1040100010220021CCF720FA2046BDE8104002B063
:10402000704700BFA1F10401ECE700BF82B010B5FA
:1040300002A981E80C00044610220021CCF70CFAFA
:104040002046BDE8104002B0704700BFA1F1040156
:10405000ECE700BF82B010B502A981E80C0004466D
:1040600010220021CCF7F8F92046BDE8104002B03C
:10407000704700BFA1F10401ECE700BF82B010B5AA
:1040800002A981E80C00044610220021CCF7E4F9D3
:104090002046BDE8104002B0704700BFA1F1040106
:1040A000ECE700BF82B010B502A981E80C0004461D
:1040B00010220021CCF7D0F92046BDE8104002B014
:1040C000704700BFA1F10401ECE700BF82B08DE8AA
:1040D0000C00049B252B00F29480DFE803F01319F9
:1040E0001B1D1F21232527292B2E30373B3D3F4108
:1040F0004345474B4D5055595C64686A7074767AF5
:1041000082898E90404B43603832404B02601BE006
:10411000D36B36E0136C34E0536C0CE0936C30E0FE
:10412000D36C2EE0136D2CE0536D2AE0936D24E0E8
:10413000D36D22E0136E03603FE0536E21E0344BF9
:1041400043606832334B026083605AE0D36E036091
:10415000314B4BE070320AE0713208E0723206E017
:10416000733204E0743202E0753200E076322B4B99
:1041700002603BE0936F00E0D36F036035E0D2F85C
:1041800080300360264B31E002F585427C3213E03B
:1041900002F5864210E002F58642224B436004326B
:1041A000214B0260D0E702F58642083223E08432D8
:1041B00021E002F585426C3202601C4B16E002F5EC
:1041C0008542703210E0E03215E002F5824204329E
:1041D00011E002F58542164B43607432154B0260C4
:1041E000B2E702F5864248320260134B436008E0B2
:1041F00002F583421C32026003E0104B00E0104BDA
:10420000036002B0704700BFF52E0208F92E0208C5
:104210000D2F0208152F02081D2F0208252F020856
:10422000FD2E0208292F02082D2F0208052F020853
:10423000312F0208352F0208092F020880100020B4
:104240003013002070B51E46D1E90003154698478B
:10425000034A034631462846CDF782FE012070BD51
:104260007FC1030810B5D1E9000314469847002325
:10427000303020706370012010BD000070B51E4604
:10428000D1E9000315469847034A034631462846BC
:10429000CDF766FE012070BD809C030870B51E46F8
:1042A000D1E9000315469847034A0346314628469C
:1042B000CDF756FE012070BD88C1030837B51D46F5
:1042C000D1E9000314469847044ACDE90001294684
:1042D0002046CDF745FE012003B030BD8FC1030855
:1042E00070B51E46D1E9000315469847034A0346B8
:1042F00031462846CDF734FE012070BD809C03086E
:104300007047000037B51D46D1E9000314469847B1
:1043100010EE100AD6F73AFD044ACDE9000129460D
:104320002046CDF71DFE012003B030BD7CC103083F
:1043300037B51D46D1E9000314469847044ACDE934
:10434000000129462046CDF70BFE012003B030BD09
:1043500083C103082DE9F04397B005460E4606A831
:104360004021CDF7FDFD4028044628BF4024002E03
:1043700000F08C80034648B1002306A91A4611F8C4
:10438000010B0132A24283EA0003F8D306A8C4F16C
:1043900040012044424ACDF7E3FD0444D5E9C3027D
:1043A000511C402CC1F3080128BF402406AB8142B8
:1043B00003EB040805F58676034617D002F2FF12D8
:1043C000C2F30807B84230D806A93C1AA8EB010886
:1043D000444528BF444630442246CDF719FED5F85F
:1043E0000C332344C3F30803C5F80C3395F81423A6
:1043F000C2B9D5F810239A422ED2012085F81403B1
:10440000D5F81C03324404680492264A24683344D5
:1044100002A90593CDE90226009104AA06CA05F572
:104420004673A04717B0BDE8F083C0F50079A145F9
:1044300028BFA1464A4606A93044CDF7E9FDD5F884
:104440000C3306A94C4594BF091949449944C9F352
:104450000800C5F80C03B8E7E4D9D5F81C030368D5
:1044600001211C6885F8141302AB0093324405F552
:10447000467305F54375049205950A49029104AA0D
:1044800006CA0396A04717B0BDE8F08306ABC4F197
:1044900040011819044ACDF763FD02347EE700BFDE
:1044A000849C0308794703088C9C03082DE9F0439A
:1044B00097B005469DF878409DF87C0000940190E7
:1044C0000E4606A84021CDF74BFD4028044628BFE4
:1044D0004024002E00F08C80034648B1002306A93A
:1044E0001A4611F8010B0132A24283EA0003F8D305
:1044F00006A8C4F140012044424ACDF731FD0444EE
:10450000D5E9C302511C402CC1F3080128BF402447
:1045100006AB814203EB040805F58676034617D007
:1045200002F2FF12C2F30807B84230D806A93C1ABB
:10453000A8EB0108444528BF444630442246CDF745
:1045400067FDD5F80C332344C3F30803C5F80C33D7
:1045500095F81423C2B9D5F810239A422ED201201F
:1045600085F81403D5F81C03324404680492264AE3
:104570002468334402A90593CDE90226009104AAD8
:1045800006CA05F54673A04717B0BDE8F083C0F52D
:104590000079A14528BFA1464A4606A93044CDF777
:1045A00037FDD5F80C3306A94C4594BF0919494489
:1045B0009944C9F30800C5F80C03B8E7E4D9D5F865
:1045C0001C03036801211C6885F8141302AB0093D7
:1045D000324405F5467305F54375049205950A497D
:1045E000029104AA06CA0396A04717B0BDE8F0835B
:1045F00006ABC4F140011819044ACDF7B1FC0234EE
:104600007EE700BF849C0308794703088C9C03085D
:104610002DE9F04399B00546219801902298209CFD
:1046200002902398009403900E4608A84021CDF7ED
:1046300097FC4028044628BF4024002E00F08C80C0
:10464000034648B1002308A91A4611F8010B0132AC
:10465000A24283EA0003F8D308A8C4F14001204431
:10466000424ACDF77DFC0444D5E9C302511C402CDD
:10467000C1F3080128BF402408AB814203EB0408C2
:1046800005F58676034617D002F2FF12C2F308073B
:10469000B84230D808A93C1AA8EB0108444528BF05
:1046A000444630442246CDF7B3FCD5F80C332344BE
:1046B000C3F30803C5F80C3395F81423C2B9D5F831
:1046C00010239A422ED2012085F81403D5F81C033A
:1046D000324404680692264A2468334404A90793A6
:1046E000CDE90426009106AA06CA05F54673A0473F
:1046F00019B0BDE8F083C0F50079A14528BFA146F7
:104700004A4608A93044CDF783FCD5F80C3308A9F4
:104710004C4594BF091949449944C9F30800C5F8A8
:104720000C03B8E7E4D9D5F81C03036801211C6821
:1047300085F8141304AB0093324405F5467305F570
:104740004375069207950A49049106AA06CA05967A
:10475000A04719B0BDE8F08308ABC4F140011819B7
:10476000044ACDF7FDFB02347EE700BF849C0308BA
:10477000794703088C9C030830B589B002AB83E805
:10478000060003469DF808000399002283F80822DA
:10479000C3F80C2228BB8B4200D9FEE703F5007555
:1047A0008D42FAD3CA1AD3F80012C2F308028A4221
:1047B000C3F8042217D314D9D3F8100207951A446A
:1047C00001210468069283F808120D49246804AA9E
:1047D000009208AACDE9041312E9060003F5037359
:1047E000A04709B030BDD3F810021A4419444FF065
:1047F000010C0468069283F808C20791E5E700BF40
:104800007947030810B50246034600F5847152F853
:10481000080B86B0046824680492054A0591CDE926
:10482000022304A902AB01AAA04706B010BD00BF35
:104830005D6D03080B1A00B54FEAA30EBEF1000F21
:1048400019DD137800EB8E0E0EE090F801C09C4548
:1048500024D090F802C09C4523D090F803C09C451A
:1048600022D00430864505D090F800C09C45ECD19C
:104870005DF804FB0B1A022B05D0032B19D0012B7A
:1048800015D00846F4E7137802789A42F0D0013048
:1048900002789A4218BF08465DF804FB01305DF8C3
:1048A00004FB02305DF804FB03305DF804FB137871
:1048B000EEE7137802789A42DAD00130E4E700BFDD
:1048C0002DE9F04F0D4614469C46074606460FCD8F
:1048D0000FC793B02B683B600DAA002304EB0C01BB
:1048E00020468DF83430FFF7A5FF4FF02E0B8046A1
:1048F000444556D23569002D53D00DAA4146204675
:104900008DF834B0FFF796FFAB68059607462E4644
:10491000A0EB040A06934FF000092546069B994533
:104920002ED0726852F839404FEAC90352462146E8
:1049300028460793CCF7C8F8F8B92046CBF720FDF6
:1049400082451AD13546059E2C68CDF80890D6E9E7
:1049500002018DE80300294696E80C00246808A8A7
:10496000A0476B68079A134408ADD3F804C0CDF88C
:1049700030C00FCD0DAC0FC405E009F10109CDE742
:10498000059E4FF0000CCDF844C00DAD0FCD344660
:104990000FC401374745C4F800C03C4628BF444611
:1049A000A6E7304613B0BDE8F08F0000014A016071
:1049B00002617047F0EA00202DE9F04397B00E46FF
:1049C0000546402106A8CDF7CBFA4028044628BF6B
:1049D0004024002E00F08C80034648B1002206A936
:1049E000134611F8010B0132A24283EA0003F8D307
:1049F00006A8C4F140012044424ACDF7B1FA04446C
:104A0000D5E9C302511C402CC1F3080128BF402442
:104A100006AB814203EB040805F58676034617D002
:104A200002F2FF12C2F30807B84230D806A93C1AB6
:104A3000A8EB0108444528BF444630442246CDF740
:104A4000E7FAD5F80C332344C3F30803C5F80C3355
:104A500095F81423C2B9D5F810239A422ED201201A
:104A600085F81403D5F81C03324404680492264ADE
:104A70002468334402A90593CDE90226009104AAD3
:104A800006CA05F54673A04717B0BDE8F083C0F528
:104A90000079A14528BFA1464A4606A93044CDF772
:104AA000B7FAD5F80C3306A94C4594BF0919494407
:104AB0009944C9F30800C5F80C03B8E7E4D9D5F860
:104AC0001C03036801211C6885F8141302AB0093D2
:104AD000324405F5467305F54375049205950A4978
:104AE000029104AA06CA0396A04717B0BDE8F08356
:104AF00006ABC4F140011819044ACDF731FA02346B
:104B00007EE700BF849C0308794703088C9C030858
:104B10002DE9F0474B78732BACB00546904600F07A
:104B20007B8100260C46402231460CA80796CBF725
:104B300093FCAE4907AA2046CBF7E0FC012800F021
:104B4000CB80AB4907AA2046CBF7D8FC012815D06B
:104B5000A84907AA2046CBF7D1FC012823D0A649B3
:104B600007AA2046CBF7CAFC012831D0A34A414608
:104B70002846FFF721FF2CB0BDE8F08707980CA965
:104B800002F042FE0028E3D0DDE914321399CDE9AA
:104B90000232129A079BCDE900212846984A4146E5
:104BA000FFF736FDE7E707980CA902F02DFE002875
:104BB000D5D0DDE918321799CDE90232169A079B54
:104BC000CDE9002128468F4A4146FFF721FDD2E773
:104BD00007980CA902F018FE0028C7D01B9B1A9852
:104BE0000293D6F7D3F8079C874A1CAFCDE90001A2
:104BF000234640213846CDF7B3F9402828BF40204E
:104C00000446B8F1000F00F0E481002339461A464B
:104C100011F8010B0132A24283EA0003F8D3C4F178
:104C200040013819794ACDF79BF90444D5E9C3020C
:104C3000511C402CC1F3080128BF4024814205F5D6
:104C4000867607EB040803462ED002F2FF12C2F369
:104C50000809484540F2BB81C0F5007AA24528BF4B
:104C6000A246524639463044CDF7D2F9D5F80C3336
:104C7000544594BF391907EB0A019A44CAF3080056
:104C8000C5F80C03A9EB0004A8EB0108444528BFB4
:104C9000444622463044CDF7BBF9D5F80C331C44CA
:104CA000C4F30803C5F80C3395F81423002A7FF4E5
:104CB00062AFD5F810239A4280F06D81D5F81C03BD
:104CC0000468B118F2180123246885F81433CDE97B
:104CD0000A1205F5467380E007980CA902F094FDCE
:104CE00000283FF42EAFDDE91032CDE903320F9BEF
:104CF00002930E9B01931CAF0D9B0093444A079BAC
:104D000040213846CDF72CF98146B8F1000F00F06C
:104D1000398133463946324611F8010B013291454B
:104D200083EA0003F8D8C9F1400107EB0900374ACC
:104D3000CDF716F98144D5E9C304611CC1F308011C
:104D4000814205F5867607EB090803462ED004F26A
:104D5000FF14C4F30804A04240F23781C0F5007A82
:104D6000CA4528BFCA46524639463044CDF750F9A5
:104D7000D5F80C33CA4594BF07EB0A0107EB0901CC
:104D80009A44CAF30800C5F80C03241AA8EB0108DA
:104D9000444528BF444622463044CDF739F9D5F87A
:104DA0000C331C44C4F30803C5F80C3395F81423E2
:104DB000002A7FF4E0AED5F810239A4280F0EB8011
:104DC000D5F81C030468F11832442468CDE90A219F
:104DD000012385F8143305F546730E4A089208AA94
:104DE000009209960AAA06CAA047C4E6AC9C03082A
:104DF000CC9C0308D49C0308DC9C0308FC9C03089F
:104E0000E49C03081C9D0308349D0308849C03084C
:104E1000B49C03087947030802F0D8FC814602F0ED
:104E2000DBFC824602F0DEFC044602F0E1FC0646B2
:104E300002F0E4FC074602F06BFACDE903701CAF08
:104E4000CDE90146674ACDF800A04B4640213846DF
:104E5000CDF786F8402828BF40200446B8F1000F5F
:104E60006CD0002339461A4611F8010B0132A242D8
:104E700083EA0003F8D3C4F1400138195A4ACDF748
:104E80006FF80444D5E9C302511C402CC1F308015A
:104E900028BF4024814205F5867607EB04090346C6
:104EA0002DD002F2FF12C2F3080840454ED9C0F5DA
:104EB000007AA24528BFA246524639463044CDF773
:104EC000A7F8D5F80C33A24594BF07EB0A013919AE
:104ED0009A44CAF30800C5F80C03A8EB0004A9EB38
:104EE00001094C4528BF4C4622463044CDF790F886
:104EF000D5F80C331C44C4F30803C5F80C3395F8FB
:104F00001423002A7FF437AED5F810239A421FD21B
:104F1000D5F81C030468F118324424680B96CDE9D7
:104F20000C21324A0A9201230AAA85F8143300920E
:104F30000CAA06CA05F54673A0471CE6C0F140015D
:104F40002B4A3818CDF70CF802349BE73946C4E7F2
:104F50007FF611AED5F81C0303681C680B9605F5A7
:104F600043730D93214B0A9332440AAB012185F818
:104F700014130C9200930CAB93E8060005F54673EE
:104F8000A047F8E5C0F14001194A3818CCF7E8FF0E
:104F900009F10209CFE67FF6EEADD5F81C030368F0
:104FA0001C68099605F543730B93104B0893324424
:104FB00008AB012185F814130A9200930AAB93E819
:104FC000060005F54673A047D5E53946DDE63946C6
:104FD00058E6C0F14001064A3818CCF7C1FF023448
:104FE00024E600BF909C0308849C030879470308CB
:104FF0008C9C030870B51446264E274A0546214668
:10500000FFF7DAFC214632462846FFF7D5FC214659
:105010002846224AFFF7D0FC21462846204AFFF7BF
:10502000CBFC214628461F4AFFF7C6FC21462846EE
:105030001D4AFFF7C1FC214628461C4AFFF7BCFC6D
:10504000324621462846FFF7B7FC21462846184A33
:10505000FFF7B2FC21462846164AFFF7ADFC214671
:105060002846154AFFF7A8FC324621462846FFF796
:10507000A3FC21462846114AFFF79EFC21462846FC
:105080000F4AFFF799FC0F4A21462846FFF794FC88
:1050900070BD00BF98B90308449D0308709D0308C4
:1050A000989D0308BC9D0308E09D0308FC9D030830
:1050B000109E0308509E0308649E03087C9E03080C
:1050C0008C9E0308A09E0308F0B5C9B0044615469F
:1050D000084608AA1B49CBF711FA00282ADD03A8C5
:1050E00019494FF4807308AAFFF7EAFB0798FFF706
:1050F00007F9C0B1154A16496FF0010302F0ECFE42
:1051000088B103686E461F6803A932460A23B84770
:10511000104B2946002814BF32461A462046FFF796
:105120004BFC49B0F0BD0C4A29462046FFF744FC31
:1051300049B0F0BD094A29462046FFF73DFC49B079
:10514000F0BD00BFBC9E030850ED0020C4C10308A1
:10515000A0C10308AC9E0308DC9E0308C49E03089C
:1051600070B5ADF5067D05461446084646AB1D49AB
:1051700006AACBF7C3F9002824DD01A81A4906AA1C
:105180004FF48073FFF79CFB0598FFF7B9F888B1DF
:10519000164A17496FF0010302F09EFE50B10368F2
:1051A00046AA5E6801A94FF48073B04790B10DF52F
:1051B000067D70BD0F4A21462846FFF7FDFB0DF521
:1051C000067D70BD0C4A21462846FFF7F5FB0DF51C
:1051D000067D70BD094A21462846FFF7EDFB0DF517
:1051E000067D70BDF09E030850ED0020C4C1030889
:1051F000A0C10308DC9E0308C49E0308AC9E0308FC
:1052000070B586B005AC04ABCDE9003484461546D4
:10521000084603AB204902AA6446CBF76FF9012880
:1052200032DD029B012B28D81C4E039C84464FF490
:105230002C7000FB03600325D0F8001101F54052EB
:105240000D7602F61411BCF1020F0C6009D002F6C3
:105250001811049C0C60AC4503D002F61C11059C8F
:105260000C60012182F83C194FF42C7202FB03F30D
:10527000F3581B68984706B070BD094A2946204676
:10528000FFF768F806B070BD064A29462046FFF7CA
:1052900093FB06B070BD00BF109F03088010002074
:1052A000209F0308C49E030870B586B005AC04AB0C
:1052B000CDE9003484461546084603AB1F4902AACF
:1052C0006446CBF71BF9012831DD029B012B27D85F
:1052D0001B4E039D84464FF42C7000FB0360032497
:1052E000D0F8002102F54051147601F61414BCF1F7
:1052F000020F256008D0049C9462BCF1030F03D018
:10530000D0F85821059C5464012281F83C294FF4BF
:105310002C7202FB03F3F3581B68984706B070BD6C
:10532000084A29462046FFF715F806B070BD064A20
:1053300029462046FFF740FB06B070BD349F0308A6
:1053400080100020209F0308C49E030830B587B05A
:1053500005AB009304461546084604AB1B4903AA57
:10536000CBF7CCF801282ADD039B012B20D8184964
:10537000049D84464FF42C7000FB03104FF0020E86
:10538000D0F8004104F5405284F818E002F61814F1
:10539000F445256003D002F61C12059C14604FF4FE
:1053A0002C7202FB03F3CB581B68984707B030BD43
:1053B000084A29462046FEF7CDFF07B030BD064A11
:1053C00029462046FFF7F8FA07B030BD449F03088E
:1053D00080100020209F0308C49E030830B583B0CE
:1053E00004461546084601AB14496A46CBF786F8D1
:1053F00001281CDD009B012B12D8114A4FF42C719F
:1054000001FB03F39818D458D0F80021019902F554
:105410006453012515762268D961904703B030BDE9
:10542000084A29462046FEF795FF03B030BD064ADC
:1054300029462046FFF7C0FA03B030BD509F03084D
:1054400080100020209F0308C49E030830B583B05D
:1054500004461546084601AB17496A46CBF74EF895
:10546000012822DD009B012B18D81449019D4FF41F
:105470002C7202FB03F3581840F20354D0F80021B9
:10548000148302F54052CB5802F6141401211B6814
:10549000256082F83C19984703B030BD084A294678
:1054A0002046FEF757FF03B030BD064A2946204686
:1054B000FFF782FA03B030BD589F03088010002028
:1054C000209F0308C49E030830B50C4683B00346F2
:1054D00012492046154601AA1C46CBF70FF80028B2
:1054E00014DD019B012B0AD84FF42C710C4A01FBEF
:1054F00003F3D018D3581B68984703B030BD094A4E
:1055000029462046FEF726FF03B030BD064A29464D
:105510002046FFF751FA03B030BD00BF609F03087B
:1055200080100020209F0308C49E03082DE9F0434B
:105530004B78732B99B0154606D0674A2946FFF77A
:105540003BFA19B0BDE8F083044603AB881C02AAFD
:105550006249CAF7D3FF012840F39680029B012BD2
:1055600000F28A804FF42C72DFF88881039902FBE5
:1055700003F606EB0807D7F8AC0003681B689847EA
:1055800058F8063038461B689847554A039B402117
:1055900008A8CCF7E5FC0646002D00F09380002318
:1055A00008A91A4611F8010B0132964283EA00035A
:1055B000F8D808A8C6F1400130444A4ACCF7D0FCDC
:1055C0000644D4E9C3056A1CC2F3080208AB824250
:1055D00003EB060804F5867703462CD005F2FF1589
:1055E000C5F30805A84255D9C0F50079B14528BFD3
:1055F000B1464A4608A93844CCF70AFDD4F80C3322
:1056000008A94E4594BF891949449944C9F3080033
:10561000C4F80C032D1AA8EB0108454528BF4546E0
:1056200038442A46CCF7F4FCD4F80C332B44C3F3AB
:105630000803C4F80C3394F81423002A81D1D4F859
:1056400010239A4228D37FF67CAFD4F81C0303685A
:1056500001211D6884F8141304AB3A44009304F547
:10566000467304F5437406921F49079406AA0491F1
:10567000059706CAA84764E71C4A29462046FEF754
:1056800069FE19B0BDE8F083134A29462046FFF7AA
:1056900093F956E708A9BDE7012084F81403D4F86C
:1056A0001C033A443B44069207930F4A04F54673A1
:1056B000046804A924680091CDE9042706AA06CA53
:1056C000A0473EE708ABC0F14001094A1818CCF7E3
:1056D00047FC023675E700BFC49E0308689F0308B5
:1056E000709F0308849C030879470308209F0308E0
:1056F0008C9C0308801000202DE9F0430B469BB0E2
:10570000654904461646184605AACAF7F7FE00285A
:1057100040F38180059B012B07D9604A3146204622
:10572000FEF718FE1BB0BDE8F0835D4A4FF42C7104
:1057300001FB0322D2F8AC50D5F8DC00D5F726FBEC
:10574000CDE90201D5F8D400D5F720FB554ACDE9C3
:10575000000140210AA8CCF703FC402828BF4020C4
:105760000546002E76D000230AA91A4611F8010B2F
:105770000132AA4283EA0003F8D30AA8C5F1400126
:105780002844494ACCF7ECFB0544D4E9C302511C38
:10579000402DC1F3080128BF40250AAB814203EB2D
:1057A000050804F58676034617D002F2FF12C2F30D
:1057B0000807B84237D80AA93D1AA8EB01084545A1
:1057C00028BF454630442A46CCF722FCD4F80C3397
:1057D0002B44C3F30803C4F80C3394F81423002AB1
:1057E000A0D1D4F810239A423DD2012084F81403AA
:1057F000D4F81C0332443344089209932B4A04F52D
:105800004673046806A924680091CDE9062608AA13
:1058100006CAA04786E7264A31462046FFF7CCF85D
:105820001BB0BDE8F083C0F50079A94528BFA946A3
:105830004A460AA93044CCF7EBFBD4F80C330AA94A
:10584000A94594BF494449199944C9F30800C4F8CB
:105850000C03B1E70AABC0F14001164A1818CCF7A7
:105860007FFB023591E77FF65DAFD4F81C03036838
:1058700001211D6884F8141306AB3244009304F52B
:10588000467304F5437408920849099408AA0691DE
:10589000079606CAA84745E7849F0308209F030888
:1058A00080100020189F0308849C03087947030890
:1058B000C49E03088C9C03082DE9F04397B005466D
:1058C0000E4606A84021CCF74BFB4028044628BFD3
:1058D0004024002E00F08C80034648B1002206A927
:1058E000134611F8010B0132A24283EA0003F8D3F8
:1058F00006A8C4F140012044424ACCF731FB0444DD
:10590000D5E9C302511C402CC1F3080128BF402433
:1059100006AB814203EB040805F58676034617D0F3
:1059200002F2FF12C2F30807B84230D806A93C1AA7
:10593000A8EB0108444528BF444630442246CCF732
:1059400067FBD5F80C332344C3F30803C5F80C33C5
:1059500095F81423C2B9D5F810239A422ED201200B
:1059600085F81403D5F81C03324404680492264ACF
:105970002468334402A90593CDE90226009104AAC4
:1059800006CA05F54673A04717B0BDE8F083C0F519
:105990000079A14528BFA1464A4606A93044CCF764
:1059A00037FBD5F80C3306A94C4594BF0919494477
:1059B0009944C9F30800C5F80C03B8E7E4D9D5F851
:1059C0001C03036801211C6885F8141302AB0093C3
:1059D000324405F5467305F54375049205950A4969
:1059E000029104AA06CA0396A04717B0BDE8F08347
:1059F00006ABC4F140011819044ACCF7B1FA0234DD
:105A00007EE700BF849C0308794703088C9C030849
:105A100070B5124C94F8721094F8713082B0CDE9E0
:105A20000031154694F870300D4A29460646FEF7B7
:105A30003DFD94F87530019394F8741094F8733028
:105A4000084A009130462946FEF730FD064B074ACA
:105A500029463046FFF730FF02B070BDC8A30020D2
:105A60008C9F0308A89F030818EA0020C49F03081E
:105A700038B59C499C48FEF799FF9C4B1A6812F078
:105A8000010200F09E879A4B1A6812F0010200F0A2
:105A90008787984B1A6812F0010200F07087964BC6
:105AA0001A6812F0010200F05987944B1A6812F03C
:105AB000010200F03D87924B1A6812F0010200F0DB
:105AC0009D86904B1A6812F0010200F086868E4B7C
:105AD0001A6812F0010200F06A868C4B1A6812F004
:105AE000010200F04E868A4B1A68D50740F13D86C8
:105AF000884B1A68D40740F12C86874B1A6812F03D
:105B0000010200F01586854B1A68D00740F1048623
:105B1000834B1A68D10740F1F385824B1A68D2078C
:105B200040F1E285804B1A68D50740F1D2857F4B62
:105B30001A6812F0010200F0B6857D4B1A6812F067
:105B4000010200F09A857B4B1A68D40740F18985E1
:105B5000794B1A68D00740F17885784B1A6812F0B3
:105B6000010200F05C85764B1A6812F0010200F029
:105B70004085744B1A68D10740F12F85724B1A6823
:105B800012F0010200F01385704B1A68D20740F141
:105B900002856F4B1A6812F0010200F0E6846D4B2B
:105BA0001A6812F0010200F0CF846B4B1A6812F0F1
:105BB000010200F02984694B1A6812F0010200F01A
:105BC0000D84674B1A6812F0010200F0F183654BF7
:105BD0001A68D50740F1E183634B1A68D40740F196
:105BE000D183624B1A68D00740F1C183604B1A68B9
:105BF000D10740F1B1835F4B1A6812F0010200F047
:105C000096835D4B1A68D20740F186835B4B1A6816
:105C1000D50740F176835A4B1A68D40740F1668362
:105C2000584B1A68D00740F15683574B1A68D10772
:105C300040F14683554B1A6812F0010200F02B83A5
:105C4000534B1A6812F0010200F01083514B1A688E
:105C5000D20740F10083504B1A68D50740F1F0821B
:105C60004E4B1A6812F0010200F0D5824C4B1A68B4
:105C700012F0010200F0BA824A4B1A6812F00102D7
:105C800000F09F82484B1A6812F0010200F08482F3
:105C9000464B1A68D40740F17482454B1A68D00706
:105CA00040F16482434B1A68D10740F1BC81424BFA
:105CB0001A68D20740F1AC81404B1A6812F0010219
:105CC00000F091813E4B1A6812F0010200F07681DB
:105CD0003C4B1A68D50740F166813B4B1A68D407E4
:105CE00074E000BFC8A3002050ED002054E800205D
:105CF000ECEA0020E8EA0020E4EA002050E8002076
:105D0000E0EA0020DCEA00204CE8002048E800201F
:105D1000D8EA0020D4EA0020D0EA0020CCEA002013
:105D2000C8EA0020C4EA0020C0EA002044E80020BD
:105D300040E80020BCEA0020B8EA00203CE800204F
:105D400038E80020B4EA002034E80020B0EA00205F
:105D500030E80020ACEA0020A8EA00202CE800206F
:105D600028E80020A4EA0020A0EA00209CEA002005
:105D700098EA002024E8002094EA002090EA00201D
:105D80008CEA002088EA002084EA002020E8002035
:105D90001CE8002080EA00207CEA002018E80020AF
:105DA00014E8002010E800200CE8002078EA002029
:105DB00074EA002070EA00206CEA002008E8002065
:105DC00004E8002068EA002064EA002040F1E08056
:105DD0009A4B1A68D00740F1D180994B1A68D107C5
:105DE00040F1C180974B1A6812F0010200F0A680C2
:105DF000954B1A68D20740F19680944B1A68D507E4
:105E000040F18680924B1A68D40776D5914B1A6878
:105E1000D00768D5904B1A68D10759D58F4B1A68AF
:105E2000D2074AD58E4B1A68D5073BD58D4B1A68D9
:105E3000D4072DD58C4B1A68D0071ED58B4B1A680A
:105E4000D1070FD58A4B1A68D20700D538BD894CC7
:105E500089490120186026222046EEF713FF874B60
:105E6000236038BD864C87490120186012222046E5
:105E7000EEF708FF844B2360E4E7844C844901205B
:105E800018600D222046EEF7FDFE824B2360D5E719
:105E9000814C8249012220461A60EEF7F3FE804BC6
:105EA0002360C7E77F4C804901201860022220460A
:105EB000EEF7E8FE7D4B2360B8E77D4C7D4901207D
:105EC000186002222046EEF7DDFE7B4B2360A9E737
:105ED0007A4C7B490120186005222046EEF7D2FE5D
:105EE000784B23609AE7784C7849012220461A6063
:105EF000EEF7C8FE764B23608CE7764C764901209E
:105F0000186003222046EEF7BDFE744B23607DE748
:105F1000734C74490120186006222046EEF7B2FE49
:105F2000714B23606EE7714C7149012018600322A8
:105F30002046EEF7A7FE6F4B23605EE76E4C6F487E
:105F40006F4D01211960C4E900506E4904F1080049
:105F5000EEF798FE6C4B03F1180103F12802C4E937
:105F60000031A26044E7694C6949012018600622AB
:105F70002046EEF787FE674B236033E7664C6749A0
:105F8000012220461A60EEF77DFE654B236024E770
:105F9000644C65490120186013222046EEF772FE1A
:105FA000624B236014E7624C62490120186015229D
:105FB0002046EEF767FE604B23608EE65F4C4F484D
:105FC0004F4D01211960C4E900505D4904F10800FA
:105FD000EEF758FE5B4B03F1180103F12802C4E908
:105FE0000031A26074E6584C4448454D01211960C7
:105FF000C4E90050554904F10800EEF743FE544B44
:1060000003F1180103F12802C4E90031A26059E646
:10601000504C51490120186010222046EEF732FE04
:106020004E4B236048E64E4C4E4901201860042236
:106030002046EEF727FE4C4B236038E660EA00204E
:106040005CEA002000E8002058EA002054EA002022
:1060500050EA00204CEA002048EA002044EA0020F0
:1060600040EA00203CEA002038EA002034EA002020
:1060700030EA0020F0EA002098B50408D0C30408F4
:10608000FCEA002038B2040814C5040808EB00201C
:1060900008AA0408A4C6040814EB002080AA040877
:1060A0008CC6040820EB002070AA040898C60408D7
:1060B0002CEB0020B0AA040874C6040838EB0020BA
:1060C00088AA040880C6040844EB0020D8AA040863
:1060D0005CC6040850EB0020C0AA040868C6040887
:1060E0005CEB0020F8AA040844C6040868EB002012
:1060F000E0AA040850C6040858E80020C8CA0308EB
:10610000D8CA030894C1030828CF030874EB002001
:1061100030AB04082CC6040880EB002028AB040830
:1061200038C604088CEB002008AC040814C6040828
:1061300098EB002060AB040820C604086CE800203F
:1061400094C10308F4CE030880E8002094C103083A
:10615000C0CE0308A4EB0020E8AD0408E4C50408A1
:10616000B0EB0020A0AC040808C60408AF4CB0494E
:10617000012018601E222046EEF784FDAD4B2360FF
:1061800090E5AD4CAD490120186007222046EEF79E
:1061900079FDAB4B236080E5AA4CAB48AB4D0121A8
:1061A0001960C4E90050AA4904F10800EEF76AFD3D
:1061B000A84B03F1180103F12802C4E90031A260E1
:1061C00066E5A54CA048A14D01211960C4E9005025
:1061D000A24904F10800EEF755FDA14B03F11801A7
:1061E00003F12802C4E90031A2604BE59D4C9648BA
:1061F000964D01211960C4E900509B4904F1080043
:10620000EEF740FD994B03F1180103F12802C4E9B0
:106210000031A26030E5964C8B488C4D012119600D
:10622000C4E90050934904F10800EEF72BFD924BAE
:1062300003F1180103F12802C4E90031A26015E559
:106240008E4C8F490120186015222046EEF71AFD6A
:106250008C4B236004E58C4C8C49012018601A2279
:106260002046EEF70FFD8A4B2360F4E4894C764814
:10627000764D01211960C4E90050874904F10800F6
:10628000EEF700FD854B03F1180103F12802C4E984
:106290000031A260DAE4824C6B486C4D0121196038
:1062A000C4E900507F4904F10800EEF7EBFC7E4B97
:1062B00003F1180103F12802C4E90031A260BFE430
:1062C0007A4C7B490120186012222046EEF7DAFC56
:1062D000784B2360AEE4784C7849012018600222A4
:1062E0002046EEF7CFFC764B23609EE4754C764952
:1062F0000120186008222046EEF7C4FC734B23608F
:106300008EE4734C73490120186002222046EEF798
:10631000B9FC714B23607EE4704C71490120186018
:1063200003222046EEF7AEFC6E4B23606EE46E4C0B
:106330004548464D01211960C4E900506B4904F1FC
:106340000800EEF79FFC6A4B03F1180103F12802E5
:10635000C4E90031A26054E4664C6749012018602A
:1063600010222046EEF78EFC644B236043E4644C1D
:106370006449012018600C222046EEF783FC624B32
:10638000236033E4614C62490120186009222046F1
:10639000EEF778FC5F4B236023E45F4C5F490120FC
:1063A000186005222046EEF76DFC5D4B236013E478
:1063B0005C4C2548254D01211960C4E900505A491B
:1063C00004F10800EEF75EFC584B03F1180103F1ED
:1063D0002802C4E90031A260FFF7F9BB544C1A4807
:1063E0001A4D01211960C4E90050524904F1080016
:1063F000EEF748FC504B03F1180103F12802C4E901
:106400000031A260FFF7DDBB4C4C0F4D204601214F
:10641000196040F8045B4A49EEF734FC494B03F13C
:106420001402C4E90032FFF7C6BB00BFBCEB00207A
:10643000F8AC0408F0C50408C8EB0020C0AC0408A0
:10644000FCC5040894E80020C8CA0308D8CA030899
:1064500094C103088CCE0308A8E8002094C1030867
:1064600058CE0308BCE8002094C1030824CE0308DA
:10647000D0E8002094C10308F0CD0308D4EB00203D
:1064800040B0040890C50408E0EB002068AE0408A2
:10649000D8C50408E4E8002094C10308BCCD030873
:1064A000F8E8002094C1030888CD0308ECEB002035
:1064B00038AF0408CCC50408F8EB002008B0040885
:1064C000B4C5040804EC0020C8AF0408C0C5040823
:1064D00010EC002030B004089CC504081CEC00201F
:1064E00018B00408A8C504080CE9002094C10308EA
:1064F00054CD030828EC0020B8B1040860C5040896
:1065000034EC0020E8B0040884C5040840EC002006
:1065100048B1040878C504084CEC002090B1040888
:106520006CC5040820E9002094C1030820CD0308AD
:1065300034E9002094C10308ECCC030858EC002097
:1065400038B2040840C50408B54CB64D20460121B8
:10655000196040F8045BB449EEF794FBB34B03F1C8
:106560001402C4E90032FFF720BBB14CAD48B14D75
:1065700001211960C4E90050AF4904F10800EEF7A9
:1065800081FBAE4B03F1180103F12802C4E900318D
:10659000A260FFF704BBAA4CAA49012018602D2273
:1065A0002046EEF76FFBA84B2360FFF7F2BAA74C2B
:1065B0009C48A04D01211960C4E90050A44904F190
:1065C0000800EEF75FFBA34B03F1180103F128026B
:1065D000C4E90031A260FFF7D7BA9F4C9F49012060
:1065E000186003222046EEF74DFB9D4B2360FFF71A
:1065F000C5BA9C4C8B488F4D01211960C4E90050ED
:10660000994904F10800EEF73DFB984B03F118019E
:1066100003F12802C4E90031A260FFF7AABA944C42
:106620008048844D01211960C4E90050914904F16A
:106630000800EEF727FB904B03F1180103F1280245
:10664000C4E90031A260FFF78EBA8C4C8C4901205E
:10665000186002222046EEF715FB8A4B2360FFF7F5
:106660007CBA894C89490120186002222046EEF745
:1066700009FB874B2360FFF76BBA864C69486D4D69
:1066800001211960C4E90050834904F10800EEF7C4
:10669000F9FA824B03F1180103F12802C4E9003131
:1066A000A260FFF750BA7E4C5E48624D012119602E
:1066B000C4E900507B4904F10800EEF7E3FA7A4B95
:1066C00003F1180103F12802C4E90031A260FFF7C9
:1066D00034BA764C7649012220461A60EEF7D2FA97
:1066E000744B2360FFF723BA734C74490120186080
:1066F00016222046EEF7C6FA714B2360FFF712BA56
:10670000704C71490120186004222046EEF7BAFA55
:106710006E4B2360FFF701BA6D4C6E490120186083
:1067200003222046EEF7AEFA6B4B2360FFF7F0B979
:106730006A4C3C4D20460121196040F8045B6849D1
:10674000EEF7A0FA674B03F11402C4E90032FFF739
:10675000DAB9654C65490120186004222046EEF73D
:1067600091FA634B2360FFF7C8B9624C624901207C
:10677000186004222046EEF785FA604B2360FFF78D
:10678000B7B95F4C27482B4D01211960C4E900506F
:106790005C4904F10800EEF775FA5B4B03F1180150
:1067A00003F12802C4E90031A260FFF79CB9574CFD
:1067B0001C48204D01211960C4E90050544904F1DE
:1067C0000800EEF75FFA534B03F1180103F12802BA
:1067D000C4E90031A260FFF780B94F4C114D20464B
:1067E0000121196040F8045B4C49EEF74BFA4C4B21
:1067F00003F11402C4E90032FFF769B9494C094DAD
:1068000020460121196040F8045B4749EEF73AFA47
:10681000464B03F11402C4E90032FFF752B900BF3E
:1068200068EC0020C8CA030838B2040820C5040870
:1068300048E90020D8CA030894C10308B8CC03086B
:1068400078EC0020E0B20408FCC404085CE90020F5
:1068500094C1030884CC030884EC0020C8B2040867
:1068600008C5040870E9002094C1030850CC03084F
:1068700084E9002094C103081CCC030890EC00209C
:1068800058B40408E4C404089CEC002048B404088C
:10689000F0C4040898E9002094C10308E8CB030879
:1068A000ACE9002094C10308B4CB0308A8EC002095
:1068B00068B40408D8C40408B4EC0020A8B40408E0
:1068C00094C40408C0EC002070B40408CCC40408CC
:1068D000CCEC002090B40408C0C40408D8EC00201C
:1068E000A8B40408A0C40408E8EC002078B50408A3
:1068F0007CC40408F4EC002058B5040888C40408DB
:10690000C0E9002094C1030880CB0308D4E900202B
:1069100094C103084CCB030800ED002098B504088F
:106920005CC4040810ED002098B504083CC40408B9
:106930002F4C3048304D01211960C4E900502F49D7
:1069400004F10800EEF79EF92D4B03F1180103F155
:106950002802C4E90031A260FFF7ADB8294C254DEB
:1069600020460121196040F8045B2749EEF78AF9B7
:10697000264B03F11402C4E90032FFF796B8244C09
:106980001C4D20460121196040F8045B2149EEF7B7
:1069900079F9214B03F11402C4E90032FFF77FB803
:1069A0001E4C144D20460121196040F8045B1C491F
:1069B000EEF768F91B4B03F11402C4E90032FFF74C
:1069C00068B8194C0B480C4D01211960C4E90050FE
:1069D000164904F10800EEF755F9154B03F11801BB
:1069E00003F12802C4E90031A260FFF74CB800BFF0
:1069F000E8E90020C8CA0308D8CA030894C10308FC
:106A000018CB030820ED002098B504081CC4040826
:106A100030ED002098B50408FCC3040840ED0020C8
:106A200098B50408DCC30408FCE9002094C10308FD
:106A3000E4CA03084B78633B102B0AD8DFE803F065
:106A400010090D09090909090909090909090913A1
:106A50000A0070470A48E9F77BB80948E8F77ABDA9
:106A60000748E8F78DBDBFF34F8F0649064BCA684C
:106A700002F4E0621343CB60BFF34F8F00BFFDE72A
:106A8000C8A3002000ED00E00400FA052DE9F04362
:106A9000C5B06B46B2EB010E83E80600054652D046
:106AA0000023884601F1FF3C4FF0FF361F4608E007
:106AB000B34203D22A2C14BF6740164696450AD02B
:106AC00013461CF8014F3B2C03F10102F0D1734532
:106AD00028BF73461A46B2F5807F28BF4FF48072F4
:106AE00041460DF10C0814464046CBF791FA4FF0A1
:106AF0000009A64208F8049034BF01244C4611D383
:106B000098F80030633B142B20D8DFE803F0252BE6
:106B100031371F3D431F1F1F1F1F1F494F555B610B
:106B2000676D73004644364902AA3046C9F7E6FC51
:106B3000002802DD029B9F4202D045B0BDE8F083F1
:106B400006F8019CDCE774468DF80CE02D4A2146DE
:106B50002846FDF731FFF0E7224641462846FEF77A
:106B60003DFCEAE7224641462846FDF7D1FFE4E72F
:106B7000224641462846FEF7D9FCDEE7224641463A
:106B80002846FEF7B9FDD8E7224641462846FEF7DB
:106B900031FAD2E7224641462846FEF739FFCCE7D4
:106BA000224641462846FEF72BFBC6E722464146D1
:106BB0002846FEF779FBC0E7224641462846FEF705
:106BC00083FABAE7224641462846FFF733FFB4E787
:106BD000224641462846FEF739FCAEE722464146AA
:106BE0002846FEF771FCA8E7224641462846FEF7F4
:106BF000ADFBA2E7224641462846FEF7B1FA9CE7E4
:106C0000809C0308009F03082DE9F04788B06B467D
:106C100083E806009DF80030002B53D14D4F82468B
:106C2000144600F108060DF118084FF0010909E0BB
:106C30008AF80891641B013C2246691C3046C9F75A
:106C400089FF3444A21B9310002B5ADD02330AEB58
:106C5000830235462B780A3BDBB2172B27FA03F168
:106C60000FD8C8070DD5AC4217D99AF80831002BB8
:106C7000DED0CDE90665504698E80600FFF706FF2E
:106C8000D8E76B780A3BDBB2172B27FA03F11CD845
:106C9000C9071AD50135AC42E7D80AF58473A34277
:106CA00003D800228AF808213446DAF80000026886
:106CB0001568CDE90643284B4146CDE9043A03AABD
:106CC00004ABA84708B0BDE8F087AB780A3BDBB25D
:106CD000172B27FA03F103D8CB0701D50235C2E7FA
:106CE000EB781C490A3BDBB2172B21FA03F103D8DE
:106CF000C80701D50335B6E704359542AAD1621B12
:106D000000E03546022A19D0032A0CD0012AC4D14A
:106D10002B780A3BDBB2172BBFD80E4A22FA03F3BB
:106D2000DB07BAD59FE72B780A3BDBB2172B04D8D9
:106D3000084A22FA03F3D90795D401352B780A3B88
:106D4000DBB2172B04D8034A22FA03F3DA078AD4FA
:106D50000135DDE7090080005D6D030800B585B0F1
:106D6000EC468CE8060086469CE8030002AB83E80C
:106D7000050093E80600704605B05DF804EBFFF7E8
:106D800043BF00BF704700BF10B58C46044600F1FA
:106D9000040E93E803008EE803009CE8030004F16E
:106DA0000C0383E8030002B1146010BD30B5044643
:106DB00087B0236B02A803EB830380E806009B00E7
:106DC0000C3BE2189DF80800E3588DF810000021F4
:106DD000506861631174039A05921BB106AA12E907
:106DE00006009847237E2BB994F82C30ABB9236367
:106DF00007B030BD08220121606803681D68216367
:106E000007490491224404A90091083206CA059456
:106E100004F13403A84707B030BD1C220221EBE780
:106E2000AD6D0308F0B585B06C4684E80600521AD3
:106E30000A9E402A28BF4022044600F1080C8F1801
:106E40000D4696E803008CE80300276103B11C603F
:106E5000606892B22946DDF719FB88B10023C4E9C6
:106E6000023323613368039503228DF808203BB178
:106E700004AA12E90600706805B0BDE8F0401847A2
:106E800005B0F0BD70B586B0044602A880E80600E3
:106E90004FF0010C04F118010A9DBFF35B8FD1E89C
:106EA0004F2FC1E84ECFBEF1000FF8D1BFF35B8F7B
:106EB000D2B20AB3BFF35B8F04F12C01D1E84F2F9C
:106EC000C1E84ECFBEF1000FF8D1BFF35B8FD2B255
:106ED000002A34D00BB100221A602B68029A059266
:106EE00003218DF8101043B306AA12E90600686862
:106EF00006B0BDE87040184704F1080C04F1100614
:106F000003C80CF1080E8EE8030095E803008CE836
:106F100003000BB1511C1960236B73B96068013217
:106F200003682263094A1D68049204AA009296E845
:106F30000600059404F13403A84706B070BD04F1BF
:106F40001C0C04F124060122DAE700BFAD6D030832
:106F5000026B8A4203461DD000B501EB8101890016
:106F60000C3942184358D168506883B04FF0000E76
:106F70004FF0010C82F810E08DF800C0019133B1A0
:106F800002AA12E9060003B05DF804EB184703B04B
:106F90005DF804FB4068596B03685B68184700BFE5
:106FA00030B589B002AB83E8060003469DF80800BF
:106FB0000399002283F84820DA6408BB8B4200D989
:106FC000FEE703F140058D42FAD3CA1A196C02F0AC
:106FD0003F028A425A6415D312D9186D07951A4494
:106FE00001210468069283F848100C49246804AA19
:106FF000009208AACDE9041312E906004C33A04719
:1070000009B030BD186D1A4419444FF0010C0468E2
:10701000069283F848C00791E7E700BFA16F030815
:10702000436823B3F0B5C36883B00446EBB1056988
:10703000ED1A954228BF15460026C0E903662A4688
:107040001846CAF7E5FF67688DF8006003462B44D1
:10705000A0680193C4E901663FB102AB13E90600E1
:107060003B4603B0BDE8F040184703B0F0BD7047A1
:107070002DE9F04F694B93F8BE318DB0002B00F035
:10708000C58003F0FD03012B02D16548FDF7BAFB73
:1070900009AC644DDFF8B081634EDFF8B091DFF8E2
:1070A000B0A1DFF8B0B129684FF0FF322046DFF71A
:1070B000C3FD099B102BF6D198F8003083B1B76857
:1070C0003269F0680892002388F800308DF81C308F
:1070D000B3603361F3601FB107AB93E80600B847B4
:1070E0000A9F012F21D0032FDDD1504999F8483054
:1070F00000220A70002BD6D1D9E9102393427BD20B
:107100004B444A4407930892D9F85000012389F868
:10711000483003681F68464BCDE9053905AB00933D
:1071200007AA06CA434BB847BDE7DAF8000090F853
:107130003A30222B31D000F043FADAF80000DDF7C4
:107140002DFADAF800003C49D0F800C0002304937F
:10715000DCF800E0CDF810E0DCF804C0CDF810C099
:10716000DDF810C0C3634022DDF7CCF9DAF8000087
:1071700000231A46CBF80030436B1B685B68D3F1E1
:10718000400338BF3A461F46002A3CD1BA4225D3B5
:10719000DAF8000000F02CFA85E7436B1B685F68A3
:1071A000D7F1400734BF012300232CD3DBF80020A4
:1071B0000393BA42EAD9C2F1400000F0EDF9DBF8DE
:1071C00000101D4B1D48C1F140021944FFF728FF74
:1071D000039BCBF800301A46BA42D9D2B81A00F055
:1071E000DBF9DBF80010144B14487A1A1944FFF746
:1071F00017FFCBF80070CBE77FF655AF4B440793F2
:107200000F4B089380E700F0DBF94CE709AC0D4821
:107210002146CDE90933E1F76BF93AE7C8E30020ED
:1072200068ED002020E70020A8F2002064ED002097
:10723000A16F0308D4F00020D0F2002090F20020CB
:10724000C8F0002070F10020C0F2002088F000207B
:10725000C4F20020CCF2002030B5104C104D114982
:10726000206087B040226860DDF74CF90E4B206843
:107270000E4C00251D6000F04FF90FCC0DF1040CF1
:10728000ACE80F002368CCF80030294601A8DFF7EE
:10729000B7FB074B186007B030BD00BFC4F2002039
:1072A000A8F20020D0F20020CCF200200C960308B7
:1072B000C8F20020044B1B682BB1044B0022186855
:1072C0000121DFF78FBC7047C8F2002020E70020C3
:1072D00008B50B4B1B68834200D008BD094A0A4B16
:1072E00010684FF0010C0022022183F800C0DFF784
:1072F00079FC0028F1D0054A13680133136008BDFA
:10730000C4F2002020E70020C0F20020BCF20020E0
:10731000014B1868704700BFBCF20020000000005D
:107320002F4A30481168304AF0B4304C0260304A7D
:107330002260304A304E166000239FED277BC0E963
:10734000011302F12C072D49D7652D4E54607F277C
:107350001063D662C0E9033384ED027B82ED067BC5
:10736000C2E90833C2E91133C2E91333C2E9593320
:10737000C2E95C33234E63602361536182F8283095
:1073800082F85430926582F86C31176681ED087B83
:10739000C1E90233C1E904331B4A1C4D1460C1E941
:1073A0000060012085ED107BC5E9133185F8483078
:1073B00081ED0C7BF0BCC2E9C333C2E9C6310B7668
:1073C000CB618B6281F82C30536082F8080182F81F
:1073D00014337047AFF3008000000000000000008D
:1073E000C4F20020A8F2002038C7040890F2002060
:1073F00048C7040818F10020CCBA0308E0F00020C8
:10740000BCBA030858C7040868ED002088F00020C3
:1074100070B51D4C054640220E4620460021C9F796
:107420001BF81A4B1B686360D8F726FB2B68EA6BC6
:107430002261196895F83A206B6BC4E90206C4E929
:107440000512FBB11B685A681148124B124D0068B7
:10745000D3F8FC102D686562C4E90720D3F8785290
:10746000D3F85821D3F848020B7CD2F8902023633C
:107470002B786363094BC96BA163C4E90A0201223B
:107480001A7070BD1A46DFE710F3002070F3002079
:1074900068F300208010002064F3002050F30020E7
:1074A000F0B586460546BEE80F0091B0EC46ACE864
:1074B0000F00BEE80F00ACE80F00BEE80F00ACE81C
:1074C0000F009EE80F00124E8CE80F001F462B683D
:1074D0000024B34200940F9402D0204611B0F0BDB6
:1074E0000C484FF0FF326C4614F8013B08215A401B
:1074F00042F300030340013983EA5202F8D110AB92
:107500009C42F1D1B81AB0FA80F0400911B0F0BD38
:107510004F5542312083B8ED2DE9F041184E194DF9
:10752000DFF870800024074634600AE06B6801349D
:107530000133B4F5006FC8F80030346005F1400540
:107540001CD02846FFF7ACFF0028EFD12B68A3F131
:10755000FF33B3FA83F35B090B4A1370D8F78CFA45
:107560000A4B0B4A1B78106033B92FB13846012102
:10757000BDE8F041FFF74CBFBDE8F0810023EBE729
:107580006CF3002000000A0851F3002050F30020A3
:1075900058F3002070F30020064A08B5136803442E
:1075A0001360D8F769FA0449044B086000221A7086
:1075B00008BD00BF68F3002058F3002052F30020FC
:1075C0000849094A0B6810B4147801330B602CB9D0
:1075D00020B15DF8044B0421FFF71ABF5DF8044B9E
:1075E000704700BF64F3002050F30020000000004B
:1075F000002864D02DE9F04FC36B91B004468BB1E5
:10760000654BC16B1A6891420CD06449644D0A689D
:10761000C66B1E602B7801320A6033B90221FFF776
:10762000F7FE02E0E36B23B35D4DDFF89091D9F8EC
:10763000583193F89C303BBB5A4A13702B78ABB14E
:10764000594E337893B1DFF87881D8F80070B7F5E8
:10765000006F0BD2D9F8583193F89CA0BAF1000F03
:1076600004D1D9F878321B78012B29D011B0BDE8AC
:10767000F08F494ADFF844911360D9F85831484DEA
:1076800093F89C30002BD7D0464E3378002BD5D1C1
:10769000D8F7F2F9454B1B68C01A40F2DB53984209
:1076A000CCD9434A012333701368013313602B781C
:1076B000002BC5D103212046FFF7AAFEBEE7704785
:1076C000DFF800B1DFF800C1BBE80F00E946A9E828
:1076D0000F00BBE80F00A9E80F00BBE80F00A9E806
:1076E0000F009BE80F004FF0FF3489E80F00EE46D3
:1076F000CDF800A0CDF83CA01EF8013B08225C406C
:1077000044F3000303EA0C03013A83EA5404F7D17B
:1077100010AB9E45F0D10F94D9F7BEFB0028A5D140
:1077200007F5001707F52057224B6C46C4EB871965
:10773000F322DA60BF0109F104090DF13C0A09EBFB
:107740000401002354F8042F0220D9F7F7FBB8B93D
:107750005445F4D10EA3D3E9002339460220D9F7CA
:10776000EDFB044660B9D9F7ABFBD8F80030124AFC
:107770002C700133C8F8003013680133136075E7CB
:10778000D9F79EFB0023337070E700BFAFF3008092
:107790004F5542310000000054F3002060F30020F8
:1077A00050F3002052F3002051F3002058F3002042
:1077B0005CF30020003C024070F3002080100020A9
:1077C0006CF3002010F300202083B8ED014B186803
:1077D000704700BF6CF30020014B1868704700BF72
:1077E00068F30020014B1868704700BF64F3002065
:1077F000014B1868704700BF60F30020014B186808
:10780000704700BF5CF3002009B3124B1B68834232
:107810001DD900F5001C0CF5205C4FEA8C1C10B53E
:107820000C468E46BCE80F00AEE80F00BCE80F0027
:10783000AEE80F00BCE80F00AEE80F009CE80F00B8
:107840008EE80F002046BDE81040FFF729BE00205B
:10785000704700BF6CF30020704700BFF0B585B0E3
:107860006C4684E806000A9E0D46044603B1186083
:10787000637993B1531B3F2B01D8A168B1B1336831
:10788000039503228DF8082073B104AA12E90600BB
:10789000706805B0BDE8F0401847336803950222D0
:1078A0008DF80820002BF0D105B0F0BD2769002F1E
:1078B000E5D196E8030004F1080686E8030022619A
:1078C00099B222792846D7F7EBFB0028ECD0A368C1
:1078D000E06803950322C4E903778DF80820A760C8
:1078E000002BE1D004AA12E90600D2E770B50446E5
:1078F00082B00D4602B1106062793AB3A2687AB1E3
:107900001C682A68019203218DF80010E4B102AAD4
:1079100012E906005868234602B0BDE870401847D7
:107920002669002EECD193E8030004F10802C2E9B5
:1079300000016A682968124B2161521A186823797C
:1079400092B2E0F7B3F858B902B070BD1C682A686B
:10795000019202218DF80010002CD8D102B070BD28
:10796000A36826612A68E06801920321C4E90266DF
:107970008DF80010002BE7D002AA12E90600CBE731
:10798000EC9A03082DE9F04F8A4C8B4DDFF85492A6
:10799000DFF85482894FDFF854B28BB00DF1140A2E
:1079A00021684FF0FF3207A8DFF746F9079B102B3D
:1079B000F6D12B6801332B60089B013B062BEFD8D7
:1079C000DFE803F0A4048C74634CC0007C49D9F850
:1079D0000830D9F80C0000224A71D9F8101006912D
:1079E000022189F8052088F805207A71C9F8082055
:1079F000C9F810208DF81410C9F80C2043B19AE88A
:107A00000600984798F8051081F001014900C9B2B5
:107A1000D8F808308DF814100022D8F81010D8F8D3
:107A20000C00C8F808200691C8F81020C8F80C20EF
:107A300013B19AE8060098477B793969F86806918E
:107A400083F001035B008DF81430BB680022BA603C
:107A50003A61FA6013B19AE806009847584A537998
:107A6000104683F00103016906915B0001468DF821
:107A700014309368002202618260C068CA60002BE3
:107A80008ED09AE8060098478AE77B793969F868CA
:107A9000069183F001035B008DF81430BB6800226F
:107AA000BA603A61FA60002BEBD179E798F80530BB
:107AB000D8F81010D8F80C00069183F001035B0091
:107AC0008DF81430D8F808300022C8F80820C8F81B
:107AD0001020C8F80C20002BD3D161E799F80530AD
:107AE000D9F81010D9F80C00069183F001035B005F
:107AF0008DF81430D9F808300022C9F80820C9F8E8
:107B00001020C9F80C20002BBBD149E72C4A2D4886
:107B1000012389F8053088F805307B71537151468F
:107B20000023CDE90533E0F7E3FC274B93F8C1319F
:107B300053B303F0FD03012B7FF432AF2348FCF76E
:107B400061FE2DE722499BF8483000220A70002B85
:107B50007FF426AFDBE9102393421CD2DBF8500000
:107B600001218BF8481001685B445A440968CDE94B
:107B700005320E46174BCDE9033B03AB00939AE861
:107B80000600154BB0470BE714485146CDE90533C5
:107B9000E0F7AEFC04E77FF603AFDBF8500001220C
:107BA0008BF8482002685B44166805930C4B0693DB
:107BB000E0E700BF1CE700201CFA0020D8F90020F5
:107BC000C0F9002028F70020C8E3002078F3002047
:107BD00074F30020A16F0308E4F60020A0F8002051
:107BE000D8F6002008FA0020F0F9002098F60020CE
:107BF000012A10B412D0032A02D05DF8044B70475A
:107C00000D4C2369002BF8D00C4A0B4410682361FB
:107C100000225DF8044B0621DEF7E4BF084C23691F
:107C2000002BEAD0054A0B441068236100225DF85E
:107C3000044B0521DEF7D6BFC0F900201CE7002069
:107C4000D8F9002010B5094C0FCC86B00DF1040C0A
:107C5000ACE80F002368CCF80030002101A8DEF763
:107C6000CFFE034B186006B010BD00BF209603087E
:107C700028FA0020000000002DE9F04F444E454F47
:107C8000454A3A6032608322BA80444ADFF8249140
:107C9000C2F800909FED3C7BDFF81C91404D414CB9
:107CA000DFF818C1C2F82C904FF081090023DFF8EB
:107CB00010E1A6F804904FF001084FF003093A498B
:107CC0003A483B61C7E90233C5F800E0CCF800E070
:107CD000ACF80490DFF8ECE03361C6E90233C5E9A3
:107CE0000233C2E90833C2E91133CCE902332B6114
:107CF0005560536182F828301663D364CCF8103095
:107D0000A5F8048082ED067BC4E900C7284F1365FF
:107D100002F12C0B4FF07F0A4FF03F09C2E917BA6E
:107D2000C1E9007681ED087B81ED0C7B8EED107B47
:107D3000C2E95933C2E95C33C4E94333C4E9463389
:107D4000C1E90233C1E90433C4F8089082F8543021
:107D5000926582F86C3184F814310B76CB618B62BA
:107D600081F82C308EF84830CEE91331C0E9005349
:107D7000C0E9C333C0E9C63180F8088180F8143304
:107D8000BDE8F08FAFF300800000000000000000AD
:107D900008FA0020F0F90020BCC7040848F80020C9
:107DA000D8F9002028F70020F0F6002078F3002012
:107DB00058C70408CCBA0308BCBA0308C0F90020AD
:107DC000CCC7040898F60020704700BF0346084659
:107DD0001946C9F799BF00BF70B5036884B0002485
:107DE0009E690394102315460293CDE900446B4627
:107DF0001268B0479DF8043003F00603062B03BF5A
:107E0000009B2B600120204604B070BD009890427A
:107E10000CBF06200120704710B5034B03600446D9
:107E200000F0F4FE204610BD1CD0040810B5054B30
:107E30000360044600F0EAFE2046082100F04AF8FC
:107E4000204610BD1CD004082DE9F041069F08997A
:107E5000099E8F42044690461D460CD02946204676
:107E600000F0D8FE20B10123376086F80480B3719A
:107E70000020BDE8F081079900F0CCFE0028EDD08D
:107E800086F805800020BDE8F08100BF38B51546B2
:107E90001C4600F0BFFE00B938BD0822062325604D
:107EA000E260237138BD00BF2DE9F0410646174658
:107EB0001D460C4600F0AEFE48B9032D07D82368D6
:107EC0003A46314620465B69BDE8F0411847BDE8B7
:107ED000F08100BF01F08CB92DE9F0418AB0002893
:107EE0003AD0174602681E4652E9023288460021FF
:107EF000CDE90711C15851F8041C044691424FF0D6
:107F00001000099004EB030526D1002E01DBDE42B0
:107F100031D013680095CDE90184104607AA039279
:107F2000DD6906223B463146A847079D2A469DB19A
:107F30009DF8220000F00603062B0ED09DF82110BC
:107F40009DF820300B4003F00603062B05D001F00E
:107F50000501042900D020B1002528460AB0BDE85B
:107F6000F081002E10DB3544AC42F5D11546284691
:107F70000AB0BDE8F08110463946059200F04AFE8D
:107F8000059A0028C5D0E8E7B31CE5D000943C680A
:107F90004346246A31463846A04700F006000628CA
:107FA000DAD1079A1546E2E71E494B6830B550F81A
:107FB000085CA0F108042BB304EB050E734521D82F
:107FC0005A6826D001F1040C32B90EE0516803F171
:107FD000040C134639B10A469645F7D802BFDEE9CC
:107FE00000215960AD18DCF800301A6899188C42ED
:107FF0000CD05B6840F8043CDCF8003040F8085CCA
:108000005C6030BD40F8043C4C6030BD2A441A60CE
:1080100030BD1B6840F8042C2B4440F8083C4C60F1
:1080200030BD00BF40FA0020144900F10803486841
:10803000082B38BF0823F8B1073323F007030431B6
:1080400002E0011D406880B102689342F9D830B463
:10805000D41A072C456809D9C2185560C45008685D
:1080600030BC036008300A607047704702602A46DF
:10807000083030BC0A607047704700BF40FA0020EB
:1080800010B500F180042046C9F7B2FF034630B1B5
:10809000802200211846C8F7DFF9803010BD204645
:1080A000FFF7C2FF03460028F2D100F063FC00BFD7
:1080B000064BD3E9022380381344984203D282420C
:1080C00001D2FFF771BFC9F79BBF00BF40FA002084
:1080D0002DE9F041394D3A4888B00026C5E90166DE
:1080E000EE60C8F72DF9374B374A0821CDE9021366
:1080F0000923CDE904630423CDE9062300283CD0FD
:10810000324E044623783A2B08BF01340F22214611
:108110003046C9F7FFFD10B9E37B2E2B17D0204660
:108120003A21C8F743FA04460028EBD1079A049C89
:10813000402AA8BF4022002C08BF06243E3402FB80
:1081400004F4A400EC60DCB908B0BDE8F0811034A0
:1081500002AFD7F80080786821464246B8F1000F98
:1081600002D0C9F7D7FD18B914F808303D2B11D04B
:108170000C3708AB9F42ECD1D1E74FF48864EC6038
:108180002046C9F735FFA860A8B10023C0E9004325
:108190006860D9E708F101002044002201A9C8F76E
:1081A00087FC019C23783A2B01D0002BB7D1002803
:1081B000A8BFB860B3E7E860C6E700BF40FA002098
:1081C00068B803087CB8030888B8030894B80308A3
:1081D0001EB400F08DF81EBCD4F76EFAF0B502782C
:1081E000472A83B00C461D4619D0264E002033681E
:1081F00001909B683046984778B1019B1B680193BA
:1082000002272368314620461E6901AA0123B04790
:1082100038BB0746384603B0F0BD0127F1E7437885
:108220004E2BE2D18378552BDFD1C378432BDCD1A1
:108230000379462B1AD0432BD7D143792B2BD4D19A
:1082400083792B2BD1D1C379012BCED850F8206C58
:108250004FF0000301930ABF3046583056F8786C4F
:10826000C5E7019B2B60384603B0F0BD43794F2B27
:10827000BBD18379522BB8D1C0790028B5D1024E39
:10828000B5E700BFC4D0040898D0040810B5044670
:1082900000F07AF8224612F82039472B04D0836880
:1082A00023BB8260012010BD63784E2BF7D1A378E9
:1082B000552BF4D1E378432BF1D12379432BEED125
:1082C00063792B2BEBD1A3792B2BE8D1E379012B0D
:1082D000E5D854F8043C0133012B44F8043CE1D1C7
:1082E000836844F8083C8260012010BD00F042FB26
:1082F00008B500F049F8836883B393F82020472A33
:1083000004D00022826003F1200008BD93F82120F0
:108310004E2AF6D193F82220552AF2D193F8232041
:10832000432AEED193F82420432AEAD193F825205A
:108330002B2AE6D193F826202B2AE2D193F8272086
:10834000012ADED8DA69013ADA61002ADBD19969BB
:10835000816000229A6103F1200008BD00F00AFB51
:10836000704700BF704700BF00487047A4B80308BB
:1083700010B504210446FFF7ADFD204610BD00BF37
:108380000048704750FA00200048704750FA00201B
:10839000502870B51DD0844600F00F000C2855D829
:1083A000DFE800F0074426071E545454542A2207DD
:1083B0001E00104650F8046B4EB10CF07004102CE7
:1083C00008BF11460E441CF0800F18BF36681E60AF
:1083D00070BDD01C20F0030050F8046B1E6070BD0F
:1083E000104650F8086BE7E7104630F9026BE3E7F8
:1083F000104630F8026BDFE700261046344610F8CE
:10840000015B05F07F0E0EFA04FE15F0800F46EAC0
:108410000E0604F10704F2D11F2CCDD86D06CBD582
:108420004FF0FF3505FA04F42643C6E70026104650
:10843000344610F8015B05F07F0E0EFA04FE2D069F
:1084400046EA0E0604F10704F3D4B5E7C8F702FCC8
:10845000FF2808B5034612D003F07003302B0846FE
:1084600013D005D8202B09D1BDE8084000F0EBBFA0
:10847000402B06D1BDE80840D4F726BB03D8002026
:1084800008BD502BFBD0C8F7E5FBBDE8084000F065
:10849000D7BF00BFF8B50C461546064608B1D4F75D
:1084A00013FB286014F8017BFF2F28D16860204659
:1084B00010F8013BFF2B32D0102300242B752246ED
:1084C00010F8011B01F07F039340090644EA0304FE
:1084D00002F10702F4D40444EC6010F8013B6B7520
:1084E0000024224610F8011B01F07F0393401C4337
:1084F0000B0602F10702F5D404442C61F8BD3146A5
:108500003846FFF7A5FF2B1D014622463846FFF7E8
:108510003FFF0446204610F8013BFF2BCCD12B75C2
:108520000024D9E72DE9F04F00F0030395B00024B3
:10853000012B0A940F46164600F0A480022B0AD1A4
:1085400031463846D4F7AAFA002840F09080082037
:1085500015B0BDE8F08F002B40F0FD8110F008044D
:10856000EED10EAB4FF001080293029B0093002363
:108570000C22194630460E97D3F7D8FC3046D4F774
:10858000A9FA03900028DBD0DDE9022144EA0803C0
:1085900030460493FFF77EFF9DF84C3006938246E9
:1085A00031461846FFF754FF0DF1340800230590BB
:1085B00010901946CDF800800F223046D3F78EFC7C
:1085C0000D9BDDF8489023F00103CA4503F1FF3508
:1085D00033D29DF84DB00E9C00215846FFF738FF6E
:1085E000524601460BAB5846FFF7D2FE00218246A9
:1085F0005846FFF72DFF524601460CAB5846FFF791
:10860000C7FE002182465846FFF722FF5246014628
:1086100043465846FFF7BCFE8246002002461AF841
:10862000011B01F07F03934018430B0602F1070280
:10863000F5D40B9B2344AB421DD94FF0000AD3461F
:108640000123049AD10777D50A9B1C4600231946BB
:10865000CDF8008030460D22D3F740FC039BC7E9DC
:108660000B3B0D9B3B62C7E9094A062070E70920D6
:1086700015B0BDE8F08F0C9A1344AB4264D8CA45DC
:10868000AAD3DAE70EAB10F00804029302D04FF041
:1086900002086AE700930D6A23460D222146304600
:1086A000D3F71CFC0E9B9D42F1D1029B0093214607
:1086B00023460C2230460E97D3F738FCD7F830B05B
:1086C000D7E90A43BBF1000F3BD00393A2460DF15B
:1086D0003408BAF1000FC0F2FF80032500231A46C8
:1086E0001946CDF8008030460D97D3F71FFC0023C4
:1086F00019460122CDF8008030460D94D3F716FCC0
:10870000002319460F22CDF800803046D3F7E6FB50
:108710000D9ACDF8008002F00102002342EA0B021C
:108720000D9230460F221946D3F700FC022D60D07F
:10873000072015B0BDE8F08F049A12075DD4012B15
:108740006BD1384600F074FD0D9B002B3FF4F8AE62
:108750000F9A03EB020B002800F0E180013809EBCF
:108760000004BBF1000F3FF4EBAE049B13F00803D1
:10877000089300F0D880794B3B60794B7B60069B77
:10878000079603F00702CDF818B04FF000090992E0
:108790009B4600210A4614F8010B00F07F0393402A
:1087A000050641EA030102F10702F4D41F2A05D8A5
:1087B000400603D5012393405B42194300258A46B6
:1087C00026462A4616F8010B00F07F0393401D430E
:1087D000030602F10702F5D41F2A20D846061ED54B
:1087E000012393405B421D4359BB4FF001092C44C8
:1087F000CFE73846FFF74AFD9AE7012B00F0A98042
:10880000BAF1000FC0F2A1805446032566E7049B2D
:10881000DB07DDE906B63FF517AF544659E781B9E6
:108820004FF00109002DE2D14B46DDE906B6002BE1
:108830003FF486AE049BD8073FF582AE00240225A4
:108840004CE7002921DC6FF04043119E5B1A56F87B
:10885000231006EB83060FB1089B2BB10029E1D151
:10886000DDE906B60323ECE60A9B0D9321B963E02C
:1088700056F8041F0029CAD0314443460022384626
:10888000FFF7ACFC0028F3D0CCE7BBF1FF0F44D0DE
:10889000099A042A5FD8DFE802F0035E1C0319007E
:1088A0008B005B42119A05991A4458464346FFF7DC
:1088B0006FFD0D990029D3D0002FB3D00AAB002251
:1088C0003846FFF78BFC0028ACD0C9E7CB005B42F1
:1088D000E8E74B005B42E5E7DDE902213046FFF7C0
:1088E000D9FD9DF84C003146FFF7B2FD6FF04042D4
:1088F000121B0546119850F8223000EB820033B16C
:108900000246002352F8041F01330029FAD1C7E9B7
:108910000A35042378633B63DFE60023C2E7BBF13B
:10892000000F87D10CE6FB79012B0CBF57F8203CD8
:1089300007F158030A9322E71C46049BDD07DDE993
:1089400006B63FF583AE5446C3E600F021F800F0CA
:10895000E9FC00F00FF8C8F77DF900BF474E55431A
:10896000464F520008B58047C8F774F900F0DAFCAA
:10897000C8F770F908B5034B1868BFF35B8FFFF7B2
:10898000F1FF00BFB00C002008B58047FFF7F2FFF1
:1089900008B5034B1868BFF35B8FFFF7F5FF00BF07
:1089A000AC0C0020024B1868BFF35B8F704700BF10
:1089B000B00C0020024B1868BFF35B8F704700BFFC
:1089C000AC0C0020012810B51AD8BFF35B8FA1F1C1
:1089D000280353E8002F013A43E800200028F8D18B
:1089E000BFF35B8F5AB951F81C3C01F158040BB12D
:1089F000204698472046BDE81040FFF759BB10BD00
:108A000051F8140CFFF7AEFF002310B540E91E1219
:108A100040F8803C0446FFF7CDFF44F8700CFFF7A8
:108A2000C1FF0749074A084B44F8581C44F8542C26
:108A300044F86C0C44F8503CA4F1800010BD00BF19
:108A4000474E5543432B2B00C589030870B5044698
:108A50000D461646FFF798FC436801333246294617
:108A600043602046FFF7D0FF0446012344F8283B2B
:108A70002046D3F70FFE204600F054FCFFF77AFFA4
:108A800010B5FFF781FCD0E900420132426064B1C9
:108A900094F82020472A0AD0002202602034204681
:108AA000D3F71CFE204600F03DFCFFF763FF94F86F
:108AB00021204E2AF0D194F82220552AECD194F8A6
:108AC0002320432AE8D194F82420432AE4D194F8BF
:108AD00025202B2AE0D194F826202B2ADCD194F8EB
:108AE0002720012AD8D8626952426261D6E700BFC6
:108AF00010B5034B03600446FFF78EF9204610BD06
:108B00001CD1040810B5054B03600446FFF784F937
:108B100020460C21FFF7DEF9204610BD1CD10408C9
:108B200070B582B00446069E96420D4609D0A068F4
:108B300004680696246A2946A44602B0BDE870403F
:108B4000604719460192009300F064F8DDE90032B5
:108B50000028ECD0062002B070BD00BF2DE9F04F18
:108B60000D4681B01946DDE90A8BDDE90CA91C46EA
:108B70000746164600F04EF880B9D04527D0B868B1
:108B800023460468CDE90CA9CDE90A8BE469324695
:108B90002946A44601B0BDE8F04F6047002DC9F852
:108BA000008089F804600CDBA844C24514BF4FF074
:108BB00001084FF0060889F80680002001B0BDE8E2
:108BC000F08F0235F9D1012389F80630F5E75946CF
:108BD000384600F01FF80028D1D089F80560ECE78E
:108BE0002DE9F04106460F4614461D46FFF74EF9A3
:108BF00048B9B068016822468C692B463946A446BC
:108C0000BDE8F0416047BDE8F08100BF704700BF9C
:108C100000207047814211D008B5406803782A2BA4
:108C20000AD049680B782A2B08BF0131C7F728FD05
:108C3000B0FA80F0400908BD002008BD012070474F
:108C400010B5034B03600446FFF7E6F8204610BD5D
:108C500094D1040810B5054B03600446FFF7DCF817
:108C600020461821FFF736F9204610BD94D104089C
:108C70002DE9F04F83B00546DDF830A0524591460E
:108C80000F4698462DD0EB685E1E05EBC305FBB181
:108C9000EC6814F0020F434639464FEA242212D002
:108CA00014F0010404D0F81C0DD0D9F8000082584B
:108CB000A868D0F800C0CDF800A0DCF820B04A4485
:108CC000D847032808D8013E731CA5F10805DFD159
:108CD000012003B0BDE8F08F2043C0B203B0BDE86F
:108CE000F08F1946FFF796FF0028CCD00620F0E75A
:108CF0002DE9F04F93B08A461F9C0793A368DDF8D7
:108D000070B00B90DE06099201D58368A3601E9BAC
:108D10009B4500F0688107990B98FFF77BFF0028BF
:108D200040F04E81BAF1000FA8BF1E9B4FF0010228
:108D30000892099AA4BFA3EB0A0319464FF0000E4C
:108D4000B8BF0146022342F00102CDE905AECDF8DD
:108D500030E00A920D938A460B9BDF6807F1FF38DB
:108D6000002F00F0828003EBC7074FF00009F9687D
:108D7000A0681190CA07CDE90F994CBFDBF800201D
:108D8000099A4FEA212344BFD3580A9A5B44BAF1A7
:108D9000000F07D09A45089E2CBF00250125B5423B
:108DA00000F095808E0705D40599023100F08C8083
:108DB00002F0FD02B868016800931E9B02930FAD9C
:108DC0001D9B01930395CD69079B0599A84763797E
:108DD0009DF841209DF842600F991343062E637160
:108DE000864600F00A81022E8C4600F00681069D20
:108DF0002268002D5CD1002A00F081808A4269D06F
:108E0000002900F0A580032BA57938D9D80702D511
:108E1000A068800733D4012D38BF0125012E38BF4B
:108E20000126EDB2F6B286EA0503DBB2032B40F26F
:108E30008380032E40F29580DDF83CC09DF84020F1
:108E40002271002206F00203C4F800C00692A67147
:108E500053BBF20728D56379042B2FD008F1FF38D4
:108E6000B8F1FF3FA7F1080781D10C9B33B30D9BED
:108E7000012B23D001230D93002308936CE7002DD1
:108E80002ED0002ECFD1032D40F2EE80E8077CD506
:108E90000B9B9B6899073ED485F00103DBB2032B43
:108EA0004FD9AB07A571D6D5002013B0BDE8F08F20
:108EB000002AA3D10029A6D1042BCFD1DDF818E0D8
:108EC000704613B0BDE8F08F8107C7D070E701236B
:108ED0000C93C3E722799DF840100A432271BBE747
:108EE000032E5AD9F00742D486F00102D2B2032AE7
:108EF000A4D80122C4F80090A2710692ACE79DF8B4
:108F000040202160227121B17BB30B9A9268D60771
:108F1000CBD50690A0E7059BDDF83CC0002BC0F246
:108F200090801E9A63449A4216D185F00603DBB204
:108F3000032B00F2A28006262E40F6B2032E00F28A
:108F4000A88001226379C4F80090A271069283E799
:108F5000BEF1000F80D056E785F00103DBB2032B92
:108F6000EFD905F002032E4671E7069076E70B99DC
:108F700089688907B8D5059B002B70DB1A441E9BB6
:108F800093420CBF062501254DE785F00103DBB2B6
:108F9000032BD6D9A571002087E70598002834DB7C
:108FA0001E9D0244954270D0002E5BD10A18954256
:108FB0009FD19DF84020216006232271A37173E7A1
:108FC000099BC4F800B0BAF1000F237132DB1E9B7D
:108FD000D3445B4514BF4FF0010B4FF0060B84F8F0
:108FE00006B0002061E71D990B98FFF713FE0028DB
:108FF0003FF491AE099B637156E79DF840302160C4
:109000002371A67113B0BDE8F08F0599023146D0E7
:109010001E9B07980093036805991D6A1D9BA8472E
:109020000546002E7FF4FFAE03283FF62FAFDDF894
:109030003CC009E01AF1020F7FF436AF0123A3719F
:1090400032E7059B023387D01E9B07980093036885
:1090500005991E6A1D9B6246B0470646E3E6059BDE
:109060000233D5D10125DEE6059B002B1BDB059BDA
:1090700019441E9B8B427FF464AF9DF84020C4F8D6
:1090800000C006232271A3710EE77EB90623A371E7
:109090000AE7002202232260A371012005E7002EC7
:1090A0003FF427AFDEE70233CED14AE70625BAE622
:1090B0002DE9F04F89B0CDE902100446914698465B
:1090C000FEF7E4FE002873D1D8F80830DA06039AD8
:1090D00048BF2346D46848BF9B68661E002C49D011
:1090E000039A019302EBC40403F0010200920025ED
:1090F000019BE2680495CDE90635009B8DF814507C
:1091000002F002073B4302F0010A2ED0B9F1000F32
:1091100038D01212BAF1000F02D0D9F800309A58A4
:109120004A44A068016804ABD1F818B00299D84746
:10913000D8B1079B082B27D09DF81430032B04D9F6
:109140001FB923F002038DF81430D8F80C1009B3BE
:10915000D8F80030049A934242D16BB398F80430A7
:109160009DF81420134388F80430013E771CA4F1C5
:109170000804BDD198F80400003818BF012009B0D8
:10918000BDE8F08F4A46CCE7BAF1000FD4D0A3680F
:109190000793D1E704AB0FCB88E80F0098F80430B1
:1091A000032B05D9980714D5039B9B68D907DCD4FA
:1091B000012009B0BDE8F08F0798082805D00829DC
:1091C00003D0FFF727FD0028C8D1022388F8043018
:1091D000EEE7DA07ECD5039B9B689B07C5D4E7E76E
:1091E00000220223C8F8002088F804300120E0E7BC
:1091F000C8F706BF0378472B01D00020704743789B
:109200004E2BFAD18378552BF7D1C378432BF4D169
:109210000379432BF1D143792B2BEED183792B2B7F
:10922000EBD1C07901288CBF00200120704700BF1E
:1092300010B530B1044600F075F82046FFF7DAFFAC
:1092400008B9FFF797FB54F8140CFFF78BFB00BF2E
:109250002DE9F04F83B00246FFF7CCFF38B152E959
:109260000684D2E90C75D2F828A0002605E0044651
:1092700080460126054607468246104600F052F811
:109280000EB1FFF785FB4046FFF77EFB00F04AF882
:109290000EB1FFF76FFBFFF773F8036893F8272011
:1092A000012A0CBF1A6803F17802009227F0030824
:1092B00003F1200B4FF00009CA451ADD2F6807B1F2
:1092C0002F446B46002239465846FEF787FF08B107
:1092D000FFF7D6FB3B6801900F49384601AA1F698A
:1092E0000123B847002818BF064609F10109454483
:1092F000E2E746B10420FEF7C3FE084B084A0649E0
:109300000360FFF7A3FB2046FFF72CFB00F048F8B3
:1093100000F046F8FEF75CFF6CD00408D4D00408D7
:109320006583030838B50446FFF72EF82246056822
:1093300012F82039472B03D085BB0260284638BD80
:1093400063784E2BF8D1A378552BF5D1E378432BD6
:10935000F2D12379432BEFD163792B2BECD1A37975
:109360002B2BE9D1E379012BE6D854F80C3C002BE8
:1093700011DB013344F80C3C4368013B43609542E8
:1093800018BF44F8105C656A18BF02602046D2F727
:109390009DFD284638BDC3F10103EBE7FFF7EAFA6C
:1093A00008B5FEF7EDFF03687BB393F82020472A4A
:1093B00007D00022026003F12000BDE80840D2F788
:1093C00087BD93F821204E2AF3D193F82220552A05
:1093D000EFD193F82320432AEBD193F82420432A9A
:1093E000E7D193F825202B2AE3D193F826202B2AC6
:1093F000DFD193F82720012ADBD85A69002A05DB40
:10940000013A08D0511C0ED05A6108BD0132FBD17F
:1094100019690160F8E71A69026003F12000BDE8EC
:109420000840D2F755BDFFF7A5FA00BF024B13B1B4
:109430000248C9F767BA704700000000153E0008EF
:1094400008B5C7F707FC08B5FFF7FAFFF8B500BF86
:10945000F8BC08BC9E467047F8B500BFF8BC08BC15
:049460009E4670476D
:10946800000020410000A041000020420000A0426E
:10947800689300203C9200200092002056060000CD
:10948800000000002B030000F09B0308C98D0108B1
:10949800FEFF000000000000000100000000204165
:1094A800CDCCCC3EDB0F49400000A041000020425B
:1094B8000000C842000000000000C07F0000C07F1C
:1094C8000000C07F00000000040000000800000049
:1094D8000C0000001060024028600240406002401A
:1094E800586002407060024088600240A0600240FC
:1094F800B8600240106402402864024040640240A0
:10950800586402407064024088640240A0640240CB
:10951800B864024090D00300010000000000000081
:1095280000007A4400007A440118CF3A0000004055
:109538000000003F0000003F00000000070000009E
:109548000000204100000040000000000000000072
:109558000AD7233D00000000000020410000004120
:109568000000807F0000704200007A440000C8427A
:109578000000F042000020410000204100000000EF
:10958800000020410000803F00000000000080FF34
:109598000000807FCDCCCC3DCDCC4C3E00000000FF
:1095A8000000C8420000F042010000000000000076
:1095B800000000000000000000000000040000009F
:1095C8000000C8420000F042000000000000000057
:1095D8000004040303030000000B0B020C0C020739
:1095E8000700000000000000000008000000000064
:1095F800000000000000000000000800000000005B
:109608000000000038B8030871700308000000006B
:10961800000000000004000050B803088579030822
:109628000000000000000000000400000A00010023
:1096380002000300040005000600070008000900F6
:109648000A000B000C000D000E000F0010000000B7
:1096580000202020202020202020282828282820FA
:1096680020202020202020202020202020202020F2
:10967800208810101010101010101010101010105A
:10968800100404040404040404040410101010104A
:109698001010414141414141010101010101010114
:1096A8000101010101010101010101011010101066
:1096B80010104242424242420202020202020202E6
:1096C800020202020202020202020202101010103A
:1096D8002000000000000000000000000000000062
:1096E8000000000000000000000000000000000072
:1096F8000000000000000000000000000000000062
:109708000000000000000000000000000000000051
:109718000000000000000000000000000000000041
:109728000000000000000000000000000000000031
:109738000000000000000000000000000000000021
:109748000000000000000000000000000000000011
:10975800000000000A0001000200030004000500E8
:1097680006000700080009000A000B000C000D00A5
:109778000E000F001000000035000000CEFBFFFFB8
:10978800CB030000010000000000000034000000CE
:10979800CEFBFFFFCB03000001000000000000002B
:1097A800BC89D897B2D29C3C33A7A8D523F64939AF
:1097B8003DA7F444FD0FA5329D978CCF08BA5B25D1
:1097C800436FAC6428066811202020202020202028
:1097D8002020202020202020303030303030303001
:1097E80030303030303030300000000000000000F1
:1097F8000000000000000000000000000000000061
:109808000000000000000000000000000000000050
:1098180000000000000000001011121314151617A4
:109828001819000000000000001A1B1C1D1E1F0054
:109838000000000000000000000000000000000020
:109848000000000000000000001A1B1C1D1E1F0065
:109858000000000000000000000000000000000000
:1098680000000000000000000000000000000000F0
:1098780000000000000000000000000000000000E0
:1098880000000000000000000000000000000000D0
:1098980000000000000000000000000000000000C0
:1098A80000000000000000000000000000000000B0
:1098B80000000000000000000000000000000000A0
:1098C8000000000000000000000000000000000090
:1098D8000000000000000000000000000000000080
:1098E8000000000000000000050000001900000052
:1098F8007D00000000000000000000000000F03FB4
:109908000000000000002440000000000000594052
:109918000000000000408F40000000000088C340A5
:1099280000000000006AF8400000000080842E411A
:1099380000000000D01263410000000084D7974166
:109948000000000065CDCD41000000205FA002426C
:10995800000000E876483742000000A2941A6D42E1
:10996800000040E59C30A2420000901EC4BCD642D4
:1099780000003426F56B0C430080E03779C341437F
:1099880000A0D8855734764300C84E676DC1AB43F5
:10999800003D9160E458E143408CB5781DAF154413
:1099A80050EFE2D6E41A4B4492D54D06CFF08044EE
:1099B800F64AE1C7022DB544B49DD9794378EA4403
:1099C800BC89D897B2D29C3C33A7A8D523F649398D
:1099D8003DA7F444FD0FA5329D978CCF08BA5B25AF
:1099E800436FAC642806C80A0080E03779C3414356
:1099F800176E05B5B5B89346F5F93FE9034F384DED
:109A0800321D30F94877825A3CBF737FDD4F157598
:109A1800202020202020202020202020202020203E
:109A2800303030303030303030303030303030302E
:109A38003134476174654472697665724261736551
:109A4800000000001CD00408389A0308394F704100
:109A58006D704261736500001CD00408549A0308B5
:109A680037447276383330310000000094D104084E
:109A7800689A030800000000020000004C9A0308DE
:109A880002000000609A03080204000000000000C1
:109A9800749A030819CF000845CF00081DCF0008A5
:109AA8002DCF0008FCFFFFFF749A030855CF00086C
:109AB80025CF000839CF000804010000000000008D
:109AC8000008000000000000010000000002000083
:109AD8001800000000000000000000000000000066
:109AE8000A000000E89D002034F8B543AC13E7C332
:109AF80091C6994339CEDDC1426F6172642F7633C6
:109B08002F5372632F74696D2E630000426F617268
:109B1800642F76332F5372632F757362645F636F9C
:109B28006E662E6300000000426F6172642F763308
:109B38002F5372632F7370692E630000426F617236
:109B4800642F76332F5372632F75736172742E638B
:109B580000000000426F6172642F76332F537263E6
:109B68002F6164632E6300004F447269766520524A
:109B78006F626F74696373004F447269766520334E
:109B88002E362043444320496E74657266616365CE
:109B98000000000043444320436F6E66696700007D
:109BA80043444320496E7465726661636500000032
:109BB8004F447269766520332E36204E617469767B
:109BC8006520496E7465726661636500426F6172F3
:109BD800642F76332F5372632F6932632E6300002C
:109BE80049444C4500000000616E616C6F675F740A
:109BF80068726561645F6465660000007374643A46
:109C08003A6765743A2077726F6E6720696E64658B
:109C18007820666F722076617269616E7400000048
:109C28007374643A3A6765743A2076617269616E52
:109C3800742069732076616C75656C6573730000B8
:109C480064656661756C745461736B0030313233CE
:109C58003435363738394142434445460000000020
:109C680063616E5F7365727665725F746872656151
:109C7800645F646566000000257500002A25750D7F
:109C88000A0000000D0A0000445320256C752025A9
:109C98006C7520256C7520256C7520256C75202524
:109CA8006C75000064612025750000004441202582
:109CB8007820256C7820256C7820256C7820256CF8
:109CC8007800000064622025750000006463202588
:109CD80075000000646420257500000044422025BA
:109CE8007820256C7820256C7820256C7820256CC8
:109CF8007800000075736167653A206473207C20E2
:109D080064612F64622F64632F646420696E6465E4
:109D180078000000444320257820256C7820256CA5
:109D28007820256C7820256C780000004444202594
:109D38007820252E336620256C780000506C6561EC
:109D480073652073656520646F63756D656E7461F6
:109D580074696F6E20666F72206D6F72652064651E
:109D68007461696C73000000417661696C61626CB2
:109D78006520636F6D6D616E64732073796E7461B5
:109D880078207265666572656E63653A000000004A
:109D9800506F736974696F6E3A20712061786973C6
:109DA80020706F732076656C2D6C696D20492D6C61
:109DB800696D0000506F736974696F6E3A20702086
:109DC8006178697320706F732076656C2D666620E4
:109DD800492D66660000000056656C6F63697479EA
:109DE8003A207620617869732076656C20492D6663
:109DF80066000000546F727175653A2063206178BF
:109E0800697320540000000050726F7065727469A5
:109E18006573207374617274206174206F64726951
:109E2800766520726F6F742C207375636820617378
:109E38002061786973302E72657175657374656415
:109E48005F73746174650000526561643A20722022
:109E580070726F70657274790000000057726974CF
:109E6800653A20772070726F706572747920766118
:109E78006C7565005361766520636F6E6669673A35
:109E880020737300457261736520636F6E6669673E
:109E98003A207365000000005265626F6F743A20C3
:109EA800737200006E6F7420696D706C656D656EFD
:109EB800746564007220253235357300696E7661E9
:109EC8006C696420636F6D6D616E6420666F726D7E
:109ED80061740000696E76616C69642070726F70DD
:109EE80065727479000000007720253235357320BB
:109EF8002532353573000000756E6B6E6F776E20F6
:109F0800636F6D6D616E6400702025752025662075
:109F18002566202566000000696E76616C696420FC
:109F28006D6F746F72202575000000007120257513
:109F380020256620256620256600000076202575E8
:109F480020256620256600006320257520256600EB
:109F580074202575202566007520257500000000F1
:109F68006C20257520256900656E636F6465722015
:109F780073657420746F20257500000066202575B0
:109F8800000000004861726477617265207665722E
:109F980073696F6E3A2025642E25642D256456005A
:109FA8004669726D776172652076657273696F6E46
:109FB8003A2025642E25642E2564000053657269B5
:109FC800616C206E756D6265723A20257300000021
:109FD800746865726D6973746F725F7570646174AB
:109FE80065000000656E636F6465725F757064611B
:109FF8007465000073656E736F726C6573735F656B
:10A008007374696D61746F725F75706461746500F3
:10A01800656E6473746F705F757064617465000059
:10A0280063616E5F686561727462656174000000E7
:10A038006F70656E5F6C6F6F705F636F6E74726F59
:10A048006C6C65725F757064617465006163696DDD
:10A058005F657374696D61746F725F757064617444
:10A06800650000006D6F746F725F75706461746570
:10A078000000000063757272656E745F636F6E74C2
:10A08800726F6C6C65725F75706461746500000056
:10A0980063757272656E745F73656E736500000038
:10A0A80070776D5F75706461746500006770696FC3
:10A0B8005F6E756D0000000069735F616374697697
:10A0C800655F6C6F77000000636F6E6669670000FC
:10A0D8006F6666736574000069735F61637469769F
:10A0E800655F6869676800006465626F756E6365BF
:10A0F8005F6D7300656E6473746F705F7374617401
:10A108006500000076656C5F6C696D69740000001D
:10A11800616363656C5F6C696D6974006465636530
:10A128006C5F6C696D6974006F62736572766572D5
:10A138005F6761696E000000706C6C5F62616E64DD
:10A148007769647468000000706D5F666C75785F8D
:10A158006C696E6B616765006572726F72000000F2
:10A168007068617365000000706C6C5F706F7300DD
:10A1780070686173655F76656C00000076656C5F7A
:10A18800657374696D61746500000000736C6970B3
:10A198005F76656C6F63697479000000726F746F25
:10A1A800725F666C75780000736C69705F76656CB9
:10A1B8000000000070686173655F6F6666736574A0
:10A1C80000000000737461746F725F70686173657A
:10A1D8005F76656C00000000737461746F725F7065
:10A1E80068617365000000007573655F696E64657A
:10A1F800780000007573655F696E6465785F6F66E7
:10A20800667365740000000066696E645F6964784F
:10A218005F6F6E5F6C6F636B696E5F6F6E6C7900FA
:10A228006162735F7370695F63735F6770696F5FA3
:10A2380070696E006370720070686173655F6F6645
:10A24800667365745F666C6F61740000646972653B
:10A258006374696F6E0000007072655F63616C699A
:10A268006272617465640000656E61626C655F703E
:10A27800686173655F696E746572706F6C6174692B
:10A288006F6E000063616C69625F72616E67650082
:10A2980063616C69625F7363616E5F646973746143
:10A2A8006E63650063616C69625F7363616E5F6FA3
:10A2B8006D6567610000000069676E6F72655F69B0
:10A2C8006C6C6567616C5F68616C6C5F73746174FA
:10A2D8006500000068616C6C5F706F6C6172697416
:10A2E8007900000068616C6C5F706F6C61726974F2
:10A2F800795F63616C696272617465640000000073
:10A3080073696E636F735F6770696F5F70696E5FA3
:10A3180073696E0073696E636F735F6770696F5FEF
:10A3280070696E5F636F730069735F7265616479EA
:10A3380000000000696E6465785F666F756E640082
:10A34800736861646F775F636F756E7400000000F7
:10A35800636F756E745F696E5F63707200000000F2
:10A36800696E746572706F6C6174696F6E0000005D
:10A37800706F735F657374696D61746500000000C8
:10A38800706F735F657374696D6174655F636F7512
:10A398006E747300706F735F63697263756C61725A
:10A3A80000000000706F735F6370725F636F756E9B
:10A3B8007473000064656C74615F706F735F6370C1
:10A3C800725F636F756E74730000000068616C6C77
:10A3D8005F7374617465000076656C5F657374699A
:10A3E8006D6174655F636F756E74730063616C692A
:10A3F800625F7363616E5F726573706F6E73650021
:10A40800706F735F616273007370695F6572726FFA
:10A41800725F7261746500006672657175656E635E
:10A4280079000000706F735F616D706C697475649A
:10A438006500000076656C5F616D706C69747564A9
:10A4480065000000746F727175655F616D706C698D
:10A45800747564650000000063616C69625F616E19
:10A468007469636F6767696E6700000063616C6990
:10A47800625F706F735F7468726573686F6C640095
:10A4880063616C69625F76656C5F74687265736836
:10A498006F6C6400636F6767696E675F7261746988
:10A4A8006F000000616E7469636F6767696E675F4C
:10A4B800656E61626C6564006761696E5F7363688D
:10A4C8006564756C696E675F77696474680000001D
:10A4D800656E61626C655F76656C5F6C696D6974E9
:10A4E80000000000656E61626C655F746F72717563
:10A4F800655F6D6F64655F76656C5F6C696D6974C7
:10A5080000000000656E61626C655F6761696E5F7F
:10A518007363686564756C696E670000656E616277
:10A528006C655F6F76657273706565645F6572727E
:10A538006F720000636F6E74726F6C5F6D6F64652D
:10A5480000000000696E7075745F6D6F64650000CF
:10A55800706F735F6761696E0000000076656C5FFD
:10A568006761696E0000000076656C5F696E7465EE
:10A57800677261746F725F6761696E0076656C5FA0
:10A58800696E7465677261746F725F6C696D697406
:10A598000000000076656C5F6C696D69745F746FAC
:10A5A8006C6572616E63650076656C5F72616D7073
:10A5B8005F72617465000000746F727175655F7217
:10A5C800616D705F72617465000000006369726399
:10A5D800756C61725F736574706F696E7473000077
:10A5E80063697263756C61725F736574706F696EAD
:10A5F800745F72616E67650073746570735F706510
:10A60800725F63697263756C61725F72616E6765B0
:10A6180000000000686F6D696E675F737065656440
:10A6280000000000696E6572746961006178697381
:10A638005F746F5F6D6972726F7200006D6972721C
:10A648006F725F726174696F00000000746F7271DD
:10A6580075655F6D6972726F725F726174696F00A0
:10A668006C6F61645F656E636F6465725F61786962
:10A6780073000000696E7075745F66696C7465724A
:10A688005F62616E6477696474680000616E746902
:10A69800636F6767696E67006D656368616E69639C
:10A6A800616C5F706F7765725F62616E6477696411
:10A6B80074680000656C656374726963616C5F70CF
:10A6C8006F7765725F62616E6477696474680000B1
:10A6D8007370696E6F75745F6D656368616E6963C9
:10A6E800616C5F706F7765725F7468726573686FAD
:10A6F8006C6400007370696E6F75745F656C656378
:10A7080074726963616C5F706F7765725F74687289
:10A718006573686F6C6400006C6173745F65727256
:10A728006F725F74696D6500696E7075745F706FC4
:10A7380073000000696E7075745F76656C000000C8
:10A74800696E7075745F746F7271756500000000D2
:10A75800706F735F736574706F696E7400000000CA
:10A7680076656C5F736574706F696E7400000000C5
:10A77800746F727175655F736574706F696E74005C
:10A788007472616A6563746F72795F646F6E650075
:10A7980076656C5F696E7465677261746F725F74F9
:10A7A8006F72717565000000616E7469636F676729
:10A7B800696E675F76616C69640000006175746F2B
:10A7C80074756E696E675F7068617365000000007C
:10A7D8006175746F74756E696E6700006D65636886
:10A7E800616E6963616C5F706F776572000000006D
:10A7F800656C656374726963616C5F706F776572AD
:10A8080000000000706F6C655F7061697273000012
:10A8180063616C6962726174696F6E5F637572728D
:10A82800656E7400726573697374616E63655F63E6
:10A83800616C69625F6D61785F766F6C7461676582
:10A848000000000070686173655F696E6475637409
:10A85800616E63650000000070686173655F726512
:10A8680073697374616E636500000000746F7271C0
:10A8780075655F636F6E7374616E74006D6F746F6E
:10A88800725F74797065000063757272656E745FCB
:10A898006C696D0063757272656E745F6C696D5F6B
:10A8A8006D617267696E0000746F727175655F6CB7
:10A8B800696D0000696E7665727465725F74656DA6
:10A8C800705F6C696D69745F6C6F7765720000000A
:10A8D800696E7665727465725F74656D705F6C69B8
:10A8E8006D69745F757070657200000072657175CE
:10A8F80065737465645F63757272656E745F7261A7
:10A908006E67650063757272656E745F636F6E74EF
:10A91800726F6C5F62616E647769647468000000CE
:10A928006163696D5F6761696E5F6D696E5F666CB3
:10A93800757800006163696D5F6175746F666C7529
:10A94800785F6D696E5F4964000000006163696D3E
:10A958005F6175746F666C75785F656E61626C6552
:10A96800000000006163696D5F6175746F666C75E6
:10A97800785F61747461636B5F6761696E00000082
:10A988006163696D5F6175746F666C75785F646526
:10A998006361795F6761696E00000000525F774C00
:10A9A8005F46465F656E61626C65000062454D46B4
:10A9B8005F46465F656E61626C650000495F62755F
:10A9C800735F686172645F6D696E0000495F6275EC
:10A9D800735F686172645F6D61780000495F6C65E0
:10A9E800616B5F6D6178000064635F63616C6962CD
:10A9F8005F74617500000000705F6761696E000038
:10AA0800695F6761696E0000495F6D6561737572A2
:10AA180065645F7265706F72745F66696C74657285
:10AA28005F6B000049645F736574706F696E7400D2
:10AA380049715F736574706F696E740056645F73F3
:10AA48006574706F696E740056715F736574706FAA
:10AA5800696E740049616C7068615F6D65617375DA
:10AA68007265640049626574615F6D6561737572D2
:10AA78006564000049645F6D6561737572656400A3
:10AA880049715F6D6561737572656400706F776594
:10AA980072000000765F63757272656E745F636F33
:10AAA8006E74726F6C5F696E74656772616C5F64F7
:10AAB80000000000765F63757272656E745F636F85
:10AAC8006E74726F6C5F696E74656772616C5F71CA
:10AAD8000000000066696E616C5F765F616C70688B
:10AAE8006100000066696E616C5F765F6265746123
:10AAF80000000000706F6C795F636F65666669635C
:10AB080069656E745F300000706F6C795F636F65A4
:10AB18006666696369656E745F310000706F6C7991
:10AB28005F636F656666696369656E745F320000AE
:10AB3800706F6C795F636F656666696369656E746B
:10AB48005F33000074656D705F6C696D69745F6C6C
:10AB58006F7765720000000074656D705F6C696DD9
:10AB680069745F75707065720000000074656D70BF
:10AB7800657261747572650069735F61726D656491
:10AB88000000000069735F63616C696272617465DB
:10AB98006400000063757272656E745F6D65617341
:10ABA8005F7068410000000063757272656E745FC3
:10ABB8006D6561735F7068420000000063757272B2
:10ABC800656E745F6D6561735F70684300000000B7
:10ABD80044435F63616C69625F7068410000000014
:10ABE80044435F63616C69625F7068420000000003
:10ABF80044435F63616C69625F70684300000000F2
:10AC0800495F62757300000070686173655F637502
:10AC18007272656E745F7265765F6761696E000057
:10AC28006566666563746976655F63757272656E7D
:10AC3800745F6C696D0000006D61785F616C6C6FAA
:10AC48007765645F63757272656E74006D61785FB5
:10AC580064635F63616C6962000000006665745F2D
:10AC6800746865726D6973746F7200006D6F746FCC
:10AC7800725F746865726D6973746F7200000000AA
:10AC880063757272656E745F636F6E74726F6C0059
:10AC98006E5F6576745F63757272656E745F6D65FD
:10ACA80061737572656D656E740000006E5F657620
:10ACB800745F70776D5F7570646174650000000083
:10ACC8006E6F64655F69640069735F657874656E4B
:10ACD800646564006865617274626561745F72615D
:10ACE80074655F6D73000000656E636F6465725F05
:10ACF800726174655F6D73006D6F746F725F6572FA
:10AD0800726F725F726174655F6D7300656E636FF9
:10AD18006465725F6572726F725F726174655F6D90
:10AD280073000000636F6E74726F6C6C65725F65A0
:10AD380072726F725F726174655F6D7300000000FC
:10AD480073656E736F726C6573735F6572726F7221
:10AD58005F726174655F6D7300000000656E636FFC
:10AD68006465725F636F756E745F726174655F6D41
:10AD78007300000069715F726174655F6D73000034
:10AD880073656E736F726C6573735F726174655F00
:10AD98006D7300006275735F76695F726174655FD9
:10ADA8006D73000072616D705F74696D65000000FD
:10ADB80072616D705F64697374616E636500000031
:10ADC800616363656C00000076656C0066696E6996
:10ADD80073685F64697374616E63650066696E6940
:10ADE80073685F6F6E5F76656C00000066696E69F8
:10ADF80073685F6F6E5F64697374616E636500008A
:10AE080066696E6973685F6F6E5F656E635F6964BC
:10AE180078000000737461727475705F6D6F746F81
:10AE2800725F63616C6962726174696F6E000000C1
:10AE3800737461727475705F656E636F6465725F59
:10AE4800696E6465785F736561726368000000000D
:10AE5800737461727475705F656E636F6465725F39
:10AE68006F66667365745F63616C69627261746949
:10AE78006F6E0000737461727475705F636C6F73CA
:10AE880065645F6C6F6F705F636F6E74726F6C0078
:10AE9800737461727475705F686F6D696E670000B6
:10AEA800656E61626C655F737465705F646972007A
:10AEB800737465705F6469725F616C776179735FE1
:10AEC8006F6E0000656E61626C655F73656E736FAF
:10AED800726C6573735F6D6F64650000776174638E
:10AEE80068646F675F74696D656F75740000000052
:10AEF800656E61626C655F7761746368646F670033
:10AF0800737465705F6770696F5F70696E000000C9
:10AF18006469725F6770696F5F70696E0000000036
:10AF280063616C6962726174696F6E5F6C6F636B89
:10AF3800696E000073656E736F726C6573735F7210
:10AF4800616D700067656E6572616C5F6C6F636BD5
:10AF5800696E0000737465705F6469725F61637421
:10AF6800697665006C6173745F6472765F6661759B
:10AF78006C740000737465707300000063757272FE
:10AF8800656E745F73746174650000007265717535
:10AF980065737465645F73746174650069735F6871
:10AFA8006F6D6564000000006D6F746F72000000C3
:10AFB800636F6E74726F6C6C65720000656E636FA0
:10AFC800646572006163696D5F657374696D61744E
:10AFD8006F72000073656E736F726C6573735F6573
:10AFE8007374696D61746F7200000000747261702F
:10AFF8005F7472616A0000006D696E5F656E6473EC
:10B00800746F70006D61785F656E6473746F700043
:10B018006D656368616E6963616C5F6272616B65BF
:10B02800000000007461736B5F74696D65730000E4
:10B03800656E64706F696E74000000006D696E0063
:10B048006D617800656E61626C655F756172745FD1
:10B0580061000000656E61626C655F756172745FA6
:10B0680062000000656E61626C655F756172745F95
:10B0780063000000756172745F615F62617564727C
:10B0880061746500756172745F625F626175647294
:10B0980061746500756172745F635F626175647283
:10B0A80061746500656E61626C655F63616E5F61A6
:10B0B80000000000656E61626C655F6932635F6104
:10B0C800000000007573625F6364635F70726F7481
:10B0D8006F636F6C0000000075617274305F70728E
:10B0E8006F746F636F6C000075617274315F70729A
:10B0F8006F746F636F6C000075617274325F707289
:10B108006F746F636F6C00006D61785F726567655F
:10B118006E5F63757272656E740000006272616BB7
:10B12800655F726573697374616E63650000000022
:10B13800656E61626C655F6272616B655F72657393
:10B148006973746F7200000064635F6275735F7582
:10B158006E646572766F6C746167655F747269702E
:10B168005F6C6576656C000064635F6275735F6F22
:10B17800766572766F6C746167655F747269705F0B
:10B188006C6576656C000000656E61626C655F6475
:10B19800635F6275735F6F766572766F6C746167F3
:10B1A800655F72616D70000064635F6275735F6FE5
:10B1B800766572766F6C746167655F72616D705FDA
:10B1C800737461727400000064635F6275735F6F0B
:10B1D800766572766F6C746167655F72616D705FBA
:10B1E800656E640064635F6D61785F706F73697426
:10B1F8006976655F63757272656E740064635F6D0E
:10B2080061785F6E656761746976655F6375727290
:10B21800656E74006572726F725F6770696F5F70D8
:10B22800696E00006770696F335F616E616C6F678C
:10B238005F6D617070696E67000000006770696F0C
:10B24800345F616E616C6F675F6D617070696E67A6
:10B25800000000006770696F315F6D6F6465000002
:10B268006770696F325F6D6F646500006770696F42
:10B27800335F6D6F646500006770696F345F6D6F71
:10B28800646500006770696F355F6D6F6465000005
:10B298006770696F365F6D6F646500006770696F0E
:10B2A800375F6D6F646500006770696F385F6D6F39
:10B2B800646500006770696F395F6D6F64650000D1
:10B2C8006770696F31305F6D6F6465006770696FB3
:10B2D80031315F6D6F6465006770696F31325F6D22
:10B2E8006F6465006770696F31335F6D6F64650007
:10B2F8006770696F31345F6D6F6465006770696F7F
:10B3080031355F6D6F6465006770696F31365F6DE9
:10B318006F6465006770696F315F70776D5F6D612D
:10B328007070696E670000006770696F325F7077D0
:10B338006D5F6D617070696E670000006770696F9E
:10B34800335F70776D5F6D617070696E67000000C4
:10B358006770696F345F70776D5F6D617070696E6B
:10B3680067000000626175645F72617465000000C7
:10B378006164647200000000616464725F6D6174EE
:10B3880063685F636E74000072785F636E740000B8
:10B398006572726F725F636E7400000074785F6329
:10B3A8006E74000074785F6F76657272756E5F6395
:10B3B8006E740000757074696D6500006D696E5F6C
:10B3C800686561705F737061636500006D61785FC7
:10B3D800737461636B5F75736167655F61786973C7
:10B3E800000000006D61785F737461636B5F757353
:10B3F8006167655F757362006D61785F737461631F
:10B408006B5F75736167655F75617274000000003A
:10B418006D61785F737461636B5F75736167655F96
:10B4280063616E006D61785F737461636B5F7573E0
:10B438006167655F73746172747570006D61785FC0
:10B44800737461636B5F75736167655F616E616C6F
:10B458006F670000737461636B5F73697A655F611E
:10B4680078697300737461636B5F73697A655F757C
:10B4780073620000737461636B5F73697A655F75EB
:10B4880061727400737461636B5F73697A655F736B
:10B498007461727475700000737461636B5F7369B3
:10B4A8007A655F63616E0000737461636B5F7369D3
:10B4B8007A655F616E616C6F670000007072696F1A
:10B4C8005F617869730000007072696F5F757362FD
:10B4D800000000007072696F5F756172740000008F
:10B4E8007072696F5F737461727475700000000028
:10B4F8007072696F5F63616E000000007072696F3F
:10B508005F616E616C6F67006932630073746172AA
:10B51800745F74696D650000656E645F74696D655C
:10B52800000000006D61785F6C656E6774680000EC
:10B5380073616D706C696E6700000000636F6E74F4
:10B54800726F6C5F6C6F6F705F6D69736300000082
:10B55800636F6E74726F6C5F6C6F6F705F6368653A
:10B56800636B730064635F63616C69625F776169D1
:10B5780074000000766275735F766F6C746167653E
:10B5880000000000766275735F766F6C74616765A2
:10B598005F696E7465726E616C0000007662757327
:10B5A8005F766F6C746167655F696E7465726E61F2
:10B5B8006C5F726177000000766275735F766F6CFE
:10B5C800746167655F696E7465726E616C5F6164F2
:10B5D80063000000766275735F766F6C74616765EF
:10B5E8005F65787465726E616C00000076627573D1
:10B5F8005F766F6C746167655F65787465726E619C
:10B608006C5F616463000000766275735F766F6CCF
:10B61800746167655F65787465726E616C5F73638A
:10B62800616C6500766275735F766F6C74616765CF
:10B638005F65787465726E616C5F76616C696400D1
:10B64800766275735F766F6C746167655F65787431
:10B6580065726E616C5F6661756C74007662757395
:10B668005F766F6C746167655F65787465726E612B
:10B678006C5F7374617475730000000069627573A0
:10B6880000000000696275735F7265706F72745FA5
:10B6980066696C7465725F6B00000000736572699F
:10B6A800616C5F6E756D62657200000068775F7629
:10B6B800657273696F6E5F6D616A6F72000000007A
:10B6C80068775F76657273696F6E5F6D696E6F72AA
:10B6D8000000000068775F76657273696F6E5F7649
:10B6E800617269616E74000066775F76657273696E
:10B6F8006F6E5F6D616A6F720000000066775F763B
:10B70800657273696F6E5F6D696E6F72000000001D
:10B7180066775F76657273696F6E5F726576697357
:10B72800696F6E0066775F76657273696F6E5F75B5
:10B738006E72656C65617365640000006272616BAE
:10B74800655F7265736973746F725F61726D65644A
:10B75800000000006272616B655F726573697374E3
:10B768006F725F73617475726174656400000000C4
:10B778006272616B655F7265736973746F725F6320
:10B78800757272656E7400006E5F6576745F7361C2
:10B798006D706C696E6700006E5F6576745F636FCD
:10B7A8006E74726F6C5F6C6F6F7000007461736B96
:10B7B8005F74696D6572735F61726D656400000026
:10B7C80073797374656D5F7374617473000000003E
:10B7D800757365725F636F6E6669675F6C6F6164CE
:10B7E800656400006D6973636F6E6669677572657D
:10B7F800640000006F7363696C6C6F73636F7065CE
:10B8080000000000746573745F70726F7065727405
:10B81800790000006F74705F76616C6964000000E5
:10B828006178697330000000617869733100000045
:10B83800756172745F7365727665725F746872653C
:10B8480061645F64656600007573625F7365727634
:10B8580065725F7468726561645F646566000000A4
:10B86800474C49424358585F54554E41424C455302
:10B87800000000006F626A5F73697A65000000006B
:10B888006F626A5F636F756E74000000676C69624F
:10B898006378782E65685F706F6F6C007374643AB4
:10B8A8003A6261645F657863657074696F6E000001
:10B8B80065256C64000000002E0000006E66000024
:10B8C800696E69747900000043000000504F5349C5
:10B8D80058000000494E4600696E66004E414E0011
:10B8E8006E616E0030313233343536373839616243
:10B8F8006364656600000000286E756C6C290000A2
:10B9080042616C6C6F63207375636365656465641D
:10B91800000000002E2E2F2E2E2F2E2E2F2E2E2FF3
:10B928002E2E2F2E2E2F6E65776C69622F6C696212
:10B93800632F7374646C69622F6764746F612D6719
:10B9480065746865782E6300496E66696E697479F6
:10B95800000000004E614E002E2E2F2E2E2F2E2E70
:10B968002F2E2E2F2E2E2F2E2E2F6E65776C69627E
:10B978002F6C6962632F7374646C69622F64746FCF
:10B98800612E63002C2066756E6374696F6E3A20B1
:10B9980000000000617373657274696F6E20222560
:10B9A8007322206661696C65643A2066696C65205B
:10B9B800222573222C206C696E6520256425732549
:10B9C800730A00002E2E2F2E2E2F2E2E2F2E2E2FC6
:10B9D8002E2E2F2E2E2F6E65776C69622F6C696262
:10B9E800632F7374646C69622F6D707265632E6364
:10B9F800000000000008000000000000010203042D
:10BA08000000000000000000010203040607080906
:10BA180000061016000610164E356669627265310A
:10BA2800374173796E6353747265616D536F7572C4
:10BA3800636545001CD0040820BA03084E356669C2
:10BA480062726531354173796E6353747265616DE5
:10BA580053696E6B450000001CD0040844BA030803
:10BA68004E35666962726531335061636B65745730
:10BA780072617070657245001CD1040868BA0308C9
:10BA880060BA03084E356669627265313550616384
:10BA98006B6574556E777261707065724500000051
:10BAA8001CD104088CBA03083CBA03080000000043
:10BAB80080BA0308457B0108857C01080000000066
:10BAC800A8BA0308C97A01083D7D010800040000EE
:10BAD8004E31304F4472697665496E7466384178E4
:10BAE8006973496E746645001CD00408D8BA030807
:10BAF80034417869730000001CD10408F8BA0308BF
:10BB0800F0BA03080000000000BB030869930108AD
:10BB1800537431386261645F76617269616E745F13
:10BB280061636365737300001CD1040818BB0308C4
:10BB380050D004083331526573697374616E63655C
:10BB48004D6561737572656D656E74436F6E747261
:10BB58006F6C4C61770000001CD104083CBB0308E3
:10BB6800ACBF03083331496E64756374616E6365F5
:10BB78004D6561737572656D656E74436F6E747231
:10BB88006F6C4C61770000001CD104086CBB030883
:10BB9800ACBF03080000000030BB0308C9A80108B7
:10BBA800DDA8010841A701080000000060BB0308E8
:10BBB80045A7010865E50108A1EA010859A7010898
:10BBC80069A901080000000090BB030845A8010806
:10BBD80065E50108A1EA01084DA80108F9A80108CE
:10BBE8004E31304F4472697665496E746632385406
:10BBF8006865726D6973746F7243757272656E747D
:10BC08004C696D69746572496E7466450000000080
:10BC18001CD00408E8BB03084E31304F44726976E3
:10BC280065496E746633354F6E626F61726454682D
:10BC380065726D6973746F7243757272656E744C58
:10BC4800696D69746572496E746645001CD0040894
:10BC580020BC03084E31304F4472697665496E74D2
:10BC68006633364F6666626F617264546865726DDA
:10BC78006973746F7243757272656E744C696D691D
:10BC8800746572496E746645000000001CD0040893
:10BC98005CBC0308313443757272656E744C696D0F
:10BCA80069746572000000001CD004089CBC03087D
:10BCB8003234546865726D6973746F724375727249
:10BCC800656E744C696D69746572000094D10408DE
:10BCD800B8BC03080000000002000000B0BC030864
:10BCE8000200000018BC03080200000033314F6E48
:10BCF800626F617264546865726D6973746F7243C0
:10BD0800757272656E744C696D69746572000000B5
:10BD180094D10408F4BC03080000000002000000ED
:10BD2800D4BC03080200000054BC03080200000051
:10BD380033324F6666626F617264546865726D690A
:10BD480073746F7243757272656E744C696D697441
:10BD58006572000094D1040838BD03080000000093
:10BD680002000000D4BC03080200000094BC0308D1
:10BD7800020000000000000018BD0308B1D200084E
:10BD8800E5D4000871BA0108000000005CBD030892
:10BD9800B5D20008F5D4000871BA01084E31304F09
:10BDA8004472697665496E74663131456E636F64B5
:10BDB8006572496E746645001CD00408A4BD03086A
:10BDC80037456E636F646572000000001CD104087B
:10BDD800C8BD0308C0BD03081CD00408E8BD03089B
:10BDE8002A5A4E37456E636F646572323972756EC2
:10BDF8005F68616C6C5F706F6C61726974795F63A6
:10BE0800616C6962726174696F6E457645556C62E2
:10BE1800455F00001CD0040824BE03082A5A4E3788
:10BE2800456E636F646572323672756E5F68616CF9
:10BE38006C5F70686173655F63616C69627261747D
:10BE4800696F6E457645556C62455F0000000000DD
:10BE5800D4BD0308BDBC0108000000000000803FFD
:10BE68000000004000004040000080400000A0406A
:10BE78003133436F6D706F6E656E74426173650028
:10BE88001CD0040878BE030831334163696D4573DB
:10BE980074696D61746F72001CD1040890BE030848
:10BEA80088BE030800000000A0BE0308BDD3010837
:10BEB8004E31304F4472697665496E746631394D3A
:10BEC800656368616E6963616C4272616B65496E36
:10BED800746645001CD00408B8BE030831354D65AA
:10BEE8006368616E6963616C4272616B6500000032
:10BEF8001CD10408E4BE0308DCBE030800000000EF
:10BF0800F8BE0308B1D50108F5D501084E31304F08
:10BF18004472697665496E74663134436F6E747223
:10BF28006F6C6C6572496E74664500001CD004081D
:10BF380014BF03083130436F6E74726F6C6C657296
:10BF4800000000001CD104083CBF030834BF0308EC
:10BF5800000000004CBF03084DD601087DD601083B
:10BF680095D6010835D601083135506861736543A7
:10BF78006F6E74726F6C4C6177494C6A334545003B
:10BF88001CD0040870BF03083234416C70686142E9
:10BF98006574614672616D65436F6E74726F6C6C27
:10BFA800657200001CD1040890BF030888BF03080D
:10BFB80032334669656C644F7269656E74656443B3
:10BFC8006F6E74726F6C6C657200000094D1040817
:10BFD800B8BF03080000000002000000ACBF03085F
:10BFE8000200000088BE03080204000000000000F0
:10BFF800D4BF0308D5E4010865E50108A1EA0108F2
:10C0080001E5010895E80108B5E80108FCFFFFFF14
:10C01800D4BF030899EA010831384F70656E4C6F38
:10C028006F70436F6E74726F6C6C65720000000005
:10C038001CD1040820C0030888BE030800000000C3
:10C0480038C003085DEB01084E31304F4472697601
:10C0580065496E746631364F7363696C6C6F7363D0
:10C068006F7065496E746645000000001CD00408B6
:10C0780050C0030831304F4472697665496E746662
:10C08800000000001CD004087CC0030831324F7344
:10C0980063696C6C6F73636F706500001CD1040872
:10C0A80094C0030874C00308364F4472697665006B
:10C0B8001CD10408B0C003088CC0030800000000AD
:10C0C800A4C00308C5F3010800000000B8C00308B5
:10C0D800E5F3010871F6010851FB010855F501085F
:10C0E800DDF3010891F60108F5F3010861F4010890
:10C0F800EDF4010861F5010881F501084E31304F72
:10C108004472697665496E74663743616E496E7428
:10C11800664500001CD0040804C10308313043619F
:10C128006E42757342617365000000001CD00408FC
:10C1380024C10308394F447269766543414E0000B3
:10C1480094D104083CC1030800000000020000006C
:10C1580034C10308020000001CC1030802000000EB
:10C168000000000048C10308CD2802086129020820
:10C1780021290208256600256C7500256C6C750060
:10C18800256C6400256400256C6C64003854797053
:10C1980065496E666F0000001CD0040894C103084E
:10C1A8003235537472696E67436F6E76657274695F
:10C1B800626C6554797065496E666F001CD004081E
:10C1C800A8C103083231466C6F6174536574746199
:10C1D800626C6554797065496E666F001CD00408FE
:10C1E800CCC103083231466962726550726F70655E
:10C1F80072747954797065496E666F493850726FF8
:10C208007065727479494E31304F44726976654968
:10C218006E7466354572726F7245454500000000C0
:10C2280094D10408ECC103080000000003000000DA
:10C23800E4C1030802000000C4C1030802040000AE
:10C24800A0C10308020800003231466962726550D5
:10C25800726F706572747954797065496E666F494A
:10C268003850726F706572747949664545000000F0
:10C2780094D1040850C20308000000000300000025
:10C28800E4C1030802000000C4C10308020400005E
:10C29800A0C1030802080000323146696272655085
:10C2A800726F706572747954797065496E666F49FA
:10C2B8003850726F706572747949624545000000A4
:10C2C80094D10408A0C20308000000000300000085
:10C2D800E4C1030802000000C4C10308020400000E
:10C2E800A0C1030802080000323146696272655035
:10C2F800726F706572747954797065496E666F49AA
:10C308003850726F7065727479496D454500000048
:10C3180094D10408F0C203080000000003000000E4
:10C32800E4C1030802000000C4C1030802040000BD
:10C33800A0C10308020800003231466962726550E4
:10C34800726F706572747954797065496E666F4959
:10C358003850726F7065727479494E31304F44723B
:10C36800697665496E74663743616E496E746635E1
:10C378004572726F724545450000000094D104086B
:10C3880040C303080000000003000000E4C10308E4
:10C3980002000000C4C1030802040000A0C1030891
:10C3A800020800003231466962726550726F70652A
:10C3B80072747954797065496E666F493850726F36
:10C3C8007065727479494E31304F447269766549A7
:10C3D8006E74663743616E496E74663850726F7456
:10C3E8006F636F6C4545450094D10408ACC30308DE
:10C3F8000000000003000000E4C103080200000080
:10C40800C4C1030802040000A0C103080208000018
:10C418003231466962726550726F70657274795410
:10C42800797065496E666F493850726F70657274BD
:10C4380079494E31304F4472697665496E74663178
:10C448003853747265616D50726F746F636F6C549A
:10C45800797065454545000094D1040818C403085F
:10C468000000000003000000E4C10308020000000F
:10C47800C4C1030802040000A0C1030802080000A8
:10C488003231466962726550726F706572747954A0
:10C49800797065496E666F493850726F706572744D
:10C4A80079493134656E64706F696E745F72656660
:10C4B8005F7445450000000094D1040888C403084F
:10C4C8000000000003000000E4C1030802000000AF
:10C4D800C4C1030802040000A0C103080208000048
:10C4E8003231466962726550726F70657274795440
:10C4F800797065496E666F493850726F70657274ED
:10C5080079494E31304F4472697665496E746638A0
:10C518004770696F4D6F64654545450094D10408BF
:10C52800E8C403080000000003000000E4C1030899
:10C5380002000000C4C1030802040000A0C10308EF
:10C54800020800003231466962726550726F706588
:10C5580072747954797065496E666F493850726F94
:10C568007065727479494E31304F44726976654905
:10C578006E74663841786973496E746635457272AF
:10C588006F7245454500000094D104084CC5030866
:10C598000000000003000000E4C1030802000000DE
:10C5A800C4C1030802040000A0C103080208000077
:10C5B8003231466962726550726F7065727479546F
:10C5C800797065496E666F493850726F706572741C
:10C5D80079494E31304F4472697665496E746638D0
:10C5E80041786973496E7466394178697353746127
:10C5F800746545454500000094D10408B8C5030892
:10C608000000000003000000E4C10308020000006D
:10C61800C4C1030802040000A0C103080208000006
:10C628003231466962726550726F706572747954FE
:10C63800797065496E666F493850726F70657274AB
:10C64800794974454500000094D1040828C60308B8
:10C658000000000003000000E4C10308020000001D
:10C66800C4C1030802040000A0C1030802080000B6
:10C678003231466962726550726F706572747954AE
:10C68800797065496E666F493850726F706572745B
:10C6980079494E31304F4472697665496E7466390E
:10C6A8004D6F746F72496E7466354572726F72455C
:10C6B8004545000094D1040878C60308000000002E
:10C6C80003000000E4C1030802000000C4C103081D
:10C6D80002040000A0C103080208000032314669C4
:10C6E80062726550726F70657274795479706549B9
:10C6F8006E666F493850726F7065727479496C450F
:10C708004500000094D10408E4C6030800000000B6
:10C7180003000000E4C1030802000000C4C10308CC
:10C7280002040000A0C10308020800003231466973
:10C7380062726550726F7065727479547970654968
:10C748006E666F493850726F7065727479494E31F0
:10C75800304F4472697665496E7466394D6F746FEF
:10C7680072496E7466394D6F746F7254797065458D
:10C778004545000094D1040834C7030800000000B0
:10C7880003000000E4C1030802000000C4C103085C
:10C7980002040000A0C10308020800003231466903
:10C7A80062726550726F70657274795479706549F8
:10C7B8006E666F493850726F7065727479494E3180
:10C7C800304F4472697665496E74663134436F6ED2
:10C7D80074726F6C6C6572496E7466354572726FEF
:10C7E800724545450000000094D10408A4C7030819
:10C7F8000000000003000000E4C10308020000007C
:10C80800C4C1030802040000A0C103080208000014
:10C818003231466962726550726F7065727479540C
:10C82800797065496E666F493850726F70657274B9
:10C8380079494E31304F4472697665496E74663174
:10C8480034436F6E74726F6C6C6572496E746631C6
:10C8580031436F6E74726F6C4D6F6465454545006A
:10C8680094D1040818C80308000000000300000061
:10C87800E4C1030802000000C4C103080204000068
:10C88800A0C103080208000032314669627265508F
:10C89800726F706572747954797065496E666F4904
:10C8A8003850726F7065727479494E31304F4472E6
:10C8B800697665496E74663134436F6E74726F6C55
:10C8C8006C6572496E746639496E7075744D6F6423
:10C8D800654545450000000094D1040890C8030848
:10C8E8000000000003000000E4C10308020000008B
:10C8F800C4C1030802040000A0C103080208000024
:10C908003231466962726550726F7065727479541B
:10C91800797065496E666F493850726F70657274C8
:10C92800794968454500000094D1040808C90308FE
:10C938000000000003000000E4C10308020000003A
:10C94800C4C1030802040000A0C1030802080000D3
:10C958003231466962726550726F706572747954CB
:10C96800797065496E666F493850726F7065727478
:10C9780079494E31304F4472697665496E74663133
:10C9880031456E636F646572496E746635457272BF
:10C998006F7245454500000094D1040858C9030842
:10C9A8000000000003000000E4C1030802000000CA
:10C9B800C4C1030802040000A0C103080208000063
:10C9C8003231466962726550726F7065727479545B
:10C9D800797065496E666F493850726F7065727408
:10C9E80079494E31304F4472697665496E746631C3
:10C9F80031456E636F646572496E7466344D6F6459
:10CA0800654545450000000094D10408C8C90308DD
:10CA18000000000003000000E4C103080200000059
:10CA2800C4C1030802040000A0C1030802080000F2
:10CA38003231466962726550726F706572747954EA
:10CA4800797065496E666F493850726F7065727497
:10CA580079494E31304F4472697665496E74663251
:10CA68003353656E736F726C657373457374696D58
:10CA780061746F72496E7466354572726F7245459E
:10CA88004500000094D1040838CA030800000000DB
:10CA980003000000E4C1030802000000C4C1030849
:10CAA80002040000A0C10308020800000000000002
:10CAB800A0C103080000000000000000C4C1030872
:10CAC800E92E0208ED2E020800000000E4C1030868
:10CAD800F12E02080000000028C20308054A0208D7
:10CAE800393302081134020815480208FCFFFFFF19
:10CAF80028C203083134020849480208F8FFFFFF3A
:10CB080028C20308593302080000000078C203084D
:10CB18002139020811330208393402085148020841
:10CB2800FCFFFFFF78C20308653402089548020835
:10CB3800F8FFFFFF78C20308313302080000000045
:10CB4800C8C20308D98A0208E93202086D3402080B
:10CB5800958A0208FCFFFFFFC8C203088534020853
:10CB6800D18A0208F8FFFFFFC8C203080933020888
:10CB78000000000018C30308F5380208C132020893
:10CB88008D3402089D480208FCFFFFFF18C3030804
:10CB9800AD340208D1480208F8FFFFFF18C30308A4
:10CBA800E13202080000000084C303084928030892
:10CBB80099320208B53402088D8B0208FCFFFFFF8A
:10CBC80084C30308D5340208C18B0208F8FFFFFFAD
:10CBD80084C30308B932020800000000F0C3030848
:10CBE8001728030871320208DD340208398D02085B
:10CBF800FCFFFFFFF0C30308FD3402086D8D020837
:10CC0800F8FFFFFFF0C3030891320208000000009C
:10CC180060C40308E52703084932020805350208FD
:10CC2800298B0208FCFFFFFF60C4030825350208B2
:10CC38005D8B0208F8FFFFFF60C403086932020831
:10CC480000000000C0C403081132020815320208AF
:10CC58002D3502083D320208FCFFFFFFC0C403085F
:10CC68003935020841320208F8FFFFFFC0C4030843
:10CC7800353202080000000024C50308B327030862
:10CC8800E9310208413502082D8F0208FCFFFFFF39
:10CC980024C5030861350208618F0208F8FFFFFF09
:10CCA80024C50308093202080000000090C50308E3
:10CCB800C9380208C131020869350208D948020892
:10CCC800FCFFFFFF90C50308893502080D490208DB
:10CCD800F8FFFFFF90C50308E131020800000000DB
:10CCE80000C6030881270308993102089135020814
:10CCF8000D8C0208FCFFFFFF00C60308B1350208CF
:10CD0800418C0208F8FFFFFF00C60308B93102088A
:10CD18000000000050C60308334A020871310208B7
:10CD2800B9350208C9490208FCFFFFFF50C60308CD
:10CD3800D9350208FD490208F8FFFFFF50C603086D
:10CD48009131020800000000BCC60308A33802089D
:10CD580049310208E1350208093C0208FCFFFFFFDF
:10CD6800BCC6030805360208413C0208F8FFFFFF6D
:10CD7800BCC6030869310208000000000CC703089C
:10CD880077380208213102080D36020815490208D1
:10CD9800FCFFFFFF0CC703082D36020849490208AB
:10CDA800F8FFFFFF0CC7030841310208000000002C
:10CDB8007CC703084F270308F930020835360208F4
:10CDC8009D8D0208FCFFFFFF7CC70308553602084B
:10CDD800D18D0208F8FFFFFF7CC70308193102084C
:10CDE80000000000F0C703081D270308D13002081F
:10CDF8005D360208718C0208FCFFFFFFF0C70308CC
:10CE08007D360208A58C0208F8FFFFFFF0C703086B
:10CE1800F13002080000000068C80308EB26030888
:10CE2800A930020885360208018E0208FCFFFFFFC0
:10CE380068C80308A5360208358E0208F8FFFFFF08
:10CE480068C80308C930020800000000E0C80308E9
:10CE5800B926030881300208AD360208658E02083B
:10CE6800FCFFFFFFE0C80308CD360208998E0208D0
:10CE7800F8FFFFFFE0C80308A13002080000000027
:10CE880030C903088726030859300208D536020836
:10CE9800C98E0208FCFFFFFF30C90308F5360208F7
:10CEA800FD8E0208F8FFFFFF30C903087930020839
:10CEB80000000000A0C90308614A020831300208D6
:10CEC800FD3602088D490208FCFFFFFFA0C90308D0
:10CED8001D370208C1490208F8FFFFFFA0C903086F
:10CEE800513002080000000010CA0308493802083F
:10CEF800093002082537020851490208FCFFFFFFE4
:10CF080010CA03084537020885490208F8FFFFFFE1
:10CF180010CA030829300208000000008CCA030860
:10CF280055260308E12F02084D370208D58C020860
:10CF3800FCFFFFFF8CCA03086D370208098D020841
:10CF4800F8FFFFFF8CCA030801300208ADDA0000C1
:10CF58005B7B226E616D65223A22222C2269642253
:10CF68003A302C2274797065223A226A736F6E22E5
:10CF78002C22616363657373223A2272227D2C7BB3
:10CF8800226E616D65223A226572726F72222C22BE
:10CF98006964223A312C2274797065223A227569C3
:10CFA8006E743136222C22616363657373223A22D0
:10CFB8007277227D2C7B226E616D65223A22766221
:10CFC80075735F766F6C74616765222C22696422C1
:10CFD8003A322C2274797065223A22666C6F617439
:10CFE800222C22616363657373223A2272227D2C9C
:10CFF8007B226E616D65223A22766275735F766F69
:10D008006C746167655F696E7465726E616C222C01
:10D01800226964223A332C2274797065223A226696
:10D028006C6F6174222C22616363657373223A22E8
:10D0380072227D2C7B226E616D65223A22766275A2
:10D04800735F766F6C746167655F696E7465726E25
:10D05800616C5F726177222C226964223A342C2237
:10D0680074797065223A2275696E743332222C22E3
:10D07800616363657373223A2272227D2C7B226E70
:10D08800616D65223A22766275735F766F6C7461A2
:10D0980067655F696E7465726E616C5F6164632257
:10D0A8002C226964223A352C2274797065223A223E
:10D0B800666C6F6174222C22616363657373223A14
:10D0C8002272227D2C7B226E616D65223A22766265
:10D0D80075735F766F6C746167655F657874657288
:10D0E8006E616C222C226964223A362C2274797083
:10D0F80065223A22666C6F6174222C226163636533
:10D108007373223A2272227D2C7B226E616D652216
:10D118003A22766275735F766F6C746167655F65D6
:10D12800787465726E616C5F616463222C22696435
:10D13800223A372C2274797065223A22666C6F6124
:10D1480074222C22616363657373223A2272227DF2
:10D158002C7B226E616D65223A22766275735F764A
:10D168006F6C746167655F65787465726E616C5F1A
:10D178007363616C65222C226964223A382C22740C
:10D18800797065223A22666C6F6174222C22616381
:10D1980063657373223A2272227D2C7B226E616D45
:10D1A80065223A22766275735F766F6C7461676583
:10D1B8005F65787465726E616C5F76616C69642214
:10D1C8002C226964223A392C2274797065223A2219
:10D1D800626F6F6C222C22616363657373223A223B
:10D1E80072227D2C7B226E616D65223A22766275F1
:10D1F800735F766F6C746167655F65787465726E6E
:10D20800616C5F6661756C74222C226964223A3104
:10D21800302C2274797065223A22626F6F6C222C4E
:10D2280022616363657373223A2272227D2C7B220A
:10D238006E616D65223A22766275735F766F6C74E3
:10D248006167655F65787465726E616C5F73746140
:10D25800747573222C226964223A31312C22747934
:10D268007065223A2275696E743332222C2261630A
:10D2780063657373223A2272227D2C7B226E616D64
:10D2880065223A2269627573222C226964223A3136
:10D29800322C2274797065223A22666C6F6174228E
:10D2A8002C22616363657373223A2272227D2C7B80
:10D2B800226E616D65223A22696275735F726570CC
:10D2C8006F72745F66696C7465725F6B222C226979
:10D2D80064223A31332C2274797065223A22666CC2
:10D2E8006F6174222C22616363657373223A227220
:10D2F80077227D2C7B226E616D65223A22736572DE
:10D3080069616C5F6E756D626572222C2269642298
:10D318003A31342C2274797065223A2275696E7418
:10D328003634222C22616363657373223A22722297
:10D338007D2C7B226E616D65223A2268775F766567
:10D348007273696F6E5F6D616A6F72222C226964F5
:10D35800223A31352C2274797065223A2275696E29
:10D368007438222C22616363657373223A22722215
:10D378007D2C7B226E616D65223A2268775F766527
:10D388007273696F6E5F6D696E6F72222C226964A9
:10D39800223A31362C2274797065223A2275696EE8
:10D3A8007438222C22616363657373223A227222D5
:10D3B8007D2C7B226E616D65223A2268775F7665E7
:10D3C8007273696F6E5F76617269616E74222C2266
:10D3D8006964223A31372C2274797065223A2275B1
:10D3E800696E7438222C22616363657373223A2252
:10D3F80072227D2C7B226E616D65223A2266775FF0
:10D4080076657273696F6E5F6D616A6F72222C2226
:10D418006964223A31382C2274797065223A22756F
:10D42800696E7438222C22616363657373223A2211
:10D4380072227D2C7B226E616D65223A2266775FAF
:10D4480076657273696F6E5F6D696E6F72222C22DA
:10D458006964223A31392C2274797065223A22752E
:10D46800696E7438222C22616363657373223A22D1
:10D4780072227D2C7B226E616D65223A2266775F6F
:10D4880076657273696F6E5F7265766973696F6EC0
:10D49800222C226964223A32302C22747970652257
:10D4A8003A2275696E7438222C226163636573733E
:10D4B800223A2272227D2C7B226E616D65223A22ED
:10D4C80066775F76657273696F6E5F756E72656C8D
:10D4D8006561736564222C226964223A32312C22F8
:10D4E80074797065223A2275696E7438222C22612B
:10D4F8006363657373223A2272227D2C7B226E61EC
:10D508006D65223A226272616B655F726573697339
:10D51800746F725F61726D6564222C226964223AAD
:10D5280032322C2274797065223A22626F6F6C2233
:10D538002C22616363657373223A2272227D2C7BED
:10D54800226E616D65223A226272616B655F726557
:10D55800736973746F725F736174757261746564F3
:10D56800222C226964223A32332C22747970652283
:10D578003A22626F6F6C222C226163636573732297
:10D588003A2272227D2C7B226E616D65223A2262DC
:10D5980072616B655F7265736973746F725F6375CF
:10D5A8007272656E74222C226964223A32342C22FB
:10D5B80074797065223A22666C6F6174222C22613C
:10D5C8006363657373223A2272227D2C7B226E611B
:10D5D8006D65223A226E5F6576745F73616D706C5B
:10D5E800696E67222C226964223A32352C227479BA
:10D5F8007065223A2275696E743332222C22616377
:10D6080063657373223A2272227D2C7B226E616DD0
:10D6180065223A226E5F6576745F636F6E74726F0F
:10D628006C5F6C6F6F70222C226964223A32362C40
:10D638002274797065223A2275696E743332222C0D
:10D6480022616363657373223A2272227D2C7B22E6
:10D658006E616D65223A227461736B5F74696D65E2
:10D6680072735F61726D6564222C226964223A329A
:10D67800372C2274797065223A22626F6F6C222CE3
:10D6880022616363657373223A227277227D2C7B51
:10D69800226E616D65223A227461736B5F74696DE5
:10D6A8006573222C2274797065223A226F626A654A
:10D6B8006374222C226D656D62657273223A5B7BFE
:10D6C800226E616D65223A2273616D706C696E67B6
:10D6D800222C2274797065223A226F626A6563741B
:10D6E800222C226D656D62657273223A5B7B226E15
:10D6F800616D65223A2273746172745F74696D6535
:10D70800222C226964223A32382C227479706522DC
:10D718003A2275696E743332222C22616363657311
:10D7280073223A2272227D2C7B226E616D65223A29
:10D7380022656E645F74696D65222C226964223AE1
:10D7480032392C2274797065223A2275696E7433E5
:10D7580032222C22616363657373223A2272227D1E
:10D768002C7B226E616D65223A226C656E67746847
:10D77800222C226964223A33302C22747970652273
:10D788003A2275696E743332222C226163636573A1
:10D7980073223A2272227D2C7B226E616D65223AB9
:10D7A800226D61785F6C656E677468222C226964EB
:10D7B800223A33312C2274797065223A2275696EC7
:10D7C800743332222C22616363657373223A2272A6
:10D7D80077227D5D7D2C7B226E616D65223A226306
:10D7E8006F6E74726F6C5F6C6F6F705F6D6973636F
:10D7F800222C2274797065223A226F626A656374FA
:10D80800222C226D656D62657273223A5B7B226EF3
:10D81800616D65223A2273746172745F74696D6513
:10D82800222C226964223A33322C227479706522C0
:10D838003A2275696E743332222C226163636573F0
:10D8480073223A2272227D2C7B226E616D65223A08
:10D8580022656E645F74696D65222C226964223AC0
:10D8680033332C2274797065223A2275696E7433C9
:10D8780032222C22616363657373223A2272227DFD
:10D888002C7B226E616D65223A226C656E67746826
:10D89800222C226964223A33342C2274797065224E
:10D8A8003A2275696E743332222C22616363657380
:10D8B80073223A2272227D2C7B226E616D65223A98
:10D8C800226D61785F6C656E677468222C226964CA
:10D8D800223A33352C2274797065223A2275696EA2
:10D8E800743332222C22616363657373223A227285
:10D8F80077227D5D7D2C7B226E616D65223A2263E5
:10D908006F6E74726F6C5F6C6F6F705F6368656366
:10D918006B73222C2274797065223A226F626A65D1
:10D928006374222C226D656D62657273223A5B7B8B
:10D93800226E616D65223A2273746172745F746934
:10D948006D65222C226964223A33362C2274797050
:10D9580065223A2275696E743332222C2261636320
:10D96800657373223A2272227D2C7B226E616D656B
:10D97800223A22656E645F74696D65222C2269649F
:10D98800223A33372C2274797065223A2275696EEF
:10D99800743332222C22616363657373223A2272D4
:10D9A800227D2C7B226E616D65223A226C656E6742
:10D9B8007468222C226964223A33382C22747970D4
:10D9C80065223A2275696E743332222C22616363B0
:10D9D800657373223A2272227D2C7B226E616D65FB
:10D9E800223A226D61785F6C656E677468222C221A
:10D9F8006964223A33392C2274797065223A227587
:10DA0800696E743332222C22616363657373223A20
:10DA1800227277227D5D7D2C7B226E616D65223AB4
:10DA28002264635F63616C69625F77616974222C49
:10DA38002274797065223A226F626A656374222CB7
:10DA4800226D656D62657273223A5B7B226E616D31
:10DA580065223A2273746172745F74696D65222C51
:10DA6800226964223A34302C2274797065223A2271
:10DA780075696E743332222C226163636573732275
:10DA88003A2272227D2C7B226E616D65223A2265D4
:10DA98006E645F74696D65222C226964223A3431A0
:10DAA8002C2274797065223A2275696E7433322299
:10DAB8002C22616363657373223A2272227D2C7B68
:10DAC800226E616D65223A226C656E677468222C3D
:10DAD800226964223A34322C2274797065223A22FF
:10DAE80075696E743332222C226163636573732205
:10DAF8003A2272227D2C7B226E616D65223A226D5C
:10DB080061785F6C656E677468222C226964223ABA
:10DB180034332C2274797065223A2275696E743315
:10DB280032222C22616363657373223A2272772250
:10DB38007D5D7D5D7D2C7B226E616D65223A227351
:10DB4800797374656D5F7374617473222C227479B0
:10DB58007065223A226F626A656374222C226D65B1
:10DB68006D62657273223A5B7B226E616D65223A43
:10DB780022757074696D65222C226964223A3434E6
:10DB88002C2274797065223A2275696E74333222B8
:10DB98002C22616363657373223A2272227D2C7B87
:10DBA800226E616D65223A226D696E5F68656170EB
:10DBB8005F7370616365222C226964223A34352CC4
:10DBC8002274797065223A2275696E743332222C78
:10DBD80022616363657373223A2272227D2C7B2251
:10DBE8006E616D65223A226D61785F737461636B53
:10DBF8005F75736167655F61786973222C22696458
:10DC0800223A34362C2274797065223A2275696E6C
:10DC1800743332222C22616363657373223A227251
:10DC2800227D2C7B226E616D65223A226D61785FC0
:10DC3800737461636B5F75736167655F7573622287
:10DC48002C226964223A34372C2274797065223A7E
:10DC58002275696E743332222C2261636365737393
:10DC6800223A2272227D2C7B226E616D65223A2235
:10DC78006D61785F737461636B5F75736167655F0E
:10DC880075617274222C226964223A34382C227409
:10DC9800797065223A2275696E743332222C2261BA
:10DCA8006363657373223A2272227D2C7B226E6134
:10DCB8006D65223A226D61785F737461636B5F757D
:10DCC800736167655F63616E222C226964223A344E
:10DCD800392C2274797065223A2275696E74333250
:10DCE800222C22616363657373223A2272227D2C8F
:10DCF8007B226E616D65223A226D61785F73746173
:10DD0800636B5F75736167655F7374617274757057
:10DD1800222C226964223A35302C227479706522CB
:10DD28003A2275696E743332222C226163636573FB
:10DD380073223A2272227D2C7B226E616D65223A13
:10DD4800226D61785F737461636B5F75736167657A
:10DD58005F616E616C6F67222C226964223A3531EB
:10DD68002C2274797065223A2275696E74333222D6
:10DD78002C22616363657373223A2272227D2C7BA5
:10DD8800226E616D65223A22737461636B5F7369F9
:10DD98007A655F61786973222C226964223A353288
:10DDA8002C2274797065223A2275696E7433322296
:10DDB8002C22616363657373223A2272227D2C7B65
:10DDC800226E616D65223A22737461636B5F7369B9
:10DDD8007A655F757362222C226964223A35332C86
:10DDE8002274797065223A2275696E743332222C56
:10DDF80022616363657373223A2272227D2C7B222F
:10DE08006E616D65223A22737461636B5F73697A20
:10DE1800655F75617274222C226964223A35342C4C
:10DE28002274797065223A2275696E743332222C15
:10DE380022616363657373223A2272227D2C7B22EE
:10DE48006E616D65223A22737461636B5F73697AE0
:10DE5800655F73746172747570222C226964223A4A
:10DE680035352C2274797065223A2275696E7433BF
:10DE780032222C22616363657373223A2272227DF7
:10DE88002C7B226E616D65223A22737461636B5F2D
:10DE980073697A655F63616E222C226964223A3560
:10DEA800362C2274797065223A2275696E74333281
:10DEB800222C22616363657373223A2272227D2CBD
:10DEC8007B226E616D65223A22737461636B5F73A6
:10DED800697A655F616E616C6F67222C22696422C2
:10DEE8003A35372C2274797065223A2275696E7436
:10DEF8003332222C22616363657373223A227222C1
:10DF08007D2C7B226E616D65223A227072696F5F8B
:10DF180061786973222C226964223A35382C22747C
:10DF2800797065223A22696E743332222C22616339
:10DF380063657373223A2272227D2C7B226E616D97
:10DF480065223A227072696F5F757362222C2269AA
:10DF580064223A35392C2274797065223A22696E26
:10DF6800743332222C22616363657373223A2272FE
:10DF7800227D2C7B226E616D65223A227072696F58
:10DF88005F75617274222C226964223A36302C2221
:10DF980074797065223A22696E743332222C2261B8
:10DFA8006363657373223A2272227D2C7B226E6131
:10DFB8006D65223A227072696F5F7374617274754D
:10DFC80070222C226964223A36312C2274797065C9
:10DFD800223A22696E743332222C2261636365739C
:10DFE80073223A2272227D2C7B226E616D65223A61
:10DFF800227072696F5F63616E222C226964223A13
:10E0080036322C2274797065223A22696E74333262
:10E01800222C22616363657373223A2272227D2C5B
:10E028007B226E616D65223A227072696F5F616E44
:10E03800616C6F67222C226964223A36332C227471
:10E04800797065223A22696E743332222C22616318
:10E0580063657373223A2272227D2C7B226E616D76
:10E0680065223A22757362222C2274797065223AED
:10E07800226F626A656374222C226D656D62657217
:10E0880073223A5B7B226E616D65223A2272785F59
:10E09800636E74222C226964223A36342C227479F5
:10E0A8007065223A2275696E743332222C226163BC
:10E0B80063657373223A2272227D2C7B226E616D16
:10E0C80065223A2274785F636E74222C2269642276
:10E0D8003A36352C2274797065223A2275696E7445
:10E0E8003332222C22616363657373223A227222CF
:10E0F8007D2C7B226E616D65223A2274785F6F7683
:10E10800657272756E5F636E74222C226964223A9E
:10E1180036362C2274797065223A2275696E74330A
:10E1280032222C22616363657373223A2272227D44
:10E138005D7D2C7B226E616D65223A2269326322F5
:10E148002C2274797065223A226F626A65637422A0
:10E158002C226D656D62657273223A5B7B226E615B
:10E168006D65223A2261646472222C226964223A23
:10E1780036372C2274797065223A2275696E7438A4
:10E18800222C22616363657373223A2272227D2CEA
:10E198007B226E616D65223A22616464725F6D61F3
:10E1A8007463685F636E74222C226964223A36387D
:10E1B8002C2274797065223A2275696E7433322282
:10E1C8002C22616363657373223A2272227D2C7B51
:10E1D800226E616D65223A2272785F636E74222C1A
:10E1E800226964223A36392C2274797065223A22DF
:10E1F80075696E743332222C2261636365737322EE
:10E208003A2272227D2C7B226E616D65223A22654C
:10E2180072726F725F636E74222C226964223A37BD
:10E22800302C2274797065223A2275696E74333203
:10E23800222C22616363657373223A2272227D5D08
:10E248007D5D7D2C7B226E616D65223A227573653A
:10E25800725F636F6E6669675F6C6F616465642285
:10E268002C226964223A37312C2274797065223A5B
:10E278002275696E743332222C226163636573736D
:10E28800223A2272227D2C7B226E616D65223A220F
:10E298006D6973636F6E66696775726564222C2297
:10E2A8006964223A37322C2274797065223A2262E4
:10E2B8006F6F6C222C22616363657373223A22723A
:10E2C800227D2C7B226E616D65223A226F73636911
:10E2D8006C6C6F73636F7065222C22747970652281
:10E2E8003A226F626A656374222C226D656D6265DD
:10E2F8007273223A5B7B226E616D65223A227369E2
:10E308007A65222C226964223A37332C2274797078
:10E3180065223A2275696E743332222C2261636356
:10E32800657373223A2272227D2C7B226E616D65A1
:10E33800223A226765745F76616C222C2269642216
:10E348003A37342C2274797065223A2266756E63E6
:10E3580074696F6E222C22696E70757473223A5B31
:10E368007B226E616D65223A22696E646578222C83
:10E37800226964223A37352C2274797065223A2250
:10E3880075696E743332222C22616363657373225C
:10E398003A227277227D5D2C226F757470757473C2
:10E3A800223A5B7B226E616D65223A2276616C228D
:10E3B8002C226964223A37362C2274797065223A05
:10E3C80022666C6F6174222C226163636573732209
:10E3D8003A2272227D5D7D5D7D2C7B226E616D65AA
:10E3E800223A2263616E222C2274797065223A22C5
:10E3F8006F626A656374222C226D656D6265727343
:10E40800223A5B7B226E616D65223A226572726FD9
:10E4180072222C226964223A37372C22747970656B
:10E42800223A2275696E7438222C226163636573FF
:10E4380073223A227277227D2C7B226E616D6522CF
:10E448003A22636F6E666967222C2274797065229E
:10E458003A226F626A656374222C226D656D62656B
:10E468007273223A5B7B226E616D65223A22626189
:10E4780075645F72617465222C226964223A3738A8
:10E488002C2274797065223A2275696E74333222AF
:10E498002C22616363657373223A227277227D2C82
:10E4A8007B226E616D65223A2270726F746F636FA2
:10E4B8006C222C226964223A37392C2274797065CF
:10E4C800223A2275696E7438222C2261636365735F
:10E4D80073223A227277227D5D7D5D7D2C7B226ED0
:10E4E800616D65223A22746573745F70726F70652E
:10E4F800727479222C226964223A38302C22747979
:10E508007065223A2275696E743332222C22616357
:10E5180063657373223A227277227D2C7B226E61A7
:10E528006D65223A226F74705F76616C6964222C83
:10E53800226964223A38312C2274797065223A2291
:10E54800626F6F6C222C22616363657373223A22B7
:10E5580072227D2C7B226E616D65223A22636F6E7A
:10E56800666967222C2274797065223A226F626A82
:10E57800656374222C226D656D62657273223A5B45
:10E588007B226E616D65223A22656E61626C655F01
:10E59800756172745F61222C226964223A38322CC8
:10E5A8002274797065223A22626F6F6C222C226184
:10E5B8006363657373223A227277227D2C7B226E05
:10E5C800616D65223A22656E61626C655F75617284
:10E5D800745F62222C226964223A38332C227479BF
:10E5E8007065223A22626F6F6C222C226163636528
:10E5F8007373223A227277227D2C7B226E616D65BD
:10E60800223A22656E61626C655F756172745F6340
:10E61800222C226964223A38342C227479706522BB
:10E628003A22626F6F6C222C2261636365737322D6
:10E638003A227277227D2C7B226E616D65223A2206
:10E64800756172745F615F6261756472617465227D
:10E658002C226964223A38352C2274797065223A62
:10E668002275696E743332222C2261636365737379
:10E67800223A227277227D2C7B226E616D65223AC6
:10E6880022756172745F625F62617564726174653C
:10E69800222C226964223A38362C22747970652239
:10E6A8003A2275696E743332222C22616363657372
:10E6B80073223A227277227D2C7B226E616D65224D
:10E6C8003A22756172745F635F6261756472617426
:10E6D80065222C226964223A38372C2274797065B5
:10E6E800223A2275696E743332222C226163636583
:10E6F8007373223A227277227D2C7B226E616D65BC
:10E70800223A22656E61626C655F63616E5F6122A9
:10E718002C226964223A38382C2274797065223A9E
:10E7280022626F6F6C222C22616363657373223AD5
:10E73800227277227D2C7B226E616D65223A2265DA
:10E748006E61626C655F6932635F61222C22696465
:10E75800223A38392C2274797065223A22626F6F16
:10E768006C222C22616363657373223A22727722CA
:10E778007D2C7B226E616D65223A227573625F6320
:10E7880064635F70726F746F636F6C222C226964AC
:10E79800223A39302C2274797065223A2275696ED2
:10E7A8007438222C22616363657373223A2272776C
:10E7B800227D2C7B226E616D65223A22756172740E
:10E7C800305F70726F746F636F6C222C22696422E1
:10E7D8003A39312C2274797065223A2275696E743F
:10E7E80038222C22616363657373223A227277227E
:10E7F8007D2C7B226E616D65223A227561727431BF
:10E808005F70726F746F636F6C222C226964223A96
:10E8180039322C2274797065223A2275696E7438FF
:10E82800222C22616363657373223A227277227DF8
:10E838002C7B226E616D65223A2275617274325F9B
:10E8480070726F746F636F6C222C226964223A397C
:10E85800332C2274797065223A2275696E743822D5
:10E868002C22616363657373223A227277227D2CAE
:10E878007B226E616D65223A226D61785F726567F1
:10E88800656E5F63757272656E74222C22696422EC
:10E898003A39342C2274797065223A22666C6F6199
:10E8A80074222C22616363657373223A2272772281
:10E8B8007D2C7B226E616D65223A226272616B65E6
:10E8C8005F726573697374616E6365222C22696473
:10E8D800223A39352C2274797065223A22666C6F97
:10E8E8006174222C22616363657373223A22727702
:10E8F800227D2C7B226E616D65223A22656E6162F3
:10E908006C655F6272616B655F7265736973746F62
:10E9180072222C226964223A39362C227479706565
:10E92800223A22626F6F6C222C22616363657373D3
:10E93800223A227277227D2C7B226E616D65223A03
:10E948002264635F6275735F756E646572766F6C5F
:10E95800746167655F747269705F6C6576656C2257
:10E968002C226964223A39372C2274797065223A4C
:10E9780022666C6F6174222C226163636573732253
:10E988003A227277227D2C7B226E616D65223A22B3
:10E9980064635F6275735F6F766572766F6C7461BE
:10E9A80067655F747269705F6C6576656C222C228E
:10E9B8006964223A39382C2274797065223A2266C1
:10E9C8006C6F6174222C22616363657373223A222F
:10E9D8007277227D2C7B226E616D65223A22656EEC
:10E9E80061626C655F64635F6275735F6F766572A1
:10E9F800766F6C746167655F72616D70222C226935
:10EA080064223A39392C2274797065223A22626F6D
:10EA18006F6C222C22616363657373223A227277CA
:10EA2800227D2C7B226E616D65223A2264635F62CF
:10EA380075735F6F766572766F6C746167655F7208
:10EA4800616D705F7374617274222C226964223A5A
:10EA58003130302C2274797065223A22666C6F61ED
:10EA680074222C22616363657373223A22727722BF
:10EA78007D2C7B226E616D65223A2264635F62752C
:10EA8800735F6F766572766F6C746167655F7261CC
:10EA98006D705F656E64222C226964223A313031D0
:10EAA8002C2274797065223A22666C6F6174222C6C
:10EAB80022616363657373223A227277227D2C7B0D
:10EAC800226E616D65223A2264635F6D61785F70C2
:10EAD8006F7369746976655F63757272656E7422A7
:10EAE8002C226964223A3130322C227479706522E2
:10EAF8003A22666C6F6174222C22616363657373BA
:10EB0800223A227277227D2C7B226E616D65223A31
:10EB18002264635F6D61785F6E65676174697665AD
:10EB28005F63757272656E74222C226964223A31B1
:10EB380030332C2274797065223A22666C6F6174C6
:10EB4800222C22616363657373223A227277227DD5
:10EB58002C7B226E616D65223A226572726F725F3C
:10EB68006770696F5F70696E222C226964223A317E
:10EB780030342C2274797065223A2275696E7433A8
:10EB880032222C22616363657373223A22727722E0
:10EB98007D2C7B226E616D65223A226770696F3326
:10EBA8005F616E616C6F675F6D617070696E67221F
:10EBB8002C2274797065223A226F626A6563742226
:10EBC8002C226D656D62657273223A5B7B226E61E1
:10EBD8006D65223A22656E64706F696E74222C220C
:10EBE8006964223A3130352C2274797065223A22D0
:10EBF800656E64706F696E745F726566222C22613F
:10EC08006363657373223A227277227D2C7B226EAE
:10EC1800616D65223A226D696E222C226964223A5E
:10EC28003130362C2274797065223A22666C6F6115
:10EC380074222C22616363657373223A22727722ED
:10EC48007D2C7B226E616D65223A226D6178222CC3
:10EC5800226964223A3130372C2274797065223A5D
:10EC680022666C6F6174222C226163636573732260
:10EC78003A227277227D5D7D2C7B226E616D652242
:10EC88003A226770696F345F616E616C6F675F6DA0
:10EC9800617070696E67222C2274797065223A223D
:10ECA8006F626A656374222C226D656D626572738A
:10ECB800223A5B7B226E616D65223A22656E647032
:10ECC8006F696E74222C226964223A3130382C2202
:10ECD80074797065223A22656E64706F696E745F2C
:10ECE800726566222C22616363657373223A22720D
:10ECF80077227D2C7B226E616D65223A226D696ECA
:10ED0800222C226964223A3130392C2274797065B8
:10ED1800223A22666C6F6174222C226163636573E8
:10ED280073223A227277227D2C7B226E616D6522D6
:10ED38003A226D6178222C226964223A3131302CD2
:10ED48002274797065223A22666C6F6174222C22D3
:10ED5800616363657373223A227277227D5D7D2C2D
:10ED68007B226E616D65223A226770696F315F6D33
:10ED78006F6465222C226964223A3131312C227465
:10ED8800797065223A2275696E7438222C22616383
:10ED980063657373223A227277227D2C7B226E611F
:10EDA8006D65223A226770696F325F6D6F64652204
:10EDB8002C226964223A3131322C2274797065220E
:10EDC8003A2275696E7438222C2261636365737305
:10EDD800223A227277227D2C7B226E616D65223A5F
:10EDE800226770696F335F6D6F6465222C226964D6
:10EDF800223A3131332C2274797065223A227569AE
:10EE08006E7438222C22616363657373223A22720E
:10EE180077227D2C7B226E616D65223A22677069AC
:10EE28006F345F6D6F6465222C226964223A313138
:10EE3800342C2274797065223A2275696E743822EE
:10EE48002C22616363657373223A227277227D2CC8
:10EE58007B226E616D65223A226770696F355F6D3E
:10EE68006F6465222C226964223A3131352C227470
:10EE7800797065223A2275696E7438222C22616392
:10EE880063657373223A227277227D2C7B226E612E
:10EE98006D65223A226770696F365F6D6F6465220F
:10EEA8002C226964223A3131362C22747970652219
:10EEB8003A2275696E7438222C2261636365737314
:10EEC800223A227277227D2C7B226E616D65223A6E
:10EED800226770696F375F6D6F6465222C226964E1
:10EEE800223A3131372C2274797065223A227569B9
:10EEF8006E7438222C22616363657373223A22721E
:10EF080077227D2C7B226E616D65223A22677069BB
:10EF18006F385F6D6F6465222C226964223A313143
:10EF2800382C2274797065223A2275696E743822F9
:10EF38002C22616363657373223A227277227D2CD7
:10EF48007B226E616D65223A226770696F395F6D49
:10EF58006F6465222C226964223A3131392C22747B
:10EF6800797065223A2275696E7438222C226163A1
:10EF780063657373223A227277227D2C7B226E613D
:10EF88006D65223A226770696F31305F6D6F646515
:10EF9800222C226964223A3132302C22747970652D
:10EFA800223A2275696E7438222C22616363657374
:10EFB80073223A227277227D2C7B226E616D652244
:10EFC8003A226770696F31315F6D6F6465222C2258
:10EFD8006964223A3132312C2274797065223A22DE
:10EFE80075696E7438222C22616363657373223AE3
:10EFF800227277227D2C7B226E616D65223A226710
:10F0080070696F31325F6D6F6465222C22696422EA
:10F018003A3132322C2274797065223A2275696E3F
:10F028007438222C22616363657373223A227277E3
:10F03800227D2C7B226E616D65223A226770696F92
:10F0480031335F6D6F6465222C226964223A313254
:10F05800332C2274797065223A2275696E743822CD
:10F068002C22616363657373223A227277227D2CA6
:10F078007B226E616D65223A226770696F31345F59
:10F088006D6F6465222C226964223A3132342C2255
:10F0980074797065223A2275696E7438222C22615F
:10F0A8006363657373223A227277227D2C7B226E0A
:10F0B800616D65223A226770696F31355F6D6F64E3
:10F0C80065222C226964223A3132352C22747970F7
:10F0D80065223A2275696E7438222C226163636551
:10F0E8007373223A227277227D2C7B226E616D65C2
:10F0F800223A226770696F31365F6D6F6465222C22
:10F10800226964223A3132362C2274797065223AA7
:10F118002275696E7438222C2261636365737322C9
:10F128003A227277227D2C7B226E616D65223A220B
:10F138006770696F315F70776D5F6D617070696E50
:10F1480067222C2274797065223A226F626A65639D
:10F1580074222C226D656D62657273223A5B7B2284
:10F168006E616D65223A22656E64706F696E7422F5
:10F178002C226964223A3132372C22747970652244
:10F188003A22656E64706F696E745F726566222CD0
:10F1980022616363657373223A227277227D2C7B26
:10F1A800226E616D65223A226D696E222C22696495
:10F1B800223A3132382C2274797065223A22666CF0
:10F1C8006F6174222C22616363657373223A227221
:10F1D80077227D2C7B226E616D65223A226D6178E3
:10F1E800222C226964223A3132392C2274797065D2
:10F1F800223A22666C6F6174222C22616363657304
:10F2080073223A227277227D5D7D2C7B226E616D9E
:10F2180065223A226770696F325F70776D5F6D6142
:10F228007070696E67222C2274797065223A226F99
:10F23800626A656374222C226D656D626572732241
:10F248003A5B7B226E616D65223A22656E64706F4F
:10F25800696E74222C226964223A3133302C22746C
:10F26800797065223A22656E64706F696E745F7298
:10F278006566222C22616363657373223A22727772
:10F28800227D2C7B226E616D65223A226D696E2289
:10F298002C226964223A3133312C22747970652228
:10F2A8003A22666C6F6174222C2261636365737302
:10F2B800223A227277227D2C7B226E616D65223A7A
:10F2C800226D6178222C226964223A3133322C2251
:10F2D80074797065223A22666C6F6174222C2261FF
:10F2E8006363657373223A227277227D5D7D2C7B7E
:10F2F800226E616D65223A226770696F335F70779D
:10F308006D5F6D617070696E67222C22747970650B
:10F31800223A226F626A656374222C226D656D62DF
:10F32800657273223A5B7B226E616D65223A2265B3
:10F338006E64706F696E74222C226964223A3133CC
:10F34800332C2274797065223A22656E64706F6975
:10F358006E745F726566222C226163636573732223
:10F368003A227277227D2C7B226E616D65223A22C9
:10F378006D696E222C226964223A3133342C22744E
:10F38800797065223A22666C6F6174222C2261635F
:10F3980063657373223A227277227D2C7B226E6119
:10F3A8006D65223A226D6178222C226964223A31F5
:10F3B80033352C2274797065223A22666C6F617439
:10F3C800222C22616363657373223A227277227D4D
:10F3D8005D7D2C7B226E616D65223A226770696FB4
:10F3E800345F70776D5F6D617070696E67222C2273
:10F3F80074797065223A226F626A656374222C22DE
:10F408006D656D62657273223A5B7B226E616D6514
:10F41800223A22656E64706F696E74222C226964C8
:10F42800223A3133362C2274797065223A22656E7D
:10F4380064706F696E745F726566222C2261636303
:10F44800657373223A227277227D2C7B226E616D5E
:10F4580065223A226D696E222C226964223A313380
:10F46800372C2274797065223A22666C6F61742297
:10F478002C22616363657373223A227277227D2C92
:10F488007B226E616D65223A226D6178222C226999
:10F4980064223A3133382C2274797065223A226614
:10F4A8006C6F6174222C22616363657373223A2244
:10F4B8007277227D5D7D5D7D2C7B226E616D65227C
:10F4C8003A226178697330222C2274797065223A65
:10F4D800226F626A656374222C226D656D626572A3
:10F4E80073223A5B7B226E616D65223A22657272E5
:10F4F8006F72222C226964223A3133392C227479B2
:10F508007065223A2275696E743332222C22616347
:10F5180063657373223A227277227D2C7B226E6197
:10F528006D65223A22737465705F6469725F616306
:10F5380074697665222C226964223A3134302C228F
:10F5480074797065223A22626F6F6C222C22616393
:10F5580063657373223A2272227D2C7B226E616D61
:10F5680065223A226C6173745F6472765F666175B6
:10F578006C74222C226964223A3134312C22747939
:10F588007065223A2275696E743332222C226163C7
:10F5980063657373223A2272227D2C7B226E616D21
:10F5A80065223A227374657073222C226964223AA8
:10F5B8003134322C2274797065223A22696E74369D
:10F5C80034222C22616363657373223A2272227D8E
:10F5D8002C7B226E616D65223A2263757272656EAC
:10F5E800745F7374617465222C226964223A313421
:10F5F800332C2274797065223A2275696E74382228
:10F608002C22616363657373223A2272227D2C7BFC
:10F61800226E616D65223A22726571756573746533
:10F62800645F7374617465222C226964223A3134F0
:10F63800342C2274797065223A2275696E743822E6
:10F648002C22616363657373223A227277227D2CC0
:10F658007B226E616D65223A2269735F686F6D6502
:10F6680064222C226964223A3134352C2274797050
:10F6780065223A22626F6F6C222C22616363657384
:10F6880073223A227277227D2C7B226E616D65226D
:10F698003A22636F6E666967222C2274797065223C
:10F6A8003A226F626A656374222C226D656D626509
:10F6B8007273223A5B7B226E616D65223A22737403
:10F6C80061727475705F6D6F746F725F63616C697E
:10F6D80062726174696F6E222C226964223A313435
:10F6E800362C2274797065223A22626F6F6C222C54
:10F6F80022616363657373223A227277227D2C7BC1
:10F70800226E616D65223A22737461727475705F3E
:10F71800656E636F6465725F696E6465785F736553
:10F7280061726368222C226964223A3134372C22B0
:10F7380074797065223A22626F6F6C222C226163A1
:10F7480063657373223A227277227D2C7B226E6165
:10F758006D65223A22737461727475705F656E63A9
:10F768006F6465725F6F66667365745F63616C6909
:10F7780062726174696F6E222C226964223A313494
:10F78800382C2274797065223A22626F6F6C222CB1
:10F7980022616363657373223A227277227D2C7B20
:10F7A800226E616D65223A22737461727475705F9E
:10F7B800636C6F7365645F6C6F6F705F636F6E749B
:10F7C800726F6C222C226964223A3134392C2274EB
:10F7D800797065223A22626F6F6C222C2261636312
:10F7E800657373223A227277227D2C7B226E616DBB
:10F7F80065223A22737461727475705F686F6D69FF
:10F808006E67222C226964223A3135302C227479B1
:10F818007065223A22626F6F6C222C2261636365E5
:10F828007373223A227277227D2C7B226E616D657A
:10F83800223A22656E61626C655F737465705F64FD
:10F848006972222C226964223A3135312C2274796A
:10F858007065223A22626F6F6C222C2261636365A5
:10F868007373223A227277227D2C7B226E616D653A
:10F87800223A22737465705F6469725F616C7761A4
:10F8880079735F6F6E222C226964223A3135322CEB
:10F898002274797065223A22626F6F6C222C226181
:10F8A8006363657373223A227277227D2C7B226E02
:10F8B800616D65223A22656E61626C655F73656E83
:10F8C800736F726C6573735F6D6F6465222C226948
:10F8D80064223A3135332C2274797065223A2262D7
:10F8E8006F6F6C222C22616363657373223A2272F4
:10F8F80077227D2C7B226E616D65223A22776174B6
:10F908006368646F675F74696D656F7574222C2214
:10F918006964223A3135342C2274797065223A228E
:10F92800666C6F6174222C22616363657373223A7B
:10F93800227277227D2C7B226E616D65223A2265C8
:10F948006E61626C655F7761746368646F67222CAF
:10F95800226964223A3135352C2274797065223A4D
:10F9680022626F6F6C222C22616363657373223A83
:10F97800227277227D2C7B226E616D65223A22737A
:10F988007465705F6770696F5F70696E222C226999
:10F9980064223A3135362C2274797065223A227500
:10F9A800696E743136222C22616363657373223A5F
:10F9B800227277227D2C7B226E616D65223A226449
:10F9C80069725F6770696F5F70696E222C22696463
:10F9D800223A3135372C2274797065223A227569BA
:10F9E8006E743136222C22616363657373223A2266
:10F9F8007277227D2C7B226E616D65223A226361CB
:10FA08006C6962726174696F6E5F6C6F636B696E4B
:10FA1800222C2274797065223A226F626A656374B7
:10FA2800222C226D656D62657273223A5B7B226EB1
:10FA3800616D65223A2263757272656E74222C229A
:10FA48006964223A3135382C2274797065223A2259
:10FA5800666C6F6174222C22616363657373223A4A
:10FA6800227277227D2C7B226E616D65223A22728A
:10FA7800616D705F74696D65222C226964223A3168
:10FA880035392C2274797065223A22666C6F61745C
:10FA9800222C22616363657373223A227277227D76
:10FAA8002C7B226E616D65223A2272616D705F64F3
:10FAB800697374616E6365222C226964223A313657
:10FAC800302C2274797065223A22666C6F61742238
:10FAD8002C22616363657373223A227277227D2C2C
:10FAE8007B226E616D65223A22616363656C222C0C
:10FAF800226964223A3136312C2274797065223AAF
:10FB080022666C6F6174222C2261636365737322B1
:10FB18003A227277227D2C7B226E616D65223A2211
:10FB280076656C222C226964223A3136322C227492
:10FB3800797065223A22666C6F6174222C226163A7
:10FB480063657373223A227277227D5D7D2C7B2256
:10FB58006E616D65223A2273656E736F726C6573A0
:10FB6800735F72616D70222C2274797065223A225B
:10FB78006F626A656374222C226D656D62657273AB
:10FB8800223A5B7B226E616D65223A22637572723E
:10FB9800656E74222C226964223A3136332C227421
:10FBA800797065223A22666C6F6174222C22616337
:10FBB80063657373223A227277227D2C7B226E61F1
:10FBC8006D65223A2272616D705F74696D65222CD1
:10FBD800226964223A3136342C2274797065223ACB
:10FBE80022666C6F6174222C2261636365737322D1
:10FBF8003A227277227D2C7B226E616D65223A2231
:10FC080072616D705F64697374616E6365222C2222
:10FC18006964223A3136352C2274797065223A2289
:10FC2800666C6F6174222C22616363657373223A78
:10FC3800227277227D2C7B226E616D65223A2261C9
:10FC48006363656C222C226964223A3136362C2291
:10FC580074797065223A22666C6F6174222C226175
:10FC68006363657373223A227277227D2C7B226E3E
:10FC7800616D65223A2276656C222C226964223AEB
:10FC88003136372C2274797065223A22666C6F619E
:10FC980074222C22616363657373223A227277227D
:10FCA8007D2C7B226E616D65223A2266696E6973CE
:10FCB800685F64697374616E6365222C22696422CB
:10FCC8003A3136382C2274797065223A22666C6F84
:10FCD8006174222C22616363657373223A227277FE
:10FCE800227D2C7B226E616D65223A2266696E69DF
:10FCF80073685F6F6E5F76656C222C226964223AA6
:10FD08003136392C2274797065223A22626F6F6C11
:10FD1800222C22616363657373223A227277227DF3
:10FD28002C7B226E616D65223A2266696E69736862
:10FD38005F6F6E5F64697374616E6365222C2269FC
:10FD480064223A3137302C2274797065223A226263
:10FD58006F6F6C222C22616363657373223A22727F
:10FD680077227D2C7B226E616D65223A2266696E50
:10FD78006973685F6F6E5F656E635F696478222C74
:10FD8800226964223A3137312C2274797065223A1B
:10FD980022626F6F6C222C22616363657373223A4F
:10FDA800227277227D5D7D2C7B226E616D65223A01
:10FDB8002267656E6572616C5F6C6F636B696E223A
:10FDC8002C2274797065223A226F626A6563742204
:10FDD8002C226D656D62657273223A5B7B226E61BF
:10FDE8006D65223A2263757272656E74222C2269DF
:10FDF80064223A3137322C2274797065223A2266AD
:10FE08006C6F6174222C22616363657373223A22DA
:10FE18007277227D2C7B226E616D65223A22726197
:10FE28006D705F74696D65222C226964223A3137DE
:10FE3800332C2274797065223A22666C6F617422C1
:10FE48002C22616363657373223A227277227D2CB8
:10FE58007B226E616D65223A2272616D705F646902
:10FE68007374616E6365222C226964223A313734D7
:10FE78002C2274797065223A22666C6F6174222C88
:10FE880022616363657373223A227277227D2C7B29
:10FE9800226E616D65223A22616363656C222C22B1
:10FEA8006964223A3137352C2274797065223A22F6
:10FEB800666C6F6174222C22616363657373223AE6
:10FEC800227277227D2C7B226E616D65223A227622
:10FED800656C222C226964223A3137362C227479D7
:10FEE8007065223A22666C6F6174222C226163630A
:10FEF800657373223A227277227D2C7B226E616DA4
:10FF080065223A2266696E6973685F646973746111
:10FF18006E6365222C226964223A3137372C2274A9
:10FF2800797065223A22666C6F6174222C226163B3
:10FF380063657373223A227277227D2C7B226E616D
:10FF48006D65223A2266696E6973685F6F6E5F76C7
:10FF5800656C222C226964223A3137382C22747954
:10FF68007065223A22626F6F6C222C22616363658E
:10FF78007373223A227277227D2C7B226E616D6523
:10FF8800223A2266696E6973685F6F6E5F6469738F
:10FF980074616E6365222C226964223A3137392CE8
:10FFA8002274797065223A22626F6F6C222C22616A
:10FFB8006363657373223A227277227D2C7B226EEB
:10FFC800616D65223A2266696E6973685F6F6E5F5C
:10FFD800656E635F696478222C226964223A31383D
:10FFE800302C2274797065223A22626F6F6C222C51
:08FFF80022616363657373224B
:020000040804EE
:100000003A227277227D5D7D2C7B226E616D6522A6
:100010003A2263616E222C2274797065223A226F33
:10002000626A656374222C226D656D62657273224B
:100030003A5B7B226E616D65223A226E6F64655F6A
:100040006964222C226964223A3138312C22747975
:100050007065223A2275696E743332222C226163F4
:1000600063657373223A227277227D2C7B226E6144
:100070006D65223A2269735F657874656E646564A4
:10008000222C226964223A3138322C22747970652C
:10009000223A22626F6F6C222C2261636365737354
:1000A000223A227277227D2C7B226E616D65223A84
:1000B000226865617274626561745F726174655F04
:1000C0006D73222C226964223A3138332C227479E0
:1000D0007065223A2275696E743332222C22616374
:1000E00063657373223A227277227D2C7B226E61C4
:1000F0006D65223A22656E636F6465725F7261742A
:10010000655F6D73222C226964223A3138342C22C7
:1001100074797065223A2275696E743332222C220A
:10012000616363657373223A227277227D2C7B228E
:100130006E616D65223A226D6F746F725F657272C7
:100140006F725F726174655F6D73222C2269642225
:100150003A3138352C2274797065223A2275696EED
:10016000743332222C22616363657373223A2272E4
:1001700077227D2C7B226E616D65223A22656E634B
:100180006F6465725F6572726F725F726174655FD2
:100190006D73222C226964223A3138362C2274790C
:1001A0007065223A2275696E743332222C226163A3
:1001B00063657373223A227277227D2C7B226E61F3
:1001C0006D65223A22636F6E74726F6C6C65725F3C
:1001D0006572726F725F726174655F6D73222C223B
:1001E0006964223A3138372C2274797065223A22B8
:1001F00075696E743332222C2261636365737322D6
:100200003A227277227D2C7B226E616D65223A2222
:1002100073656E736F726C6573735F6572726F7204
:100220005F726174655F6D73222C226964223A31BA
:1002300038382C2274797065223A2275696E7433CD
:1002400032222C22616363657373223A2272772211
:100250007D2C7B226E616D65223A22656E636F6430
:1002600065725F636F756E745F726174655F6D73E5
:10027000222C226964223A3138392C227479706533
:10028000223A2275696E743332222C2261636365CF
:100290007373223A227277227D2C7B226E616D6508
:1002A000223A2269715F726174655F6D73222C223C
:1002B0006964223A3139302C2274797065223A22ED
:1002C00075696E743332222C226163636573732205
:1002D0003A227277227D2C7B226E616D65223A2252
:1002E00073656E736F726C6573735F726174655F53
:1002F0006D73222C226964223A3139312C227479AF
:100300007065223A2275696E743332222C22616341
:1003100063657373223A227277227D2C7B226E6191
:100320006D65223A226275735F76695F72617465EA
:100330005F6D73222C226964223A3139322C227487
:10034000797065223A2275696E743332222C2261EB
:100350006363657373223A227277227D5D7D5D7DD2
:100360002C7B226E616D65223A226D6F746F722252
:100370002C2274797065223A226F626A6563742256
:100380002C226D656D62657273223A5B7B226E6111
:100390006D65223A226C6173745F6572726F725F71
:1003A00074696D65222C226964223A3139332C221A
:1003B00074797065223A22666C6F6174222C226116
:1003C0006363657373223A227277227D2C7B226EDF
:1003D000616D65223A226572726F72222C22696405
:1003E000223A3139342C2274797065223A227569A7
:1003F0006E743634222C22616363657373223A2251
:100400007277227D2C7B226E616D65223A226973A0
:100410005F61726D6564222C226964223A3139353C
:100420002C2274797065223A22626F6F6C222C2222
:10043000616363657373223A2272227D2C7B226E84
:10044000616D65223A2269735F63616C69627261F2
:10045000746564222C226964223A3139362C227464
:10046000797065223A22626F6F6C222C226163637D
:10047000657373223A2272227D2C7B226E616D6538
:10048000223A2263757272656E745F6D6561735F87
:10049000706841222C226964223A3139372C227447
:1004A000797065223A22666C6F6174222C22616336
:1004B00063657373223A2272227D2C7B226E616DFA
:1004C00065223A2263757272656E745F6D65617341
:1004D0005F706842222C226964223A3139382C221A
:1004E00074797065223A22666C6F6174222C2261E5
:1004F0006363657373223A2272227D2C7B226E61C4
:100500006D65223A2263757272656E745F6D656106
:10051000735F706843222C226964223A3139392C86
:100520002274797065223A22666C6F6174222C22E3
:10053000616363657373223A2272227D2C7B226E83
:10054000616D65223A2244435F63616C69625F704A
:100550006841222C226964223A3230302C2274798C
:100560007065223A22666C6F6174222C226163638B
:10057000657373223A227277227D2C7B226E616D25
:1005800065223A2244435F63616C69625F7068422E
:10059000222C226964223A3230312C22747970651F
:1005A000223A22666C6F6174222C22616363657348
:1005B00073223A227277227D2C7B226E616D652236
:1005C0003A2244435F63616C69625F706843222C26
:1005D000226964223A3230322C2274797065223AD0
:1005E00022666C6F6174222C2261636365737322CF
:1005F0003A227277227D2C7B226E616D65223A222F
:10060000495F627573222C226964223A3230332C9E
:100610002274797065223A22666C6F6174222C22F2
:10062000616363657373223A2272227D2C7B226E92
:10063000616D65223A2270686173655F63757272DD
:10064000656E745F7265765F6761696E222C2269E0
:1006500064223A3230342C2274797065223A226650
:100660006C6F6174222C22616363657373223A227A
:100670007277227D2C7B226E616D65223A2265663F
:10068000666563746976655F63757272656E745FC3
:100690006C696D222C226964223A3230352C227426
:1006A000797065223A22666C6F6174222C22616334
:1006B00063657373223A2272227D2C7B226E616DF8
:1006C00065223A226D61785F616C6C6F7765645F5B
:1006D00063757272656E74222C226964223A32301C
:1006E000362C2274797065223A22666C6F6174220E
:1006F0002C22616363657373223A2272227D2C7B04
:10070000226E616D65223A226D61785F64635F637A
:10071000616C6962222C226964223A3230372C22C1
:1007200074797065223A22666C6F6174222C2261A2
:100730006363657373223A2272227D2C7B226E6181
:100740006D65223A226665745F746865726D6973BF
:10075000746F72222C2274797065223A226F626A59
:10076000656374222C226D656D62657273223A5B3B
:100770007B226E616D65223A2274656D70657261CF
:1007800074757265222C226964223A3230382C2228
:1007900074797065223A22666C6F6174222C226132
:1007A0006363657373223A2272227D2C7B226E6111
:1007B0006D65223A22636F6E666967222C22747916
:1007C0007065223A226F626A656374222C226D651D
:1007D0006D62657273223A5B7B226E616D65223AAF
:1007E0002274656D705F6C696D69745F6C6F77659D
:1007F00072222C226964223A3230392C22747970A8
:1008000065223A22666C6F6174222C2261636365F3
:100810007373223A227277227D2C7B226E616D6582
:10082000223A2274656D705F6C696D69745F7570D2
:10083000706572222C226964223A3231302C227483
:10084000797065223A22666C6F6174222C22616392
:1008500063657373223A227277227D2C7B226E614C
:100860006D65223A22656E61626C6564222C226994
:1008700064223A3231312C2274797065223A226234
:100880006F6F6C222C22616363657373223A22724C
:1008900077227D5D7D5D7D2C7B226E616D65223AC8
:1008A000226D6F746F725F746865726D6973746FB7
:1008B00072222C2274797065223A226F626A656313
:1008C00074222C226D656D62657273223A5B7B2205
:1008D0006E616D65223A2274656D70657261747522
:1008E0007265222C226964223A3231322C227479C8
:1008F0007065223A22666C6F6174222C22616363F8
:10090000657373223A2272227D2C7B226E616D65A3
:10091000223A22636F6E666967222C2274797065B1
:10092000223A226F626A656374222C226D656D62C1
:10093000657273223A5B7B226E616D65223A226793
:1009400070696F5F70696E222C226964223A3231BD
:10095000332C2274797065223A2275696E743136AF
:10096000222C22616363657373223A227277227D9F
:100970002C7B226E616D65223A22706F6C795F6309
:100980006F656666696369656E745F30222C2269E3
:1009900064223A3231342C2274797065223A22660C
:1009A0006C6F6174222C22616363657373223A2237
:1009B0007277227D2C7B226E616D65223A22706FE8
:1009C0006C795F636F656666696369656E745F31D4
:1009D000222C226964223A3231352C2274797065D6
:1009E000223A22666C6F6174222C22616363657304
:1009F00073223A227277227D2C7B226E616D6522F2
:100A00003A22706F6C795F636F65666669636965CA
:100A10006E745F32222C226964223A3231362C22E3
:100A200074797065223A22666C6F6174222C22619F
:100A30006363657373223A227277227D2C7B226E68
:100A4000616D65223A22706F6C795F636F656666CF
:100A5000696369656E745F33222C226964223A32BD
:100A600031372C2274797065223A22666C6F61747A
:100A7000222C22616363657373223A227277227D8E
:100A80002C7B226E616D65223A2274656D705F6CFD
:100A9000696D69745F6C6F776572222C22696422BC
:100AA0003A3231382C2274797065223A22666C6FA2
:100AB0006174222C22616363657373223A22727718
:100AC000227D2C7B226E616D65223A2274656D70E9
:100AD0005F6C696D69745F7570706572222C226934
:100AE00064223A3231392C2274797065223A2266B6
:100AF0006C6F6174222C22616363657373223A22E6
:100B00007277227D2C7B226E616D65223A22656EA2
:100B100061626C6564222C226964223A3232302C84
:100B20002274797065223A22626F6F6C222C2261E6
:100B30006363657373223A227277227D5D7D5D7DEA
:100B40002C7B226E616D65223A2263757272656E2E
:100B5000745F636F6E74726F6C222C22747970658F
:100B6000223A226F626A656374222C226D656D627F
:100B7000657273223A5B7B226E616D65223A227048
:100B80005F6761696E222C226964223A3232312C0D
:100B90002274797065223A22666C6F6174222C226D
:100BA000616363657373223A2272227D2C7B226E0D
:100BB000616D65223A22695F6761696E222C226944
:100BC00064223A3232322C2274797065223A2266DB
:100BD0006C6F6174222C22616363657373223A2205
:100BE00072227D2C7B226E616D65223A22495F6DF7
:100BF000656173757265645F7265706F72745F664C
:100C0000696C7465725F6B222C226964223A3232FD
:100C1000332C2274797065223A22666C6F617422DB
:100C20002C22616363657373223A227277227D2CD2
:100C30007B226E616D65223A2249645F7365747030
:100C40006F696E74222C226964223A3232342C226B
:100C500074797065223A22666C6F6174222C22616D
:100C60006363657373223A2272227D2C7B226E614C
:100C70006D65223A2249715F736574706F696E7495
:100C8000222C226964223A3232352C227479706522
:100C9000223A22666C6F6174222C22616363657351
:100CA00073223A2272227D2C7B226E616D65223A7C
:100CB0002256645F736574706F696E74222C2269AA
:100CC00064223A3232362C2274797065223A2266D6
:100CD0006C6F6174222C22616363657373223A2204
:100CE00072227D2C7B226E616D65223A2256715FE5
:100CF000736574706F696E74222C226964223A32B3
:100D000032372C2274797065223A22666C6F6174D6
:100D1000222C22616363657373223A2272227D2C36
:100D20007B226E616D65223A227068617365222CA8
:100D3000226964223A3232382C2274797065223A60
:100D400022666C6F6174222C226163636573732267
:100D50003A2272227D2C7B226E616D65223A2270CE
:100D6000686173655F76656C222C226964223A3271
:100D700032392C2274797065223A22666C6F617464
:100D8000222C22616363657373223A2272227D2CC6
:100D90007B226E616D65223A2249616C7068615FE9
:100DA0006D65617375726564222C226964223A3222
:100DB00033302C2274797065223A22666C6F61742C
:100DC000222C22616363657373223A2272227D2C86
:100DD0007B226E616D65223A2249626574615F6DA6
:100DE00065617375726564222C226964223A32331C
:100DF000312C2274797065223A22666C6F617422FC
:100E00002C22616363657373223A2272227D2C7BEC
:100E1000226E616D65223A2249645F6D656173756A
:100E2000726564222C226964223A3233322C227495
:100E3000797065223A22666C6F6174222C2261639C
:100E400063657373223A2272227D2C7B226E616D60
:100E500065223A2249715F6D65617375726564221E
:100E60002C226964223A3233332C22747970652241
:100E70003A22666C6F6174222C226163636573731E
:100E8000223A2272227D2C7B226E616D65223A22EB
:100E9000706F776572222C226964223A3233342CC7
:100EA0002274797065223A22666C6F6174222C225A
:100EB000616363657373223A2272227D2C7B226EFA
:100EC000616D65223A22765F63757272656E745F3A
:100ED000636F6E74726F6C5F696E74656772616C5C
:100EE0005F64222C226964223A3233352C227479D1
:100EF0007065223A22666C6F6174222C22616363F2
:100F0000657373223A227277227D2C7B226E616D8B
:100F100065223A22765F63757272656E745F636FE5
:100F20006E74726F6C5F696E74656772616C5F710D
:100F3000222C226964223A3233362C22747970656D
:100F4000223A22666C6F6174222C2261636365739E
:100F500073223A227277227D2C7B226E616D65228C
:100F60003A2266696E616C5F765F616C70686122BF
:100F70002C226964223A3233372C2274797065222C
:100F80003A22666C6F6174222C226163636573730D
:100F9000223A2272227D2C7B226E616D65223A22DA
:100FA00066696E616C5F765F62657461222C22698E
:100FB00064223A3233382C2274797065223A2266E0
:100FC0006C6F6174222C22616363657373223A2211
:100FD00072227D5D7D2C7B226E616D65223A226ED0
:100FE0005F6576745F63757272656E745F6D65615F
:100FF000737572656D656E74222C226964223A32B3
:1010000033392C2274797065223A2275696E7433F3
:1010100032222C22616363657373223A2272227D2D
:101020002C7B226E616D65223A226E5F6576745F5D
:1010300070776D5F757064617465222C226964221B
:101040003A3234302C2274797065223A2275696EF6
:10105000743332222C22616363657373223A2272E5
:10106000227D2C7B226E616D65223A22636F6E6653
:101070006967222C2274797065223A226F626A6550
:101080006374222C226D656D62657273223A5B7BFC
:10109000226E616D65223A227072655F63616C69D0
:1010A000627261746564222C226964223A3234319E
:1010B0002C2274797065223A22626F6F6C222C2286
:1010C000616363657373223A227277227D2C7B22DF
:1010D0006E616D65223A22706F6C655F7061697236
:1010E00073222C226964223A3234322C22747970B1
:1010F00065223A22696E743332222C226163636561
:101100007373223A227277227D2C7B226E616D6589
:10111000223A2263616C6962726174696F6E5F6307
:10112000757272656E74222C226964223A323433ED
:101130002C2274797065223A22666C6F6174222CBD
:1011400022616363657373223A227277227D2C7B5E
:10115000226E616D65223A22726573697374616EE5
:1011600063655F63616C69625F6D61785F766F6C08
:1011700074616765222C226964223A3234342C224D
:1011800074797065223A22666C6F6174222C226138
:101190006363657373223A227277227D2C7B226E01
:1011A000616D65223A2270686173655F696E64756E
:1011B0006374616E6365222C226964223A3234358D
:1011C0002C2274797065223A22666C6F6174222C2D
:1011D00022616363657373223A227277227D2C7BCE
:1011E000226E616D65223A2270686173655F726577
:1011F00073697374616E6365222C226964223A32CA
:1012000034362C2274797065223A22666C6F6174D0
:10121000222C22616363657373223A227277227DE6
:101220002C7B226E616D65223A22746F7271756536
:101230005F636F6E7374616E74222C226964223A4C
:101240003234372C2274797065223A22666C6F61D1
:1012500074222C22616363657373223A22727722AF
:101260007D2C7B226E616D65223A226D6F746F72E8
:101270005F74797065222C226964223A3234382CEA
:101280002274797065223A2275696E7438222C2294
:10129000616363657373223A227277227D2C7B220D
:1012A0006E616D65223A2263757272656E745F6C51
:1012B000696D222C226964223A3234392C227479E5
:1012C0007065223A22666C6F6174222C226163631E
:1012D000657373223A227277227D2C7B226E616DB8
:1012E00065223A2263757272656E745F6C696D5F18
:1012F0006D617267696E222C226964223A32353040
:101300002C2274797065223A22666C6F6174222CEB
:1013100022616363657373223A227277227D2C7B8C
:10132000226E616D65223A22746F727175655F6C11
:10133000696D222C226964223A3235312C2274796B
:101340007065223A22666C6F6174222C226163639D
:10135000657373223A227277227D2C7B226E616D37
:1013600065223A22696E7665727465725F74656D86
:10137000705F6C696D69745F6C6F776572222C2287
:101380006964223A3235322C2274797065223A220D
:10139000666C6F6174222C22616363657373223AF9
:1013A000227277227D2C7B226E616D65223A226942
:1013B0006E7665727465725F74656D705F6C696D71
:1013C00069745F7570706572222C226964223A32EA
:1013D00035332C2274797065223A22666C6F617401
:1013E000222C22616363657373223A227277227D15
:1013F0002C7B226E616D65223A2272657175657370
:101400007465645F63757272656E745F72616E6736
:1014100065222C226964223A3235342C2274797088
:1014200065223A22666C6F6174222C2261636365C7
:101430007373223A227277227D2C7B226E616D6556
:10144000223A2263757272656E745F636F6E747296
:101450006F6C5F62616E647769647468222C2269C4
:1014600064223A3235352C2274797065223A22662C
:101470006C6F6174222C22616363657373223A225C
:101480007277227D2C7B226E616D65223A22616328
:10149000696D5F6761696E5F6D696E5F666C7578B7
:1014A000222C226964223A3235362C2274797065F6
:1014B000223A22666C6F6174222C22616363657329
:1014C00073223A227277227D2C7B226E616D652217
:1014D0003A226163696D5F6175746F666C75785FE0
:1014E0006D696E5F4964222C226964223A32353775
:1014F0002C2274797065223A22666C6F6174222CFA
:1015000022616363657373223A227277227D2C7B9A
:10151000226E616D65223A226163696D5F61757447
:101520006F666C75785F656E61626C65222C2269EE
:1015300064223A3235382C2274797065223A22625C
:101540006F6F6C222C22616363657373223A22727F
:1015500077227D2C7B226E616D65223A2261636960
:101560006D5F6175746F666C75785F6174746163CB
:101570006B5F6761696E222C226964223A323539C9
:101580002C2274797065223A22666C6F6174222C69
:1015900022616363657373223A227277227D2C7B0A
:1015A000226E616D65223A226163696D5F617574B7
:1015B0006F666C75785F64656361795F6761696E9A
:1015C000222C226964223A3236302C2274797065DA
:1015D000223A22666C6F6174222C22616363657308
:1015E00073223A227277227D2C7B226E616D6522F6
:1015F0003A22525F774C5F46465F656E61626C656A
:10160000222C226964223A3236312C227479706598
:10161000223A22626F6F6C222C22616363657373BE
:10162000223A227277227D2C7B226E616D65223AEE
:101630002262454D465F46465F656E61626C65227B
:101640002C226964223A3236322C22747970652257
:101650003A22626F6F6C222C22616363657373227E
:101660003A227277227D2C7B226E616D65223A22AE
:10167000495F6275735F686172645F6D696E222C89
:10168000226964223A3236332C2274797065223A08
:1016900022666C6F6174222C22616363657373220E
:1016A0003A227277227D2C7B226E616D65223A226E
:1016B000495F6275735F686172645F6D6178222C47
:1016C000226964223A3236342C2274797065223AC7
:1016D00022666C6F6174222C2261636365737322CE
:1016E0003A227277227D2C7B226E616D65223A222E
:1016F000495F6C65616B5F6D6178222C22696422A1
:101700003A3236352C2274797065223A22666C6F33
:101710006174222C22616363657373223A227277AB
:10172000227D2C7B226E616D65223A2264635F63A9
:10173000616C69625F746175222C226964223A329D
:1017400036362C2274797065223A22666C6F617489
:10175000222C22616363657373223A227277227DA1
:101760005D7D5D7D2C7B226E616D65223A22636F0B
:101770006E74726F6C6C6572222C227479706522A3
:101780003A226F626A656374222C226D656D626510
:101790007273223A5B7B226E616D65223A2265721A
:1017A000726F72222C226964223A3236372C2274EC
:1017B000797065223A2275696E7438222C22616331
:1017C00063657373223A227277227D2C7B226E61CD
:1017D0006D65223A226C6173745F6572726F725F1D
:1017E00074696D65222C226964223A3236382C22C3
:1017F00074797065223A22666C6F6174222C2261C2
:101800006363657373223A227277227D2C7B226E8A
:10181000616D65223A22696E7075745F706F732214
:101820002C226964223A3236392C2274797065226E
:101830003A22666C6F6174222C2261636365737354
:10184000223A227277227D2C7B226E616D65223ACC
:1018500022696E7075745F76656C222C2269642231
:101860003A3237302C2274797065223A22666C6FD6
:101870006174222C22616363657373223A2272774A
:10188000227D2C7B226E616D65223A22696E707515
:10189000745F746F72717565222C226964223A320A
:1018A00037312C2274797065223A22666C6F61742C
:1018B000222C22616363657373223A227277227D40
:1018C0002C7B226E616D65223A22706F735F7365A7
:1018D00074706F696E74222C226964223A32373236
:1018E0002C2274797065223A22666C6F6174222C06
:1018F00022616363657373223A2272227D2C7B22FC
:101900006E616D65223A2276656C5F736574706FE7
:10191000696E74222C226964223A3237332C227485
:10192000797065223A22666C6F6174222C226163A1
:1019300063657373223A2272227D2C7B226E616D65
:1019400065223A22746F727175655F736574706F8A
:10195000696E74222C226964223A3237342C227444
:10196000797065223A22666C6F6174222C22616361
:1019700063657373223A2272227D2C7B226E616D25
:1019800065223A227472616A6563746F72795F646A
:101990006F6E65222C226964223A3237352C22740C
:1019A000797065223A22626F6F6C222C2261636328
:1019B000657373223A2272227D2C7B226E616D65E3
:1019C000223A2276656C5F696E7465677261746F26
:1019D000725F746F72717565222C226964223A32CB
:1019E00037362C2274797065223A22666C6F6174E6
:1019F000222C22616363657373223A227277227DFF
:101A00002C7B226E616D65223A22616E7469636F70
:101A10006767696E675F76616C6964222C2269640E
:101A2000223A3237372C2274797065223A22626F5B
:101A30006F6C222C22616363657373223A22727782
:101A4000227D2C7B226E616D65223A226175746F56
:101A500074756E696E675F7068617365222C2269A8
:101A600064223A3237382C2274797065223A226621
:101A70006C6F6174222C22616363657373223A2256
:101A80007277227D2C7B226E616D65223A22636F14
:101A90006E666967222C2274797065223A226F6221
:101AA0006A656374222C226D656D62657273223AD9
:101AB0005B7B226E616D65223A226761696E5F739E
:101AC00063686564756C696E675F776964746822C2
:101AD0002C226964223A3237392C227479706522BB
:101AE0003A22666C6F6174222C22616363657373A2
:101AF000223A227277227D2C7B226E616D65223A1A
:101B000022656E61626C655F76656C5F6C696D699C
:101B100074222C226964223A3238302C2274797073
:101B200065223A22626F6F6C222C226163636573B7
:101B300073223A227277227D2C7B226E616D6522A0
:101B40003A22656E61626C655F746F727175655F74
:101B50006D6F64655F76656C5F6C696D6974222C6E
:101B6000226964223A3238312C2274797065223A23
:101B700022626F6F6C222C22616363657373223A59
:101B8000227277227D2C7B226E616D65223A22655E
:101B90006E61626C655F6761696E5F7363686564DF
:101BA000756C696E67222C226964223A3238322CB5
:101BB0002274797065223A22626F6F6C222C226146
:101BC0006363657373223A227277227D2C7B226EC7
:101BD000616D65223A22656E61626C655F6F766544
:101BE0007273706565645F6572726F72222C226910
:101BF00064223A3238332C2274797065223A226298
:101C00006F6F6C222C22616363657373223A2272B8
:101C100077227D2C7B226E616D65223A22636F6E86
:101C200074726F6C5F6D6F6465222C226964223A56
:101C30003238342C2274797065223A2275696E74B8
:101C400038222C22616363657373223A22727722F1
:101C50007D2C7B226E616D65223A22696E707574EF
:101C60005F6D6F6465222C226964223A3238352C0C
:101C70002274797065223A2275696E7438222C229A
:101C8000616363657373223A227277227D2C7B2213
:101C90006E616D65223A22706F735F6761696E22B3
:101CA0002C226964223A3238362C227479706522EB
:101CB0003A22666C6F6174222C22616363657373D0
:101CC000223A227277227D2C7B226E616D65223A48
:101CD0002276656C5F6761696E222C226964223A04
:101CE0003238372C2274797065223A22666C6F6123
:101CF00074222C22616363657373223A2272772205
:101D00007D2C7B226E616D65223A2276656C5F695F
:101D10006E7465677261746F725F6761696E222CA1
:101D2000226964223A3238382C2274797065223A5A
:101D300022666C6F6174222C226163636573732267
:101D40003A227277227D2C7B226E616D65223A22C7
:101D500076656C5F696E7465677261746F725F6CD3
:101D6000696D6974222C226964223A3238392C2236
:101D700074797065223A22666C6F6174222C22613C
:101D80006363657373223A227277227D2C7B226E05
:101D9000616D65223A2276656C5F6C696D697422AB
:101DA0002C226964223A3239302C227479706522EF
:101DB0003A22666C6F6174222C22616363657373CF
:101DC000223A227277227D2C7B226E616D65223A47
:101DD0002276656C5F6C696D69745F746F6C657297
:101DE000616E6365222C226964223A3239312C22D9
:101DF00074797065223A22666C6F6174222C2261BC
:101E00006363657373223A227277227D2C7B226E84
:101E1000616D65223A2276656C5F72616D705F72EA
:101E2000617465222C226964223A3239322C227480
:101E3000797065223A22666C6F6174222C2261638C
:101E400063657373223A227277227D2C7B226E6146
:101E50006D65223A22746F727175655F72616D7083
:101E60005F72617465222C226964223A3239332C04
:101E70002274797065223A22666C6F6174222C227A
:101E8000616363657373223A227277227D2C7B2211
:101E90006E616D65223A2263697263756C61725F6F
:101EA000736574706F696E7473222C226964223AB0
:101EB0003239342C2274797065223A22626F6F6C49
:101EC000222C22616363657373223A227277227D2A
:101ED0002C7B226E616D65223A2263697263756C98
:101EE00061725F736574706F696E745F72616E6743
:101EF00065222C226964223A3239352C2274797099
:101F000065223A22666C6F6174222C2261636365DC
:101F10007373223A227277227D2C7B226E616D656B
:101F2000223A2273746570735F7065725F636972C1
:101F300063756C61725F72616E6765222C226964E1
:101F4000223A3239362C2274797065223A22696E2F
:101F5000743332222C22616363657373223A2272D6
:101F600077227D2C7B226E616D65223A22686F6D2F
:101F7000696E675F7370656564222C226964223A1A
:101F80003239372C2274797065223A22666C6F617F
:101F900074222C22616363657373223A2272772262
:101FA0007D2C7B226E616D65223A22696E657274AA
:101FB0006961222C226964223A3239382C227479E0
:101FC0007065223A22666C6F6174222C2261636311
:101FD000657373223A227277227D2C7B226E616DAB
:101FE00065223A22617869735F746F5F6D697272FE
:101FF0006F72222C226964223A3239392C22747988
:102000007065223A2275696E7438222C22616363EE
:10201000657373223A227277227D2C7B226E616D6A
:1020200065223A226D6972726F725F726174696FB4
:10203000222C226964223A3330302C227479706564
:10204000223A22666C6F6174222C2261636365738D
:1020500073223A227277227D2C7B226E616D65227B
:102060003A22746F727175655F6D6972726F725F1B
:10207000726174696F222C226964223A3330312CE8
:102080002274797065223A22666C6F6174222C2268
:10209000616363657373223A227277227D2C7B22FF
:1020A0006E616D65223A226C6F61645F656E636F6D
:1020B0006465725F61786973222C226964223A3305
:1020C00030322C2274797065223A2275696E743828
:1020D000222C22616363657373223A227277227D18
:1020E0002C7B226E616D65223A22696E7075745F79
:1020F00066696C7465725F62616E64776964746846
:10210000222C226964223A3330332C227479706590
:10211000223A22666C6F6174222C226163636573BC
:1021200073223A227277227D2C7B226E616D6522AA
:102130003A22616E7469636F6767696E67222C2249
:1021400074797065223A226F626A656374222C2268
:102150006D656D62657273223A5B7B226E616D659F
:10216000223A22696E646578222C226964223A330D
:1021700030342C2274797065223A2275696E74337A
:1021800032222C22616363657373223A2272227DAC
:102190002C7B226E616D65223A227072655F6361ED
:1021A0006C69627261746564222C226964223A331C
:1021B00030352C2274797065223A22626F6F6C225E
:1021C0002C22616363657373223A227277227D2C1D
:1021D0007B226E616D65223A2263616C69625F6188
:1021E0006E7469636F6767696E67222C2269642267
:1021F0003A3330362C2274797065223A22626F6F3E
:102200006C222C22616363657373223A2272227DF1
:102210002C7B226E616D65223A2263616C69625F7C
:10222000706F735F7468726573686F6C64222C22C0
:102230006964223A3330372C2274797065223A224D
:10224000666C6F6174222C22616363657373223A3A
:10225000227277227D2C7B226E616D65223A226389
:10226000616C69625F76656C5F7468726573686FD4
:102270006C64222C226964223A3330382C2274791F
:102280007065223A22666C6F6174222C226163634E
:10229000657373223A227277227D2C7B226E616DE8
:1022A00065223A22636F6767696E675F726174695E
:1022B0006F222C226964223A3330392C22747970CF
:1022C00065223A22666C6F6174222C226163636519
:1022D0007373223A2272227D2C7B226E616D6522FD
:1022E0003A22616E7469636F6767696E675F656ED6
:1022F00061626C6564222C226964223A3331302C8D
:102300002274797065223A22626F6F6C222C2261EE
:102310006363657373223A227277227D5D7D2C7B25
:10232000226E616D65223A226D656368616E696334
:10233000616C5F706F7765725F62616E647769640C
:102340007468222C226964223A3331312C22747948
:102350007065223A22666C6F6174222C226163637D
:10236000657373223A227277227D2C7B226E616D17
:1023700065223A22656C656374726963616C5F7093
:102380006F7765725F62616E647769647468222C2E
:10239000226964223A3331322C2274797065223AF0
:1023A00022666C6F6174222C2261636365737322F1
:1023B0003A227277227D2C7B226E616D65223A2251
:1023C0007370696E6F75745F6D656368616E696364
:1023D000616C5F706F7765725F7468726573686F48
:1023E0006C64222C226964223A3331332C227479B2
:1023F0007065223A22666C6F6174222C22616363DD
:10240000657373223A227277227D2C7B226E616D76
:1024100065223A227370696E6F75745F656C6563CF
:1024200074726963616C5F706F7765725F746872F4
:102430006573686F6C64222C226964223A333134EC
:102440002C2274797065223A22666C6F6174222C9A
:1024500022616363657373223A227277227D5D7D08
:102460002C7B226E616D65223A226175746F7475E2
:102470006E696E67222C2274797065223A226F622F
:102480006A656374222C226D656D62657273223AEF
:102490005B7B226E616D65223A226672657175659D
:1024A0006E6379222C226964223A3331352C2274EE
:1024B000797065223A22666C6F6174222C22616306
:1024C00063657373223A227277227D2C7B226E61C0
:1024D0006D65223A22706F735F616D706C697475FF
:1024E0006465222C226964223A3331362C227479B5
:1024F0007065223A22666C6F6174222C22616363DC
:10250000657373223A227277227D2C7B226E616D75
:1025100065223A2276656C5F616D706C69747564D2
:1025200065222C226964223A3331372C2274797067
:1025300065223A22666C6F6174222C2261636365A6
:102540007373223A227277227D2C7B226E616D6535
:10255000223A22746F727175655F616D706C697477
:10256000756465222C226964223A3331382C227436
:10257000797065223A22666C6F6174222C22616345
:1025800063657373223A227277227D5D7D2C7B22F4
:102590006E616D65223A226D656368616E69636183
:1025A0006C5F706F776572222C226964223A333136
:1025B000392C2274797065223A22666C6F6174221C
:1025C0002C22616363657373223A2272227D2C7B15
:1025D000226E616D65223A22656C6563747269636F
:1025E000616C5F706F776572222C226964223A33C6
:1025F00032302C2274797065223A22666C6F6174D5
:10260000222C22616363657373223A2272227D2C2D
:102610007B226E616D65223A226D6F76655F696E11
:102620006372656D656E74616C222C226964223A56
:102630003332312C2274797065223A2266756E63CA
:1026400074696F6E222C22696E70757473223A5B06
:102650007B226E616D65223A22646973706C6163DE
:10266000656D656E74222C226964223A3332322CF5
:102670002274797065223A22666C6F6174222C2272
:10268000616363657373223A227277227D2C7B2209
:102690006E616D65223A2266726F6D5F696E70754C
:1026A000745F706F73222C226964223A3332332CA8
:1026B0002274797065223A22626F6F6C222C22613B
:1026C0006363657373223A227277227D5D2C226FD9
:1026D000757470757473223A5B5D7D2C7B226E611C
:1026E0006D65223A2273746172745F616E746963FE
:1026F0006F6767696E675F63616C69627261746955
:102700006F6E222C226964223A3332342C2274797F
:102710007065223A2266756E6374696F6E222C2290
:10272000696E70757473223A5B5D2C226F757470DC
:10273000757473223A5B5D7D2C7B226E616D652220
:102740003A2272656D6F76655F616E7469636F675B
:1027500067696E675F62696173222C226964223A3D
:102760003332352C2274797065223A2266756E6395
:1027700074696F6E222C22696E70757473223A5BD5
:102780005D2C226F757470757473223A5B7B226EB8
:10279000616D65223A2276616C222C226964223AAC
:1027A0003332362C2274797065223A22666C6F615E
:1027B00074222C22616363657373223A2272227D34
:1027C0005D7D2C7B226E616D65223A226765745FA8
:1027D000616E7469636F6767696E675F76616C7558
:1027E00065222C226964223A3332372C22747970A4
:1027F00065223A2266756E6374696F6E222C2269B7
:102800006E70757473223A5B7B226E616D65223A3D
:1028100022696E646578222C226964223A33323848
:102820002C2274797065223A2275696E74333222D3
:102830002C22616363657373223A227277227D5D75
:102840002C226F757470757473223A5B7B226E61F3
:102850006D65223A2276616C222C226964223A3319
:1028600032392C2274797065223A22666C6F617459
:10287000222C22616363657373223A2272227D5D8A
:102880007D5D7D2C7B226E616D65223A22656E63D3
:102890006F646572222C2274797065223A226F620D
:1028A0006A656374222C226D656D62657273223ACB
:1028B0005B7B226E616D65223A226572726F7222B5
:1028C0002C226964223A3333302C227479706522C9
:1028D0003A2275696E743136222C22616363657306
:1028E00073223A227277227D2C7B226E616D6522E3
:1028F0003A2269735F7265616479222C22696422CD
:102900003A3333312C2274797065223A22626F6F28
:102910006C222C22616363657373223A2272227DDA
:102920002C7B226E616D65223A22696E6465785F48
:10293000666F756E64222C226964223A3333322C1E
:102940002274797065223A22626F6F6C222C2261A8
:102950006363657373223A2272227D2C7B226E613F
:102960006D65223A22736861646F775F636F756E7D
:1029700074222C226964223A3333332C2274797006
:1029800065223A22696E743332222C2261636365B8
:102990007373223A2272227D2C7B226E616D652236
:1029A0003A22636F756E745F696E5F637072222C7A
:1029B000226964223A3333342C2274797065223AC6
:1029C00022696E743332222C226163636573732231
:1029D0003A2272227D2C7B226E616D65223A226939
:1029E0006E746572706F6C6174696F6E222C2269EF
:1029F00064223A3333352C2274797065223A226688
:102A00006C6F6174222C22616363657373223A22B6
:102A100072227D2C7B226E616D65223A2270686184
:102A20007365222C226964223A3333362C2274795E
:102A30007065223A22666C6F6174222C2261636396
:102A4000657373223A2272227D2C7B226E616D6542
:102A5000223A22706F735F657374696D61746522C9
:102A60002C226964223A3333372C22747970652220
:102A70003A22666C6F6174222C2261636365737302
:102A8000223A2272227D2C7B226E616D65223A22CF
:102A9000706F735F657374696D6174655F636F7583
:102AA0006E7473222C226964223A3333382C2274D8
:102AB000797065223A22666C6F6174222C22616300
:102AC00063657373223A2272227D2C7B226E616DC4
:102AD00065223A22706F735F63697263756C61720D
:102AE000222C226964223A3333392C22747970659E
:102AF000223A22666C6F6174222C226163636573D3
:102B000073223A2272227D2C7B226E616D65223AFD
:102B100022706F735F6370725F636F756E74732280
:102B20002C226964223A3334302C22747970652265
:102B30003A22666C6F6174222C2261636365737341
:102B4000223A2272227D2C7B226E616D65223A220E
:102B500064656C74615F706F735F6370725F636FE5
:102B6000756E7473222C226964223A3334312C221C
:102B700074797065223A22666C6F6174222C22612E
:102B80006363657373223A2272227D2C7B226E610D
:102B90006D65223A2268616C6C5F737461746522A2
:102BA0002C226964223A3334322C227479706522E3
:102BB0003A2275696E7438222C22616363657373DF
:102BC000223A2272227D2C7B226E616D65223A228E
:102BD00076656C5F657374696D617465222C22691A
:102BE00064223A3334332C2274797065223A226697
:102BF0006C6F6174222C22616363657373223A22C5
:102C000072227D2C7B226E616D65223A2276656C84
:102C10005F657374696D6174655F636F756E7473FE
:102C2000222C226964223A3334342C227479706560
:102C3000223A22666C6F6174222C22616363657391
:102C400073223A2272227D2C7B226E616D65223ABC
:102C50002263616C69625F7363616E5F726573703A
:102C60006F6E7365222C226964223A3334352C222C
:102C700074797065223A22666C6F6174222C22612D
:102C80006363657373223A2272227D2C7B226E610C
:102C90006D65223A22706F735F616273222C226924
:102CA00064223A3334362C2274797065223A2269D0
:102CB0006E743332222C22616363657373223A226D
:102CC0007277227D2C7B226E616D65223A227370B1
:102CD000695F6572726F725F72617465222C22691E
:102CE00064223A3334372C2274797065223A226692
:102CF0006C6F6174222C22616363657373223A22C4
:102D000072227D2C7B226E616D65223A22636F6E8A
:102D1000666967222C2274797065223A226F626A92
:102D2000656374222C226D656D62657273223A5B55
:102D30007B226E616D65223A226D6F6465222C22C2
:102D40006964223A3334382C2274797065223A222D
:102D500075696E743136222C226163636573732248
:102D60003A227277227D2C7B226E616D65223A2297
:102D70007573655F696E646578222C226964223AF6
:102D80003334392C2274797065223A22626F6F6C69
:102D9000222C22616363657373223A227277227D4B
:102DA0002C7B226E616D65223A22696E6465785FC4
:102DB0006F6666736574222C226964223A3335305B
:102DC0002C2274797065223A22666C6F6174222C11
:102DD00022616363657373223A227277227D2C7BB2
:102DE000226E616D65223A227573655F696E646556
:102DF000785F6F6666736574222C226964223A33A9
:102E000035312C2274797065223A22626F6F6C2200
:102E10002C22616363657373223A227277227D2CC0
:102E20007B226E616D65223A2266696E645F696419
:102E3000785F6F6E5F6C6F636B696E5F6F6E6C79DE
:102E4000222C226964223A3335322C22747970653F
:102E5000223A22626F6F6C222C2261636365737366
:102E6000223A227277227D2C7B226E616D65223A96
:102E7000226162735F7370695F63735F6770696F0C
:102E80005F70696E222C226964223A3335332C221A
:102E900074797065223A2275696E743136222C225B
:102EA000616363657373223A227277227D2C7B22E1
:102EB0006E616D65223A22637072222C226964224F
:102EC0003A3335342C2274797065223A22696E7453
:102ED0003332222C22616363657373223A22727744
:102EE000227D2C7B226E616D65223A2270686173AF
:102EF000655F6F6666736574222C226964223A33BB
:102F000035352C2274797065223A22696E74333219
:102F1000222C22616363657373223A227277227DC9
:102F20002C7B226E616D65223A2270686173655F49
:102F30006F66667365745F666C6F6174222C2269BC
:102F400064223A3335362C2274797065223A22662F
:102F50006C6F6174222C22616363657373223A2261
:102F60007277227D2C7B226E616D65223A22646924
:102F700072656374696F6E222C226964223A33355C
:102F8000372C2274797065223A22696E74333222AA
:102F90002C22616363657373223A227277227D2C3F
:102FA0007B226E616D65223A227072655F63616C8F
:102FB00069627261746564222C226964223A333535
:102FC000382C2274797065223A22626F6F6C222C41
:102FD00022616363657373223A227277227D2C7BB0
:102FE000226E616D65223A22656E61626C655F706A
:102FF000686173655F696E746572706F6C61746926
:103000006F6E222C226964223A3335392C2274796E
:103010007065223A22626F6F6C222C2261636365B5
:103020007373223A227277227D2C7B226E616D654A
:10303000223A2262616E647769647468222C226984
:1030400064223A3336302C2274797065223A226633
:103050006C6F6174222C22616363657373223A2260
:103060007277227D2C7B226E616D65223A2263612C
:103070006C69625F72616E6765222C226964223A14
:103080003336312C2274797065223A22666C6F6176
:1030900074222C22616363657373223A2272772251
:1030A0007D2C7B226E616D65223A2263616C6962C0
:1030B0005F7363616E5F64697374616E6365222C14
:1030C000226964223A3336322C2274797065223AAE
:1030D00022666C6F6174222C2261636365737322B4
:1030E0003A227277227D2C7B226E616D65223A2214
:1030F00063616C69625F7363616E5F6F6D65676169
:10310000222C226964223A3336332C22747970657A
:10311000223A22666C6F6174222C226163636573AC
:1031200073223A227277227D2C7B226E616D65229A
:103130003A2269676E6F72655F696C6C6567616C76
:103140005F68616C6C5F7374617465222C226964C2
:10315000223A3336342C2274797065223A22626F17
:103160006F6C222C22616363657373223A2272773B
:10317000227D2C7B226E616D65223A2268616C6C27
:103180005F706F6C6172697479222C226964223AD3
:103190003336352C2274797065223A2275696E7443
:1031A00038222C22616363657373223A227277227C
:1031B0007D2C7B226E616D65223A2268616C6C5FAA
:1031C000706F6C61726974795F63616C696272615E
:1031D000746564222C226964223A3336362C2274B8
:1031E000797065223A22626F6F6C222C22616363D0
:1031F000657373223A227277227D2C7B226E616D79
:1032000065223A2273696E636F735F6770696F5FDF
:1032100070696E5F73696E222C226964223A3336BC
:10322000372C2274797065223A2275696E743136B2
:10323000222C22616363657373223A227277227DA6
:103240002C7B226E616D65223A2273696E636F7307
:103250005F6770696F5F70696E5F636F73222C22A6
:103260006964223A3336382C2274797065223A2206
:1032700075696E743136222C226163636573732223
:103280003A227277227D5D7D2C7B226E616D6522F4
:103290003A227365745F6C696E6561725F636F7506
:1032A0006E74222C226964223A3336392C227479C6
:1032B0007065223A2266756E6374696F6E222C22E5
:1032C000696E70757473223A5B7B226E616D652244
:1032D0003A22636F756E74222C226964223A333766
:1032E000302C2274797065223A22696E743332224E
:1032F0002C22616363657373223A227277227D5DAB
:103300002C226F757470757473223A5B5D7D5D7DE0
:103310002C7B226E616D65223A226163696D5F6567
:103320007374696D61746F72222C227479706522D6
:103330003A226F626A656374222C226D656D626544
:103340007273223A5B7B226E616D65223A22726F44
:10335000746F725F666C7578222C226964223A332E
:1033600037312C2274797065223A22666C6F617451
:10337000222C22616363657373223A2272227D2CB0
:103380007B226E616D65223A22736C69705F76658F
:103390006C222C226964223A3337322C22747970E1
:1033A00065223A22666C6F6174222C226163636528
:1033B0007373223A2272227D2C7B226E616D65220C
:1033C0003A2270686173655F6F6666736574222C5C
:1033D000226964223A3337332C2274797065223A99
:1033E00022666C6F6174222C2261636365737322A1
:1033F0003A2272227D2C7B226E616D65223A227305
:103400007461746F725F70686173655F76656C225A
:103410002C226964223A3337342C22747970652265
:103420003A22666C6F6174222C2261636365737348
:10343000223A2272227D2C7B226E616D65223A2215
:10344000737461746F725F7068617365222C226996
:1034500064223A3337352C2274797065223A226619
:103460006C6F6174222C22616363657373223A224C
:1034700072227D2C7B226E616D65223A22636F6E13
:10348000666967222C2274797065223A226F626A1B
:10349000656374222C226D656D62657273223A5BDE
:1034A0007B226E616D65223A22736C69705F76656E
:1034B0006C6F63697479222C226964223A3337363F
:1034C0002C2274797065223A22666C6F6174222C0A
:1034D00022616363657373223A227277227D5D7D78
:1034E0005D7D2C7B226E616D65223A2273656E7361
:1034F0006F726C6573735F657374696D61746F72FD
:10350000222C2274797065223A226F626A65637494
:10351000222C226D656D62657273223A5B7B226E8E
:10352000616D65223A226572726F72222C22696483
:10353000223A3337372C2274797065223A22756922
:103540006E7438222C22616363657373223A22728F
:1035500077227D2C7B226E616D65223A2270686134
:103560007365222C226964223A3337382C2274790D
:103570007065223A22666C6F6174222C226163634B
:10358000657373223A2272227D2C7B226E616D65F7
:10359000223A22706C6C5F706F73222C2269642255
:1035A0003A3337392C2274797065223A22666C6F6F
:1035B0006174222C22616363657373223A22722242
:1035C0007D2C7B226E616D65223A22706861736585
:1035D0005F76656C222C226964223A3338302C22C3
:1035E00074797065223A22666C6F6174222C2261B4
:1035F0006363657373223A2272227D2C7B226E6193
:103600006D65223A2276656C5F657374696D6174CD
:1036100065222C226964223A3338312C2274797065
:1036200065223A22666C6F6174222C2261636365A5
:103630007373223A2272227D2C7B226E616D652289
:103640003A22636F6E666967222C22747970652254
:103650003A226F626A656374222C226D656D626521
:103660007273223A5B7B226E616D65223A226F6231
:103670007365727665725F6761696E222C22696478
:10368000223A3338322C2274797065223A22666CE1
:103690006F6174222C22616363657373223A227214
:1036A00077227D2C7B226E616D65223A22706C6CD4
:1036B0005F62616E647769647468222C2269642297
:1036C0003A3338332C2274797065223A22666C6F53
:1036D0006174222C22616363657373223A227277CC
:1036E000227D2C7B226E616D65223A22706D5F66B1
:1036F0006C75785F6C696E6B616765222C226964FA
:10370000223A3338342C2274797065223A22666C5E
:103710006F6174222C22616363657373223A227293
:1037200077227D5D7D5D7D2C7B226E616D65223A09
:1037300022747261705F7472616A222C22747970D3
:1037400065223A226F626A656374222C226D656D70
:1037500062657273223A5B7B226E616D65223A224A
:10376000636F6E666967222C2274797065223A2233
:103770006F626A656374222C226D656D6265727377
:10378000223A5B7B226E616D65223A2276656C5F20
:103790006C696D6974222C226964223A3338352CA5
:1037A0002274797065223A22666C6F6174222C2231
:1037B000616363657373223A227277227D2C7B22C8
:1037C0006E616D65223A22616363656C5F6C696D41
:1037D0006974222C226964223A3338362C22747997
:1037E0007065223A22666C6F6174222C22616363D9
:1037F000657373223A227277227D2C7B226E616D73
:1038000065223A22646563656C5F6C696D69742238
:103810002C226964223A3338372C2274797065225D
:103820003A22666C6F6174222C2261636365737344
:10383000223A227277227D5D7D5D7D2C7B226E6136
:103840006D65223A226D696E5F656E6473746F7088
:10385000222C2274797065223A226F626A65637441
:10386000222C226D656D62657273223A5B7B226E3B
:10387000616D65223A22656E6473746F705F737454
:10388000617465222C226964223A3338382C227400
:10389000797065223A22626F6F6C222C2261636319
:1038A000657373223A2272227D2C7B226E616D65D4
:1038B000223A22636F6E666967222C2274797065E2
:1038C000223A226F626A656374222C226D656D62F2
:1038D000657273223A5B7B226E616D65223A2267C4
:1038E00070696F5F6E756D222C226964223A3338DD
:1038F000392C2274797065223A2275696E743136DA
:10390000222C22616363657373223A227277227DCF
:103910002C7B226E616D65223A22656E61626C6558
:1039200064222C226964223A3339302C2274797053
:1039300065223A22626F6F6C222C22616363657389
:1039400073223A227277227D2C7B226E616D652272
:103950003A226F6666736574222C226964223A33B8
:1039600039312C2274797065223A22666C6F617449
:10397000222C22616363657373223A227277227D5F
:103980002C7B226E616D65223A2269735F616374DC
:103990006976655F68696768222C226964223A3318
:1039A00039322C2274797065223A22626F6F6C2250
:1039B0002C22616363657373223A227277227D2C15
:1039C0007B226E616D65223A226465626F756E635B
:1039D000655F6D73222C226964223A3339332C22BD
:1039E00074797065223A2275696E743332222C2202
:1039F000616363657373223A227277227D5D7D5D18
:103A00007D2C7B226E616D65223A226D61785F6547
:103A10006E6473746F70222C2274797065223A225E
:103A20006F626A656374222C226D656D62657273C4
:103A3000223A5B7B226E616D65223A22656E647369
:103A4000746F705F7374617465222C226964223A0A
:103A50003339342C2274797065223A22626F6F6C8C
:103A6000222C22616363657373223A2272227D2CB9
:103A70007B226E616D65223A22636F6E66696722F2
:103A80002C2274797065223A226F626A656374220F
:103A90002C226D656D62657273223A5B7B226E61CA
:103AA0006D65223A226770696F5F6E756D222C22F8
:103AB0006964223A3339352C2274797065223A22AE
:103AC00075696E743136222C2261636365737322CB
:103AD0003A227277227D2C7B226E616D65223A221A
:103AE000656E61626C6564222C226964223A333906
:103AF000362C2274797065223A22626F6F6C222C08
:103B000022616363657373223A227277227D2C7B74
:103B1000226E616D65223A226F6666736574222C8F
:103B2000226964223A3339372C2274797065223A3B
:103B300022666C6F6174222C226163636573732249
:103B40003A227277227D2C7B226E616D65223A22A9
:103B500069735F6163746976655F68696768222C61
:103B6000226964223A3339382C2274797065223AFA
:103B700022626F6F6C222C22616363657373223A39
:103B8000227277227D2C7B226E616D65223A22643F
:103B900065626F756E63655F6D73222C22696422A6
:103BA0003A3339392C2274797065223A2275696E5C
:103BB000743332222C22616363657373223A22725A
:103BC00077227D5D7D5D7D2C7B226E616D65223A65
:103BD000226D656368616E6963616C5F6272616BBF
:103BE00065222C2274797065223A226F626A6563BD
:103BF00074222C226D656D62657273223A5B7B22A2
:103C00006E616D65223A22636F6E666967222C22AF
:103C100074797065223A226F626A656374222C227D
:103C20006D656D62657273223A5B7B226E616D65B4
:103C3000223A226770696F5F6E756D222C2269646B
:103C4000223A3430302C2274797065223A22756918
:103C50006E743136222C22616363657373223A22BB
:103C60007277227D2C7B226E616D65223A22697308
:103C70005F6163746976655F6C6F77222C2269647B
:103C8000223A3430312C2274797065223A22626FE4
:103C90006F6C222C22616363657373223A22727700
:103CA000227D5D7D2C7B226E616D65223A22656EE0
:103CB00067616765222C226964223A3430322C22F3
:103CC00074797065223A2266756E6374696F6E222C
:103CD0002C22696E70757473223A5B5D2C226F75AD
:103CE0007470757473223A5B5D7D2C7B226E616DFE
:103CF00065223A2272656C65617365222C226964C3
:103D0000223A3430332C2274797065223A22667557
:103D10006E6374696F6E222C22696E7075747322E3
:103D20003A5B5D2C226F757470757473223A5B5D1B
:103D30007D5D7D2C7B226E616D65223A22746173FC
:103D40006B5F74696D6573222C2274797065223AF9
:103D5000226F626A656374222C226D656D626572E2
:103D600073223A5B7B226E616D65223A227468652C
:103D7000726D6973746F725F757064617465222C03
:103D80002274797065223A226F626A656374222C0C
:103D9000226D656D62657273223A5B7B226E616D86
:103DA00065223A2273746172745F74696D65222CA6
:103DB000226964223A3430342C2274797065223AB4
:103DC0002275696E743332222C22616363657373CA
:103DD000223A2272227D2C7B226E616D65223A226C
:103DE000656E645F74696D65222C226964223A34C1
:103DF00030352C2274797065223A2275696E7433DD
:103E000032222C22616363657373223A2272227D0F
:103E10002C7B226E616D65223A226C656E67746838
:103E2000222C226964223A3430362C22747970654F
:103E3000223A2275696E743332222C2261636365E3
:103E40007373223A2272227D2C7B226E616D652271
:103E50003A226D61785F6C656E677468222C226906
:103E600064223A3430372C2274797065223A2275F4
:103E7000696E743332222C22616363657373223A54
:103E8000227277227D5D7D2C7B226E616D65223AE8
:103E900022656E636F6465725F757064617465221C
:103EA0002C2274797065223A226F626A65637422EB
:103EB0002C226D656D62657273223A5B7B226E61A6
:103EC0006D65223A2273746172745F74696D652244
:103ED0002C226964223A3430382C2274797065229D
:103EE0003A2275696E743332222C226163636573E2
:103EF00073223A2272227D2C7B226E616D65223AFA
:103F000022656E645F74696D65222C226964223AB1
:103F10003430392C2274797065223A2275696E74B6
:103F20003332222C22616363657373223A22722238
:103F30007D2C7B226E616D65223A226C656E677402
:103F400068222C226964223A3431302C2274797030
:103F500065223A2275696E743332222C22616363C2
:103F6000657373223A2272227D2C7B226E616D650D
:103F7000223A226D61785F6C656E677468222C222C
:103F80006964223A3431312C2274797065223A22E4
:103F900075696E743332222C2261636365737322F8
:103FA0003A227277227D5D7D2C7B226E616D6522C7
:103FB0003A2273656E736F726C6573735F657374A9
:103FC000696D61746F725F757064617465222C2213
:103FD00074797065223A226F626A656374222C22BA
:103FE0006D656D62657273223A5B7B226E616D65F1
:103FF000223A2273746172745F74696D65222C2297
:104000006964223A3431322C2274797065223A2262
:1040100075696E743332222C226163636573732277
:104020003A2272227D2C7B226E616D65223A2265D6
:104030006E645F74696D65222C226964223A3431A2
:10404000332C2274797065223A2275696E7433328A
:10405000222C22616363657373223A2272227D2CC3
:104060007B226E616D65223A226C656E67746822F0
:104070002C226964223A3431342C227479706522FE
:104080003A2275696E743332222C22616363657340
:1040900073223A2272227D2C7B226E616D65223A58
:1040A000226D61785F6C656E677468222C2269648A
:1040B000223A3431352C2274797065223A2275699E
:1040C0006E743332222C22616363657373223A2249
:1040D0007277227D5D7D2C7B226E616D65223A2296
:1040E000656E6473746F705F757064617465222CA3
:1040F0002274797065223A226F626A656374222C99
:10410000226D656D62657273223A5B7B226E616D12
:1041100065223A2273746172745F74696D65222C32
:10412000226964223A3431362C2274797065223A3D
:104130002275696E743332222C2261636365737356
:10414000223A2272227D2C7B226E616D65223A22F8
:10415000656E645F74696D65222C226964223A344D
:1041600031372C2274797065223A2275696E743366
:1041700032222C22616363657373223A2272227D9C
:104180002C7B226E616D65223A226C656E677468C5
:10419000222C226964223A3431382C2274797065D9
:1041A000223A2275696E743332222C226163636570
:1041B0007373223A2272227D2C7B226E616D6522FE
:1041C0003A226D61785F6C656E677468222C226993
:1041D00064223A3431392C2274797065223A22757E
:1041E000696E743332222C22616363657373223AE1
:1041F000227277227D5D7D2C7B226E616D65223A75
:104200002263616E5F686561727462656174222CFD
:104210002274797065223A226F626A656374222C77
:10422000226D656D62657273223A5B7B226E616DF1
:1042300065223A2273746172745F74696D65222C11
:10424000226964223A3432302C2274797065223A21
:104250002275696E743332222C2261636365737335
:10426000223A2272227D2C7B226E616D65223A22D7
:10427000656E645F74696D65222C226964223A342C
:1042800032312C2274797065223A2275696E74334A
:1042900032222C22616363657373223A2272227D7B
:1042A0002C7B226E616D65223A226C656E677468A4
:1042B000222C226964223A3432322C2274797065BD
:1042C000223A2275696E743332222C22616363654F
:1042D0007373223A2272227D2C7B226E616D6522DD
:1042E0003A226D61785F6C656E677468222C226972
:1042F00064223A3432332C2274797065223A227562
:10430000696E743332222C22616363657373223ABF
:10431000227277227D5D7D2C7B226E616D65223A53
:1043200022636F6E74726F6C6C65725F757064611E
:104330007465222C2274797065223A226F626A6554
:104340006374222C226D656D62657273223A5B7B09
:10435000226E616D65223A2273746172745F7469B2
:104360006D65222C226964223A3432342C2274790D
:104370007065223A2275696E743332222C22616391
:1043800063657373223A2272227D2C7B226E616DEB
:1043900065223A22656E645F74696D65222C22691C
:1043A00064223A3432352C2274797065223A2275AF
:1043B000696E743332222C22616363657373223A0F
:1043C0002272227D2C7B226E616D65223A226C6501
:1043D0006E677468222C226964223A3432362C22A9
:1043E00074797065223A2275696E743332222C22F8
:1043F000616363657373223A2272227D2C7B226E85
:10440000616D65223A226D61785F6C656E677468D4
:10441000222C226964223A3432372C227479706556
:10442000223A2275696E743332222C2261636365ED
:104430007373223A227277227D5D7D2C7B226E611E
:104440006D65223A226F70656E5F6C6F6F705F638F
:104450006F6E74726F6C6C65725F75706461746599
:10446000222C2274797065223A226F626A65637425
:10447000222C226D656D62657273223A5B7B226E1F
:10448000616D65223A2273746172745F74696D653F
:10449000222C226964223A3432382C2274797065D5
:1044A000223A2275696E743332222C22616363656D
:1044B0007373223A2272227D2C7B226E616D6522FB
:1044C0003A22656E645F74696D65222C22696422EC
:1044D0003A3432392C2274797065223A2275696E29
:1044E000743332222C22616363657373223A227221
:1044F000227D2C7B226E616D65223A226C656E678F
:104500007468222C226964223A3433302C22747964
:104510007065223A2275696E743332222C226163EF
:1045200063657373223A2272227D2C7B226E616D49
:1045300065223A226D61785F6C656E677468222C23
:10454000226964223A3433312C2274797065223A1C
:104550002275696E743332222C2261636365737332
:10456000223A227277227D5D7D2C7B226E616D6501
:10457000223A226163696D5F657374696D61746F5E
:10458000725F757064617465222C22747970652283
:104590003A226F626A656374222C226D656D6265D2
:1045A0007273223A5B7B226E616D65223A227374CC
:1045B0006172745F74696D65222C226964223A34D9
:1045C00033322C2274797065223A2275696E743305
:1045D00032222C22616363657373223A2272227D38
:1045E0002C7B226E616D65223A22656E645F746970
:1045F0006D65222C226964223A3433332C2274797B
:104600007065223A2275696E743332222C226163FE
:1046100063657373223A2272227D2C7B226E616D58
:1046200065223A226C656E677468222C22696422C6
:104630003A3433342C2274797065223A2275696ECB
:10464000743332222C22616363657373223A2272BF
:10465000227D2C7B226E616D65223A226D61785F2E
:104660006C656E677468222C226964223A34333593
:104670002C2274797065223A2275696E7433322265
:104680002C22616363657373223A227277227D5D07
:104690007D2C7B226E616D65223A226D6F746F7284
:1046A0005F757064617465222C2274797065223A9A
:1046B000226F626A656374222C226D656D62657279
:1046C00073223A5B7B226E616D65223A22737461BC
:1046D00072745F74696D65222C226964223A3433E6
:1046E000362C2274797065223A2275696E743332E1
:1046F000222C22616363657373223A2272227D2C1D
:104700007B226E616D65223A22656E645F74696D0D
:1047100065222C226964223A3433372C2274797052
:1047200065223A2275696E743332222C22616363EA
:10473000657373223A2272227D2C7B226E616D6535
:10474000223A226C656E677468222C226964223AD0
:104750003433382C2274797065223A2275696E746C
:104760003332222C22616363657373223A227222F0
:104770007D2C7B226E616D65223A226D61785F6CC3
:10478000656E677468222C226964223A3433392CAE
:104790002274797065223A2275696E743332222C44
:1047A00022616363657373223A227277227D5D7D95
:1047B0002C7B226E616D65223A2263757272656E82
:1047C000745F636F6E74726F6C6C65725F7570642A
:1047D000617465222C2274797065223A226F626AB4
:1047E000656374222C226D656D62657273223A5B7B
:1047F0007B226E616D65223A2273746172745F74FC
:10480000696D65222C226964223A3434302C22747A
:10481000797065223A2275696E743332222C2261D6
:104820006363657373223A2272227D2C7B226E6150
:104830006D65223A22656E645F74696D65222C2273
:104840006964223A3434312C2274797065223A2218
:1048500075696E743332222C22616363657373222F
:104860003A2272227D2C7B226E616D65223A226C87
:10487000656E677468222C226964223A3434322CC3
:104880002274797065223A2275696E743332222C53
:1048900022616363657373223A2272227D2C7B222C
:1048A0006E616D65223A226D61785F6C656E67742A
:1048B00068222C226964223A3434332C22747970B1
:1048C00065223A2275696E743332222C2261636349
:1048D000657373223A227277227D5D7D2C7B226E76
:1048E000616D65223A2264635F63616C6962222CA8
:1048F0002274797065223A226F626A656374222C91
:10490000226D656D62657273223A5B7B226E616D0A
:1049100065223A2273746172745F74696D65222C2A
:10492000226964223A3434342C2274797065223A34
:104930002275696E743332222C226163636573734E
:10494000223A2272227D2C7B226E616D65223A22F0
:10495000656E645F74696D65222C226964223A3445
:1049600034352C2274797065223A2275696E74335D
:1049700032222C22616363657373223A2272227D94
:104980002C7B226E616D65223A226C656E677468BD
:10499000222C226964223A3434362C2274797065D0
:1049A000223A2275696E743332222C226163636568
:1049B0007373223A2272227D2C7B226E616D6522F6
:1049C0003A226D61785F6C656E677468222C22698B
:1049D00064223A3434372C2274797065223A227575
:1049E000696E743332222C22616363657373223AD9
:1049F000227277227D5D7D2C7B226E616D65223A6D
:104A00002263757272656E745F73656E7365222CB6
:104A10002274797065223A226F626A656374222C6F
:104A2000226D656D62657273223A5B7B226E616DE9
:104A300065223A2273746172745F74696D65222C09
:104A4000226964223A3434382C2274797065223A0F
:104A50002275696E743332222C226163636573732D
:104A6000223A2272227D2C7B226E616D65223A22CF
:104A7000656E645F74696D65222C226964223A3424
:104A800034392C2274797065223A2275696E743338
:104A900032222C22616363657373223A2272227D73
:104AA0002C7B226E616D65223A226C656E6774689C
:104AB000222C226964223A3435302C2274797065B4
:104AC000223A2275696E743332222C226163636547
:104AD0007373223A2272227D2C7B226E616D6522D5
:104AE0003A226D61785F6C656E677468222C22696A
:104AF00064223A3435312C2274797065223A227559
:104B0000696E743332222C22616363657373223AB7
:104B1000227277227D5D7D2C7B226E616D65223A4B
:104B20002270776D5F757064617465222C227479D0
:104B30007065223A226F626A656374222C226D6569
:104B40006D62657273223A5B7B226E616D65223AFB
:104B50002273746172745F74696D65222C226964BA
:104B6000223A3435322C2274797065223A227569E2
:104B70006E743332222C22616363657373223A228E
:104B800072227D2C7B226E616D65223A22656E64F5
:104B90005F74696D65222C226964223A3435332CA6
:104BA0002274797065223A2275696E743332222C30
:104BB00022616363657373223A2272227D2C7B2209
:104BC0006E616D65223A226C656E677468222C22D4
:104BD0006964223A3435342C2274797065223A2281
:104BE00075696E743332222C22616363657373229C
:104BF0003A2272227D2C7B226E616D65223A226DF3
:104C000061785F6C656E677468222C226964223A51
:104C10003435352C2274797065223A2275696E74A8
:104C20003332222C22616363657373223A227277D6
:104C3000227D5D7D5D7D2C7B226E616D65223A2239
:104C40007761746368646F675F66656564222C22B0
:104C50006964223A3435362C2274797065223A22FE
:104C600066756E6374696F6E222C22696E7075743E
:104C700073223A5B5D2C226F757470757473223ADF
:104C80005B5D7D5D7D2C7B226E616D65223A2261CC
:104C900078697331222C2274797065223A226F620E
:104CA0006A656374222C226D656D62657273223AA7
:104CB0005B7B226E616D65223A226572726F722291
:104CC0002C226964223A3435372C2274797065229B
:104CD0003A2275696E743332222C226163636573E4
:104CE00073223A227277227D2C7B226E616D6522BF
:104CF0003A22737465705F6469725F616374697688
:104D000065222C226964223A3435382C2274797059
:104D100065223A22626F6F6C222C22616363657395
:104D200073223A2272227D2C7B226E616D65223ABB
:104D3000226C6173745F6472765F6661756C742255
:104D40002C226964223A3435392C22747970652218
:104D50003A2275696E743332222C22616363657363
:104D600073223A2272227D2C7B226E616D65223A7B
:104D7000227374657073222C226964223A343630AF
:104D80002C2274797065223A22696E743634222C92
:104D900022616363657373223A2272227D2C7B2227
:104DA0006E616D65223A2263757272656E745F730F
:104DB00074617465222C226964223A3436312C22C3
:104DC00074797065223A2275696E7438222C2261DA
:104DD0006363657373223A2272227D2C7B226E619B
:104DE0006D65223A227265717565737465645F73CF
:104DF00074617465222C226964223A3436322C2282
:104E000074797065223A2275696E7438222C226199
:104E10006363657373223A227277227D2C7B226E44
:104E2000616D65223A2269735F686F6D6564222C3B
:104E3000226964223A3436332C2274797065223A1E
:104E400022626F6F6C222C22616363657373223A56
:104E5000227277227D2C7B226E616D65223A22635D
:104E60006F6E666967222C2274797065223A226F10
:104E7000626A656374222C226D656D6265727322AD
:104E80003A5B7B226E616D65223A227374617274A3
:104E900075705F6D6F746F725F63616C6962726170
:104EA00074696F6E222C226964223A3436342C22C3
:104EB00074797065223A22626F6F6C222C226163D2
:104EC00063657373223A227277227D2C7B226E6196
:104ED0006D65223A22737461727475705F656E63DA
:104EE0006F6465725F696E6465785F736561726334
:104EF00068222C226964223A3436352C2274797067
:104F000065223A22626F6F6C222C226163636573A3
:104F100073223A227277227D2C7B226E616D65228C
:104F20003A22737461727475705F656E636F646545
:104F3000725F6F66667365745F63616C69627261EC
:104F400074696F6E222C226964223A3436362C2220
:104F500074797065223A22626F6F6C222C22616331
:104F600063657373223A227277227D2C7B226E61F5
:104F70006D65223A22737461727475705F636C6F31
:104F80007365645F6C6F6F705F636F6E74726F6C6C
:104F9000222C226964223A3436372C2274797065C7
:104FA000223A22626F6F6C222C22616363657373F5
:104FB000223A227277227D2C7B226E616D65223A25
:104FC00022737461727475705F686F6D696E6722A9
:104FD0002C226964223A3436382C22747970652286
:104FE0003A22626F6F6C222C2261636365737322B5
:104FF0003A227277227D2C7B226E616D65223A22E5
:10500000656E61626C655F737465705F646972225E
:105010002C226964223A3436392C22747970652244
:105020003A22626F6F6C222C226163636573732274
:105030003A227277227D2C7B226E616D65223A22A4
:10504000737465705F6469725F616C776179735FB7
:105050006F6E222C226964223A3437302C22747904
:105060007065223A22626F6F6C222C226163636545
:105070007373223A227277227D2C7B226E616D65DA
:10508000223A22656E61626C655F73656E736F7242
:105090006C6573735F6D6F6465222C226964223ABC
:1050A0003437312C2274797065223A22626F6F6C2A
:1050B000222C22616363657373223A227277227D08
:1050C0002C7B226E616D65223A227761746368647D
:1050D0006F675F74696D656F7574222C2269642235
:1050E0003A3437322C2274797065223A22666C6F1A
:1050F0006174222C22616363657373223A22727792
:10510000227D2C7B226E616D65223A22656E616282
:105110006C655F7761746368646F67222C226964D1
:10512000223A3437332C2274797065223A22626F26
:105130006F6C222C22616363657373223A2272774B
:10514000227D2C7B226E616D65223A22737465701C
:105150005F6770696F5F70696E222C226964223A02
:105160003437342C2274797065223A2275696E7452
:105170003136222C22616363657373223A2272777F
:10518000227D2C7B226E616D65223A226469725FFA
:105190006770696F5F70696E222C226964223A34ED
:1051A00037352C2274797065223A2275696E743114
:1051B00036222C22616363657373223A227277224E
:1051C0007D2C7B226E616D65223A2263616C69627F
:1051D000726174696F6E5F6C6F636B696E222C22F3
:1051E00074797065223A226F626A656374222C2298
:1051F0006D656D62657273223A5B7B226E616D65CF
:10520000223A2263757272656E74222C22696422BE
:105210003A3437362C2274797065223A22666C6FE4
:105220006174222C22616363657373223A22727760
:10523000227D2C7B226E616D65223A2272616D7037
:105240005F74696D65222C226964223A3437372CE9
:105250002274797065223A22666C6F6174222C2266
:10526000616363657373223A227277227D2C7B22FD
:105270006E616D65223A2272616D705F646973744C
:10528000616E6365222C226964223A3437382C22FD
:1052900074797065223A22666C6F6174222C2261E7
:1052A0006363657373223A227277227D2C7B226EB0
:1052B000616D65223A22616363656C222C22696408
:1052C000223A3437392C2274797065223A22666C7E
:1052D0006F6174222C22616363657373223A2272B8
:1052E00077227D2C7B226E616D65223A2276656C79
:1052F000222C226964223A3438302C227479706569
:10530000223A22666C6F6174222C2261636365739A
:1053100073223A227277227D5D7D2C7B226E616D35
:1053200065223A2273656E736F726C6573735F7278
:10533000616D70222C2274797065223A226F626A44
:10534000656374222C226D656D62657273223A5B0F
:105350007B226E616D65223A2263757272656E748E
:10536000222C226964223A3438312C2274797065F7
:10537000223A22666C6F6174222C2261636365732A
:1053800073223A227277227D2C7B226E616D652218
:105390003A2272616D705F74696D65222C226964B6
:1053A000223A3438322C2274797065223A22666CA3
:1053B0006F6174222C22616363657373223A2272D7
:1053C00077227D2C7B226E616D65223A2272616D9F
:1053D000705F64697374616E6365222C2269642254
:1053E0003A3438332C2274797065223A22666C6F15
:1053F0006174222C22616363657373223A2272778F
:10540000227D2C7B226E616D65223A226163636589
:105410006C222C226964223A3438342C227479703C
:1054200065223A22666C6F6174222C226163636587
:105430007373223A227277227D2C7B226E616D6516
:10544000223A2276656C222C226964223A3438355D
:105450002C2274797065223A22666C6F6174222C5A
:1054600022616363657373223A227277227D2C7BFB
:10547000226E616D65223A2266696E6973685F64A7
:10548000697374616E6365222C226964223A343830
:10549000362C2274797065223A22666C6F61742210
:1054A0002C22616363657373223A227277227D2C0A
:1054B0007B226E616D65223A2266696E6973685F50
:1054C0006F6E5F76656C222C226964223A3438371D
:1054D0002C2274797065223A22626F6F6C222C2222
:1054E000616363657373223A227277227D2C7B227B
:1054F0006E616D65223A2266696E6973685F6F6ED0
:105500005F64697374616E6365222C226964223A58
:105510003438382C2274797065223A22626F6F6CAD
:10552000222C22616363657373223A227277227D93
:105530002C7B226E616D65223A2266696E69736802
:105540005F6F6E5F656E635F696478222C226964A9
:10555000223A3438392C2274797065223A22626FEB
:105560006F6C222C22616363657373223A22727717
:10557000227D5D7D2C7B226E616D65223A226765FE
:105580006E6572616C5F6C6F636B696E222C227446
:10559000797065223A226F626A656374222C226DEB
:1055A000656D62657273223A5B7B226E616D652266
:1055B0003A2263757272656E74222C226964223AF3
:1055C0003439302C2274797065223A22666C6F610E
:1055D00074222C22616363657373223A22727722EC
:1055E0007D2C7B226E616D65223A2272616D705F47
:1055F00074696D65222C226964223A3439312C2277
:1056000074797065223A22666C6F6174222C226173
:105610006363657373223A227277227D2C7B226E3C
:10562000616D65223A2272616D705F6469737461A5
:105630006E6365222C226964223A3439322C22743A
:10564000797065223A22666C6F6174222C22616344
:1056500063657373223A227277227D2C7B226E61FE
:105660006D65223A22616363656C222C2269642293
:105670003A3439332C2274797065223A22666C6F81
:105680006174222C22616363657373223A227277FC
:10569000227D2C7B226E616D65223A2276656C221A
:1056A0002C226964223A3439342C227479706522B0
:1056B0003A22666C6F6174222C2261636365737396
:1056C000223A227277227D2C7B226E616D65223A0E
:1056D0002266696E6973685F64697374616E63657D
:1056E000222C226964223A3439352C22747970656F
:1056F000223A22666C6F6174222C226163636573A7
:1057000073223A227277227D2C7B226E616D652294
:105710003A2266696E6973685F6F6E5F76656C22A8
:105720002C226964223A3439362C2274797065222D
:105730003A22626F6F6C222C22616363657373225D
:105740003A227277227D2C7B226E616D65223A228D
:1057500066696E6973685F6F6E5F64697374616EAA
:105760006365222C226964223A3439372C227479F9
:105770007065223A22626F6F6C222C22616363652E
:105780007373223A227277227D2C7B226E616D65C3
:10579000223A2266696E6973685F6F6E5F656E6339
:1057A0005F696478222C226964223A3439382C22C9
:1057B00074797065223A22626F6F6C222C226163C9
:1057C00063657373223A227277227D5D7D2C7B2282
:1057D0006E616D65223A2263616E222C22747970AB
:1057E00065223A226F626A656374222C226D656DB0
:1057F00062657273223A5B7B226E616D65223A228A
:105800006E6F64655F6964222C226964223A3439C0
:10581000392C2274797065223A2275696E7433329C
:10582000222C22616363657373223A227277227D90
:105830002C7B226E616D65223A2269735F657874F4
:10584000656E646564222C226964223A3530302CFE
:105850002274797065223A22626F6F6C222C226169
:105860006363657373223A227277227D2C7B226EEA
:10587000616D65223A226865617274626561745F68
:10588000726174655F6D73222C226964223A35302F
:10589000312C2274797065223A2275696E74333224
:1058A000222C22616363657373223A227277227D10
:1058B0002C7B226E616D65223A22656E636F646592
:1058C000725F726174655F6D73222C226964223A83
:1058D0003530322C2274797065223A2275696E74E3
:1058E0003332222C22616363657373223A2272770A
:1058F000227D2C7B226E616D65223A226D6F746F62
:10590000725F6572726F725F726174655F6D732230
:105910002C226964223A3530332C22747970652246
:105920003A2275696E743332222C22616363657387
:1059300073223A227277227D2C7B226E616D652262
:105940003A22656E636F6465725F6572726F725F33
:10595000726174655F6D73222C226964223A35305E
:10596000342C2274797065223A2275696E74333250
:10597000222C22616363657373223A227277227D3F
:105980002C7B226E616D65223A22636F6E74726F9A
:105990006C6C65725F6572726F725F726174655F65
:1059A0006D73222C226964223A3530352C227479A9
:1059B0007065223A2275696E743332222C2261633B
:1059C00063657373223A227277227D2C7B226E618B
:1059D0006D65223A2273656E736F726C6573735FC7
:1059E0006572726F725F726174655F6D73222C22D3
:1059F0006964223A3530362C2274797065223A2255
:105A000075696E743332222C22616363657373226D
:105A10003A227277227D2C7B226E616D65223A22BA
:105A2000656E636F6465725F636F756E745F7261DC
:105A300074655F6D73222C226964223A3530372CED
:105A40002274797065223A2275696E743332222C81
:105A500022616363657373223A227277227D2C7B05
:105A6000226E616D65223A2269715F726174655FB1
:105A70006D73222C226964223A3530382C227479D5
:105A80007065223A2275696E743332222C2261636A
:105A900063657373223A227277227D2C7B226E61BA
:105AA0006D65223A2273656E736F726C6573735FF6
:105AB000726174655F6D73222C226964223A3530FD
:105AC000392C2274797065223A2275696E743332EA
:105AD000222C22616363657373223A227277227DDE
:105AE0002C7B226E616D65223A226275735F766946
:105AF0005F726174655F6D73222C226964223A358E
:105B000031302C2274797065223A2275696E7433B3
:105B100032222C22616363657373223A22727722E8
:105B20007D5D7D5D7D2C7B226E616D65223A226DEF
:105B30006F746F72222C2274797065223A226F6220
:105B40006A656374222C226D656D62657273223AF8
:105B50005B7B226E616D65223A226C6173745F65B6
:105B600072726F725F74696D65222C226964223AC9
:105B70003531312C2274797065223A22666C6F615E
:105B800074222C22616363657373223A2272772236
:105B90007D2C7B226E616D65223A226572726F7276
:105BA000222C226964223A3531322C2274797065B4
:105BB000223A2275696E743634222C226163636541
:105BC0007373223A227277227D2C7B226E616D657F
:105BD000223A2269735F61726D6564222C226964C6
:105BE000223A3531332C2274797065223A22626F61
:105BF0006F6C222C22616363657373223A227222D6
:105C00007D2C7B226E616D65223A2269735F636130
:105C10006C69627261746564222C226964223A356F
:105C200031342C2274797065223A22626F6F6C22B3
:105C30002C22616363657373223A2272227D2C7B6E
:105C4000226E616D65223A2263757272656E745FB1
:105C50006D6561735F706841222C226964223A3558
:105C600031352C2274797065223A22666C6F61742A
:105C7000222C22616363657373223A2272227D2C87
:105C80007B226E616D65223A2263757272656E7455
:105C90005F6D6561735F706842222C226964223AED
:105CA0003531362C2274797065223A22666C6F6128
:105CB00074222C22616363657373223A2272227DFF
:105CC0002C7B226E616D65223A2263757272656E5D
:105CD000745F6D6561735F706843222C2269642272
:105CE0003A3531372C2274797065223A22666C6F0E
:105CF0006174222C22616363657373223A227222DB
:105D00007D2C7B226E616D65223A2244435F636184
:105D10006C69625F706841222C226964223A3531D5
:105D2000382C2274797065223A22666C6F61742275
:105D30002C22616363657373223A227277227D2C71
:105D40007B226E616D65223A2244435F63616C6918
:105D5000625F706842222C226964223A3531392C04
:105D60002274797065223A22666C6F6174222C224B
:105D7000616363657373223A227277227D2C7B22E2
:105D80006E616D65223A2244435F63616C69625FB4
:105D9000706843222C226964223A3532302C2274F6
:105DA000797065223A22666C6F6174222C226163DD
:105DB00063657373223A227277227D2C7B226E6197
:105DC0006D65223A22495F627573222C2269642232
:105DD0003A3532312C2274797065223A22666C6F22
:105DE0006174222C22616363657373223A227222EA
:105DF0007D2C7B226E616D65223A2270686173652D
:105E00005F63757272656E745F7265765F676169F4
:105E10006E222C226964223A3532322C2274797037
:105E200065223A22666C6F6174222C22616363657D
:105E30007373223A227277227D2C7B226E616D650C
:105E4000223A226566666563746976655F6375727A
:105E500072656E745F6C696D222C226964223A351A
:105E600032332C2274797065223A22666C6F617429
:105E7000222C22616363657373223A2272227D2C85
:105E80007B226E616D65223A226D61785F616C6C78
:105E90006F7765645F63757272656E74222C226918
:105EA00064223A3532342C2274797065223A2266A3
:105EB0006C6F6174222C22616363657373223A22D2
:105EC00072227D2C7B226E616D65223A226D617893
:105ED0005F64635F63616C6962222C226964223AA9
:105EE0003532352C2274797065223A22666C6F61E6
:105EF00074222C22616363657373223A2272227DBD
:105F00002C7B226E616D65223A226665745F74682F
:105F100065726D6973746F72222C227479706522B8
:105F20003A226F626A656374222C226D656D626528
:105F30007273223A5B7B226E616D65223A22746530
:105F40006D7065726174757265222C226964223AE3
:105F50003532362C2274797065223A22666C6F6174
:105F600074222C22616363657373223A2272227D4C
:105F70002C7B226E616D65223A22636F6E666967C3
:105F8000222C2274797065223A226F626A656374EA
:105F9000222C226D656D62657273223A5B7B226EE4
:105FA000616D65223A2274656D705F6C696D69740C
:105FB0005F6C6F776572222C226964223A35323722
:105FC0002C2274797065223A22666C6F6174222CDF
:105FD00022616363657373223A227277227D2C7B80
:105FE000226E616D65223A2274656D705F6C696D19
:105FF00069745F7570706572222C226964223A356B
:1060000032382C2274797065223A22666C6F617482
:10601000222C22616363657373223A227277227D98
:106020002C7B226E616D65223A22656E61626C6521
:1060300064222C226964223A3532392C2274797018
:1060400065223A22626F6F6C222C22616363657352
:1060500073223A227277227D5D7D5D7D2C7B226EDC
:10606000616D65223A226D6F746F725F746865723C
:106070006D6973746F72222C2274797065223A22D2
:106080006F626A656374222C226D656D626572733E
:10609000223A5B7B226E616D65223A2274656D70D7
:1060A00065726174757265222C226964223A3533F7
:1060B000302C2274797065223A22666C6F617422EA
:1060C0002C22616363657373223A2272227D2C7BDA
:1060D000226E616D65223A22636F6E666967222CBB
:1060E0002274797065223A226F626A656374222C89
:1060F000226D656D62657273223A5B7B226E616D03
:1061000065223A226770696F5F70696E222C22697E
:1061100064223A3533312C2274797065223A227523
:10612000696E743136222C22616363657373223A7F
:10613000227277227D2C7B226E616D65223A22705D
:106140006F6C795F636F656666696369656E745FBE
:1061500030222C226964223A3533322C2274797031
:1061600065223A22666C6F6174222C22616363653A
:106170007373223A227277227D2C7B226E616D65C9
:10618000223A22706F6C795F636F65666669636936
:10619000656E745F31222C226964223A3533332CC8
:1061A0002274797065223A22666C6F6174222C2207
:1061B000616363657373223A227277227D2C7B229E
:1061C0006E616D65223A22706F6C795F636F6566F0
:1061D00066696369656E745F32222C226964223AB3
:1061E0003533342C2274797065223A22666C6F61E3
:1061F00074222C22616363657373223A22727722C0
:106200007D2C7B226E616D65223A22706F6C795F06
:10621000636F656666696369656E745F33222C22FD
:106220006964223A3533352C2274797065223A221A
:10623000666C6F6174222C22616363657373223A0A
:10624000227277227D2C7B226E616D65223A227448
:10625000656D705F6C696D69745F6C6F77657222D4
:106260002C226964223A3533362C227479706522E7
:106270003A22666C6F6174222C22616363657373CA
:10628000223A227277227D2C7B226E616D65223A42
:106290002274656D705F6C696D69745F757070658F
:1062A00072222C226964223A3533372C2274797099
:1062B00065223A22666C6F6174222C2261636365E9
:1062C0007373223A227277227D2C7B226E616D6578
:1062D000223A22656E61626C6564222C2269642216
:1062E0003A3533382C2274797065223A22626F6F06
:1062F0006C222C22616363657373223A22727722C7
:106300007D5D7D5D7D2C7B226E616D65223A226311
:10631000757272656E745F636F6E74726F6C222C2F
:106320002274797065223A226F626A656374222C46
:10633000226D656D62657273223A5B7B226E616DC0
:1063400065223A22705F6761696E222C226964229D
:106350003A3533392C2274797065223A22666C6F93
:106360006174222C22616363657373223A22722264
:106370007D2C7B226E616D65223A22695F676169BF
:106380006E222C226964223A3534302C22747970C2
:1063900065223A22666C6F6174222C226163636508
:1063A0007373223A2272227D2C7B226E616D6522EC
:1063B0003A22495F6D656173757265645F726570DD
:1063C0006F72745F66696C7465725F6B222C2269F0
:1063D00064223A3534312C2274797065223A22666F
:1063E0006C6F6174222C22616363657373223A229D
:1063F0007277227D2C7B226E616D65223A22496480
:106400005F736574706F696E74222C226964223A1E
:106410003534322C2274797065223A22666C6F61B1
:1064200074222C22616363657373223A2272227D87
:106430002C7B226E616D65223A2249715F7365740F
:10644000706F696E74222C226964223A3534332CC1
:106450002274797065223A22666C6F6174222C2254
:10646000616363657373223A2272227D2C7B226EF4
:10647000616D65223A2256645F736574706F696E50
:1064800074222C226964223A3534342C22747970B7
:1064900065223A22666C6F6174222C226163636507
:1064A0007373223A2272227D2C7B226E616D6522EB
:1064B0003A2256715F736574706F696E74222C2274
:1064C0006964223A3534352C2274797065223A2277
:1064D000666C6F6174222C22616363657373223A68
:1064E0002272227D2C7B226E616D65223A227068B9
:1064F000617365222C226964223A3534362C227469
:10650000797065223A22666C6F6174222C22616375
:1065100063657373223A2272227D2C7B226E616D39
:1065200065223A2270686173655F76656C222C2261
:106530006964223A3534372C2274797065223A2204
:10654000666C6F6174222C22616363657373223AF7
:106550002272227D2C7B226E616D65223A22496176
:106560006C7068615F6D65617375726564222C2261
:106570006964223A3534382C2274797065223A22C3
:10658000666C6F6174222C22616363657373223AB7
:106590002272227D2C7B226E616D65223A22496235
:1065A0006574615F6D65617375726564222C226923
:1065B00064223A3534392C2274797065223A226685
:1065C0006C6F6174222C22616363657373223A22BB
:1065D00072227D2C7B226E616D65223A2249645FB6
:1065E0006D65617375726564222C226964223A3587
:1065F00035302C2274797065223A22666C6F617492
:10660000222C22616363657373223A2272227D2CED
:106610007B226E616D65223A2249715F6D656173FF
:1066200075726564222C226964223A3535312C2238
:1066300074797065223A22666C6F6174222C226133
:106640006363657373223A2272227D2C7B226E6112
:106650006D65223A22706F776572222C226964225E
:106660003A3535322C2274797065223A22666C6F85
:106670006174222C22616363657373223A22722251
:106680007D2C7B226E616D65223A22765F63757286
:1066900072656E745F636F6E74726F6C5F696E7437
:1066A000656772616C5F64222C226964223A353519
:1066B000332C2274797065223A22666C6F617422E1
:1066C0002C22616363657373223A227277227D2CD8
:1066D0007B226E616D65223A22765F637572726508
:1066E0006E745F636F6E74726F6C5F696E746567F2
:1066F00072616C5F71222C226964223A3535342C28
:106700002274797065223A22666C6F6174222C22A1
:10671000616363657373223A227277227D2C7B2238
:106720006E616D65223A2266696E616C5F765F61AB
:106730006C706861222C226964223A3535352C222E
:1067400074797065223A22666C6F6174222C226122
:106750006363657373223A2272227D2C7B226E6101
:106760006D65223A2266696E616C5F765F62657460
:1067700061222C226964223A3535362C22747970D4
:1067800065223A22666C6F6174222C226163636514
:106790007373223A2272227D5D7D2C7B226E616DA5
:1067A00065223A226E5F6576745F63757272656EFC
:1067B000745F6D6561737572656D656E74222C22F0
:1067C0006964223A3535372C2274797065223A2271
:1067D00075696E743332222C226163636573732290
:1067E0003A2272227D2C7B226E616D65223A226EE6
:1067F0005F6576745F70776D5F7570646174652234
:106800002C226964223A3535382C2274797065223D
:106810003A2275696E743332222C22616363657388
:1068200073223A2272227D2C7B226E616D65223AA0
:1068300022636F6E666967222C2274797065223A32
:10684000226F626A656374222C226D656D626572C7
:1068500073223A5B7B226E616D65223A227072650B
:106860005F63616C69627261746564222C22696481
:10687000223A3535392C2274797065223A22626FBA
:106880006F6C222C22616363657373223A227277E4
:10689000227D2C7B226E616D65223A22706F6C65C1
:1068A0005F7061697273222C226964223A35363036
:1068B0002C2274797065223A22696E743332222C4C
:1068C00022616363657373223A227277227D2C7B87
:1068D000226E616D65223A2263616C696272617435
:1068E000696F6E5F63757272656E74222C226964C3
:1068F000223A3536312C2274797065223A22666C40
:106900006F6174222C22616363657373223A227271
:1069100077227D2C7B226E616D65223A227265732F
:10692000697374616E63655F63616C69625F6D61F9
:10693000785F766F6C74616765222C226964223AF5
:106940003536322C2274797065223A22666C6F617A
:1069500074222C22616363657373223A2272772258
:106960007D2C7B226E616D65223A227068617365B1
:106970005F696E64756374616E6365222C2269645D
:10698000223A3536332C2274797065223A22666CAD
:106990006F6174222C22616363657373223A2272E1
:1069A00077227D2C7B226E616D65223A22706861B0
:1069B00073655F726573697374616E6365222C22FF
:1069C0006964223A3536342C2274797065223A2271
:1069D000666C6F6174222C22616363657373223A63
:1069E000227277227D2C7B226E616D65223A2274A1
:1069F0006F727175655F636F6E7374616E74222C54
:106A0000226964223A3536352C2274797065223A2F
:106A100022666C6F6174222C22616363657373223A
:106A20003A227277227D2C7B226E616D65223A229A
:106A30006D6F746F725F74797065222C22696422A5
:106A40003A3536362C2274797065223A2275696E91
:106A50007438222C22616363657373223A22727741
:106A6000227D2C7B226E616D65223A2263757272E3
:106A7000656E745F6C696D222C226964223A35362A
:106A8000372C2274797065223A22666C6F61742209
:106A90002C22616363657373223A227277227D2C04
:106AA0007B226E616D65223A2263757272656E7427
:106AB0005F6C696D5F6D617267696E222C2269641B
:106AC000223A3536382C2274797065223A22666C67
:106AD0006F6174222C22616363657373223A2272A0
:106AE00077227D2C7B226E616D65223A22746F7253
:106AF0007175655F6C696D222C226964223A3536A6
:106B0000392C2274797065223A22666C6F61742286
:106B10002C22616363657373223A227277227D2C83
:106B20007B226E616D65223A22696E7665727465AC
:106B3000725F74656D705F6C696D69745F6C6F779F
:106B40006572222C226964223A3537302C227479FE
:106B50007065223A22666C6F6174222C2261636335
:106B6000657373223A227277227D2C7B226E616DCF
:106B700065223A22696E7665727465725F74656D1E
:106B8000705F6C696D69745F7570706572222C221C
:106B90006964223A3537312C2274797065223A22A1
:106BA000666C6F6174222C22616363657373223A91
:106BB000227277227D2C7B226E616D65223A2272D1
:106BC00065717565737465645F63757272656E7403
:106BD0005F72616E6765222C226964223A35373212
:106BE0002C2274797065223A22666C6F6174222CB3
:106BF00022616363657373223A227277227D2C7B54
:106C0000226E616D65223A2263757272656E745FE1
:106C1000636F6E74726F6C5F62616E6477696474C7
:106C200068222C226964223A3537332C2274797019
:106C300065223A22666C6F6174222C22616363655F
:106C40007373223A227277227D2C7B226E616D65EE
:106C5000223A226163696D5F6761696E5F6D696E7B
:106C60005F666C7578222C226964223A3537342CA1
:106C70002274797065223A22666C6F6174222C222C
:106C8000616363657373223A227277227D2C7B22C3
:106C90006E616D65223A226163696D5F6175746F23
:106CA000666C75785F6D696E5F4964222C22696439
:106CB000223A3537352C2274797065223A22666C77
:106CC0006F6174222C22616363657373223A2272AE
:106CD00077227D2C7B226E616D65223A2261636989
:106CE0006D5F6175746F666C75785F656E61626CFF
:106CF00065222C226964223A3537362C2274797049
:106D000065223A22626F6F6C222C22616363657385
:106D100073223A227277227D2C7B226E616D65226E
:106D20003A226163696D5F6175746F666C75785F37
:106D300061747461636B5F6761696E222C226964A0
:106D4000223A3537372C2274797065223A22666CE4
:106D50006F6174222C22616363657373223A22721D
:106D600077227D2C7B226E616D65223A22616369F8
:106D70006D5F6175746F666C75785F64656361796A
:106D80005F6761696E222C226964223A3537382C9C
:106D90002274797065223A22666C6F6174222C220B
:106DA000616363657373223A227277227D2C7B22A2
:106DB0006E616D65223A22525F774C5F46465F6591
:106DC0006E61626C65222C226964223A3537392C57
:106DD0002274797065223A22626F6F6C222C2261D4
:106DE0006363657373223A227277227D2C7B226E55
:106DF000616D65223A2262454D465F46465F656E8B
:106E000061626C65222C226964223A3538302C226A
:106E100074797065223A22626F6F6C222C22616352
:106E200063657373223A227277227D2C7B226E6116
:106E30006D65223A22495F6275735F686172645FB3
:106E40006D696E222C226964223A3538312C227405
:106E5000797065223A22666C6F6174222C2261631C
:106E600063657373223A227277227D2C7B226E61D6
:106E70006D65223A22495F6275735F686172645F73
:106E80006D6178222C226964223A3538322C2274C2
:106E9000797065223A22666C6F6174222C226163DC
:106EA00063657373223A227277227D2C7B226E6196
:106EB0006D65223A22495F6C65616B5F6D61782276
:106EC0002C226964223A3538332C22747970652279
:106ED0003A22666C6F6174222C226163636573735E
:106EE000223A227277227D2C7B226E616D65223AD6
:106EF0002264635F63616C69625F746175222C2236
:106F00006964223A3538342C2274797065223A2229
:106F1000666C6F6174222C22616363657373223A1D
:106F2000227277227D5D7D5D7D2C7B226E616D6599
:106F3000223A22636F6E74726F6C6C6572222C221F
:106F400074797065223A226F626A656374222C221A
:106F50006D656D62657273223A5B7B226E616D6551
:106F6000223A226572726F72222C226964223A35AB
:106F700038352C2274797065223A2275696E74381E
:106F8000222C22616363657373223A227277227D19
:106F90002C7B226E616D65223A226C6173745F6591
:106FA00072726F725F74696D65222C226964223A75
:106FB0003538362C2274797065223A22666C6F61FE
:106FC00074222C22616363657373223A22727722E2
:106FD0007D2C7B226E616D65223A22696E7075741C
:106FE0005F706F73222C226964223A3538372C2265
:106FF00074797065223A22666C6F6174222C22616A
:107000006363657373223A227277227D2C7B226E32
:10701000616D65223A22696E7075745F76656C22C7
:107020002C226964223A3538382C22747970652212
:107030003A22666C6F6174222C22616363657373FC
:10704000223A227277227D2C7B226E616D65223A74
:1070500022696E7075745F746F72717565222C226F
:107060006964223A3538392C2274797065223A22C3
:10707000666C6F6174222C22616363657373223ABC
:10708000227277227D2C7B226E616D65223A2270FE
:107090006F735F736574706F696E74222C226964FC
:1070A000223A3539302C2274797065223A22666C86
:1070B0006F6174222C22616363657373223A2272BA
:1070C000227D2C7B226E616D65223A2276656C5F93
:1070D000736574706F696E74222C226964223A356C
:1070E00039312C2274797065223A22666C6F617492
:1070F000222C22616363657373223A2272227D2CF3
:107100007B226E616D65223A22746F727175655FC4
:10711000736574706F696E74222C226964223A352B
:1071200039322C2274797065223A22666C6F617450
:10713000222C22616363657373223A2272227D2CB2
:107140007B226E616D65223A227472616A65637496
:107150006F72795F646F6E65222C226964223A3502
:1071600039332C2274797065223A22626F6F6C2257
:107170002C22616363657373223A2272227D2C7B19
:10718000226E616D65223A2276656C5F696E746568
:10719000677261746F725F746F72717565222C22F1
:1071A0006964223A3539342C2274797065223A2286
:1071B000666C6F6174222C22616363657373223A7B
:1071C000227277227D2C7B226E616D65223A2261CC
:1071D0006E7469636F6767696E675F76616C696417
:1071E000222C226964223A3539352C227479706553
:1071F000223A22626F6F6C222C2261636365737383
:10720000223A227277227D2C7B226E616D65223AB2
:10721000226175746F74756E696E675F70686173F3
:1072200065222C226964223A3539362C2274797011
:1072300065223A22666C6F6174222C226163636559
:107240007373223A227277227D2C7B226E616D65E8
:10725000223A22636F6E666967222C227479706508
:10726000223A226F626A656374222C226D656D6218
:10727000657273223A5B7B226E616D65223A2267EA
:1072800061696E5F7363686564756C696E675F776B
:1072900069647468222C226964223A3539372C22B9
:1072A00074797065223A22666C6F6174222C2261B7
:1072B0006363657373223A227277227D2C7B226E80
:1072C000616D65223A22656E61626C655F76656C00
:1072D0005F6C696D6974222C226964223A353938F1
:1072E0002C2274797065223A22626F6F6C222C22F4
:1072F000616363657373223A227277227D2C7B224D
:107300006E616D65223A22656E61626C655F746FB5
:10731000727175655F6D6F64655F76656C5F6C69D2
:107320006D6974222C226964223A3539392C227411
:10733000797065223A22626F6F6C222C226163633E
:10734000657373223A227277227D2C7B226E616DE7
:1073500065223A22656E61626C655F6761696E5F86
:107360007363686564756C696E67222C2269642298
:107370003A3630302C2274797065223A22626F6F6F
:107380006C222C22616363657373223A2272772226
:107390007D2C7B226E616D65223A22656E61626C86
:1073A000655F6F76657273706565645F6572726F35
:1073B00072222C226964223A3630312C2274797080
:1073C00065223A22626F6F6C222C226163636573BF
:1073D00073223A227277227D2C7B226E616D6522A8
:1073E0003A22636F6E74726F6C5F6D6F6465222CEE
:1073F000226964223A3630322C2274797065223A3E
:107400002275696E7438222C22616363657373225E
:107410003A227277227D2C7B226E616D65223A22A0
:10742000696E7075745F6D6F6465222C22696422C9
:107430003A3630332C2274797065223A2275696E9F
:107440007438222C22616363657373223A22727747
:10745000227D2C7B226E616D65223A22706F735FF4
:107460006761696E222C226964223A3630342C22FC
:1074700074797065223A22666C6F6174222C2261E5
:107480006363657373223A227277227D2C7B226EAE
:10749000616D65223A2276656C5F6761696E222CA8
:1074A000226964223A3630352C2274797065223A8A
:1074B00022666C6F6174222C226163636573732290
:1074C0003A227277227D2C7B226E616D65223A22F0
:1074D00076656C5F696E7465677261746F725F6701
:1074E00061696E222C226964223A3630362C22746D
:1074F000797065223A22666C6F6174222C22616376
:1075000063657373223A227277227D2C7B226E612F
:107510006D65223A2276656C5F696E74656772618B
:10752000746F725F6C696D6974222C226964223AEF
:107530003630372C2274797065223A22666C6F617E
:1075400074222C22616363657373223A227277225C
:107550007D2C7B226E616D65223A2276656C5F6CB4
:10756000696D6974222C226964223A3630382C22E3
:1075700074797065223A22666C6F6174222C2261E4
:107580006363657373223A227277227D2C7B226EAD
:10759000616D65223A2276656C5F6C696D69745F16
:1075A000746F6C6572616E6365222C226964223A85
:1075B0003630392C2274797065223A22666C6F61FC
:1075C00074222C22616363657373223A22727722DC
:1075D0007D2C7B226E616D65223A2276656C5F722E
:1075E000616D705F72617465222C226964223A3683
:1075F00031302C2274797065223A22666C6F617486
:10760000222C22616363657373223A227277227D92
:107610002C7B226E616D65223A22746F72717565E2
:107620005F72616D705F72617465222C22696422E1
:107630003A3631312C2274797065223A22666C6FA9
:107640006174222C22616363657373223A2272771C
:10765000227D2C7B226E616D65223A226369726302
:10766000756C61725F736574706F696E7473222CD0
:10767000226964223A3631322C2274797065223ABA
:1076800022626F6F6C222C22616363657373223AEE
:10769000227277227D2C7B226E616D65223A2263F5
:1076A000697263756C61725F736574706F696E7413
:1076B0005F72616E6765222C226964223A3631332B
:1076C0002C2274797065223A22666C6F6174222CC8
:1076D00022616363657373223A227277227D2C7B69
:1076E000226E616D65223A2273746570735F7065F6
:1076F000725F63697263756C61725F72616E6765F8
:10770000222C226964223A3631342C227479706535
:10771000223A22696E743332222C226163636573CC
:1077200073223A227277227D2C7B226E616D652254
:107730003A22686F6D696E675F7370656564222CAD
:10774000226964223A3631352C2274797065223AE6
:1077500022666C6F6174222C2261636365737322ED
:107760003A227277227D2C7B226E616D65223A224D
:10777000696E6572746961222C226964223A36311D
:10778000362C2274797065223A22666C6F617422FD
:107790002C22616363657373223A227277227D2CF7
:1077A0007B226E616D65223A22617869735F746F26
:1077B0005F6D6972726F72222C226964223A3631CF
:1077C000372C2274797065223A2275696E743822DA
:1077D0002C22616363657373223A227277227D2CB7
:1077E0007B226E616D65223A226D6972726F725FE3
:1077F000726174696F222C226964223A3631382C06
:107800002274797065223A22666C6F6174222C2290
:10781000616363657373223A227277227D2C7B2227
:107820006E616D65223A22746F727175655F6D6964
:1078300072726F725F726174696F222C22696422A6
:107840003A3631392C2274797065223A22666C6F8F
:107850006174222C22616363657373223A2272770A
:10786000227D2C7B226E616D65223A226C6F6164F1
:107870005F656E636F6465725F61786973222C2245
:107880006964223A3632302C2274797065223A22A9
:1078900075696E7438222C22616363657373223AB2
:1078A000227277227D2C7B226E616D65223A2269DD
:1078B0006E7075745F66696C7465725F62616E6428
:1078C0007769647468222C226964223A3632312C3A
:1078D0002274797065223A22666C6F6174222C22C0
:1078E000616363657373223A227277227D2C7B2257
:1078F0006E616D65223A22616E7469636F676769B4
:107900006E67222C2274797065223A226F626A6552
:107910006374222C226D656D62657273223A5B7B03
:10792000226E616D65223A22696E646578222C228E
:107930006964223A3632322C2274797065223A22F6
:1079400075696E743332222C22616363657373220E
:107950003A2272227D2C7B226E616D65223A227062
:1079600072655F63616C69627261746564222C2266
:107970006964223A3632332C2274797065223A22B5
:10798000626F6F6C222C22616363657373223A22EB
:107990007277227D2C7B226E616D65223A226361B3
:1079A0006C69625F616E7469636F6767696E672295
:1079B0002C226964223A3632342C22747970652282
:1079C0003A22626F6F6C222C2261636365737322AB
:1079D0003A2272227D2C7B226E616D65223A2263EF
:1079E000616C69625F706F735F7468726573686FF2
:1079F0006C64222C226964223A3632352C22747946
:107A00007065223A22666C6F6174222C2261636376
:107A1000657373223A227277227D2C7B226E616D10
:107A200065223A2263616C69625F76656C5F746897
:107A3000726573686F6C64222C226964223A363254
:107A4000362C2274797065223A22666C6F6174223A
:107A50002C22616363657373223A227277227D2C34
:107A60007B226E616D65223A22636F6767696E677C
:107A70005F726174696F222C226964223A36323750
:107A80002C2274797065223A22666C6F6174222C04
:107A900022616363657373223A2272227D2C7B22FA
:107AA0006E616D65223A22616E7469636F67676902
:107AB0006E675F656E61626C6564222C2269642268
:107AC0003A3632382C2274797065223A22626F6F0E
:107AD0006C222C22616363657373223A22727722CF
:107AE0007D5D7D2C7B226E616D65223A226D656322
:107AF00068616E6963616C5F706F7765725F626108
:107B00006E647769647468222C226964223A363282
:107B1000392C2274797065223A22666C6F61742266
:107B20002C22616363657373223A227277227D2C63
:107B30007B226E616D65223A22656C6563747269A1
:107B400063616C5F706F7765725F62616E647769A5
:107B5000647468222C226964223A3633302C2274F1
:107B6000797065223A22666C6F6174222C226163FF
:107B700063657373223A227277227D2C7B226E61B9
:107B80006D65223A227370696E6F75745F6D6563FF
:107B900068616E6963616C5F706F7765725F74684E
:107BA000726573686F6C64222C226964223A3633E2
:107BB000312C2274797065223A22666C6F617422CE
:107BC0002C22616363657373223A227277227D2CC3
:107BD0007B226E616D65223A227370696E6F7574D7
:107BE0005F656C656374726963616C5F706F776504
:107BF000725F7468726573686F6C64222C226964AA
:107C0000223A3633322C2274797065223A22666C1D
:107C10006F6174222C22616363657373223A22724E
:107C200077227D5D7D2C7B226E616D65223A22611B
:107C300075746F74756E696E67222C227479706525
:107C4000223A226F626A656374222C226D656D622E
:107C5000657273223A5B7B226E616D65223A226601
:107C600072657175656E6379222C226964223A36D9
:107C700033332C2274797065223A22666C6F6174FA
:107C8000222C22616363657373223A227277227D0C
:107C90002C7B226E616D65223A22706F735F616D7D
:107CA000706C6974756465222C226964223A3633DB
:107CB000342C2274797065223A22666C6F617422CA
:107CC0002C22616363657373223A227277227D2CC2
:107CD0007B226E616D65223A2276656C5F616D7004
:107CE0006C6974756465222C226964223A363335D6
:107CF0002C2274797065223A22666C6F6174222C92
:107D000022616363657373223A227277227D2C7B32
:107D1000226E616D65223A22746F727175655F61C2
:107D20006D706C6974756465222C226964223A3620
:107D300033362C2274797065223A22666C6F617436
:107D4000222C22616363657373223A227277227D4B
:107D50005D7D2C7B226E616D65223A226D656368C4
:107D6000616E6963616C5F706F776572222C226946
:107D700064223A3633372C2274797065223A2266AF
:107D80006C6F6174222C22616363657373223A22E3
:107D900072227D2C7B226E616D65223A22656C65B4
:107DA0006374726963616C5F706F776572222C22F5
:107DB0006964223A3633382C2274797065223A226B
:107DC000666C6F6174222C22616363657373223A5F
:107DD0002272227D2C7B226E616D65223A226D6FAC
:107DE00076655F696E6372656D656E74616C222C79
:107DF000226964223A3633392C2274797065223A2A
:107E00002266756E6374696F6E222C22696E7075BE
:107E10007473223A5B7B226E616D65223A2264693B
:107E200073706C6163656D656E74222C22696422C7
:107E30003A3634302C2274797065223A22666C6F9F
:107E40006174222C22616363657373223A22727714
:107E5000227D2C7B226E616D65223A2266726F6DE7
:107E60005F696E7075745F706F73222C2269642273
:107E70003A3634312C2274797065223A22626F6F5F
:107E80006C222C22616363657373223A227277221B
:107E90007D5D2C226F757470757473223A5B5D7D05
:107EA0002C7B226E616D65223A2273746172745F5D
:107EB000616E7469636F6767696E675F63616C6940
:107EC00062726174696F6E222C226964223A3634C0
:107ED000322C2274797065223A2266756E63746959
:107EE0006F6E222C22696E70757473223A5B5D2C62
:107EF000226F757470757473223A5B5D7D2C7B22E2
:107F00006E616D65223A2272656D6F76655F616E96
:107F10007469636F6767696E675F62696173222C5A
:107F2000226964223A3634332C2274797065223AFD
:107F30002266756E6374696F6E222C22696E70758D
:107F40007473223A5B5D2C226F75747075747322A2
:107F50003A5B7B226E616D65223A2276616C222C3F
:107F6000226964223A3634342C2274797065223ABC
:107F700022666C6F6174222C2261636365737322C5
:107F80003A2272227D5D7D2C7B226E616D65223AE4
:107F9000226765745F616E7469636F6767696E6796
:107FA0005F76616C7565222C226964223A3634351D
:107FB0002C2274797065223A2266756E6374696F3B
:107FC0006E222C22696E70757473223A5B7B226E6E
:107FD000616D65223A22696E646578222C2269649B
:107FE000223A3634362C2274797065223A22756929
:107FF0006E743332222C22616363657373223A22DA
:108000007277227D5D2C226F757470757473223ABD
:108010005B7B226E616D65223A2276616C222C2296
:108020006964223A3634372C2274797065223A22F8
:10803000666C6F6174222C22616363657373223AEC
:108040002272227D5D7D5D7D2C7B226E616D6522BD
:108050003A22656E636F646572222C2274797065B2
:10806000223A226F626A656374222C226D656D620A
:10807000657273223A5B7B226E616D65223A2265DE
:1080800072726F72222C226964223A3634382C22A2
:1080900074797065223A2275696E743136222C2209
:1080A000616363657373223A227277227D2C7B228F
:1080B0006E616D65223A2269735F7265616479222F
:1080C0002C226964223A3634392C22747970652264
:1080D0003A22626F6F6C222C226163636573732294
:1080E0003A2272227D2C7B226E616D65223A2269D2
:1080F0006E6465785F666F756E64222C22696422F7
:108100003A3635302C2274797065223A22626F6FCC
:108110006C222C22616363657373223A2272227D82
:108120002C7B226E616D65223A22736861646F77E1
:108130005F636F756E74222C226964223A36353182
:108140002C2274797065223A22696E743332222CA3
:1081500022616363657373223A2272227D2C7B2233
:108160006E616D65223A22636F756E745F696E5F32
:10817000637072222C226964223A3635322C2274C2
:10818000797065223A22696E743332222C2261633F
:1081900063657373223A2272227D2C7B226E616D9D
:1081A00065223A22696E746572706F6C6174696FD2
:1081B0006E222C226964223A3635332C227479706F
:1081C00065223A22666C6F6174222C2261636365BA
:1081D0007373223A2272227D2C7B226E616D65229E
:1081E0003A227068617365222C226964223A36351E
:1081F000342C2274797065223A22666C6F61742285
:108200002C22616363657373223A2272227D2C7B78
:10821000226E616D65223A22706F735F65737469B7
:108220006D617465222C226964223A3635352C2220
:1082300074797065223A22666C6F6174222C226117
:108240006363657373223A2272227D2C7B226E61F6
:108250006D65223A22706F735F657374696D617426
:10826000655F636F756E7473222C226964223A36DF
:1082700035362C2274797065223A22666C6F6174EF
:10828000222C22616363657373223A2272227D2C51
:108290007B226E616D65223A22706F735F63697233
:1082A00063756C6172222C226964223A3635372C50
:1082B0002274797065223A22666C6F6174222C22D6
:1082C000616363657373223A2272227D2C7B226E76
:1082D000616D65223A22706F735F6370725F636FC6
:1082E000756E7473222C226964223A3635382C223A
:1082F00074797065223A22666C6F6174222C226157
:108300006363657373223A2272227D2C7B226E6135
:108310006D65223A2264656C74615F706F735F6390
:1083200070725F636F756E7473222C226964223AD7
:108330003635392C2274797065223A22666C6F6169
:1083400074222C22616363657373223A2272227D48
:108350002C7B226E616D65223A2268616C6C5F73C2
:1083600074617465222C226964223A3636302C22DC
:1083700074797065223A2275696E7438222C2261F4
:108380006363657373223A2272227D2C7B226E61B5
:108390006D65223A2276656C5F657374696D6174F0
:1083A00065222C226964223A3636312C2274797087
:1083B00065223A22666C6F6174222C2261636365C8
:1083C0007373223A2272227D2C7B226E616D6522AC
:1083D0003A2276656C5F657374696D6174655F637D
:1083E0006F756E7473222C226964223A3636322CF1
:1083F0002274797065223A22666C6F6174222C2295
:10840000616363657373223A2272227D2C7B226E34
:10841000616D65223A2263616C69625F7363616EAC
:108420005F726573706F6E7365222C226964223AE5
:108430003636332C2274797065223A22666C6F616D
:1084400074222C22616363657373223A2272227D47
:108450002C7B226E616D65223A22706F735F6162C0
:1084600073222C226964223A3636342C22747970B5
:1084700065223A22696E743332222C22616363656D
:108480007373223A227277227D2C7B226E616D6596
:10849000223A227370695F6572726F725F726174E3
:1084A00065222C226964223A3636352C2274797082
:1084B00065223A22666C6F6174222C2261636365C7
:1084C0007373223A2272227D2C7B226E616D6522AB
:1084D0003A22636F6E666967222C22747970652276
:1084E0003A226F626A656374222C226D656D626543
:1084F0007273223A5B7B226E616D65223A226D6F48
:108500006465222C226964223A3636362C2274792C
:108510007065223A2275696E743136222C226163AD
:1085200063657373223A227277227D2C7B226E61FF
:108530006D65223A227573655F696E646578222CD9
:10854000226964223A3636372C2274797065223AD1
:1085500022626F6F6C222C22616363657373223A0F
:10856000227277227D2C7B226E616D65223A226910
:108570006E6465785F6F6666736574222C22696429
:10858000223A3636382C2274797065223A22666C8B
:108590006F6174222C22616363657373223A2272C5
:1085A00077227D2C7B226E616D65223A2275736580
:1085B0005F696E6465785F6F6666736574222C22EE
:1085C0006964223A3636392C2274797065223A224F
:1085D000626F6F6C222C22616363657373223A228F
:1085E0007277227D2C7B226E616D65223A2266694C
:1085F0006E645F6964785F6F6E5F6C6F636B696EEA
:108600005F6F6E6C79222C226964223A3637302CE7
:108610002274797065223A22626F6F6C222C22617B
:108620006363657373223A227277227D2C7B226EFC
:10863000616D65223A226162735F7370695F637373
:108640005F6770696F5F70696E222C226964223ADD
:108650003637312C2274797065223A2275696E742E
:108660003136222C22616363657373223A2272775A
:10867000227D2C7B226E616D65223A22637072220C
:108680002C226964223A3637322C227479706522A2
:108690003A22696E743332222C22616363657373EC
:1086A000223A227277227D2C7B226E616D65223AFE
:1086B0002270686173655F6F6666736574222C2231
:1086C0006964223A3637332C2274797065223A2253
:1086D000696E743332222C22616363657373223AAC
:1086E000227277227D2C7B226E616D65223A227088
:1086F000686173655F6F66667365745F666C6F61F2
:1087000074222C226964223A3637342C2274797010
:1087100065223A22666C6F6174222C226163636564
:108720007373223A227277227D2C7B226E616D65F3
:10873000223A22646972656374696F6E222C226921
:1087400064223A3637352C2274797065223A2269D0
:108750006E743332222C22616363657373223A2272
:108760007277227D2C7B226E616D65223A227072B7
:10877000655F63616C69627261746564222C226951
:1087800064223A3637362C2274797065223A226296
:108790006F6F6C222C22616363657373223A2272BD
:1087A00077227D2C7B226E616D65223A22656E6197
:1087B000626C655F70686173655F696E7465727025
:1087C0006F6C6174696F6E222C226964223A3637AD
:1087D000372C2274797065223A22626F6F6C222CDA
:1087E00022616363657373223A227277227D2C7B48
:1087F000226E616D65223A2262616E6477696474EB
:1088000068222C226964223A3637382C2274797017
:1088100065223A22666C6F6174222C226163636563
:108820007373223A227277227D2C7B226E616D65F2
:10883000223A2263616C69625F72616E6765222C05
:10884000226964223A3637392C2274797065223ACB
:1088500022666C6F6174222C2261636365737322DC
:108860003A227277227D2C7B226E616D65223A223C
:1088700063616C69625F7363616E5F646973746185
:108880006E6365222C226964223A3638302C2274B9
:10889000797065223A22666C6F6174222C226163C2
:1088A00063657373223A227277227D2C7B226E617C
:1088B0006D65223A2263616C69625F7363616E5F0A
:1088C0006F6D656761222C226964223A3638312C3B
:1088D0002274797065223A22666C6F6174222C22B0
:1088E000616363657373223A227277227D2C7B2247
:1088F0006E616D65223A2269676E6F72655F696CA1
:108900006C6567616C5F68616C6C5F7374617465E2
:10891000222C226964223A3638322C22747970650E
:10892000223A22626F6F6C222C226163636573733B
:10893000223A227277227D2C7B226E616D65223A6B
:108940002268616C6C5F706F6C6172697479222C43
:10895000226964223A3638332C2274797065223ABF
:108960002275696E7438222C2261636365737322E9
:108970003A227277227D2C7B226E616D65223A222B
:1089800068616C6C5F706F6C61726974795F636150
:108990006C69627261746564222C226964223A36C1
:1089A00038342C2274797065223A22626F6F6C22FF
:1089B0002C22616363657373223A227277227D2CC5
:1089C0007B226E616D65223A2273696E636F735FFD
:1089D0006770696F5F70696E5F73696E222C2269C0
:1089E00064223A3638352C2274797065223A227521
:1089F000696E743136222C22616363657373223A87
:108A0000227277227D2C7B226E616D65223A227361
:108A1000696E636F735F6770696F5F70696E5F63C4
:108A20006F73222C226964223A3638362C227479EC
:108A30007065223A2275696E743136222C22616388
:108A400063657373223A227277227D5D7D2C7B22CF
:108A50006E616D65223A227365745F6C696E656143
:108A6000725F636F756E74222C226964223A363805
:108A7000372C2274797065223A2266756E637469A8
:108A80006F6E222C22696E70757473223A5B7B22A2
:108A90006E616D65223A22636F756E74222C2269B5
:108AA00064223A3638382C2274797065223A226969
:108AB0006E743332222C22616363657373223A220F
:108AC0007277227D5D2C226F757470757473223AF3
:108AD0005B5D7D5D7D2C7B226E616D65223A22613E
:108AE00063696D5F657374696D61746F72222C22A6
:108AF00074797065223A226F626A656374222C224F
:108B00006D656D62657273223A5B7B226E616D6585
:108B1000223A22726F746F725F666C7578222C2213
:108B20006964223A3638392C2274797065223A22E7
:108B3000666C6F6174222C22616363657373223AE1
:108B40002272227D2C7B226E616D65223A22736C2B
:108B500069705F76656C222C226964223A3639305E
:108B60002C2274797065223A22666C6F6174222C13
:108B700022616363657373223A2272227D2C7B2209
:108B80006E616D65223A2270686173655F6F66661B
:108B9000736574222C226964223A3639312C22748E
:108BA000797065223A22666C6F6174222C226163AF
:108BB00063657373223A2272227D2C7B226E616D73
:108BC00065223A22737461746F725F7068617365B5
:108BD0005F76656C222C226964223A3639322C2267
:108BE00074797065223A22666C6F6174222C22615E
:108BF0006363657373223A2272227D2C7B226E613D
:108C00006D65223A22737461746F725F706861736C
:108C100065222C226964223A3639332C2274797009
:108C200065223A22666C6F6174222C22616363654F
:108C30007373223A2272227D2C7B226E616D652233
:108C40003A22636F6E666967222C227479706522FE
:108C50003A226F626A656374222C226D656D6265CB
:108C60007273223A5B7B226E616D65223A22736CCD
:108C700069705F76656C6F63697479222C22696410
:108C8000223A3639342C2274797065223A22666C85
:108C90006F6174222C22616363657373223A2272BE
:108CA00077227D5D7D5D7D2C7B226E616D65223A34
:108CB0002273656E736F726C6573735F657374692D
:108CC0006D61746F72222C2274797065223A226F62
:108CD000626A656374222C226D656D62657273220F
:108CE0003A5B7B226E616D65223A226572726F7209
:108CF000222C226964223A3639352C227479706527
:108D0000223A2275696E7438222C2261636365737E
:108D100073223A227277227D2C7B226E616D65224E
:108D20003A227068617365222C226964223A3639CE
:108D3000362C2274797065223A22666C6F61742237
:108D40002C22616363657373223A2272227D2C7B2D
:108D5000226E616D65223A22706C6C5F706F7322B7
:108D60002C226964223A3639372C227479706522B4
:108D70003A22666C6F6174222C226163636573739F
:108D8000223A2272227D2C7B226E616D65223A226C
:108D900070686173655F76656C222C226964223A83
:108DA0003639382C2274797065223A22666C6F61EC
:108DB00074222C22616363657373223A2272227DCE
:108DC0002C7B226E616D65223A2276656C5F65733D
:108DD00074696D617465222C226964223A363939CE
:108DE0002C2274797065223A22666C6F6174222C91
:108DF00022616363657373223A2272227D2C7B2287
:108E00006E616D65223A22636F6E666967222C225D
:108E100074797065223A226F626A656374222C222B
:108E20006D656D62657273223A5B7B226E616D6562
:108E3000223A226F627365727665725F6761696E4E
:108E4000222C226964223A3730302C2274797065E2
:108E5000223A22666C6F6174222C2261636365730F
:108E600073223A227277227D2C7B226E616D6522FD
:108E70003A22706C6C5F62616E6477696474682218
:108E80002C226964223A3730312C227479706522A1
:108E90003A22666C6F6174222C226163636573737E
:108EA000223A227277227D2C7B226E616D65223AF6
:108EB00022706D5F666C75785F6C696E6B6167655B
:108EC000222C226964223A3730322C227479706560
:108ED000223A22666C6F6174222C2261636365738F
:108EE00073223A227277227D5D7D5D7D2C7B226E1E
:108EF000616D65223A22747261705F7472616A22D8
:108F00002C2274797065223A226F626A656374223A
:108F10002C226D656D62657273223A5B7B226E61F5
:108F20006D65223A22636F6E666967222C2274791E
:108F30007065223A226F626A656374222C226D6525
:108F40006D62657273223A5B7B226E616D65223AB7
:108F50002276656C5F6C696D6974222C22696422CB
:108F60003A3730332C2274797065223A22666C6F5E
:108F70006174222C22616363657373223A227277D3
:108F8000227D2C7B226E616D65223A2261636365CE
:108F90006C5F6C696D6974222C226964223A3730E7
:108FA000342C2274797065223A22666C6F617422C7
:108FB0002C22616363657373223A227277227D2CBF
:108FC0007B226E616D65223A22646563656C5F6C1D
:108FD000696D6974222C226964223A3730352C225B
:108FE00074797065223A22666C6F6174222C22615A
:108FF0006363657373223A227277227D5D7D5D7DA6
:109000002C7B226E616D65223A226D696E5F656E02
:109010006473746F70222C2274797065223A226F07
:10902000626A656374222C226D656D6265727322BB
:109030003A5B7B226E616D65223A22656E647374C1
:109040006F705F7374617465222C226964223A37F1
:1090500030362C2274797065223A22626F6F6C224E
:109060002C22616363657373223A2272227D2C7B0A
:10907000226E616D65223A22636F6E666967222CEB
:109080002274797065223A226F626A656374222CB9
:10909000226D656D62657273223A5B7B226E616D33
:1090A00065223A226770696F5F6E756D222C2269A6
:1090B00064223A3730372C2274797065223A22754F
:1090C000696E743136222C22616363657373223AB0
:1090D000227277227D2C7B226E616D65223A226599
:1090E0006E61626C6564222C226964223A373038E2
:1090F0002C2274797065223A22626F6F6C222C22C6
:10910000616363657373223A227277227D2C7B221E
:109110006E616D65223A226F6666736574222C2239
:109120006964223A3730392C2274797065223A22E8
:10913000666C6F6174222C22616363657373223ADB
:10914000227277227D2C7B226E616D65223A226924
:10915000735F6163746976655F68696768222C2252
:109160006964223A3731302C2274797065223A22B0
:10917000626F6F6C222C22616363657373223A22E3
:109180007277227D2C7B226E616D65223A226465A6
:10919000626F756E63655F6D73222C226964223A7B
:1091A0003731312C2274797065223A2275696E74D8
:1091B0003332222C22616363657373223A22727701
:1091C000227D5D7D5D7D2C7B226E616D65223A2264
:1091D0006D61785F656E6473746F70222C22747990
:1091E0007065223A226F626A656374222C226D6573
:1091F0006D62657273223A5B7B226E616D65223A05
:1092000022656E6473746F705F7374617465222C71
:10921000226964223A3731322C2274797065223AFD
:1092200022626F6F6C222C22616363657373223A32
:109230002272227D2C7B226E616D65223A22636F41
:109240006E666967222C2274797065223A226F62F9
:109250006A656374222C226D656D62657273223AB1
:109260005B7B226E616D65223A226770696F5F6E6B
:10927000756D222C226964223A3731332C2274799D
:109280007065223A2275696E743136222C22616330
:1092900063657373223A227277227D2C7B226E6182
:1092A0006D65223A22656E61626C6564222C2269CA
:1092B00064223A3731342C2274797065223A226262
:1092C0006F6F6C222C22616363657373223A227282
:1092D00077227D2C7B226E616D65223A226F666655
:1092E000736574222C226964223A3731352C22743A
:1092F000797065223A22666C6F6174222C22616358
:1093000063657373223A227277227D2C7B226E6111
:109310006D65223A2269735F6163746976655F687F
:10932000696768222C226964223A3731362C22740C
:10933000797065223A22626F6F6C222C226163631E
:10934000657373223A227277227D2C7B226E616DC7
:1093500065223A226465626F756E63655F6D732284
:109360002C226964223A3731372C227479706522B5
:109370003A2275696E743332222C226163636573FD
:1093800073223A227277227D5D7D5D7D2C7B226E79
:10939000616D65223A226D656368616E6963616C17
:1093A0005F6272616B65222C2274797065223A22A9
:1093B0006F626A656374222C226D656D62657273DB
:1093C000223A5B7B226E616D65223A22636F6E6684
:1093D0006967222C2274797065223A226F626A656D
:1093E0006374222C226D656D62657273223A5B7B19
:1093F000226E616D65223A226770696F5F6E756DCE
:10940000222C226964223A3731382C227479706513
:10941000223A2275696E743136222C2261636365AB
:109420007373223A227277227D2C7B226E616D65E6
:10943000223A2269735F6163746976655F6C6F7746
:10944000222C226964223A3731392C2274797065D2
:10945000223A22626F6F6C222C2261636365737300
:10946000223A227277227D5D7D2C7B226E616D65B2
:10947000223A22656E67616765222C226964223A6E
:109480003732302C2274797065223A2266756E6309
:1094900074696F6E222C22696E70757473223A5B48
:1094A0005D2C226F757470757473223A5B5D7D2C30
:1094B0007B226E616D65223A2272656C656173650F
:1094C000222C226964223A3732312C227479706559
:1094D000223A2266756E6374696F6E222C22696E61
:1094E00070757473223A5B5D2C226F75747075749D
:1094F00073223A5B5D7D5D7D2C7B226E616D652202
:109500003A227461736B5F74696D6573222C2274E7
:10951000797065223A226F626A656374222C226D2B
:10952000656D62657273223A5B7B226E616D6522A6
:109530003A22746865726D6973746F725F757064D6
:10954000617465222C2274797065223A226F626AF6
:10955000656374222C226D656D62657273223A5BBD
:109560007B226E616D65223A2273746172745F743E
:10957000696D65222C226964223A3732322C2274BA
:10958000797065223A2275696E743332222C226119
:109590006363657373223A2272227D2C7B226E6193
:1095A0006D65223A22656E645F74696D65222C22B6
:1095B0006964223A3732332C2274797065223A2258
:1095C00075696E743332222C226163636573732272
:1095D0003A2272227D2C7B226E616D65223A226CCA
:1095E000656E677468222C226964223A3732342C03
:1095F0002274797065223A2275696E743332222C96
:1096000022616363657373223A2272227D2C7B226E
:109610006E616D65223A226D61785F6C656E67746C
:1096200068222C226964223A3732352C22747970F0
:1096300065223A2275696E743332222C226163638B
:10964000657373223A227277227D5D7D2C7B226EB8
:10965000616D65223A22656E636F6465725F757035
:1096600064617465222C2274797065223A226F62DB
:109670006A656374222C226D656D62657273223A8D
:109680005B7B226E616D65223A2273746172745F36
:1096900074696D65222C226964223A3732362C2295
:1096A00074797065223A2275696E743332222C22E5
:1096B000616363657373223A2272227D2C7B226E72
:1096C000616D65223A22656E645F74696D65222C56
:1096D000226964223A3732372C2274797065223A33
:1096E0002275696E743332222C2261636365737351
:1096F000223A2272227D2C7B226E616D65223A22F3
:109700006C656E677468222C226964223A3732389D
:109710002C2274797065223A2275696E7433322274
:109720002C22616363657373223A2272227D2C7B43
:10973000226E616D65223A226D61785F6C656E679D
:109740007468222C226964223A3732392C227479C7
:109750007065223A2275696E743332222C2261635D
:1097600063657373223A227277227D5D7D2C7B22A2
:109770006E616D65223A2273656E736F726C6573EC
:10978000735F657374696D61746F725F7570646126
:109790007465222C2274797065223A226F626A65A0
:1097A0006374222C226D656D62657273223A5B7B55
:1097B000226E616D65223A2273746172745F7469FE
:1097C0006D65222C226964223A3733302C22747959
:1097D0007065223A2275696E743332222C226163DD
:1097E00063657373223A2272227D2C7B226E616D37
:1097F00065223A22656E645F74696D65222C226968
:1098000064223A3733312C2274797065223A2275FA
:10981000696E743332222C22616363657373223A5A
:109820002272227D2C7B226E616D65223A226C654C
:109830006E677468222C226964223A3733322C22F4
:1098400074797065223A2275696E743332222C2243
:10985000616363657373223A2272227D2C7B226ED0
:10986000616D65223A226D61785F6C656E67746820
:10987000222C226964223A3733332C2274797065A2
:10988000223A2275696E743332222C226163636539
:109890007373223A227277227D5D7D2C7B226E616A
:1098A0006D65223A22656E6473746F705F757064C3
:1098B000617465222C2274797065223A226F626A83
:1098C000656374222C226D656D62657273223A5B4A
:1098D0007B226E616D65223A2273746172745F74CB
:1098E000696D65222C226964223A3733342C227444
:1098F000797065223A2275696E743332222C2261A6
:109900006363657373223A2272227D2C7B226E611F
:109910006D65223A22656E645F74696D65222C2242
:109920006964223A3733352C2274797065223A22E1
:1099300075696E743332222C2261636365737322FE
:109940003A2272227D2C7B226E616D65223A226C56
:10995000656E677468222C226964223A3733362C8C
:109960002274797065223A2275696E743332222C22
:1099700022616363657373223A2272227D2C7B22FB
:109980006E616D65223A226D61785F6C656E6774F9
:1099900068222C226964223A3733372C227479707A
:1099A00065223A2275696E743332222C2261636318
:1099B000657373223A227277227D5D7D2C7B226E45
:1099C000616D65223A2263616E5F686561727462DF
:1099D000656174222C2274797065223A226F626A62
:1099E000656374222C226D656D62657273223A5B29
:1099F0007B226E616D65223A2273746172745F74AA
:109A0000696D65222C226964223A3733382C22741E
:109A1000797065223A2275696E743332222C226184
:109A20006363657373223A2272227D2C7B226E61FE
:109A30006D65223A22656E645F74696D65222C2221
:109A40006964223A3733392C2274797065223A22BC
:109A500075696E743332222C2261636365737322DD
:109A60003A2272227D2C7B226E616D65223A226C35
:109A7000656E677468222C226964223A3734302C70
:109A80002274797065223A2275696E743332222C01
:109A900022616363657373223A2272227D2C7B22DA
:109AA0006E616D65223A226D61785F6C656E6774D8
:109AB00068222C226964223A3734312C227479705E
:109AC00065223A2275696E743332222C22616363F7
:109AD000657373223A227277227D5D7D2C7B226E24
:109AE000616D65223A22636F6E74726F6C6C657281
:109AF0005F757064617465222C2274797065223AF6
:109B0000226F626A656374222C226D656D626572D4
:109B100073223A5B7B226E616D65223A2273746117
:109B200072745F74696D65222C226964223A37343D
:109B3000322C2274797065223A2275696E74333240
:109B4000222C22616363657373223A2272227D2C78
:109B50007B226E616D65223A22656E645F74696D69
:109B600065222C226964223A3734332C22747970AE
:109B700065223A2275696E743332222C2261636346
:109B8000657373223A2272227D2C7B226E616D6591
:109B9000223A226C656E677468222C226964223A2C
:109BA0003734342C2274797065223A2275696E74C8
:109BB0003332222C22616363657373223A2272224C
:109BC0007D2C7B226E616D65223A226D61785F6C1F
:109BD000656E677468222C226964223A3734352C0A
:109BE0002274797065223A2275696E743332222CA0
:109BF00022616363657373223A227277227D5D7DF1
:109C00002C7B226E616D65223A226F70656E5F6CEF
:109C10006F6F705F636F6E74726F6C6C65725F757F
:109C20007064617465222C2274797065223A226F07
:109C3000626A656374222C226D656D62657273229F
:109C40003A5B7B226E616D65223A22737461727495
:109C50005F74696D65222C226964223A3734362C90
:109C60002274797065223A2275696E743332222C1F
:109C700022616363657373223A2272227D2C7B22F8
:109C80006E616D65223A22656E645F74696D65224E
:109C90002C226964223A3734372C22747970652279
:109CA0003A2275696E743332222C226163636573C4
:109CB00073223A2272227D2C7B226E616D65223ADC
:109CC000226C656E677468222C226964223A3734EC
:109CD000382C2274797065223A2275696E74333299
:109CE000222C22616363657373223A2272227D2CD7
:109CF0007B226E616D65223A226D61785F6C656EC4
:109D0000677468222C226964223A3734392C227411
:109D1000797065223A2275696E743332222C226181
:109D20006363657373223A227277227D5D7D2C7B9B
:109D3000226E616D65223A226163696D5F6573749D
:109D4000696D61746F725F757064617465222C2235
:109D500074797065223A226F626A656374222C22DC
:109D60006D656D62657273223A5B7B226E616D6513
:109D7000223A2273746172745F74696D65222C22B9
:109D80006964223A3735302C2274797065223A2280
:109D900075696E743332222C22616363657373229A
:109DA0003A2272227D2C7B226E616D65223A2265F9
:109DB0006E645F74696D65222C226964223A3735BE
:109DC000312C2274797065223A2275696E743332AF
:109DD000222C22616363657373223A2272227D2CE6
:109DE0007B226E616D65223A226C656E6774682213
:109DF0002C226964223A3735322C2274797065221C
:109E00003A2275696E743332222C22616363657362
:109E100073223A2272227D2C7B226E616D65223A7A
:109E2000226D61785F6C656E677468222C226964AC
:109E3000223A3735332C2274797065223A227569BB
:109E40006E743332222C22616363657373223A226B
:109E50007277227D5D7D2C7B226E616D65223A22B8
:109E60006D6F746F725F757064617465222C2274FB
:109E7000797065223A226F626A656374222C226DC2
:109E8000656D62657273223A5B7B226E616D65223D
:109E90003A2273746172745F74696D65222C226951
:109EA00064223A3735342C2274797065223A22754F
:109EB000696E743332222C22616363657373223AB4
:109EC0002272227D2C7B226E616D65223A22656EA4
:109ED000645F74696D65222C226964223A373535D6
:109EE0002C2274797065223A2275696E743332229D
:109EF0002C22616363657373223A2272227D2C7B6C
:109F0000226E616D65223A226C656E677468222C40
:109F1000226964223A3735362C2274797065223AE8
:109F20002275696E743332222C2261636365737308
:109F3000223A2272227D2C7B226E616D65223A22AA
:109F40006D61785F6C656E677468222C226964228B
:109F50003A3735372C2274797065223A2275696E4A
:109F6000743332222C22616363657373223A227246
:109F700077227D5D7D2C7B226E616D65223A2263A6
:109F8000757272656E745F636F6E74726F6C6C6500
:109F9000725F757064617465222C22747970652219
:109FA0003A226F626A656374222C226D656D626568
:109FB0007273223A5B7B226E616D65223A22737462
:109FC0006172745F74696D65222C226964223A376C
:109FD00035382C2274797065223A2275696E743393
:109FE00032222C22616363657373223A2272227DCE
:109FF0002C7B226E616D65223A22656E645F746906
:10A000006D65222C226964223A3735392C22747905
:10A010007065223A2275696E743332222C22616394
:10A0200063657373223A2272227D2C7B226E616DEE
:10A0300065223A226C656E677468222C226964225C
:10A040003A3736302C2274797065223A2275696E5F
:10A05000743332222C22616363657373223A227255
:10A06000227D2C7B226E616D65223A226D61785FC4
:10A070006C656E677468222C226964223A37363127
:10A080002C2274797065223A2275696E74333222FB
:10A090002C22616363657373223A227277227D5D9D
:10A0A0007D2C7B226E616D65223A2264635F636161
:10A0B0006C6962222C2274797065223A226F626A7E
:10A0C000656374222C226D656D62657273223A5B42
:10A0D0007B226E616D65223A2273746172745F74C3
:10A0E000696D65222C226964223A3736322C22743B
:10A0F000797065223A2275696E743332222C22619E
:10A100006363657373223A2272227D2C7B226E6117
:10A110006D65223A22656E645F74696D65222C223A
:10A120006964223A3736332C2274797065223A22D8
:10A1300075696E743332222C2261636365737322F6
:10A140003A2272227D2C7B226E616D65223A226C4E
:10A15000656E677468222C226964223A3736342C83
:10A160002274797065223A2275696E743332222C1A
:10A1700022616363657373223A2272227D2C7B22F3
:10A180006E616D65223A226D61785F6C656E6774F1
:10A1900068222C226964223A3736352C2274797071
:10A1A00065223A2275696E743332222C2261636310
:10A1B000657373223A227277227D5D7D2C7B226E3D
:10A1C000616D65223A2263757272656E745F7365A4
:10A1D0006E7365222C2274797065223A226F626A4E
:10A1E000656374222C226D656D62657273223A5B21
:10A1F0007B226E616D65223A2273746172745F74A2
:10A20000696D65222C226964223A3736362C227415
:10A21000797065223A2275696E743332222C22617C
:10A220006363657373223A2272227D2C7B226E61F6
:10A230006D65223A22656E645F74696D65222C2219
:10A240006964223A3736372C2274797065223A22B3
:10A2500075696E743332222C2261636365737322D5
:10A260003A2272227D2C7B226E616D65223A226C2D
:10A27000656E677468222C226964223A3736382C5E
:10A280002274797065223A2275696E743332222CF9
:10A2900022616363657373223A2272227D2C7B22D2
:10A2A0006E616D65223A226D61785F6C656E6774D0
:10A2B00068222C226964223A3736392C227479704C
:10A2C00065223A2275696E743332222C22616363EF
:10A2D000657373223A227277227D5D7D2C7B226E1C
:10A2E000616D65223A2270776D5F75706461746587
:10A2F000222C2274797065223A226F626A65637437
:10A30000222C226D656D62657273223A5B7B226E30
:10A31000616D65223A2273746172745F74696D6550
:10A32000222C226964223A3737302C2274797065E6
:10A33000223A2275696E743332222C22616363657E
:10A340007373223A2272227D2C7B226E616D65220C
:10A350003A22656E645F74696D65222C22696422FD
:10A360003A3737312C2274797065223A2275696E3A
:10A37000743332222C22616363657373223A227232
:10A38000227D2C7B226E616D65223A226C656E67A0
:10A390007468222C226964223A3737322C2274796D
:10A3A0007065223A2275696E743332222C22616301
:10A3B00063657373223A2272227D2C7B226E616D5B
:10A3C00065223A226D61785F6C656E677468222C35
:10A3D000226964223A3737332C2274797065223A25
:10A3E0002275696E743332222C2261636365737344
:10A3F000223A227277227D5D7D5D7D2C7B226E610B
:10A400006D65223A227761746368646F675F666581
:10A410006564222C226964223A3737342C227479FD
:10A420007065223A2266756E6374696F6E222C2203
:10A43000696E70757473223A5B5D2C226F7574704F
:10A44000757473223A5B5D7D5D7D2C7B226E616D40
:10A4500065223A22746573745F66756E6374696F02
:10A460006E222C226964223A3737352C2274797097
:10A4700065223A2266756E6374696F6E222C2269BA
:10A480006E70757473223A5B7B226E616D65223A41
:10A490002264656C7461222C226964223A37373653
:10A4A0002C2274797065223A22696E743332222C20
:10A4B00022616363657373223A227277227D5D2C79
:10A4C000226F757470757473223A5B7B226E616DB6
:10A4D00065223A22636E74222C226964223A37374D
:10A4E000372C2274797065223A22696E74333222D5
:10A4F0002C22616363657373223A2272227D5D7D33
:10A500002C7B226E616D65223A226765745F6164FF
:10A51000635F766F6C74616765222C226964223AEE
:10A520003737382C2274797065223A2266756E634B
:10A5300074696F6E222C22696E70757473223A5B97
:10A540007B226E616D65223A226770696F222C2230
:10A550006964223A3737392C2274797065223A229D
:10A5600075696E743332222C2261636365737322C2
:10A570003A227277227D5D2C226F75747075747328
:10A58000223A5B7B226E616D65223A22766F6C7493
:10A59000616765222C226964223A3738302C227494
:10A5A000797065223A22666C6F6174222C22616395
:10A5B00063657373223A2272227D5D7D2C7B226E4D
:10A5C000616D65223A22736176655F636F6E6669BD
:10A5D0006775726174696F6E222C226964223A3742
:10A5E00038312C2274797065223A2266756E637454
:10A5F000696F6E222C22696E70757473223A5B5DEE
:10A600002C226F757470757473223A5B7B226E61B5
:10A610006D65223A2273756363657373222C226918
:10A6200064223A3738322C2274797065223A2262D9
:10A630006F6F6C222C22616363657373223A2272FE
:10A64000227D5D7D2C7B226E616D65223A226572D2
:10A650006173655F636F6E66696775726174696F58
:10A660006E222C226964223A3738332C2274797096
:10A6700065223A2266756E6374696F6E222C2269B8
:10A680006E70757473223A5B5D2C226F75747075F1
:10A690007473223A5B5D7D2C7B226E616D65223A7C
:10A6A000227265626F6F74222C226964223A3738F5
:10A6B000342C2274797065223A2266756E6374694F
:10A6C0006F6E222C22696E70757473223A5B5D2C5A
:10A6D000226F757470757473223A5B5D7D2C7B22DA
:10A6E0006E616D65223A22656E7465725F6466758F
:10A6F0005F6D6F6465222C226964223A3738352CED
:10A700002274797065223A2266756E6374696F6E81
:10A71000222C22696E70757473223A5B5D2C226F55
:10A72000757470757473223A5B5D7D2C7B226E614B
:10A730006D65223A226765745F696E746572727521
:10A7400070745F737461747573222C226964223A89
:10A750003738362C2274797065223A2266756E631A
:10A7600074696F6E222C22696E70757473223A5B65
:10A770007B226E616D65223A226972716E222C22F3
:10A780006964223A3738372C2274797065223A226C
:10A79000696E743332222C22616363657373223ACB
:10A7A000227277227D5D2C226F757470757473220E
:10A7B0003A5B7B226E616D65223A22737461747517
:10A7C00073222C226964223A3738382C227479702B
:10A7D00065223A2275696E743332222C22616363DA
:10A7E000657373223A2272227D5D7D2C7B226E611D
:10A7F0006D65223A226765745F646D615F73746191
:10A80000747573222C226964223A3738392C2274E9
:10A81000797065223A2266756E6374696F6E222CB8
:10A8200022696E70757473223A5B7B226E616D656E
:10A83000223A2273747265616D5F6E756D222C22EF
:10A840006964223A3739302C2274797065223A22B1
:10A8500075696E7438222C22616363657373223AC2
:10A86000227277227D5D2C226F757470757473224D
:10A870003A5B7B226E616D65223A22737461747556
:10A8800073222C226964223A3739312C2274797070
:10A8900065223A2275696E743332222C2261636319
:10A8A000657373223A2272227D5D7D2C7B226E615C
:10A8B0006D65223A226765745F6770696F5F7374B4
:10A8C00061746573222C226964223A3739322C2252
:10A8D00074797065223A2266756E6374696F6E22B0
:10A8E0002C22696E70757473223A5B5D2C226F7531
:10A8F0007470757473223A5B7B226E616D65223AC7
:10A9000022737461747573222C226964223A373978
:10A91000332C2274797065223A2275696E74333251
:10A92000222C22616363657373223A2272227D5D59
:10A930007D2C7B226E616D65223A226765745F64AF
:10A9400072765F6661756C74222C226964223A37D4
:10A9500039342C2274797065223A2266756E6374DC
:10A96000696F6E222C22696E70757473223A5B5D7A
:10A970002C226F757470757473223A5B7B226E6142
:10A980006D65223A226472765F6661756C74222C62
:10A99000226964223A3739352C2274797065223A5B
:10A9A0002275696E743634222C2261636365737379
:10A9B000223A2272227D5D7D2C7B226E616D6522A2
:10A9C0003A22636C6561725F6572726F7273222CDA
:10A9D000226964223A3739362C2274797065223A1A
:10A9E0002266756E6374696F6E222C22696E7075B3
:10A9F0007473223A5B5D2C226F75747075747322C8
:10AA00003A5B5D7D5D000000D89F0308F4EC0020F8
:10AA1000EC9F0308F4EC0020FC9F0308F4EC0020FA
:10AA200018A00308F4EC002028A00308F4EC002090
:10AA300084A00308F4EC002038A00308F4EC002004
:10AA400054A00308F4EC00206CA00308F4EC0020F0
:10AA50007CA00308F4EC002058AC0308F4EC0020C0
:10AA600098A00308F4EC0020A8A00308F4EC002050
:10AA7000B4A0030828E90020C0A00308DCE90020F6
:10AA8000D0A0030820EB0020B4A0030828E9002090
:10AA9000B8A40308DCE90020D8A00308F0E90020EE
:10AAA000E0A00308DCE90020F0A00308C8E90020CA
:10AAB000FCA0030824ED0020D0A0030838EB002000
:10AAC0000CA10308F0E9002018A10308F0E9002018
:10AAD00024A10308F0E90020D0A0030850EB0020D7
:10AAE00030A10308F0E9002040A10308F0E90020AC
:10AAF00050A10308F0E9002060A1030860E80020ED
:10AB000068A1030844ED002070A1030844ED002073
:10AB100078A1030844ED002084A1030844ED00203F
:10AB2000D0A0030868EB002094A10308F0E90020FE
:10AB3000A4A1030844ED0020B0A1030844ED0020C7
:10AB4000BCA1030844ED0020CCA1030844ED002083
:10AB5000E0A1030844ED0020D0A0030880EB002012
:10AB600044A5030874E80020F0A10308DCE90020F4
:10AB700000A20308F0E90020FCA10308DCE90020A2
:10AB800010A20308DCE9002028A2030828E900201D
:10AB90003CA2030800E90020BCA1030800E9002052
:10ABA00040A20308F0E9002054A2030800E90020B5
:10ABB00060A20308DCE9002070A20308DCE90020A1
:10ABC00044A10308F0E900208CA20308F0E900206A
:10ABD00098A20308F0E90020ACA20308F0E90020E5
:10ABE000C0A20308DCE90020DCA203089CE80020E6
:10ABF000ECA20308DCE9002008A3030828E90020F0
:10AC00001CA3030828E9002060A1030888E80020AD
:10AC100030A3030824ED00203CA3030824ED00200A
:10AC200048A30308DCEC002058A30308DCEC002058
:10AC300068A3030844ED002068A1030844ED002048
:10AC400078A3030844ED002088A3030844ED002006
:10AC50009CA3030844ED0020ACA3030844ED0020AE
:10AC6000BCA3030844ED0020D4A3030804ED002096
:10AC700084A1030844ED0020E0A3030844ED002074
:10AC8000F4A3030844ED002008A4030800E9002011
:10AC900010A4030844ED0020D0A0030898EB002086
:10ACA00020A40308F0E900202CA40308F0E9002008
:10ACB0003CA40308F0E900204CA40308F0E90020BC
:10ACC000149D030834ED002060A20308DCE9002095
:10ACD00060A4030824ED002074A40308F0E9002018
:10ACE00088A40308F0E900209CA4030844ED002098
:10ACF000ACA40308DCE90020C0A40308F0E90020AC
:10AD0000D8A40308DCE90020ECA40308DCE9002057
:10AD10000CA50308DCE9002024A50308DCE90020D9
:10AD20003CA50308C4E800204CA50308B0E80020B7
:10AD300058A50308F0E9002064A50308F0E9002005
:10AD400070A50308F0E9002084A50308F0E90020BD
:10AD50000CA10308F0E900209CA50308F0E90020FD
:10AD6000B0A50308F0E90020C0A50308F0E9002021
:10AD7000D4A50308DCE90020E8A50308F0E90020D9
:10AD800000A6030800E900201CA60308F0E9002043
:10AD90002CA60308F0E9002034A603089CE8002054
:10ADA00044A60308F0E9002054A60308F0E90020B7
:10ADB00068A603089CE800207CA60308F0E90020B0
:10ADC00094A60308C8EB0020A0A60308F0E9002021
:10ADD000BCA60308F0E90020D8A60308F0E900208B
:10ADE000FCA60308F0E9002060A10308D8E80020D1
:10ADF00020A70308F0E9002030A70308F0E90020AD
:10AE00003CA70308F0E9002048A70308F0E9002068
:10AE100058A7030844ED002068A7030844ED00206C
:10AE200078A7030844ED002088A7030824ED00203C
:10AE300098A70308F0E90020B0A70308DCE9002088
:10AE4000C4A70308F0E90020D0A00308BCEB002051
:10AE5000D8A70308B0EB0020E4A7030844ED0020C6
:10AE6000F8A7030844ED002060A20308DCE90020F5
:10AE70000CA8030800E9002018A80308F0E9002046
:10AE80002CA80308F0E900204CA80308F0E90020F2
:10AE900060A80308F0E9002074A80308F0E9002086
:10AEA00084A80308ECE8002090A80308F0E900203B
:10AEB0009CA80308F0E90020B0A80308F0E90020EE
:10AEC000BCA80308F0E90020D8A80308F0E9002096
:10AED000F4A80308F0E900200CA90308F0E9002019
:10AEE00028A90308F0E900203CA90308F0E90020A4
:10AEF00054A90308DCE900206CA90308F0E900204C
:10AF000088A90308F0E90020A4A90308DCE90020CF
:10AF1000B4A90308DCE90020C4A90308F0E9002073
:10AF2000D4A90308F0E90020E4A90308F0E900200F
:10AF3000F0A90308F0E9002000AA030844ED00206E
:10AF400008AA030844ED002010AA0308F0E9002035
:10AF50002CAA030844ED002038AA030844ED002081
:10AF600044AA030844ED002050AA030844ED002041
:10AF700068A1030844ED002078A1030844ED0020F7
:10AF80005CAA030844ED00206CAA030844ED0020ED
:10AF90007CAA030844ED002088AA030844ED0020A1
:10AFA00094AA030844ED00209CAA0308F0E90020BD
:10AFB000BCAA0308F0E90020DCAA030844ED002045
:10AFC000ECAA030844ED00201CAF030828E9002088
:10AFD000FCAA0308F0E9002010AB0308F0E9002008
:10AFE00024AB0308F0E9002038AB0308F0E90020A7
:10AFF0004CAB0308F0E9002060AB0308F0E9002047
:10B00000B8A40308DCE9002074AB030844ED002079
:10B01000D0A0030804EC00204CAB0308F0E90020AA
:10B0200060AB0308F0E90020B8A40308DCE90020C5
:10B0300074AB030844ED0020D0A003081CEC0020F2
:10B0400020A70308F0E9002060A1030814E900200C
:10B0500080AB030824ED00208CAB030824ED002016
:10B060009CAB030844ED0020B0AB030844ED002086
:10B07000C4AB030844ED0020D8AB0308F0E900207E
:10B08000E8AB0308F0E90020F8AB0308F0E9002082
:10B0900008AC030844ED002010AC0308F0E90020E0
:10B0A00028AC030844ED002040AC030844ED002028
:10B0B00054AC030844ED002064AC030810EC0020FD
:10B0C00074AC0308F8EB002088AC0308ECEB00201C
:10B0D00098AC030834ED0020B4AC030834ED002034
:10B0E000D0A00308E0EB0020C8AC0308C8E90020AA
:10B0F000D0AC0308DCE90020DCAC0308C8E9002080
:10B10000F0AC0308C8E9002000AD0308C8E900203E
:10B1100014AD0308C8E900202CAD0308C8E90020DD
:10B1200048AD0308C8E9002064AD0308C8E9002061
:10B130007CAD0308C8E9002088AD0308C8E90020F9
:10B140009CAD0308C8E900204CAC0308F0E90020DE
:10B15000ACAD0308F0E90020B8AD0308F0E9002029
:10B16000C8AD0308F0E90020D0AD0308F0E90020E5
:10B17000D4AD0308F0E90020E4AD0308DCE90020C9
:10B18000F4AD0308DCE9002008AE0308DCE9002088
:10B190004CAC0308F0E90020ACAD0308F0E9002056
:10B1A000B8AD0308F0E90020C8AD0308F0E90020BD
:10B1B000D0AD0308F0E900201CAE0308DCE9002054
:10B1C00038AE0308DCE9002058AE0308DCE90020B3
:10B1D0007CAE0308DCE9002098AE0308DCE900201F
:10B1E000A8AE0308DCE90020B8AE0308DCE90020C3
:10B1F000CCAE0308DCE90020E4AE0308F0E900204F
:10B20000F8AE0308DCE9002008AF030828E90020B5
:10B2100018AF030828E9002028AF03084CEC0020F1
:10B220003CAF030840EC00204CAF030840EC00208A
:10B2300028B4030834EC002060A1030850E9002082
:10B240005CAF030824ED00206CAF030834ED002050
:10B250007CAF03086CEC002084AF03085CEC00209A
:10B2600094AF03083CE90020A4AF0308DCE9002008
:10B27000D0A0030828EC0020B0AF0308D4EB0020D6
:10B28000B8AF0308A4EB0020C4AF03088CEB002088
:10B29000CCAF030874EB0020DCAF03085CEB0020AC
:10B2A000F4AF030844EB002000B003082CEB0020AF
:10B2B0000CB003082CEB002018B0030814EB00209E
:10B2C0002CB0030808EB002038B0030878E9002010
:10B2D00044B00308F0E9002048B00308F0E900207A
:10B2E0004CB00308DCE900205CB00308DCE9002076
:10B2F0006CB00308DCE900207CB00308C8E900203A
:10B300008CB00308C8E900209CB00308C8E90020FD
:10B31000ACB00308DCE90020BCB00308DCE9002085
:10B32000CCB003088CE90020E0B003088CE90020D1
:10B33000F0B003088CE9002000B103088CE900207C
:10B3400010B10308F0E9002024B10308F0E900205F
:10B3500038B10308DCE9002050B10308F0E900200F
:10B3600070B10308F0E9002090B10308DCE9002087
:10B37000B0B10308F0E90020D0B10308F0E90020E3
:10B38000ECB10308F0E9002004B20308F0E9002062
:10B390001CB20308C8E900202CB2030884EC00208A
:10B3A00044B2030884EC00205CB2030864E9002086
:10B3B00068B2030864E9002074B2030864E900205D
:10B3C00080B2030864E900208CB2030864E900201D
:10B3D00098B2030864E90020A4B2030864E90020DD
:10B3E000B0B2030864E90020BCB2030864E900209D
:10B3F000C8B2030864E90020D4B2030864E900205D
:10B40000E0B2030864E90020ECB2030864E900201C
:10B41000F8B2030864E9002004B3030864E90020DB
:10B4200010B3030864E900201CB3030884EC002077
:10B4300030B3030884EC002044B3030884EC0020FC
:10B4400058B3030884EC00206CB30308C8E900205B
:10B45000D4B00308A0E9002060A10308B4E90020EB
:10B46000D0A003089CEC002080B8030834ED002035
:10B4700078B3030804ED002080B3030834ED002006
:10B4800090B3030834ED002098B3030834ED002096
:10B4900090B3030834ED0020A4B3030834ED00207A
:10B4A000ACB3030834ED0020BCB3030834ED002036
:10B4B000C4B3030834ED0020D4B3030834ED0020F6
:10B4C000ECB3030834ED002000B4030834ED002091
:10B4D00018B4030834ED00202CB4030834ED002028
:10B4E00044B4030834ED00205CB4030834ED0020BC
:10B4F0006CB4030834ED00207CB4030834ED002064
:10B500008CB4030834ED0020A0B4030834ED00200F
:10B51000B0B4030834ED0020C4B40308DCEC002010
:10B52000D0B40308DCEC0020DCB40308DCEC002021
:10B53000E8B40308DCEC0020F8B40308DCEC0020DD
:10B5400004B50308DCEC0020FCB30308CCEC0020BD
:10B5500010B50308C0EC002014B5030834ED00203A
:10B5600020B5030834ED002030B5030834ED002089
:10B570002CB50308C8E9002038B50308F4EC002016
:10B5800044B50308F4EC002058B50308F4EC00209F
:10B590006CB50308F4EC002060A1030804EA002065
:10B5A0007CB5030844ED00208CB5030844ED002071
:10B5B000A4B5030834ED0020C0B5030844ED002015
:10B5C000DCB5030844ED0020F4B5030844ED002089
:10B5D00010B6030844ED00202CB6030824ED00202B
:10B5E00048B6030824ED002064B6030834ED0020BB
:10B5F00084B6030844ED00208CB60308F0E900206F
:10B60000A4B6030814ED0020B4B6030804ED00202E
:10B61000C8B6030804ED0020DCB6030804ED0020E2
:10B62000F0B6030804ED002004B7030804ED002081
:10B6300018B7030804ED00202CB7030804ED002020
:10B6400044B7030824ED00205CB7030824ED002074
:10B6500078B7030844ED002090B7030834ED0020CC
:10B66000A0B7030834ED0020B4B70308DCE90020DC
:10B670002CB00308E8EC0020C8B70308B4EC0020A5
:10B68000D8B7030834ED0020ECB7030824ED002000
:10B69000FCB70308A8EC002028B4030890EC0020B5
:10B6A0000CB80308C8E900201CB8030824ED0020EA
:10B6B000D0A0030878EC002028B80308FCEA00209A
:10B6C00030B80308FCEA002031354F4472697665D2
:10B6D0003354797065496E666F49364F44726976A6
:10B6E000654500001CD10408C8B60408A0C10308C1
:10B6F0003231466962726550726F70657274795446
:10B70000797065496E666F493850726F70657274F2
:10B7100079494B664545000094D10408F0B6040809
:10B720000000000002000000C4C103080200000085
:10B73000A0C10308020400003231466962726550FC
:10B74000726F706572747954797065496E666F496D
:10B750003850726F7065727479494B6D45450000C1
:10B7600094D1040838B7040800000000020000006B
:10B77000C4C1030802000000A0C1030802040000C5
:10B780003231466962726550726F706572747954B5
:10B79000797065496E666F493850726F7065727462
:10B7A00079494B624545000094D1040880B70408EC
:10B7B0000000000002000000C4C1030802000000F5
:10B7C000A0C103080204000032314669627265506C
:10B7D000726F706572747954797065496E666F49DD
:10B7E0003850726F7065727479494B794545000025
:10B7F00094D10408C8B7040800000000020000004B
:10B80000C4C1030802000000A0C103080204000034
:10B810003231466962726550726F70657274795424
:10B82000797065496E666F493850726F70657274D1
:10B8300079494B684545000094D1040810B80408C4
:10B840000000000002000000C4C103080200000064
:10B85000A0C103080204000032334F4472697665C8
:10B860005461736B54696D657354797065496E6684
:10B870006F49395461736B54696D657345000000FD
:10B880001CD1040858B80408A0C1030832334F443F
:10B89000726976655461736B54696D657254797021
:10B8A00065496E666F49395461736B54696D657291
:10B8B000450000001CD104088CB80408A0C103088E
:10B8C00032354F447269766553797374656D53747C
:10B8D00061747354797065496E666F493133537979
:10B8E0007374656D53746174735F74450000000078
:10B8F0001CD10408C0B80408A0C10308323146694D
:10B9000062726550726F70657274795479706549AE
:10B910006E666F493850726F7065727479494B6CFE
:10B920004545000094D10408FCB80408000000005C
:10B9300002000000C4C1030802000000A0C1030807
:10B940000204000032384F4472697665537973748B
:10B95000656D537461747355736254797065496E83
:10B96000666F49313055534253746174735F744547
:10B97000000000001CD1040844B90408A0C1030859
:10B9800032384F447269766553797374656D5374B8
:10B9900061747349324354797065496E666F4931F9
:10B9A0003049324353746174735F74450000000082
:10B9B0001CD1040880B90408A0C1030832364F44E2
:10B9C000726976654F7363696C6C6F73636F7065D2
:10B9D00054797065496E666F4931324F7363696C93
:10B9E0006C6F73636F706545000000001CD1040824
:10B9F000BCB90408A0C1030831374F4472697665A9
:10BA000043616E54797065496E666F49394F44726F
:10BA100069766543414E45001CD10408F8B9040815
:10BA2000A0C1030832334F447269766543616E43A7
:10BA30006F6E66696754797065496E666F494E39F5
:10BA40004F447269766543414E38436F6E6669674D
:10BA50005F744545000000001CD1040824BA0408A6
:10BA6000A0C1030832314F447269766533436F6E6B
:10BA700066696754797065496E666F493133426F04
:10BA8000617264436F6E6669675F74450000000011
:10BA90001CD1040864BA0408A0C1030832324F4420
:10BAA00072697665456E64706F696E7454797065FD
:10BAB000496E666F49313250574D4D617070696EF5
:10BAC000675F7445000000001CD104089CBA04089C
:10BAD000A0C1030831384F447269766541786973B3
:10BAE00054797065496E666F4934417869734500D1
:10BAF0001CD10408D4BA0408A0C103083231466935
:10BB000062726550726F70657274795479706549AC
:10BB10006E666F493850726F7065727479494B78F0
:10BB20004545000094D10408FCBA04080000000058
:10BB300002000000C4C1030802000000A0C1030805
:10BB4000020400003231466962726550726F70659E
:10BB500072747954797065496E666F493850726FA6
:10BB60007065727479494B4E31304F447269766515
:10BB7000496E74663841786973496E7466394178E4
:10BB800069735374617465454545000094D1040898
:10BB900044BB04080000000002000000C4C1030808
:10BBA00002000000A0C103080204000032344F4428
:10BBB0007269766541786973436F6E666967547917
:10BBC0007065496E666F494E344178697338436FCA
:10BBD0006E6669675F744545000000001CD104086B
:10BBE000ACBB0408A0C1030834314F4472697665C8
:10BBF00041786973436F6E66696743616C6962720D
:10BC00006174696F6E4C6F636B696E5479706549CE
:10BC10006E666F494E344178697331344C6F636B93
:10BC2000696E436F6E6669675F744545000000008A
:10BC30001CD10408E8BB0408A0C1030833304F44FA
:10BC400072697665417869734C6F636B696E436F97
:10BC50006E66696754797065496E666F494E344106
:10BC600078697331344C6F636B696E436F6E6669CC
:10BC7000675F7445450000001CD104083CBC040803
:10BC8000A0C1030832374F44726976654178697301
:10BC900043616E436F6E66696754797065496E667D
:10BCA0006F494E3441786973313143414E436F6E71
:10BCB0006669675F744545001CD1040884BC0408AC
:10BCC000A0C1030831394F44726976654D6F746FB6
:10BCD0007254797065496E666F49354D6F746F7235
:10BCE000450000001CD10408C4BC0408A0C103081E
:10BCF00034354F44726976654F6E626F6172645479
:10BD00006865726D6973746F7243757272656E7473
:10BD10004C696D6974657254797065496E666F49D6
:10BD200033314F6E626F617264546865726D69730E
:10BD3000746F7243757272656E744C696D69746567
:10BD4000724500001CD10408F0BC0408A0C103081F
:10BD500035314F44726976654F6E626F617264541B
:10BD60006865726D6973746F7243757272656E7413
:10BD70004C696D69746572436F6E6669675479705A
:10BD800065496E666F494E33314F6E626F61726402
:10BD9000546865726D6973746F7243757272656E03
:10BDA000744C696D6974657238436F6E6669675F5C
:10BDB000744545001CD1040850BD0408A0C1030807
:10BDC00034364F44726976654F6666626F6172649D
:10BDD000546865726D6973746F7243757272656EC3
:10BDE000744C696D6974657254797065496E666FDB
:10BDF0004933324F6666626F617264546865726D72
:10BE00006973746F7243757272656E744C696D6993
:10BE100074657245000000001CD10408C0BD040810
:10BE2000A0C1030835324F44726976654F66666279
:10BE30006F617264546865726D6973746F72437573
:10BE40007272656E744C696D69746572436F6E666B
:10BE5000696754797065496E666F494E33324F6633
:10BE600066626F617264546865726D6973746F7233
:10BE700043757272656E744C696D6974657238438E
:10BE80006F6E6669675F7445450000001CD1040849
:10BE900024BE0408A0C1030833334F447269766599
:10BEA0004D6F746F7243757272656E74436F6E740A
:10BEB000726F6C54797065496E666F4932334669AA
:10BEC000656C644F7269656E746564436F6E7472FD
:10BED0006F6C6C65724500001CD1040898BE0408A4
:10BEE000A0C1030832354F44726976654D6F746F97
:10BEF00072436F6E66696754797065496E666F4903
:10BF00004E354D6F746F7238436F6E6669675F743C
:10BF1000454500001CD10408E4BE0408A0C1030884
:10BF200032344F4472697665436F6E74726F6C6C15
:10BF3000657254797065496E666F493130436F6E32
:10BF400074726F6C6C657245000000001CD10408AF
:10BF500020BF0408A0C1030833304F4472697665DE
:10BF6000436F6E74726F6C6C6572436F6E66696757
:10BF700054797065496E666F494E3130436F6E7407
:10BF8000726F6C6C657238436F6E6669675F74457B
:10BF9000450000001CD1040858BF0408A0C10308D4
:10BFA00034314F4472697665436F6E74726F6C6C96
:10BFB0006572436F6E666967416E7469636F676728
:10BFC000696E6754797065496E666F494E313043CA
:10BFD0006F6E74726F6C6C65723133416E7469632D
:10BFE0006F6767696E675F74454500001CD1040880
:10BFF000A0BF0408A0C1030833344F4472697665BA
:10C00000436F6E74726F6C6C65724175746F74758A
:10C010006E696E6754797065496E666F494E31304E
:10C02000436F6E74726F6C6C657231324175746FF0
:10C0300074756E696E675F74454500001CD1040815
:10C04000F8BF0408A0C1030832314F447269766515
:10C05000456E636F64657254797065496E666F49A9
:10C0600037456E636F646572450000001CD104089B
:10C0700048C00408A0C1030832374F44726976658E
:10C08000456E636F646572436F6E6669675479705D
:10C0900065496E666F494E37456E636F64657238E9
:10C0A000436F6E6669675F74454500001CD10408E4
:10C0B00078C00408A0C1030832374F44726976651E
:10C0C0004163696D457374696D61746F7254797001
:10C0D00065496E666F4931334163696D45737469B3
:10C0E0006D61746F724500001CD10408B8C004086B
:10C0F000A0C1030833334F44726976654163696DAB
:10C10000457374696D61746F72436F6E66696754CD
:10C11000797065496E666F494E31334163696D458B
:10C120007374696D61746F7238436F6E6669675FAF
:10C13000744545001CD10408F4C00408A0C10308DC
:10C1400033334F447269766553656E736F726C65F5
:10C150007373457374696D61746F72547970654956
:10C160006E666F49313953656E736F726C657373A8
:10C17000457374696D61746F724500001CD10408C9
:10C1800040C10408A0C1030833394F447269766581
:10C1900053656E736F726C657373457374696D610B
:10C1A000746F72436F6E66696754797065496E6625
:10C1B0006F494E313953656E736F726C6573734599
:10C1C0007374696D61746F7238436F6E6669675F0F
:10C1D000744545001CD1040888C10408A0C10308A7
:10C1E00033354F447269766554726170657A6F6950
:10C1F00064616C5472616A6563746F7279547970AA
:10C2000065496E666F49323154726170657A6F6943
:10C2100064616C5472616A6563746F727945000081
:10C220001CD10408E0C10408A0C1030834314F4404
:10C230007269766554726170657A6F6964616C5475
:10C2400072616A6563746F7279436F6E6669675471
:10C25000797065496E666F494E323154726170650E
:10C260007A6F6964616C5472616A6563746F727924
:10C2700038436F6E6669675F744545001CD10408DA
:10C280002CC20408A0C1030832314F44726976659C
:10C29000456E6473746F7054797065496E666F494A
:10C2A00037456E6473746F70450000001CD104083C
:10C2B00088C20408A0C1030832374F44726976650A
:10C2C000456E6473746F70436F6E666967547970FE
:10C2D00065496E666F494E37456E6473746F70388A
:10C2E000436F6E6669675F74454500001CD10408A2
:10C2F000B8C20408A0C1030832394F447269766598
:10C300004D656368616E6963616C4272616B65540F
:10C31000797065496E666F4931354D656368616E48
:10C320006963616C4272616B654500001CD1040851
:10C33000F8C20408A0C1030833354F44726976651A
:10C340004D656368616E6963616C4272616B6543E0
:10C350006F6E66696754797065496E666F494E31D4
:10C36000354D656368616E6963616C4272616B65CE
:10C3700038436F6E6669675F744545001CD10408D9
:10C3800038C30408A0C1030832374F447269766588
:10C39000417869735461736B54696D657354797036
:10C3A00065496E666F494E344178697339546173DB
:10C3B0006B54696D65734545000000001CD104088D
:10C3C00088C30408A0C1030800000000E4B6040804
:10C3D000CD4003080000000018B704080543030817
:10C3E000ED2E0208A5400308FCFFFFFF18B7040864
:10C3F000C54003080000000060B704084542030878
:10C40000ED2E02087D400308FCFFFFFF60B7040823
:10C410009D40030800000000A8B704086542030817
:10C42000ED2E020855400308FCFFFFFFA8B70408E3
:10C430007540030800000000F0B70408314303080A
:10C44000ED2E02082D400308FCFFFFFFF0B70408A3
:10C450004D4003080000000038B804087D4203087E
:10C46000ED2E020805400308FCFFFFFF38B8040862
:10C47000254003080000000080B80408E13F0308DD
:10C4800000000000B4B80408A13F03080000000049
:10C49000F0B804080D3F03080000000024B90408A8
:10C4A0009D420308ED2E0208E53E0308FCFFFFFF56
:10C4B00024B90408053F03080000000074B904080B
:10C4C000BD3E030800000000B0B90408853E030823
:10C4D00000000000ECB90408693E030800000000F9
:10C4E00018BA04083D3E03080000000058BA0408CA
:10C4F000053E03080000000090BA0408B93C030898
:10C5000000000000C8BA0408793C030800000000DD
:10C51000F0BA0408953B03080000000024BB04089F
:10C52000BD420308ED2E02086D3B0308FCFFFFFF30
:10C5300024BB04088D3B0308000000008CBB0408EA
:10C54000E1420308ED2E0208453B0308FCFFFFFF14
:10C550008CBB0408653B030800000000DCBB04083A
:10C56000A53A03080000000030BC0408693A03083B
:10C570000000000078BC0408093A0308000000002D
:10C58000B8BC04089D39030800000000E4BC04089E
:10C59000C93803080000000044BD0408A53803089A
:10C5A00000000000B4BD0408653803080000000066
:10C5B00018BE040841380308000000008CBE0408BF
:10C5C000D937030800000000D8BE04081537030857
:10C5D0000000000014BF0408053603080000000036
:10C5E0004CBF0408193503080000000094BF04087C
:10C5F000DD33030800000000ECBF040855330308D6
:10C60000000000003CC004082133030800000000C3
:10C610006CC004085132030800000000ACC00408DC
:10C620002D31030800000000E8C00408DD300308D5
:10C630000000000034C10408BD3003080000000001
:10C640007CC104085D30030800000000D4C1040868
:10C650002D3003080000000020C204081930030830
:10C66000000000007CC20408E92F0308000000005D
:10C67000ACC20408C52F030800000000ECC2040887
:10C680004D2F0308000000002CC30408392F0308B5
:10C69000000000007CC30408012F03080000000014
:10C6A000BCC30408AD2E03084E356669627265315D
:10C6B0003753746D333255617274547853747265A4
:10C6C000616D45001CD10408A8C6040860BA0308BF
:10C6D0004E356669627265313753746D3332556118
:10C6E0007274527853747265616D45001CD10408F0
:10C6F000D0C604083CBA03084E35666962726532DA
:10C70000364173796E6353747265616D53696E6BF4
:10C710004D756C7469706C65786572494C6A324508
:10C72000454500001CD10408F8C6040860BA030897
:10C7300000000000C4C60408256E0308856D0308C8
:10C7400000000000ECC60408896D0308856D03082D
:10C750000000000024C70408856E0308516F030819
:10C76000001000004E356669627265313653746D93
:10C770003332557362547853747265616D450000AD
:10C780001CD1040864C7040860BA03084E35666902
:10C79000627265313653746D333255736252785319
:10C7A000747265616D4500001CD104088CC70408D3
:10C7B0003CBA03080000000080C704085D78030845
:10C7C0005978030800000000A8C70408ED780308A2
:10C7D000597803080010000006000000010605005B
:10C7E00000000000920E493CB10AC93C2BC3163D23
:10C7F0002EFB483D752B7B3D04A9963D80B6AF3D91
:10C8000036BDC83D2FBCE13D73B2FA3D87CF093E2E
:10C810008340163EB5AB223EA2102F3ECF6E3B3E6C
:10C82000C2C5473E0115543E135C603E7F9A6C3E84
:10C83000CCCF783EC07D823E938E883E229A8E3E3B
:10C8400032A0943E86A09A3EE59AA03E128FA63E64
:10C85000D47CAC3EEF63B23E2A44B83E491DBE3E96
:10C8600015EFC33E53B9C93ECA7BCF3E4136D53ED4
:10C8700080E8DA3E4F92E03E7533E63EBBCBEB3EBE
:10C88000EA5AF13ECBE0F63E275DFC3EE4E7003F8E
:10C890003D9C033F824B063F9BF5083F6B9A0B3F45
:10C8A000DA390E3FCDD3103F2A68133FD9F6153F32
:10C8B000C07F183FC6021B3FD17F1D3FCBF61F3FF5
:10C8C0009967223F25D2243F5636273F1594293FAA
:10C8D0004AEB2B3FDE3B2E3FBB85303FC9C8323F82
:10C8E000F304353F233A373F4268393F3B8F3B3FA4
:10C8F000F9AE3D3F67C73F3F70D8413F01E2433F3C
:10C9000003E4453F65DE473F12D1493FF8BB4B3F4B
:10C91000029F4D3F207A4F3F3D4D513F4918533FB5
:10C9200031DB543FE595563F5348583F6AF2593F33
:10C930001A945B3F532D5D3F05BE5E3F2146603F2D
:10C9400097C5613F5A3C633F59AA643F880F663FD1
:10C95000D86B673F3CBF683FA7096A3F0C4B6B3FF2
:10C960005E836C3F93B26D3F9ED86E3F73F56F3F11
:10C970000809713F5213723F4714733FDD0B743F38
:10C980000BFA743FC6DE753F07BA763FC58B773F1B
:10C99000F853783F9812793F9DC7793F02737A3FE9
:10C9A000BE147B3FCDAC7B3F283B7C3FC9BF7C3F67
:10C9B000AC3A7D3FCCAB7D3F23137E3FB0707E3FD2
:10C9C0006DC47E3F580E7F3F6D4E7F3FAB847F3FEF
:10C9D0000FB17F3F97D37F3F43EC7F3F11FB7F3FFA
:10C9E0000000803F11FB7F3F43EC7F3F97D37F3FA9
:10C9F0000FB17F3FAB847F3F6D4E7F3F580E7F3F2F
:10CA00006DC47E3FB0707E3F23137E3FCCAB7D3F35
:10CA1000AC3A7D3FC9BF7C3F283B7C3FCDAC7B3FE0
:10CA2000BE147B3F02737A3F9DC7793F9812793FCE
:10CA3000F853783FC58B773F07BA763FC6DE753F20
:10CA40000BFA743FDD0B743F4714733F5213723F70
:10CA50000809713F73F56F3F9ED86E3F93B26D3FEB
:10CA60005E836C3F0C4B6B3FA7096A3F3CBF683F3E
:10CA7000D86B673F880F663F59AA643F5A3C633FB3
:10CA800097C5613F2146603F05BE5E3F532D5D3F28
:10CA90001A945B3F6AF2593F5348583FE595563F19
:10CAA00031DB543F4918533F3D4D513F207A4F3FB2
:10CAB000029F4D3FF8BB4B3F12D1493F65DE473FD8
:10CAC00003E4453F01E2433F70D8413F67C73F3F22
:10CAD000F9AE3D3F3B8F3B3F4268393F233A373FFA
:10CAE000F304353FC9C8323FBB85303FDE3B2E3FA4
:10CAF0004AEB2B3F1594293F5636273F25D2243F3A
:10CB00009967223FCBF61F3FD17F1D3FC6021B3FD7
:10CB1000C07F183FD9F6153F2A68133FCDD3103F89
:10CB2000DA390E3F6B9A0B3F9BF5083F824B063F6D
:10CB30003D9C033FE4E7003F275DFC3ECBE0F63E33
:10CB4000EA5AF13EBBCBEB3E7533E63E4F92E03EF8
:10CB500080E8DA3E4136D53ECA7BCF3E53B9C93E66
:10CB600015EFC33E491DBE3E2A44B83EEF63B23EB8
:10CB7000D47CAC3E128FA63EE59AA03E86A09A3E9B
:10CB800032A0943E229A8E3E938E883EC07D823E95
:10CB9000CCCF783E7F9A6C3E135C603E0115543ECC
:10CBA000C2C5473ECF6E3B3EA2102F3EB5AB223EE4
:10CBB0008340163E87CF093E73B2FA3D2FBCE13D5C
:10CBC00036BDC83D80B6AF3D04A9963D752B7B3D73
:10CBD0002EFB483D2BC3163DB10AC93C920E493C81
:10CBE00000000000920E49BCB10AC9BC2BC316BD9F
:10CBF0002EFB48BD752B7BBD04A996BD80B6AFBD8D
:10CC000036BDC8BD2FBCE1BD73B2FABD87CF09BE2A
:10CC1000834016BEB5AB22BEA2102FBECF6E3BBE68
:10CC2000C2C547BE011554BE135C60BE7F9A6CBE80
:10CC3000CCCF78BEC07D82BE938E88BE229A8EBE37
:10CC400032A094BE86A09ABEE59AA0BE128FA6BE60
:10CC5000D47CACBEEF63B2BE2A44B8BE491DBEBE92
:10CC600015EFC3BE53B9C9BECA7BCFBE4136D5BED0
:10CC700080E8DABE4F92E0BE7533E6BEBBCBEBBEBA
:10CC8000EA5AF1BECBE0F6BE275DFCBEE4E700BF8A
:10CC90003D9C03BF824B06BF9BF508BF6B9A0BBF41
:10CCA000DA390EBFCDD310BF2A6813BFD9F615BF2E
:10CCB000C07F18BFC6021BBFD17F1DBFCBF61FBFF1
:10CCC000996722BF25D224BF563627BF159429BFA6
:10CCD0004AEB2BBFDE3B2EBFBB8530BFC9C832BF7E
:10CCE000F30435BF233A37BF426839BF3B8F3BBFA0
:10CCF000F9AE3DBF67C73FBF70D841BF01E243BF38
:10CD000003E445BF65DE47BF12D149BFF8BB4BBF47
:10CD1000029F4DBF207A4FBF3D4D51BF491853BFB1
:10CD200031DB54BFE59556BF534858BF6AF259BF2F
:10CD30001A945BBF532D5DBF05BE5EBF214660BF29
:10CD400097C561BF5A3C63BF59AA64BF880F66BFCD
:10CD5000D86B67BF3CBF68BFA7096ABF0C4B6BBFEE
:10CD60005E836CBF93B26DBF9ED86EBF73F56FBF0D
:10CD7000080971BF521372BF471473BFDD0B74BF34
:10CD80000BFA74BFC6DE75BF07BA76BFC58B77BF17
:10CD9000F85378BF981279BF9DC779BF02737ABFE5
:10CDA000BE147BBFCDAC7BBF283B7CBFC9BF7CBF63
:10CDB000AC3A7DBFCCAB7DBF23137EBFB0707EBFCE
:10CDC0006DC47EBF580E7FBF6D4E7FBFAB847FBFEB
:10CDD0000FB17FBF97D37FBF43EC7FBF11FB7FBFF6
:10CDE000000080BF11FB7FBF43EC7FBF97D37FBFA5
:10CDF0000FB17FBFAB847FBF6D4E7FBF580E7FBF2B
:10CE00006DC47EBFB0707EBF23137EBFCCAB7DBF31
:10CE1000AC3A7DBFC9BF7CBF283B7CBFCDAC7BBFDC
:10CE2000BE147BBF02737ABF9DC779BF981279BFCA
:10CE3000F85378BFC58B77BF07BA76BFC6DE75BF1C
:10CE40000BFA74BFDD0B74BF471473BF521372BF6C
:10CE5000080971BF73F56FBF9ED86EBF93B26DBFE7
:10CE60005E836CBF0C4B6BBFA7096ABF3CBF68BF3A
:10CE7000D86B67BF880F66BF59AA64BF5A3C63BFAF
:10CE800097C561BF214660BF05BE5EBF532D5DBF24
:10CE90001A945BBF6AF259BF534858BFE59556BF15
:10CEA00031DB54BF491853BF3D4D51BF207A4FBFAE
:10CEB000029F4DBFF8BB4BBF12D149BF65DE47BFD4
:10CEC00003E445BF01E243BF70D841BF67C73FBF1E
:10CED000F9AE3DBF3B8F3BBF426839BF233A37BFF6
:10CEE000F30435BFC9C832BFBB8530BFDE3B2EBFA0
:10CEF0004AEB2BBF159429BF563627BF25D224BF36
:10CF0000996722BFCBF61FBFD17F1DBFC6021BBFD3
:10CF1000C07F18BFD9F615BF2A6813BFCDD310BF85
:10CF2000DA390EBF6B9A0BBF9BF508BF824B06BF69
:10CF30003D9C03BFE4E700BF275DFCBECBE0F6BE2F
:10CF4000EA5AF1BEBBCBEBBE7533E6BE4F92E0BEF4
:10CF500080E8DABE4136D5BECA7BCFBE53B9C9BE62
:10CF600015EFC3BE491DBEBE2A44B8BEEF63B2BEB4
:10CF7000D47CACBE128FA6BEE59AA0BE86A09ABE97
:10CF800032A094BE229A8EBE938E88BEC07D82BE91
:10CF9000CCCF78BE7F9A6CBE135C60BE011554BEC8
:10CFA000C2C547BECF6E3BBEA2102FBEB5AB22BEE0
:10CFB000834016BE87CF09BE73B2FABD2FBCE1BD58
:10CFC00036BDC8BD80B6AFBD04A996BD752B7BBD6F
:10CFD0002EFB48BD2BC316BDB10AC9BC920E49BC7D
:10CFE000000000804E31305F5F637878616269765F
:10CFF0003131375F5F636C6173735F747970655F44
:10D00000696E666F450000001CD10408E4CF040877
:10D0100050D104080000000008D00408197E03085D
:10D020002D7E0308118C0308118C0308A97E0308C8
:10D03000D97D03088D7E0308497E03080D7E030811
:10D04000537439657863657074696F6E0000000011
:10D050001CD0040840D00408537431336261645F0B
:10D06000657863657074696F6E0000001CD10408F8
:10D0700058D0040850D004084E31305F5F63787890
:10D08000616269763131355F5F666F726365645FD7
:10D09000756E77696E6445001CD0040878D004086A
:10D0A0004E31305F5F637878616269763131395F24
:10D0B0005F666F726569676E5F65786365707469D6
:10D0C0006F6E45001CD00408A0D0040800000000CA
:10D0D0006CD004086583030871830308698303081F
:10D0E0004E31305F5F637878616269763132305FEC
:10D0F0005F73695F636C6173735F747970655F6997
:10D100006E666F45000000001CD10408E0D00408E2
:10D1100008D004080000000008D10408F18A0308C0
:10D12000058B0308118C0308118C0308A97E0308E2
:10D13000D97D0308E18B03085D8B0308218B03086D
:10D14000537439747970655F696E666F0000000012
:10D150001CD0040840D104084E31305F5F637878FA
:10D16000616269763132315F5F766D695F636C61F0
:10D1700073735F747970655F696E666F4500000058
:10D180001CD1040858D1040808D00408000000008D
:10D1900080D10408418C0308558C0308118C0308C6
:10D1A000118C0308A97E0308D97D0308B1900308F8
:08D1B000F18C0308718C0308E7
:10D1B800C9040181B0B0AB800000000008B1018152
:10D1C800B0B000840000000055B3FE7FB0AF1A0075
:10D1D800FFFF011A5C04CA090068048A0A0078047F
:10D1E800860A007E04DE0900A801B60800000000D7
:10D1F800C9020181B0B0AF810000000081C901817E
:10D20800B0A908B10000000015B3FE7FB0B0A800B7
:10D21800FFFF0100C9060181B0B0AD810000000028
:10D22800FDB2FE7FB0AB0800FFFF011CB00104B4E3
:10D238000600A00404AA0600A0052800009C060415
:10D24800B40600B0060C0000D5B2FE7F80C9040108
:10D25800B0B0B0ADFFFF0112820192020000CA0314
:10D26800048C0800AE04E8030000000008B1018146
:10D27800B0B0008400000000A5B2FE7FB0B0AA00E4
:10D28800FFFF010C12020000261A74007804000047
:10D29800C9010181B0B0A8800000000081B2FE7F02
:10D2A800AB08B100FFFF010848044E00520400001B
:10D2B800C90A0181B0B0A9800000000061B2FE7FF8
:10D2C80001AC0900FFFF010C8001A603D20400DCB9
:10D2D8000404000049B2FE7FB0AB0800FFFF010B59
:10D2E800488202EC0200F6020400000031B2FE7F20
:10D2F800AA80C900FFFF010BD80104C80500D205A8
:10D308000A00000019B2FE7FB0A90600FFFF010C59
:10D3180020040000380460005218000001B2FE7FAB
:10D32800B0AC0B00FFFF010A54049601009C0104F5
:10D3380000000000E9B1FE7FB0AC0B00FFFF010A5E
:10D3480066048602008C020400000000D1B1FE7F52
:10D35800B0AE0B00FFFF010B8E0104AE0300B40357
:10D368000400000081C90181B0A908B100000000D3
:10D3780008B10181B0B0008400000000C906018135
:10D38800B0B0AF830000000085C90181B0AB08B11F
:10D398000000000089B1FE7FB0B0A800FFFF0111B6
:10D3A800AA030EB80300BC03040000C2031AB803A2
:10D3B80000000000C9080181B0B0AB800000000087
:10D3C80008B10181B0B000840000000051B1FE7FB7
:10D3D800B0AA0100FFFF010B34C6018202008602D9
:10D3E8000400000039B1FE7FAB08B100FFFF01085F
:10D3F80018163E004204000025B1FE7FAB08B100BC
:10D40800FFFF0108200C540060040000C9160181C8
:10D41800B0B0AF820000000005B1FE7FB0AF0200DF
:10D42800FFFF0142FA010AEA0800BC020CDC08000E
:10D4380084031ACA0800E0030EBC08009E0404AE68
:10D448000800E00404A00800960504920800DA0524
:10D4580004840800920604F60700E40604E80700BE
:10D46800A407D80100000000B5B0FE7FB0AF2A00C5
:10D47800FFFF010F0A440000E20202B00300DE03CE
:10D488000400000008B10181B0B000840000000071
:10D4980008B10181B0B000840000000008B101812A
:10D4A800B0B000840000000008B10181B0B0008471
:10D4B8000000000008B10181B0B000840000000045
:10D4C80008B10181B0B000840000000008B10181FA
:10D4D800B0B000840000000008B10181B0B0008441
:10D4E80000000000C9030181B0B0AC80000000005A
:10D4F800C9020181B0B0A9800000000008B1018113
:10D50800B0B000840000000008B10181B0B0008410
:10D518000000000008B10181B0B0008400000000E4
:10D5280008B10181B0B000840000000008B1018199
:10D53800B0B000840000000008B10181B0B00084E0
:10D548000000000008B10181B0B0008400000000B4
:10D5580008B10181B0B000840000000008B1018169
:10D56800B0B000840000000008B10181B0B00084B0
:10D578000000000008B10181B0B000840000000084
:10D5880008B10181B0B000840000000008B1018139
:10D59800B0B000840000000008B10181B0B0008480
:10D5A8000000000008B10181B0B000840000000054
:10D5B80008B10181B0B000840000000008B1018109
:10D5C800B0B000840000000008B10181B0B0008450
:10D5D80000000000C9080181B0008480000000003C
:10D5E80008B10181B0B000840000000008B10181D9
:10D5F800B0B000840000000008B10181B0B0008420
:10D608000000000008B10181B0B0008400000000F3
:10D6180008B10181B0B000840000000008B10181A8
:10D62800B0B000840000000008B10181B0B00084EF
:10D638000000000008B10181B0B0008400000000C3
:10D6480008B10181B0B000840000000008B1018178
:10D65800B0B000840000000008B10181B0B00084BF
:10D668000000000008B10181B0B000840000000093
:10D6780008B10181B0B000840000000008B1018148
:10D68800B0B000840000000008B10181B0B000848F
:10D698000000000008B10181B0B000840000000063
:10D6A80008B10181B0B000840000000008B1018118
:10D6B800B0B000840000000008B10181B0B000845F
:10D6C8000000000008B10181B0B000840000000033
:10D6D80008B10181B0B000840000000041AEFE7FB7
:10D6E800B0AF1400FF1019011020A8070000A60809
:10D6F80004AA0801B20804000001000000000000AC
:10D708001DAEFE7F8408B101B0B0B000FF100D015E
:10D7180004020608010100000000000008B10181B0
:10D72800B0B000840000000008B10181B0B00084EE
:10D7380000000000E9ADFE7FB0AF0200FF10190144
:10D748000E320A3C017A3CBC0100C401040000010D
:10D758000000000000000000C5ADFE7FA908B10070
:10D76800FFFF010008B10181B0B000840000000093
:0CD7780008B10181B0B000840000000086
:10D78400FC2BFB7F0100000060E4FB7FB0A902805A
:10D79400F0E4FB7FB0B0A88040E5FB7F010000000F
:10D7A4004CE5FB7FB0B0AA807CE5FB7FAE75B28010
:10D7B4004CE6FB7F0100000048E6FB7FAB3F3A806C
:10D7C400A8E6FB7F01000000B0E6FB7FB0B0AA80B2
:10D7D400E8E6FB7F010000009CE7FB7FAA0FB28014
:10D7E40018E8FB7FB0AF0880B4EAFB7F01000000BB
:10D7F400B8EAFB7FAC3F0380A0EDFB7F0100000093
:10D804007CEFFB7F0084048090EFFB7F010000002D
:10D814008CEFFB7FB0AD048080F2FB7FB0A8038067
:10D82400A4F2FB7F44FFFF7FA8F2FB7F48FFFF7F4A
:10D83400B4F2FB7F0100000028F7FB7FB0A803804F
:10D84400C4F7FB7F01000000D8F7FB7FB0AF108066
:10D85400A4F8FB7FB0A80180D8F8FB7FB0AA0D80A4
:10D8640038F9FB7FB0A8018044FAFB7F0100000077
:10D874002CFBFB7F40F9FF7F68FCFB7F010000006D
:10D8840080FCFB7F3CF9FF7FACFCFB7FB0AA0180EE
:10D89400D4FEFB7F010000000C00FC7FB0B0A88028
:10D8A400AC00FC7FB0AF0A808802FC7F010000005E
:10D8B400A402FC7F18F9FF7FE807FC7F0100000049
:10D8C40004A2FC7FB0AB048078A2FC7FB0AE0780DA
:10D8D400B0A3FC7F0100000018A5FC7FB0AA07805C
:10D8E4001CA6FC7F010000003CA6FC7FB0AB0680B8
:10D8F40074A8FC7F01000000C8A9FC7FB0AE0B80B7
:10D9040064ABFC7F01000000E4ABFC7FB0A80580A1
:10D9140014ACFC7F01000000E0AEFC7FAD08B180D8
:10D9240020AFFC7F0100000094B0FC7FA908B18007
:10D93400D8B0FC7FAB08B180D4B1FC7FB0AA03801F
:10D9440048B2FC7F010000007CB4FC7FA8F8FF7F94
:10D9540068B6FC7F01000000F4B7FC7FA4F8FF7FE9
:10D96400D4B9FC7FB0A80580FCB9FC7F010000009D
:10D9740094BAFC7F98F8FF7FA0BAFC7F01000000F6
:10D98400A8BEFC7FB0A80580E4BEFC7F00840480B0
:10D994000CBFFC7F0100000058BFFC7FB0B0A88022
:10D9A400BCBFFC7FA908B18030C0FC7F010000002F
:10D9B40050C0FC7F64F8FF7FC8C2FC7F68F8FF7F1B
:10D9C40004C6FC7FB0A90280B0C6FC7FAC80C980CD
:10D9D400C4C8FC7FB0A8018044C9FC7F70F8FF7FF5
:10D9E40054CDFC7F8CF8FF7F54CDFC7F01000000F8
:10D9F400B8CFFC7FB0B0A880D4CFFC7F010000007A
:10DA0400C0D1FC7F78F8FF7F3CD2FC7FA908B180AD
:10DA140074D2FC7F01000000ECD2FC7F78F8FF7F19
:10DA240054D3FC7F01000000BCD3FC7F74F8FF7F5B
:10DA340014D4FC7FA880C980A4D4FC7F010000001A
:10DA44004CD5FC7F70F8FF7F50D6FC7FB0A90880CE
:10DA540040D7FC7FA880C980BCD7FC7F64F8FF7FD7
:10DA640028DAFC7F0100000024DBFC7F6CF8FF7FD8
:10DA7400ACDCFC7FB0B0A880F4DCFC7F74F8FF7FE2
:10DA8400ECDFFC7F0100000054E0FC7FA880C9802B
:10DA9400D4E0FC7F0100000048E1FC7FB0AA0180D3
:10DAA400BCE1FC7FB0A8018010E2FC7F0100000013
:10DAB400CCE4FC7FB0B0A88070E5FC7F01000000DE
:10DAC4006CE5FC7F00840280A4E5FC7F010000007B
:10DAD40024E6FC7F34F8FF7F90E6FC7F44F8FF7F68
:10DAE40028E7FC7F54F8FF7F38E8FC7F64F8FF7F69
:10DAF40000EAFC7FB0B0AE80ECEDFC7F01000000DA
:10DB0400A8EEFC7FA908B18000EFFC7FB0A90480D7
:10DB1400C4EFFC7F0100000078F0FC7FB0A8018016
:10DB2400C8F0FC7FB0B0A88080F1FC7F0100000049
:10DB34002CF2FC7FAC82C980CCF7FC7F0100000092
:10DB440078F8FC7F24F8FF7F64FAFC7F0100000072
:10DB5400A4FDFC7F20F8FF7FFCFDFC7F010000009A
:10DB640044FEFC7F1CF8FF7F6809FD7F0100000074
:10DB7400D00AFD7F18F8FF7F180DFD7F010000001B
:10DB8400300DFD7F14F8FF7F0C0FFD7FB0B0B08027
:10DB94000C0FFD7F24F8FF7FC00FFD7F0100000004
:10DBA4008811FD7FA881C980AC13FD7F01000000AE
:10DBB4002016FD7FB0AD08808416FD7FB0AB0280D7
:10DBC4005817FD7FB0B0A880D417FD7F0100000076
:10DBD4008019FD7FF0F7FF7F8419FD7FA908B180CC
:10DBE4009C19FD7F01000000FC19FD7FAB08B1808A
:10DBF4007C1AFD7F01000000D41AFD7FB0AF0280C3
:10DC04004C1FFD7FCCF7FF7F5820FD7F01000000F3
:10DC14005820FD7FA908B1806421FD7F0100000028
:10DC2400D421FD7FB0B0A880F021FD7FB0AF048087
:10DC34005023FD7FB4F7FF7F9423FD7FB0B0AA800B
:10DC4400F423FD7FB8F7FF7F5C24FD7FB0B0A8808C
:10DC5400AC24FD7FA908B1800425FD7FB4F7FF7FC4
:10DC6400F02EFD7F010000003C31FD7FB0F7FF7F07
:10DC7400C035FD7F01000000F839FD7FB0B0A880F9
:10DC84002C3BFD7F010000007040FD7FAB08B1809C
:10DC94003441FD7FB0B0A8807841FD7F03AB16808E
:10DCA4000042FD7FB0B0A8803842FD7FB0AB048055
:10DCB4007842FD7F010000007842FD7FB0AB048014
:10DCC400BC42FD7FB0AC03800043FD7FB0AB048059
:10DCD4009043FD7FB0AF04802844FD7FB0AB048047
:10DCE4006C44FD7FB0AA0380A844FD7FB0AB0480E0
:10DCF400A045FD7FB0A906800846FD7FB0B0A8808E
:10DD04001C46FD7FB0AB04809846FD7FB0AA058019
:10DD14000047FD7F58F7FF7F1449FD7FB0B0AC800A
:10DD2400604BFD7F01000000A04BFD7FB0A908807F
:10DD3400EC4BFD7FB0A80980244CFD7FB0AB0A807A
:10DD44007C4DFD7F01000000784DFD7FB0B0A880C0
:10DD5400D84DFD7FB0A906801C4EFD7F0100000058
:10DD64004C4EFD7FB0AF0E802C50FD7FB0B0AC8028
:10DD7400D450FD7F14F7FF7FD450FD7F18F7FF7F49
:10DD8400E450FD7F1CF7FF7FF450FD7F20F7FF7FF9
:10DD94000451FD7F010000000851FD7F1CF7FF7F47
:10DDA4001851FD7F20F7FF7F2851FD7F01000000FF
:10DDB4000856FD7FAB08B1805456FD7FB0B0AA80F1
:10DDC4006C56FD7FB0B0B0806C56FD7FB0A9028068
:10DDD4009056FD7FB0B0B0809056FD7FB0B0A88063
:10DDE400A056FD7FB0B0B080A056FD7FB0B0AA8031
:10DDF400B856FD7FB0B0B080B856FD7FB0B0AA80F1
:10DE0400D056FD7FB0B0B080D056FD7FB0B0AA80B0
:10DE1400E856FD7FB0B0B080E856FD7FB0B0AA8070
:10DE24000057FD7FB0B0B0800057FD7FA4F6FF7FA0
:10DE34000457FD7FB0B0B0800457FD7FB0B0AA8016
:10DE44001C57FD7FB0B0B0801C57FD7FB0B0AA80D6
:10DE54003457FD7FB0B0B0803457FD7FB0B0AA8096
:10DE64004C57FD7FB0B0B0804C57FD7FB0B0AA8056
:10DE74006457FD7FB0B0B0806457FD7FB0A90280C5
:10DE84008057FD7FB0B0B0808057FD7FB0B0AA80CE
:10DE94009857FD7FB0B0B0809857FD7FB0B0AA808E
:10DEA400B057FD7FB0B0B080B057FD7FB0B0AA804E
:10DEB400C857FD7FB0B0B080C857FD7FB0B0AA800E
:10DEC400E057FD7FB0B0B080E057FD7FB0B0AA80CE
:10DED400F857FD7FB0B0B080F857FD7FB0B0AA808E
:10DEE4001058FD7FB0B0B0801058FD7FB0B0AA804C
:10DEF4002858FD7FB0B0B0802858FD7FB0B0AA800C
:10DF04004058FD7FB0B0B0804058FD7FB0B0AA80CB
:10DF14005858FD7FB0B0B0805858FD7F0100000014
:10DF24002459FD7FA880C9807659FD7FA908B18056
:10DF34009459FD7FA880C980085AFD7F0100000024
:10DF4400845BFD7FB0AB0280F45BFD7FB0AE0380E9
:10DF5400B45CFD7FB0AB0280E45CFD7FB0B0B08008
:10DF6400E45CFD7FB0B0AC80385DFD7FA908B18072
:10DF7400B85DFD7FB0AC0380405FFD7F60F5FF7F3F
:10DF8400445FFD7FB0A90280805FFD7FA908B18056
:10DF9400B05FFD7FB0B0AA801860FD7FB0AC038095
:10DFA4009C60FD7F44F5FF7F3861FD7FB0AC03804A
:10DFB4002863FD7FB0AB06802C64FD7FB0AC03808A
:10DFC4005068FD7FB0AA01807C68FD7FB0B0B0804E
:10DFD4007C68FD7F20F5FF7FB868FD7FB0B0B0801E
:10DFE400B868FD7FB0AA0180E468FD7FB0B0B0805E
:10DFF400E468FD7FB0AA01801069FD7FB0B0B080F5
:10E004001069FD7FB0AA01803C69FD7FB0B0B0808B
:10E014003C69FD7FB0AA01806869FD7FB0B0B08023
:10E024006869FD7FB0AA01809469FD7FB0B0B080BB
:10E034009469FD7FB0AA0180C069FD7FB0B0B08053
:10E04400C069FD7FA880C980446AFD7F010000008B
:10E05400746AFD7FB0B0A880E06AFD7FB0B0AE8086
:10E06400206CFD7F01000000346CFD7F94F4FF7F81
:10E074003C6CFD7F01000000406CFD7F90F4FF7F4D
:10E08400486CFD7F010000004C6CFD7F8CF4FF7F29
:10E09400546CFD7F01000000546CFD7F88F4FF7F09
:10E0A4005C6CFD7F01000000846CFD7F84F4FF7FC5
:10E0B400886CFD7F010000008C6CFD7F80F4FF7F85
:10E0C400906CFD7F01000000946CFD7F7CF4FF7F69
:10E0D400986CFD7FB0B0A880A86CFD7F78F4FF7FBA
:10E0E400AC6CFD7F01000000B46CFD7F74F4FF7F15
:10E0F400BC6CFD7F01000000DC6CFD7F70F4FF7FD1
:10E10400E06CFD7F01000000E86CFD7F6CF4FF7F94
:10E11400F06CFD7F01000000F86CFD7F68F4FF7F68
:10E12400006DFD7F01000000046DFD7F64F4FF7F3E
:10E134000C6DFD7F01000000106DFD7F60F4FF7F1A
:10E14400186DFD7F010000001C6DFD7F5CF4FF7FF6
:10E15400206DFD7F01000000206DFD7F58F4FF7FDE
:10E16400286DFD7F01000000286DFD7F54F4FF7FC2
:10E17400306DFD7F01000000306DFD7F50F4FF7FA6
:10E18400386DFD7F010000006C6DFD7F4CF4FF7F56
:10E19400D8A8FD7FB0A9028034A9FD7FB0B0B080BB
:10E1A40034A9FD7FB0A8018054A9FD7FB0A90280E5
:10E1B400A8A9FD7FB0B0B080A8A9FD7FB0A9028056
:10E1C400FCA9FD7FB0B0B080FCA9FD7F0100000078
:10E1D40010AAFD7FB0A9028064AAFD7FB0B0B08010
:10E1E40064AAFD7FB0A90280B8AAFD7FB0B0B08058
:10E1F400B8AAFD7FB0A902800CABFD7FB0B0B0809F
:10E204000CABFD7FB0A9028060ABFD7FB0B0B080E5
:10E2140060ABFD7FB0A90280B4ABFD7FB0B0B0802D
:10E22400B4ABFD7FB0A9028008ACFD7FB0B0B08074
:10E2340008ACFD7FB0A902805CACFD7FB0B0B080BB
:10E244005CACFD7FB0A90280B0ACFD7FB0B0B08003
:10E25400B0ACFD7FB0A9028004ADFD7FB0B0B0804A
:10E2640004ADFD7F0100000008ADFD7F78F3FF7F62
:10E2740010ADFD7F0100000014ADFD7F74F3FF7F3E
:10E284001CADFD7F0100000020ADFD7F70F3FF7F1A
:10E2940028ADFD7F0100000028ADFD7F6CF3FF7FFA
:10E2A40030ADFD7F0100000058ADFD7F68F3FF7FB6
:10E2B4005CADFD7F0100000060ADFD7F64F3FF7F76
:10E2C40064ADFD7F0100000068ADFD7F60F3FF7F5A
:10E2D4006CADFD7FB0B0A8807CADFD7F5CF3FF7FAB
:10E2E40080ADFD7F0100000088ADFD7F58F3FF7F06
:10E2F40090ADFD7F01000000B0ADFD7F54F3FF7FC2
:10E30400B4ADFD7F01000000BCADFD7F50F3FF7F85
:10E31400C4ADFD7F01000000CCADFD7F4CF3FF7F59
:10E32400D4ADFD7F01000000D8ADFD7F48F3FF7F31
:10E33400E0ADFD7F01000000E4ADFD7F44F3FF7F0D
:10E34400ECADFD7F01000000F0ADFD7F40F3FF7FE9
:10E35400F4ADFD7F01000000F4ADFD7F3CF3FF7FD1
:10E36400FCADFD7F01000000FCADFD7F38F3FF7FB5
:10E3740004AEFD7F0100000004AEFD7F34F3FF7F97
:10E384000CAEFD7F0100000078B0FD7FB0AC0F80C3
:10E39400A842FE7F01000000B842FE7FB0A90280BF
:10E3A400D844FE7F01000000985EFE7FB0B0AA80D2
:10E3B400B05EFE7FB0B0A880C05EFE7FB0B0AA8021
:10E3C400F85EFE7FB0A90280145FFE7FB0B0AA8021
:10E3D4002C5FFE7F01000000285FFE7FB0A9028051
:10E3E400705FFE7FB0AD16802462FE7FB0AD1880F2
:10E3F4008463FE7FB0A908800864FE7FB0A805800E
:10E404003064FE7F01000000B464FE7FB0AF128070
:10E414009865FE7F010000009C65FE7FB0AD16800C
:10E42400EC66FE7FB0AE2B80C86BFE7FB0B0AA80D6
:10E43400946CFE7FAB3F0880246DFE7FAA05B280FA
:10E44400BC6DFE7FB0AA0580006FFE7FB0A9068078
:10E45400886FFE7FB0A90280D070FE7FB0AD1880B7
:10E464009472FE7FB0AD1A804C74FE7FB0AD1680FE
:10E474009C75FE7FB0AA0180F475FE7F0100000048
:10E484000886FE7FAD3F04807C87FE7FB0AE0780A8
:10E49400C888FE7F010000001089FE7FB0A90680B5
:10E4A4008089FE7FB0AB0480D889FE7FB0AA058046
:10E4B4009C8AFE7F01000000E48AFE7FB0A90880E8
:10E4C4005C8BFE7F01000000A48BFE7FB0AF0C804C
:10E4D400848DFE7FB0A90680D88DFE7F01000000E8
:10E4E400EC8DFE7FD8F1FF7F248EFE7F01000000BB
:10E4F4001C8FFE7FB0B0AA80A48FFE7F01000000B5
:10E504001490FE7FB0B0AC808C90FE7FBCF1FF7F96
:10E51400AC90FE7F01000000D490FE7FB0AF10806D
:10E52400A892FE7F010000003093FE7FB0AB048010
:10E53400B893FE7FB0AA01804894FE7FB0AF0A80F2
:10E54400AC96FE7F01000000F896FE7FB0A805801F
:10E554002497FE7F010000007C98FE7FB0AA038010
:10E56400A898FE7F010000006C99FE7FB0AC098082
:10E57400349AFE7F01000000609CFE7FB0AB0280F5
:10E58400089DFE7F01000000049EFE7FB0B0AA80BB
:10E59400BC9EFE7F40F1FF7FF89EFE7FAB08B180FA
:10E5A400809FFE7F3CF1FF7FB8A3FE7F58F1FF7F81
:10E5B400C0A3FE7F01000000CCA3FE7F64F1FF7FB7
:10E5C400CCA3FE7F68F1FF7FD8A3FE7F010000008B
:10E5D400F0A3FE7FB0B0A8802CA4FE7F0100000051
:10E5E40068A4FE7FB0B0AA8094A4FE7FB0B0A880D7
:10E5F400FCA4FE7F01000000E4A5FE7FB0B0AC8067
:10E6040008A6FE7F0100000064A6FE7FB0AF028072
:10E61400DCA6FE7FB0AF128094AAFE7FB0AF088064
:10E62400CCABFE7F0100000024ACFE7F0CF1FF7F29
:10E63400F0ACFE7F28F1FF7F64ADFE7F0100000097
:10E644002D9403082902000859DB0008550B020821
:10E65400B11702087D280308715A030821730308BF
:08E66400797C0308D180030852
:04E66C00010200089F
:10E670000000000306380000000000000000000059
:10E68000000000000000000000000000000000008A
:10E69000000000000000000000000000000000007A
:10E6A000000000000000000000000000000000006A
:10E6B000000000000000000000000000000000005A
:10E6C000000000000000000000000000000000004A
:10E6D000000000000000000000000000000000003A
:10E6E000000000000000000000000000000000002A
:10E6F000000000000000000000000000000000001A
:10E700000000000000000000000000000000000009
:10E7100000000000000000000000000000000000F9
:10E7200000000000000000000000000000000000E9
:10E7300000000000000000000000000000000000D9
:10E7400000000000000000000000000000000000C9
:10E7500000000000000000000000000000000000B9
:10E7600000000000000000000000000000000000A9
:10E770000000000000000000000000000000000099
:10E780000000000000000000000000000000000089
:10E790000000000000000000000000000000000079
:10E7A0000000000000000000000000000000000069
:10E7B0000000000000000000000000000000000059
:10E7C0000000000000000000000000000000000049
:10E7D0000000000000000000000000000000000039
:10E7E0000000000000000000000000000000000029
:10E7F0000000000000000000000000000000000019
:10E800000000000000000000000000000000000008
:10E8100000000000000000000000000000000000F8
:10E8200000000000000000000000000000000000E8
:10E8300000000000000000000000000000000000D8
:10E8400000000000000000000000000000000000C8
:10E8500000000000000000000000000000000000B8
:10E8600000000000000000000000000000000000A8
:10E870000000000000000000000000000000000098
:10E880000000000000000000200200200000000046
:10E8900000000000640E0020CC0E0020340F002089
:10E8A0000000000000000000000000000000000068
:10E8B0000000000000000000000000000000000058
:10E8C0000000000000000000000000000000000048
:10E8D0000000000000000000000000000000000038
:10E8E0000000000000000000000000000000000028
:10E8F0000000000000000000000000000000000018
:10E900000000000000000000000000000000000007
:10E9100000000000000000000000000000000000F7
:10E9200000000000000000000100000000000000E6
:10E930000E33CDAB34126DE6ECDE05000B000000AB
:10E9400000000000000000000000000000000000C7
:10E9500000000000000000000000000000000000B7
:10E9600000000000000000000000000000000000A7
:10E970000000000000000000000000000000000097
:10E980000000000000000000000000000000000087
:10E990000000000000000000000000000000000077
:10E9A0000000000000000000000000000000000067
:10E9B0000000000003000000640E0020430000007F
:10E9C0000000000000000000000000000000000047
:10E9D00000000000000000000000000043000000F4
:10E9E0000000000000000000000000000000000027
:10E9F00000000000000000000000000043000000D4
:10EA00000000000000000000000000000000000006
:10EA100000000000000000000000000043000000B3
:10EA200000000000000000000000000000000000E6
:10EA30000000000000000000000000004300000093
:10EA400000000000000000000000000000000000C6
:10EA50000000000000000000000000004300000073
:10EA600000000000000000000000000000000000A6
:10EA70000000000000000000000000004300000053
:10EA80000000000000000000000000000000000086
:10EA9000000000000000000000000000218B0008C2
:10EAA000156E00080000000058960308C0B803085F
:10EAB00098B9030898B9030898B9030898B90308E6
:10EAC00098B9030898B9030898B9030898B90308D6
:10EAD00098B90308FFFFFFFFFFFFFFFFFFFFFFFFE6
:10EAE000FFFF0000010041534349490000000000BE
:10EAF0000000000000000000000000000000000016
:10EB0000000000000000415343494900000000009C
:10EB100000000000000000000000000000000000F5
:10EB20000000000000000000A00F00200000000016
:10EB30000000000000000000C0040020C00400200D
:10EB4000C8040020C8040020D0040020D004002005
:10EB5000D8040020D8040020E0040020E0040020B5
:10EB6000E8040020E8040020F0040020F004002065
:10EB7000F8040020F8040020000500200005002013
:10EB800008050020080500201005002010050020C1
:10EB90001805002018050020200500202005002071
:10EBA0002805002028050020300500203005002021
:10EBB00038050020380500204005002040050020D1
:10EBC0004805002048050020500500205005002081
:10EBD0005805002058050020600500206005002031
:10EBE00068050020680500207005002070050020E1
:10EBF0007805002078050020800500208005002091
:10EC00008805002088050020900500209005002040
:10EC10009805002098050020A0050020A0050020F0
:10EC2000A8050020A8050020B0050020B0050020A0
:10EC3000B8050020B8050020C0050020C005002050
:10EC4000C8050020C8050020D0050020D005002000
:10EC5000D8050020D8050020E0050020E0050020B0
:10EC6000E8050020E8050020F0050020F005002060
:10EC7000F8050020F805002000060020000600200E
:10EC800008060020080600201006002010060020BC
:10EC9000180600201806002020060020200600206C
:10ECA000280600202806002030060020300600201C
:10ECB00038060020380600204006002040060020CC
:10ECC000480600204806002050060020500600207C
:10ECD000580600205806002060060020600600202C
:10ECE00068060020680600207006002070060020DC
:10ECF000780600207806002080060020800600208C
:10ED0000880600208806002090060020900600203B
:10ED10009806002098060020A0060020A0060020EB
:10ED2000A8060020A8060020B0060020B00600209B
:10ED3000B8060020B8060020C0060020C00600204B
:10ED4000C8060020C8060020D0060020D0060020FB
:10ED5000D8060020D8060020E0060020E0060020AB
:10ED6000E8060020E8060020F0060020F00600205B
:10ED7000F8060020F8060020000700200007002009
:10ED800008070020080700201007002010070020B7
:10ED90001807002018070020200700202007002067
:10EDA0002807002028070020300700203007002017
:10EDB00038070020380700204007002040070020C7
:10EDC0004807002048070020500700205007002077
:10EDD0005807002058070020600700206007002027
:10EDE00068070020680700207007002070070020D7
:10EDF0007807002078070020800700208007002087
:10EE00008807002088070020900700209007002036
:10EE10009807002098070020A0070020A0070020E6
:10EE2000A8070020A8070020B0070020B007002096
:10EE3000B8070020B8070020C0070020C007002046
:10EE4000C8070020C8070020D0070020D0070020F6
:10EE5000D8070020D8070020E0070020E0070020A6
:10EE6000E8070020E8070020F0070020F007002056
:10EE7000F8070020F8070020000800200008002004
:10EE800008080020080800201008002010080020B2
:10EE90001808002018080020200800202008002062
:10EEA0002808002028080020300800203008002012
:10EEB00038080020380800204008002040080020C2
:10EEC0004808002048080020500800205008002072
:10EED0005808002058080020600800206008002022
:10EEE00068080020680800207008002070080020D2
:10EEF0007808002078080020800800208008002082
:10EF00008808002088080020900800209008002031
:10EF10009808002098080020A0080020A0080020E1
:10EF2000A8080020A8080020B0080020B008002091
:10EF3000B8080020B8080020FFFFFFFF0000020013
:10EF4000AAAAAAAA00000000FF000000000000001A
:10EF5000FF00000000000000FF00000004000000AF
:10EF6000080000000A00000002000000000000008D
:10EF7000FF00000004000000080000000A0000007C
:10EF80000200000000000000FF000000050000007B
:10EF9000070000000A00000002000000000000005E
:10EFA000FF00000005000000070000000A0000004C
:10EFB0000200000000000000FF0000000000000050
:10EFC000FF00000000000000FF0000000000000043
:10EFD000FF00000000000000FF0000000000000033
:10EFE000FF00000000000000FF0000000000000023
:10EFF000FF00000000000000FF0000000000000013
:10F00000FF00000000000000FF0000000000000002
:10F01000FF00000000000000FF0000000B000000E7
:10F020000200000000000000FF00000000000000DF
:10F03000FF0000000B0000000200000000000000C4
:10F04000FF00000000000000FF00000000000000C2
:10F05000FF00000000000000FF00000000000000B2
:10F06000FF00000008000000040000000C00000089
:10F070000200000000000000FF0000000800000087
:10F08000040000000C00000002000000000000006E
:10F09000FF00000000000000FF0000000000000072
:10F0A000FF00000000000000FF000000070000005B
:10F0B000090000000800000004000000000000003B
:10F0C000FF00000007000000090000000800000029
:10F0D0000400000000000000FF000000000000002D
:10F0E00032000000000000000000000000000000EE
:10F0F0000000000000000000000000000000000010
:10F1000000000000000000000000000032000000CD
:10F1100000000000000000000000000000000000EF
:10F1200000000000000000000000000000000000DF
:10F13000000000000000000032000000000000009D
:10F1400000000000000000000000000000000000BF
:10F1500000000000000000000000000000000000AF
:10F16000000000003200000000000000000000006D
:10F17000000000000000000000000000000000008F
:10F18000000000000000000000000000309A002095
:10F19000709A002071F0000859F0000889F000080A
:10F1A0004DF00008000000000403090412010002F1
:10F1B000EF0201400912320D0003010203010000B9
:10F1C000A1F40008ADF40008B9F40008F1F4000857
:10F1D000D5F400080DF5000829F5000812034D00CC
:10F1E0005300460054003100300030005000000051
:10F1F0000064004008000000000000000000000360
:10F2000000000F00000030000001010100000000BC
:10F2100000000000000000000024F40001000000D5
:10F2200009026A00030100C032080B000202020159
:10F23000000904000001020201000524001001057C
:10F2400024010001042402020524060001070582AE
:10F250000308001009040100020A0000000705016C
:10F260000240000007058102400000080B02010077
:10F270000000060904020002000100000705030265
:10F28000400000070583024000000000A979010842
:10F290004D790108697801080000000071770108C4
:10F2A000F5770108B57701080000000000000000B4
:10F2B00000000000417A01089D770108357A0108B5
:10F2C000A977010845F500080A0600020000004081
:10F2D0000100000000F8012060FA00200100000099
:10F2E000BFD99941000040410000404100000000AA
:10F2F0000A000000004000000002000000000C08AE
:10F3000000000C08000000000B000000004000009E
:10F310000002000000000E0800000E0875890308B6
:04F32000550C000880
:040000050800CB61C3
:00000001FF
